locality,street,rooms,area,price_total_zl,price_sqm_zl,owner_type,date_posted,photo_count,url,image_url
Warszawa Ochota,ul. Włodarzewska 57E,2,55,1190000,21636,bez pośredników,,35,https://adresowo.pl/o/mieszkanie-warszawa-ochota-ul-wlodarzewska-2-pokojowe-p4g4z9,https://s2.adresowa.pl/oi/28/5b/3b53b8_9c3b_cover@2x-2-pokojowe-mieszkanie-warszawa-ochota-ul-wlodarzewska.webp
Warszawa Grochów,ul. Boremlowska,3,50,1200000,24000,bez pośredników,,13,https://adresowo.pl/o/mieszkanie-warszawa-grochow-ul-boremlowska-3-pokojowe-b1j0s4,https://s2.adresowa.pl/oi/28/3c/411522_d4c7_cover@2x-3-pokojowe-mieszkanie-warszawa-grochow-ul-boremlowska.webp
Warszawa Rembertów,ul. Bombardierów,2,51,890000,17451,bez pośredników,,8,https://adresowo.pl/o/mieszkanie-warszawa-rembertow-ul-bombardierow-2-pokojowe-w7u4w5,https://s2.adresowa.pl/oi/65/4a/4114dc_8852_cover@2x-2-pokojowe-mieszkanie-warszawa-rembertow-ul-bombardierow.webp
Warszawa Białołęka,ul. Głębocka,2,31,zapytaj,,bez pośredników,,+38 podobnych ofert,https://adresowo.pl/o/mieszkanie-warszawa-bialoleka-ul-glebocka-2-pokojowe-a3c0o7,https://s2.adresowa.pl/development/673554/nowe-mieszkania-glebocka-vita-d2cc_cover.jpg
Warszawa Żoliborz,ul. Zygmunta Krasińskiego 33,3,52,819000,15750,Pośrednik,,9,https://adresowo.pl/o/mieszkanie-warszawa-zoliborz-ul-zygmunta-krasinskiego-3-pokojowe-r9o3e2,https://s2.adresowa.pl/oi/6f/10/4115c4_abaa_cover@2x-3-pokojowe-mieszkanie-warszawa-zoliborz-ul-zygmunta-krasinskiego.webp
Warszawa Wilanów,ul. Wilanowska 5,3,71,1399000,19704,Pośrednik,,18,https://adresowo.pl/o/mieszkanie-warszawa-wilanow-ul-wilanowska-3-pokojowe-b6k6v1,https://s2.adresowa.pl/oi/75/7e/411502_3ff8_cover@2x-3-pokojowe-mieszkanie-warszawa-wilanow-ul-wilanowska.webp
Warszawa Rembertów,"al. gen. Antoniego Chruściela ""Montera""",2,51,990000,19412,bez pośredników,,8,https://adresowo.pl/o/mieszkanie-warszawa-rembertow-al-gen-antoniego-chrusciela-montera-2-pokojowe-z5z3g2,https://s2.adresowa.pl/oi/33/2b/41144c_e745_cover@2x-2-pokojowe-mieszkanie-warszawa-rembertow-al-gen-antoniego-chrusciela-montera-.webp
Warszawa Białołęka,ul. Skarbka z Gór,3,46,779000,16935,bez pośredników,,20,https://adresowo.pl/o/mieszkanie-warszawa-bialoleka-ul-skarbka-z-gor-3-pokojowe-i4w7e9,https://s2.adresowa.pl/oi/37/38/411448_6bb1_cover@2x-3-pokojowe-mieszkanie-warszawa-bialoleka-ul-skarbka-z-gor.webp
Warszawa Chrzanów,ul. Szeligowska,2,35,zapytaj,,bez pośredników,,+112 podobnych ofert,https://adresowo.pl/o/mieszkanie-warszawa-chrzanow-ul-szeligowska-2-pokojowe-x6d5q9,https://s2.adresowa.pl/development/671220/nowe-mieszkania-bemowo-vita-c525_cover.jpg
Warszawa Włochy,ul. Tumska,3,58,850000,14655,Pośrednik,,15,https://adresowo.pl/o/mieszkanie-warszawa-wlochy-ul-tumska-3-pokojowe-t1r5n5,https://s2.adresowa.pl/oi/16/3d/411500_42b8_cover@2x-3-pokojowe-mieszkanie-warszawa-wlochy-ul-tumska.webp
Warszawa Służewiec,ul. Puławska,2,71,1430000,20141,Pośrednik,,22,https://adresowo.pl/o/mieszkanie-warszawa-sluzewiec-ul-pulawska-2-pokojowe-h7g2a7,https://s2.adresowa.pl/oi/6f/36/4114ee_b3a9_cover@2x-2-pokojowe-mieszkanie-warszawa-sluzewiec-ul-pulawska.webp
Warszawa Ochota,ul. Winnicka,3,60,zapytaj,,bez pośredników,,3,https://adresowo.pl/o/mieszkanie-warszawa-ochota-ul-winnicka-3-pokojowe-e6i3z6,https://s2.adresowa.pl/oi/60/1f/410d74_2da7_cover@2x-3-pokojowe-mieszkanie-warszawa-ochota-ul-winnicka.webp
Warszawa Targówek,ul. Borzymowska,4,73,1700000,23288,bez pośredników,,22,https://adresowo.pl/o/mieszkanie-warszawa-targowek-ul-borzymowska-4-pokojowe-e8j4f7,https://s2.adresowa.pl/oi/38/5b/411398_5740_cover@2x-4-pokojowe-mieszkanie-warszawa-targowek-ul-borzymowska.webp
Warszawa Skorosze,ul. Świętej Rodziny,2,42,zapytaj,,bez pośredników,,+84 podobne oferty,https://adresowo.pl/o/mieszkanie-warszawa-skorosze-ul-swietej-rodziny-2-pokojowe-p1e8k6,https://s2.adresowa.pl/development/673804/nowe-mieszkania-skorosze-vita-4e9_cover.jpg
Warszawa Wilanów,ul. Sarmacka 20,2,52,910000,17500,Pośrednik,,13,https://adresowo.pl/o/mieszkanie-warszawa-wilanow-ul-sarmacka-2-pokojowe-y0n0y2,https://s2.adresowa.pl/oi/7e/32/4114d2_59af_cover@2x-2-pokojowe-mieszkanie-warszawa-wilanow-ul-sarmacka.webp
Warszawa Bemowo,ul. Narwik,2,48,808000,16833,Pośrednik,,7,https://adresowo.pl/o/mieszkanie-warszawa-bemowo-ul-narwik-2-pokojowe-k2j0e4,https://s2.adresowa.pl/oi/40/1e/411372_af0f_cover@2x-2-pokojowe-mieszkanie-warszawa-bemowo-ul-narwik.webp
Warszawa Wola,ul. Józefa Sowińskiego,2,49,1050000,21429,bez pośredników,,6,https://adresowo.pl/o/mieszkanie-warszawa-wola-ul-jozefa-sowinskiego-2-pokojowe-w9f7z5,https://s2.adresowa.pl/oi/12/27/4113ba_ff4f_cover@2x-2-pokojowe-mieszkanie-warszawa-wola-ul-jozefa-sowinskiego.webp
Warszawa Praga-Południe,ul. gen. Tadeusza Bora-Komorowskiego,2,38,755000,19868,bez pośredników,,21,https://adresowo.pl/o/mieszkanie-warszawa-praga-poludnie-ul-gen-tadeusza-bora-komorowskiego-2-pokojowe-x3h1u7,https://s2.adresowa.pl/oi/5c/34/411360_304c_cover@2x-2-pokojowe-mieszkanie-warszawa-praga-poludnie-ul-gen-tadeusza-bora-komorowskiego.webp
Warszawa Praga-Południe,ul. Podskarbińska,2,39,zapytaj,,bez pośredników,,+66 podobnych ofert,https://adresowo.pl/o/mieszkanie-warszawa-praga-poludnie-ul-podskarbinska-2-pokojowe-a6x7f6,https://s2.adresowa.pl/development/671216/nowe-mieszkania-aleje-praskie-951e_cover.jpg
Warszawa Wilanów,ul. Syta,4,135,2420000,17926,Pośrednik,,23,https://adresowo.pl/o/mieszkanie-warszawa-wilanow-ul-syta-4-pokojowe-u1w2f6,https://s2.adresowa.pl/oi/34/38/41136e_9dbc_cover@2x-4-pokojowe-mieszkanie-warszawa-wilanow-ul-syta.webp
Warszawa Wilanów,ul. Franciszka Klimczaka,4,120,2250000,18750,Pośrednik,,20,https://adresowo.pl/o/mieszkanie-warszawa-wilanow-ul-franciszka-klimczaka-4-pokojowe-w8p2n8,https://s2.adresowa.pl/oi/72/3c/41136c_aeac_cover@2x-4-pokojowe-mieszkanie-warszawa-wilanow-ul-franciszka-klimczaka.webp
Warszawa Sadyba,ul. Bolesława Limanowskiego,2,45,869000,19311,bez pośredników,,11,https://adresowo.pl/o/mieszkanie-warszawa-sadyba-ul-boleslawa-limanowskiego-2-pokojowe-q0q3q6,https://s2.adresowa.pl/oi/33/77/41129a_8f1d_cover@2x-2-pokojowe-mieszkanie-warszawa-sadyba-ul-boleslawa-limanowskiego.webp
Warszawa Targówek,ul. Remiszewska,2,46,599000,13022,bez pośredników,,19,https://adresowo.pl/o/mieszkanie-warszawa-targowek-ul-remiszewska-2-pokojowe-y8k5p0,https://s2.adresowa.pl/oi/6c/47/411288_3e09_cover@2x-2-pokojowe-mieszkanie-warszawa-targowek-ul-remiszewska.webp
Warszawa Białołęka,ul. Ruskowy Bród,2,34,zapytaj,,bez pośredników,,+32 podobne oferty,https://adresowo.pl/o/mieszkanie-warszawa-bialoleka-ul-ruskowy-brod-2-pokojowe-m2u5b4,https://s2.adresowa.pl/development/672198/nowe-mieszkania-aroniowa-vita-2fe5_cover.jpg
Warszawa Wilanów,al. Rzeczypospolitej 27B,2,41,885000,21585,Pośrednik,,16,https://adresowo.pl/o/mieszkanie-warszawa-wilanow-al-rzeczypospolitej-2-pokojowe-m2v2f2,https://s2.adresowa.pl/oi/18/15/4112a6_9834_cover@2x-2-pokojowe-mieszkanie-warszawa-wilanow-al-rzeczypospolitej.webp
Warszawa Dolny Mokotów,ul. Podchorążych,4,66,985000,14924,Pośrednik,,11,https://adresowo.pl/o/mieszkanie-warszawa-dolny-mokotow-ul-podchorazych-4-pokojowe-i9k8c2,https://s2.adresowa.pl/oi/4b/1b/411280_5e47_cover@2x-4-pokojowe-mieszkanie-warszawa-dolny-mokotow-ul-podchorazych.webp
Warszawa Mokotów,ul. Chełmska,2,32,650000,20312,bez pośredników,,5,https://adresowo.pl/o/mieszkanie-warszawa-mokotow-ul-chelmska-2-pokojowe-m3e9c3,https://s2.adresowa.pl/oi/5a/4c/411200_5c19_cover@2x-2-pokojowe-mieszkanie-warszawa-mokotow-ul-chelmska.webp
Warszawa Włochy,ul. Starowiejska,1,16,299000,18688,bez pośredników,,10,https://adresowo.pl/o/mieszkanie-warszawa-wlochy-ul-starowiejska-1-pokoj-x1j3d4,https://s2.adresowa.pl/oi/3c/5e/411212_5727_cover@2x-1-pokojowe-mieszkanie-warszawa-wlochy-ul-starowiejska.webp
Warszawa Bemowo,ul. Szeligowska,2,44,zapytaj,,bez pośredników,,+36 podobnych ofert,https://adresowo.pl/o/mieszkanie-warszawa-bemowo-ul-szeligowska-2-pokojowe-f5t9b8,https://s2.adresowa.pl/development/671976/nowe-mieszkania-m-bemowo-77b6_cover.jpg
Warszawa Białołęka,ul. Mirabelki,3,55,742000,13491,Pośrednik,,12,https://adresowo.pl/o/mieszkanie-warszawa-bialoleka-ul-mirabelki-3-pokojowe-l8l4g8,https://s2.adresowa.pl/oi/76/43/41126a_676c_cover@2x-3-pokojowe-mieszkanie-warszawa-bialoleka-ul-mirabelki.webp
Warszawa Kabaty,ul. Ekologiczna,5,128,1999000,15617,Pośrednik,,27,https://adresowo.pl/o/mieszkanie-warszawa-kabaty-ul-ekologiczna-5-pokojowe-t4o7u7,https://s2.adresowa.pl/oi/60/25/41124c_3d05_cover@2x-5-pokojowe-mieszkanie-warszawa-kabaty-ul-ekologiczna.webp
Warszawa Ursynów,al. Komisji Edukacji Narodowej,3,76,1555555,20468,bez pośredników,,19,https://adresowo.pl/o/mieszkanie-warszawa-ursynow-al-komisji-edukacji-narodowej-3-pokojowe-y9q3s8,https://s2.adresowa.pl/oi/50/5d/4111b4_c7d8_cover@2x-3-pokojowe-mieszkanie-warszawa-ursynow-al-komisji-edukacji-narodowej.webp
Warszawa Okęcie,ul. Komitetu Obrony Robotników,3,46,639000,13891,bez pośredników,,21,https://adresowo.pl/o/mieszkanie-warszawa-okecie-ul-komitetu-obrony-robotnikow-3-pokojowe-u6z0l3,https://s2.adresowa.pl/oi/17/2d/4111ac_8056_cover@2x-3-pokojowe-mieszkanie-warszawa-okecie-ul-komitetu-obrony-robotnikow.webp
Warszawa Praga-Północ,ul. Kijowska,2,47,zapytaj,,bez pośredników,,+33 podobne oferty,https://adresowo.pl/o/mieszkanie-warszawa-praga-polnoc-ul-kijowska-2-pokojowe-t5r8x4,https://s2.adresowa.pl/development/673100/nowe-mieszkania-kijowska-vita-ea74_cover.jpg
Warszawa Białołęka,ul. Mirabelki 5,2,47,657000,13979,Pośrednik,,13,https://adresowo.pl/o/mieszkanie-warszawa-bialoleka-ul-mirabelki-2-pokojowe-b8h4m8,https://s2.adresowa.pl/oi/59/70/41124a_422d_cover@2x-2-pokojowe-mieszkanie-warszawa-bialoleka-ul-mirabelki.webp
Warszawa Białołęka,ul. Mirabelki 5,2,36,535000,14861,Pośrednik,,12,https://adresowo.pl/o/mieszkanie-warszawa-bialoleka-ul-mirabelki-2-pokojowe-b3l3f5,https://s2.adresowa.pl/oi/73/70/411240_3fb1_cover@2x-2-pokojowe-mieszkanie-warszawa-bialoleka-ul-mirabelki.webp
Warszawa Białołęka,ul. Kościeszów,3,55,1100000,20000,bez pośredników,,8,https://adresowo.pl/o/mieszkanie-warszawa-bialoleka-ul-koscieszow-3-pokojowe-d1v5l8,https://s2.adresowa.pl/oi/65/3a/41119c_af60_cover@2x-3-pokojowe-mieszkanie-warszawa-bialoleka-ul-koscieszow.webp
Warszawa Bemowo,ul. Podgrodzie,2,37,zapytaj,,bez pośredników,,+26 podobnych ofert,https://adresowo.pl/o/mieszkanie-warszawa-bemowo-ul-podgrodzie-2-pokojowe-h6g1e9,https://s2.adresowa.pl/development/671978/nowe-mieszkania-viva-cite-1628_cover.jpg
Warszawa Mokotów,ul. Cybernetyki 17,2,61,1199370,19662,Pośrednik,,18,https://adresowo.pl/o/mieszkanie-warszawa-mokotow-ul-cybernetyki-2-pokojowe-t3c8q8,https://s2.adresowa.pl/oi/10/2a/41123e_4f9e_cover@2x-2-pokojowe-mieszkanie-warszawa-mokotow-ul-cybernetyki.webp
Warszawa Bielany,ul. Antoniego Magiera,2,38,693000,18237,Pośrednik,,17,https://adresowo.pl/o/mieszkanie-warszawa-bielany-ul-antoniego-magiera-2-pokojowe-f1t1z7,https://s2.adresowa.pl/oi/20/4e/410dd4_47aa_cover@2x-2-pokojowe-mieszkanie-warszawa-bielany-ul-antoniego-magiera.webp
Warszawa Wilanów,al. Rzeczypospolitej,2,41,920000,22439,bez pośredników,,16,https://adresowo.pl/o/mieszkanie-warszawa-wilanow-al-rzeczypospolitej-2-pokojowe-t5o3s2,https://s2.adresowa.pl/oi/4c/76/401ef0_d386_cover@2x-2-pokojowe-mieszkanie-warszawa-wilanow-al-rzeczypospolitej.webp
Warszawa Białołęka,ul. Strumykowa,3,86,1100000,12791,bez pośredników,,17,https://adresowo.pl/o/mieszkanie-warszawa-bialoleka-ul-strumykowa-3-pokojowe-n9r1m9,https://s2.adresowa.pl/oi/6c/7d/4110e0_f780_cover@2x-3-pokojowe-mieszkanie-warszawa-bialoleka-ul-strumykowa.webp
Warszawa Śródmieście,ul. Grzybowska,2,27,670000,24815,bez pośredników,,11,https://adresowo.pl/o/mieszkanie-warszawa-srodmiescie-ul-grzybowska-2-pokojowe-r5r6c6,https://s2.adresowa.pl/oi/41/67/4110e2_7968_cover@2x-2-pokojowe-mieszkanie-warszawa-srodmiescie-ul-grzybowska.webp
Warszawa Bemowo,ul. Sochaczewska,2,46,zapytaj,,bez pośredników,,+69 podobnych ofert,https://adresowo.pl/o/mieszkanie-warszawa-bemowo-ul-sochaczewska-2-pokojowe-j6l0n2,https://s2.adresowa.pl/development/672892/nowe-mieszkania-sochaczewska-vita-c27d_cover.jpg
Warszawa,Wilanów,3,97,2760000,28454,Pośrednik,,26,https://adresowo.pl/o/mieszkanie-warszawa-wilanow-3-pokojowe-97-m2-p9j1x3,https://s2.adresowa.pl/oi/21/32/410dbc_e534_cover@2x-3-pokojowe-mieszkanie-warszawa-wilanow.webp
Warszawa Ursynów,al. Komisji Edukacji Narodowej 36,2,54,1149000,21278,Pośrednik,,20,https://adresowo.pl/o/mieszkanie-warszawa-ursynow-al-komisji-edukacji-narodowej-2-pokojowe-y2l5k5,https://s2.adresowa.pl/oi/18/5e/410daa_ee47_cover@2x-2-pokojowe-mieszkanie-warszawa-ursynow-al-komisji-edukacji-narodowej.webp
Warszawa Śródmieście,ul. Marszałkowska,1,32,1050000,32812,bez pośredników,,15,https://adresowo.pl/o/mieszkanie-warszawa-srodmiescie-ul-marszalkowska-1-pokoj-u0p5q1,https://s2.adresowa.pl/oi/3e/28/4110cc_4123_cover@2x-1-pokojowe-mieszkanie-warszawa-srodmiescie-ul-marszalkowska.webp
Warszawa Wilanów,ul. Księdza Prymasa Augusta Hlonda,2,51,1118000,21922,bez pośredników,,15,https://adresowo.pl/o/mieszkanie-warszawa-wilanow-ul-ksiedza-prymasa-augusta-hlonda-2-pokojowe-c2s5l1,https://s2.adresowa.pl/oi/59/39/4110c2_4df3_cover@2x-2-pokojowe-mieszkanie-warszawa-wilanow-ul-ksiedza-prymasa-augusta-hlonda.webp
Warszawa Włochy,ul. Trzcinowa,2,36,zapytaj,,bez pośredników,,+28 podobnych ofert,https://adresowo.pl/o/mieszkanie-warszawa-wlochy-ul-trzcinowa-2-pokojowe-t7c0k1,https://s2.adresowa.pl/development/671574/nowe-mieszkania-trzcinowa-vita-1475_cover.jpg
Warszawa Bemowo,ul. Lazurowa,2,59,925000,15678,Pośrednik,,17,https://adresowo.pl/o/mieszkanie-warszawa-bemowo-ul-lazurowa-2-pokojowe-h3w0n5,https://s2.adresowa.pl/oi/6f/3c/410cb6_6621_cover@2x-2-pokojowe-mieszkanie-warszawa-bemowo-ul-lazurowa.webp
Warszawa Ursus,ul. Elżbiety Rakuszanki,2,45,724000,16089,Pośrednik,,7,https://adresowo.pl/o/mieszkanie-warszawa-ursus-ul-elzbiety-rakuszanki-2-pokojowe-s7y8z8,https://s2.adresowa.pl/oi/1c/6c/410c9e_497f_cover@2x-2-pokojowe-mieszkanie-warszawa-ursus-ul-elzbiety-rakuszanki.webp
Warszawa Żoliborz,ul. Zygmunta Krasińskiego,1,34,750000,22059,bez pośredników,,16,https://adresowo.pl/o/mieszkanie-warszawa-zoliborz-ul-zygmunta-krasinskiego-1-pokoj-c2d5z4,https://s2.adresowa.pl/oi/2c/24/411076_3b33_cover@2x-1-pokojowe-mieszkanie-warszawa-zoliborz-ul-zygmunta-krasinskiego.webp
Warszawa Ursus,ul. Kolorowa,2,47,999000,21255,bez pośredników,,18,https://adresowo.pl/o/mieszkanie-warszawa-ursus-ul-kolorowa-2-pokojowe-w3o5m3,https://s2.adresowa.pl/oi/32/3f/41107c_d33a_cover@2x-2-pokojowe-mieszkanie-warszawa-ursus-ul-kolorowa.webp
Warszawa Włochy,al. Krakowska,2,37,zapytaj,,bez pośredników,,+8 podobnych ofert,https://adresowo.pl/o/mieszkanie-warszawa-wlochy-al-krakowska-2-pokojowe-f5l1w8,https://s2.adresowa.pl/development/671222/nowe-mieszkania-krakowska-vita-5b20_cover.jpg
Warszawa Wilanów,ul. Sarmacka,2,66,1270000,19242,Pośrednik,,10,https://adresowo.pl/o/mieszkanie-warszawa-wilanow-ul-sarmacka-2-pokojowe-x1r0y3,https://s2.adresowa.pl/oi/66/64/410c96_3a5b_cover@2x-2-pokojowe-mieszkanie-warszawa-wilanow-ul-sarmacka.webp
Warszawa Włochy,ul. Stefana Drzewieckiego,3,63,880000,13968,Pośrednik,,10,https://adresowo.pl/o/mieszkanie-warszawa-wlochy-ul-stefana-drzewieckiego-3-pokojowe-h3q8n1,https://s2.adresowa.pl/oi/29/49/410c8c_ca69_cover@2x-3-pokojowe-mieszkanie-warszawa-wlochy-ul-stefana-drzewieckiego.webp
Warszawa Białołęka,ul. Mikołaja Trąby,1,30,410000,13667,bez pośredników,,12,https://adresowo.pl/o/mieszkanie-warszawa-bialoleka-ul-mikolaja-traby-1-pokoj-u4o0q3,https://s2.adresowa.pl/oi/14/30/411014_d3c8_cover@2x-1-pokojowe-mieszkanie-warszawa-bialoleka-ul-mikolaja-traby.webp
Warszawa Praga-Południe,ul. Grochowska 309/317C,2,53,860000,16226,bez pośredników,,17,https://adresowo.pl/o/mieszkanie-warszawa-praga-poludnie-ul-grochowska-2-pokojowe-e4y2e0,https://s2.adresowa.pl/oi/70/3a/410fce_4ee1_cover@2x-2-pokojowe-mieszkanie-warszawa-praga-poludnie-ul-grochowska.webp
Warszawa Białołęka,ul. Głębocka,3,68,zapytaj,,bez pośredników,,+22 podobne oferty,https://adresowo.pl/o/mieszkanie-warszawa-bialoleka-ul-glebocka-3-pokojowe-a9m9h9,https://s2.adresowa.pl/development/673554/nowe-mieszkania-glebocka-vita-d2cc_cover.jpg
Warszawa Wawer,ul. Chodzieska,4,135,1690000,12519,Pośrednik,,20,https://adresowo.pl/o/mieszkanie-warszawa-wawer-ul-chodzieska-4-pokojowe-t0i9s7,https://s2.adresowa.pl/oi/3a/69/410c8a_bbf3_cover@2x-4-pokojowe-mieszkanie-warszawa-wawer-ul-chodzieska.webp
Warszawa Mokotów,ul. Ksawerów,1,31,579000,18677,Pośrednik,,12,https://adresowo.pl/o/mieszkanie-warszawa-mokotow-ul-ksawerow-1-pokoj-k8h1z4,https://s2.adresowa.pl/oi/40/44/410c88_3ce5_cover@2x-1-pokojowe-mieszkanie-warszawa-mokotow-ul-ksawerow.webp
Warszawa Bemowo,ul. Górczewska,3,78,1299000,16654,bez pośredników,,1,https://adresowo.pl/o/mieszkanie-warszawa-bemowo-ul-gorczewska-3-pokojowe-e8r9y4,https://s2.adresowa.pl/oi/4e/2e/410f80_4a36_cover@2x-3-pokojowe-mieszkanie-warszawa-bemowo-ul-gorczewska.webp
Warszawa Targówek,ul. Obwodowa,2,48,820000,17083,bez pośredników,,17,https://adresowo.pl/o/mieszkanie-warszawa-targowek-ul-obwodowa-2-pokojowe-u5c4w6,https://s2.adresowa.pl/oi/12/1d/4105de_b84a_cover@2x-2-pokojowe-mieszkanie-warszawa-targowek-ul-obwodowa.webp
Warszawa Włochy,ul. Trzcinowa,3,54,zapytaj,,bez pośredników,,+46 podobnych ofert,https://adresowo.pl/o/mieszkanie-warszawa-wlochy-ul-trzcinowa-3-pokojowe-l2o0n8,https://s2.adresowa.pl/development/671574/nowe-mieszkania-trzcinowa-vita-1475_cover.jpg
Warszawa Mokotów,ul. Jana III Sobieskiego,1,23,499000,21696,Pośrednik,,7,https://adresowo.pl/o/mieszkanie-warszawa-mokotow-ul-jana-iii-sobieskiego-1-pokoj-d8e8t5,https://s2.adresowa.pl/oi/1c/11/410c86_73b8_cover@2x-1-pokojowe-mieszkanie-warszawa-mokotow-ul-jana-iii-sobieskiego.webp
Warszawa Wilanów,ul. Adama Branickiego,4,129,2840000,22016,Pośrednik,,20,https://adresowo.pl/o/mieszkanie-warszawa-wilanow-ul-adama-branickiego-4-pokojowe-i2v4v6,https://s2.adresowa.pl/oi/37/21/410c82_fd1e_cover@2x-4-pokojowe-mieszkanie-warszawa-wilanow-ul-adama-branickiego.webp
Warszawa Śródmieście,ul. Pokorna,3,87,2199000,25276,bez pośredników,,23,https://adresowo.pl/o/mieszkanie-warszawa-srodmiescie-ul-pokorna-3-pokojowe-b3p1z0,https://s2.adresowa.pl/oi/2e/4b/410d8e_b51a_cover@2x-3-pokojowe-mieszkanie-warszawa-srodmiescie-ul-pokorna.webp
Warszawa Bielany,ul. Szepietowska,2,44,734000,16682,bez pośredników,,11,https://adresowo.pl/o/mieszkanie-warszawa-bielany-ul-szepietowska-2-pokojowe-z9f7v9,https://s2.adresowa.pl/oi/13/43/410d46_e120_cover@2x-2-pokojowe-mieszkanie-warszawa-bielany-ul-szepietowska.webp
Warszawa Skorosze,ul. Świętej Rodziny,3,62,zapytaj,,bez pośredników,,+37 podobnych ofert,https://adresowo.pl/o/mieszkanie-warszawa-skorosze-ul-swietej-rodziny-3-pokojowe-g5d7f6,https://s2.adresowa.pl/development/673804/nowe-mieszkania-skorosze-vita-4e9_cover.jpg
Warszawa Praga-Północ,ul. Bertolta Brechta,2,48,720000,15000,Pośrednik,,14,https://adresowo.pl/o/mieszkanie-warszawa-praga-polnoc-ul-bertolta-brechta-2-pokojowe-h2v3w3,https://s2.adresowa.pl/oi/4e/5a/410c7a_dc23_cover@2x-2-pokojowe-mieszkanie-warszawa-praga-polnoc-ul-bertolta-brechta.webp
Warszawa Wola,ul. Siedmiogrodzka,3,77,1700000,22078,Pośrednik,,20,https://adresowo.pl/o/mieszkanie-warszawa-wola-ul-siedmiogrodzka-3-pokojowe-e2w3h3,https://s2.adresowa.pl/oi/4a/56/410c64_c78a_cover@2x-3-pokojowe-mieszkanie-warszawa-wola-ul-siedmiogrodzka.webp
Warszawa Wola,ul. Płocka,2,53,1115000,21038,bez pośredników,,17,https://adresowo.pl/o/mieszkanie-warszawa-wola-ul-plocka-2-pokojowe-f7a6p9,https://s2.adresowa.pl/oi/4d/6d/410d22_6d28_cover@2x-2-pokojowe-mieszkanie-warszawa-wola-ul-plocka.webp
Warszawa Wola,ul. Wawrzyszewska 9,2,32,740000,23125,bez pośredników,,13,https://adresowo.pl/o/mieszkanie-warszawa-wola-ul-wawrzyszewska-2-pokojowe-p1t4l4,https://s2.adresowa.pl/oi/58/48/410c40_cd65_cover@2x-2-pokojowe-mieszkanie-warszawa-wola-ul-wawrzyszewska.webp
Warszawa Chrzanów,ul. Szeligowska,3,71,zapytaj,,bez pośredników,,+49 podobnych ofert,https://adresowo.pl/o/mieszkanie-warszawa-chrzanow-ul-szeligowska-3-pokojowe-o4o9d5,https://s2.adresowa.pl/development/671220/nowe-mieszkania-bemowo-vita-c525_cover.jpg
Warszawa Bemowo,ul. Gołuchowska,3,48,680000,14167,Pośrednik,,7,https://adresowo.pl/o/mieszkanie-warszawa-bemowo-ul-goluchowska-3-pokojowe-l1x6o8,https://s2.adresowa.pl/oi/7d/68/410bfe_d678_cover@2x-3-pokojowe-mieszkanie-warszawa-bemowo-ul-goluchowska.webp
Warszawa Ochota,ul. Józefa Siemieńskiego,2,35,679000,19400,Pośrednik,,10,https://adresowo.pl/o/mieszkanie-warszawa-ochota-ul-jozefa-siemienskiego-2-pokojowe-f9r1s0,https://s2.adresowa.pl/oi/4d/34/410bd0_de70_cover@2x-2-pokojowe-mieszkanie-warszawa-ochota-ul-jozefa-siemienskiego.webp
Warszawa Wola,ul. Krochmalna,3,58,2616300,45109,bez pośredników,,20,https://adresowo.pl/o/mieszkanie-warszawa-wola-ul-krochmalna-3-pokojowe-q7t6r3,https://s2.adresowa.pl/oi/55/1c/410b94_650b_cover@2x-3-pokojowe-mieszkanie-warszawa-wola-ul-krochmalna.webp
Warszawa Służewiec,ul. Bełdan,3,48,760000,15833,bez pośredników,,13,https://adresowo.pl/o/mieszkanie-warszawa-sluzewiec-ul-beldan-3-pokojowe-k6d7x6,https://s2.adresowa.pl/oi/4a/20/410b7e_8de8_cover@2x-3-pokojowe-mieszkanie-warszawa-sluzewiec-ul-beldan.webp
Warszawa Praga-Południe,ul. Podskarbińska,3,60,zapytaj,,bez pośredników,,+29 podobnych ofert,https://adresowo.pl/o/mieszkanie-warszawa-praga-poludnie-ul-podskarbinska-3-pokojowe-o1r2v2,https://s2.adresowa.pl/development/671216/nowe-mieszkania-aleje-praskie-951e_cover.jpg
Warszawa Bemowo,ul. Powstańców Śląskich 103,4,93,1635000,17581,Pośrednik,,21,https://adresowo.pl/o/mieszkanie-warszawa-bemowo-ul-powstancow-slaskich-4-pokojowe-n2w6m0,https://s2.adresowa.pl/oi/4a/17/410bbe_6010_cover@2x-4-pokojowe-mieszkanie-warszawa-bemowo-ul-powstancow-slaskich.webp
Warszawa Bielany,ul. Wrzeciono,1,24,439000,18292,Pośrednik,,11,https://adresowo.pl/o/mieszkanie-warszawa-bielany-ul-wrzeciono-1-pokoj-b0k3x0,https://s2.adresowa.pl/oi/3a/59/410b98_cd03_cover@2x-1-pokojowe-mieszkanie-warszawa-bielany-ul-wrzeciono.webp
Warszawa Saska Kępa,ul. Międzynarodowa,2,41,899999,21951,bez pośredników,,18,https://adresowo.pl/o/mieszkanie-warszawa-saska-kepa-ul-miedzynarodowa-2-pokojowe-q6i0t5,https://s2.adresowa.pl/oi/67/15/410aa2_547b_cover@2x-2-pokojowe-mieszkanie-warszawa-saska-kepa-ul-miedzynarodowa.webp
Warszawa Bemowo,ul. Górczewska,6,163,2300000,14110,bez pośredników,,3,https://adresowo.pl/o/mieszkanie-warszawa-bemowo-ul-gorczewska-6-pokojowe-d8k3j6,https://s2.adresowa.pl/oi/1d/65/410a2a_e8ae_cover@2x-6-pokojowe-mieszkanie-warszawa-bemowo-ul-gorczewska.webp
Warszawa Białołęka,ul. Ruskowy Bród,3,54,zapytaj,,bez pośredników,,+19 podobnych ofert,https://adresowo.pl/o/mieszkanie-warszawa-bialoleka-ul-ruskowy-brod-3-pokojowe-g7o3w6,https://s2.adresowa.pl/development/672198/nowe-mieszkania-aroniowa-vita-2fe5_cover.jpg
Warszawa Mokotów,ul. Konstancińska,3,48,650000,13542,Pośrednik,,9,https://adresowo.pl/o/mieszkanie-warszawa-mokotow-ul-konstancinska-3-pokojowe-p1h9j5,https://s2.adresowa.pl/oi/5a/10/410b8c_86ca_cover@2x-3-pokojowe-mieszkanie-warszawa-mokotow-ul-konstancinska.webp
Warszawa Śródmieście,ul. Śliska 10,1,24,619000,25792,Pośrednik,,16,https://adresowo.pl/o/mieszkanie-warszawa-srodmiescie-ul-sliska-1-pokoj-l9e3s6,https://s2.adresowa.pl/oi/5d/5f/410b82_b9a4_cover@2x-1-pokojowe-mieszkanie-warszawa-srodmiescie-ul-sliska.webp
Warszawa Śródmieście,ul. Bagno,2,35,799000,22829,bez pośredników,,13,https://adresowo.pl/o/mieszkanie-warszawa-srodmiescie-ul-bagno-2-pokojowe-i1u4b8,https://s2.adresowa.pl/oi/42/3a/410a12_2a87_cover@2x-2-pokojowe-mieszkanie-warszawa-srodmiescie-ul-bagno.webp
Warszawa Targówek,ul. Rembielińska,2,38,625000,16447,bez pośredników,,15,https://adresowo.pl/o/mieszkanie-warszawa-targowek-ul-rembielinska-2-pokojowe-i6g4j2,https://s2.adresowa.pl/oi/13/4c/4109f6_e044_cover@2x-2-pokojowe-mieszkanie-warszawa-targowek-ul-rembielinska.webp
Warszawa Bemowo,ul. Podgrodzie,3,65,zapytaj,,bez pośredników,,+18 podobnych ofert,https://adresowo.pl/o/mieszkanie-warszawa-bemowo-ul-podgrodzie-3-pokojowe-q3d4h9,https://s2.adresowa.pl/development/671978/nowe-mieszkania-viva-cite-1628_cover.jpg
Warszawa Wola,ul. Żelazna,2,38,620000,16316,Pośrednik,,11,https://adresowo.pl/o/mieszkanie-warszawa-wola-ul-zelazna-2-pokojowe-h2v1i3,https://s2.adresowa.pl/oi/67/4b/410b5a_9b94_cover@2x-2-pokojowe-mieszkanie-warszawa-wola-ul-zelazna.webp
Warszawa Praga-Południe,ul. Załęże,2,38,642447,16906,Pośrednik,,3,https://adresowo.pl/o/mieszkanie-warszawa-praga-poludnie-ul-zaleze-2-pokojowe-c7u3q6,https://s2.adresowa.pl/oi/7c/40/410b4c_6e06_cover@2x-2-pokojowe-mieszkanie-warszawa-praga-poludnie-ul-zaleze.webp
Warszawa Bemowo,ul. Kazimierza Wyki,3,61,797000,13066,bez pośredników,,18,https://adresowo.pl/o/mieszkanie-warszawa-bemowo-ul-kazimierza-wyki-3-pokojowe-y9n9x1,https://s2.adresowa.pl/oi/6a/7e/41099e_b322_cover@2x-3-pokojowe-mieszkanie-warszawa-bemowo-ul-kazimierza-wyki.webp
Warszawa Mokotów,ul. Wolfganga Amadeusza Mozarta,2,46,779000,16935,bez pośredników,,9,https://adresowo.pl/o/mieszkanie-warszawa-mokotow-ul-wolfganga-amadeusza-mozarta-2-pokojowe-h6m8z1,https://s2.adresowa.pl/oi/37/31/410992_cbc8_cover@2x-2-pokojowe-mieszkanie-warszawa-mokotow-ul-wolfganga-amadeusza-mozarta.webp
Warszawa Praga-Północ,ul. Kijowska,3,71,zapytaj,,bez pośredników,,+15 podobnych ofert,https://adresowo.pl/o/mieszkanie-warszawa-praga-polnoc-ul-kijowska-3-pokojowe-q7r3u5,https://s2.adresowa.pl/development/673100/nowe-mieszkania-kijowska-vita-ea74_cover.jpg
Warszawa Sadyba,ul. Egejska 7,3,53,625000,11792,Pośrednik,,15,https://adresowo.pl/o/mieszkanie-warszawa-sadyba-ul-egejska-3-pokojowe-b2p4k8,https://s2.adresowa.pl/oi/6a/18/410b44_9402_cover@2x-3-pokojowe-mieszkanie-warszawa-sadyba-ul-egejska.webp
Warszawa Mokotów,ul. Odolańska,2,85,1397000,16435,Pośrednik,,12,https://adresowo.pl/o/mieszkanie-warszawa-mokotow-ul-odolanska-2-pokojowe-g1r7x9,https://s2.adresowa.pl/oi/1d/29/410940_90b9_cover@2x-2-pokojowe-mieszkanie-warszawa-mokotow-ul-odolanska.webp
Warszawa Włochy,ul. Płomyka,3,80,1696000,21200,bez pośredników,,21,https://adresowo.pl/o/mieszkanie-warszawa-wlochy-ul-plomyka-3-pokojowe-h7h2c4,https://s2.adresowa.pl/oi/4a/53/410988_621e_cover@2x-3-pokojowe-mieszkanie-warszawa-wlochy-ul-plomyka.webp
Warszawa Praga-Południe,ul. Jugosłowiańska,3,70,1610000,23000,bez pośredników,,12,https://adresowo.pl/o/mieszkanie-warszawa-praga-poludnie-ul-jugoslowianska-3-pokojowe-x7b1y1,https://s2.adresowa.pl/oi/12/7a/410936_abd2_cover@2x-3-pokojowe-mieszkanie-warszawa-praga-poludnie-ul-jugoslowianska.webp
Warszawa Bemowo,ul. Sochaczewska,3,65,zapytaj,,bez pośredników,,+23 podobne oferty,https://adresowo.pl/o/mieszkanie-warszawa-bemowo-ul-sochaczewska-3-pokojowe-w6k4a1,https://s2.adresowa.pl/development/672892/nowe-mieszkania-sochaczewska-vita-c27d_cover.jpg
Warszawa Powiśle,ul. Leona Kruczkowskiego,5,231,11900000,51515,Pośrednik,,31,https://adresowo.pl/o/mieszkanie-warszawa-powisle-ul-leona-kruczkowskiego-5-pokojowe-f6a4r4,https://s2.adresowa.pl/oi/69/25/4108e8_c6ae_cover@2x-5-pokojowe-mieszkanie-warszawa-powisle-ul-leona-kruczkowskiego.webp
Warszawa Białołęka,ul. Kiersnowskiego 17,3,82,879000,10720,Pośrednik,,18,https://adresowo.pl/o/mieszkanie-warszawa-bialoleka-ul-kiersnowskiego-3-pokojowe-q9k5q5,https://s2.adresowa.pl/oi/20/40/4108e0_af9e_cover@2x-3-pokojowe-mieszkanie-warszawa-bialoleka-ul-kiersnowskiego.webp
Warszawa Białołęka,ul. Jana Kowalczyka,3,55,850000,15455,bez pośredników,,8,https://adresowo.pl/o/mieszkanie-warszawa-bialoleka-ul-jana-kowalczyka-3-pokojowe-n3v6u5,https://s2.adresowa.pl/oi/42/3e/4108ea_8a60_cover@2x-3-pokojowe-mieszkanie-warszawa-bialoleka-ul-jana-kowalczyka.webp
Warszawa Bemowo,ul. Wacława Borowego,2,46,799000,17370,bez pośredników,,20,https://adresowo.pl/o/mieszkanie-warszawa-bemowo-ul-waclawa-borowego-2-pokojowe-x4r9s9,https://s2.adresowa.pl/oi/1d/2a/410898_e4ca_cover@2x-2-pokojowe-mieszkanie-warszawa-bemowo-ul-waclawa-borowego.webp
Warszawa Włochy,al. Krakowska,3,56,zapytaj,,bez pośredników,,+8 podobnych ofert,https://adresowo.pl/o/mieszkanie-warszawa-wlochy-al-krakowska-3-pokojowe-c4z1u4,https://s2.adresowa.pl/development/671222/nowe-mieszkania-krakowska-vita-5b20_cover.jpg
Warszawa Żoliborz,ul. Ludwika Rydygiera,3,98,2595000,26480,Pośrednik,,16,https://adresowo.pl/o/mieszkanie-warszawa-zoliborz-ul-ludwika-rydygiera-3-pokojowe-o1r4z0,https://s2.adresowa.pl/oi/6e/31/4108d4_28cb_cover@2x-3-pokojowe-mieszkanie-warszawa-zoliborz-ul-ludwika-rydygiera.webp
Warszawa Żoliborz,ul. Przasnyska,3,73,2089000,28616,Pośrednik,,15,https://adresowo.pl/o/mieszkanie-warszawa-zoliborz-ul-przasnyska-3-pokojowe-r8u5k2,https://s2.adresowa.pl/oi/37/14/4108cc_96fe_cover@2x-3-pokojowe-mieszkanie-warszawa-zoliborz-ul-przasnyska.webp
Warszawa Białołęka,ul. Edwarda Wittiga,3,61,800000,13115,bez pośredników,,21,https://adresowo.pl/o/mieszkanie-warszawa-bialoleka-ul-edwarda-wittiga-3-pokojowe-z6x5r9,https://s2.adresowa.pl/oi/20/30/410842_3932_cover@2x-3-pokojowe-mieszkanie-warszawa-bialoleka-ul-edwarda-wittiga.webp
Warszawa Mokotów,ul. Racławicka,1,29,630000,21724,bez pośredników,,14,https://adresowo.pl/o/mieszkanie-warszawa-mokotow-ul-raclawicka-1-pokoj-a9b3r0,https://s2.adresowa.pl/oi/72/5f/4107fe_bc5b_cover@2x-1-pokojowe-mieszkanie-warszawa-mokotow-ul-raclawicka.webp
Warszawa Bemowo,ul. Szeligowska,3,59,zapytaj,,bez pośredników,,+2 podobne oferty,https://adresowo.pl/o/mieszkanie-warszawa-bemowo-ul-szeligowska-3-pokojowe-m7l6u3,https://s2.adresowa.pl/development/671976/nowe-mieszkania-m-bemowo-77b6_cover.jpg
Warszawa Śródmieście,ul. Twarda,4,161,10000000,62112,Pośrednik,,20,https://adresowo.pl/o/mieszkanie-warszawa-srodmiescie-ul-twarda-4-pokojowe-h8q7t3,https://s2.adresowa.pl/oi/78/78/4108c6_eae7_cover@2x-4-pokojowe-mieszkanie-warszawa-srodmiescie-ul-twarda.webp
Warszawa Wola,"al. Aleja ""Solidarności""",3,65,2330000,35846,Pośrednik,,21,https://adresowo.pl/o/mieszkanie-warszawa-wola-al-aleja-solidarnosci-3-pokojowe-n8c5l2,https://s2.adresowa.pl/oi/75/4a/410770_e278_cover@2x-3-pokojowe-mieszkanie-warszawa-wola-al-aleja-solidarnosci-.webp
Warszawa Bielany,ul. Władysława Broniewskiego,1,27,450000,16667,bez pośredników,,8,https://adresowo.pl/o/mieszkanie-warszawa-bielany-ul-wladyslawa-broniewskiego-1-pokoj-n0c6x1,https://s2.adresowa.pl/oi/1b/7a/410578_54ba_cover@2x-1-pokojowe-mieszkanie-warszawa-bielany-ul-wladyslawa-broniewskiego.webp
Warszawa Stegny,ul. Marsylska,1,30,530000,17667,bez pośredników,,9,https://adresowo.pl/o/mieszkanie-warszawa-stegny-ul-marsylska-1-pokoj-k4r4l6,https://s2.adresowa.pl/oi/1a/40/410566_e352_cover@2x-1-pokojowe-mieszkanie-warszawa-stegny-ul-marsylska.webp
Warszawa Bemowo,ul. Podgrodzie,1,44,zapytaj,,bez pośredników,,+16 podobnych ofert,https://adresowo.pl/o/mieszkanie-warszawa-bemowo-ul-podgrodzie-1-pokoj-t3j6u3,https://s2.adresowa.pl/development/671978/nowe-mieszkania-viva-cite-1628_cover.jpg
Warszawa Praga-Północ,ul. Jagiellońska,2,29,599000,20655,Pośrednik,,4,https://adresowo.pl/o/mieszkanie-warszawa-praga-polnoc-ul-jagiellonska-2-pokojowe-c1q4b7,https://s2.adresowa.pl/oi/1e/78/4106e2_c46c_cover@2x-2-pokojowe-mieszkanie-warszawa-praga-polnoc-ul-jagiellonska.webp
Warszawa Bemowo,ul. Jana Heweliusza,3,58,1200000,20690,Pośrednik,,16,https://adresowo.pl/o/mieszkanie-warszawa-bemowo-ul-jana-heweliusza-3-pokojowe-d2t4f6,https://s2.adresowa.pl/oi/2c/1a/4106e0_a25c_cover@2x-3-pokojowe-mieszkanie-warszawa-bemowo-ul-jana-heweliusza.webp
Warszawa Bemowo,ul. Wacława Szadkowskiego,3,60,764000,12733,bez pośredników,,8,https://adresowo.pl/o/mieszkanie-warszawa-bemowo-ul-waclawa-szadkowskiego-3-pokojowe-b5s5r0,https://s2.adresowa.pl/oi/22/3b/410558_bd4e_cover@2x-3-pokojowe-mieszkanie-warszawa-bemowo-ul-waclawa-szadkowskiego.webp
Warszawa Praga-Północ,ul. Karola Linneusza,2,38,718000,18895,bez pośredników,,21,https://adresowo.pl/o/mieszkanie-warszawa-praga-polnoc-ul-karola-linneusza-2-pokojowe-n9q9e2,https://s2.adresowa.pl/oi/25/55/4104a0_6443_cover@2x-2-pokojowe-mieszkanie-warszawa-praga-polnoc-ul-karola-linneusza.webp
Warszawa Chrzanów,ul. Szeligowska,1,27,zapytaj,,bez pośredników,,+23 podobne oferty,https://adresowo.pl/o/mieszkanie-warszawa-chrzanow-ul-szeligowska-1-pokoj-y5i6f0,https://s2.adresowa.pl/development/671220/nowe-mieszkania-bemowo-vita-c525_cover.jpg
Warszawa Praga-Północ,ul. Białostocka,2,33,695000,21061,Pośrednik,,7,https://adresowo.pl/o/mieszkanie-warszawa-praga-polnoc-ul-bialostocka-2-pokojowe-b0m1a7,https://s2.adresowa.pl/oi/65/17/4106dc_337a_cover@2x-2-pokojowe-mieszkanie-warszawa-praga-polnoc-ul-bialostocka.webp
Warszawa Mokotów,ul. Jana III Sobieskiego,3,52,680000,13077,Pośrednik,,7,https://adresowo.pl/o/mieszkanie-warszawa-mokotow-ul-jana-iii-sobieskiego-3-pokojowe-s7l5y1,https://s2.adresowa.pl/oi/23/5c/4106b2_bd86_cover@2x-3-pokojowe-mieszkanie-warszawa-mokotow-ul-jana-iii-sobieskiego.webp
Warszawa Wesoła,ul. Fiołków,3,87,1299000,14931,bez pośredników,,10,https://adresowo.pl/o/mieszkanie-warszawa-wesola-ul-fiolkow-3-pokojowe-d3l3m3,https://s2.adresowa.pl/oi/20/20/410496_b626_cover@2x-3-pokojowe-mieszkanie-warszawa-wesola-ul-fiolkow.webp
Warszawa Stegny,ul. Marsylska,1,30,510000,17000,bez pośredników,,7,https://adresowo.pl/o/mieszkanie-warszawa-stegny-ul-marsylska-1-pokoj-f3c3l5,https://s2.adresowa.pl/oi/31/17/410490_9841_cover@2x-1-pokojowe-mieszkanie-warszawa-stegny-ul-marsylska.webp
Warszawa Skorosze,ul. Świętej Rodziny,1,25,zapytaj,,bez pośredników,,+17 podobnych ofert,https://adresowo.pl/o/mieszkanie-warszawa-skorosze-ul-swietej-rodziny-1-pokoj-d3d6g1,https://s2.adresowa.pl/development/673804/nowe-mieszkania-skorosze-vita-4e9_cover.jpg
Warszawa Śródmieście,ul. Grzybowska,3,49,769000,15694,Pośrednik,,8,https://adresowo.pl/o/mieszkanie-warszawa-srodmiescie-ul-grzybowska-3-pokojowe-j4k2i0,https://s2.adresowa.pl/oi/4c/79/41069e_30cf_cover@2x-3-pokojowe-mieszkanie-warszawa-srodmiescie-ul-grzybowska.webp
Warszawa Mokotów,ul. Stefana Bryły,2,41,650000,15854,Pośrednik,,9,https://adresowo.pl/o/mieszkanie-warszawa-mokotow-ul-stefana-bryly-2-pokojowe-y4g6l9,https://s2.adresowa.pl/oi/5e/1e/410694_5092_cover@2x-2-pokojowe-mieszkanie-warszawa-mokotow-ul-stefana-bryly.webp
Warszawa Saska Kępa,ul. Lipska,1,31,949000,30613,bez pośredników,,20,https://adresowo.pl/o/mieszkanie-warszawa-saska-kepa-ul-lipska-1-pokoj-e0h9r5,https://s2.adresowa.pl/oi/3d/7a/410466_b49b_cover@2x-1-pokojowe-mieszkanie-warszawa-saska-kepa-ul-lipska.webp
Warszawa Piaski,ul. Literacka,3,48,850000,17708,bez pośredników,,7,https://adresowo.pl/o/mieszkanie-warszawa-piaski-ul-literacka-3-pokojowe-j2b0h0,https://s2.adresowa.pl/oi/1b/20/41044a_2d27_cover@2x-3-pokojowe-mieszkanie-warszawa-piaski-ul-literacka.webp
Warszawa Praga-Północ,ul. Kijowska,1,37,zapytaj,,bez pośredników,,+17 podobnych ofert,https://adresowo.pl/o/mieszkanie-warszawa-praga-polnoc-ul-kijowska-1-pokoj-x3n5i6,https://s2.adresowa.pl/development/673100/nowe-mieszkania-kijowska-vita-ea74_cover.jpg
Warszawa Bemowo,ul. Jana Olbrachta,3,70,1760000,25143,Pośrednik,,11,https://adresowo.pl/o/mieszkanie-warszawa-bemowo-ul-jana-olbrachta-3-pokojowe-d4z0x7,https://s2.adresowa.pl/oi/60/1f/41067c_fc9a_cover@2x-3-pokojowe-mieszkanie-warszawa-bemowo-ul-jana-olbrachta.webp
Warszawa Włochy,ul. Zapustna,2,58,819000,14121,Pośrednik,,13,https://adresowo.pl/o/mieszkanie-warszawa-wlochy-ul-zapustna-2-pokojowe-b5v6b8,https://s2.adresowa.pl/oi/1a/48/410676_baa2_cover@2x-2-pokojowe-mieszkanie-warszawa-wlochy-ul-zapustna.webp
Warszawa Praga-Północ,ul. Wiosenna,3,48,825000,17188,bez pośredników,,6,https://adresowo.pl/o/mieszkanie-warszawa-praga-polnoc-ul-wiosenna-3-pokojowe-o5v6r1,https://s2.adresowa.pl/oi/51/2d/410410_79e8_cover@2x-3-pokojowe-mieszkanie-warszawa-praga-polnoc-ul-wiosenna.webp
Warszawa Białołęka,ul. Aluzyjna,2,44,620000,14091,bez pośredników,,14,https://adresowo.pl/o/mieszkanie-warszawa-bialoleka-ul-aluzyjna-2-pokojowe-y7m0k9,https://s2.adresowa.pl/oi/56/59/4103e8_51ad_cover@2x-2-pokojowe-mieszkanie-warszawa-bialoleka-ul-aluzyjna.webp
Warszawa Włochy,ul. Trzcinowa,1,26,zapytaj,,bez pośredników,,+10 podobnych ofert,https://adresowo.pl/o/mieszkanie-warszawa-wlochy-ul-trzcinowa-1-pokoj-y4b3b2,https://s2.adresowa.pl/development/671574/nowe-mieszkania-trzcinowa-vita-1475_cover.jpg
Warszawa Białołęka,ul. Pasłęcka,1,33,499000,15121,Pośrednik,,9,https://adresowo.pl/o/mieszkanie-warszawa-bialoleka-ul-paslecka-1-pokoj-w2s2n4,https://s2.adresowa.pl/oi/5b/36/41066e_5d70_cover@2x-1-pokojowe-mieszkanie-warszawa-bialoleka-ul-paslecka.webp
Warszawa Białołęka,ul. Skarbka z Gór,2,56,740000,13214,Pośrednik,,9,https://adresowo.pl/o/mieszkanie-warszawa-bialoleka-ul-skarbka-z-gor-2-pokojowe-l1e4q3,https://s2.adresowa.pl/oi/78/5e/410660_4120_cover@2x-2-pokojowe-mieszkanie-warszawa-bialoleka-ul-skarbka-z-gor.webp
Warszawa Wola,ul. Tadeusza Krępowieckiego,3,50,799000,15980,bez pośredników,,7,https://adresowo.pl/o/mieszkanie-warszawa-wola-ul-tadeusza-krepowieckiego-3-pokojowe-s8s8s3,https://s2.adresowa.pl/oi/49/2e/4103d2_842a_cover@2x-3-pokojowe-mieszkanie-warszawa-wola-ul-tadeusza-krepowieckiego.webp
Warszawa Mokotów,ul. Stefana Bryły,1,30,650000,21667,bez pośredników,,10,https://adresowo.pl/o/mieszkanie-warszawa-mokotow-ul-stefana-bryly-1-pokoj-f3b9k2,https://s2.adresowa.pl/oi/5e/75/41038a_dd80_cover@2x-1-pokojowe-mieszkanie-warszawa-mokotow-ul-stefana-bryly.webp
Warszawa Bemowo,ul. Sochaczewska,1,31,zapytaj,,bez pośredników,,+6 podobnych ofert,https://adresowo.pl/o/mieszkanie-warszawa-bemowo-ul-sochaczewska-1-pokoj-u6g6h0,https://s2.adresowa.pl/development/672892/nowe-mieszkania-sochaczewska-vita-c27d_cover.jpg
Warszawa Mokotów,ul. Śniardwy,2,36,730000,20278,Pośrednik,,6,https://adresowo.pl/o/mieszkanie-warszawa-mokotow-ul-sniardwy-2-pokojowe-h8r2w6,https://s2.adresowa.pl/oi/35/75/41065a_4f1d_cover@2x-2-pokojowe-mieszkanie-warszawa-mokotow-ul-sniardwy.webp
Warszawa Ursynów,ul. Marii Grzegorzewskiej,3,63,1100000,17460,Pośrednik,,20,https://adresowo.pl/o/mieszkanie-warszawa-ursynow-ul-marii-grzegorzewskiej-3-pokojowe-m8x9s7,https://s2.adresowa.pl/oi/6f/51/41063a_d614_cover@2x-3-pokojowe-mieszkanie-warszawa-ursynow-ul-marii-grzegorzewskiej.webp
Warszawa Bemowo,ul. Powstańców Śląskich,2,58,1099000,18948,bez pośredników,,8,https://adresowo.pl/o/mieszkanie-warszawa-bemowo-ul-powstancow-slaskich-2-pokojowe-r4i6k0,https://s2.adresowa.pl/oi/46/36/4102ec_fb28_cover@2x-2-pokojowe-mieszkanie-warszawa-bemowo-ul-powstancow-slaskich.webp
Warszawa Wawer,ul. Króla Maciusia,2,34,549000,16147,bez pośredników,,10,https://adresowo.pl/o/mieszkanie-warszawa-wawer-ul-krola-maciusia-2-pokojowe-a9t2e9,https://s2.adresowa.pl/oi/1b/66/410252_dff4_cover@2x-2-pokojowe-mieszkanie-warszawa-wawer-ul-krola-maciusia.webp
Warszawa Białołęka,ul. Ruskowy Bród,1,32,zapytaj,,bez pośredników,,+7 podobnych ofert,https://adresowo.pl/o/mieszkanie-warszawa-bialoleka-ul-ruskowy-brod-1-pokoj-h8u5f2,https://s2.adresowa.pl/development/672198/nowe-mieszkania-aroniowa-vita-2fe5_cover.jpg
Warszawa Śródmieście,al. Wyzwolenia,1,33,929000,28152,Pośrednik,,15,https://adresowo.pl/o/mieszkanie-warszawa-srodmiescie-al-wyzwolenia-1-pokoj-x5x0d1,https://s2.adresowa.pl/oi/5b/28/41061c_4995_cover@2x-1-pokojowe-mieszkanie-warszawa-srodmiescie-al-wyzwolenia.webp
Warszawa,Wola,5,68,1515000,22279,Pośrednik,,11,https://adresowo.pl/o/mieszkanie-warszawa-wola-5-pokojowe-68-m2-g8w4e3,https://s2.adresowa.pl/oi/2c/2f/4105aa_74b6_cover@2x-5-pokojowe-mieszkanie-warszawa-wola.webp
Warszawa Praga-Północ,ul. Aleksandra Kotsisa,1,26,559999,21538,bez pośredników,,8,https://adresowo.pl/o/mieszkanie-warszawa-praga-polnoc-ul-aleksandra-kotsisa-1-pokoj-l7o0z1,https://s2.adresowa.pl/oi/6d/4d/410244_eb85_cover@2x-1-pokojowe-mieszkanie-warszawa-praga-polnoc-ul-aleksandra-kotsisa.webp
Warszawa Stegny,al. Wilanowska,2,49,1200000,24490,bez pośredników,,10,https://adresowo.pl/o/mieszkanie-warszawa-stegny-al-wilanowska-2-pokojowe-f4b6w1,https://s2.adresowa.pl/oi/15/32/410172_454b_cover@2x-2-pokojowe-mieszkanie-warszawa-stegny-al-wilanowska.webp
Warszawa Białołęka,ul. Głębocka,1,30,zapytaj,,bez pośredników,,+3 podobne oferty,https://adresowo.pl/o/mieszkanie-warszawa-bialoleka-ul-glebocka-1-pokoj-k1t7g4,https://s2.adresowa.pl/development/673554/nowe-mieszkania-glebocka-vita-d2cc_cover.jpg
Warszawa Praga-Północ,ul. Karola Marcinkowskiego,3,58,1199000,20672,Pośrednik,,34,https://adresowo.pl/o/mieszkanie-warszawa-praga-polnoc-ul-karola-marcinkowskiego-3-pokojowe-l9z9j0,https://s2.adresowa.pl/oi/7d/52/41057a_6be7_cover@2x-3-pokojowe-mieszkanie-warszawa-praga-polnoc-ul-karola-marcinkowskiego.webp
Warszawa Praga-Południe,ul. Żupnicza,2,33,626000,18970,Pośrednik,,12,https://adresowo.pl/o/mieszkanie-warszawa-praga-poludnie-ul-zupnicza-2-pokojowe-k7k5w6,https://s2.adresowa.pl/oi/48/7f/410468_a15b_cover@2x-2-pokojowe-mieszkanie-warszawa-praga-poludnie-ul-zupnicza.webp
Warszawa Białołęka,ul. Echa Leśne,2,46,899000,19543,bez pośredników,,21,https://adresowo.pl/o/mieszkanie-warszawa-bialoleka-ul-echa-lesne-2-pokojowe-x2t1l5,https://s2.adresowa.pl/oi/76/2c/41014a_6281_cover@2x-2-pokojowe-mieszkanie-warszawa-bialoleka-ul-echa-lesne.webp
Warszawa Ursus,ul. gen. Kazimierza Sosnkowskiego,3,56,730000,13036,bez pośredników,,16,https://adresowo.pl/o/mieszkanie-warszawa-ursus-ul-gen-kazimierza-sosnkowskiego-3-pokojowe-r1p7f6,https://s2.adresowa.pl/oi/41/5b/410148_c10a_cover@2x-3-pokojowe-mieszkanie-warszawa-ursus-ul-gen-kazimierza-sosnkowskiego.webp
Warszawa Praga-Południe,ul. Podskarbińska,1,33,zapytaj,,bez pośredników,,+2 podobne oferty,https://adresowo.pl/o/mieszkanie-warszawa-praga-poludnie-ul-podskarbinska-1-pokoj-f8f9q2,https://s2.adresowa.pl/development/671216/nowe-mieszkania-aleje-praskie-951e_cover.jpg
Warszawa Wola,ul. Magistracka,3,60,1070000,17833,Pośrednik,,12,https://adresowo.pl/o/mieszkanie-warszawa-wola-ul-magistracka-3-pokojowe-l4s7e7,https://s2.adresowa.pl/oi/4e/4e/41017a_bb4e_cover@2x-3-pokojowe-mieszkanie-warszawa-wola-ul-magistracka.webp
Warszawa Praga-Południe,ul. gen. Romana Abrahama,3,76,1199000,15776,Pośrednik,,17,https://adresowo.pl/o/mieszkanie-warszawa-praga-poludnie-ul-gen-romana-abrahama-3-pokojowe-z1d3b8,https://s2.adresowa.pl/oi/6e/71/410176_314f_cover@2x-3-pokojowe-mieszkanie-warszawa-praga-poludnie-ul-gen-romana-abrahama.webp
Warszawa Bielany,ul. Wrzeciono,1,30,660000,22000,bez pośredników,,17,https://adresowo.pl/o/mieszkanie-warszawa-bielany-ul-wrzeciono-1-pokoj-s7k3y9,https://s2.adresowa.pl/oi/13/22/40f270_eaec_cover@2x-1-pokojowe-mieszkanie-warszawa-bielany-ul-wrzeciono.webp
Warszawa,Śródmieście,3,46,850000,18478,bez pośredników,,8,https://adresowo.pl/o/mieszkanie-warszawa-srodmiescie-3-pokojowe-46-m2-r1h3x5,https://s2.adresowa.pl/oi/3b/75/40feea_e97d_cover@2x-3-pokojowe-mieszkanie-warszawa-srodmiescie.webp
Warszawa Skorosze,ul. Świętej Rodziny,4,70,zapytaj,,bez pośredników,,+14 podobnych ofert,https://adresowo.pl/o/mieszkanie-warszawa-skorosze-ul-swietej-rodziny-4-pokojowe-d1p5j9,https://s2.adresowa.pl/development/673804/nowe-mieszkania-skorosze-vita-4e9_cover.jpg
Warszawa Włochy,ul. Jutrzenki 106E,2,35,610000,17429,Pośrednik,,11,https://adresowo.pl/o/mieszkanie-warszawa-wlochy-ul-jutrzenki-2-pokojowe-f7y4v8,https://s2.adresowa.pl/oi/25/76/4100a8_a270_cover@2x-2-pokojowe-mieszkanie-warszawa-wlochy-ul-jutrzenki.webp
Warszawa Śródmieście,ul. Sienna,3,76,1490000,19605,Pośrednik,,11,https://adresowo.pl/o/mieszkanie-warszawa-srodmiescie-ul-sienna-3-pokojowe-n5v7j8,https://s2.adresowa.pl/oi/17/51/4100a6_6d1f_cover@2x-3-pokojowe-mieszkanie-warszawa-srodmiescie-ul-sienna.webp
Warszawa Praga-Północ,ul. Środkowa 20,3,60,1470000,24500,bez pośredników,,20,https://adresowo.pl/o/mieszkanie-warszawa-praga-polnoc-ul-srodkowa-3-pokojowe-k1e5i5,https://s2.adresowa.pl/oi/6d/6c/4086c4_3a98_cover@2x-3-pokojowe-mieszkanie-warszawa-praga-polnoc-ul-srodkowa.webp
Warszawa Targówek,ul. Zielone Zacisze,3,61,992000,16262,bez pośredników,,13,https://adresowo.pl/o/mieszkanie-warszawa-targowek-ul-zielone-zacisze-3-pokojowe-q6z9o0,https://s2.adresowa.pl/oi/77/79/40fdc0_fc98_cover@2x-3-pokojowe-mieszkanie-warszawa-targowek-ul-zielone-zacisze.webp
Warszawa Ursynów,ul. Stryjeńskich,3,76,1250000,16447,bez pośredników,,20,https://adresowo.pl/o/mieszkanie-warszawa-ursynow-ul-stryjenskich-3-pokojowe-j0k8y5,https://s2.adresowa.pl/oi/12/7b/40fda6_3ee4_cover@2x-3-pokojowe-mieszkanie-warszawa-ursynow-ul-stryjenskich.webp
Warszawa Praga-Południe,ul. Podskarbińska,4,76,zapytaj,,bez pośredników,,+16 podobnych ofert,https://adresowo.pl/o/mieszkanie-warszawa-praga-poludnie-ul-podskarbinska-4-pokojowe-d0v7s8,https://s2.adresowa.pl/development/671216/nowe-mieszkania-aleje-praskie-951e_cover.jpg
Warszawa Żoliborz,ul. Kajetana Koźmiana,1,37,740000,20000,Pośrednik,,15,https://adresowo.pl/o/mieszkanie-warszawa-zoliborz-ul-kajetana-kozmiana-1-pokoj-n1h1b8,https://s2.adresowa.pl/oi/36/1a/410088_48dc_cover@2x-1-pokojowe-mieszkanie-warszawa-zoliborz-ul-kajetana-kozmiana.webp
Warszawa Włochy,ul. Fasolowa,4,80,1150000,14375,Pośrednik,,12,https://adresowo.pl/o/mieszkanie-warszawa-wlochy-ul-fasolowa-4-pokojowe-n0p8g7,https://s2.adresowa.pl/oi/41/1a/41007e_65c0_cover@2x-4-pokojowe-mieszkanie-warszawa-wlochy-ul-fasolowa.webp
Warszawa Bielany,ul. Zbigniewa Romaszewskiego,2,30,599000,19967,bez pośredników,,9,https://adresowo.pl/o/mieszkanie-warszawa-bielany-ul-zbigniewa-romaszewskiego-2-pokojowe-k9o8h4,https://s2.adresowa.pl/oi/73/73/40fc88_ab99_cover@2x-2-pokojowe-mieszkanie-warszawa-bielany-ul-zbigniewa-romaszewskiego.webp
Warszawa Wawer,ul. Korkowa,3,47,720000,15319,bez pośredników,,8,https://adresowo.pl/o/mieszkanie-warszawa-wawer-ul-korkowa-3-pokojowe-i4p3b4,https://s2.adresowa.pl/oi/70/5d/40fd40_dbdc_cover@2x-3-pokojowe-mieszkanie-warszawa-wawer-ul-korkowa.webp
Warszawa Białołęka,ul. Głębocka,4,87,zapytaj,,bez pośredników,,+29 podobnych ofert,https://adresowo.pl/o/mieszkanie-warszawa-bialoleka-ul-glebocka-4-pokojowe-j7u4w1,https://s2.adresowa.pl/development/673554/nowe-mieszkania-glebocka-vita-d2cc_cover.jpg
Warszawa Białołęka,ul. Pasłęcka,3,57,800000,14035,Pośrednik,,9,https://adresowo.pl/o/mieszkanie-warszawa-bialoleka-ul-paslecka-3-pokojowe-r1c9v7,https://s2.adresowa.pl/oi/2d/6c/40fd12_dd66_cover@2x-3-pokojowe-mieszkanie-warszawa-bialoleka-ul-paslecka.webp
Warszawa,Wawer,4,73,889000,12178,Pośrednik,,2,https://adresowo.pl/o/mieszkanie-warszawa-wawer-4-pokojowe-73-m2-p7z3u1,https://s2.adresowa.pl/oi/3a/29/40fcea_472e_cover@2x-4-pokojowe-mieszkanie-warszawa-wawer.webp
Warszawa Białołęka,ul. Marywilska,2,37,599999,16216,bez pośredników,,6,https://adresowo.pl/o/mieszkanie-warszawa-bialoleka-ul-marywilska-2-pokojowe-c4x1a2,https://s2.adresowa.pl/oi/4c/6a/40fd08_d796_cover@2x-2-pokojowe-mieszkanie-warszawa-bialoleka-ul-marywilska.webp
Warszawa Praga-Południe,ul. Tarnobrzeska,2,56,895000,15982,bez pośredników,,16,https://adresowo.pl/o/mieszkanie-warszawa-praga-poludnie-ul-tarnobrzeska-2-pokojowe-y8q7h7,https://s2.adresowa.pl/oi/6a/29/40fcf0_6190_cover@2x-2-pokojowe-mieszkanie-warszawa-praga-poludnie-ul-tarnobrzeska.webp
Warszawa Chrzanów,ul. Szeligowska,4,106,zapytaj,,bez pośredników,,+13 podobnych ofert,https://adresowo.pl/o/mieszkanie-warszawa-chrzanow-ul-szeligowska-4-pokojowe-t8i3e2,https://s2.adresowa.pl/development/671220/nowe-mieszkania-bemowo-vita-c525_cover.jpg
Warszawa Praga-Południe,ul. Jana Nowaka-Jeziorańskiego,2,55,1475000,26818,Pośrednik,,9,https://adresowo.pl/o/mieszkanie-warszawa-praga-poludnie-ul-jana-nowaka-jezioranskiego-2-pokojowe-h2c4g5,https://s2.adresowa.pl/oi/74/2c/40fce4_8799_cover@2x-2-pokojowe-mieszkanie-warszawa-praga-poludnie-ul-jana-nowaka-jezioranskiego.webp
Warszawa Wola,ul. Grzybowska 43A,2,37,1227000,33162,Pośrednik,,19,https://adresowo.pl/o/mieszkanie-warszawa-wola-ul-grzybowska-2-pokojowe-o8o4u5,https://s2.adresowa.pl/oi/7d/49/40fcd4_d569_cover@2x-2-pokojowe-mieszkanie-warszawa-wola-ul-grzybowska.webp
Warszawa Rembertów,ul. Czerwonych Beretów,4,74,799000,10797,bez pośredników,,8,https://adresowo.pl/o/mieszkanie-warszawa-rembertow-ul-czerwonych-beretow-4-pokojowe-a3i7t0,https://s2.adresowa.pl/oi/6d/36/40fcce_8c5c_cover@2x-4-pokojowe-mieszkanie-warszawa-rembertow-ul-czerwonych-beretow.webp
Warszawa Mokotów,ul. Puławska,1,19,450000,23684,bez pośredników,,7,https://adresowo.pl/o/mieszkanie-warszawa-mokotow-ul-pulawska-1-pokoj-c9h5g1,https://s2.adresowa.pl/oi/59/1b/40fc6c_cb0a_cover@2x-1-pokojowe-mieszkanie-warszawa-mokotow-ul-pulawska.webp
Warszawa Białołęka,ul. Ruskowy Bród,4,77,zapytaj,,bez pośredników,,+2 podobne oferty,https://adresowo.pl/o/mieszkanie-warszawa-bialoleka-ul-ruskowy-brod-4-pokojowe-l1m7e9,https://s2.adresowa.pl/development/672198/nowe-mieszkania-aroniowa-vita-2fe5_cover.jpg
Warszawa Białołęka,ul. Marywilska,3,61,920000,15082,Pośrednik,,13,https://adresowo.pl/o/mieszkanie-warszawa-bialoleka-ul-marywilska-3-pokojowe-m1u2p2,https://s2.adresowa.pl/oi/5d/37/40fcd2_9b9b_cover@2x-3-pokojowe-mieszkanie-warszawa-bialoleka-ul-marywilska.webp
Warszawa Ursus,ul. Silnikowa,1,36,619820,17217,Pośrednik,,2,https://adresowo.pl/o/mieszkanie-warszawa-ursus-ul-silnikowa-1-pokoj-n6z0m7,https://s2.adresowa.pl/oi/10/40/40fcc8_9c9f_cover@2x-1-pokojowe-mieszkanie-warszawa-ursus-ul-silnikowa.webp
Warszawa Białołęka,ul. Aluzyjna,2,44,625000,14205,bez pośredników,,10,https://adresowo.pl/o/mieszkanie-warszawa-bialoleka-ul-aluzyjna-2-pokojowe-f4b1q9,https://s2.adresowa.pl/oi/67/54/40fc64_b073_cover@2x-2-pokojowe-mieszkanie-warszawa-bialoleka-ul-aluzyjna.webp
Warszawa Bielany,ul. Zbigniewa Romaszewskiego,2,36,700000,19444,bez pośredników,,12,https://adresowo.pl/o/mieszkanie-warszawa-bielany-ul-zbigniewa-romaszewskiego-2-pokojowe-m5l9r9,https://s2.adresowa.pl/oi/79/3d/40f8a0_5eea_cover@2x-2-pokojowe-mieszkanie-warszawa-bielany-ul-zbigniewa-romaszewskiego.webp
Warszawa Bemowo,ul. Sochaczewska,4,101,zapytaj,,bez pośredników,,+23 podobne oferty,https://adresowo.pl/o/mieszkanie-warszawa-bemowo-ul-sochaczewska-4-pokojowe-j6l6m1,https://s2.adresowa.pl/development/672892/nowe-mieszkania-sochaczewska-vita-c27d_cover.jpg
Warszawa Bielany,ul. Lwa Tołstoja,2,26,409000,15731,Pośrednik,,10,https://adresowo.pl/o/mieszkanie-warszawa-bielany-ul-lwa-tolstoja-2-pokojowe-o7c4f5,https://s2.adresowa.pl/oi/55/46/40fcac_7e9d_cover@2x-2-pokojowe-mieszkanie-warszawa-bielany-ul-lwa-tolstoja.webp
Warszawa Wola,ul. Młynarska 30,2,37,685000,18514,Pośrednik,,18,https://adresowo.pl/o/mieszkanie-warszawa-wola-ul-mlynarska-2-pokojowe-a4t0b0,https://s2.adresowa.pl/oi/19/16/40f6a2_ae24_cover@2x-2-pokojowe-mieszkanie-warszawa-wola-ul-mlynarska.webp
Warszawa Wola,ul. Kolejowa,2,53,1520000,28679,bez pośredników,,9,https://adresowo.pl/o/mieszkanie-warszawa-wola-ul-kolejowa-2-pokojowe-d4x5l2,https://s2.adresowa.pl/oi/40/3e/40f89e_f176_cover@2x-2-pokojowe-mieszkanie-warszawa-wola-ul-kolejowa.webp
Warszawa,Gocław,3,75,999000,13320,bez pośredników,,17,https://adresowo.pl/o/mieszkanie-warszawa-goclaw-3-pokojowe-75-m2-f7p6b6,https://s2.adresowa.pl/oi/39/65/40f89a_bcb0_cover@2x-3-pokojowe-mieszkanie-warszawa-goclaw.webp
Warszawa Włochy,al. Krakowska,4,93,zapytaj,,bez pośredników,,5,https://adresowo.pl/o/mieszkanie-warszawa-wlochy-al-krakowska-4-pokojowe-u5o5r2,https://s2.adresowa.pl/development/671222/nowe-mieszkania-krakowska-vita-5b20_cover.jpg
Warszawa Włochy,"ul. Batalionu AK ""Włochy""",2,55,772800,14051,Pośrednik,,7,https://adresowo.pl/o/mieszkanie-warszawa-wlochy-ul-batalionu-ak-wlochy-2-pokojowe-k5j0u7,https://s2.adresowa.pl/oi/6e/43/40f664_d195_cover@2x-2-pokojowe-mieszkanie-warszawa-wlochy-ul-batalionu-ak-wlochy-.webp
Warszawa Białołęka,ul. Marywilska,3,56,820000,14643,Pośrednik,,19,https://adresowo.pl/o/mieszkanie-warszawa-bialoleka-ul-marywilska-3-pokojowe-w3g8u6,https://s2.adresowa.pl/oi/60/58/40f644_cf8a_cover@2x-3-pokojowe-mieszkanie-warszawa-bialoleka-ul-marywilska.webp
Warszawa Praga-Południe,ul. Czapelska,1,26,590000,22692,bez pośredników,,19,https://adresowo.pl/o/mieszkanie-warszawa-praga-poludnie-ul-czapelska-1-pokoj-y0u1t5,https://s2.adresowa.pl/oi/54/52/40f896_b21d_cover@2x-1-pokojowe-mieszkanie-warszawa-praga-poludnie-ul-czapelska.webp
Warszawa Śródmieście,ul. Grzybowska,2,39,849000,21769,bez pośredników,,18,https://adresowo.pl/o/mieszkanie-warszawa-srodmiescie-ul-grzybowska-2-pokojowe-i7j5z4,https://s2.adresowa.pl/oi/72/69/40f834_b1e1_cover@2x-2-pokojowe-mieszkanie-warszawa-srodmiescie-ul-grzybowska.webp
Warszawa Praga-Północ,ul. Kijowska,4,75,zapytaj,,bez pośredników,,+5 podobnych ofert,https://adresowo.pl/o/mieszkanie-warszawa-praga-polnoc-ul-kijowska-4-pokojowe-b8p8j0,https://s2.adresowa.pl/development/673100/nowe-mieszkania-kijowska-vita-ea74_cover.jpg
Warszawa Bemowo,ul. Powstańców Śląskich,2,49,905000,18469,Pośrednik,,16,https://adresowo.pl/o/mieszkanie-warszawa-bemowo-ul-powstancow-slaskich-2-pokojowe-i3k7b7,https://s2.adresowa.pl/oi/45/11/40f52e_8530_cover@2x-2-pokojowe-mieszkanie-warszawa-bemowo-ul-powstancow-slaskich.webp
Warszawa Ursynów,ul. Mandarynki,3,64,1100000,17188,Pośrednik,,20,https://adresowo.pl/o/mieszkanie-warszawa-ursynow-ul-mandarynki-3-pokojowe-y7l4o4,https://s2.adresowa.pl/oi/7c/5f/40f52c_8cf7_cover@2x-3-pokojowe-mieszkanie-warszawa-ursynow-ul-mandarynki.webp
Warszawa Sadyba,ul. św. Bonifacego,1,27,465000,17222,bez pośredników,,13,https://adresowo.pl/o/mieszkanie-warszawa-sadyba-ul-sw-bonifacego-1-pokoj-a4v4r5,https://s2.adresowa.pl/oi/1e/30/40f80a_8dcd_cover@2x-1-pokojowe-mieszkanie-warszawa-sadyba-ul-sw-bonifacego.webp
Warszawa Praga-Południe,ul. Żupnicza,3,59,1490000,25254,bez pośredników,,20,https://adresowo.pl/o/mieszkanie-warszawa-praga-poludnie-ul-zupnicza-3-pokojowe-c7a5i4,https://s2.adresowa.pl/oi/73/43/40f7f4_6a68_cover@2x-3-pokojowe-mieszkanie-warszawa-praga-poludnie-ul-zupnicza.webp
Warszawa Bemowo,ul. Szeligowska,4,107,zapytaj,,bez pośredników,,5,https://adresowo.pl/o/mieszkanie-warszawa-bemowo-ul-szeligowska-4-pokojowe-x2q7e0,https://s2.adresowa.pl/development/671976/nowe-mieszkania-m-bemowo-77b6_cover.jpg
Warszawa Śródmieście,ul. Mikołaja Kopernika,3,54,1050000,19444,Pośrednik,,13,https://adresowo.pl/o/mieszkanie-warszawa-srodmiescie-ul-mikolaja-kopernika-3-pokojowe-k3m2a1,https://s2.adresowa.pl/oi/35/43/40f496_a838_cover@2x-3-pokojowe-mieszkanie-warszawa-srodmiescie-ul-mikolaja-kopernika.webp
Warszawa Bielany,ul. Esej,3,69,1100000,15942,Pośrednik,,8,https://adresowo.pl/o/mieszkanie-warszawa-bielany-ul-esej-3-pokojowe-d4y7u3,https://s2.adresowa.pl/oi/4f/57/40f492_34fd_cover@2x-3-pokojowe-mieszkanie-warszawa-bielany-ul-esej.webp
Warszawa Praga-Południe,ul. Żupnicza,4,87,2190000,25172,bez pośredników,,20,https://adresowo.pl/o/mieszkanie-warszawa-praga-poludnie-ul-zupnicza-4-pokojowe-d4m0u0,https://s2.adresowa.pl/oi/32/13/40f7f2_3c64_cover@2x-4-pokojowe-mieszkanie-warszawa-praga-poludnie-ul-zupnicza.webp
Warszawa,Wola,3,48,765000,15938,bez pośredników,,11,https://adresowo.pl/o/mieszkanie-warszawa-wola-3-pokojowe-48-m2-e3w2f2,https://s2.adresowa.pl/oi/2c/42/40f7cc_4f78_cover@2x-3-pokojowe-mieszkanie-warszawa-wola.webp
Warszawa Bemowo,ul. Podgrodzie,4,75,zapytaj,,bez pośredników,,+2 podobne oferty,https://adresowo.pl/o/mieszkanie-warszawa-bemowo-ul-podgrodzie-4-pokojowe-h7k3f0,https://s2.adresowa.pl/development/671978/nowe-mieszkania-viva-cite-1628_cover.jpg
Warszawa Wilanów,ul. Sarmacka,4,88,1800000,20455,Pośrednik,,20,https://adresowo.pl/o/mieszkanie-warszawa-wilanow-ul-sarmacka-4-pokojowe-m1k8z6,https://s2.adresowa.pl/oi/29/5c/40f490_6c6a_cover@2x-4-pokojowe-mieszkanie-warszawa-wilanow-ul-sarmacka.webp
Warszawa Bielany,ul. Tomasza Nocznickiego,2,56,1136000,20286,Pośrednik,,22,https://adresowo.pl/o/mieszkanie-warszawa-bielany-ul-tomasza-nocznickiego-2-pokojowe-p9i0w5,https://s2.adresowa.pl/oi/5b/12/40f48e_8d4e_cover@2x-2-pokojowe-mieszkanie-warszawa-bielany-ul-tomasza-nocznickiego.webp
Warszawa Bielany,ul. Wólczyńska,2,50,1050000,21000,bez pośredników,,21,https://adresowo.pl/o/mieszkanie-warszawa-bielany-ul-wolczynska-2-pokojowe-a5c9r8,https://s2.adresowa.pl/oi/48/6f/40f752_e360_cover@2x-2-pokojowe-mieszkanie-warszawa-bielany-ul-wolczynska.webp
Warszawa Bemowo,ul. Obrońców Tobruku,4,90,1890000,21000,bez pośredników,,12,https://adresowo.pl/o/mieszkanie-warszawa-bemowo-ul-obroncow-tobruku-4-pokojowe-b2m7n8,https://s2.adresowa.pl/oi/55/6b/40f73e_39cb_cover@2x-4-pokojowe-mieszkanie-warszawa-bemowo-ul-obroncow-tobruku.webp
Warszawa Włochy,ul. Trzcinowa,4,70,zapytaj,,bez pośredników,,+3 podobne oferty,https://adresowo.pl/o/mieszkanie-warszawa-wlochy-ul-trzcinowa-4-pokojowe-t7v7u5,https://s2.adresowa.pl/development/671574/nowe-mieszkania-trzcinowa-vita-1475_cover.jpg
Warszawa,Ursynów,2,60,890000,14833,Pośrednik,,6,https://adresowo.pl/o/mieszkanie-warszawa-ursynow-2-pokojowe-60-m2-s7b9p4,https://s2.adresowa.pl/oi/4e/7d/40f414_5581_cover@2x-2-pokojowe-mieszkanie-warszawa-ursynow.webp
Warszawa Białołęka,ul. Krzyżówki,2,36,679000,18861,Pośrednik,,12,https://adresowo.pl/o/mieszkanie-warszawa-bialoleka-ul-krzyzowki-2-pokojowe-a6o1c3,https://s2.adresowa.pl/oi/5b/38/40f412_bdde_cover@2x-2-pokojowe-mieszkanie-warszawa-bialoleka-ul-krzyzowki.webp
Warszawa,Targówek,2,42,695000,16548,bez pośredników,,8,https://adresowo.pl/o/mieszkanie-warszawa-targowek-2-pokojowe-42-m2-v6g4t5,https://s2.adresowa.pl/oi/37/53/40f6e2_ff99_cover@2x-2-pokojowe-mieszkanie-warszawa-targowek.webp
Warszawa Żerań,ul. Płużnicka,4,68,1180000,17353,bez pośredników,,11,https://adresowo.pl/o/mieszkanie-warszawa-zeran-ul-pluznicka-4-pokojowe-w3a1k5,https://s2.adresowa.pl/oi/27/77/40f6e0_3afe_cover@2x-4-pokojowe-mieszkanie-warszawa-zeran-ul-pluznicka.webp
Warszawa Praga-Południe,ul. Podskarbińska,5,121,zapytaj,,bez pośredników,,+3 podobne oferty,https://adresowo.pl/o/mieszkanie-warszawa-praga-poludnie-ul-podskarbinska-5-pokojowe-d4p3a4,https://s2.adresowa.pl/development/671216/nowe-mieszkania-aleje-praskie-951e_cover.jpg
Warszawa Bemowo,ul. Synów Pułku,2,41,599000,14610,Pośrednik,,15,https://adresowo.pl/o/mieszkanie-warszawa-bemowo-ul-synow-pulku-2-pokojowe-b1w4y9,https://s2.adresowa.pl/oi/62/6d/40f410_525b_cover@2x-2-pokojowe-mieszkanie-warszawa-bemowo-ul-synow-pulku.webp
Warszawa Żoliborz,ul. Przasnyska,3,75,2150000,28667,Pośrednik,,5,https://adresowo.pl/o/mieszkanie-warszawa-zoliborz-ul-przasnyska-3-pokojowe-m9d8k8,https://s2.adresowa.pl/oi/78/38/40f40e_beaa_cover@2x-3-pokojowe-mieszkanie-warszawa-zoliborz-ul-przasnyska.webp
Warszawa Włochy,ul. Rakowska,3,69,1249000,18101,bez pośredników,,16,https://adresowo.pl/o/mieszkanie-warszawa-wlochy-ul-rakowska-3-pokojowe-r6b3c5,https://s2.adresowa.pl/oi/61/31/40f5d0_a6e7_cover@2x-3-pokojowe-mieszkanie-warszawa-wlochy-ul-rakowska.webp
Warszawa Wola,ul. Nowolipki,1,33,642000,19455,bez pośredników,,23,https://adresowo.pl/o/mieszkanie-warszawa-wola-ul-nowolipki-1-pokoj-l9g0f9,https://s2.adresowa.pl/oi/31/38/40f5c6_ffdb_cover@2x-1-pokojowe-mieszkanie-warszawa-wola-ul-nowolipki.webp
Warszawa Skorosze,ul. Świętej Rodziny,5,110,zapytaj,,bez pośredników,,+7 podobnych ofert,https://adresowo.pl/o/mieszkanie-warszawa-skorosze-ul-swietej-rodziny-5-pokojowe-g8u0b4,https://s2.adresowa.pl/development/673804/nowe-mieszkania-skorosze-vita-4e9_cover.jpg
Warszawa Rembertów,ul. Chełmżyńska,2,53,715000,13491,Pośrednik,,8,https://adresowo.pl/o/mieszkanie-warszawa-rembertow-ul-chelmzynska-2-pokojowe-b7r2t9,https://s2.adresowa.pl/oi/59/15/40f40c_dc56_cover@2x-2-pokojowe-mieszkanie-warszawa-rembertow-ul-chelmzynska.webp
Warszawa Wola,ul. Wolska,3,45,830000,18444,Pośrednik,,19,https://adresowo.pl/o/mieszkanie-warszawa-wola-ul-wolska-3-pokojowe-j7w9b3,https://s2.adresowa.pl/oi/6f/57/40f3d4_2b87_cover@2x-3-pokojowe-mieszkanie-warszawa-wola-ul-wolska.webp
Warszawa Ursus,ul. Tomcia Palucha,1,35,599000,17114,bez pośredników,,29,https://adresowo.pl/o/mieszkanie-warszawa-ursus-ul-tomcia-palucha-1-pokoj-g5z7i5,https://s2.adresowa.pl/oi/3a/23/40f578_6567_cover@2x-1-pokojowe-mieszkanie-warszawa-ursus-ul-tomcia-palucha.webp
Warszawa Wola,ul. Kolejowa,3,71,2100000,29577,bez pośredników,,13,https://adresowo.pl/o/mieszkanie-warszawa-wola-ul-kolejowa-3-pokojowe-f4r7k9,https://s2.adresowa.pl/oi/25/6e/40f4de_6bb1_cover@2x-3-pokojowe-mieszkanie-warszawa-wola-ul-kolejowa.webp
Warszawa Białołęka,ul. Głębocka,5,100,zapytaj,,bez pośredników,,+1 podobna oferta,https://adresowo.pl/o/mieszkanie-warszawa-bialoleka-ul-glebocka-5-pokojowe-u9p7l0,https://s2.adresowa.pl/development/673554/nowe-mieszkania-glebocka-vita-d2cc_cover.jpg
Warszawa Białołęka,ul. Podłużna,1,31,450000,14516,Pośrednik,,3,https://adresowo.pl/o/mieszkanie-warszawa-bialoleka-ul-podluzna-1-pokoj-x1b4i7,https://s2.adresowa.pl/oi/1f/22/40f3a2_ffca_cover@2x-1-pokojowe-mieszkanie-warszawa-bialoleka-ul-podluzna.webp
Warszawa Białołęka,ul. Aluzyjna 33,3,73,1099999,15068,Pośrednik,,20,https://adresowo.pl/o/mieszkanie-warszawa-bialoleka-ul-aluzyjna-3-pokojowe-b9i4q3,https://s2.adresowa.pl/oi/1d/27/40f396_5f00_cover@2x-3-pokojowe-mieszkanie-warszawa-bialoleka-ul-aluzyjna.webp
Warszawa Bielany,ul. Sokratesa,1,27,769000,28481,bez pośredników,,20,https://adresowo.pl/o/mieszkanie-warszawa-bielany-ul-sokratesa-1-pokoj-j3h8r9,https://s2.adresowa.pl/oi/50/39/40f4c8_b367_cover@2x-1-pokojowe-mieszkanie-warszawa-bielany-ul-sokratesa.webp
Warszawa Wola,ul. Stanisława Worcella,3,67,1450000,21642,bez pośredników,,8,https://adresowo.pl/o/mieszkanie-warszawa-wola-ul-stanislawa-worcella-3-pokojowe-m1o6e8,https://s2.adresowa.pl/oi/5d/7c/40f498_dcc8_cover@2x-3-pokojowe-mieszkanie-warszawa-wola-ul-stanislawa-worcella.webp
Warszawa Bemowo,ul. Sochaczewska,5,119,zapytaj,,bez pośredników,,+1 podobna oferta,https://adresowo.pl/o/mieszkanie-warszawa-bemowo-ul-sochaczewska-5-pokojowe-u2l4f6,https://s2.adresowa.pl/development/672892/nowe-mieszkania-sochaczewska-vita-c27d_cover.jpg
Warszawa Śródmieście,ul. Mostowa,3,56,1275000,22768,Pośrednik,,13,https://adresowo.pl/o/mieszkanie-warszawa-srodmiescie-ul-mostowa-3-pokojowe-a3w9t5,https://s2.adresowa.pl/oi/66/5d/40f394_7dd9_cover@2x-3-pokojowe-mieszkanie-warszawa-srodmiescie-ul-mostowa.webp
Warszawa Ochota,ul. Jasielska,2,36,749000,20806,Pośrednik,,10,https://adresowo.pl/o/mieszkanie-warszawa-ochota-ul-jasielska-2-pokojowe-s2u4b9,https://s2.adresowa.pl/oi/56/5c/40f104_4dde_cover@2x-2-pokojowe-mieszkanie-warszawa-ochota-ul-jasielska.webp
Warszawa Mokotów,ul. Jana Pawła Woronicza,2,61,1369000,22443,bez pośredników,,8,https://adresowo.pl/o/mieszkanie-warszawa-mokotow-ul-jana-pawla-woronicza-2-pokojowe-k0t9b2,https://s2.adresowa.pl/oi/54/27/40f426_a7da_cover@2x-2-pokojowe-mieszkanie-warszawa-mokotow-ul-jana-pawla-woronicza.webp
Warszawa Mokotów,ul. Rakowiecka,4,96,2500000,26042,bez pośredników,,14,https://adresowo.pl/o/mieszkanie-warszawa-mokotow-ul-rakowiecka-4-pokojowe-a2t3w6,https://s2.adresowa.pl/oi/18/32/40f420_c6f4_cover@2x-4-pokojowe-mieszkanie-warszawa-mokotow-ul-rakowiecka.webp
Warszawa Bemowo,ul. Podgrodzie,5,92,zapytaj,,bez pośredników,,6,https://adresowo.pl/o/mieszkanie-warszawa-bemowo-ul-podgrodzie-5-pokojowe-t8o0r4,https://s2.adresowa.pl/development/671978/nowe-mieszkania-viva-cite-1628_cover.jpg
Warszawa Wola,ul. Krochmalna 4/28,3,53,1545000,29151,Pośrednik,,12,https://adresowo.pl/o/mieszkanie-warszawa-wola-ul-krochmalna-3-pokojowe-t1m1a4,https://s2.adresowa.pl/oi/31/27/40f064_4b68_cover@2x-3-pokojowe-mieszkanie-warszawa-wola-ul-krochmalna.webp
Warszawa Wola,ul. Giełdowa,3,75,1990000,26533,Pośrednik,,8,https://adresowo.pl/o/mieszkanie-warszawa-wola-ul-gieldowa-3-pokojowe-t1q9m9,https://s2.adresowa.pl/oi/1e/6a/40f044_3b7d_cover@2x-3-pokojowe-mieszkanie-warszawa-wola-ul-gieldowa.webp
Warszawa Białołęka,ul. Mariana Wyrzykowskiego,3,59,855000,14492,bez pośredników,,19,https://adresowo.pl/o/mieszkanie-warszawa-bialoleka-ul-mariana-wyrzykowskiego-3-pokojowe-o7u4o3,https://s2.adresowa.pl/oi/65/4e/40f3b6_ba1f_cover@2x-3-pokojowe-mieszkanie-warszawa-bialoleka-ul-mariana-wyrzykowskiego.webp
Warszawa Okęcie,ul. Komitetu Obrony Robotników,3,64,1215000,18984,bez pośredników,,20,https://adresowo.pl/o/mieszkanie-warszawa-okecie-ul-komitetu-obrony-robotnikow-3-pokojowe-w5g9e9,https://s2.adresowa.pl/oi/2b/54/40f354_5ca8_cover@2x-3-pokojowe-mieszkanie-warszawa-okecie-ul-komitetu-obrony-robotnikow.webp
Warszawa Włochy,ul. Trzcinowa,5,113,zapytaj,,bez pośredników,,10,https://adresowo.pl/o/mieszkanie-warszawa-wlochy-ul-trzcinowa-5-pokojowe-y1g7u7,https://s2.adresowa.pl/development/671574/nowe-mieszkania-trzcinowa-vita-1475_cover.jpg
Warszawa Ochota,ul. Trzech Budrysów,2,47,767800,16336,Pośrednik,,17,https://adresowo.pl/o/mieszkanie-warszawa-ochota-ul-trzech-budrysow-2-pokojowe-t0s8a2,https://s2.adresowa.pl/oi/3d/6c/40f020_608c_cover@2x-2-pokojowe-mieszkanie-warszawa-ochota-ul-trzech-budrysow.webp
Warszawa Białołęka,ul. Odkryta,1,32,450000,14062,Pośrednik,,5,https://adresowo.pl/o/mieszkanie-warszawa-bialoleka-ul-odkryta-1-pokoj-g9c2i5,https://s2.adresowa.pl/oi/16/45/40efb2_eb55_cover@2x-1-pokojowe-mieszkanie-warszawa-bialoleka-ul-odkryta.webp
Warszawa Górny Mokotów,ul. Bachmacka,1,38,670000,17632,bez pośredników,,9,https://adresowo.pl/o/mieszkanie-warszawa-gorny-mokotow-ul-bachmacka-1-pokoj-s3r7s6,https://s2.adresowa.pl/oi/20/37/40f330_a32b_cover@2x-1-pokojowe-mieszkanie-warszawa-gorny-mokotow-ul-bachmacka.webp
Warszawa Bemowo,ul. Rozłogi,2,50,700000,14000,bez pośredników,,8,https://adresowo.pl/o/mieszkanie-warszawa-bemowo-ul-rozlogi-2-pokojowe-s5f0x7,https://s2.adresowa.pl/oi/74/4e/40f302_8b92_cover@2x-2-pokojowe-mieszkanie-warszawa-bemowo-ul-rozlogi.webp
Warszawa Mokotów,ul. Czerniakowska,1,19,439000,23105,bez pośredników,,9,https://adresowo.pl/o/mieszkanie-warszawa-mokotow-ul-czerniakowska-1-pokoj-v6d8d8,https://s2.adresowa.pl/oi/27/28/40f2a6_b3d1_cover@2x-1-pokojowe-mieszkanie-warszawa-mokotow-ul-czerniakowska.webp
Warszawa Praga-Południe,ul. Ludwika Mycielskiego 23,2,38,699000,18395,Pośrednik,,18,https://adresowo.pl/o/mieszkanie-warszawa-praga-poludnie-ul-ludwika-mycielskiego-2-pokojowe-h7s1e5,https://s2.adresowa.pl/oi/2b/57/40efb0_7c79_cover@2x-2-pokojowe-mieszkanie-warszawa-praga-poludnie-ul-ludwika-mycielskiego.webp
Warszawa Wilanów,ul. Stanisława Kostki Potockiego,2,94,1890000,20106,Pośrednik,,11,https://adresowo.pl/o/mieszkanie-warszawa-wilanow-ul-stanislawa-kostki-potockiego-2-pokojowe-f4m4c4,https://s2.adresowa.pl/oi/6e/13/40efaa_b3a7_cover@2x-2-pokojowe-mieszkanie-warszawa-wilanow-ul-stanislawa-kostki-potockiego.webp
Warszawa Bemowo,ul. Kopalniana,3,63,1490000,23651,bez pośredników,,11,https://adresowo.pl/o/mieszkanie-warszawa-bemowo-ul-kopalniana-3-pokojowe-d7l3h5,https://s2.adresowa.pl/oi/24/76/40f26c_8863_cover@2x-3-pokojowe-mieszkanie-warszawa-bemowo-ul-kopalniana.webp
Warszawa Ochota,ul. Gorlicka,2,42,749000,17833,bez pośredników,,8,https://adresowo.pl/o/mieszkanie-warszawa-ochota-ul-gorlicka-2-pokojowe-l2r2d9,https://s2.adresowa.pl/oi/11/4d/40f25a_59f7_cover@2x-2-pokojowe-mieszkanie-warszawa-ochota-ul-gorlicka.webp
Warszawa Wola,ul. Piaskowa,2,38,889000,23395,bez pośredników,,21,https://adresowo.pl/o/mieszkanie-warszawa-wola-ul-piaskowa-2-pokojowe-k3m9r1,https://s2.adresowa.pl/oi/14/60/40f240_5fb7_cover@2x-2-pokojowe-mieszkanie-warszawa-wola-ul-piaskowa.webp
Warszawa Śródmieście,ul. Pańska,2,36,690000,19167,Pośrednik,,12,https://adresowo.pl/o/mieszkanie-warszawa-srodmiescie-ul-panska-2-pokojowe-z8f1x1,https://s2.adresowa.pl/oi/4e/1a/40ef8a_e1a8_cover@2x-2-pokojowe-mieszkanie-warszawa-srodmiescie-ul-panska.webp
Warszawa Bemowo,ul. Uniejowska,3,60,950000,15833,Pośrednik,,6,https://adresowo.pl/o/mieszkanie-warszawa-bemowo-ul-uniejowska-3-pokojowe-o3p3l5,https://s2.adresowa.pl/oi/12/48/40ef82_bc3e_cover@2x-3-pokojowe-mieszkanie-warszawa-bemowo-ul-uniejowska.webp
Warszawa Praga-Północ,ul. Józefa Szanajcy,2,42,750000,17857,bez pośredników,,8,https://adresowo.pl/o/mieszkanie-warszawa-praga-polnoc-ul-jozefa-szanajcy-2-pokojowe-o3d9q7,https://s2.adresowa.pl/oi/4e/12/40f21a_285b_cover@2x-2-pokojowe-mieszkanie-warszawa-praga-polnoc-ul-jozefa-szanajcy.webp
Warszawa Targówek,ul. Wyspowa,2,50,720000,14400,bez pośredników,,12,https://adresowo.pl/o/mieszkanie-warszawa-targowek-ul-wyspowa-2-pokojowe-q6u9l5,https://s2.adresowa.pl/oi/7f/30/40f1fa_5046_cover@2x-2-pokojowe-mieszkanie-warszawa-targowek-ul-wyspowa.webp
Warszawa Jelonki,ul. gen. Meriana C. Coopera,2,41,800000,19512,bez pośredników,,7,https://adresowo.pl/o/mieszkanie-warszawa-jelonki-ul-gen-meriana-c-coopera-2-pokojowe-h8x8y6,https://s2.adresowa.pl/oi/15/69/40f1f8_4964_cover@2x-2-pokojowe-mieszkanie-warszawa-jelonki-ul-gen-meriana-c-coopera.webp
Warszawa,Wola,2,37,1230000,33243,Pośrednik,,18,https://adresowo.pl/o/mieszkanie-warszawa-wola-2-pokojowe-37-m2-m5q6z7,https://s2.adresowa.pl/oi/3c/48/40ef7a_8ef9_cover@2x-2-pokojowe-mieszkanie-warszawa-wola.webp
Warszawa Bielany,ul. Zabłocińska,3,57,835000,14649,Pośrednik,,15,https://adresowo.pl/o/mieszkanie-warszawa-bielany-ul-zablocinska-3-pokojowe-s8y9o5,https://s2.adresowa.pl/oi/15/32/40ef54_5a1f_cover@2x-3-pokojowe-mieszkanie-warszawa-bielany-ul-zablocinska.webp
Warszawa Mokotów,ul. Artura Malawskiego,1,27,465000,17222,bez pośredników,,8,https://adresowo.pl/o/mieszkanie-warszawa-mokotow-ul-artura-malawskiego-1-pokoj-x3h8x5,https://s2.adresowa.pl/oi/29/1b/40f19a_281f_cover@2x-1-pokojowe-mieszkanie-warszawa-mokotow-ul-artura-malawskiego.webp
Warszawa Targówek,ul. Krzewna,3,49,926100,18900,bez pośredników,,13,https://adresowo.pl/o/mieszkanie-warszawa-targowek-ul-krzewna-3-pokojowe-z8m3i2,https://s2.adresowa.pl/oi/7b/1f/40f13e_40ac_cover@2x-3-pokojowe-mieszkanie-warszawa-targowek-ul-krzewna.webp
Warszawa Ursus,ul. Dzieci Warszawy,4,70,1180000,16857,bez pośredników,,10,https://adresowo.pl/o/mieszkanie-warszawa-ursus-ul-dzieci-warszawy-4-pokojowe-n8t5j0,https://s2.adresowa.pl/oi/1c/5e/40f0c2_9bdf_cover@2x-4-pokojowe-mieszkanie-warszawa-ursus-ul-dzieci-warszawy.webp
Warszawa Wola,ul. Jana Kazimierza,1,37,759000,20514,Pośrednik,,8,https://adresowo.pl/o/mieszkanie-warszawa-wola-ul-jana-kazimierza-1-pokoj-d6z2r6,https://s2.adresowa.pl/oi/48/1e/40ed16_4f71_cover@2x-1-pokojowe-mieszkanie-warszawa-wola-ul-jana-kazimierza.webp
Warszawa Wola,ul. Stanisława Worcella,2,35,680000,19429,Pośrednik,,13,https://adresowo.pl/o/mieszkanie-warszawa-wola-ul-stanislawa-worcella-2-pokojowe-k6n2j0,https://s2.adresowa.pl/oi/10/57/40ec80_375e_cover@2x-2-pokojowe-mieszkanie-warszawa-wola-ul-stanislawa-worcella.webp
Warszawa Białołęka,ul. Skarbka z Gór,2,36,545000,15139,bez pośredników,,8,https://adresowo.pl/o/mieszkanie-warszawa-bialoleka-ul-skarbka-z-gor-2-pokojowe-p3r9h2,https://s2.adresowa.pl/oi/50/51/40f0d6_3d3e_cover@2x-2-pokojowe-mieszkanie-warszawa-bialoleka-ul-skarbka-z-gor.webp
Warszawa Grochów,ul. Drwęcka,2,51,917000,17980,bez pośredników,,17,https://adresowo.pl/o/mieszkanie-warszawa-grochow-ul-drwecka-2-pokojowe-u3f9c3,https://s2.adresowa.pl/oi/59/6a/40f068_b55b_cover@2x-2-pokojowe-mieszkanie-warszawa-grochow-ul-drwecka.webp
Warszawa Wola,ul. Marcina Bielskiego,2,36,660000,18333,bez pośredników,,16,https://adresowo.pl/o/mieszkanie-warszawa-wola-ul-marcina-bielskiego-2-pokojowe-m6w6g9,https://s2.adresowa.pl/oi/6c/3c/40effa_7fe0_cover@2x-2-pokojowe-mieszkanie-warszawa-wola-ul-marcina-bielskiego.webp
Warszawa Ochota,ul. Daleka,3,57,999000,17526,Pośrednik,,1,https://adresowo.pl/o/mieszkanie-warszawa-ochota-ul-daleka-3-pokojowe-g0b0r2,https://s2.adresowa.pl/oi/5c/42/40ec7c_a919_cover@2x-3-pokojowe-mieszkanie-warszawa-ochota-ul-daleka.webp
Warszawa Bemowo,ul. Księcia Bolesława,2,50,950000,19000,Pośrednik,,15,https://adresowo.pl/o/mieszkanie-warszawa-bemowo-ul-ksiecia-boleslawa-2-pokojowe-e3l5b4,https://s2.adresowa.pl/oi/1e/3e/40ec78_7b1c_cover@2x-2-pokojowe-mieszkanie-warszawa-bemowo-ul-ksiecia-boleslawa.webp
Warszawa Bielany,ul. Wojciecha Bogusławskiego,3,65,960000,14769,bez pośredników,,7,https://adresowo.pl/o/mieszkanie-warszawa-bielany-ul-wojciecha-boguslawskiego-3-pokojowe-e2d0i5,https://s2.adresowa.pl/oi/7c/5c/40efac_f4bf_cover@2x-3-pokojowe-mieszkanie-warszawa-bielany-ul-wojciecha-boguslawskiego.webp
Warszawa Wilanów,al. Rzeczypospolitej,4,78,1850000,23718,bez pośredników,,21,https://adresowo.pl/o/mieszkanie-warszawa-wilanow-al-rzeczypospolitej-4-pokojowe-m8g3c4,https://s2.adresowa.pl/oi/24/63/40ef94_57b7_cover@2x-4-pokojowe-mieszkanie-warszawa-wilanow-al-rzeczypospolitej.webp
Warszawa Praga-Północ,ul. Józefa Sierakowskiego,2,46,1750000,38043,bez pośredników,,14,https://adresowo.pl/o/mieszkanie-warszawa-praga-polnoc-ul-jozefa-sierakowskiego-2-pokojowe-y6e4i4,https://s2.adresowa.pl/oi/51/73/40ef76_4d5e_cover@2x-2-pokojowe-mieszkanie-warszawa-praga-polnoc-ul-jozefa-sierakowskiego.webp
Warszawa Targówek,ul. Lewinowska,2,42,580000,13810,Pośrednik,,8,https://adresowo.pl/o/mieszkanie-warszawa-targowek-ul-lewinowska-2-pokojowe-y2c0s9,https://s2.adresowa.pl/oi/4c/6e/40ec38_7e44_cover@2x-2-pokojowe-mieszkanie-warszawa-targowek-ul-lewinowska.webp
Warszawa,Bemowo,2,50,689990,13800,Pośrednik,,9,https://adresowo.pl/o/mieszkanie-warszawa-bemowo-2-pokojowe-50-m2-k3h2y2,https://s2.adresowa.pl/oi/31/5b/40ec20_a156_cover@2x-2-pokojowe-mieszkanie-warszawa-bemowo.webp
Warszawa Targówek,ul. Piotra Wysockiego,2,41,549000,13390,bez pośredników,,11,https://adresowo.pl/o/mieszkanie-warszawa-targowek-ul-piotra-wysockiego-2-pokojowe-l4c9a9,https://s2.adresowa.pl/oi/7b/7e/40ef42_c952_cover@2x-2-pokojowe-mieszkanie-warszawa-targowek-ul-piotra-wysockiego.webp
Warszawa Wola,ul. Jana Kazimierza,3,56,1280000,22857,bez pośredników,,9,https://adresowo.pl/o/mieszkanie-warszawa-wola-ul-jana-kazimierza-3-pokojowe-b5e1h6,https://s2.adresowa.pl/oi/40/78/40ef0c_c012_cover@2x-3-pokojowe-mieszkanie-warszawa-wola-ul-jana-kazimierza.webp
Warszawa Ursus,ul. Poczty Gdańskiej,2,59,860000,14576,bez pośredników,,10,https://adresowo.pl/o/mieszkanie-warszawa-ursus-ul-poczty-gdanskiej-2-pokojowe-h4t2u5,https://s2.adresowa.pl/oi/59/13/402dfe_fe08_cover@2x-2-pokojowe-mieszkanie-warszawa-ursus-ul-poczty-gdanskiej.webp
Warszawa Mokotów,ul. Fort Piłsudskiego,3,80,3500000,43750,Pośrednik,,20,https://adresowo.pl/o/mieszkanie-warszawa-mokotow-ul-fort-pilsudskiego-3-pokojowe-q0t1c4,https://s2.adresowa.pl/oi/46/21/40ec16_f18c_cover@2x-3-pokojowe-mieszkanie-warszawa-mokotow-ul-fort-pilsudskiego.webp
Warszawa,Śródmieście,2,36,848900,23581,Pośrednik,,12,https://adresowo.pl/o/mieszkanie-warszawa-srodmiescie-2-pokojowe-36-m2-n4i3h9,https://s2.adresowa.pl/oi/13/6d/40ec14_d921_cover@2x-2-pokojowe-mieszkanie-warszawa-srodmiescie.webp
Warszawa Wola,ul. Mikołaja Wierzynka,3,48,zapytaj,,bez pośredników,,12,https://adresowo.pl/o/mieszkanie-warszawa-wola-ul-mikolaja-wierzynka-3-pokojowe-w7w1b6,https://s2.adresowa.pl/oi/4b/53/40eeba_410f_cover@2x-3-pokojowe-mieszkanie-warszawa-wola-ul-mikolaja-wierzynka.webp
Warszawa Mokotów,al. Niepodległości,2,60,990000,16500,bez pośredników,,11,https://adresowo.pl/o/mieszkanie-warszawa-mokotow-al-niepodleglosci-2-pokojowe-m1w7w7,https://s2.adresowa.pl/oi/72/37/40ee96_e8db_cover@2x-2-pokojowe-mieszkanie-warszawa-mokotow-al-niepodleglosci.webp
Warszawa Śródmieście,ul. Mokotowska,1,35,999000,28543,bez pośredników,,12,https://adresowo.pl/o/mieszkanie-warszawa-srodmiescie-ul-mokotowska-1-pokoj-y9x8q3,https://s2.adresowa.pl/oi/71/15/40ee64_e6f3_cover@2x-1-pokojowe-mieszkanie-warszawa-srodmiescie-ul-mokotowska.webp
Warszawa Wilanów,ul. Kazachska 5,3,64,1245000,19453,Pośrednik,,20,https://adresowo.pl/o/mieszkanie-warszawa-wilanow-ul-kazachska-3-pokojowe-y2z0g5,https://s2.adresowa.pl/oi/54/33/40ec04_e679_cover@2x-3-pokojowe-mieszkanie-warszawa-wilanow-ul-kazachska.webp
Warszawa Białołęka,ul. Aluzyjna,2,44,629000,14295,Pośrednik,,11,https://adresowo.pl/o/mieszkanie-warszawa-bialoleka-ul-aluzyjna-2-pokojowe-d3g8r5,https://s2.adresowa.pl/oi/4c/67/40ebfa_758c_cover@2x-2-pokojowe-mieszkanie-warszawa-bialoleka-ul-aluzyjna.webp
Warszawa Wola,ul. Żytnia 13,3,72,1483100,20599,bez pośredników,,11,https://adresowo.pl/o/mieszkanie-warszawa-wola-ul-zytnia-3-pokojowe-i3q5z4,https://s2.adresowa.pl/oi/7c/46/3c83bc_a97c_cover@2x-3-pokojowe-mieszkanie-warszawa-wola-ul-zytnia.webp
Warszawa,Ursynów,2,32,550000,17188,bez pośredników,,5,https://adresowo.pl/o/mieszkanie-warszawa-ursynow-2-pokojowe-32-m2-f1i4c7,https://s2.adresowa.pl/oi/74/36/40edfc_53d7_cover@2x-2-pokojowe-mieszkanie-warszawa-ursynow.webp
Warszawa Żoliborz,ul. Sady Żoliborskie,2,43,1019999,23721,bez pośredników,,17,https://adresowo.pl/o/mieszkanie-warszawa-zoliborz-ul-sady-zoliborskie-2-pokojowe-n8b6z8,https://s2.adresowa.pl/oi/1f/72/40edc0_8be8_cover@2x-2-pokojowe-mieszkanie-warszawa-zoliborz-ul-sady-zoliborskie.webp
Warszawa Białołęka,ul. Arcangela Corellego,2,41,620000,15122,bez pośredników,,19,https://adresowo.pl/o/mieszkanie-warszawa-bialoleka-ul-arcangela-corellego-2-pokojowe-z1s6f9,https://s2.adresowa.pl/oi/2c/5e/40ed36_828d_cover@2x-2-pokojowe-mieszkanie-warszawa-bialoleka-ul-arcangela-corellego.webp
Warszawa Bielany,ul. Władysława Broniewskiego,3,51,715000,14020,Pośrednik,,13,https://adresowo.pl/o/mieszkanie-warszawa-bielany-ul-wladyslawa-broniewskiego-3-pokojowe-v4y5c9,https://s2.adresowa.pl/oi/46/54/40e64c_54db_cover@2x-3-pokojowe-mieszkanie-warszawa-bielany-ul-wladyslawa-broniewskiego.webp
Warszawa Mokotów,ul. Batuty 7,2,45,699000,15533,Pośrednik,,28,https://adresowo.pl/o/mieszkanie-warszawa-mokotow-ul-batuty-2-pokojowe-b8k7i3,https://s2.adresowa.pl/oi/44/6d/40e636_8068_cover@2x-2-pokojowe-mieszkanie-warszawa-mokotow-ul-batuty.webp
Warszawa Ursynów,ul. Dereniowa,1,36,615000,17083,bez pośredników,,8,https://adresowo.pl/o/mieszkanie-warszawa-ursynow-ul-dereniowa-1-pokoj-y8n1e7,https://s2.adresowa.pl/oi/18/6f/40ed18_8fc8_cover@2x-1-pokojowe-mieszkanie-warszawa-ursynow-ul-dereniowa.webp
Warszawa Ursus,ul. Ryżowa,3,68,855000,12574,bez pośredników,,18,https://adresowo.pl/o/mieszkanie-warszawa-ursus-ul-ryzowa-3-pokojowe-s1i2f2,https://s2.adresowa.pl/oi/43/38/40ecb2_e30f_cover@2x-3-pokojowe-mieszkanie-warszawa-ursus-ul-ryzowa.webp
Warszawa Śródmieście,ul. Krochmalna,3,48,930000,19375,bez pośredników,,8,https://adresowo.pl/o/mieszkanie-warszawa-srodmiescie-ul-krochmalna-3-pokojowe-t4d2g4,https://s2.adresowa.pl/oi/62/24/40ecac_faf5_cover@2x-3-pokojowe-mieszkanie-warszawa-srodmiescie-ul-krochmalna.webp
Warszawa Ochota,ul. Grójecka 114,3,43,799000,18581,Pośrednik,,20,https://adresowo.pl/o/mieszkanie-warszawa-ochota-ul-grojecka-3-pokojowe-t4h5p8,https://s2.adresowa.pl/oi/49/58/40e61a_9863_cover@2x-3-pokojowe-mieszkanie-warszawa-ochota-ul-grojecka.webp
Warszawa Mokotów,ul. Asfaltowa 16,1,33,739000,22394,Pośrednik,,19,https://adresowo.pl/o/mieszkanie-warszawa-mokotow-ul-asfaltowa-1-pokoj-m7z3w1,https://s2.adresowa.pl/oi/27/44/40e44a_a597_cover@2x-1-pokojowe-mieszkanie-warszawa-mokotow-ul-asfaltowa.webp
Warszawa Wola,ul. Szulborska,3,48,655000,13646,bez pośredników,,14,https://adresowo.pl/o/mieszkanie-warszawa-wola-ul-szulborska-3-pokojowe-b8z2b0,https://s2.adresowa.pl/oi/47/4e/40eb04_b05b_cover@2x-3-pokojowe-mieszkanie-warszawa-wola-ul-szulborska.webp
Warszawa Białołęka,ul. Ceramiczna,2,34,615000,18088,bez pośredników,,8,https://adresowo.pl/o/mieszkanie-warszawa-bialoleka-ul-ceramiczna-2-pokojowe-j3x9e9,https://s2.adresowa.pl/oi/57/53/40eada_85ab_cover@2x-2-pokojowe-mieszkanie-warszawa-bialoleka-ul-ceramiczna.webp
Warszawa Mokotów,ul. Chełmska,3,68,1370000,20147,bez pośredników,,8,https://adresowo.pl/o/mieszkanie-warszawa-mokotow-ul-chelmska-3-pokojowe-q0r9c7,https://s2.adresowa.pl/oi/21/28/40ea9c_a2bf_cover@2x-3-pokojowe-mieszkanie-warszawa-mokotow-ul-chelmska.webp
Warszawa Wilanów,ul. Księdza Prymasa Augusta Hlonda,3,82,1780000,21707,Pośrednik,,16,https://adresowo.pl/o/mieszkanie-warszawa-wilanow-ul-ksiedza-prymasa-augusta-hlonda-3-pokojowe-x7f1m4,https://s2.adresowa.pl/oi/5d/73/40e43a_912c_cover@2x-3-pokojowe-mieszkanie-warszawa-wilanow-ul-ksiedza-prymasa-augusta-hlonda.webp
Warszawa Praga-Południe,ul. Szklanych Domów,3,55,760000,13818,Pośrednik,,11,https://adresowo.pl/o/mieszkanie-warszawa-praga-poludnie-ul-szklanych-domow-3-pokojowe-g3f5h6,https://s2.adresowa.pl/oi/4e/46/40e42a_8e89_cover@2x-3-pokojowe-mieszkanie-warszawa-praga-poludnie-ul-szklanych-domow.webp
Warszawa,Ursynów,3,72,1500000,20833,bez pośredników,,15,https://adresowo.pl/o/mieszkanie-warszawa-ursynow-3-pokojowe-72-m2-j6p2x1,https://s2.adresowa.pl/oi/26/38/40ea9a_bfb4_cover@2x-3-pokojowe-mieszkanie-warszawa-ursynow.webp
Warszawa Ursynów,ul. Indiry Gandhi,2,51,933000,18294,bez pośredników,,16,https://adresowo.pl/o/mieszkanie-warszawa-ursynow-ul-indiry-gandhi-2-pokojowe-h6k3p3,https://s2.adresowa.pl/oi/56/48/40ea5e_df91_cover@2x-2-pokojowe-mieszkanie-warszawa-ursynow-ul-indiry-gandhi.webp
Warszawa Żoliborz,ul. Szamocka,3,62,1975000,31855,bez pośredników,,15,https://adresowo.pl/o/mieszkanie-warszawa-zoliborz-ul-szamocka-3-pokojowe-o2e7n8,https://s2.adresowa.pl/oi/3f/71/40ea4e_8b16_cover@2x-3-pokojowe-mieszkanie-warszawa-zoliborz-ul-szamocka.webp
Warszawa Ursynów,ul. Jerzego Zaruby,1,28,622000,22214,Pośrednik,,14,https://adresowo.pl/o/mieszkanie-warszawa-ursynow-ul-jerzego-zaruby-1-pokoj-n9z7b1,https://s2.adresowa.pl/oi/73/52/40e426_951d_cover@2x-1-pokojowe-mieszkanie-warszawa-ursynow-ul-jerzego-zaruby.webp
Warszawa Wola,ul. Gumińska,2,40,915000,22875,Pośrednik,,16,https://adresowo.pl/o/mieszkanie-warszawa-wola-ul-guminska-2-pokojowe-n8e2c2,https://s2.adresowa.pl/oi/2d/5e/40e422_f156_cover@2x-2-pokojowe-mieszkanie-warszawa-wola-ul-guminska.webp
Warszawa Nowodwory,ul. Odkryta,3,64,900000,14062,bez pośredników,,11,https://adresowo.pl/o/mieszkanie-warszawa-nowodwory-ul-odkryta-3-pokojowe-b2a4g1,https://s2.adresowa.pl/oi/46/10/40ea42_f12f_cover@2x-3-pokojowe-mieszkanie-warszawa-nowodwory-ul-odkryta.webp
Warszawa Szczęśliwice,ul. Grójecka,2,49,960000,19592,bez pośredników,,19,https://adresowo.pl/o/mieszkanie-warszawa-szczesliwice-ul-grojecka-2-pokojowe-c8a5p4,https://s2.adresowa.pl/oi/53/32/40e998_3e82_cover@2x-2-pokojowe-mieszkanie-warszawa-szczesliwice-ul-grojecka.webp
Warszawa Wesoła,ul. Pogodna,4,70,1049999,15000,bez pośredników,,21,https://adresowo.pl/o/mieszkanie-warszawa-wesola-ul-pogodna-4-pokojowe-v0g6f2,https://s2.adresowa.pl/oi/46/7b/40e976_c93e_cover@2x-4-pokojowe-mieszkanie-warszawa-wesola-ul-pogodna.webp
Warszawa Targówek,ul. Krasnobrodzka,2,46,740000,16087,Pośrednik,,4,https://adresowo.pl/o/mieszkanie-warszawa-targowek-ul-krasnobrodzka-2-pokojowe-h6m3q1,https://s2.adresowa.pl/oi/79/2b/40e412_7608_cover@2x-2-pokojowe-mieszkanie-warszawa-targowek-ul-krasnobrodzka.webp
Warszawa Ursynów,al. Komisji Edukacji Narodowej 52,3,120,2390000,19917,Pośrednik,,20,https://adresowo.pl/o/mieszkanie-warszawa-ursynow-al-komisji-edukacji-narodowej-3-pokojowe-t2l6y0,https://s2.adresowa.pl/oi/59/36/40e40a_6b7b_cover@2x-3-pokojowe-mieszkanie-warszawa-ursynow-al-komisji-edukacji-narodowej.webp
Warszawa Wola,ul. Dzielna,2,38,1050000,27632,bez pośredników,,8,https://adresowo.pl/o/mieszkanie-warszawa-wola-ul-dzielna-2-pokojowe-b8y6m1,https://s2.adresowa.pl/oi/61/25/40e972_d88b_cover@2x-2-pokojowe-mieszkanie-warszawa-wola-ul-dzielna.webp
Warszawa Kamionek,ul. Grochowska,1,31,610000,19677,bez pośredników,,18,https://adresowo.pl/o/mieszkanie-warszawa-kamionek-ul-grochowska-1-pokoj-e4c2t2,https://s2.adresowa.pl/oi/66/17/40e93e_5241_cover@2x-1-pokojowe-mieszkanie-warszawa-kamionek-ul-grochowska.webp
Warszawa Praga-Południe,ul. Międzyborska,1,33,590000,17879,bez pośredników,,1,https://adresowo.pl/o/mieszkanie-warszawa-praga-poludnie-ul-miedzyborska-1-pokoj-k8f0i1,https://s2.adresowa.pl/oi/7a/37/40e8b8_b3f2_cover@2x-1-pokojowe-mieszkanie-warszawa-praga-poludnie-ul-miedzyborska.webp
Warszawa,ul. Aleje Jerozolimskie 190,2,36,850000,23611,Pośrednik,,12,https://adresowo.pl/o/mieszkanie-warszawa-ul-aleje-jerozolimskie-2-pokojowe-u9r0d8,https://s2.adresowa.pl/oi/48/15/40e2b8_47ab_cover@2x-2-pokojowe-mieszkanie-warszawa-ul-aleje-jerozolimskie.webp
Warszawa Mokotów,ul. Cybernetyki 17,3,63,1195000,18968,Pośrednik,,18,https://adresowo.pl/o/mieszkanie-warszawa-mokotow-ul-cybernetyki-3-pokojowe-u0k6u4,https://s2.adresowa.pl/oi/62/4e/40e2b4_9628_cover@2x-3-pokojowe-mieszkanie-warszawa-mokotow-ul-cybernetyki.webp
Warszawa Wilanów,ul. Adama Branickiego,4,106,2139000,20179,bez pośredników,,21,https://adresowo.pl/o/mieszkanie-warszawa-wilanow-ul-adama-branickiego-4-pokojowe-f3y8v5,https://s2.adresowa.pl/oi/3f/14/40e8ae_d0c5_cover@2x-4-pokojowe-mieszkanie-warszawa-wilanow-ul-adama-branickiego.webp
Warszawa Okęcie,ul. Pilchowicka 21,3,56,1190000,21250,bez pośredników,,20,https://adresowo.pl/o/mieszkanie-warszawa-okecie-ul-pilchowicka-3-pokojowe-u5q2n2,https://s2.adresowa.pl/oi/37/4c/40e86a_a45e_cover@2x-3-pokojowe-mieszkanie-warszawa-okecie-ul-pilchowicka.webp
Warszawa Jelonki,ul. Lazurowa,2,50,780000,15600,bez pośredników,,19,https://adresowo.pl/o/mieszkanie-warszawa-jelonki-ul-lazurowa-2-pokojowe-m3x7e9,https://s2.adresowa.pl/oi/36/1e/40e7b8_4ffe_cover@2x-2-pokojowe-mieszkanie-warszawa-jelonki-ul-lazurowa.webp
Warszawa Praga-Północ,ul. Jagiellońska,1,32,830000,25938,Pośrednik,,13,https://adresowo.pl/o/mieszkanie-warszawa-praga-polnoc-ul-jagiellonska-1-pokoj-i5l7b0,https://s2.adresowa.pl/oi/2a/24/40e2a2_ae04_cover@2x-1-pokojowe-mieszkanie-warszawa-praga-polnoc-ul-jagiellonska.webp
Warszawa Włochy,ul. Wagonowa,3,83,1790000,21566,Pośrednik,,20,https://adresowo.pl/o/mieszkanie-warszawa-wlochy-ul-wagonowa-3-pokojowe-w0m7d0,https://s2.adresowa.pl/oi/16/78/40e280_eeeb_cover@2x-3-pokojowe-mieszkanie-warszawa-wlochy-ul-wagonowa.webp
Warszawa Praga-Południe,ul. Żupnicza,2,50,1099000,21980,bez pośredników,,10,https://adresowo.pl/o/mieszkanie-warszawa-praga-poludnie-ul-zupnicza-2-pokojowe-z6i5b6,https://s2.adresowa.pl/oi/79/41/40e7ac_c940_cover@2x-2-pokojowe-mieszkanie-warszawa-praga-poludnie-ul-zupnicza.webp
Warszawa Białołęka,ul. Gioacchino Rossiniego,2,42,599000,14262,bez pośredników,,12,https://adresowo.pl/o/mieszkanie-warszawa-bialoleka-ul-gioacchino-rossiniego-2-pokojowe-i0n9r4,https://s2.adresowa.pl/oi/51/11/40e77e_e933_cover@2x-2-pokojowe-mieszkanie-warszawa-bialoleka-ul-gioacchino-rossiniego.webp
Warszawa Ochota,ul. Geodetów,2,37,599000,16189,bez pośredników,,5,https://adresowo.pl/o/mieszkanie-warszawa-ochota-ul-geodetow-2-pokojowe-o6m9v2,https://s2.adresowa.pl/oi/37/4b/40e778_6741_cover@2x-2-pokojowe-mieszkanie-warszawa-ochota-ul-geodetow.webp
Warszawa Ursynów,ul. Meander,3,63,1059700,16821,Pośrednik,,10,https://adresowo.pl/o/mieszkanie-warszawa-ursynow-ul-meander-3-pokojowe-b0q0q4,https://s2.adresowa.pl/oi/7e/1e/40e236_3e0f_cover@2x-3-pokojowe-mieszkanie-warszawa-ursynow-ul-meander.webp
Warszawa Śródmieście,ul. Przemysłowa,2,36,799000,22194,Pośrednik,,8,https://adresowo.pl/o/mieszkanie-warszawa-srodmiescie-ul-przemyslowa-2-pokojowe-h8d1d7,https://s2.adresowa.pl/oi/56/11/40e234_f7be_cover@2x-2-pokojowe-mieszkanie-warszawa-srodmiescie-ul-przemyslowa.webp
Warszawa Bemowo,ul. Widawska,1,40,695000,17375,bez pośredników,,6,https://adresowo.pl/o/mieszkanie-warszawa-bemowo-ul-widawska-1-pokoj-w8z7j5,https://s2.adresowa.pl/oi/52/6a/40e74a_fe80_cover@2x-1-pokojowe-mieszkanie-warszawa-bemowo-ul-widawska.webp
Warszawa Włochy,ul. Budki Szczęśliwickie,3,58,1200000,20690,bez pośredników,,21,https://adresowo.pl/o/mieszkanie-warszawa-wlochy-ul-budki-szczesliwickie-3-pokojowe-z6w8t3,https://s2.adresowa.pl/oi/2a/13/40e71e_c8c4_cover@2x-3-pokojowe-mieszkanie-warszawa-wlochy-ul-budki-szczesliwickie.webp
Warszawa Wola,ul. Pustola,3,54,765000,14167,bez pośredników,,9,https://adresowo.pl/o/mieszkanie-warszawa-wola-ul-pustola-3-pokojowe-l6h1f5,https://s2.adresowa.pl/oi/56/35/40e6f2_b4f5_cover@2x-3-pokojowe-mieszkanie-warszawa-wola-ul-pustola.webp
Warszawa Włochy,ul. Aleje Jerozolimskie,3,60,1285000,21417,Pośrednik,,16,https://adresowo.pl/o/mieszkanie-warszawa-wlochy-ul-aleje-jerozolimskie-3-pokojowe-e1h4c5,https://s2.adresowa.pl/oi/4f/7e/40e1f2_af3a_cover@2x-3-pokojowe-mieszkanie-warszawa-wlochy-ul-aleje-jerozolimskie.webp
Warszawa,ul. Hoża 25,1,23,489000,21261,Pośrednik,,7,https://adresowo.pl/o/mieszkanie-warszawa-ul-hoza-1-pokoj-t3p4b5,https://s2.adresowa.pl/oi/7d/64/40e1dc_b73b_cover@2x-1-pokojowe-mieszkanie-warszawa-ul-hoza.webp
Warszawa Jelonki,ul. Borowej Góry,2,29,569000,19621,bez pośredników,,8,https://adresowo.pl/o/mieszkanie-warszawa-jelonki-ul-borowej-gory-2-pokojowe-s1a9c7,https://s2.adresowa.pl/oi/58/15/40e6b6_b490_cover@2x-2-pokojowe-mieszkanie-warszawa-jelonki-ul-borowej-gory.webp
Warszawa Szmulki,ul. Łochowska,4,61,900000,14754,bez pośredników,,9,https://adresowo.pl/o/mieszkanie-warszawa-szmulki-ul-lochowska-4-pokojowe-c0z7v8,https://s2.adresowa.pl/oi/39/76/40e4b2_b78f_cover@2x-4-pokojowe-mieszkanie-warszawa-szmulki-ul-lochowska.webp
Warszawa Bemowo,ul. Rozłogi,2,50,750000,15000,bez pośredników,,8,https://adresowo.pl/o/mieszkanie-warszawa-bemowo-ul-rozlogi-2-pokojowe-j5d3u5,https://s2.adresowa.pl/oi/31/35/40e4ac_7dad_cover@2x-2-pokojowe-mieszkanie-warszawa-bemowo-ul-rozlogi.webp
Warszawa Ochota,al. Niepodległości,4,113,2890000,25575,Pośrednik,,22,https://adresowo.pl/o/mieszkanie-warszawa-ochota-al-niepodleglosci-4-pokojowe-c7q6x0,https://s2.adresowa.pl/oi/5c/7e/40e1ca_4a3d_cover@2x-4-pokojowe-mieszkanie-warszawa-ochota-al-niepodleglosci.webp
Warszawa Mokotów,ul. Stefana Batorego,3,48,958900,19977,Pośrednik,,8,https://adresowo.pl/o/mieszkanie-warszawa-mokotow-ul-stefana-batorego-3-pokojowe-f4q1c1,https://s2.adresowa.pl/oi/6e/3a/40e1ba_8ced_cover@2x-3-pokojowe-mieszkanie-warszawa-mokotow-ul-stefana-batorego.webp
Warszawa Ursus,ul. Magnacka,3,63,1150000,18254,bez pośredników,,10,https://adresowo.pl/o/mieszkanie-warszawa-ursus-ul-magnacka-3-pokojowe-b1q9l4,https://s2.adresowa.pl/oi/78/37/40e406_7b78_cover@2x-3-pokojowe-mieszkanie-warszawa-ursus-ul-magnacka.webp
Warszawa Siekierki,ul. Polska,3,86,1550000,18023,bez pośredników,,1,https://adresowo.pl/o/mieszkanie-warszawa-siekierki-ul-polska-3-pokojowe-w2f6q0,https://s2.adresowa.pl/oi/5f/76/40e3be_4f01_cover@2x-3-pokojowe-mieszkanie-warszawa-siekierki-ul-polska.webp
Warszawa,Tarchomin,3,63,749999,11905,bez pośredników,,20,https://adresowo.pl/o/mieszkanie-warszawa-tarchomin-3-pokojowe-63-m2-f4w9n7,https://s2.adresowa.pl/oi/30/70/40e376_2a7c_cover@2x-3-pokojowe-mieszkanie-warszawa-tarchomin.webp
Warszawa Mokotów,ul. Antoniego Józefa Madalińskiego,3,65,1350000,20769,Pośrednik,,20,https://adresowo.pl/o/mieszkanie-warszawa-mokotow-ul-antoniego-jozefa-madalinskiego-3-pokojowe-y9w9o7,https://s2.adresowa.pl/oi/1f/20/40e1aa_2c18_cover@2x-3-pokojowe-mieszkanie-warszawa-mokotow-ul-antoniego-jozefa-madalinskiego.webp
Warszawa Białołęka,ul. Marywilska,3,57,819700,14381,Pośrednik,,13,https://adresowo.pl/o/mieszkanie-warszawa-bialoleka-ul-marywilska-3-pokojowe-z8e2p2,https://s2.adresowa.pl/oi/4a/23/40e132_b229_cover@2x-3-pokojowe-mieszkanie-warszawa-bialoleka-ul-marywilska.webp
Warszawa Włochy,ul. Wiktoryn,2,33,498000,15091,bez pośredników,,7,https://adresowo.pl/o/mieszkanie-warszawa-wlochy-ul-wiktoryn-2-pokojowe-a1j5h3,https://s2.adresowa.pl/oi/1d/14/40e372_e70f_cover@2x-2-pokojowe-mieszkanie-warszawa-wlochy-ul-wiktoryn.webp
Warszawa Mokotów,ul. Magazynowa,3,54,1199000,22204,bez pośredników,,17,https://adresowo.pl/o/mieszkanie-warszawa-mokotow-ul-magazynowa-3-pokojowe-e6a8q5,https://s2.adresowa.pl/oi/5e/70/40e308_dd96_cover@2x-3-pokojowe-mieszkanie-warszawa-mokotow-ul-magazynowa.webp
Warszawa Włochy,ul. Potrzebna,2,35,590000,16857,bez pośredników,,21,https://adresowo.pl/o/mieszkanie-warszawa-wlochy-ul-potrzebna-2-pokojowe-t7s2q3,https://s2.adresowa.pl/oi/41/43/40e0c8_bc39_cover@2x-2-pokojowe-mieszkanie-warszawa-wlochy-ul-potrzebna.webp
Warszawa Włochy,al. Krakowska,3,52,1100000,21154,Pośrednik,,14,https://adresowo.pl/o/mieszkanie-warszawa-wlochy-al-krakowska-3-pokojowe-s6a5p2,https://s2.adresowa.pl/oi/70/37/40dfe6_376d_cover@2x-3-pokojowe-mieszkanie-warszawa-wlochy-al-krakowska.webp
Warszawa Białołęka,ul. Głębocka 56A,3,80,950000,11875,Pośrednik,,17,https://adresowo.pl/o/mieszkanie-warszawa-bialoleka-ul-glebocka-3-pokojowe-l5y5p5,https://s2.adresowa.pl/oi/60/40/40dfbc_4664_cover@2x-3-pokojowe-mieszkanie-warszawa-bialoleka-ul-glebocka.webp
Warszawa Wola,ul. Sienna,4,97,2250000,23196,bez pośredników,,21,https://adresowo.pl/o/mieszkanie-warszawa-wola-ul-sienna-4-pokojowe-g5i1y4,https://s2.adresowa.pl/oi/55/78/40e034_5d42_cover@2x-4-pokojowe-mieszkanie-warszawa-wola-ul-sienna.webp
Warszawa Bielany,ul. Przy Agorze,1,25,475000,19000,bez pośredników,,7,https://adresowo.pl/o/mieszkanie-warszawa-bielany-ul-przy-agorze-1-pokoj-p1z0j5,https://s2.adresowa.pl/oi/24/35/40e030_eec0_cover@2x-1-pokojowe-mieszkanie-warszawa-bielany-ul-przy-agorze.webp
Warszawa Praga-Południe,ul. Perkuna,4,98,1490000,15204,bez pośredników,,21,https://adresowo.pl/o/mieszkanie-warszawa-praga-poludnie-ul-perkuna-4-pokojowe-r1q8j9,https://s2.adresowa.pl/oi/48/64/40dfac_59fa_cover@2x-4-pokojowe-mieszkanie-warszawa-praga-poludnie-ul-perkuna.webp
Warszawa Praga,ul. Stanisława Mikołajczyka 12,1,35,589000,16829,Pośrednik,,8,https://adresowo.pl/o/mieszkanie-warszawa-praga-ul-stanislawa-mikolajczyka-1-pokoj-g1i8u8,https://s2.adresowa.pl/oi/4b/3a/40dec6_dadb_cover@2x-1-pokojowe-mieszkanie-warszawa-praga-ul-stanislawa-mikolajczyka.webp
Warszawa Ursynów,ul. Eugeniusza Lokajskiego,2,48,715000,14896,Pośrednik,,10,https://adresowo.pl/o/mieszkanie-warszawa-ursynow-ul-eugeniusza-lokajskiego-2-pokojowe-i3j0l8,https://s2.adresowa.pl/oi/71/2c/40dea8_38d3_cover@2x-2-pokojowe-mieszkanie-warszawa-ursynow-ul-eugeniusza-lokajskiego.webp
Warszawa,Wilanów,4,85,1499000,17635,bez pośredników,,8,https://adresowo.pl/o/mieszkanie-warszawa-wilanow-4-pokojowe-85-m2-j3r7b2,https://s2.adresowa.pl/oi/54/69/40df9a_2d78_cover@2x-4-pokojowe-mieszkanie-warszawa-wilanow.webp
Warszawa Mokotów,ul. Domaniewska,2,41,1200000,29268,bez pośredników,,15,https://adresowo.pl/o/mieszkanie-warszawa-mokotow-ul-domaniewska-2-pokojowe-f1a8t2,https://s2.adresowa.pl/oi/43/19/40df20_5d08_cover@2x-2-pokojowe-mieszkanie-warszawa-mokotow-ul-domaniewska.webp
Warszawa Praga-Północ,ul. Markowska,2,37,625000,16892,bez pośredników,,7,https://adresowo.pl/o/mieszkanie-warszawa-praga-polnoc-ul-markowska-2-pokojowe-y3c7y5,https://s2.adresowa.pl/oi/19/44/40dea2_e1c5_cover@2x-2-pokojowe-mieszkanie-warszawa-praga-polnoc-ul-markowska.webp
Warszawa Praga-Południe,ul. gen. Romana Abrahama,3,63,890000,14127,Pośrednik,,20,https://adresowo.pl/o/mieszkanie-warszawa-praga-poludnie-ul-gen-romana-abrahama-3-pokojowe-c0h8f1,https://s2.adresowa.pl/oi/56/3e/40de90_2c8f_cover@2x-3-pokojowe-mieszkanie-warszawa-praga-poludnie-ul-gen-romana-abrahama.webp
Warszawa Wola,ul. Marcina Kasprzaka,1,27,639000,23667,Pośrednik,,8,https://adresowo.pl/o/mieszkanie-warszawa-wola-ul-marcina-kasprzaka-1-pokoj-a1v8y1,https://s2.adresowa.pl/oi/3e/2a/40dcbe_aadd_cover@2x-1-pokojowe-mieszkanie-warszawa-wola-ul-marcina-kasprzaka.webp
Warszawa Bielany,ul. Renesansowa,2,45,809000,17978,bez pośredników,,15,https://adresowo.pl/o/mieszkanie-warszawa-bielany-ul-renesansowa-2-pokojowe-k8g9k8,https://s2.adresowa.pl/oi/4a/3c/40de80_c240_cover@2x-2-pokojowe-mieszkanie-warszawa-bielany-ul-renesansowa.webp
Warszawa Wesoła,ul. Warszawska,1,33,419000,12697,bez pośredników,,13,https://adresowo.pl/o/mieszkanie-warszawa-wesola-ul-warszawska-1-pokoj-a9m0i1,https://s2.adresowa.pl/oi/2b/4c/40de78_39b5_cover@2x-1-pokojowe-mieszkanie-warszawa-wesola-ul-warszawska.webp
Warszawa Bemowo,ul. Dywizjonu 303,1,32,600000,18750,bez pośredników,,1,https://adresowo.pl/o/mieszkanie-warszawa-bemowo-ul-dywizjonu-303-1-pokoj-f0w2l4,https://s2.adresowa.pl/oi/5b/19/40de72_93c6_cover@2x-1-pokojowe-mieszkanie-warszawa-bemowo-ul-dywizjonu-303.webp
Warszawa Białołęka,ul. Dionizosa,2,37,530000,14324,Pośrednik,,5,https://adresowo.pl/o/mieszkanie-warszawa-bialoleka-ul-dionizosa-2-pokojowe-b5t7r7,https://s2.adresowa.pl/oi/72/2e/40dc5a_d47e_cover@2x-2-pokojowe-mieszkanie-warszawa-bialoleka-ul-dionizosa.webp
Warszawa,ul. Jana Nowaka-Jeziorańskiego,3,58,1200000,20690,Pośrednik,,6,https://adresowo.pl/o/mieszkanie-warszawa-ul-jana-nowaka-jezioranskiego-3-pokojowe-k9b6v7,https://s2.adresowa.pl/oi/35/45/40dc3c_685f_cover@2x-3-pokojowe-mieszkanie-warszawa-ul-jana-nowaka-jezioranskiego.webp
Warszawa Praga-Północ,ul. Kameralna,2,42,790000,18810,bez pośredników,,9,https://adresowo.pl/o/mieszkanie-warszawa-praga-polnoc-ul-kameralna-2-pokojowe-c2j9m3,https://s2.adresowa.pl/oi/68/7a/40dde6_8a22_cover@2x-2-pokojowe-mieszkanie-warszawa-praga-polnoc-ul-kameralna.webp
Warszawa Ursus,ul. Ogniowa,2,33,669000,20273,bez pośredników,,19,https://adresowo.pl/o/mieszkanie-warszawa-ursus-ul-ogniowa-2-pokojowe-r4u8n4,https://s2.adresowa.pl/oi/4e/23/40ddce_ccf4_cover@2x-2-pokojowe-mieszkanie-warszawa-ursus-ul-ogniowa.webp
Warszawa Ursynów,ul. Na Uboczu,3,72,1800000,25000,bez pośredników,,20,https://adresowo.pl/o/mieszkanie-warszawa-ursynow-ul-na-uboczu-3-pokojowe-z1g9e5,https://s2.adresowa.pl/oi/31/5e/40ddc0_8119_cover@2x-3-pokojowe-mieszkanie-warszawa-ursynow-ul-na-uboczu.webp
Warszawa Wilanów,ul. Franciszka Klimczaka,2,52,1130000,21731,Pośrednik,,11,https://adresowo.pl/o/mieszkanie-warszawa-wilanow-ul-franciszka-klimczaka-2-pokojowe-t2l6w9,https://s2.adresowa.pl/oi/48/3c/40dc3a_6619_cover@2x-2-pokojowe-mieszkanie-warszawa-wilanow-ul-franciszka-klimczaka.webp
Warszawa Mokotów,ul. Bukowińska,3,98,1925000,19643,Pośrednik,,19,https://adresowo.pl/o/mieszkanie-warszawa-mokotow-ul-bukowinska-3-pokojowe-q6e4g5,https://s2.adresowa.pl/oi/6e/14/40dc38_3f81_cover@2x-3-pokojowe-mieszkanie-warszawa-mokotow-ul-bukowinska.webp
Warszawa Śródmieście,ul. Elektoralna 28,2,42,920000,21905,bez pośredników,,4,https://adresowo.pl/o/mieszkanie-warszawa-srodmiescie-ul-elektoralna-2-pokojowe-w3e5v1,https://s2.adresowa.pl/oi/45/59/40dd6a_3982_cover@2x-2-pokojowe-mieszkanie-warszawa-srodmiescie-ul-elektoralna.webp
Warszawa Białołęka,ul. Skarbka z Gór,2,48,630000,13125,bez pośredników,,8,https://adresowo.pl/o/mieszkanie-warszawa-bialoleka-ul-skarbka-z-gor-2-pokojowe-j6e2t4,https://s2.adresowa.pl/oi/2b/6c/40dd12_300b_cover@2x-2-pokojowe-mieszkanie-warszawa-bialoleka-ul-skarbka-z-gor.webp
Warszawa Mokotów,ul. Niegocińska,2,38,575000,15132,bez pośredników,,8,https://adresowo.pl/o/mieszkanie-warszawa-mokotow-ul-niegocinska-2-pokojowe-u1x2x4,https://s2.adresowa.pl/oi/3d/16/40dbb6_df96_cover@2x-2-pokojowe-mieszkanie-warszawa-mokotow-ul-niegocinska.webp
Warszawa Śródmieście,ul. Grzybowska,3,48,1145000,23854,Pośrednik,,6,https://adresowo.pl/o/mieszkanie-warszawa-srodmiescie-ul-grzybowska-3-pokojowe-r2p7z8,https://s2.adresowa.pl/oi/41/66/40dc32_34b4_cover@2x-3-pokojowe-mieszkanie-warszawa-srodmiescie-ul-grzybowska.webp
Warszawa Praga-Południe,ul. Ostrobramska,4,78,1399000,17936,Pośrednik,,11,https://adresowo.pl/o/mieszkanie-warszawa-praga-poludnie-ul-ostrobramska-4-pokojowe-c2j4u9,https://s2.adresowa.pl/oi/69/58/40dc30_5ae8_cover@2x-4-pokojowe-mieszkanie-warszawa-praga-poludnie-ul-ostrobramska.webp
Warszawa Śródmieście,ul. Podwale,4,100,3499000,34990,bez pośredników,,19,https://adresowo.pl/o/mieszkanie-warszawa-srodmiescie-ul-podwale-4-pokojowe-i7q5d3,https://s2.adresowa.pl/oi/38/2c/40dabc_32aa_cover@2x-4-pokojowe-mieszkanie-warszawa-srodmiescie-ul-podwale.webp
Warszawa Ochota,ul. Grójecka,2,44,985000,22386,bez pośredników,,9,https://adresowo.pl/o/mieszkanie-warszawa-ochota-ul-grojecka-2-pokojowe-z8v7v9,https://s2.adresowa.pl/oi/4f/47/40dab2_e2ec_cover@2x-2-pokojowe-mieszkanie-warszawa-ochota-ul-grojecka.webp
Warszawa Mokotów,ul. Dzikich Jabłoni,3,71,2085000,29366,bez pośredników,,4,https://adresowo.pl/o/mieszkanie-warszawa-mokotow-ul-dzikich-jabloni-3-pokojowe-g1k0k1,https://s2.adresowa.pl/oi/7d/77/40da68_a65b_cover@2x-3-pokojowe-mieszkanie-warszawa-mokotow-ul-dzikich-jabloni.webp
Warszawa Śródmieście,ul. Wspólna,3,66,1349000,20439,Pośrednik,,11,https://adresowo.pl/o/mieszkanie-warszawa-srodmiescie-ul-wspolna-3-pokojowe-n7d8d6,https://s2.adresowa.pl/oi/72/24/40dc28_fc9f_cover@2x-3-pokojowe-mieszkanie-warszawa-srodmiescie-ul-wspolna.webp
Warszawa Wola,ul. Chłodna,1,36,730000,20278,Pośrednik,,4,https://adresowo.pl/o/mieszkanie-warszawa-wola-ul-chlodna-1-pokoj-g3c9m8,https://s2.adresowa.pl/oi/3d/4d/40dbe6_27e6_cover@2x-1-pokojowe-mieszkanie-warszawa-wola-ul-chlodna.webp
Warszawa Muranów,ul. Dzielna,2,39,639999,16410,bez pośredników,,17,https://adresowo.pl/o/mieszkanie-warszawa-muranow-ul-dzielna-2-pokojowe-m2y8v2,https://s2.adresowa.pl/oi/52/60/40da62_a1a8_cover@2x-2-pokojowe-mieszkanie-warszawa-muranow-ul-dzielna.webp
Warszawa,Śródmieście,2,60,1500000,25000,bez pośredników,,7,https://adresowo.pl/o/mieszkanie-warszawa-srodmiescie-2-pokojowe-60-m2-x2j8e0,https://s2.adresowa.pl/oi/71/2d/40da48_305e_cover@2x-2-pokojowe-mieszkanie-warszawa-srodmiescie.webp
Warszawa Wola,ul. Góralska,3,49,685000,13980,bez pośredników,,8,https://adresowo.pl/o/mieszkanie-warszawa-wola-ul-goralska-3-pokojowe-i2z6j9,https://s2.adresowa.pl/oi/48/23/40da20_52ed_cover@2x-3-pokojowe-mieszkanie-warszawa-wola-ul-goralska.webp
Warszawa Ursynów,ul. Ludwika Hirszfelda,4,63,975000,15476,Pośrednik,,21,https://adresowo.pl/o/mieszkanie-warszawa-ursynow-ul-ludwika-hirszfelda-4-pokojowe-h5n7j2,https://s2.adresowa.pl/oi/53/60/40db9a_c364_cover@2x-4-pokojowe-mieszkanie-warszawa-ursynow-ul-ludwika-hirszfelda.webp
Warszawa Muranów,ul. Smocza,2,37,719000,19432,Pośrednik,,13,https://adresowo.pl/o/mieszkanie-warszawa-muranow-ul-smocza-2-pokojowe-o1v3p2,https://s2.adresowa.pl/oi/62/26/40db08_418b_cover@2x-2-pokojowe-mieszkanie-warszawa-muranow-ul-smocza.webp
Warszawa Wola,ul. Burakowska,2,44,995000,22614,bez pośredników,,7,https://adresowo.pl/o/mieszkanie-warszawa-wola-ul-burakowska-2-pokojowe-n0n2p3,https://s2.adresowa.pl/oi/26/28/40d632_349f_cover@2x-2-pokojowe-mieszkanie-warszawa-wola-ul-burakowska.webp
Warszawa Ursynów,ul. Nugat,5,85,2290000,26941,bez pośredników,,21,https://adresowo.pl/o/mieszkanie-warszawa-ursynow-ul-nugat-5-pokojowe-b2d4d8,https://s2.adresowa.pl/oi/52/11/40d5c0_f0e4_cover@2x-5-pokojowe-mieszkanie-warszawa-ursynow-ul-nugat.webp
Warszawa Targówek,ul. Oszmiańska,3,65,1175000,18077,bez pośredników,,17,https://adresowo.pl/o/mieszkanie-warszawa-targowek-ul-oszmianska-3-pokojowe-j6k9y2,https://s2.adresowa.pl/oi/65/35/40d590_e867_cover@2x-3-pokojowe-mieszkanie-warszawa-targowek-ul-oszmianska.webp
Warszawa Wola,"ul. Batalionu AK ""Zośka"" 4B",1,23,419000,18217,Pośrednik,,16,https://adresowo.pl/o/mieszkanie-warszawa-wola-ul-batalionu-ak-zoska-1-pokoj-g1x9h5,https://s2.adresowa.pl/oi/39/26/40daf8_e9c1_cover@2x-1-pokojowe-mieszkanie-warszawa-wola-ul-batalionu-ak-zoska-.webp
Warszawa Ochota,ul. Gorlicka,3,47,749000,15936,Pośrednik,,10,https://adresowo.pl/o/mieszkanie-warszawa-ochota-ul-gorlicka-3-pokojowe-z5k2z5,https://s2.adresowa.pl/oi/7c/2a/40daf4_9190_cover@2x-3-pokojowe-mieszkanie-warszawa-ochota-ul-gorlicka.webp
Warszawa Ursus,ul. Lalki,3,61,1210000,19836,bez pośredników,,15,https://adresowo.pl/o/mieszkanie-warszawa-ursus-ul-lalki-3-pokojowe-l3h1d3,https://s2.adresowa.pl/oi/70/2b/40d570_eb0c_cover@2x-3-pokojowe-mieszkanie-warszawa-ursus-ul-lalki.webp
Warszawa Wesoła,ul. Wczasowa,7,161,1499000,9311,bez pośredników,,12,https://adresowo.pl/o/mieszkanie-warszawa-wesola-ul-wczasowa-7-pokojowe-e7r9m9,https://s2.adresowa.pl/oi/1a/39/40d55e_2e02_cover@2x-7-pokojowe-mieszkanie-warszawa-wesola-ul-wczasowa.webp
Warszawa Targówek,ul. Piotra Wysockiego,2,41,575000,14024,bez pośredników,,13,https://adresowo.pl/o/mieszkanie-warszawa-targowek-ul-piotra-wysockiego-2-pokojowe-k7a5d6,https://s2.adresowa.pl/oi/7c/77/40d53a_a765_cover@2x-2-pokojowe-mieszkanie-warszawa-targowek-ul-piotra-wysockiego.webp
Warszawa Praga,ul. Stanisława Żółkiewskiego,2,35,590000,16857,Pośrednik,,12,https://adresowo.pl/o/mieszkanie-warszawa-praga-ul-stanislawa-zolkiewskiego-2-pokojowe-r5z2q2,https://s2.adresowa.pl/oi/58/1e/40dae6_d399_cover@2x-2-pokojowe-mieszkanie-warszawa-praga-ul-stanislawa-zolkiewskiego.webp
Warszawa Białołęka,ul. Pasłęcka,2,35,488000,13943,Pośrednik,,8,https://adresowo.pl/o/mieszkanie-warszawa-bialoleka-ul-paslecka-2-pokojowe-a1o9p3,https://s2.adresowa.pl/oi/26/1f/40d99a_652e_cover@2x-2-pokojowe-mieszkanie-warszawa-bialoleka-ul-paslecka.webp
Warszawa Bródno,ul. Bazyliańska,3,47,660000,14043,bez pośredników,,5,https://adresowo.pl/o/mieszkanie-warszawa-brodno-ul-bazylianska-3-pokojowe-c4x9j6,https://s2.adresowa.pl/oi/60/28/40d518_f2e8_cover@2x-3-pokojowe-mieszkanie-warszawa-brodno-ul-bazylianska.webp
Warszawa Ursus,ul. Orląt Lwowskich,3,49,765000,15612,bez pośredników,,17,https://adresowo.pl/o/mieszkanie-warszawa-ursus-ul-orlat-lwowskich-3-pokojowe-e0v0r0,https://s2.adresowa.pl/oi/31/30/40d500_8b4f_cover@2x-3-pokojowe-mieszkanie-warszawa-ursus-ul-orlat-lwowskich.webp
Warszawa Rembertów,ul. Pielgrzymów,4,108,1280000,11852,bez pośredników,,17,https://adresowo.pl/o/mieszkanie-warszawa-rembertow-ul-pielgrzymow-4-pokojowe-x6f6i5,https://s2.adresowa.pl/oi/3b/1e/40d4f8_83ca_cover@2x-4-pokojowe-mieszkanie-warszawa-rembertow-ul-pielgrzymow.webp
Warszawa Śródmieście,ul. Emiliana Konopczyńskiego,1,33,899000,27242,Pośrednik,,5,https://adresowo.pl/o/mieszkanie-warszawa-srodmiescie-ul-emiliana-konopczynskiego-1-pokoj-z0z5w3,https://s2.adresowa.pl/oi/5f/47/40d82a_3077_cover@2x-1-pokojowe-mieszkanie-warszawa-srodmiescie-ul-emiliana-konopczynskiego.webp
Warszawa Targówek,ul. Suwalska,3,46,615000,13370,Pośrednik,,7,https://adresowo.pl/o/mieszkanie-warszawa-targowek-ul-suwalska-3-pokojowe-l9s3b8,https://s2.adresowa.pl/oi/74/12/40d7f6_e21a_cover@2x-3-pokojowe-mieszkanie-warszawa-targowek-ul-suwalska.webp
Warszawa Bródno,ul. Piotra Wysockiego,2,26,459000,17654,bez pośredników,,10,https://adresowo.pl/o/mieszkanie-warszawa-brodno-ul-piotra-wysockiego-2-pokojowe-l9v8x5,https://s2.adresowa.pl/oi/71/32/40d4d0_e827_cover@2x-2-pokojowe-mieszkanie-warszawa-brodno-ul-piotra-wysockiego.webp
Warszawa,Praga-Południe,3,67,1004933,14999,bez pośredników,,20,https://adresowo.pl/o/mieszkanie-warszawa-praga-poludnie-3-pokojowe-67-m2-n7b2k3,https://s2.adresowa.pl/oi/25/41/40d480_2bc5_cover@2x-3-pokojowe-mieszkanie-warszawa-praga-poludnie.webp
Warszawa Mokotów,ul. Jana Pawła Woronicza,2,62,1336225,21552,bez pośredników,,4,https://adresowo.pl/o/mieszkanie-warszawa-mokotow-ul-jana-pawla-woronicza-2-pokojowe-g9o3r1,https://s2.adresowa.pl/oi/4a/53/40d46c_7545_cover@2x-2-pokojowe-mieszkanie-warszawa-mokotow-ul-jana-pawla-woronicza.webp
Warszawa Wesoła,ul. Dworkowa,3,78,1350000,17308,Pośrednik,,17,https://adresowo.pl/o/mieszkanie-warszawa-wesola-ul-dworkowa-3-pokojowe-h0m1a5,https://s2.adresowa.pl/oi/7b/78/40d7e6_cd6f_cover@2x-3-pokojowe-mieszkanie-warszawa-wesola-ul-dworkowa.webp
Warszawa Żoliborz,ul. Dziennikarska,2,41,888000,21659,Pośrednik,,18,https://adresowo.pl/o/mieszkanie-warszawa-zoliborz-ul-dziennikarska-2-pokojowe-w9y1g6,https://s2.adresowa.pl/oi/63/28/40d7e2_4baf_cover@2x-2-pokojowe-mieszkanie-warszawa-zoliborz-ul-dziennikarska.webp
Warszawa Mokotów,ul. Ludowa,2,49,907000,18510,bez pośredników,,8,https://adresowo.pl/o/mieszkanie-warszawa-mokotow-ul-ludowa-2-pokojowe-q3u7e2,https://s2.adresowa.pl/oi/2f/24/40d45e_80f3_cover@2x-2-pokojowe-mieszkanie-warszawa-mokotow-ul-ludowa.webp
Warszawa Dolny Mokotów,ul. Łużycka,2,36,770000,21389,bez pośredników,,8,https://adresowo.pl/o/mieszkanie-warszawa-dolny-mokotow-ul-luzycka-2-pokojowe-u4x5v9,https://s2.adresowa.pl/oi/32/38/40d316_791c_cover@2x-2-pokojowe-mieszkanie-warszawa-dolny-mokotow-ul-luzycka.webp
Warszawa Mokotów,"ul. Dywizjonu AK ""Jeleń""",2,50,1188750,23775,bez pośredników,,13,https://adresowo.pl/o/mieszkanie-warszawa-mokotow-ul-dywizjonu-ak-jelen-2-pokojowe-i4i9v3,https://s2.adresowa.pl/oi/21/7f/40d25c_bf83_cover@2x-2-pokojowe-mieszkanie-warszawa-mokotow-ul-dywizjonu-ak-jelen-.webp
Warszawa Wawer,ul. Poematu,3,86,1500000,17442,Pośrednik,,12,https://adresowo.pl/o/mieszkanie-warszawa-wawer-ul-poematu-3-pokojowe-w2f5r6,https://s2.adresowa.pl/oi/20/35/40d7de_c1cb_cover@2x-3-pokojowe-mieszkanie-warszawa-wawer-ul-poematu.webp
Warszawa Ochota,ul. Aleje Jerozolimskie 141,2,38,695000,18289,Pośrednik,,26,https://adresowo.pl/o/mieszkanie-warszawa-ochota-ul-aleje-jerozolimskie-2-pokojowe-k4k1p7,https://s2.adresowa.pl/oi/5e/5e/40d7d2_69aa_cover@2x-2-pokojowe-mieszkanie-warszawa-ochota-ul-aleje-jerozolimskie.webp
Warszawa Śródmieście,ul. Widok,2,46,920000,20000,bez pośredników,,15,https://adresowo.pl/o/mieszkanie-warszawa-srodmiescie-ul-widok-2-pokojowe-w0l4h1,https://s2.adresowa.pl/oi/1b/36/408e3c_affa_cover@2x-2-pokojowe-mieszkanie-warszawa-srodmiescie-ul-widok.webp
Warszawa Ursus,ul. Dyrekcyjna,2,40,639000,15975,bez pośredników,,6,https://adresowo.pl/o/mieszkanie-warszawa-ursus-ul-dyrekcyjna-2-pokojowe-s6d8o3,https://s2.adresowa.pl/oi/4e/77/40d24a_fb24_cover@2x-2-pokojowe-mieszkanie-warszawa-ursus-ul-dyrekcyjna.webp
Warszawa Mokotów,al. gen. Władysława Sikorskiego,2,70,1477000,21100,bez pośredników,,20,https://adresowo.pl/o/mieszkanie-warszawa-mokotow-al-gen-wladyslawa-sikorskiego-2-pokojowe-c7o1t2,https://s2.adresowa.pl/oi/61/23/40d1ec_331b_cover@2x-2-pokojowe-mieszkanie-warszawa-mokotow-al-gen-wladyslawa-sikorskiego.webp
Warszawa Białołęka,ul. Vincenza Belliniego,2,43,633500,14733,bez pośredników,,8,https://adresowo.pl/o/mieszkanie-warszawa-bialoleka-ul-vincenza-belliniego-2-pokojowe-h3j5o0,https://s2.adresowa.pl/oi/3b/21/40d1a2_d400_cover@2x-2-pokojowe-mieszkanie-warszawa-bialoleka-ul-vincenza-belliniego.webp
Warszawa Ursynów,ul. Związku Walki Młodych,3,52,725000,13942,Pośrednik,,15,https://adresowo.pl/o/mieszkanie-warszawa-ursynow-ul-zwiazku-walki-mlodych-3-pokojowe-v0i8x8,https://s2.adresowa.pl/oi/5c/1a/40d7cc_842e_cover@2x-3-pokojowe-mieszkanie-warszawa-ursynow-ul-zwiazku-walki-mlodych.webp
Warszawa Mokotów,ul. Kaukaska,2,42,665000,15833,Pośrednik,,14,https://adresowo.pl/o/mieszkanie-warszawa-mokotow-ul-kaukaska-2-pokojowe-x4j2k0,https://s2.adresowa.pl/oi/32/7f/40d5dc_9749_cover@2x-2-pokojowe-mieszkanie-warszawa-mokotow-ul-kaukaska.webp
Warszawa Ursynów,al. Komisji Edukacji Narodowej,2,47,1075000,22872,bez pośredników,,10,https://adresowo.pl/o/mieszkanie-warszawa-ursynow-al-komisji-edukacji-narodowej-2-pokojowe-j8v5r4,https://s2.adresowa.pl/oi/3b/12/40d17c_e7d9_cover@2x-2-pokojowe-mieszkanie-warszawa-ursynow-al-komisji-edukacji-narodowej.webp
Warszawa Wilanów,ul. Adama Branickiego,4,94,2400000,25532,bez pośredników,,2,https://adresowo.pl/o/mieszkanie-warszawa-wilanow-ul-adama-branickiego-4-pokojowe-q7l2a3,https://s2.adresowa.pl/oi/15/34/40d164_f3fb_cover@2x-4-pokojowe-mieszkanie-warszawa-wilanow-ul-adama-branickiego.webp
Warszawa,Praga-Południe,3,47,752000,16000,bez pośredników,,17,https://adresowo.pl/o/mieszkanie-warszawa-praga-poludnie-3-pokojowe-47-m2-u3n1z1,https://s2.adresowa.pl/oi/6a/47/40d146_e78c_cover@2x-3-pokojowe-mieszkanie-warszawa-praga-poludnie.webp
Warszawa Białołęka,ul. Trakt Nadwiślański,2,33,689000,20879,Pośrednik,,19,https://adresowo.pl/o/mieszkanie-warszawa-bialoleka-ul-trakt-nadwislanski-2-pokojowe-b1w2b4,https://s2.adresowa.pl/oi/6e/4a/40d39e_4044_cover@2x-2-pokojowe-mieszkanie-warszawa-bialoleka-ul-trakt-nadwislanski.webp
Warszawa Wola,ul. Żelazna,3,62,925000,14919,Pośrednik,,15,https://adresowo.pl/o/mieszkanie-warszawa-wola-ul-zelazna-3-pokojowe-t0i1v9,https://s2.adresowa.pl/oi/5d/1e/40cf76_ec04_cover@2x-3-pokojowe-mieszkanie-warszawa-wola-ul-zelazna.webp
Warszawa Białołęka,ul. Dziatwy,3,61,1250000,20492,bez pośredników,,17,https://adresowo.pl/o/mieszkanie-warszawa-bialoleka-ul-dziatwy-3-pokojowe-s6r3y4,https://s2.adresowa.pl/oi/41/7d/40d124_c422_cover@2x-3-pokojowe-mieszkanie-warszawa-bialoleka-ul-dziatwy.webp
Warszawa Tarchomin,ul. Talarowa,3,53,780000,14717,bez pośredników,,21,https://adresowo.pl/o/mieszkanie-warszawa-tarchomin-ul-talarowa-3-pokojowe-a9v8p2,https://s2.adresowa.pl/oi/5b/2d/40d120_34cc_cover@2x-3-pokojowe-mieszkanie-warszawa-tarchomin-ul-talarowa.webp
Warszawa Targówek,ul. Skrajna,3,47,749000,15936,bez pośredników,,1,https://adresowo.pl/o/mieszkanie-warszawa-targowek-ul-skrajna-3-pokojowe-z4q1w8,https://s2.adresowa.pl/oi/1f/46/40d0fa_71c7_cover@2x-3-pokojowe-mieszkanie-warszawa-targowek-ul-skrajna.webp
Warszawa Targówek,ul. Wybrańska,1,26,415000,15962,Pośrednik,,6,https://adresowo.pl/o/mieszkanie-warszawa-targowek-ul-wybranska-1-pokoj-p9s8h7,https://s2.adresowa.pl/oi/67/6a/40cf28_80b9_cover@2x-1-pokojowe-mieszkanie-warszawa-targowek-ul-wybranska.webp
Warszawa Białołęka,pl. Światowida,2,47,859000,18277,Pośrednik,,13,https://adresowo.pl/o/mieszkanie-warszawa-bialoleka-pl-swiatowida-2-pokojowe-f4s1g9,https://s2.adresowa.pl/oi/12/45/40cf26_9092_cover@2x-2-pokojowe-mieszkanie-warszawa-bialoleka-pl-swiatowida.webp
Warszawa Mokotów,ul. Jana Feliksa Piwarskiego,2,37,698000,18865,bez pośredników,,8,https://adresowo.pl/o/mieszkanie-warszawa-mokotow-ul-jana-feliksa-piwarskiego-2-pokojowe-t9v3c0,https://s2.adresowa.pl/oi/3f/6e/40d0a4_7452_cover@2x-2-pokojowe-mieszkanie-warszawa-mokotow-ul-jana-feliksa-piwarskiego.webp
Warszawa,Ochota,2,52,1200000,23077,bez pośredników,,8,https://adresowo.pl/o/mieszkanie-warszawa-ochota-2-pokojowe-52-m2-m6s3i1,https://s2.adresowa.pl/oi/58/43/40cf22_3dc0_cover@2x-2-pokojowe-mieszkanie-warszawa-ochota.webp
Warszawa Praga-Południe,ul. Brazylijska,3,45,849000,18867,bez pośredników,,8,https://adresowo.pl/o/mieszkanie-warszawa-praga-poludnie-ul-brazylijska-3-pokojowe-d6u8m2,https://s2.adresowa.pl/oi/17/5c/40cef6_e6b3_cover@2x-3-pokojowe-mieszkanie-warszawa-praga-poludnie-ul-brazylijska.webp
Warszawa Mokotów,ul. Domaniewska,1,34,724900,21321,Pośrednik,,20,https://adresowo.pl/o/mieszkanie-warszawa-mokotow-ul-domaniewska-1-pokoj-o6z3h8,https://s2.adresowa.pl/oi/7e/5a/40cd4a_7d0f_cover@2x-1-pokojowe-mieszkanie-warszawa-mokotow-ul-domaniewska.webp
Warszawa Wilanów,ul. Bruzdowa,2,44,1520000,34545,Pośrednik,,19,https://adresowo.pl/o/mieszkanie-warszawa-wilanow-ul-bruzdowa-2-pokojowe-n5o2o2,https://s2.adresowa.pl/oi/3e/74/40cd24_d719_cover@2x-2-pokojowe-mieszkanie-warszawa-wilanow-ul-bruzdowa.webp
Warszawa Wola,ul. Okopowa,5,90,999999,11111,bez pośredników,,2,https://adresowo.pl/o/mieszkanie-warszawa-wola-ul-okopowa-5-pokojowe-y9y4h4,https://s2.adresowa.pl/oi/1d/7d/40ced6_6c73_cover@2x-5-pokojowe-mieszkanie-warszawa-wola-ul-okopowa.webp
Warszawa Śródmieście,ul. Hoża,1,26,919000,35346,bez pośredników,,12,https://adresowo.pl/o/mieszkanie-warszawa-srodmiescie-ul-hoza-1-pokoj-h4m4k8,https://s2.adresowa.pl/oi/42/37/40cec4_e441_cover@2x-1-pokojowe-mieszkanie-warszawa-srodmiescie-ul-hoza.webp
Warszawa Wilanów,ul. Księdza Prymasa Augusta Hlonda,2,53,1250000,23585,bez pośredników,,21,https://adresowo.pl/o/mieszkanie-warszawa-wilanow-ul-ksiedza-prymasa-augusta-hlonda-2-pokojowe-i5v8f2,https://s2.adresowa.pl/oi/6e/4d/40ceb4_92c9_cover@2x-2-pokojowe-mieszkanie-warszawa-wilanow-ul-ksiedza-prymasa-augusta-hlonda.webp
Warszawa Śródmieście,ul. Niska,2,48,849000,17688,Pośrednik,,6,https://adresowo.pl/o/mieszkanie-warszawa-srodmiescie-ul-niska-2-pokojowe-n3d3a3,https://s2.adresowa.pl/oi/47/63/40cd22_c5bc_cover@2x-2-pokojowe-mieszkanie-warszawa-srodmiescie-ul-niska.webp
Warszawa Praga-Południe,ul. Sulejkowska,2,52,760000,14615,Pośrednik,,3,https://adresowo.pl/o/mieszkanie-warszawa-praga-poludnie-ul-sulejkowska-2-pokojowe-j1y6a5,https://s2.adresowa.pl/oi/23/72/40cd1e_f483_cover@2x-2-pokojowe-mieszkanie-warszawa-praga-poludnie-ul-sulejkowska.webp
Warszawa Żerań,ul. Jana Kowalczyka,2,43,775000,18023,bez pośredników,,11,https://adresowo.pl/o/mieszkanie-warszawa-zeran-ul-jana-kowalczyka-2-pokojowe-q7f0i9,https://s2.adresowa.pl/oi/68/55/40cea0_866e_cover@2x-2-pokojowe-mieszkanie-warszawa-zeran-ul-jana-kowalczyka.webp
Warszawa Szczęśliwice,ul. Władysława Korotyńskiego,3,67,998000,14896,bez pośredników,,5,https://adresowo.pl/o/mieszkanie-warszawa-szczesliwice-ul-wladyslawa-korotynskiego-3-pokojowe-i5u0f7,https://s2.adresowa.pl/oi/2f/38/40ce94_395f_cover@2x-3-pokojowe-mieszkanie-warszawa-szczesliwice-ul-wladyslawa-korotynskiego.webp
Warszawa Praga-Południe,ul. Żupnicza,2,40,820000,20500,bez pośredników,,6,https://adresowo.pl/o/mieszkanie-warszawa-praga-poludnie-ul-zupnicza-2-pokojowe-f9p5y9,https://s2.adresowa.pl/oi/60/17/40ce7a_64cf_cover@2x-2-pokojowe-mieszkanie-warszawa-praga-poludnie-ul-zupnicza.webp
Warszawa Targówek,ul. św. Wincentego,2,39,680000,17436,Pośrednik,,14,https://adresowo.pl/o/mieszkanie-warszawa-targowek-ul-sw-wincentego-2-pokojowe-n7s7p6,https://s2.adresowa.pl/oi/6a/73/40cc5a_6a60_cover@2x-2-pokojowe-mieszkanie-warszawa-targowek-ul-sw-wincentego.webp
Warszawa Białołęka,ul. Strumykowa,2,41,630000,15366,Pośrednik,,12,https://adresowo.pl/o/mieszkanie-warszawa-bialoleka-ul-strumykowa-2-pokojowe-p3i3i1,https://s2.adresowa.pl/oi/16/3d/40cbfc_a96c_cover@2x-2-pokojowe-mieszkanie-warszawa-bialoleka-ul-strumykowa.webp
Warszawa Wola,ul. Platynowa,2,38,680000,17895,bez pośredników,,5,https://adresowo.pl/o/mieszkanie-warszawa-wola-ul-platynowa-2-pokojowe-m0y7t7,https://s2.adresowa.pl/oi/68/79/40ce4c_7f57_cover@2x-2-pokojowe-mieszkanie-warszawa-wola-ul-platynowa.webp
Warszawa Żoliborz,ul. Gwiaździsta,3,63,1200000,19048,bez pośredników,,14,https://adresowo.pl/o/mieszkanie-warszawa-zoliborz-ul-gwiazdzista-3-pokojowe-g8x1q4,https://s2.adresowa.pl/oi/4e/48/40ce38_b941_cover@2x-3-pokojowe-mieszkanie-warszawa-zoliborz-ul-gwiazdzista.webp
Warszawa Targówek,ul. Wybrańska,2,33,550000,16667,bez pośredników,,12,https://adresowo.pl/o/mieszkanie-warszawa-targowek-ul-wybranska-2-pokojowe-w9b6r3,https://s2.adresowa.pl/oi/62/70/40ce20_a550_cover@2x-2-pokojowe-mieszkanie-warszawa-targowek-ul-wybranska.webp
Warszawa Wola,ul. Marcina Kasprzaka,1,21,580000,27619,Pośrednik,,7,https://adresowo.pl/o/mieszkanie-warszawa-wola-ul-marcina-kasprzaka-1-pokoj-h6c4k1,https://s2.adresowa.pl/oi/71/10/40cbee_4f90_cover@2x-1-pokojowe-mieszkanie-warszawa-wola-ul-marcina-kasprzaka.webp
Warszawa Targówek,ul. Janowiecka,3,54,829000,15352,Pośrednik,,11,https://adresowo.pl/o/mieszkanie-warszawa-targowek-ul-janowiecka-3-pokojowe-k5i0r4,https://s2.adresowa.pl/oi/28/62/40cbec_f6f6_cover@2x-3-pokojowe-mieszkanie-warszawa-targowek-ul-janowiecka.webp
Warszawa Śródmieście,ul. Chmielna,2,38,1269000,33395,bez pośredników,,20,https://adresowo.pl/o/mieszkanie-warszawa-srodmiescie-ul-chmielna-2-pokojowe-h4k4s6,https://s2.adresowa.pl/oi/38/32/40cdda_b2fd_cover@2x-2-pokojowe-mieszkanie-warszawa-srodmiescie-ul-chmielna.webp
Warszawa Mokotów,ul. Podbipięty,4,79,1490000,18861,bez pośredników,,9,https://adresowo.pl/o/mieszkanie-warszawa-mokotow-ul-podbipiety-4-pokojowe-b1i3e0,https://s2.adresowa.pl/oi/57/5b/40cd94_7900_cover@2x-4-pokojowe-mieszkanie-warszawa-mokotow-ul-podbipiety.webp
Warszawa Praga-Południe,ul. Szaserów,2,36,610000,16944,bez pośredników,,5,https://adresowo.pl/o/mieszkanie-warszawa-praga-poludnie-ul-szaserow-2-pokojowe-b1k4n1,https://s2.adresowa.pl/oi/46/36/40cd84_76a9_cover@2x-2-pokojowe-mieszkanie-warszawa-praga-poludnie-ul-szaserow.webp
Warszawa Bemowo,ul. Górczewska 222,2,59,1039000,17610,Pośrednik,,19,https://adresowo.pl/o/mieszkanie-warszawa-bemowo-ul-gorczewska-2-pokojowe-s8v7w2,https://s2.adresowa.pl/oi/52/22/40c8d4_5a80_cover@2x-2-pokojowe-mieszkanie-warszawa-bemowo-ul-gorczewska.webp
Warszawa Piaski,ul. Jana Kochanowskiego 12,3,47,647000,13766,Pośrednik,,11,https://adresowo.pl/o/mieszkanie-warszawa-piaski-ul-jana-kochanowskiego-3-pokojowe-p3x3z2,https://s2.adresowa.pl/oi/78/60/40c8b4_7d73_cover@2x-3-pokojowe-mieszkanie-warszawa-piaski-ul-jana-kochanowskiego.webp
Warszawa Białołęka,ul. Ku Rzece,2,36,625000,17361,bez pośredników,,16,https://adresowo.pl/o/mieszkanie-warszawa-bialoleka-ul-ku-rzece-2-pokojowe-i3s5n2,https://s2.adresowa.pl/oi/41/63/40cd1c_df7c_cover@2x-2-pokojowe-mieszkanie-warszawa-bialoleka-ul-ku-rzece.webp
Warszawa Wilanów,ul. Adama Branickiego,4,95,2600000,27368,bez pośredników,,16,https://adresowo.pl/o/mieszkanie-warszawa-wilanow-ul-adama-branickiego-4-pokojowe-d7a7g6,https://s2.adresowa.pl/oi/40/75/40cd18_620f_cover@2x-4-pokojowe-mieszkanie-warszawa-wilanow-ul-adama-branickiego.webp
Warszawa Białołęka,ul. Odkryta,2,42,570000,13571,bez pośredników,,20,https://adresowo.pl/o/mieszkanie-warszawa-bialoleka-ul-odkryta-2-pokojowe-z9t8x4,https://s2.adresowa.pl/oi/58/1f/40cc32_eacd_cover@2x-2-pokojowe-mieszkanie-warszawa-bialoleka-ul-odkryta.webp
Warszawa,ul. Prosta,3,61,2595000,42541,Pośrednik,,14,https://adresowo.pl/o/mieszkanie-warszawa-ul-prosta-3-pokojowe-i7f6t7,https://s2.adresowa.pl/oi/65/7b/40c87e_5350_cover@2x-3-pokojowe-mieszkanie-warszawa-ul-prosta.webp
Warszawa Białołęka,ul. Geodezyjna,3,67,890000,13284,Pośrednik,,13,https://adresowo.pl/o/mieszkanie-warszawa-bialoleka-ul-geodezyjna-3-pokojowe-w1c0h2,https://s2.adresowa.pl/oi/4b/67/40c6b6_439e_cover@2x-3-pokojowe-mieszkanie-warszawa-bialoleka-ul-geodezyjna.webp
Warszawa,Białołęka,3,61,1080000,17705,bez pośredników,,16,https://adresowo.pl/o/mieszkanie-warszawa-bialoleka-3-pokojowe-61-m2-p0h5c2,https://s2.adresowa.pl/oi/25/5d/40cc1e_def1_cover@2x-3-pokojowe-mieszkanie-warszawa-bialoleka.webp
Warszawa Bemowo,ul. gen. Meriana C. Coopera,3,73,1891500,25911,bez pośredników,,7,https://adresowo.pl/o/mieszkanie-warszawa-bemowo-ul-gen-meriana-c-coopera-3-pokojowe-t3c0j7,https://s2.adresowa.pl/oi/16/20/40ca9c_7a5a_cover@2x-3-pokojowe-mieszkanie-warszawa-bemowo-ul-gen-meriana-c-coopera.webp
Warszawa,ul. Zawiszy,2,33,680000,20606,bez pośredników,,7,https://adresowo.pl/o/mieszkanie-warszawa-ul-zawiszy-2-pokojowe-r3l6j7,https://s2.adresowa.pl/oi/16/19/40cb08_f3fd_cover@2x-2-pokojowe-mieszkanie-warszawa-ul-zawiszy.webp
Warszawa Białołęka,ul. Aluzyjna,1,32,455000,14219,Pośrednik,,11,https://adresowo.pl/o/mieszkanie-warszawa-bialoleka-ul-aluzyjna-1-pokoj-p5w7p0,https://s2.adresowa.pl/oi/4f/48/40c61c_fea4_cover@2x-1-pokojowe-mieszkanie-warszawa-bialoleka-ul-aluzyjna.webp
Warszawa Śródmieście,pl. Konstytucji 5,4,79,1716480,21728,Pośrednik,,18,https://adresowo.pl/o/mieszkanie-warszawa-srodmiescie-pl-konstytucji-4-pokojowe-x5k6w9,https://s2.adresowa.pl/oi/45/10/40c5d2_c697_cover@2x-4-pokojowe-mieszkanie-warszawa-srodmiescie-pl-konstytucji.webp
Warszawa Białołęka,ul. Milenijna,3,65,1020000,15692,bez pośredników,,10,https://adresowo.pl/o/mieszkanie-warszawa-bialoleka-ul-milenijna-3-pokojowe-r3r6a3,https://s2.adresowa.pl/oi/72/35/40cada_48f1_cover@2x-3-pokojowe-mieszkanie-warszawa-bialoleka-ul-milenijna.webp
Warszawa Ursus,ul. Ryżowa,2,44,939000,21341,bez pośredników,,9,https://adresowo.pl/o/mieszkanie-warszawa-ursus-ul-ryzowa-2-pokojowe-c4y9u6,https://s2.adresowa.pl/oi/67/28/40caa4_3f99_cover@2x-2-pokojowe-mieszkanie-warszawa-ursus-ul-ryzowa.webp
Warszawa Praga-Północ,ul. Józefa Szanajcy,2,48,829000,17271,bez pośredników,,10,https://adresowo.pl/o/mieszkanie-warszawa-praga-polnoc-ul-jozefa-szanajcy-2-pokojowe-c7k9m8,https://s2.adresowa.pl/oi/58/2a/40ca6c_ffdb_cover@2x-2-pokojowe-mieszkanie-warszawa-praga-polnoc-ul-jozefa-szanajcy.webp
Warszawa Mokotów,ul. Cybernetyki,1,26,620000,23846,Pośrednik,,13,https://adresowo.pl/o/mieszkanie-warszawa-mokotow-ul-cybernetyki-1-pokoj-s6o1m3,https://s2.adresowa.pl/oi/1a/33/40c5d0_efea_cover@2x-1-pokojowe-mieszkanie-warszawa-mokotow-ul-cybernetyki.webp
Warszawa Ursynów,ul. Makolągwy,2,68,1081730,15908,Pośrednik,,10,https://adresowo.pl/o/mieszkanie-warszawa-ursynow-ul-makolagwy-2-pokojowe-l6p1l3,https://s2.adresowa.pl/oi/52/28/40c592_aad7_cover@2x-2-pokojowe-mieszkanie-warszawa-ursynow-ul-makolagwy.webp
Warszawa Ursynów,ul. Stokłosy,3,63,899000,14270,bez pośredników,,30,https://adresowo.pl/o/mieszkanie-warszawa-ursynow-ul-stoklosy-3-pokojowe-w8q2o2,https://s2.adresowa.pl/oi/5d/4a/40ca6a_cf53_cover@2x-3-pokojowe-mieszkanie-warszawa-ursynow-ul-stoklosy.webp
Warszawa,Bielany,2,34,625000,18382,bez pośredników,,2,https://adresowo.pl/o/mieszkanie-warszawa-bielany-2-pokojowe-34-m2-v9d4m2,https://s2.adresowa.pl/oi/47/63/40ca62_b7bc_cover@2x-2-pokojowe-mieszkanie-warszawa-bielany.webp
Warszawa Bemowo,ul. Waleriana Czumy,2,50,770000,15400,bez pośredników,,10,https://adresowo.pl/o/mieszkanie-warszawa-bemowo-ul-waleriana-czumy-2-pokojowe-m9r3d6,https://s2.adresowa.pl/oi/75/1f/40ca1a_4c55_cover@2x-2-pokojowe-mieszkanie-warszawa-bemowo-ul-waleriana-czumy.webp
Warszawa Praga-Południe,ul. Wspólna Droga,3,63,995000,15794,Pośrednik,,16,https://adresowo.pl/o/mieszkanie-warszawa-praga-poludnie-ul-wspolna-droga-3-pokojowe-t9i9z1,https://s2.adresowa.pl/oi/35/54/40c574_5013_cover@2x-3-pokojowe-mieszkanie-warszawa-praga-poludnie-ul-wspolna-droga.webp
Warszawa Mokotów,al. Wyścigowa,2,49,890000,18163,Pośrednik,,12,https://adresowo.pl/o/mieszkanie-warszawa-mokotow-al-wyscigowa-2-pokojowe-j2h2t1,https://s2.adresowa.pl/oi/3a/76/40c570_872f_cover@2x-2-pokojowe-mieszkanie-warszawa-mokotow-al-wyscigowa.webp
Warszawa Praga-Południe,ul. Jana Nagórskiego 5,3,42,716000,17048,bez pośredników,,20,https://adresowo.pl/o/mieszkanie-warszawa-praga-poludnie-ul-jana-nagorskiego-3-pokojowe-t6f1s9,https://s2.adresowa.pl/oi/3b/36/40c99a_e087_cover@2x-3-pokojowe-mieszkanie-warszawa-praga-poludnie-ul-jana-nagorskiego.webp
Warszawa Wola,ul. Redutowa,2,36,750000,20833,bez pośredników,,6,https://adresowo.pl/o/mieszkanie-warszawa-wola-ul-redutowa-2-pokojowe-x4u7e1,https://s2.adresowa.pl/oi/54/19/40c7ee_2cd4_cover@2x-2-pokojowe-mieszkanie-warszawa-wola-ul-redutowa.webp
Warszawa Wola,ul. Okopowa,2,33,599000,18152,bez pośredników,,15,https://adresowo.pl/o/mieszkanie-warszawa-wola-ul-okopowa-2-pokojowe-n1x1e7,https://s2.adresowa.pl/oi/26/4c/40c7ca_a581_cover@2x-2-pokojowe-mieszkanie-warszawa-wola-ul-okopowa.webp
Warszawa Mokotów,al. gen. Władysława Sikorskiego,2,50,890000,17800,Pośrednik,,16,https://adresowo.pl/o/mieszkanie-warszawa-mokotow-al-gen-wladyslawa-sikorskiego-2-pokojowe-z5b9g5,https://s2.adresowa.pl/oi/1e/5f/40c56a_36e9_cover@2x-2-pokojowe-mieszkanie-warszawa-mokotow-al-gen-wladyslawa-sikorskiego.webp
Warszawa Białołęka,ul. Pałuków,2,35,574492,16414,Pośrednik,,14,https://adresowo.pl/o/mieszkanie-warszawa-bialoleka-ul-palukow-2-pokojowe-z4b7h5,https://s2.adresowa.pl/oi/4a/7d/40c4e2_e05e_cover@2x-2-pokojowe-mieszkanie-warszawa-bialoleka-ul-palukow.webp
Warszawa Włochy,ul. ks. Juliana Chrościckiego,2,44,770000,17500,bez pośredników,,10,https://adresowo.pl/o/mieszkanie-warszawa-wlochy-ul-ks-juliana-chroscickiego-2-pokojowe-r9h2a6,https://s2.adresowa.pl/oi/5a/5c/40c7c2_e035_cover@2x-2-pokojowe-mieszkanie-warszawa-wlochy-ul-ks-juliana-chroscickiego.webp
Warszawa Szczęśliwice,ul. Białobrzeska,2,46,1150000,25000,bez pośredników,,10,https://adresowo.pl/o/mieszkanie-warszawa-szczesliwice-ul-bialobrzeska-2-pokojowe-c4b7k1,https://s2.adresowa.pl/oi/65/3e/40c784_dd73_cover@2x-2-pokojowe-mieszkanie-warszawa-szczesliwice-ul-bialobrzeska.webp
Warszawa Wola,ul. Kolejowa,4,131,4946250,37758,bez pośredników,,30,https://adresowo.pl/o/mieszkanie-warszawa-wola-ul-kolejowa-4-pokojowe-g2m5o5,https://s2.adresowa.pl/oi/2c/7e/40c728_d3ae_cover@2x-4-pokojowe-mieszkanie-warszawa-wola-ul-kolejowa.webp
Warszawa Ursynów,ul. Ernesta Malinowskiego,2,46,630000,13696,Pośrednik,,6,https://adresowo.pl/o/mieszkanie-warszawa-ursynow-ul-ernesta-malinowskiego-2-pokojowe-g2z5k7,https://s2.adresowa.pl/oi/55/6a/40c4c8_74aa_cover@2x-2-pokojowe-mieszkanie-warszawa-ursynow-ul-ernesta-malinowskiego.webp
Warszawa Praga-Północ,ul. Jagiellońska,3,43,1020000,23721,Pośrednik,,10,https://adresowo.pl/o/mieszkanie-warszawa-praga-polnoc-ul-jagiellonska-3-pokojowe-e0m5a9,https://s2.adresowa.pl/oi/27/6b/40c4b6_ab9b_cover@2x-3-pokojowe-mieszkanie-warszawa-praga-polnoc-ul-jagiellonska.webp
Warszawa Praga-Południe,ul. Styrska,3,49,875000,17857,bez pośredników,,14,https://adresowo.pl/o/mieszkanie-warszawa-praga-poludnie-ul-styrska-3-pokojowe-x5i0s3,https://s2.adresowa.pl/oi/5c/4b/40c724_2d18_cover@2x-3-pokojowe-mieszkanie-warszawa-praga-poludnie-ul-styrska.webp
Warszawa Ursynów,ul. Wawrzyńca Surowieckiego,4,74,1199000,16203,bez pośredników,,9,https://adresowo.pl/o/mieszkanie-warszawa-ursynow-ul-wawrzynca-surowieckiego-4-pokojowe-h9x3d3,https://s2.adresowa.pl/oi/34/68/40c6e4_d57e_cover@2x-4-pokojowe-mieszkanie-warszawa-ursynow-ul-wawrzynca-surowieckiego.webp
Warszawa Włochy,ul. Marcina Flisa,3,67,1299000,19388,bez pośredników,,13,https://adresowo.pl/o/mieszkanie-warszawa-wlochy-ul-marcina-flisa-3-pokojowe-p5a1z3,https://s2.adresowa.pl/oi/46/37/40c6f4_c00b_cover@2x-3-pokojowe-mieszkanie-warszawa-wlochy-ul-marcina-flisa.webp
Warszawa Białołęka,ul. Skarbka z Gór,4,76,1000000,13158,Pośrednik,,20,https://adresowo.pl/o/mieszkanie-warszawa-bialoleka-ul-skarbka-z-gor-4-pokojowe-r7c7t1,https://s2.adresowa.pl/oi/4c/78/40c372_b72b_cover@2x-4-pokojowe-mieszkanie-warszawa-bialoleka-ul-skarbka-z-gor.webp
Warszawa Bemowo,ul. Łagowska 3,3,77,846923,10999,Pośrednik,,21,https://adresowo.pl/o/mieszkanie-warszawa-bemowo-ul-lagowska-3-pokojowe-i6v8a6,https://s2.adresowa.pl/oi/11/1c/40c112_84a4_cover@2x-3-pokojowe-mieszkanie-warszawa-bemowo-ul-lagowska.webp
Warszawa Targówek,ul. Piotra Wysockiego,1,27,448000,16593,bez pośredników,,8,https://adresowo.pl/o/mieszkanie-warszawa-targowek-ul-piotra-wysockiego-1-pokoj-a5z2q7,https://s2.adresowa.pl/oi/19/3d/40c618_7bf2_cover@2x-1-pokojowe-mieszkanie-warszawa-targowek-ul-piotra-wysockiego.webp
Warszawa Białołęka,ul. Myśliborska,3,54,859000,15907,bez pośredników,,21,https://adresowo.pl/o/mieszkanie-warszawa-bialoleka-ul-mysliborska-3-pokojowe-s9n3q5,https://s2.adresowa.pl/oi/12/63/40c556_d08b_cover@2x-3-pokojowe-mieszkanie-warszawa-bialoleka-ul-mysliborska.webp
Warszawa Wola,ul. Radziwie,1,33,675000,20455,bez pośredników,,10,https://adresowo.pl/o/mieszkanie-warszawa-wola-ul-radziwie-1-pokoj-m8k5o3,https://s2.adresowa.pl/oi/5f/72/40c54e_e70f_cover@2x-1-pokojowe-mieszkanie-warszawa-wola-ul-radziwie.webp
Warszawa,,6,361,7400000,20499,Pośrednik,,23,https://adresowo.pl/o/mieszkanie-warszawa-6-pokojowe-361-m2-h5w1t6,https://s2.adresowa.pl/oi/62/79/40c02e_28a3_cover@2x-6-pokojowe-mieszkanie-warszawa.webp
Warszawa Mokotów,ul. Barcelońska 9,2,42,599000,14262,Pośrednik,,13,https://adresowo.pl/o/mieszkanie-warszawa-mokotow-ul-barcelonska-2-pokojowe-r7u5c2,https://s2.adresowa.pl/oi/40/43/40bef2_5366_cover@2x-2-pokojowe-mieszkanie-warszawa-mokotow-ul-barcelonska.webp
Warszawa Mokotów,ul. Rejsu,2,65,1599000,24600,bez pośredników,,20,https://adresowo.pl/o/mieszkanie-warszawa-mokotow-ul-rejsu-2-pokojowe-s8w2u2,https://s2.adresowa.pl/oi/1d/46/40c52a_c9fe_cover@2x-2-pokojowe-mieszkanie-warszawa-mokotow-ul-rejsu.webp
Warszawa Ochota,ul. Urbanistów,1,23,545000,23696,bez pośredników,,10,https://adresowo.pl/o/mieszkanie-warszawa-ochota-ul-urbanistow-1-pokoj-y2v8k3,https://s2.adresowa.pl/oi/1c/59/40c4c4_4476_cover@2x-1-pokojowe-mieszkanie-warszawa-ochota-ul-urbanistow.webp
Warszawa Bielany,ul. Szegedyńska,3,48,800000,16667,bez pośredników,,20,https://adresowo.pl/o/mieszkanie-warszawa-bielany-ul-szegedynska-3-pokojowe-q7e7m4,https://s2.adresowa.pl/oi/5e/28/40c4a0_c1b7_cover@2x-3-pokojowe-mieszkanie-warszawa-bielany-ul-szegedynska.webp
Warszawa Praga-Południe,ul. 21 Pułku Piechoty Dzieci Warszawy,1,36,575000,15972,Pośrednik,,13,https://adresowo.pl/o/mieszkanie-warszawa-praga-poludnie-ul-21-pulku-piechoty-dzieci-warszawy-1-pokoj-f6f9t5,https://s2.adresowa.pl/oi/5f/31/40bee6_90a5_cover@2x-1-pokojowe-mieszkanie-warszawa-praga-poludnie-ul-21-pulku-piechoty-dzieci-warszawy.webp
Warszawa,Śródmieście,3,57,1249000,21912,Pośrednik,,15,https://adresowo.pl/o/mieszkanie-warszawa-srodmiescie-3-pokojowe-57-m2-v4p6b7,https://s2.adresowa.pl/oi/71/32/40bee2_85ae_cover@2x-3-pokojowe-mieszkanie-warszawa-srodmiescie.webp
Warszawa Śródmieście,pl. Konstytucji,4,103,2150000,20874,bez pośredników,,6,https://adresowo.pl/o/mieszkanie-warszawa-srodmiescie-pl-konstytucji-4-pokojowe-o0w6t1,https://s2.adresowa.pl/oi/12/13/40c48c_e0df_cover@2x-4-pokojowe-mieszkanie-warszawa-srodmiescie-pl-konstytucji.webp
Warszawa Śródmieście,ul. Mikołaja Kopernika,2,60,2390000,39833,bez pośredników,,18,https://adresowo.pl/o/mieszkanie-warszawa-srodmiescie-ul-mikolaja-kopernika-2-pokojowe-u8e5j7,https://s2.adresowa.pl/oi/4e/18/40c470_602c_cover@2x-2-pokojowe-mieszkanie-warszawa-srodmiescie-ul-mikolaja-kopernika.webp
Warszawa Śródmieście,ul. Brzozowa,2,29,889000,30655,bez pośredników,,14,https://adresowo.pl/o/mieszkanie-warszawa-srodmiescie-ul-brzozowa-2-pokojowe-e2x9x7,https://s2.adresowa.pl/oi/4f/1d/40c42a_dca1_cover@2x-2-pokojowe-mieszkanie-warszawa-srodmiescie-ul-brzozowa.webp
Warszawa Dolny Mokotów,ul. Zwierzyniecka,2,46,639000,13891,Pośrednik,,18,https://adresowo.pl/o/mieszkanie-warszawa-dolny-mokotow-ul-zwierzyniecka-2-pokojowe-l8v5n5,https://s2.adresowa.pl/oi/50/62/40bbe2_5c76_cover@2x-2-pokojowe-mieszkanie-warszawa-dolny-mokotow-ul-zwierzyniecka.webp
Warszawa Rembertów,ul. Bombardierów,2,51,899000,17627,Pośrednik,,8,https://adresowo.pl/o/mieszkanie-warszawa-rembertow-ul-bombardierow-2-pokojowe-m5q8f3,https://s2.adresowa.pl/oi/60/6b/40bbca_924a_cover@2x-2-pokojowe-mieszkanie-warszawa-rembertow-ul-bombardierow.webp
Warszawa Wesoła,ul. Armii Krajowej,2,40,540000,13500,bez pośredników,,10,https://adresowo.pl/o/mieszkanie-warszawa-wesola-ul-armii-krajowej-2-pokojowe-i5y6f1,https://s2.adresowa.pl/oi/16/6f/40c360_ff1c_cover@2x-2-pokojowe-mieszkanie-warszawa-wesola-ul-armii-krajowej.webp
Warszawa Wola,ul. Okopowa,3,46,815000,17717,bez pośredników,,9,https://adresowo.pl/o/mieszkanie-warszawa-wola-ul-okopowa-3-pokojowe-a3r9w5,https://s2.adresowa.pl/oi/1c/4e/40c390_9998_cover@2x-3-pokojowe-mieszkanie-warszawa-wola-ul-okopowa.webp
Warszawa,Targówek,2,56,930000,16607,bez pośredników,,8,https://adresowo.pl/o/mieszkanie-warszawa-targowek-2-pokojowe-56-m2-z3j6i3,https://s2.adresowa.pl/oi/7a/4e/40c38e_5250_cover@2x-2-pokojowe-mieszkanie-warszawa-targowek.webp
Warszawa Mokotów,ul. Antoniego Malczewskiego 44A,2,36,716000,19889,Pośrednik,,13,https://adresowo.pl/o/mieszkanie-warszawa-mokotow-ul-antoniego-malczewskiego-2-pokojowe-d0t7b5,https://s2.adresowa.pl/oi/62/2b/40bbc0_b58d_cover@2x-2-pokojowe-mieszkanie-warszawa-mokotow-ul-antoniego-malczewskiego.webp
Warszawa Mokotów,ul. Bełska,1,22,580000,26364,Pośrednik,,9,https://adresowo.pl/o/mieszkanie-warszawa-mokotow-ul-belska-1-pokoj-c6f3u1,https://s2.adresowa.pl/oi/16/4c/40bba6_4f9d_cover@2x-1-pokojowe-mieszkanie-warszawa-mokotow-ul-belska.webp
Warszawa Bemowo,ul. Mieczysława Wolfkego,2,54,790000,14630,bez pośredników,,13,https://adresowo.pl/o/mieszkanie-warszawa-bemowo-ul-mieczyslawa-wolfkego-2-pokojowe-s4x0o9,https://s2.adresowa.pl/oi/5d/72/40c350_7651_cover@2x-2-pokojowe-mieszkanie-warszawa-bemowo-ul-mieczyslawa-wolfkego.webp
Warszawa Włochy,ul. Obywatelska,1,31,625000,20161,bez pośredników,,8,https://adresowo.pl/o/mieszkanie-warszawa-wlochy-ul-obywatelska-1-pokoj-s2m3a8,https://s2.adresowa.pl/oi/5b/44/40c354_b6ea_cover@2x-1-pokojowe-mieszkanie-warszawa-wlochy-ul-obywatelska.webp
Warszawa Dolny Mokotów,ul. Czerniakowska,3,67,1089000,16254,bez pośredników,,19,https://adresowo.pl/o/mieszkanie-warszawa-dolny-mokotow-ul-czerniakowska-3-pokojowe-p4z7j1,https://s2.adresowa.pl/oi/23/33/40c352_cb13_cover@2x-3-pokojowe-mieszkanie-warszawa-dolny-mokotow-ul-czerniakowska.webp
Warszawa Włochy,ul. ks. Juliana Chrościckiego,3,104,1375000,13221,Pośrednik,,19,https://adresowo.pl/o/mieszkanie-warszawa-wlochy-ul-ks-juliana-chroscickiego-3-pokojowe-i4q1p0,https://s2.adresowa.pl/oi/78/19/40ba6c_83b0_cover@2x-3-pokojowe-mieszkanie-warszawa-wlochy-ul-ks-juliana-chroscickiego.webp
Warszawa Wilanów,al. Rzeczypospolitej,2,54,1150000,21296,Pośrednik,,17,https://adresowo.pl/o/mieszkanie-warszawa-wilanow-al-rzeczypospolitej-2-pokojowe-z5k1z7,https://s2.adresowa.pl/oi/28/17/40ba6a_c44c_cover@2x-2-pokojowe-mieszkanie-warszawa-wilanow-al-rzeczypospolitej.webp
Warszawa Ursynów,ul. Oskara Sosnowskiego,2,47,849000,18064,bez pośredników,,21,https://adresowo.pl/o/mieszkanie-warszawa-ursynow-ul-oskara-sosnowskiego-2-pokojowe-y0o6h8,https://s2.adresowa.pl/oi/38/35/40c306_6314_cover@2x-2-pokojowe-mieszkanie-warszawa-ursynow-ul-oskara-sosnowskiego.webp
Warszawa,Wawer,2,37,538500,14554,bez pośredników,,8,https://adresowo.pl/o/mieszkanie-warszawa-wawer-2-pokojowe-37-m2-t6t9a0,https://s2.adresowa.pl/oi/47/7c/40c300_eb89_cover@2x-2-pokojowe-mieszkanie-warszawa-wawer.webp
Warszawa Praga-Południe,al. Jerzego Waszyngtona,2,34,616000,18118,bez pośredników,,11,https://adresowo.pl/o/mieszkanie-warszawa-praga-poludnie-al-jerzego-waszyngtona-2-pokojowe-o9f6a9,https://s2.adresowa.pl/oi/5d/46/40c2e2_316c_cover@2x-2-pokojowe-mieszkanie-warszawa-praga-poludnie-al-jerzego-waszyngtona.webp
Warszawa Ochota,ul. Radomska,2,54,889000,16463,Pośrednik,,12,https://adresowo.pl/o/mieszkanie-warszawa-ochota-ul-radomska-2-pokojowe-u0v0r6,https://s2.adresowa.pl/oi/16/5c/40ba5e_c7df_cover@2x-2-pokojowe-mieszkanie-warszawa-ochota-ul-radomska.webp
Warszawa Ursus,ul. Kazimierza Pużaka,2,56,650000,11607,Pośrednik,,6,https://adresowo.pl/o/mieszkanie-warszawa-ursus-ul-kazimierza-puzaka-2-pokojowe-e5p3p0,https://s2.adresowa.pl/oi/25/27/40ba54_eb30_cover@2x-2-pokojowe-mieszkanie-warszawa-ursus-ul-kazimierza-puzaka.webp
Warszawa Wola,ul. Obozowa,2,37,698000,18865,bez pośredników,,6,https://adresowo.pl/o/mieszkanie-warszawa-wola-ul-obozowa-2-pokojowe-m8r8d7,https://s2.adresowa.pl/oi/39/5f/40c2ca_c815_cover@2x-2-pokojowe-mieszkanie-warszawa-wola-ul-obozowa.webp
Warszawa,Wilanów,3,62,1362000,21968,bez pośredników,,11,https://adresowo.pl/o/mieszkanie-warszawa-wilanow-3-pokojowe-62-m2-v6n3g3,https://s2.adresowa.pl/oi/25/10/40c2a8_a9af_cover@2x-3-pokojowe-mieszkanie-warszawa-wilanow.webp
Warszawa Wola,ul. Chłodna,2,47,871350,18539,bez pośredników,,9,https://adresowo.pl/o/mieszkanie-warszawa-wola-ul-chlodna-2-pokojowe-v1p3c4,https://s2.adresowa.pl/oi/4f/65/40c2a4_95c0_cover@2x-2-pokojowe-mieszkanie-warszawa-wola-ul-chlodna.webp
Warszawa Wola,ul. Górczewska,2,35,645000,18429,Pośrednik,,9,https://adresowo.pl/o/mieszkanie-warszawa-wola-ul-gorczewska-2-pokojowe-i2u0h1,https://s2.adresowa.pl/oi/64/27/40b954_c1d1_cover@2x-2-pokojowe-mieszkanie-warszawa-wola-ul-gorczewska.webp
Warszawa Wola,ul. Płocka,2,59,1250000,21186,Pośrednik,,13,https://adresowo.pl/o/mieszkanie-warszawa-wola-ul-plocka-2-pokojowe-m6l8c7,https://s2.adresowa.pl/oi/3b/13/40b906_f43b_cover@2x-2-pokojowe-mieszkanie-warszawa-wola-ul-plocka.webp
Warszawa Bielany,ul. Aspekt,2,36,660000,18333,bez pośredników,,6,https://adresowo.pl/o/mieszkanie-warszawa-bielany-ul-aspekt-2-pokojowe-j3x8o2,https://s2.adresowa.pl/oi/60/57/40c258_7fd2_cover@2x-2-pokojowe-mieszkanie-warszawa-bielany-ul-aspekt.webp
Warszawa Białołęka,ul. Gioacchino Rossiniego,2,56,762750,13621,bez pośredników,,11,https://adresowo.pl/o/mieszkanie-warszawa-bialoleka-ul-gioacchino-rossiniego-2-pokojowe-x5b2e9,https://s2.adresowa.pl/oi/61/1a/40c250_a1f2_cover@2x-2-pokojowe-mieszkanie-warszawa-bialoleka-ul-gioacchino-rossiniego.webp
Warszawa Praga-Południe,ul. Meksykańska,2,58,1550000,26724,bez pośredników,,12,https://adresowo.pl/o/mieszkanie-warszawa-praga-poludnie-ul-meksykanska-2-pokojowe-s1m4r7,https://s2.adresowa.pl/oi/3c/57/40c212_6ff6_cover@2x-2-pokojowe-mieszkanie-warszawa-praga-poludnie-ul-meksykanska.webp
Warszawa Mokotów,ul. Jana Sebastiana Bacha 34,3,57,868000,15228,Pośrednik,,18,https://adresowo.pl/o/mieszkanie-warszawa-mokotow-ul-jana-sebastiana-bacha-3-pokojowe-v5v8c1,https://s2.adresowa.pl/oi/7b/1e/40b8fe_8a52_cover@2x-3-pokojowe-mieszkanie-warszawa-mokotow-ul-jana-sebastiana-bacha.webp
Warszawa Białołęka,ul. Marywilska,3,55,679000,12345,Pośrednik,,6,https://adresowo.pl/o/mieszkanie-warszawa-bialoleka-ul-marywilska-3-pokojowe-d5a5y4,https://s2.adresowa.pl/oi/6a/33/40b6b8_ddfc_cover@2x-3-pokojowe-mieszkanie-warszawa-bialoleka-ul-marywilska.webp
Warszawa Praga-Północ,ul. Panieńska,1,26,650000,25000,bez pośredników,,11,https://adresowo.pl/o/mieszkanie-warszawa-praga-polnoc-ul-panienska-1-pokoj-o3u6y3,https://s2.adresowa.pl/oi/4a/2e/40c1cc_3e7e_cover@2x-1-pokojowe-mieszkanie-warszawa-praga-polnoc-ul-panienska.webp
Warszawa Białołęka,ul. Skarbka z Gór,3,52,770000,14808,bez pośredników,,9,https://adresowo.pl/o/mieszkanie-warszawa-bialoleka-ul-skarbka-z-gor-3-pokojowe-x2y6h9,https://s2.adresowa.pl/oi/27/4c/40c18e_a434_cover@2x-3-pokojowe-mieszkanie-warszawa-bialoleka-ul-skarbka-z-gor.webp
Warszawa Praga-Północ,ul. 11 Listopada,1,34,684000,20118,bez pośredników,,10,https://adresowo.pl/o/mieszkanie-warszawa-praga-polnoc-ul-11-listopada-1-pokoj-m7t6u3,https://s2.adresowa.pl/oi/2b/3a/40c11e_a26d_cover@2x-1-pokojowe-mieszkanie-warszawa-praga-polnoc-ul-11-listopada.webp
Warszawa Targówek,ul. Turmoncka 10,3,66,890000,13485,Pośrednik,,39,https://adresowo.pl/o/mieszkanie-warszawa-targowek-ul-turmoncka-3-pokojowe-s8s6p9,https://s2.adresowa.pl/oi/4a/7d/40b69a_3b3d_cover@2x-3-pokojowe-mieszkanie-warszawa-targowek-ul-turmoncka.webp
Warszawa Białołęka,ul. Pawła Włodkowica 9,3,57,679000,11912,Pośrednik,,5,https://adresowo.pl/o/mieszkanie-warszawa-bialoleka-ul-pawla-wlodkowica-3-pokojowe-e0o4x7,https://s2.adresowa.pl/oi/22/45/40b692_5b79_cover@2x-3-pokojowe-mieszkanie-warszawa-bialoleka-ul-pawla-wlodkowica.webp
Warszawa Ochota,ul. Włodarzewska 57E,2,55,1190000,21636,bez pośredników,,35,https://adresowo.pl/o/mieszkanie-warszawa-ochota-ul-wlodarzewska-2-pokojowe-p4g4z9,https://s2.adresowa.pl/oi/28/5b/3b53b8_9c3b_cover@2x-2-pokojowe-mieszkanie-warszawa-ochota-ul-wlodarzewska.webp
Warszawa Gocław,ul. Murmańska,1,35,590000,16857,bez pośredników,,7,https://adresowo.pl/o/mieszkanie-warszawa-goclaw-ul-murmanska-1-pokoj-n9x1r5,https://s2.adresowa.pl/oi/2c/63/40c0f0_a959_cover@2x-1-pokojowe-mieszkanie-warszawa-goclaw-ul-murmanska.webp
Warszawa Ursus,ul. Józefa Chełmońskiego,5,93,1349000,14505,bez pośredników,,12,https://adresowo.pl/o/mieszkanie-warszawa-ursus-ul-jozefa-chelmonskiego-5-pokojowe-b5w5i7,https://s2.adresowa.pl/oi/7e/1b/40c002_aa79_cover@2x-5-pokojowe-mieszkanie-warszawa-ursus-ul-jozefa-chelmonskiego.webp
Warszawa Bródno,ul. Piotra Wysockiego,1,28,449000,16036,bez pośredników,,7,https://adresowo.pl/o/mieszkanie-warszawa-brodno-ul-piotra-wysockiego-1-pokoj-j0w5y9,https://s2.adresowa.pl/oi/5a/26/40bfa0_bde1_cover@2x-1-pokojowe-mieszkanie-warszawa-brodno-ul-piotra-wysockiego.webp
Warszawa Białołęka,ul. Pawła Włodkowica,2,48,655000,13646,Pośrednik,,6,https://adresowo.pl/o/mieszkanie-warszawa-bialoleka-ul-pawla-wlodkowica-2-pokojowe-w0x9i8,https://s2.adresowa.pl/oi/38/6f/40b68c_afc9_cover@2x-2-pokojowe-mieszkanie-warszawa-bialoleka-ul-pawla-wlodkowica.webp
Warszawa Praga,ul. Chodakowska,2,45,779000,17311,Pośrednik,,4,https://adresowo.pl/o/mieszkanie-warszawa-praga-ul-chodakowska-2-pokojowe-d5j3n2,https://s2.adresowa.pl/oi/7a/7f/40b682_74b0_cover@2x-2-pokojowe-mieszkanie-warszawa-praga-ul-chodakowska.webp
Warszawa Annopol,ul. Marywilska,3,61,1169000,19164,bez pośredników,,21,https://adresowo.pl/o/mieszkanie-warszawa-annopol-ul-marywilska-3-pokojowe-p3r1z6,https://s2.adresowa.pl/oi/6e/61/40bf82_284b_cover@2x-3-pokojowe-mieszkanie-warszawa-annopol-ul-marywilska.webp
Warszawa Grochów,ul. Jarocińska 1,3,62,1097400,17700,bez pośredników,,13,https://adresowo.pl/o/mieszkanie-warszawa-grochow-ul-jarocinska-3-pokojowe-s3j5o9,https://s2.adresowa.pl/oi/38/16/40be7a_a27f_cover@2x-3-pokojowe-mieszkanie-warszawa-grochow-ul-jarocinska.webp
Warszawa Gocław,ul. Floriana Znanieckiego,3,98,1299000,13255,bez pośredników,,19,https://adresowo.pl/o/mieszkanie-warszawa-goclaw-ul-floriana-znanieckiego-3-pokojowe-z5l9q6,https://s2.adresowa.pl/oi/6a/77/40be6e_9112_cover@2x-3-pokojowe-mieszkanie-warszawa-goclaw-ul-floriana-znanieckiego.webp
Warszawa Bielany,ul. Klaudyny 32,3,58,820000,14138,Pośrednik,,15,https://adresowo.pl/o/mieszkanie-warszawa-bielany-ul-klaudyny-3-pokojowe-i9s8v2,https://s2.adresowa.pl/oi/42/22/40b67c_da94_cover@2x-3-pokojowe-mieszkanie-warszawa-bielany-ul-klaudyny.webp
Warszawa Białołęka,ul. Marii Callas,3,49,619000,12633,Pośrednik,,6,https://adresowo.pl/o/mieszkanie-warszawa-bialoleka-ul-marii-callas-3-pokojowe-k4z3o7,https://s2.adresowa.pl/oi/1a/4e/40b67a_ac9d_cover@2x-3-pokojowe-mieszkanie-warszawa-bialoleka-ul-marii-callas.webp
Warszawa Bielany,ul. Gustawa Daniłowskiego,2,46,790000,17174,bez pośredników,,11,https://adresowo.pl/o/mieszkanie-warszawa-bielany-ul-gustawa-danilowskiego-2-pokojowe-s2u7r7,https://s2.adresowa.pl/oi/25/65/40bd0e_625a_cover@2x-2-pokojowe-mieszkanie-warszawa-bielany-ul-gustawa-danilowskiego.webp
Warszawa Ursus,ul. Górna Droga,2,45,655000,14556,bez pośredników,,14,https://adresowo.pl/o/mieszkanie-warszawa-ursus-ul-gorna-droga-2-pokojowe-o1p6f4,https://s2.adresowa.pl/oi/51/42/40bc6e_ecd1_cover@2x-2-pokojowe-mieszkanie-warszawa-ursus-ul-gorna-droga.webp
Warszawa Białołęka,ul. Modlińska,3,74,1221000,16500,bez pośredników,,15,https://adresowo.pl/o/mieszkanie-warszawa-bialoleka-ul-modlinska-3-pokojowe-t2b4l6,https://s2.adresowa.pl/oi/1a/4a/40bcd4_66a8_cover@2x-3-pokojowe-mieszkanie-warszawa-bialoleka-ul-modlinska.webp
Warszawa Praga,ul. Chodakowska,2,51,839000,16451,Pośrednik,,5,https://adresowo.pl/o/mieszkanie-warszawa-praga-ul-chodakowska-2-pokojowe-w5s4d2,https://s2.adresowa.pl/oi/2d/47/40b66c_45f2_cover@2x-2-pokojowe-mieszkanie-warszawa-praga-ul-chodakowska.webp
Warszawa Białołęka,ul. Marywilska,3,75,839000,11187,Pośrednik,,8,https://adresowo.pl/o/mieszkanie-warszawa-bialoleka-ul-marywilska-3-pokojowe-k0n3x7,https://s2.adresowa.pl/oi/69/1f/40b664_cf02_cover@2x-3-pokojowe-mieszkanie-warszawa-bialoleka-ul-marywilska.webp
Warszawa Wola,ul. Radziwie 5,3,56,1235000,22054,bez pośredników,,17,https://adresowo.pl/o/mieszkanie-warszawa-wola-ul-radziwie-3-pokojowe-u1w7m8,https://s2.adresowa.pl/oi/7a/6a/40ba92_3f59_cover@2x-3-pokojowe-mieszkanie-warszawa-wola-ul-radziwie.webp
Warszawa Żoliborz,ul. Władysława Broniewskiego,2,38,760000,20000,bez pośredników,,7,https://adresowo.pl/o/mieszkanie-warszawa-zoliborz-ul-wladyslawa-broniewskiego-2-pokojowe-v2t3x4,https://s2.adresowa.pl/oi/4b/67/40ba42_690b_cover@2x-2-pokojowe-mieszkanie-warszawa-zoliborz-ul-wladyslawa-broniewskiego.webp
Warszawa,Bemowo,5,143,2769974,19370,bez pośredników,,9,https://adresowo.pl/o/mieszkanie-warszawa-bemowo-5-pokojowe-143-m2-z7e4a2,https://s2.adresowa.pl/oi/58/21/40b9ce_8e77_cover@2x-5-pokojowe-mieszkanie-warszawa-bemowo.webp
Warszawa Praga,ul. Chodakowska,4,64,1049000,16391,Pośrednik,,5,https://adresowo.pl/o/mieszkanie-warszawa-praga-ul-chodakowska-4-pokojowe-a3p2o8,https://s2.adresowa.pl/oi/17/58/40b662_b5ee_cover@2x-4-pokojowe-mieszkanie-warszawa-praga-ul-chodakowska.webp
Warszawa Białołęka,ul. Marywilska,3,50,735000,14700,Pośrednik,,6,https://adresowo.pl/o/mieszkanie-warszawa-bialoleka-ul-marywilska-3-pokojowe-x1b9l1,https://s2.adresowa.pl/oi/63/4e/40b660_537b_cover@2x-3-pokojowe-mieszkanie-warszawa-bialoleka-ul-marywilska.webp
Warszawa Białołęka,ul. Książkowa,3,70,815000,11643,bez pośredników,,1,https://adresowo.pl/o/mieszkanie-warszawa-bialoleka-ul-ksiazkowa-3-pokojowe-k1t5q4,https://s2.adresowa.pl/oi/4c/5b/40b966_40d8_cover@2x-3-pokojowe-mieszkanie-warszawa-bialoleka-ul-ksiazkowa.webp
Warszawa Ursynów,ul. Alternatywy,4,72,1250000,17361,bez pośredników,,12,https://adresowo.pl/o/mieszkanie-warszawa-ursynow-ul-alternatywy-4-pokojowe-h9n2y4,https://s2.adresowa.pl/oi/61/76/40b950_d6c3_cover@2x-4-pokojowe-mieszkanie-warszawa-ursynow-ul-alternatywy.webp
Warszawa Praga-Północ,ul. Markowska,2,47,899000,19128,bez pośredników,,12,https://adresowo.pl/o/mieszkanie-warszawa-praga-polnoc-ul-markowska-2-pokojowe-d8n9r5,https://s2.adresowa.pl/oi/6b/4e/40b8d0_41b4_cover@2x-2-pokojowe-mieszkanie-warszawa-praga-polnoc-ul-markowska.webp
Warszawa Białołęka,ul. Pawła Włodkowica,4,63,845000,13413,Pośrednik,,5,https://adresowo.pl/o/mieszkanie-warszawa-bialoleka-ul-pawla-wlodkowica-4-pokojowe-y6l6m9,https://s2.adresowa.pl/oi/7d/50/40b65a_45eb_cover@2x-4-pokojowe-mieszkanie-warszawa-bialoleka-ul-pawla-wlodkowica.webp
Warszawa Praga,ul. Chodakowska,2,41,749000,18268,Pośrednik,,5,https://adresowo.pl/o/mieszkanie-warszawa-praga-ul-chodakowska-2-pokojowe-e3x2x0,https://s2.adresowa.pl/oi/53/30/40b658_d7c6_cover@2x-2-pokojowe-mieszkanie-warszawa-praga-ul-chodakowska.webp
Warszawa Wola,ul. Księcia Janusza,2,40,920925,23023,bez pośredników,,11,https://adresowo.pl/o/mieszkanie-warszawa-wola-ul-ksiecia-janusza-2-pokojowe-m3a5h2,https://s2.adresowa.pl/oi/20/76/40b8c6_e194_cover@2x-2-pokojowe-mieszkanie-warszawa-wola-ul-ksiecia-janusza.webp
Warszawa Włochy,ul. Rakowska,2,43,780000,18140,bez pośredników,,13,https://adresowo.pl/o/mieszkanie-warszawa-wlochy-ul-rakowska-2-pokojowe-b1d7b3,https://s2.adresowa.pl/oi/4b/2e/40b80e_6ba4_cover@2x-2-pokojowe-mieszkanie-warszawa-wlochy-ul-rakowska.webp
Warszawa Ursynów,ul. Kajakowa,1,33,590000,17879,bez pośredników,,16,https://adresowo.pl/o/mieszkanie-warszawa-ursynow-ul-kajakowa-1-pokoj-y9l9r9,https://s2.adresowa.pl/oi/7d/20/40b79e_fe02_cover@2x-1-pokojowe-mieszkanie-warszawa-ursynow-ul-kajakowa.webp
Warszawa Praga,ul. Chodakowska,4,91,1650000,18132,Pośrednik,,5,https://adresowo.pl/o/mieszkanie-warszawa-praga-ul-chodakowska-4-pokojowe-x6l7a4,https://s2.adresowa.pl/oi/1a/31/40b656_9cf1_cover@2x-4-pokojowe-mieszkanie-warszawa-praga-ul-chodakowska.webp
Warszawa Białołęka,ul. Marii Callas,4,73,785000,10753,Pośrednik,,5,https://adresowo.pl/o/mieszkanie-warszawa-bialoleka-ul-marii-callas-4-pokojowe-h9g8r1,https://s2.adresowa.pl/oi/25/52/40b650_7754_cover@2x-4-pokojowe-mieszkanie-warszawa-bialoleka-ul-marii-callas.webp
Warszawa Bielany,ul. Szegedyńska,1,24,450000,18750,bez pośredników,,8,https://adresowo.pl/o/mieszkanie-warszawa-bielany-ul-szegedynska-1-pokoj-p4f0n8,https://s2.adresowa.pl/oi/29/64/40b782_bb1e_cover@2x-1-pokojowe-mieszkanie-warszawa-bielany-ul-szegedynska.webp
Warszawa Śródmieście,ul. Sienna,4,105,2200000,20952,bez pośredników,,9,https://adresowo.pl/o/mieszkanie-warszawa-srodmiescie-ul-sienna-4-pokojowe-k2c8o8,https://s2.adresowa.pl/oi/6d/4d/40b68e_bd1a_cover@2x-4-pokojowe-mieszkanie-warszawa-srodmiescie-ul-sienna.webp
Warszawa Wola,ul. Księcia Janusza,2,29,595000,20517,bez pośredników,,11,https://adresowo.pl/o/mieszkanie-warszawa-wola-ul-ksiecia-janusza-2-pokojowe-n7e4i5,https://s2.adresowa.pl/oi/64/63/40b624_b856_cover@2x-2-pokojowe-mieszkanie-warszawa-wola-ul-ksiecia-janusza.webp
Warszawa Targówek,ul. Chodecka,2,38,550000,14474,Pośrednik,,16,https://adresowo.pl/o/mieszkanie-warszawa-targowek-ul-chodecka-2-pokojowe-f5r3n6,https://s2.adresowa.pl/oi/39/70/40b640_87fe_cover@2x-2-pokojowe-mieszkanie-warszawa-targowek-ul-chodecka.webp
Warszawa Praga,ul. Chodakowska,1,33,599000,18152,Pośrednik,,5,https://adresowo.pl/o/mieszkanie-warszawa-praga-ul-chodakowska-1-pokoj-j4s1t1,https://s2.adresowa.pl/oi/14/4d/40b634_d7b4_cover@2x-1-pokojowe-mieszkanie-warszawa-praga-ul-chodakowska.webp
Warszawa Wilanów,al. Rzeczypospolitej,2,55,1219000,22164,bez pośredników,,20,https://adresowo.pl/o/mieszkanie-warszawa-wilanow-al-rzeczypospolitej-2-pokojowe-b4p1w7,https://s2.adresowa.pl/oi/5c/77/40b5ea_7d1f_cover@2x-2-pokojowe-mieszkanie-warszawa-wilanow-al-rzeczypospolitej.webp
Warszawa Kabaty,ul. Batystowa,5,169,2399000,14195,bez pośredników,,19,https://adresowo.pl/o/mieszkanie-warszawa-kabaty-ul-batystowa-5-pokojowe-r4m6n4,https://s2.adresowa.pl/oi/3c/36/40b5e4_2b4e_cover@2x-5-pokojowe-mieszkanie-warszawa-kabaty-ul-batystowa.webp
Warszawa Górny Mokotów,ul. Wołoska,3,62,1555000,25081,bez pośredników,,4,https://adresowo.pl/o/mieszkanie-warszawa-gorny-mokotow-ul-woloska-3-pokojowe-r8c4f2,https://s2.adresowa.pl/oi/7b/4c/40b5aa_35af_cover@2x-3-pokojowe-mieszkanie-warszawa-gorny-mokotow-ul-woloska.webp
Warszawa Praga,ul. Chodakowska,3,56,919000,16411,Pośrednik,,5,https://adresowo.pl/o/mieszkanie-warszawa-praga-ul-chodakowska-3-pokojowe-b8r1r4,https://s2.adresowa.pl/oi/7f/5e/40b622_3fd7_cover@2x-3-pokojowe-mieszkanie-warszawa-praga-ul-chodakowska.webp
Warszawa Ochota,ul. Władysława Korotyńskiego,2,35,629999,18000,Pośrednik,,9,https://adresowo.pl/o/mieszkanie-warszawa-ochota-ul-wladyslawa-korotynskiego-2-pokojowe-c7p1p0,https://s2.adresowa.pl/oi/5b/46/40b530_86e5_cover@2x-2-pokojowe-mieszkanie-warszawa-ochota-ul-wladyslawa-korotynskiego.webp
Warszawa Bielany,ul. Sokratesa 13C,2,46,906750,19712,bez pośredników,,15,https://adresowo.pl/o/mieszkanie-warszawa-bielany-ul-sokratesa-2-pokojowe-v1k5f7,https://s2.adresowa.pl/oi/5b/54/40b572_94fc_cover@2x-2-pokojowe-mieszkanie-warszawa-bielany-ul-sokratesa.webp
Warszawa Ursus,ul. Poczty Gdańskiej 17,4,107,1249000,11673,bez pośredników,,33,https://adresowo.pl/o/mieszkanie-warszawa-ursus-ul-poczty-gdanskiej-4-pokojowe-b2y0n1,https://s2.adresowa.pl/oi/1f/35/40b522_98d8_cover@2x-4-pokojowe-mieszkanie-warszawa-ursus-ul-poczty-gdanskiej.webp
Warszawa Żoliborz,ul. Elbląska,2,41,719000,17537,bez pośredników,,16,https://adresowo.pl/o/mieszkanie-warszawa-zoliborz-ul-elblaska-2-pokojowe-w6a2d4,https://s2.adresowa.pl/oi/69/63/40b472_64bf_cover@2x-2-pokojowe-mieszkanie-warszawa-zoliborz-ul-elblaska.webp
Warszawa Ochota,ul. Aleje Jerozolimskie,3,77,1720000,22338,Pośrednik,,7,https://adresowo.pl/o/mieszkanie-warszawa-ochota-ul-aleje-jerozolimskie-3-pokojowe-f8k9n9,https://s2.adresowa.pl/oi/21/61/40b52e_4a98_cover@2x-3-pokojowe-mieszkanie-warszawa-ochota-ul-aleje-jerozolimskie.webp
Warszawa Praga-Południe,ul. Józefa Dwernickiego 27,1,38,610000,16053,Pośrednik,,14,https://adresowo.pl/o/mieszkanie-warszawa-praga-poludnie-ul-jozefa-dwernickiego-1-pokoj-m9n6h1,https://s2.adresowa.pl/oi/35/39/40b4be_875e_cover@2x-1-pokojowe-mieszkanie-warszawa-praga-poludnie-ul-jozefa-dwernickiego.webp
Warszawa Praga-Południe,ul. Peszteńska,2,35,806000,23029,bez pośredników,,16,https://adresowo.pl/o/mieszkanie-warszawa-praga-poludnie-ul-pesztenska-2-pokojowe-v2u5m6,https://s2.adresowa.pl/oi/7f/7f/40b1d6_3902_cover@2x-2-pokojowe-mieszkanie-warszawa-praga-poludnie-ul-pesztenska.webp
Warszawa Żerań,ul. Modlińska,2,46,800000,17391,bez pośredników,,8,https://adresowo.pl/o/mieszkanie-warszawa-zeran-ul-modlinska-2-pokojowe-d5t9l1,https://s2.adresowa.pl/oi/7f/6d/40b0f8_c66d_cover@2x-2-pokojowe-mieszkanie-warszawa-zeran-ul-modlinska.webp
Warszawa Śródmieście,ul. Solec,3,107,3745000,35000,bez pośredników,,21,https://adresowo.pl/o/mieszkanie-warszawa-srodmiescie-ul-solec-3-pokojowe-r6j0h8,https://s2.adresowa.pl/oi/56/3d/40b0e0_9016_cover@2x-3-pokojowe-mieszkanie-warszawa-srodmiescie-ul-solec.webp
Warszawa Żoliborz,ul. Juliusza Słowackiego,3,73,1890000,25890,Pośrednik,,12,https://adresowo.pl/o/mieszkanie-warszawa-zoliborz-ul-juliusza-slowackiego-3-pokojowe-w3u9n2,https://s2.adresowa.pl/oi/6f/3f/40b4bc_8916_cover@2x-3-pokojowe-mieszkanie-warszawa-zoliborz-ul-juliusza-slowackiego.webp
Warszawa Praga-Północ,ul. Floriańska,1,36,790000,21944,Pośrednik,,14,https://adresowo.pl/o/mieszkanie-warszawa-praga-polnoc-ul-florianska-1-pokoj-s0r9k9,https://s2.adresowa.pl/oi/3c/30/40b4ba_779f_cover@2x-1-pokojowe-mieszkanie-warszawa-praga-polnoc-ul-florianska.webp
Warszawa Praga-Północ,ul. Konopacka,1,32,680000,21250,bez pośredników,,8,https://adresowo.pl/o/mieszkanie-warszawa-praga-polnoc-ul-konopacka-1-pokoj-w9b8t6,https://s2.adresowa.pl/oi/59/1b/40afea_c06d_cover@2x-1-pokojowe-mieszkanie-warszawa-praga-polnoc-ul-konopacka.webp
Warszawa Żerań,ul. Krzyżówki,2,50,787900,15758,bez pośredników,,19,https://adresowo.pl/o/mieszkanie-warszawa-zeran-ul-krzyzowki-2-pokojowe-p0x4o4,https://s2.adresowa.pl/oi/66/7a/40af98_4526_cover@2x-2-pokojowe-mieszkanie-warszawa-zeran-ul-krzyzowki.webp
Warszawa Muranów,ul. gen. Władysława Andersa,2,39,800000,20513,bez pośredników,,19,https://adresowo.pl/o/mieszkanie-warszawa-muranow-ul-gen-wladyslawa-andersa-2-pokojowe-p3u8d6,https://s2.adresowa.pl/oi/3f/10/40af5a_d39a_cover@2x-2-pokojowe-mieszkanie-warszawa-muranow-ul-gen-wladyslawa-andersa.webp
Warszawa Targówek,ul. Żuromińska,1,29,449000,15483,Pośrednik,,1,https://adresowo.pl/o/mieszkanie-warszawa-targowek-ul-zurominska-1-pokoj-m6r3i4,https://s2.adresowa.pl/oi/27/35/40b4b8_61b9_cover@2x-1-pokojowe-mieszkanie-warszawa-targowek-ul-zurominska.webp
Warszawa Ursus,ul. Kazimierza Pużaka,2,53,700000,13208,Pośrednik,,4,https://adresowo.pl/o/mieszkanie-warszawa-ursus-ul-kazimierza-puzaka-2-pokojowe-f1m9w4,https://s2.adresowa.pl/oi/28/16/40b4b6_6f51_cover@2x-2-pokojowe-mieszkanie-warszawa-ursus-ul-kazimierza-puzaka.webp
Warszawa Śródmieście,ul. Nowogrodzka,2,49,947000,19327,bez pośredników,,5,https://adresowo.pl/o/mieszkanie-warszawa-srodmiescie-ul-nowogrodzka-2-pokojowe-e8h1w3,https://s2.adresowa.pl/oi/71/14/40ae46_9d01_cover@2x-2-pokojowe-mieszkanie-warszawa-srodmiescie-ul-nowogrodzka.webp
Warszawa Mokotów,ul. Belgradzka,5,86,1980000,23023,bez pośredników,,20,https://adresowo.pl/o/mieszkanie-warszawa-mokotow-ul-belgradzka-5-pokojowe-w9w4n8,https://s2.adresowa.pl/oi/7f/1d/40ae2c_b829_cover@2x-5-pokojowe-mieszkanie-warszawa-mokotow-ul-belgradzka.webp
Warszawa Ursus,ul. Skoroszewska,2,55,818000,14873,bez pośredników,,22,https://adresowo.pl/o/mieszkanie-warszawa-ursus-ul-skoroszewska-2-pokojowe-o8j1l1,https://s2.adresowa.pl/oi/44/27/40ae2a_7bc4_cover@2x-2-pokojowe-mieszkanie-warszawa-ursus-ul-skoroszewska.webp
Warszawa Mokotów,ul. Wołoska,3,63,1233712,19583,Pośrednik,,5,https://adresowo.pl/o/mieszkanie-warszawa-mokotow-ul-woloska-3-pokojowe-a0m0k1,https://s2.adresowa.pl/oi/62/3e/40b4aa_789d_cover@2x-3-pokojowe-mieszkanie-warszawa-mokotow-ul-woloska.webp
Warszawa Wilanów,al. Rzeczypospolitej 20,4,87,2100000,24138,Pośrednik,,20,https://adresowo.pl/o/mieszkanie-warszawa-wilanow-al-rzeczypospolitej-4-pokojowe-w7h7v5,https://s2.adresowa.pl/oi/1f/4f/40b400_7118_cover@2x-4-pokojowe-mieszkanie-warszawa-wilanow-al-rzeczypospolitej.webp
Warszawa Bemowo,ul. Eugeniusza Szwankowskiego,4,68,988900,14543,bez pośredników,,10,https://adresowo.pl/o/mieszkanie-warszawa-bemowo-ul-eugeniusza-szwankowskiego-4-pokojowe-l4w1q1,https://s2.adresowa.pl/oi/73/6f/408380_b253_cover@2x-4-pokojowe-mieszkanie-warszawa-bemowo-ul-eugeniusza-szwankowskiego.webp
Warszawa Targówek,ul. Smoleńska,3,48,720000,15000,bez pośredników,,11,https://adresowo.pl/o/mieszkanie-warszawa-targowek-ul-smolenska-3-pokojowe-q2g2x3,https://s2.adresowa.pl/oi/5a/74/40adea_7e87_cover@2x-3-pokojowe-mieszkanie-warszawa-targowek-ul-smolenska.webp
Warszawa Bielany,ul. Gustawa Daniłowskiego,3,87,1350000,15517,bez pośredników,,17,https://adresowo.pl/o/mieszkanie-warszawa-bielany-ul-gustawa-danilowskiego-3-pokojowe-m7d1c8,https://s2.adresowa.pl/oi/66/28/40ade4_4600_cover@2x-3-pokojowe-mieszkanie-warszawa-bielany-ul-gustawa-danilowskiego.webp
Warszawa Białołęka,ul. Głębocka 54C,4,143,1755000,12273,Pośrednik,,17,https://adresowo.pl/o/mieszkanie-warszawa-bialoleka-ul-glebocka-4-pokojowe-n7o6u0,https://s2.adresowa.pl/oi/32/5d/40b3dc_6e20_cover@2x-4-pokojowe-mieszkanie-warszawa-bialoleka-ul-glebocka.webp
Warszawa Mokotów,ul. Korsykańska,1,31,680000,21935,Pośrednik,,7,https://adresowo.pl/o/mieszkanie-warszawa-mokotow-ul-korsykanska-1-pokoj-m5m9k5,https://s2.adresowa.pl/oi/6f/60/40b3d0_5377_cover@2x-1-pokojowe-mieszkanie-warszawa-mokotow-ul-korsykanska.webp
Warszawa Ochota,ul. Grójecka,2,36,760000,21111,bez pośredników,,9,https://adresowo.pl/o/mieszkanie-warszawa-ochota-ul-grojecka-2-pokojowe-b6q9h8,https://s2.adresowa.pl/oi/1d/28/4099f2_bb41_cover@2x-2-pokojowe-mieszkanie-warszawa-ochota-ul-grojecka.webp
Warszawa Praga-Północ,ul. Kowieńska 7,2,51,785000,15392,bez pośredników,,11,https://adresowo.pl/o/mieszkanie-warszawa-praga-polnoc-ul-kowienska-2-pokojowe-i3w8q4,https://s2.adresowa.pl/oi/55/47/40ac78_3063_cover@2x-2-pokojowe-mieszkanie-warszawa-praga-polnoc-ul-kowienska.webp
Warszawa Wawer,ul. Palmowa,3,62,999900,16127,bez pośredników,,18,https://adresowo.pl/o/mieszkanie-warszawa-wawer-ul-palmowa-3-pokojowe-n2j7k2,https://s2.adresowa.pl/oi/63/7c/40abae_e2fd_cover@2x-3-pokojowe-mieszkanie-warszawa-wawer-ul-palmowa.webp
Warszawa Białołęka,ul. Marywilska,3,51,875000,17157,Pośrednik,,20,https://adresowo.pl/o/mieszkanie-warszawa-bialoleka-ul-marywilska-3-pokojowe-q3z0j8,https://s2.adresowa.pl/oi/45/5d/40b3a2_9406_cover@2x-3-pokojowe-mieszkanie-warszawa-bialoleka-ul-marywilska.webp
Warszawa Wola,ul. Karolkowa 62,3,68,1027000,15103,Pośrednik,,10,https://adresowo.pl/o/mieszkanie-warszawa-wola-ul-karolkowa-3-pokojowe-u9u9f3,https://s2.adresowa.pl/oi/78/4b/40afc6_cf44_cover@2x-3-pokojowe-mieszkanie-warszawa-wola-ul-karolkowa.webp
Warszawa Mokotów,ul. Czarnomorska,2,48,769000,16021,bez pośredników,,12,https://adresowo.pl/o/mieszkanie-warszawa-mokotow-ul-czarnomorska-2-pokojowe-m2s8b4,https://s2.adresowa.pl/oi/68/5a/40ab70_721b_cover@2x-2-pokojowe-mieszkanie-warszawa-mokotow-ul-czarnomorska.webp
Warszawa Mokotów,ul. Nałęczowska,3,75,1699000,22653,bez pośredników,,15,https://adresowo.pl/o/mieszkanie-warszawa-mokotow-ul-naleczowska-3-pokojowe-p6f5y7,https://s2.adresowa.pl/oi/4b/11/40ab5c_d105_cover@2x-3-pokojowe-mieszkanie-warszawa-mokotow-ul-naleczowska.webp
Warszawa Ochota,ul. Gorlicka,2,41,750000,18293,bez pośredników,,10,https://adresowo.pl/o/mieszkanie-warszawa-ochota-ul-gorlicka-2-pokojowe-s3e0x8,https://s2.adresowa.pl/oi/60/6b/40aaf0_7e55_cover@2x-2-pokojowe-mieszkanie-warszawa-ochota-ul-gorlicka.webp
Warszawa Śródmieście,ul. Bugaj 14,1,35,814000,23257,Pośrednik,,20,https://adresowo.pl/o/mieszkanie-warszawa-srodmiescie-ul-bugaj-1-pokoj-b4o1g9,https://s2.adresowa.pl/oi/6e/3d/40adc4_f098_cover@2x-1-pokojowe-mieszkanie-warszawa-srodmiescie-ul-bugaj.webp
Warszawa Wola,ul. Ogrodowa,2,59,1150000,19492,Pośrednik,,20,https://adresowo.pl/o/mieszkanie-warszawa-wola-ul-ogrodowa-2-pokojowe-n0l9t4,https://s2.adresowa.pl/oi/68/6e/40adc2_58a0_cover@2x-2-pokojowe-mieszkanie-warszawa-wola-ul-ogrodowa.webp
Warszawa Bielany,ul. Przy Agorze,1,24,449444,18727,bez pośredników,,17,https://adresowo.pl/o/mieszkanie-warszawa-bielany-ul-przy-agorze-1-pokoj-l1p5o5,https://s2.adresowa.pl/oi/20/1c/40aada_d11a_cover@2x-1-pokojowe-mieszkanie-warszawa-bielany-ul-przy-agorze.webp
Warszawa Ursynów,ul. Lasek Brzozowy,2,52,840000,16154,bez pośredników,,15,https://adresowo.pl/o/mieszkanie-warszawa-ursynow-ul-lasek-brzozowy-2-pokojowe-m2f8c0,https://s2.adresowa.pl/oi/4a/6f/40aa92_94a6_cover@2x-2-pokojowe-mieszkanie-warszawa-ursynow-ul-lasek-brzozowy.webp
Warszawa Wola,ul. Jana Kazimierza,2,53,1170000,22075,bez pośredników,,12,https://adresowo.pl/o/mieszkanie-warszawa-wola-ul-jana-kazimierza-2-pokojowe-a4x1d8,https://s2.adresowa.pl/oi/20/59/40aa76_543c_cover@2x-2-pokojowe-mieszkanie-warszawa-wola-ul-jana-kazimierza.webp
Warszawa Ursynów,ul. rtm. Witolda Pileckiego,1,36,675000,18750,Pośrednik,,5,https://adresowo.pl/o/mieszkanie-warszawa-ursynow-ul-rtm-witolda-pileckiego-1-pokoj-v6b2m4,https://s2.adresowa.pl/oi/11/7d/40ad5e_fd3c_cover@2x-1-pokojowe-mieszkanie-warszawa-ursynow-ul-rtm-witolda-pileckiego.webp
Warszawa Ursynów,al. Komisji Edukacji Narodowej,2,54,980000,18148,Pośrednik,,8,https://adresowo.pl/o/mieszkanie-warszawa-ursynow-al-komisji-edukacji-narodowej-2-pokojowe-m0b7b3,https://s2.adresowa.pl/oi/3a/21/40ad5c_e34a_cover@2x-2-pokojowe-mieszkanie-warszawa-ursynow-al-komisji-edukacji-narodowej.webp
Warszawa Służewiec,al. Wilanowska,4,80,1597000,19962,bez pośredników,,9,https://adresowo.pl/o/mieszkanie-warszawa-sluzewiec-al-wilanowska-4-pokojowe-s8b5u8,https://s2.adresowa.pl/oi/32/15/40aa24_da3c_cover@2x-4-pokojowe-mieszkanie-warszawa-sluzewiec-al-wilanowska.webp
Warszawa Bemowo,ul. Wandy Landowskiej,1,25,610000,24400,bez pośredników,,18,https://adresowo.pl/o/mieszkanie-warszawa-bemowo-ul-wandy-landowskiej-1-pokoj-v4y2a1,https://s2.adresowa.pl/oi/67/3d/40aa1c_8f56_cover@2x-1-pokojowe-mieszkanie-warszawa-bemowo-ul-wandy-landowskiej.webp
Warszawa Mokotów,ul. Jana Karola Chodkiewicza,3,62,1589000,25629,bez pośredników,,19,https://adresowo.pl/o/mieszkanie-warszawa-mokotow-ul-jana-karola-chodkiewicza-3-pokojowe-m6q9w8,https://s2.adresowa.pl/oi/2a/15/40a89a_d9d0_cover@2x-3-pokojowe-mieszkanie-warszawa-mokotow-ul-jana-karola-chodkiewicza.webp
Warszawa Wola,ul. Wolska,1,25,435000,17400,Pośrednik,,8,https://adresowo.pl/o/mieszkanie-warszawa-wola-ul-wolska-1-pokoj-i6b8b8,https://s2.adresowa.pl/oi/41/69/40ad58_91b8_cover@2x-1-pokojowe-mieszkanie-warszawa-wola-ul-wolska.webp
Warszawa Białołęka,ul. Marywilska,3,61,1130000,18525,Pośrednik,,20,https://adresowo.pl/o/mieszkanie-warszawa-bialoleka-ul-marywilska-3-pokojowe-v2g4l1,https://s2.adresowa.pl/oi/14/76/40ad2a_85c3_cover@2x-3-pokojowe-mieszkanie-warszawa-bialoleka-ul-marywilska.webp
Warszawa Ochota,ul. Grójecka,3,45,965000,21444,bez pośredników,,14,https://adresowo.pl/o/mieszkanie-warszawa-ochota-ul-grojecka-3-pokojowe-k8q7f5,https://s2.adresowa.pl/oi/5d/5e/40a7de_27e4_cover@2x-3-pokojowe-mieszkanie-warszawa-ochota-ul-grojecka.webp
Warszawa Wilanów,ul. Herbu Szreniawa,3,69,1549000,22449,bez pośredników,,12,https://adresowo.pl/o/mieszkanie-warszawa-wilanow-ul-herbu-szreniawa-3-pokojowe-w4x9d8,https://s2.adresowa.pl/oi/49/1c/40a7d8_bc29_cover@2x-3-pokojowe-mieszkanie-warszawa-wilanow-ul-herbu-szreniawa.webp
Warszawa Żoliborz,ul. Zygmunta Krasińskiego,2,45,1070000,23778,bez pośredników,,16,https://adresowo.pl/o/mieszkanie-warszawa-zoliborz-ul-zygmunta-krasinskiego-2-pokojowe-x8d0n0,https://s2.adresowa.pl/oi/31/45/40a7ce_6574_cover@2x-2-pokojowe-mieszkanie-warszawa-zoliborz-ul-zygmunta-krasinskiego.webp
Warszawa,ul. Jurija Gagarina,6,214,5345000,24977,Pośrednik,,17,https://adresowo.pl/o/mieszkanie-warszawa-ul-jurija-gagarina-6-pokojowe-y7t4e4,https://s2.adresowa.pl/oi/11/78/40ad28_5153_cover@2x-6-pokojowe-mieszkanie-warszawa-ul-jurija-gagarina.webp
Warszawa Białołęka,ul. Marii Callas,2,34,465000,13676,Pośrednik,,5,https://adresowo.pl/o/mieszkanie-warszawa-bialoleka-ul-marii-callas-2-pokojowe-k8n0h0,https://s2.adresowa.pl/oi/59/26/40ad1c_d358_cover@2x-2-pokojowe-mieszkanie-warszawa-bialoleka-ul-marii-callas.webp
Warszawa Wola,ul. Elekcyjna,3,57,925000,16228,bez pośredników,,14,https://adresowo.pl/o/mieszkanie-warszawa-wola-ul-elekcyjna-3-pokojowe-v1q1s8,https://s2.adresowa.pl/oi/72/5e/40a7cc_3143_cover@2x-3-pokojowe-mieszkanie-warszawa-wola-ul-elekcyjna.webp
Warszawa Powiśle,ul. Górnośląska,2,37,890000,24054,bez pośredników,,19,https://adresowo.pl/o/mieszkanie-warszawa-powisle-ul-gornoslaska-2-pokojowe-f6h7s4,https://s2.adresowa.pl/oi/24/7f/40a78e_d73e_cover@2x-2-pokojowe-mieszkanie-warszawa-powisle-ul-gornoslaska.webp
Warszawa Saska Kępa,ul. Ateńska,3,47,1080000,22979,bez pośredników,,1,https://adresowo.pl/o/mieszkanie-warszawa-saska-kepa-ul-atenska-3-pokojowe-l3m1m6,https://s2.adresowa.pl/oi/20/34/40a69e_4bd2_cover@2x-3-pokojowe-mieszkanie-warszawa-saska-kepa-ul-atenska.webp
Warszawa Białołęka,ul. Marii Callas,4,65,735000,11308,Pośrednik,,6,https://adresowo.pl/o/mieszkanie-warszawa-bialoleka-ul-marii-callas-4-pokojowe-z5d7q4,https://s2.adresowa.pl/oi/73/6a/40ad18_ac2b_cover@2x-4-pokojowe-mieszkanie-warszawa-bialoleka-ul-marii-callas.webp
Warszawa Białołęka,ul. Marii Callas,3,54,599000,11093,Pośrednik,,6,https://adresowo.pl/o/mieszkanie-warszawa-bialoleka-ul-marii-callas-3-pokojowe-l0h0l1,https://s2.adresowa.pl/oi/57/53/40ad16_7678_cover@2x-3-pokojowe-mieszkanie-warszawa-bialoleka-ul-marii-callas.webp
Warszawa Bemowo,ul. gen. Meriana C. Coopera,2,46,849000,18457,bez pośredników,,20,https://adresowo.pl/o/mieszkanie-warszawa-bemowo-ul-gen-meriana-c-coopera-2-pokojowe-j4v1f8,https://s2.adresowa.pl/oi/52/41/40a598_fcf8_cover@2x-2-pokojowe-mieszkanie-warszawa-bemowo-ul-gen-meriana-c-coopera.webp
Warszawa Mokotów,ul. Puławska,2,36,770000,21389,bez pośredników,,7,https://adresowo.pl/o/mieszkanie-warszawa-mokotow-ul-pulawska-2-pokojowe-r4w1b6,https://s2.adresowa.pl/oi/60/5d/40a562_ee46_cover@2x-2-pokojowe-mieszkanie-warszawa-mokotow-ul-pulawska.webp
Warszawa Mokotów,ul. Racławicka,2,47,1099000,23383,bez pośredników,,14,https://adresowo.pl/o/mieszkanie-warszawa-mokotow-ul-raclawicka-2-pokojowe-u9r9n0,https://s2.adresowa.pl/oi/4b/31/40a53a_b6ad_cover@2x-2-pokojowe-mieszkanie-warszawa-mokotow-ul-raclawicka.webp
Warszawa Mokotów,ul. Jana Karola Chodkiewicza,1,33,990000,30000,Pośrednik,,4,https://adresowo.pl/o/mieszkanie-warszawa-mokotow-ul-jana-karola-chodkiewicza-1-pokoj-k6u7h7,https://s2.adresowa.pl/oi/32/39/40ad10_cbd6_cover@2x-1-pokojowe-mieszkanie-warszawa-mokotow-ul-jana-karola-chodkiewicza.webp
Warszawa Włochy,ul. Wiktoryn,2,35,685000,19571,Pośrednik,,7,https://adresowo.pl/o/mieszkanie-warszawa-wlochy-ul-wiktoryn-2-pokojowe-j6g4g5,https://s2.adresowa.pl/oi/48/4b/40ad0c_6472_cover@2x-2-pokojowe-mieszkanie-warszawa-wlochy-ul-wiktoryn.webp
Warszawa,Bielany,1,35,698700,19963,bez pośredników,,14,https://adresowo.pl/o/mieszkanie-warszawa-bielany-1-pokoj-35-m2-s3f6n8,https://s2.adresowa.pl/oi/29/2c/40a50c_ff78_cover@2x-1-pokojowe-mieszkanie-warszawa-bielany.webp
Warszawa,Białołęka,3,77,1040000,13506,bez pośredników,,6,https://adresowo.pl/o/mieszkanie-warszawa-bialoleka-3-pokojowe-77-m2-l7p2g0,https://s2.adresowa.pl/oi/4f/4d/40a4da_aab2_cover@2x-3-pokojowe-mieszkanie-warszawa-bialoleka.webp
Warszawa Bemowo,ul. Kopalniana,2,50,940000,18800,bez pośredników,,25,https://adresowo.pl/o/mieszkanie-warszawa-bemowo-ul-kopalniana-2-pokojowe-o7s3s6,https://s2.adresowa.pl/oi/71/5b/40a48a_28ce_cover@2x-2-pokojowe-mieszkanie-warszawa-bemowo-ul-kopalniana.webp
Warszawa Białołęka,ul. Pawła Włodkowica 9,3,59,695000,11780,Pośrednik,,4,https://adresowo.pl/o/mieszkanie-warszawa-bialoleka-ul-pawla-wlodkowica-3-pokojowe-n4m3r0,https://s2.adresowa.pl/oi/70/5b/40ac18_d3f1_cover@2x-3-pokojowe-mieszkanie-warszawa-bialoleka-ul-pawla-wlodkowica.webp
Warszawa,Białołęka,3,50,675000,13500,Pośrednik,,4,https://adresowo.pl/o/mieszkanie-warszawa-bialoleka-3-pokojowe-50-m2-b1l1v1,https://s2.adresowa.pl/oi/68/13/40abe2_c2a5_cover@2x-3-pokojowe-mieszkanie-warszawa-bialoleka.webp
Warszawa,Targówek,3,63,1298000,20603,bez pośredników,,8,https://adresowo.pl/o/mieszkanie-warszawa-targowek-3-pokojowe-63-m2-q7v0j0,https://s2.adresowa.pl/oi/2c/2d/40a4a8_8ea4_cover@2x-3-pokojowe-mieszkanie-warszawa-targowek.webp
Warszawa Białołęka,ul. Płochocińska,4,72,1160000,16111,bez pośredników,,18,https://adresowo.pl/o/mieszkanie-warszawa-bialoleka-ul-plochocinska-4-pokojowe-p2o1m9,https://s2.adresowa.pl/oi/1d/62/40a49a_e945_cover@2x-4-pokojowe-mieszkanie-warszawa-bialoleka-ul-plochocinska.webp
Warszawa Bielany,ul. Dorycka,2,37,580000,15676,bez pośredników,,12,https://adresowo.pl/o/mieszkanie-warszawa-bielany-ul-dorycka-2-pokojowe-c2g4q4,https://s2.adresowa.pl/oi/65/69/40a464_719a_cover@2x-2-pokojowe-mieszkanie-warszawa-bielany-ul-dorycka.webp
Warszawa Białołęka,ul. Pawła Włodkowica,2,39,569000,14590,Pośrednik,,5,https://adresowo.pl/o/mieszkanie-warszawa-bialoleka-ul-pawla-wlodkowica-2-pokojowe-m8l1b6,https://s2.adresowa.pl/oi/42/4d/40abde_5074_cover@2x-2-pokojowe-mieszkanie-warszawa-bialoleka-ul-pawla-wlodkowica.webp
Warszawa,Białołęka,2,42,589000,14024,Pośrednik,,7,https://adresowo.pl/o/mieszkanie-warszawa-bialoleka-2-pokojowe-42-m2-s9j5u5,https://s2.adresowa.pl/oi/5e/71/40abd2_eca3_cover@2x-2-pokojowe-mieszkanie-warszawa-bialoleka.webp
Warszawa Mokotów,al. gen. Władysława Sikorskiego,3,60,1524000,25400,bez pośredników,,11,https://adresowo.pl/o/mieszkanie-warszawa-mokotow-al-gen-wladyslawa-sikorskiego-3-pokojowe-p7f7u3,https://s2.adresowa.pl/oi/61/16/40a448_d23f_cover@2x-3-pokojowe-mieszkanie-warszawa-mokotow-al-gen-wladyslawa-sikorskiego.webp
Warszawa,Włochy,3,60,1120000,18667,bez pośredników,,11,https://adresowo.pl/o/mieszkanie-warszawa-wlochy-3-pokojowe-60-m2-d0n2d8,https://s2.adresowa.pl/oi/54/63/40a37c_b4a2_cover@2x-3-pokojowe-mieszkanie-warszawa-wlochy.webp
Warszawa Ursus,ul. Giserska,2,38,690000,18158,bez pośredników,,2,https://adresowo.pl/o/mieszkanie-warszawa-ursus-ul-giserska-2-pokojowe-i3d0u6,https://s2.adresowa.pl/oi/3c/63/40a338_9c6c_cover@2x-2-pokojowe-mieszkanie-warszawa-ursus-ul-giserska.webp
Warszawa Białołęka,ul. Marywilska,3,64,789000,12328,Pośrednik,,7,https://adresowo.pl/o/mieszkanie-warszawa-bialoleka-ul-marywilska-3-pokojowe-n8d2l4,https://s2.adresowa.pl/oi/22/73/40abca_3679_cover@2x-3-pokojowe-mieszkanie-warszawa-bialoleka-ul-marywilska.webp
Warszawa Białołęka,ul. Marywilska,2,44,610000,13864,Pośrednik,,9,https://adresowo.pl/o/mieszkanie-warszawa-bialoleka-ul-marywilska-2-pokojowe-f5q4p7,https://s2.adresowa.pl/oi/2a/63/40abc2_cc17_cover@2x-2-pokojowe-mieszkanie-warszawa-bialoleka-ul-marywilska.webp
Warszawa Stegny,ul. Pory,4,100,1920000,19200,bez pośredników,,15,https://adresowo.pl/o/mieszkanie-warszawa-stegny-ul-pory-4-pokojowe-s9h9m7,https://s2.adresowa.pl/oi/17/56/40a2a6_c104_cover@2x-4-pokojowe-mieszkanie-warszawa-stegny-ul-pory.webp
Warszawa Saska Kępa,ul. Międzynarodowa,2,38,680000,17895,bez pośredników,,12,https://adresowo.pl/o/mieszkanie-warszawa-saska-kepa-ul-miedzynarodowa-2-pokojowe-w5h1j0,https://s2.adresowa.pl/oi/2a/75/40a220_ed5a_cover@2x-2-pokojowe-mieszkanie-warszawa-saska-kepa-ul-miedzynarodowa.webp
Warszawa Służew,ul. Niegocińska,2,38,719000,18921,bez pośredników,,11,https://adresowo.pl/o/mieszkanie-warszawa-sluzew-ul-niegocinska-2-pokojowe-d7u3y7,https://s2.adresowa.pl/oi/2f/75/40a1d0_4307_cover@2x-2-pokojowe-mieszkanie-warszawa-sluzew-ul-niegocinska.webp
Warszawa Białołęka,ul. Marywilska,2,38,550000,14474,Pośrednik,,8,https://adresowo.pl/o/mieszkanie-warszawa-bialoleka-ul-marywilska-2-pokojowe-v0s0y8,https://s2.adresowa.pl/oi/4b/51/40abb4_e156_cover@2x-2-pokojowe-mieszkanie-warszawa-bialoleka-ul-marywilska.webp
Warszawa Białołęka,ul. Marywilska,3,59,685000,11610,Pośrednik,,6,https://adresowo.pl/o/mieszkanie-warszawa-bialoleka-ul-marywilska-3-pokojowe-z3h3p8,https://s2.adresowa.pl/oi/7d/5a/40ab86_f31a_cover@2x-3-pokojowe-mieszkanie-warszawa-bialoleka-ul-marywilska.webp
Warszawa Wola,ul. Radziwie 5,3,56,1235000,22054,bez pośredników,,17,https://adresowo.pl/o/mieszkanie-warszawa-wola-ul-radziwie-3-pokojowe-u1w7m8,https://s2.adresowa.pl/oi/7a/6a/40ba92_3f59_cover@2x-3-pokojowe-mieszkanie-warszawa-wola-ul-radziwie.webp
Warszawa Rembertów,ul. Emilii Gierczak,3,56,709000,12661,bez pośredników,,7,https://adresowo.pl/o/mieszkanie-warszawa-rembertow-ul-emilii-gierczak-3-pokojowe-g9d2k2,https://s2.adresowa.pl/oi/6f/30/40a1d6_da66_cover@2x-3-pokojowe-mieszkanie-warszawa-rembertow-ul-emilii-gierczak.webp
Warszawa Praga-Południe,ul. Ludwika Kickiego,2,39,679000,17410,bez pośredników,,7,https://adresowo.pl/o/mieszkanie-warszawa-praga-poludnie-ul-ludwika-kickiego-2-pokojowe-c0t3i7,https://s2.adresowa.pl/oi/7f/7f/40a144_54bf_cover@2x-2-pokojowe-mieszkanie-warszawa-praga-poludnie-ul-ludwika-kickiego.webp
Warszawa Praga-Południe,ul. Podskarbińska,2,51,698000,13686,bez pośredników,,15,https://adresowo.pl/o/mieszkanie-warszawa-praga-poludnie-ul-podskarbinska-2-pokojowe-f6r0b6,https://s2.adresowa.pl/oi/46/19/40a0f2_5fe0_cover@2x-2-pokojowe-mieszkanie-warszawa-praga-poludnie-ul-podskarbinska.webp
Warszawa Praga,ul. Wawerska 20,1,30,899900,29997,Pośrednik,,13,https://adresowo.pl/o/mieszkanie-warszawa-praga-ul-wawerska-1-pokoj-t4z9t3,https://s2.adresowa.pl/oi/5d/4f/40a878_59cc_cover@2x-1-pokojowe-mieszkanie-warszawa-praga-ul-wawerska.webp
Warszawa Białołęka,ul. Skarbka z Gór 65B,3,57,859000,15070,Pośrednik,,20,https://adresowo.pl/o/mieszkanie-warszawa-bialoleka-ul-skarbka-z-gor-3-pokojowe-j4k1m4,https://s2.adresowa.pl/oi/4b/56/40a808_93b7_cover@2x-3-pokojowe-mieszkanie-warszawa-bialoleka-ul-skarbka-z-gor.webp
Warszawa Ursus,ul. Ryżowa,2,33,898000,27212,bez pośredników,,7,https://adresowo.pl/o/mieszkanie-warszawa-ursus-ul-ryzowa-2-pokojowe-p2l3h3,https://s2.adresowa.pl/oi/13/51/40a036_5fc4_cover@2x-2-pokojowe-mieszkanie-warszawa-ursus-ul-ryzowa.webp
Warszawa Wola,ul. Mordechaja Anielewicza 30,3,48,665000,13854,bez pośredników,,8,https://adresowo.pl/o/mieszkanie-warszawa-wola-ul-mordechaja-anielewicza-3-pokojowe-p7r3t6,https://s2.adresowa.pl/oi/39/49/40a00a_f520_cover@2x-3-pokojowe-mieszkanie-warszawa-wola-ul-mordechaja-anielewicza.webp
Warszawa Targówek,ul. Chodecka,1,30,471000,15700,bez pośredników,,20,https://adresowo.pl/o/mieszkanie-warszawa-targowek-ul-chodecka-1-pokoj-c8a7b4,https://s2.adresowa.pl/oi/74/6f/40a02a_3208_cover@2x-1-pokojowe-mieszkanie-warszawa-targowek-ul-chodecka.webp
Warszawa Wola,ul. Deotymy,1,38,535440,14091,Pośrednik,,12,https://adresowo.pl/o/mieszkanie-warszawa-wola-ul-deotymy-1-pokoj-k8m2f1,https://s2.adresowa.pl/oi/30/27/40a800_cf92_cover@2x-1-pokojowe-mieszkanie-warszawa-wola-ul-deotymy.webp
Warszawa Wola,ul. Jana Krysta,3,55,830000,15091,Pośrednik,,9,https://adresowo.pl/o/mieszkanie-warszawa-wola-ul-jana-krysta-3-pokojowe-w8j1d3,https://s2.adresowa.pl/oi/78/6e/40a7fa_6c38_cover@2x-3-pokojowe-mieszkanie-warszawa-wola-ul-jana-krysta.webp
Warszawa Wawer,ul. Trakt Lubelski,3,93,1470000,15806,bez pośredników,,16,https://adresowo.pl/o/mieszkanie-warszawa-wawer-ul-trakt-lubelski-3-pokojowe-s9x0j6,https://s2.adresowa.pl/oi/25/39/409f36_8f97_cover@2x-3-pokojowe-mieszkanie-warszawa-wawer-ul-trakt-lubelski.webp
Warszawa Targówek,ul. Uznamska 8,2,45,739000,16422,bez pośredników,,14,https://adresowo.pl/o/mieszkanie-warszawa-targowek-ul-uznamska-2-pokojowe-k1f8c8,https://s2.adresowa.pl/oi/31/36/409f0a_924e_cover@2x-2-pokojowe-mieszkanie-warszawa-targowek-ul-uznamska.webp
Warszawa Praga-Południe,ul. Liwiecka,2,50,860000,17200,bez pośredników,,9,https://adresowo.pl/o/mieszkanie-warszawa-praga-poludnie-ul-liwiecka-2-pokojowe-t8q3x9,https://s2.adresowa.pl/oi/35/2a/409efe_4c38_cover@2x-2-pokojowe-mieszkanie-warszawa-praga-poludnie-ul-liwiecka.webp
Warszawa Mokotów,al. gen. Władysława Sikorskiego,3,62,950000,15323,Pośrednik,,8,https://adresowo.pl/o/mieszkanie-warszawa-mokotow-al-gen-wladyslawa-sikorskiego-3-pokojowe-z9l6n0,https://s2.adresowa.pl/oi/48/48/40a5c8_dcc2_cover@2x-3-pokojowe-mieszkanie-warszawa-mokotow-al-gen-wladyslawa-sikorskiego.webp
Warszawa Praga-Południe,ul. Międzyborska,3,82,1635000,19939,Pośrednik,,20,https://adresowo.pl/o/mieszkanie-warszawa-praga-poludnie-ul-miedzyborska-3-pokojowe-d1k9k2,https://s2.adresowa.pl/oi/78/6d/40a5b8_84e7_cover@2x-3-pokojowe-mieszkanie-warszawa-praga-poludnie-ul-miedzyborska.webp
Warszawa Wola,ul. Janusza Korczaka 3,1,28,655000,23393,bez pośredników,,12,https://adresowo.pl/o/mieszkanie-warszawa-wola-ul-janusza-korczaka-1-pokoj-l5m4z4,https://s2.adresowa.pl/oi/27/72/409e28_651d_cover@2x-1-pokojowe-mieszkanie-warszawa-wola-ul-janusza-korczaka.webp
Warszawa Mokotów,ul. Wincentego Rzymowskiego 19,2,48,875000,18229,bez pośredników,,8,https://adresowo.pl/o/mieszkanie-warszawa-mokotow-ul-wincentego-rzymowskiego-2-pokojowe-l9d0o9,https://s2.adresowa.pl/oi/4f/3f/409d5a_f0b6_cover@2x-2-pokojowe-mieszkanie-warszawa-mokotow-ul-wincentego-rzymowskiego.webp
Warszawa Wesoła,ul. Jana Pawła II,4,67,979000,14612,bez pośredników,,8,https://adresowo.pl/o/mieszkanie-warszawa-wesola-ul-jana-pawla-ii-4-pokojowe-q3g9p7,https://s2.adresowa.pl/oi/54/3e/409d44_b236_cover@2x-4-pokojowe-mieszkanie-warszawa-wesola-ul-jana-pawla-ii.webp
Warszawa Mokotów,ul. Bolesława Limanowskiego,2,38,720000,18947,Pośrednik,,8,https://adresowo.pl/o/mieszkanie-warszawa-mokotow-ul-boleslawa-limanowskiego-2-pokojowe-f6l6c5,https://s2.adresowa.pl/oi/25/69/40a5aa_ce1a_cover@2x-2-pokojowe-mieszkanie-warszawa-mokotow-ul-boleslawa-limanowskiego.webp
Warszawa Włochy,ul. Tumska 40,3,51,750000,14706,Pośrednik,,14,https://adresowo.pl/o/mieszkanie-warszawa-wlochy-ul-tumska-3-pokojowe-d8j2w9,https://s2.adresowa.pl/oi/38/25/40a52c_5f96_cover@2x-3-pokojowe-mieszkanie-warszawa-wlochy-ul-tumska.webp
Warszawa Wola,ul. Jana Kazimierza,5,75,1750000,23333,bez pośredników,,16,https://adresowo.pl/o/mieszkanie-warszawa-wola-ul-jana-kazimierza-5-pokojowe-i7z8d4,https://s2.adresowa.pl/oi/6e/7b/409d28_8c0e_cover@2x-5-pokojowe-mieszkanie-warszawa-wola-ul-jana-kazimierza.webp
Warszawa Wilanów,al. Rzeczypospolitej,2,56,1250000,22321,bez pośredników,,11,https://adresowo.pl/o/mieszkanie-warszawa-wilanow-al-rzeczypospolitej-2-pokojowe-s2q6h7,https://s2.adresowa.pl/oi/72/75/409d22_2ce7_cover@2x-2-pokojowe-mieszkanie-warszawa-wilanow-al-rzeczypospolitej.webp
Warszawa Targówek,ul. Piotra Wysockiego,3,48,550000,11458,bez pośredników,,12,https://adresowo.pl/o/mieszkanie-warszawa-targowek-ul-piotra-wysockiego-3-pokojowe-f3w7h4,https://s2.adresowa.pl/oi/14/6e/409cbc_505e_cover@2x-3-pokojowe-mieszkanie-warszawa-targowek-ul-piotra-wysockiego.webp
Warszawa Mokotów,ul. Iberyjska 4,2,43,679000,15791,Pośrednik,,20,https://adresowo.pl/o/mieszkanie-warszawa-mokotow-ul-iberyjska-2-pokojowe-z5i0b2,https://s2.adresowa.pl/oi/66/6b/40a526_4bd0_cover@2x-2-pokojowe-mieszkanie-warszawa-mokotow-ul-iberyjska.webp
Warszawa,,7,305,7400000,24262,Pośrednik,,22,https://adresowo.pl/o/mieszkanie-warszawa-7-pokojowe-305-m2-m3t6g6,https://s2.adresowa.pl/oi/75/73/40a51a_cb4a_cover@2x-7-pokojowe-mieszkanie-warszawa.webp
Warszawa,Targówek,3,47,699000,14872,bez pośredników,,10,https://adresowo.pl/o/mieszkanie-warszawa-targowek-3-pokojowe-47-m2-m8p7w6,https://s2.adresowa.pl/oi/10/63/409c8c_27f9_cover@2x-3-pokojowe-mieszkanie-warszawa-targowek.webp
Warszawa Bemowo,ul. Puszczy Solskiej,2,42,760000,18095,bez pośredników,,10,https://adresowo.pl/o/mieszkanie-warszawa-bemowo-ul-puszczy-solskiej-2-pokojowe-k9e8g8,https://s2.adresowa.pl/oi/18/36/409c78_3e86_cover@2x-2-pokojowe-mieszkanie-warszawa-bemowo-ul-puszczy-solskiej.webp
Warszawa Bemowo,ul. Szeligowska,2,48,850000,17708,bez pośredników,,23,https://adresowo.pl/o/mieszkanie-warszawa-bemowo-ul-szeligowska-2-pokojowe-v9y7j6,https://s2.adresowa.pl/oi/2a/63/409b32_7d30_cover@2x-2-pokojowe-mieszkanie-warszawa-bemowo-ul-szeligowska.webp
Warszawa Śródmieście,ul. Przechodnia,1,26,579000,22269,Pośrednik,,13,https://adresowo.pl/o/mieszkanie-warszawa-srodmiescie-ul-przechodnia-1-pokoj-y1v6y7,https://s2.adresowa.pl/oi/28/6c/40a248_d9bb_cover@2x-1-pokojowe-mieszkanie-warszawa-srodmiescie-ul-przechodnia.webp
Warszawa Ursynów,ul. Stefana Kopcińskiego,2,50,745000,14900,Pośrednik,,18,https://adresowo.pl/o/mieszkanie-warszawa-ursynow-ul-stefana-kopcinskiego-2-pokojowe-c9b1x0,https://s2.adresowa.pl/oi/49/19/40a22e_c462_cover@2x-2-pokojowe-mieszkanie-warszawa-ursynow-ul-stefana-kopcinskiego.webp
Warszawa Białołęka,ul. Sieczna,2,42,590000,14048,bez pośredników,,11,https://adresowo.pl/o/mieszkanie-warszawa-bialoleka-ul-sieczna-2-pokojowe-n8y2f8,https://s2.adresowa.pl/oi/1e/23/409b00_6ff0_cover@2x-2-pokojowe-mieszkanie-warszawa-bialoleka-ul-sieczna.webp
Warszawa Wola,ul. Górczewska,3,50,695000,13900,bez pośredników,,7,https://adresowo.pl/o/mieszkanie-warszawa-wola-ul-gorczewska-3-pokojowe-f6s0k1,https://s2.adresowa.pl/oi/78/5d/409aa8_569e_cover@2x-3-pokojowe-mieszkanie-warszawa-wola-ul-gorczewska.webp
Warszawa Praga-Południe,ul. Władysława Tatarkiewicza,3,59,720000,12203,bez pośredników,,8,https://adresowo.pl/o/mieszkanie-warszawa-praga-poludnie-ul-wladyslawa-tatarkiewicza-3-pokojowe-i3n6s9,https://s2.adresowa.pl/oi/1c/1f/409ac2_8445_cover@2x-3-pokojowe-mieszkanie-warszawa-praga-poludnie-ul-wladyslawa-tatarkiewicza.webp
Warszawa Śródmieście,ul. Mazowiecka,3,71,1600000,22535,Pośrednik,,9,https://adresowo.pl/o/mieszkanie-warszawa-srodmiescie-ul-mazowiecka-3-pokojowe-c9z2r4,https://s2.adresowa.pl/oi/35/58/40a204_9067_cover@2x-3-pokojowe-mieszkanie-warszawa-srodmiescie-ul-mazowiecka.webp
Warszawa Białołęka,ul. Marywilska,3,56,810000,14464,Pośrednik,,1,https://adresowo.pl/o/mieszkanie-warszawa-bialoleka-ul-marywilska-3-pokojowe-d0p3e6,https://s2.adresowa.pl/oi/56/29/40a1fe_9268_cover@2x-3-pokojowe-mieszkanie-warszawa-bialoleka-ul-marywilska.webp
Warszawa Mokotów,ul. Studencka,3,64,1100000,17188,bez pośredników,,18,https://adresowo.pl/o/mieszkanie-warszawa-mokotow-ul-studencka-3-pokojowe-z0j4x9,https://s2.adresowa.pl/oi/61/1f/409a00_70a8_cover@2x-3-pokojowe-mieszkanie-warszawa-mokotow-ul-studencka.webp
Warszawa Wawer,ul. Korkowa,3,48,765600,15950,bez pośredników,,17,https://adresowo.pl/o/mieszkanie-warszawa-wawer-ul-korkowa-3-pokojowe-l9d4k6,https://s2.adresowa.pl/oi/14/78/40999e_e0da_cover@2x-3-pokojowe-mieszkanie-warszawa-wawer-ul-korkowa.webp
Warszawa Bemowo,ul. Powstańców Śląskich,3,52,1090000,20962,bez pośredników,,14,https://adresowo.pl/o/mieszkanie-warszawa-bemowo-ul-powstancow-slaskich-3-pokojowe-z0q7f1,https://s2.adresowa.pl/oi/16/7d/409964_6ec2_cover@2x-3-pokojowe-mieszkanie-warszawa-bemowo-ul-powstancow-slaskich.webp
Warszawa Wola,ul. Wolska,3,65,910000,14000,Pośrednik,,1,https://adresowo.pl/o/mieszkanie-warszawa-wola-ul-wolska-3-pokojowe-r9s3m2,https://s2.adresowa.pl/oi/7f/4d/40a1fc_a4c6_cover@2x-3-pokojowe-mieszkanie-warszawa-wola-ul-wolska.webp
Warszawa Ursynów,ul. Makolągwy,3,65,950000,14615,Pośrednik,,13,https://adresowo.pl/o/mieszkanie-warszawa-ursynow-ul-makolagwy-3-pokojowe-z3h7d9,https://s2.adresowa.pl/oi/3e/52/40a10a_3a18_cover@2x-3-pokojowe-mieszkanie-warszawa-ursynow-ul-makolagwy.webp
Warszawa Praga-Południe,ul. Międzynarodowa,3,49,780000,15918,bez pośredników,,15,https://adresowo.pl/o/mieszkanie-warszawa-praga-poludnie-ul-miedzynarodowa-3-pokojowe-g3x4y5,https://s2.adresowa.pl/oi/10/48/4098e8_3158_cover@2x-3-pokojowe-mieszkanie-warszawa-praga-poludnie-ul-miedzynarodowa.webp
Warszawa Targówek,ul. Bolesławicka,3,53,680000,12830,bez pośredników,,19,https://adresowo.pl/o/mieszkanie-warszawa-targowek-ul-boleslawicka-3-pokojowe-g4p5b9,https://s2.adresowa.pl/oi/67/51/4098e0_4452_cover@2x-3-pokojowe-mieszkanie-warszawa-targowek-ul-boleslawicka.webp
Warszawa Białołęka,ul. Marcina z Wrocimowic,3,53,819000,15453,bez pośredników,,12,https://adresowo.pl/o/mieszkanie-warszawa-bialoleka-ul-marcina-z-wrocimowic-3-pokojowe-x8l9s4,https://s2.adresowa.pl/oi/24/6f/4097be_87af_cover@2x-3-pokojowe-mieszkanie-warszawa-bialoleka-ul-marcina-z-wrocimowic.webp
Warszawa Praga-Północ,ul. Precyzyjna,2,46,950000,20652,Pośrednik,,8,https://adresowo.pl/o/mieszkanie-warszawa-praga-polnoc-ul-precyzyjna-2-pokojowe-d5y5a2,https://s2.adresowa.pl/oi/16/47/40a106_ba5c_cover@2x-2-pokojowe-mieszkanie-warszawa-praga-polnoc-ul-precyzyjna.webp
Warszawa Wawer,ul. Mrówcza,5,138,2299000,16659,Pośrednik,,20,https://adresowo.pl/o/mieszkanie-warszawa-wawer-ul-mrowcza-5-pokojowe-g7x9i9,https://s2.adresowa.pl/oi/7d/3b/40a102_33ae_cover@2x-5-pokojowe-mieszkanie-warszawa-wawer-ul-mrowcza.webp
Warszawa Bemowo,ul. Pirenejska,1,30,615000,20500,bez pośredników,,20,https://adresowo.pl/o/mieszkanie-warszawa-bemowo-ul-pirenejska-1-pokoj-y4k1v8,https://s2.adresowa.pl/oi/49/51/409846_c878_cover@2x-1-pokojowe-mieszkanie-warszawa-bemowo-ul-pirenejska.webp
Warszawa Praga-Południe,ul. Władysława Umińskiego,3,59,870000,14746,bez pośredników,,14,https://adresowo.pl/o/mieszkanie-warszawa-praga-poludnie-ul-wladyslawa-uminskiego-3-pokojowe-g7w8y7,https://s2.adresowa.pl/oi/42/5d/4097f0_ff2d_cover@2x-3-pokojowe-mieszkanie-warszawa-praga-poludnie-ul-wladyslawa-uminskiego.webp
Warszawa Dolny Mokotów,ul. Chełmska 16,2,48,720000,15000,bez pośredników,,5,https://adresowo.pl/o/mieszkanie-warszawa-dolny-mokotow-ul-chelmska-2-pokojowe-l2h6n8,https://s2.adresowa.pl/oi/10/35/409792_e923_cover@2x-2-pokojowe-mieszkanie-warszawa-dolny-mokotow-ul-chelmska.webp
Warszawa Mokotów,ul. Złotych Piasków,2,42,615000,14643,Pośrednik,,4,https://adresowo.pl/o/mieszkanie-warszawa-mokotow-ul-zlotych-piaskow-2-pokojowe-c1z6c2,https://s2.adresowa.pl/oi/3b/7a/40a0fc_d9e4_cover@2x-2-pokojowe-mieszkanie-warszawa-mokotow-ul-zlotych-piaskow.webp
Warszawa Białołęka,ul. Skarbka z Gór,3,45,648000,14400,Pośrednik,,7,https://adresowo.pl/o/mieszkanie-warszawa-bialoleka-ul-skarbka-z-gor-3-pokojowe-m1f2e7,https://s2.adresowa.pl/oi/56/6b/40a0ea_fac6_cover@2x-3-pokojowe-mieszkanie-warszawa-bialoleka-ul-skarbka-z-gor.webp
Warszawa Rembertów,ul. Chełmżyńska 198B,1,25,494910,19796,bez pośredników,,12,https://adresowo.pl/o/mieszkanie-warszawa-rembertow-ul-chelmzynska-1-pokoj-o1l8n0,https://s2.adresowa.pl/oi/3a/6a/4093a4_d412_cover@2x-1-pokojowe-mieszkanie-warszawa-rembertow-ul-chelmzynska.webp
Warszawa Wola,ul. Erazma Ciołka,1,23,445000,19348,bez pośredników,,11,https://adresowo.pl/o/mieszkanie-warszawa-wola-ul-erazma-ciolka-1-pokoj-q0f9n4,https://s2.adresowa.pl/oi/70/75/4094d0_8af1_cover@2x-1-pokojowe-mieszkanie-warszawa-wola-ul-erazma-ciolka.webp
Warszawa Żoliborz,ul. Zygmunta Krasińskiego,2,39,659000,16897,bez pośredników,,16,https://adresowo.pl/o/mieszkanie-warszawa-zoliborz-ul-zygmunta-krasinskiego-2-pokojowe-c1y9f2,https://s2.adresowa.pl/oi/69/30/409494_f6f7_cover@2x-2-pokojowe-mieszkanie-warszawa-zoliborz-ul-zygmunta-krasinskiego.webp
Warszawa Ursynów,ul. Stefana Dembego 3,2,46,912600,19839,Pośrednik,,19,https://adresowo.pl/o/mieszkanie-warszawa-ursynow-ul-stefana-dembego-2-pokojowe-q0h2j9,https://s2.adresowa.pl/oi/70/69/40a086_dbc2_cover@2x-2-pokojowe-mieszkanie-warszawa-ursynow-ul-stefana-dembego.webp
Warszawa Targówek,ul. Zamkowa,2,49,810000,16531,Pośrednik,,15,https://adresowo.pl/o/mieszkanie-warszawa-targowek-ul-zamkowa-2-pokojowe-q4k0f4,https://s2.adresowa.pl/oi/7d/1a/40a076_c751_cover@2x-2-pokojowe-mieszkanie-warszawa-targowek-ul-zamkowa.webp
Warszawa Targówek,ul. Zaciszańska,4,78,1170000,15000,bez pośredników,,3,https://adresowo.pl/o/mieszkanie-warszawa-targowek-ul-zaciszanska-4-pokojowe-p7o1y0,https://s2.adresowa.pl/oi/51/6f/409390_5947_cover@2x-4-pokojowe-mieszkanie-warszawa-targowek-ul-zaciszanska.webp
Warszawa Praga-Południe,ul. Żupnicza,2,41,875000,21341,bez pośredników,,16,https://adresowo.pl/o/mieszkanie-warszawa-praga-poludnie-ul-zupnicza-2-pokojowe-q6n5f6,https://s2.adresowa.pl/oi/1d/20/409184_9d42_cover@2x-2-pokojowe-mieszkanie-warszawa-praga-poludnie-ul-zupnicza.webp
Warszawa Wesoła,pl. Wojska Polskiego,2,49,690000,14082,bez pośredników,,8,https://adresowo.pl/o/mieszkanie-warszawa-wesola-pl-wojska-polskiego-2-pokojowe-b5q0t2,https://s2.adresowa.pl/oi/42/2a/408f82_32b7_cover@2x-2-pokojowe-mieszkanie-warszawa-wesola-pl-wojska-polskiego.webp
Warszawa Praga-Północ,ul. Targowa,3,69,999000,14478,Pośrednik,,1,https://adresowo.pl/o/mieszkanie-warszawa-praga-polnoc-ul-targowa-3-pokojowe-w1o7d9,https://s2.adresowa.pl/oi/3e/69/409e0e_86f6_cover@2x-3-pokojowe-mieszkanie-warszawa-praga-polnoc-ul-targowa.webp
Warszawa Wola,ul. Okopowa,2,52,1100000,21154,Pośrednik,,7,https://adresowo.pl/o/mieszkanie-warszawa-wola-ul-okopowa-2-pokojowe-q8i3w3,https://s2.adresowa.pl/oi/31/5a/409da4_dc03_cover@2x-2-pokojowe-mieszkanie-warszawa-wola-ul-okopowa.webp
Warszawa Ursus,ul. Quo Vadis,2,44,850000,19318,bez pośredników,,4,https://adresowo.pl/o/mieszkanie-warszawa-ursus-ul-quo-vadis-2-pokojowe-y5c3i7,https://s2.adresowa.pl/oi/62/28/408f48_ac15_cover@2x-2-pokojowe-mieszkanie-warszawa-ursus-ul-quo-vadis.webp
Warszawa Wawer,ul. Ogórkowa,3,68,820000,12059,bez pośredników,,23,https://adresowo.pl/o/mieszkanie-warszawa-wawer-ul-ogorkowa-3-pokojowe-f0q1x0,https://s2.adresowa.pl/oi/20/51/408f22_41d7_cover@2x-3-pokojowe-mieszkanie-warszawa-wawer-ul-ogorkowa.webp
Warszawa Żoliborz,ul. Jasnodworska,3,67,1600000,23881,bez pośredników,,20,https://adresowo.pl/o/mieszkanie-warszawa-zoliborz-ul-jasnodworska-3-pokojowe-m8p7i8,https://s2.adresowa.pl/oi/76/76/408ec4_4f85_cover@2x-3-pokojowe-mieszkanie-warszawa-zoliborz-ul-jasnodworska.webp
Warszawa Śródmieście,al. Armii Ludowej,2,49,1090000,22245,Pośrednik,,1,https://adresowo.pl/o/mieszkanie-warszawa-srodmiescie-al-armii-ludowej-2-pokojowe-s5k1y6,https://s2.adresowa.pl/oi/2e/11/409d9e_8e7a_cover@2x-2-pokojowe-mieszkanie-warszawa-srodmiescie-al-armii-ludowej.webp
Warszawa Wesoła,ul. Mazowiecka,2,35,620000,17714,Pośrednik,,16,https://adresowo.pl/o/mieszkanie-warszawa-wesola-ul-mazowiecka-2-pokojowe-b6o3r8,https://s2.adresowa.pl/oi/5c/57/409d8e_72ce_cover@2x-2-pokojowe-mieszkanie-warszawa-wesola-ul-mazowiecka.webp
Warszawa Ursynów,ul. Hawajska,3,70,1100000,15714,bez pośredników,,19,https://adresowo.pl/o/mieszkanie-warszawa-ursynow-ul-hawajska-3-pokojowe-z6o5v5,https://s2.adresowa.pl/oi/19/74/408ebe_72ba_cover@2x-3-pokojowe-mieszkanie-warszawa-ursynow-ul-hawajska.webp
Warszawa Rembertów,ul. Kadrowa 99,3,51,770000,15098,bez pośredników,,11,https://adresowo.pl/o/mieszkanie-warszawa-rembertow-ul-kadrowa-3-pokojowe-d2d0q6,https://s2.adresowa.pl/oi/6f/21/408e52_a214_cover@2x-3-pokojowe-mieszkanie-warszawa-rembertow-ul-kadrowa.webp
Warszawa Śródmieście,ul. Widok,2,46,920000,20000,bez pośredników,,15,https://adresowo.pl/o/mieszkanie-warszawa-srodmiescie-ul-widok-2-pokojowe-w0l4h1,https://s2.adresowa.pl/oi/1b/36/408e3c_affa_cover@2x-2-pokojowe-mieszkanie-warszawa-srodmiescie-ul-widok.webp
Warszawa Praga-Południe,ul. Władysława Umińskiego,4,108,1390000,12870,Pośrednik,,20,https://adresowo.pl/o/mieszkanie-warszawa-praga-poludnie-ul-wladyslawa-uminskiego-4-pokojowe-q5d4i1,https://s2.adresowa.pl/oi/19/7a/409d86_9177_cover@2x-4-pokojowe-mieszkanie-warszawa-praga-poludnie-ul-wladyslawa-uminskiego.webp
Warszawa Ochota,ul. Przedpole 9,3,62,998000,16097,Pośrednik,,16,https://adresowo.pl/o/mieszkanie-warszawa-ochota-ul-przedpole-3-pokojowe-o1u0i2,https://s2.adresowa.pl/oi/6f/42/409b98_5720_cover@2x-3-pokojowe-mieszkanie-warszawa-ochota-ul-przedpole.webp
Warszawa Włochy,ul. Krańcowa,3,57,1070000,18772,bez pośredników,,20,https://adresowo.pl/o/mieszkanie-warszawa-wlochy-ul-krancowa-3-pokojowe-h5v9e6,https://s2.adresowa.pl/oi/45/36/408e46_b9c3_cover@2x-3-pokojowe-mieszkanie-warszawa-wlochy-ul-krancowa.webp
Warszawa,Targówek,5,100,2000000,20000,bez pośredników,,9,https://adresowo.pl/o/mieszkanie-warszawa-targowek-5-pokojowe-100-m2-d9a6e4,https://s2.adresowa.pl/oi/56/62/408dc6_62da_cover@2x-5-pokojowe-mieszkanie-warszawa-targowek.webp
Warszawa Włochy,ul. 1 Sierpnia,1,27,435000,16111,bez pośredników,,4,https://adresowo.pl/o/mieszkanie-warszawa-wlochy-ul-1-sierpnia-1-pokoj-s9a2r6,https://s2.adresowa.pl/oi/21/37/408da2_4af2_cover@2x-1-pokojowe-mieszkanie-warszawa-wlochy-ul-1-sierpnia.webp
Warszawa Praga-Południe,ul. Grochowska,2,74,1190000,16081,Pośrednik,,17,https://adresowo.pl/o/mieszkanie-warszawa-praga-poludnie-ul-grochowska-2-pokojowe-o5p6k0,https://s2.adresowa.pl/oi/53/19/409b76_4f7e_cover@2x-2-pokojowe-mieszkanie-warszawa-praga-poludnie-ul-grochowska.webp
Warszawa Mokotów,ul. Cypryjska,4,84,1180000,14048,Pośrednik,,17,https://adresowo.pl/o/mieszkanie-warszawa-mokotow-ul-cypryjska-4-pokojowe-w6i5j0,https://s2.adresowa.pl/oi/7e/28/409b4c_4f7a_cover@2x-4-pokojowe-mieszkanie-warszawa-mokotow-ul-cypryjska.webp
Warszawa,Ochota,4,84,2299000,27369,bez pośredników,,19,https://adresowo.pl/o/mieszkanie-warszawa-ochota-4-pokojowe-84-m2-y6q7q3,https://s2.adresowa.pl/oi/25/2c/408d70_3328_cover@2x-4-pokojowe-mieszkanie-warszawa-ochota.webp
Warszawa Śródmieście,ul. Zygmunta Słomińskiego,4,121,2320000,19174,bez pośredników,,9,https://adresowo.pl/o/mieszkanie-warszawa-srodmiescie-ul-zygmunta-slominskiego-4-pokojowe-g7l1r6,https://s2.adresowa.pl/oi/31/3f/408cd2_f1b9_cover@2x-4-pokojowe-mieszkanie-warszawa-srodmiescie-ul-zygmunta-slominskiego.webp
Warszawa Tarchomin,ul. Aluzyjna,3,59,929000,15746,bez pośredników,,18,https://adresowo.pl/o/mieszkanie-warszawa-tarchomin-ul-aluzyjna-3-pokojowe-j9d4c1,https://s2.adresowa.pl/oi/79/7e/408bde_7f69_cover@2x-3-pokojowe-mieszkanie-warszawa-tarchomin-ul-aluzyjna.webp
Warszawa Białołęka,ul. Aluzyjna 23,2,50,570000,11400,Pośrednik,,15,https://adresowo.pl/o/mieszkanie-warszawa-bialoleka-ul-aluzyjna-2-pokojowe-o0a5v2,https://s2.adresowa.pl/oi/12/16/409b3e_3e17_cover@2x-2-pokojowe-mieszkanie-warszawa-bialoleka-ul-aluzyjna.webp
Warszawa Ochota,ul. Opaczewska,4,139,2375000,17086,Pośrednik,,15,https://adresowo.pl/o/mieszkanie-warszawa-ochota-ul-opaczewska-4-pokojowe-p4b2v2,https://s2.adresowa.pl/oi/50/50/409b3a_64d9_cover@2x-4-pokojowe-mieszkanie-warszawa-ochota-ul-opaczewska.webp
Warszawa Bielany,ul. Gustawa Daniłowskiego,3,56,750000,13393,bez pośredników,,13,https://adresowo.pl/o/mieszkanie-warszawa-bielany-ul-gustawa-danilowskiego-3-pokojowe-z9x9l8,https://s2.adresowa.pl/oi/1f/76/408bcc_9187_cover@2x-3-pokojowe-mieszkanie-warszawa-bielany-ul-gustawa-danilowskiego.webp
Warszawa Praga-Południe,ul. Międzyborska,2,32,599000,18719,bez pośredników,,19,https://adresowo.pl/o/mieszkanie-warszawa-praga-poludnie-ul-miedzyborska-2-pokojowe-u1h4c1,https://s2.adresowa.pl/oi/35/41/408b8c_b2b1_cover@2x-2-pokojowe-mieszkanie-warszawa-praga-poludnie-ul-miedzyborska.webp
Warszawa Rakowiec,ul. Astronautów,2,42,579000,13786,bez pośredników,,1,https://adresowo.pl/o/mieszkanie-warszawa-rakowiec-ul-astronautow-2-pokojowe-e8e4f4,https://s2.adresowa.pl/oi/7f/56/408a6a_86b4_cover@2x-2-pokojowe-mieszkanie-warszawa-rakowiec-ul-astronautow.webp
Warszawa Grochów,ul. Darłowska,2,36,580000,16111,Pośrednik,,13,https://adresowo.pl/o/mieszkanie-warszawa-grochow-ul-darlowska-2-pokojowe-r2z9k8,https://s2.adresowa.pl/oi/35/48/409b26_7544_cover@2x-2-pokojowe-mieszkanie-warszawa-grochow-ul-darlowska.webp
Warszawa Ochota,ul. Aleje Jerozolimskie,2,47,870000,18511,Pośrednik,,10,https://adresowo.pl/o/mieszkanie-warszawa-ochota-ul-aleje-jerozolimskie-2-pokojowe-s5t4b9,https://s2.adresowa.pl/oi/6f/3c/4096e8_5332_cover@2x-2-pokojowe-mieszkanie-warszawa-ochota-ul-aleje-jerozolimskie.webp
Warszawa Ochota,ul. Sąchocka,1,28,510000,18214,bez pośredników,,14,https://adresowo.pl/o/mieszkanie-warszawa-ochota-ul-sachocka-1-pokoj-h2d5y2,https://s2.adresowa.pl/oi/34/56/408a3e_eecc_cover@2x-1-pokojowe-mieszkanie-warszawa-ochota-ul-sachocka.webp
Warszawa Bemowo,ul. Zaborowska,3,57,899000,15772,bez pośredników,,13,https://adresowo.pl/o/mieszkanie-warszawa-bemowo-ul-zaborowska-3-pokojowe-k8m6q3,https://s2.adresowa.pl/oi/16/5d/408a34_3531_cover@2x-3-pokojowe-mieszkanie-warszawa-bemowo-ul-zaborowska.webp
Warszawa,Ursynów,4,89,2450000,27528,bez pośredników,,12,https://adresowo.pl/o/mieszkanie-warszawa-ursynow-4-pokojowe-89-m2-f5q5s1,https://s2.adresowa.pl/oi/6c/5e/408a1a_3dcc_cover@2x-4-pokojowe-mieszkanie-warszawa-ursynow.webp
Warszawa Bielany,ul. Adama Jarzębskiego,3,55,880000,16000,Pośrednik,,1,https://adresowo.pl/o/mieszkanie-warszawa-bielany-ul-adama-jarzebskiego-3-pokojowe-q1f6l5,https://s2.adresowa.pl/oi/48/53/4096da_dba1_cover@2x-3-pokojowe-mieszkanie-warszawa-bielany-ul-adama-jarzebskiego.webp
Warszawa Tarchomin,ul. Romana Maciejewskiego,2,41,665000,16220,Pośrednik,,15,https://adresowo.pl/o/mieszkanie-warszawa-tarchomin-ul-romana-maciejewskiego-2-pokojowe-g9p0r1,https://s2.adresowa.pl/oi/71/5f/409558_ff9e_cover@2x-2-pokojowe-mieszkanie-warszawa-tarchomin-ul-romana-maciejewskiego.webp
Warszawa Ursynów,ul. rtm. Witolda Pileckiego,1,30,664200,22140,bez pośredników,,8,https://adresowo.pl/o/mieszkanie-warszawa-ursynow-ul-rtm-witolda-pileckiego-1-pokoj-f6a4a8,https://s2.adresowa.pl/oi/3a/3b/4089b2_e40d_cover@2x-1-pokojowe-mieszkanie-warszawa-ursynow-ul-rtm-witolda-pileckiego.webp
Warszawa Ursynów,ul. Marii Grzegorzewskiej,2,47,680000,14468,bez pośredników,,9,https://adresowo.pl/o/mieszkanie-warszawa-ursynow-ul-marii-grzegorzewskiej-2-pokojowe-i6n4n1,https://s2.adresowa.pl/oi/5f/6e/4086d6_d3b4_cover@2x-2-pokojowe-mieszkanie-warszawa-ursynow-ul-marii-grzegorzewskiej.webp
Warszawa Wola,"ul. Batalionu AK ""Parasol""",2,46,750000,16304,bez pośredników,,7,https://adresowo.pl/o/mieszkanie-warszawa-wola-ul-batalionu-ak-parasol-2-pokojowe-e2x6a1,https://s2.adresowa.pl/oi/3b/6f/4088ee_573a_cover@2x-2-pokojowe-mieszkanie-warszawa-wola-ul-batalionu-ak-parasol-.webp
Warszawa Wola,ul. Gumińska,4,98,1775000,18112,Pośrednik,,11,https://adresowo.pl/o/mieszkanie-warszawa-wola-ul-guminska-4-pokojowe-i8u4h6,https://s2.adresowa.pl/oi/2b/6d/409434_aa37_cover@2x-4-pokojowe-mieszkanie-warszawa-wola-ul-guminska.webp
Warszawa Praga,ul. Grochowska 162,4,61,797000,13066,Pośrednik,,19,https://adresowo.pl/o/mieszkanie-warszawa-praga-ul-grochowska-4-pokojowe-y0u9i9,https://s2.adresowa.pl/oi/3f/5d/40941e_f6e0_cover@2x-4-pokojowe-mieszkanie-warszawa-praga-ul-grochowska.webp
Warszawa Ursynów,ul. Kłobucka,3,62,1350000,21774,bez pośredników,,20,https://adresowo.pl/o/mieszkanie-warszawa-ursynow-ul-klobucka-3-pokojowe-f0n5h7,https://s2.adresowa.pl/oi/3d/16/408846_d427_cover@2x-3-pokojowe-mieszkanie-warszawa-ursynow-ul-klobucka.webp
Warszawa Praga-Południe,ul. Angorska,1,37,866000,23405,bez pośredników,,10,https://adresowo.pl/o/mieszkanie-warszawa-praga-poludnie-ul-angorska-1-pokoj-n8o3t4,https://s2.adresowa.pl/oi/4a/3e/408728_f985_cover@2x-1-pokojowe-mieszkanie-warszawa-praga-poludnie-ul-angorska.webp
Warszawa Praga-Północ,ul. Środkowa 20,3,60,1470000,24500,bez pośredników,,20,https://adresowo.pl/o/mieszkanie-warszawa-praga-polnoc-ul-srodkowa-3-pokojowe-k1e5i5,https://s2.adresowa.pl/oi/6d/6c/4086c4_3a98_cover@2x-3-pokojowe-mieszkanie-warszawa-praga-polnoc-ul-srodkowa.webp
Warszawa Ursus,ul. Edwarda Habicha,3,61,1220000,20000,Pośrednik,,18,https://adresowo.pl/o/mieszkanie-warszawa-ursus-ul-edwarda-habicha-3-pokojowe-y2l8m1,https://s2.adresowa.pl/oi/4c/3c/40934e_f15d_cover@2x-3-pokojowe-mieszkanie-warszawa-ursus-ul-edwarda-habicha.webp
Warszawa Bielany,ul. Adama Jarzębskiego,3,56,910000,16250,Pośrednik,,13,https://adresowo.pl/o/mieszkanie-warszawa-bielany-ul-adama-jarzebskiego-3-pokojowe-t8j3i4,https://s2.adresowa.pl/oi/69/33/409348_81d9_cover@2x-3-pokojowe-mieszkanie-warszawa-bielany-ul-adama-jarzebskiego.webp
Warszawa Wilanów,al. Rzeczypospolitej,2,67,1832000,27343,bez pośredników,,14,https://adresowo.pl/o/mieszkanie-warszawa-wilanow-al-rzeczypospolitej-2-pokojowe-r3d8c4,https://s2.adresowa.pl/oi/42/78/4086b2_b451_cover@2x-2-pokojowe-mieszkanie-warszawa-wilanow-al-rzeczypospolitej.webp
Warszawa Wilanów,al. Wilanowska,2,56,999999,17857,bez pośredników,,19,https://adresowo.pl/o/mieszkanie-warszawa-wilanow-al-wilanowska-2-pokojowe-h8d5y3,https://s2.adresowa.pl/oi/2f/53/408576_f73f_cover@2x-2-pokojowe-mieszkanie-warszawa-wilanow-al-wilanowska.webp
Warszawa Wola,ul. Mroczna,4,60,1780000,29667,bez pośredników,,9,https://adresowo.pl/o/mieszkanie-warszawa-wola-ul-mroczna-4-pokojowe-i6r1i5,https://s2.adresowa.pl/oi/6b/2a/40844a_e8c4_cover@2x-4-pokojowe-mieszkanie-warszawa-wola-ul-mroczna.webp
Warszawa Wola,ul. Sienna 72A,1,36,795000,22083,Pośrednik,,22,https://adresowo.pl/o/mieszkanie-warszawa-wola-ul-sienna-1-pokoj-y3l8o6,https://s2.adresowa.pl/oi/27/76/409310_973e_cover@2x-1-pokojowe-mieszkanie-warszawa-wola-ul-sienna.webp
Warszawa Chomiczówka,ul. Renesansowa,3,60,785000,13083,Pośrednik,,1,https://adresowo.pl/o/mieszkanie-warszawa-chomiczowka-ul-renesansowa-3-pokojowe-g3w9x6,https://s2.adresowa.pl/oi/7d/6d/4092a2_f3db_cover@2x-3-pokojowe-mieszkanie-warszawa-chomiczowka-ul-renesansowa.webp
Warszawa,Targówek,2,32,539000,16844,bez pośredników,,20,https://adresowo.pl/o/mieszkanie-warszawa-targowek-2-pokojowe-32-m2-m0j9q5,https://s2.adresowa.pl/oi/37/50/40839c_d590_cover@2x-2-pokojowe-mieszkanie-warszawa-targowek.webp
Warszawa Bemowo,ul. Stanisława Ligonia,4,111,1450000,13063,bez pośredników,,20,https://adresowo.pl/o/mieszkanie-warszawa-bemowo-ul-stanislawa-ligonia-4-pokojowe-v4b3p7,https://s2.adresowa.pl/oi/2f/4f/40830c_7afe_cover@2x-4-pokojowe-mieszkanie-warszawa-bemowo-ul-stanislawa-ligonia.webp
Warszawa Wola,ul. Żytnia,2,45,860000,19111,bez pośredników,,13,https://adresowo.pl/o/mieszkanie-warszawa-wola-ul-zytnia-2-pokojowe-p2b6v8,https://s2.adresowa.pl/oi/6a/4f/4082fa_35de_cover@2x-2-pokojowe-mieszkanie-warszawa-wola-ul-zytnia.webp
Warszawa Ursus,ul. gen. Kazimierza Sosnkowskiego 7,2,38,599000,15763,Pośrednik,,14,https://adresowo.pl/o/mieszkanie-warszawa-ursus-ul-gen-kazimierza-sosnkowskiego-2-pokojowe-z3x9f5,https://s2.adresowa.pl/oi/1d/1b/409294_9bc8_cover@2x-2-pokojowe-mieszkanie-warszawa-ursus-ul-gen-kazimierza-sosnkowskiego.webp
Warszawa Bródno,ul. Aleksandra Kowalskiego 5,3,62,819000,13210,Pośrednik,,17,https://adresowo.pl/o/mieszkanie-warszawa-brodno-ul-aleksandra-kowalskiego-3-pokojowe-k0z3h4,https://s2.adresowa.pl/oi/33/79/409174_f49e_cover@2x-3-pokojowe-mieszkanie-warszawa-brodno-ul-aleksandra-kowalskiego.webp
Warszawa Białołęka,ul. Aluzyjna,2,44,580000,13182,bez pośredników,,20,https://adresowo.pl/o/mieszkanie-warszawa-bialoleka-ul-aluzyjna-2-pokojowe-o7f3f6,https://s2.adresowa.pl/oi/15/49/4082da_a40b_cover@2x-2-pokojowe-mieszkanie-warszawa-bialoleka-ul-aluzyjna.webp
Warszawa Ursynów,ul. Puławska,4,92,1300000,14130,bez pośredników,,18,https://adresowo.pl/o/mieszkanie-warszawa-ursynow-ul-pulawska-4-pokojowe-t2h6n0,https://s2.adresowa.pl/oi/32/2c/4082d4_9445_cover@2x-4-pokojowe-mieszkanie-warszawa-ursynow-ul-pulawska.webp
Warszawa Bielany,ul. Pabla Nerudy,2,44,620000,14091,bez pośredników,,17,https://adresowo.pl/o/mieszkanie-warszawa-bielany-ul-pabla-nerudy-2-pokojowe-t1h2h0,https://s2.adresowa.pl/oi/42/71/4082ca_7dab_cover@2x-2-pokojowe-mieszkanie-warszawa-bielany-ul-pabla-nerudy.webp
Warszawa Anin,ul. Stradomska 1,3,59,1188000,20136,Pośrednik,,20,https://adresowo.pl/o/mieszkanie-warszawa-anin-ul-stradomska-3-pokojowe-q5g2y5,https://s2.adresowa.pl/oi/42/3e/409018_f9e6_cover@2x-3-pokojowe-mieszkanie-warszawa-anin-ul-stradomska.webp
Warszawa Śródmieście,ul. Bagno,1,27,700000,25926,Pośrednik,,27,https://adresowo.pl/o/mieszkanie-warszawa-srodmiescie-ul-bagno-1-pokoj-y0j9c8,https://s2.adresowa.pl/oi/49/5f/408f72_5fbb_cover@2x-1-pokojowe-mieszkanie-warszawa-srodmiescie-ul-bagno.webp
Warszawa Bemowo,ul. Widawska,2,37,550000,14865,bez pośredników,,11,https://adresowo.pl/o/mieszkanie-warszawa-bemowo-ul-widawska-2-pokojowe-y0h1p0,https://s2.adresowa.pl/oi/19/5a/40829a_dec0_cover@2x-2-pokojowe-mieszkanie-warszawa-bemowo-ul-widawska.webp
Warszawa Wawer,ul. Jeziorowa,3,74,1060000,14324,bez pośredników,,17,https://adresowo.pl/o/mieszkanie-warszawa-wawer-ul-jeziorowa-3-pokojowe-o7x3y7,https://s2.adresowa.pl/oi/42/3f/408126_7dd7_cover@2x-3-pokojowe-mieszkanie-warszawa-wawer-ul-jeziorowa.webp
Warszawa Rembertów,ul. Gawędziarzy,3,60,965000,16083,bez pośredników,,20,https://adresowo.pl/o/mieszkanie-warszawa-rembertow-ul-gawedziarzy-3-pokojowe-w5i7u8,https://s2.adresowa.pl/oi/6c/4c/40809e_a44b_cover@2x-3-pokojowe-mieszkanie-warszawa-rembertow-ul-gawedziarzy.webp
Warszawa Ursynów,ul. rtm. Witolda Pileckiego,2,51,719000,14098,Pośrednik,,9,https://adresowo.pl/o/mieszkanie-warszawa-ursynow-ul-rtm-witolda-pileckiego-2-pokojowe-q5x3g3,https://s2.adresowa.pl/oi/57/77/408d7a_323b_cover@2x-2-pokojowe-mieszkanie-warszawa-ursynow-ul-rtm-witolda-pileckiego.webp
Warszawa Wilanów,al. Rzeczypospolitej,2,57,1350000,23684,Pośrednik,,6,https://adresowo.pl/o/mieszkanie-warszawa-wilanow-al-rzeczypospolitej-2-pokojowe-k4h3n3,https://s2.adresowa.pl/oi/24/42/408d5e_3db0_cover@2x-2-pokojowe-mieszkanie-warszawa-wilanow-al-rzeczypospolitej.webp
Warszawa Wola,ul. Żytnia 13,3,72,1483100,20599,bez pośredników,,11,https://adresowo.pl/o/mieszkanie-warszawa-wola-ul-zytnia-3-pokojowe-i3q5z4,https://s2.adresowa.pl/oi/7c/46/3c83bc_a97c_cover@2x-3-pokojowe-mieszkanie-warszawa-wola-ul-zytnia.webp
Warszawa Praga-Południe,ul. Bliska,3,47,720000,15319,bez pośredników,,12,https://adresowo.pl/o/mieszkanie-warszawa-praga-poludnie-ul-bliska-3-pokojowe-v8u7z6,https://s2.adresowa.pl/oi/13/5e/407f52_dd9f_cover@2x-3-pokojowe-mieszkanie-warszawa-praga-poludnie-ul-bliska.webp
Warszawa Białołęka,ul. Flisaków,2,42,680000,16190,bez pośredników,,11,https://adresowo.pl/o/mieszkanie-warszawa-bialoleka-ul-flisakow-2-pokojowe-r5g5x8,https://s2.adresowa.pl/oi/14/14/407f34_56b2_cover@2x-2-pokojowe-mieszkanie-warszawa-bialoleka-ul-flisakow.webp
Warszawa Bemowo,ul. Jana Olbrachta,2,52,1280000,24615,bez pośredników,,14,https://adresowo.pl/o/mieszkanie-warszawa-bemowo-ul-jana-olbrachta-2-pokojowe-u2s7f6,https://s2.adresowa.pl/oi/14/7b/407f24_dbb0_cover@2x-2-pokojowe-mieszkanie-warszawa-bemowo-ul-jana-olbrachta.webp
Warszawa Wola,ul. Mordechaja Anielewicza 37,2,35,619000,17686,Pośrednik,,9,https://adresowo.pl/o/mieszkanie-warszawa-wola-ul-mordechaja-anielewicza-2-pokojowe-j1z4n4,https://s2.adresowa.pl/oi/4d/55/408d56_5170_cover@2x-2-pokojowe-mieszkanie-warszawa-wola-ul-mordechaja-anielewicza.webp
Warszawa Żoliborz,ul. Przasnyska,2,47,1100000,23404,Pośrednik,,9,https://adresowo.pl/o/mieszkanie-warszawa-zoliborz-ul-przasnyska-2-pokojowe-s7h1a5,https://s2.adresowa.pl/oi/2d/54/408d4a_9fc0_cover@2x-2-pokojowe-mieszkanie-warszawa-zoliborz-ul-przasnyska.webp
Warszawa Wilanów,ul. Adama Branickiego,1,34,679000,19971,bez pośredników,,22,https://adresowo.pl/o/mieszkanie-warszawa-wilanow-ul-adama-branickiego-1-pokoj-g2q1z3,https://s2.adresowa.pl/oi/1f/19/407ec8_c9a0_cover@2x-1-pokojowe-mieszkanie-warszawa-wilanow-ul-adama-branickiego.webp
Warszawa Wola,ul. Kłopot,3,73,1950000,26712,bez pośredników,,18,https://adresowo.pl/o/mieszkanie-warszawa-wola-ul-klopot-3-pokojowe-h1j5e5,https://s2.adresowa.pl/oi/5e/37/407e46_552f_cover@2x-3-pokojowe-mieszkanie-warszawa-wola-ul-klopot.webp
Warszawa Nowe Włochy,ul. Tumska,2,51,775000,15196,bez pośredników,,22,https://adresowo.pl/o/mieszkanie-warszawa-nowe-wlochy-ul-tumska-2-pokojowe-s4w8s8,https://s2.adresowa.pl/oi/28/46/407dd0_b5fc_cover@2x-2-pokojowe-mieszkanie-warszawa-nowe-wlochy-ul-tumska.webp
Warszawa Ursynów,ul. Koncertowa,3,62,935000,15081,Pośrednik,,16,https://adresowo.pl/o/mieszkanie-warszawa-ursynow-ul-koncertowa-3-pokojowe-l9o4x1,https://s2.adresowa.pl/oi/27/1b/408d42_377f_cover@2x-3-pokojowe-mieszkanie-warszawa-ursynow-ul-koncertowa.webp
Warszawa Targówek,ul. Toruńska 80,3,48,570000,11875,Pośrednik,,18,https://adresowo.pl/o/mieszkanie-warszawa-targowek-ul-torunska-3-pokojowe-f1i0s0,https://s2.adresowa.pl/oi/51/1f/408c5c_8fd4_cover@2x-3-pokojowe-mieszkanie-warszawa-targowek-ul-torunska.webp
Warszawa,Bielany,2,37,619000,16730,bez pośredników,,5,https://adresowo.pl/o/mieszkanie-warszawa-bielany-2-pokojowe-37-m2-c5i4h0,https://s2.adresowa.pl/oi/33/7f/407d22_4f80_cover@2x-2-pokojowe-mieszkanie-warszawa-bielany.webp
Warszawa Ursus,ul. Józefa Chełmońskiego,2,45,800000,17778,bez pośredników,,12,https://adresowo.pl/o/mieszkanie-warszawa-ursus-ul-jozefa-chelmonskiego-2-pokojowe-e0e0r6,https://s2.adresowa.pl/oi/79/25/407c12_c68e_cover@2x-2-pokojowe-mieszkanie-warszawa-ursus-ul-jozefa-chelmonskiego.webp
Warszawa Kamionek,ul. Żupnicza,2,36,670000,18611,bez pośredników,,6,https://adresowo.pl/o/mieszkanie-warszawa-kamionek-ul-zupnicza-2-pokojowe-f7t0f4,https://s2.adresowa.pl/oi/5a/64/407bd0_8c29_cover@2x-2-pokojowe-mieszkanie-warszawa-kamionek-ul-zupnicza.webp
Warszawa Włochy,ul. Rakowska 16,1,27,507000,18778,Pośrednik,,13,https://adresowo.pl/o/mieszkanie-warszawa-wlochy-ul-rakowska-1-pokoj-y4k3g9,https://s2.adresowa.pl/oi/36/4a/4088be_6453_cover@2x-1-pokojowe-mieszkanie-warszawa-wlochy-ul-rakowska.webp
Warszawa Praga-Południe,ul. Ostrobramska,3,77,1380000,17922,Pośrednik,,20,https://adresowo.pl/o/mieszkanie-warszawa-praga-poludnie-ul-ostrobramska-3-pokojowe-k3v5a1,https://s2.adresowa.pl/oi/72/6c/4088b8_f359_cover@2x-3-pokojowe-mieszkanie-warszawa-praga-poludnie-ul-ostrobramska.webp
Warszawa Targówek,ul. Rembielińska,2,38,450000,11842,bez pośredników,,1,https://adresowo.pl/o/mieszkanie-warszawa-targowek-ul-rembielinska-2-pokojowe-v7o7l5,https://s2.adresowa.pl/oi/78/5d/407b46_882e_cover@2x-2-pokojowe-mieszkanie-warszawa-targowek-ul-rembielinska.webp
Warszawa Białołęka,ul. Strumykowa,3,88,1370000,15568,bez pośredników,,16,https://adresowo.pl/o/mieszkanie-warszawa-bialoleka-ul-strumykowa-3-pokojowe-u8n6g4,https://s2.adresowa.pl/oi/2a/69/407b32_b397_cover@2x-3-pokojowe-mieszkanie-warszawa-bialoleka-ul-strumykowa.webp
Warszawa Ursynów,ul. Nugat,2,53,980000,18491,bez pośredników,,20,https://adresowo.pl/o/mieszkanie-warszawa-ursynow-ul-nugat-2-pokojowe-s4n0u8,https://s2.adresowa.pl/oi/71/7b/407b18_8660_cover@2x-2-pokojowe-mieszkanie-warszawa-ursynow-ul-nugat.webp
Warszawa Białołęka,ul. Aluzyjna,3,69,999888,14491,Pośrednik,,11,https://adresowo.pl/o/mieszkanie-warszawa-bialoleka-ul-aluzyjna-3-pokojowe-t6c2h4,https://s2.adresowa.pl/oi/35/3e/408892_6694_cover@2x-3-pokojowe-mieszkanie-warszawa-bialoleka-ul-aluzyjna.webp
Warszawa Targówek,ul. św. Wincentego,3,67,1306500,19500,Pośrednik,,12,https://adresowo.pl/o/mieszkanie-warszawa-targowek-ul-sw-wincentego-3-pokojowe-e3g8q4,https://s2.adresowa.pl/oi/70/7b/408630_d969_cover@2x-3-pokojowe-mieszkanie-warszawa-targowek-ul-sw-wincentego.webp
Warszawa Tarchomin,ul. Mariana Wyrzykowskiego,2,34,629000,18500,bez pośredników,,8,https://adresowo.pl/o/mieszkanie-warszawa-tarchomin-ul-mariana-wyrzykowskiego-2-pokojowe-i7u2r8,https://s2.adresowa.pl/oi/4c/33/407aee_3bea_cover@2x-2-pokojowe-mieszkanie-warszawa-tarchomin-ul-mariana-wyrzykowskiego.webp
Warszawa Ursynów,ul. Jana Wasilkowskiego,2,31,550000,17742,bez pośredników,,8,https://adresowo.pl/o/mieszkanie-warszawa-ursynow-ul-jana-wasilkowskiego-2-pokojowe-d4y7r0,https://s2.adresowa.pl/oi/2e/39/407906_65a1_cover@2x-2-pokojowe-mieszkanie-warszawa-ursynow-ul-jana-wasilkowskiego.webp
Warszawa,Mokotów,3,57,870000,15263,bez pośredników,,8,https://adresowo.pl/o/mieszkanie-warszawa-mokotow-3-pokojowe-57-m2-k7q3b7,https://s2.adresowa.pl/oi/3a/4f/4078ca_ee02_cover@2x-3-pokojowe-mieszkanie-warszawa-mokotow.webp
Warszawa Wawer,ul. Krupnicza,3,59,800000,13559,Pośrednik,,7,https://adresowo.pl/o/mieszkanie-warszawa-wawer-ul-krupnicza-3-pokojowe-w3o9i6,https://s2.adresowa.pl/oi/17/36/4085d0_6630_cover@2x-3-pokojowe-mieszkanie-warszawa-wawer-ul-krupnicza.webp
Warszawa Śródmieście,ul. Bonifraterska,2,35,899000,25686,Pośrednik,,14,https://adresowo.pl/o/mieszkanie-warszawa-srodmiescie-ul-bonifraterska-2-pokojowe-d2r6n5,https://s2.adresowa.pl/oi/79/21/4085ca_59c7_cover@2x-2-pokojowe-mieszkanie-warszawa-srodmiescie-ul-bonifraterska.webp
Warszawa Wola,ul. Okopowa,2,32,649000,20281,bez pośredników,,20,https://adresowo.pl/o/mieszkanie-warszawa-wola-ul-okopowa-2-pokojowe-m8y8i8,https://s2.adresowa.pl/oi/3b/51/407864_c1d3_cover@2x-2-pokojowe-mieszkanie-warszawa-wola-ul-okopowa.webp
Warszawa Rembertów,ul. Admiralska,3,68,799000,11750,bez pośredników,,12,https://adresowo.pl/o/mieszkanie-warszawa-rembertow-ul-admiralska-3-pokojowe-y9e2t9,https://s2.adresowa.pl/oi/1f/59/407762_7365_cover@2x-3-pokojowe-mieszkanie-warszawa-rembertow-ul-admiralska.webp
Warszawa Bemowo,ul. Kazimierza Wyki,2,45,580000,12889,bez pośredników,,7,https://adresowo.pl/o/mieszkanie-warszawa-bemowo-ul-kazimierza-wyki-2-pokojowe-a6r6t4,https://s2.adresowa.pl/oi/50/45/4076aa_b7d3_cover@2x-2-pokojowe-mieszkanie-warszawa-bemowo-ul-kazimierza-wyki.webp
Warszawa Praga-Południe,ul. Floriana Znanieckiego,2,53,892000,16830,Pośrednik,,12,https://adresowo.pl/o/mieszkanie-warszawa-praga-poludnie-ul-floriana-znanieckiego-2-pokojowe-i2c7b1,https://s2.adresowa.pl/oi/3e/16/4085be_c44e_cover@2x-2-pokojowe-mieszkanie-warszawa-praga-poludnie-ul-floriana-znanieckiego.webp
Warszawa Ochota,ul. Bitwy Warszawskiej 1920 r.,3,67,1300000,19403,Pośrednik,,4,https://adresowo.pl/o/mieszkanie-warszawa-ochota-ul-bitwy-warszawskiej-1920-r-3-pokojowe-u8l4s9,https://s2.adresowa.pl/oi/62/3c/4085ba_eaa6_cover@2x-3-pokojowe-mieszkanie-warszawa-ochota-ul-bitwy-warszawskiej-1920-r-.webp
Warszawa Wilanów,ul. Adama Branickiego,2,45,1349000,29978,bez pośredników,,13,https://adresowo.pl/o/mieszkanie-warszawa-wilanow-ul-adama-branickiego-2-pokojowe-y8p1f9,https://s2.adresowa.pl/oi/7e/37/407558_a1a3_cover@2x-2-pokojowe-mieszkanie-warszawa-wilanow-ul-adama-branickiego.webp
Warszawa,Wola,3,81,1800000,22222,bez pośredników,,8,https://adresowo.pl/o/mieszkanie-warszawa-wola-3-pokojowe-81-m2-d4o0t8,https://s2.adresowa.pl/oi/11/38/4074fa_fea4_cover@2x-3-pokojowe-mieszkanie-warszawa-wola.webp
Warszawa Gocław,ul. Władysława Umińskiego,5,94,1220000,12979,bez pośredników,,9,https://adresowo.pl/o/mieszkanie-warszawa-goclaw-ul-wladyslawa-uminskiego-5-pokojowe-n5z3g3,https://s2.adresowa.pl/oi/47/11/407476_6eb7_cover@2x-5-pokojowe-mieszkanie-warszawa-goclaw-ul-wladyslawa-uminskiego.webp
Warszawa Mokotów,ul. Aleja Polski Walczącej,3,62,1395000,22500,Pośrednik,,7,https://adresowo.pl/o/mieszkanie-warszawa-mokotow-ul-aleja-polski-walczacej-3-pokojowe-m2m9e8,https://s2.adresowa.pl/oi/12/29/408406_993e_cover@2x-3-pokojowe-mieszkanie-warszawa-mokotow-ul-aleja-polski-walczacej.webp
Warszawa Gocław,ul. Floriana Znanieckiego,4,91,1465000,16099,Pośrednik,,23,https://adresowo.pl/o/mieszkanie-warszawa-goclaw-ul-floriana-znanieckiego-4-pokojowe-d5i8r2,https://s2.adresowa.pl/oi/5f/66/408278_ef69_cover@2x-4-pokojowe-mieszkanie-warszawa-goclaw-ul-floriana-znanieckiego.webp
Warszawa Praga-Południe,ul. Ostrobramska 132,1,17,450000,26471,bez pośredników,,4,https://adresowo.pl/o/mieszkanie-warszawa-praga-poludnie-ul-ostrobramska-1-pokoj-j3t8w4,https://s2.adresowa.pl/oi/6c/18/4073a6_bb65_cover@2x-1-pokojowe-mieszkanie-warszawa-praga-poludnie-ul-ostrobramska.webp
Warszawa Praga-Północ,ul. Szwedzka,4,93,2999999,32258,bez pośredników,,22,https://adresowo.pl/o/mieszkanie-warszawa-praga-polnoc-ul-szwedzka-4-pokojowe-y3u6m5,https://s2.adresowa.pl/oi/59/66/4073b6_fc60_cover@2x-4-pokojowe-mieszkanie-warszawa-praga-polnoc-ul-szwedzka.webp
Warszawa Bielany,ul. Wrzeciono,1,24,467000,19458,bez pośredników,,11,https://adresowo.pl/o/mieszkanie-warszawa-bielany-ul-wrzeciono-1-pokoj-a5m4c4,https://s2.adresowa.pl/oi/3f/5f/40737a_bbb4_cover@2x-1-pokojowe-mieszkanie-warszawa-bielany-ul-wrzeciono.webp
Warszawa,Mokotów,3,42,760000,18095,Pośrednik,,12,https://adresowo.pl/o/mieszkanie-warszawa-mokotow-3-pokojowe-42-m2-t9v8t8,https://s2.adresowa.pl/oi/10/70/408184_66b3_cover@2x-3-pokojowe-mieszkanie-warszawa-mokotow.webp
Warszawa Praga-Południe,ul. Ostrobramska,2,42,630000,15000,Pośrednik,,14,https://adresowo.pl/o/mieszkanie-warszawa-praga-poludnie-ul-ostrobramska-2-pokojowe-x6k2q3,https://s2.adresowa.pl/oi/35/3c/408174_626b_cover@2x-2-pokojowe-mieszkanie-warszawa-praga-poludnie-ul-ostrobramska.webp
Warszawa Ursus,ul. Quo Vadis,2,43,839000,19512,bez pośredników,,8,https://adresowo.pl/o/mieszkanie-warszawa-ursus-ul-quo-vadis-2-pokojowe-c7l2y8,https://s2.adresowa.pl/oi/26/60/407356_5370_cover@2x-2-pokojowe-mieszkanie-warszawa-ursus-ul-quo-vadis.webp
Warszawa Nowodwory,ul. Odkryta,3,51,800000,15686,bez pośredników,,8,https://adresowo.pl/o/mieszkanie-warszawa-nowodwory-ul-odkryta-3-pokojowe-x2y6q1,https://s2.adresowa.pl/oi/67/14/4072b0_fff2_cover@2x-3-pokojowe-mieszkanie-warszawa-nowodwory-ul-odkryta.webp
Warszawa Białołęka,ul. Skarbka z Gór,3,68,990000,14559,bez pośredników,,21,https://adresowo.pl/o/mieszkanie-warszawa-bialoleka-ul-skarbka-z-gor-3-pokojowe-g0x7v0,https://s2.adresowa.pl/oi/3f/3a/40725a_77d8_cover@2x-3-pokojowe-mieszkanie-warszawa-bialoleka-ul-skarbka-z-gor.webp
Warszawa Praga-Południe,ul. gen. Romana Abrahama 8,4,74,998000,13486,Pośrednik,,18,https://adresowo.pl/o/mieszkanie-warszawa-praga-poludnie-ul-gen-romana-abrahama-4-pokojowe-f0d3i3,https://s2.adresowa.pl/oi/10/21/408154_d627_cover@2x-4-pokojowe-mieszkanie-warszawa-praga-poludnie-ul-gen-romana-abrahama.webp
Warszawa Wola,ul. Józefa Sowińskiego,2,49,1099000,22429,Pośrednik,,6,https://adresowo.pl/o/mieszkanie-warszawa-wola-ul-jozefa-sowinskiego-2-pokojowe-u4u4x0,https://s2.adresowa.pl/oi/62/64/407ebe_5f74_cover@2x-2-pokojowe-mieszkanie-warszawa-wola-ul-jozefa-sowinskiego.webp
Warszawa,ul. Mordechaja Anielewicza,2,39,840000,21538,bez pośredników,,14,https://adresowo.pl/o/mieszkanie-warszawa-ul-mordechaja-anielewicza-2-pokojowe-b7p3l9,https://s2.adresowa.pl/oi/11/69/407182_2b7e_cover@2x-2-pokojowe-mieszkanie-warszawa-ul-mordechaja-anielewicza.webp
Warszawa Ochota,ul. Filtrowa,2,52,850000,16346,bez pośredników,,9,https://adresowo.pl/o/mieszkanie-warszawa-ochota-ul-filtrowa-2-pokojowe-s1l0k4,https://s2.adresowa.pl/oi/50/6a/407064_61c4_cover@2x-2-pokojowe-mieszkanie-warszawa-ochota-ul-filtrowa.webp
Warszawa Wola,ul. Jana Kazimierza,4,80,1999000,24988,bez pośredników,,21,https://adresowo.pl/o/mieszkanie-warszawa-wola-ul-jana-kazimierza-4-pokojowe-q5a9t6,https://s2.adresowa.pl/oi/40/7e/407058_9d73_cover@2x-4-pokojowe-mieszkanie-warszawa-wola-ul-jana-kazimierza.webp
Warszawa Ursynów,ul. Związku Walki Młodych,4,59,795000,13475,Pośrednik,,10,https://adresowo.pl/o/mieszkanie-warszawa-ursynow-ul-zwiazku-walki-mlodych-4-pokojowe-k5i4t3,https://s2.adresowa.pl/oi/58/19/407eb0_a4b6_cover@2x-4-pokojowe-mieszkanie-warszawa-ursynow-ul-zwiazku-walki-mlodych.webp
Warszawa Mokotów,ul. Domaniewska,3,73,1511100,20700,Pośrednik,,12,https://adresowo.pl/o/mieszkanie-warszawa-mokotow-ul-domaniewska-3-pokojowe-b4b3g1,https://s2.adresowa.pl/oi/23/58/407e8e_fbab_cover@2x-3-pokojowe-mieszkanie-warszawa-mokotow-ul-domaniewska.webp
Warszawa Wola,ul. Hipolita Wawelberga,2,62,900000,14516,bez pośredników,,13,https://adresowo.pl/o/mieszkanie-warszawa-wola-ul-hipolita-wawelberga-2-pokojowe-l9b8u4,https://s2.adresowa.pl/oi/7c/78/406ff6_5db6_cover@2x-2-pokojowe-mieszkanie-warszawa-wola-ul-hipolita-wawelberga.webp
Warszawa Białołęka,ul. Marcina z Wrocimowic,2,44,753000,17114,bez pośredników,,9,https://adresowo.pl/o/mieszkanie-warszawa-bialoleka-ul-marcina-z-wrocimowic-2-pokojowe-q2x3b4,https://s2.adresowa.pl/oi/35/39/406f88_66fb_cover@2x-2-pokojowe-mieszkanie-warszawa-bialoleka-ul-marcina-z-wrocimowic.webp
Warszawa Wola,ul. Magistracka 27,3,63,997000,15825,bez pośredników,,10,https://adresowo.pl/o/mieszkanie-warszawa-wola-ul-magistracka-3-pokojowe-g5f0f0,https://s2.adresowa.pl/oi/19/64/406e0e_d79b_cover@2x-3-pokojowe-mieszkanie-warszawa-wola-ul-magistracka.webp
Warszawa Mokotów,ul. Obrzeżna,2,54,1219000,22574,Pośrednik,,11,https://adresowo.pl/o/mieszkanie-warszawa-mokotow-ul-obrzezna-2-pokojowe-l4z7d5,https://s2.adresowa.pl/oi/17/11/407e8c_f879_cover@2x-2-pokojowe-mieszkanie-warszawa-mokotow-ul-obrzezna.webp
Warszawa Ursynów,ul. Małej Łąki,3,63,945000,15000,Pośrednik,,22,https://adresowo.pl/o/mieszkanie-warszawa-ursynow-ul-malej-laki-3-pokojowe-x5j9v1,https://s2.adresowa.pl/oi/10/69/407e78_eb32_cover@2x-3-pokojowe-mieszkanie-warszawa-ursynow-ul-malej-laki.webp
Warszawa Stary Rembertów,"al. gen. Antoniego Chruściela ""Montera""",2,46,800000,17391,bez pośredników,,18,https://adresowo.pl/o/mieszkanie-warszawa-stary-rembertow-al-gen-antoniego-chrusciela-montera-2-pokojowe-o1a9j5,https://s2.adresowa.pl/oi/2d/18/406cda_e084_cover@2x-2-pokojowe-mieszkanie-warszawa-stary-rembertow-al-gen-antoniego-chrusciela-montera-.webp
Warszawa Włochy,ul. Radarowa 66,2,41,784350,19130,bez pośredników,,11,https://adresowo.pl/o/mieszkanie-warszawa-wlochy-ul-radarowa-2-pokojowe-e2t2x1,https://s2.adresowa.pl/oi/2d/7e/406c9c_c917_cover@2x-2-pokojowe-mieszkanie-warszawa-wlochy-ul-radarowa.webp
Warszawa Targówek,ul. Władysława Syrokomli,3,53,720000,13585,bez pośredników,,8,https://adresowo.pl/o/mieszkanie-warszawa-targowek-ul-wladyslawa-syrokomli-3-pokojowe-q1y4w3,https://s2.adresowa.pl/oi/7d/3d/4066bc_fd37_cover@2x-3-pokojowe-mieszkanie-warszawa-targowek-ul-wladyslawa-syrokomli.webp
Warszawa Białołęka,ul. Modlińska,2,54,1070000,19815,Pośrednik,,6,https://adresowo.pl/o/mieszkanie-warszawa-bialoleka-ul-modlinska-2-pokojowe-i3e2i9,https://s2.adresowa.pl/oi/72/50/407e56_667c_cover@2x-2-pokojowe-mieszkanie-warszawa-bialoleka-ul-modlinska.webp
Warszawa Śródmieście,ul. Pokorna,2,53,1468000,27698,Pośrednik,,27,https://adresowo.pl/o/mieszkanie-warszawa-srodmiescie-ul-pokorna-2-pokojowe-a9y5s5,https://s2.adresowa.pl/oi/11/63/407d62_5c4c_cover@2x-2-pokojowe-mieszkanie-warszawa-srodmiescie-ul-pokorna.webp
Warszawa Bielany,ul. Bartosza Głowackiego,2,41,779000,19000,bez pośredników,,8,https://adresowo.pl/o/mieszkanie-warszawa-bielany-ul-bartosza-glowackiego-2-pokojowe-w8o7m3,https://s2.adresowa.pl/oi/57/11/406b16_8c72_cover@2x-2-pokojowe-mieszkanie-warszawa-bielany-ul-bartosza-glowackiego.webp
Warszawa Targówek,ul. Zamiejska,3,60,700000,11667,bez pośredników,,13,https://adresowo.pl/o/mieszkanie-warszawa-targowek-ul-zamiejska-3-pokojowe-g2v4t3,https://s2.adresowa.pl/oi/42/18/406aaa_5907_cover@2x-3-pokojowe-mieszkanie-warszawa-targowek-ul-zamiejska.webp
Warszawa,Stare Miasto,3,54,1295000,23981,bez pośredników,,19,https://adresowo.pl/o/mieszkanie-warszawa-stare-miasto-3-pokojowe-54-m2-t2u7h0,https://s2.adresowa.pl/oi/51/39/4069b4_62d1_cover@2x-3-pokojowe-mieszkanie-warszawa-stare-miasto.webp
Warszawa Ursynów,ul. Stryjeńskich,2,58,849900,14653,Pośrednik,,14,https://adresowo.pl/o/mieszkanie-warszawa-ursynow-ul-stryjenskich-2-pokojowe-d0c8l8,https://s2.adresowa.pl/oi/48/32/407a1c_4925_cover@2x-2-pokojowe-mieszkanie-warszawa-ursynow-ul-stryjenskich.webp
Warszawa Mokotów,al. Wilanowska 364,2,44,745290,16938,Pośrednik,,14,https://adresowo.pl/o/mieszkanie-warszawa-mokotow-al-wilanowska-2-pokojowe-r9z8c9,https://s2.adresowa.pl/oi/6b/43/40797c_80bb_cover@2x-2-pokojowe-mieszkanie-warszawa-mokotow-al-wilanowska.webp
Warszawa Ursus,ul. Skoroszewska,2,43,739000,17186,bez pośredników,,19,https://adresowo.pl/o/mieszkanie-warszawa-ursus-ul-skoroszewska-2-pokojowe-i4d2l1,https://s2.adresowa.pl/oi/76/62/406952_36e2_cover@2x-2-pokojowe-mieszkanie-warszawa-ursus-ul-skoroszewska.webp
Warszawa Ursynów,ul. Lasek Brzozowy,2,53,969000,18283,bez pośredników,,13,https://adresowo.pl/o/mieszkanie-warszawa-ursynow-ul-lasek-brzozowy-2-pokojowe-s9t2v6,https://s2.adresowa.pl/oi/2b/37/4068bc_be00_cover@2x-2-pokojowe-mieszkanie-warszawa-ursynow-ul-lasek-brzozowy.webp
Warszawa Ursus,ul. Tomcia Palucha,2,42,640000,15238,bez pośredników,,20,https://adresowo.pl/o/mieszkanie-warszawa-ursus-ul-tomcia-palucha-2-pokojowe-m1l6m9,https://s2.adresowa.pl/oi/6b/17/406844_53a7_cover@2x-2-pokojowe-mieszkanie-warszawa-ursus-ul-tomcia-palucha.webp
Warszawa,Wesoła,2,37,528000,14270,Pośrednik,,8,https://adresowo.pl/o/mieszkanie-warszawa-wesola-2-pokojowe-37-m2-b1k3y3,https://s2.adresowa.pl/oi/5d/57/4076c6_3b7e_cover@2x-2-pokojowe-mieszkanie-warszawa-wesola.webp
Warszawa Mokotów,ul. Okęcka,2,42,880000,20952,Pośrednik,,19,https://adresowo.pl/o/mieszkanie-warszawa-mokotow-ul-okecka-2-pokojowe-j6n8c2,https://s2.adresowa.pl/oi/34/54/407620_6087_cover@2x-2-pokojowe-mieszkanie-warszawa-mokotow-ul-okecka.webp
Warszawa Praga-Północ,ul. Ząbkowska,1,26,599000,23038,bez pośredników,,12,https://adresowo.pl/o/mieszkanie-warszawa-praga-polnoc-ul-zabkowska-1-pokoj-v0a5f7,https://s2.adresowa.pl/oi/1e/77/40681e_632c_cover@2x-1-pokojowe-mieszkanie-warszawa-praga-polnoc-ul-zabkowska.webp
Warszawa Bielany,ul. Wólczyńska,2,45,828100,18402,bez pośredników,,13,https://adresowo.pl/o/mieszkanie-warszawa-bielany-ul-wolczynska-2-pokojowe-a5o4z8,https://s2.adresowa.pl/oi/2f/5b/406818_c033_cover@2x-2-pokojowe-mieszkanie-warszawa-bielany-ul-wolczynska.webp
Warszawa Mokotów,ul. Racławicka,2,44,950000,21591,bez pośredników,,8,https://adresowo.pl/o/mieszkanie-warszawa-mokotow-ul-raclawicka-2-pokojowe-s6d8e8,https://s2.adresowa.pl/oi/6b/62/4067dc_81eb_cover@2x-2-pokojowe-mieszkanie-warszawa-mokotow-ul-raclawicka.webp
Warszawa Bemowo,ul. Witolda Doroszewskiego,3,61,899000,14738,Pośrednik,,8,https://adresowo.pl/o/mieszkanie-warszawa-bemowo-ul-witolda-doroszewskiego-3-pokojowe-g0s0r3,https://s2.adresowa.pl/oi/66/31/4075f6_5ce0_cover@2x-3-pokojowe-mieszkanie-warszawa-bemowo-ul-witolda-doroszewskiego.webp
Warszawa Mokotów,al. gen. Władysława Sikorskiego,3,60,1199000,19983,Pośrednik,,20,https://adresowo.pl/o/mieszkanie-warszawa-mokotow-al-gen-wladyslawa-sikorskiego-3-pokojowe-f2f8s2,https://s2.adresowa.pl/oi/1c/2b/407388_3458_cover@2x-3-pokojowe-mieszkanie-warszawa-mokotow-al-gen-wladyslawa-sikorskiego.webp
Warszawa Bielany,ul. Jana Kasprowicza,2,32,620000,19375,bez pośredników,,9,https://adresowo.pl/o/mieszkanie-warszawa-bielany-ul-jana-kasprowicza-2-pokojowe-u8p9f2,https://s2.adresowa.pl/oi/1c/1d/4067d2_2c75_cover@2x-2-pokojowe-mieszkanie-warszawa-bielany-ul-jana-kasprowicza.webp
Warszawa Bielany,ul. Władysława Broniewskiego,3,48,710000,14792,bez pośredników,,7,https://adresowo.pl/o/mieszkanie-warszawa-bielany-ul-wladyslawa-broniewskiego-3-pokojowe-o3o8a7,https://s2.adresowa.pl/oi/77/35/4067b4_4f91_cover@2x-3-pokojowe-mieszkanie-warszawa-bielany-ul-wladyslawa-broniewskiego.webp
Warszawa,Praga-Północ,1,29,440000,15172,bez pośredników,,1,https://adresowo.pl/o/mieszkanie-warszawa-praga-polnoc-1-pokoj-29-m2-q8t9m3,https://s2.adresowa.pl/oi/68/7b/406660_9771_cover@2x-1-pokojowe-mieszkanie-warszawa-praga-polnoc.webp
Warszawa Mokotów,ul. Tadeusza Rejtana 7,4,56,1100000,19643,Pośrednik,,24,https://adresowo.pl/o/mieszkanie-warszawa-mokotow-ul-tadeusza-rejtana-4-pokojowe-h7v9r3,https://s2.adresowa.pl/oi/32/56/406e9c_6442_cover@2x-4-pokojowe-mieszkanie-warszawa-mokotow-ul-tadeusza-rejtana.webp
Warszawa Białołęka,ul. Aluzyjna 17,2,56,730000,13036,Pośrednik,,12,https://adresowo.pl/o/mieszkanie-warszawa-bialoleka-ul-aluzyjna-2-pokojowe-n0a9g7,https://s2.adresowa.pl/oi/63/12/406e8e_f65e_cover@2x-2-pokojowe-mieszkanie-warszawa-bialoleka-ul-aluzyjna.webp
Warszawa Śródmieście,ul. Smolna,2,71,2150000,30282,bez pośredników,,13,https://adresowo.pl/o/mieszkanie-warszawa-srodmiescie-ul-smolna-2-pokojowe-z0f2e7,https://s2.adresowa.pl/oi/24/59/40664c_b5db_cover@2x-2-pokojowe-mieszkanie-warszawa-srodmiescie-ul-smolna.webp
Warszawa Białołęka,ul. Książkowa,2,40,550000,13750,bez pośredników,,18,https://adresowo.pl/o/mieszkanie-warszawa-bialoleka-ul-ksiazkowa-2-pokojowe-y8o0c5,https://s2.adresowa.pl/oi/41/48/40659c_db6d_cover@2x-2-pokojowe-mieszkanie-warszawa-bialoleka-ul-ksiazkowa.webp
Warszawa Ochota,ul. Baśniowa,2,33,750000,22727,bez pośredników,,15,https://adresowo.pl/o/mieszkanie-warszawa-ochota-ul-basniowa-2-pokojowe-b1a5y7,https://s2.adresowa.pl/oi/66/71/40651c_328a_cover@2x-2-pokojowe-mieszkanie-warszawa-ochota-ul-basniowa.webp
Warszawa Ursynów,ul. Belgradzka,1,41,749000,18268,Pośrednik,,19,https://adresowo.pl/o/mieszkanie-warszawa-ursynow-ul-belgradzka-1-pokoj-e9l7s8,https://s2.adresowa.pl/oi/12/34/406bec_5e30_cover@2x-1-pokojowe-mieszkanie-warszawa-ursynow-ul-belgradzka.webp
Warszawa Ursynów,ul. Meander,2,42,650000,15476,Pośrednik,,3,https://adresowo.pl/o/mieszkanie-warszawa-ursynow-ul-meander-2-pokojowe-p0v1i7,https://s2.adresowa.pl/oi/5d/66/406bea_6c01_cover@2x-2-pokojowe-mieszkanie-warszawa-ursynow-ul-meander.webp
Warszawa Bielany,ul. Leopolda Staffa,2,40,730000,18250,bez pośredników,,3,https://adresowo.pl/o/mieszkanie-warszawa-bielany-ul-leopolda-staffa-2-pokojowe-z6z3r2,https://s2.adresowa.pl/oi/3b/5c/4064d6_e2b4_cover@2x-2-pokojowe-mieszkanie-warszawa-bielany-ul-leopolda-staffa.webp
Warszawa Rembertów,ul. Pontonierów,3,78,1250000,16026,bez pośredników,,9,https://adresowo.pl/o/mieszkanie-warszawa-rembertow-ul-pontonierow-3-pokojowe-x6t5s8,https://s2.adresowa.pl/oi/61/52/4063c2_c93d_cover@2x-3-pokojowe-mieszkanie-warszawa-rembertow-ul-pontonierow.webp
Warszawa Mokotów,ul. Konstancińska 7B,2,38,595000,15658,bez pośredników,,7,https://adresowo.pl/o/mieszkanie-warszawa-mokotow-ul-konstancinska-2-pokojowe-f9u4o0,https://s2.adresowa.pl/oi/30/13/40615c_b0d2_cover@2x-2-pokojowe-mieszkanie-warszawa-mokotow-ul-konstancinska.webp
Warszawa Mokotów,ul. Bokserska,2,50,1030000,20600,Pośrednik,,13,https://adresowo.pl/o/mieszkanie-warszawa-mokotow-ul-bokserska-2-pokojowe-k4r5t2,https://s2.adresowa.pl/oi/30/5a/406be6_b5c7_cover@2x-2-pokojowe-mieszkanie-warszawa-mokotow-ul-bokserska.webp
Warszawa Białołęka,ul. Winorośli,4,77,1299000,16870,Pośrednik,,20,https://adresowo.pl/o/mieszkanie-warszawa-bialoleka-ul-winorosli-4-pokojowe-j3n9s9,https://s2.adresowa.pl/oi/7a/3d/406bc2_9919_cover@2x-4-pokojowe-mieszkanie-warszawa-bialoleka-ul-winorosli.webp
Warszawa,Targówek,2,46,605000,13152,bez pośredników,,10,https://adresowo.pl/o/mieszkanie-warszawa-targowek-2-pokojowe-46-m2-l7e7s6,https://s2.adresowa.pl/oi/7b/2f/4060fe_d0ad_cover@2x-2-pokojowe-mieszkanie-warszawa-targowek.webp
Warszawa,Bielany,3,37,699000,18892,bez pośredników,,8,https://adresowo.pl/o/mieszkanie-warszawa-bielany-3-pokojowe-37-m2-j8p0l4,https://s2.adresowa.pl/oi/26/2e/40607e_9757_cover@2x-3-pokojowe-mieszkanie-warszawa-bielany.webp
Warszawa Ursynów,ul. Edwarda Warchałowskiego,3,70,1200000,17143,bez pośredników,,10,https://adresowo.pl/o/mieszkanie-warszawa-ursynow-ul-edwarda-warchalowskiego-3-pokojowe-u3v7k1,https://s2.adresowa.pl/oi/3a/20/406072_a6b0_cover@2x-3-pokojowe-mieszkanie-warszawa-ursynow-ul-edwarda-warchalowskiego.webp
Warszawa Bemowo,ul. Hery,3,68,1249000,18368,Pośrednik,,17,https://adresowo.pl/o/mieszkanie-warszawa-bemowo-ul-hery-3-pokojowe-y3v5z2,https://s2.adresowa.pl/oi/78/53/406bbc_6085_cover@2x-3-pokojowe-mieszkanie-warszawa-bemowo-ul-hery.webp
Warszawa Targówek,ul. Palestyńska,4,90,1270000,14111,Pośrednik,,13,https://adresowo.pl/o/mieszkanie-warszawa-targowek-ul-palestynska-4-pokojowe-y1d9g2,https://s2.adresowa.pl/oi/31/4f/406ab4_e829_cover@2x-4-pokojowe-mieszkanie-warszawa-targowek-ul-palestynska.webp
Warszawa Żoliborz,ul. Zygmunta Krasińskiego,3,59,999000,16932,bez pośredników,,7,https://adresowo.pl/o/mieszkanie-warszawa-zoliborz-ul-zygmunta-krasinskiego-3-pokojowe-f0b5h3,https://s2.adresowa.pl/oi/32/11/406040_ec64_cover@2x-3-pokojowe-mieszkanie-warszawa-zoliborz-ul-zygmunta-krasinskiego.webp
Warszawa Sadyba,ul. Jaszowiecka,3,59,1150000,19492,bez pośredników,,8,https://adresowo.pl/o/mieszkanie-warszawa-sadyba-ul-jaszowiecka-3-pokojowe-m4k2r6,https://s2.adresowa.pl/oi/77/6f/405fbe_e5ee_cover@2x-3-pokojowe-mieszkanie-warszawa-sadyba-ul-jaszowiecka.webp
Warszawa Bemowo,ul. Edmunda Jana Osmańczyka,4,88,1760000,20000,bez pośredników,,17,https://adresowo.pl/o/mieszkanie-warszawa-bemowo-ul-edmunda-jana-osmanczyka-4-pokojowe-u6c3t0,https://s2.adresowa.pl/oi/54/43/405eaa_b477_cover@2x-4-pokojowe-mieszkanie-warszawa-bemowo-ul-edmunda-jana-osmanczyka.webp
Warszawa Mokotów,ul. Stefana Bryły,2,42,770000,18333,Pośrednik,,9,https://adresowo.pl/o/mieszkanie-warszawa-mokotow-ul-stefana-bryly-2-pokojowe-e2u5g5,https://s2.adresowa.pl/oi/1b/3a/406a90_7e0d_cover@2x-2-pokojowe-mieszkanie-warszawa-mokotow-ul-stefana-bryly.webp
Warszawa Śródmieście,ul. Nowogrodzka,3,67,1499000,22373,Pośrednik,,14,https://adresowo.pl/o/mieszkanie-warszawa-srodmiescie-ul-nowogrodzka-3-pokojowe-v9w9j1,https://s2.adresowa.pl/oi/20/58/4069ee_8d60_cover@2x-3-pokojowe-mieszkanie-warszawa-srodmiescie-ul-nowogrodzka.webp
Warszawa Włochy,ul. Trzcinowa,3,61,995000,16311,bez pośredników,,19,https://adresowo.pl/o/mieszkanie-warszawa-wlochy-ul-trzcinowa-3-pokojowe-k4y8u2,https://s2.adresowa.pl/oi/51/19/4020e0_df8a_cover@2x-3-pokojowe-mieszkanie-warszawa-wlochy-ul-trzcinowa.webp
Warszawa Mokotów,ul. Pejzażowa,1,30,755000,25167,bez pośredników,,19,https://adresowo.pl/o/mieszkanie-warszawa-mokotow-ul-pejzazowa-1-pokoj-e8w4o3,https://s2.adresowa.pl/oi/46/5f/405dd0_dfa8_cover@2x-1-pokojowe-mieszkanie-warszawa-mokotow-ul-pejzazowa.webp
Warszawa Wola,ul. Pańska,2,54,1220000,22593,bez pośredników,,11,https://adresowo.pl/o/mieszkanie-warszawa-wola-ul-panska-2-pokojowe-k6c9n3,https://s2.adresowa.pl/oi/75/64/405c1e_9534_cover@2x-2-pokojowe-mieszkanie-warszawa-wola-ul-panska.webp
Warszawa Wola,ul. Jana Kazimierza,3,67,1272000,18985,Pośrednik,,13,https://adresowo.pl/o/mieszkanie-warszawa-wola-ul-jana-kazimierza-3-pokojowe-f8n4m8,https://s2.adresowa.pl/oi/6d/20/4069ce_464e_cover@2x-3-pokojowe-mieszkanie-warszawa-wola-ul-jana-kazimierza.webp
Warszawa Bielany,ul. Antoniego Magiera,3,46,615000,13370,Pośrednik,,15,https://adresowo.pl/o/mieszkanie-warszawa-bielany-ul-antoniego-magiera-3-pokojowe-v0w4m9,https://s2.adresowa.pl/oi/52/54/4069ca_3c76_cover@2x-3-pokojowe-mieszkanie-warszawa-bielany-ul-antoniego-magiera.webp
Warszawa Okęcie,ul. Aleje Jerozolimskie,5,125,1899000,15192,bez pośredników,,10,https://adresowo.pl/o/mieszkanie-warszawa-okecie-ul-aleje-jerozolimskie-5-pokojowe-n2e3z1,https://s2.adresowa.pl/oi/73/78/405b9c_5156_cover@2x-5-pokojowe-mieszkanie-warszawa-okecie-ul-aleje-jerozolimskie.webp
Warszawa Gocław,ul. gen. Leopolda Okulickiego,3,64,990000,15469,bez pośredników,,13,https://adresowo.pl/o/mieszkanie-warszawa-goclaw-ul-gen-leopolda-okulickiego-3-pokojowe-r9w4r9,https://s2.adresowa.pl/oi/12/47/405b52_c4e7_cover@2x-3-pokojowe-mieszkanie-warszawa-goclaw-ul-gen-leopolda-okulickiego.webp
Warszawa Saska Kępa,ul. Międzynarodowa,4,55,910000,16545,bez pośredników,,17,https://adresowo.pl/o/mieszkanie-warszawa-saska-kepa-ul-miedzynarodowa-4-pokojowe-o9x1y2,https://s2.adresowa.pl/oi/36/20/4059f6_a741_cover@2x-4-pokojowe-mieszkanie-warszawa-saska-kepa-ul-miedzynarodowa.webp
Warszawa Białołęka,ul. Mirabelki,3,79,1049000,13278,Pośrednik,,9,https://adresowo.pl/o/mieszkanie-warszawa-bialoleka-ul-mirabelki-3-pokojowe-p2l3a7,https://s2.adresowa.pl/oi/31/5b/4069aa_d4b0_cover@2x-3-pokojowe-mieszkanie-warszawa-bialoleka-ul-mirabelki.webp
Warszawa Bielany,ul. Władysława Stanisława Reymonta,2,41,650000,15854,Pośrednik,,11,https://adresowo.pl/o/mieszkanie-warszawa-bielany-ul-wladyslawa-stanislawa-reymonta-2-pokojowe-m1k5c8,https://s2.adresowa.pl/oi/3b/66/406992_38c6_cover@2x-2-pokojowe-mieszkanie-warszawa-bielany-ul-wladyslawa-stanislawa-reymonta.webp
Warszawa Wawer,ul. Południowa,3,70,999000,14271,bez pośredników,,15,https://adresowo.pl/o/mieszkanie-warszawa-wawer-ul-poludniowa-3-pokojowe-x6y2i8,https://s2.adresowa.pl/oi/7b/57/405842_532a_cover@2x-3-pokojowe-mieszkanie-warszawa-wawer-ul-poludniowa.webp
Warszawa Mokotów,ul. Bartłomieja,3,47,880000,18723,bez pośredników,,15,https://adresowo.pl/o/mieszkanie-warszawa-mokotow-ul-bartlomieja-3-pokojowe-o4x4p1,https://s2.adresowa.pl/oi/7d/6b/405700_d141_cover@2x-3-pokojowe-mieszkanie-warszawa-mokotow-ul-bartlomieja.webp
Warszawa Włochy,ul. Przyłęcka,2,38,508000,13368,bez pośredników,,6,https://adresowo.pl/o/mieszkanie-warszawa-wlochy-ul-przylecka-2-pokojowe-v7i8l3,https://s2.adresowa.pl/oi/7f/65/405662_7a82_cover@2x-2-pokojowe-mieszkanie-warszawa-wlochy-ul-przylecka.webp
Warszawa Praga-Południe,ul. Władysława Umińskiego,3,63,899000,14270,Pośrednik,,16,https://adresowo.pl/o/mieszkanie-warszawa-praga-poludnie-ul-wladyslawa-uminskiego-3-pokojowe-l7x4g8,https://s2.adresowa.pl/oi/18/73/4065ea_f46d_cover@2x-3-pokojowe-mieszkanie-warszawa-praga-poludnie-ul-wladyslawa-uminskiego.webp
Warszawa Wola,ul. Łucka 18,4,150,3200000,21333,Pośrednik,,26,https://adresowo.pl/o/mieszkanie-warszawa-wola-ul-lucka-4-pokojowe-f1m2c3,https://s2.adresowa.pl/oi/62/69/40644c_2c0f_cover@2x-4-pokojowe-mieszkanie-warszawa-wola-ul-lucka.webp
Warszawa Mokotów,ul. Ksawerów,1,16,379000,23688,bez pośredników,,13,https://adresowo.pl/o/mieszkanie-warszawa-mokotow-ul-ksawerow-1-pokoj-y4p4s8,https://s2.adresowa.pl/oi/7e/66/405646_6706_cover@2x-1-pokojowe-mieszkanie-warszawa-mokotow-ul-ksawerow.webp
Warszawa Okęcie,ul. Prudnicka,2,50,940000,18800,bez pośredników,,15,https://adresowo.pl/o/mieszkanie-warszawa-okecie-ul-prudnicka-2-pokojowe-l6t9n5,https://s2.adresowa.pl/oi/27/70/40556c_66db_cover@2x-2-pokojowe-mieszkanie-warszawa-okecie-ul-prudnicka.webp
Warszawa Bielany,ul. Williama Szekspira,3,50,695000,13900,bez pośredników,,4,https://adresowo.pl/o/mieszkanie-warszawa-bielany-ul-williama-szekspira-3-pokojowe-g3h2v4,https://s2.adresowa.pl/oi/42/46/405462_66e1_cover@2x-3-pokojowe-mieszkanie-warszawa-bielany-ul-williama-szekspira.webp
Warszawa Mokotów,ul. Miączyńska 54,3,65,1140000,17538,Pośrednik,,10,https://adresowo.pl/o/mieszkanie-warszawa-mokotow-ul-miaczynska-3-pokojowe-o2t3b7,https://s2.adresowa.pl/oi/43/1b/4063c4_6aa9_cover@2x-3-pokojowe-mieszkanie-warszawa-mokotow-ul-miaczynska.webp
Warszawa Mokotów,ul. Iwicka,2,49,1100000,22449,Pośrednik,,8,https://adresowo.pl/o/mieszkanie-warszawa-mokotow-ul-iwicka-2-pokojowe-h1k4n0,https://s2.adresowa.pl/oi/1d/64/4063be_ae25_cover@2x-2-pokojowe-mieszkanie-warszawa-mokotow-ul-iwicka.webp
Warszawa Wola,ul. Żytnia 13,3,72,1483100,20599,bez pośredników,,11,https://adresowo.pl/o/mieszkanie-warszawa-wola-ul-zytnia-3-pokojowe-i3q5z4,https://s2.adresowa.pl/oi/7c/46/3c83bc_a97c_cover@2x-3-pokojowe-mieszkanie-warszawa-wola-ul-zytnia.webp
Warszawa Mokotów,ul. Bełska,1,49,1200000,24490,bez pośredników,,9,https://adresowo.pl/o/mieszkanie-warszawa-mokotow-ul-belska-1-pokoj-a7x4j9,https://s2.adresowa.pl/oi/2e/36/405416_cbd5_cover@2x-1-pokojowe-mieszkanie-warszawa-mokotow-ul-belska.webp
Warszawa Ursynów,ul. Pawła Edmunda Strzeleckiego,2,42,740000,17619,bez pośredników,,10,https://adresowo.pl/o/mieszkanie-warszawa-ursynow-ul-pawla-edmunda-strzeleckiego-2-pokojowe-j0g9i4,https://s2.adresowa.pl/oi/20/1d/4053ee_d7cd_cover@2x-2-pokojowe-mieszkanie-warszawa-ursynow-ul-pawla-edmunda-strzeleckiego.webp
Warszawa Mokotów,ul. Spalska,3,49,789000,16102,bez pośredników,,8,https://adresowo.pl/o/mieszkanie-warszawa-mokotow-ul-spalska-3-pokojowe-v4j5l3,https://s2.adresowa.pl/oi/6e/45/4052ac_c2cf_cover@2x-3-pokojowe-mieszkanie-warszawa-mokotow-ul-spalska.webp
Warszawa,ul. Dziatwy,3,61,1330000,21803,Pośrednik,,25,https://adresowo.pl/o/mieszkanie-warszawa-ul-dziatwy-3-pokojowe-a2b1w3,https://s2.adresowa.pl/oi/5c/41/405f94_9308_cover@2x-3-pokojowe-mieszkanie-warszawa-ul-dziatwy.webp
Warszawa Śródmieście,ul. Wilanowska 5,2,40,959000,23975,Pośrednik,,9,https://adresowo.pl/o/mieszkanie-warszawa-srodmiescie-ul-wilanowska-2-pokojowe-g0o6f4,https://s2.adresowa.pl/oi/6f/67/405e28_9a94_cover@2x-2-pokojowe-mieszkanie-warszawa-srodmiescie-ul-wilanowska.webp
Warszawa Mokotów,ul. Postępu,3,72,1800000,25000,bez pośredników,,16,https://adresowo.pl/o/mieszkanie-warszawa-mokotow-ul-postepu-3-pokojowe-c0u9p8,https://s2.adresowa.pl/oi/26/1c/4052a8_4c25_cover@2x-3-pokojowe-mieszkanie-warszawa-mokotow-ul-postepu.webp
Warszawa Praga-Południe,ul. Zagójska,2,35,720000,20571,bez pośredników,,17,https://adresowo.pl/o/mieszkanie-warszawa-praga-poludnie-ul-zagojska-2-pokojowe-t6a3h1,https://s2.adresowa.pl/oi/33/65/405218_88ff_cover@2x-2-pokojowe-mieszkanie-warszawa-praga-poludnie-ul-zagojska.webp
Warszawa Białołęka,ul. Aleksandra Fleminga,3,56,zapytaj,,bez pośredników,,11,https://adresowo.pl/o/mieszkanie-warszawa-bialoleka-ul-aleksandra-fleminga-3-pokojowe-b4v8w2,https://s2.adresowa.pl/oi/3f/75/405142_3439_cover@2x-3-pokojowe-mieszkanie-warszawa-bialoleka-ul-aleksandra-fleminga.webp
Warszawa Żoliborz,ul. Przasnyska,2,54,1250000,23148,Pośrednik,,15,https://adresowo.pl/o/mieszkanie-warszawa-zoliborz-ul-przasnyska-2-pokojowe-r2i2h1,https://s2.adresowa.pl/oi/62/75/405d7e_9836_cover@2x-2-pokojowe-mieszkanie-warszawa-zoliborz-ul-przasnyska.webp
Warszawa Bemowo,ul. Synów Pułku,2,30,449000,14967,Pośrednik,,8,https://adresowo.pl/o/mieszkanie-warszawa-bemowo-ul-synow-pulku-2-pokojowe-u4w1j7,https://s2.adresowa.pl/oi/1b/4e/405d74_61a2_cover@2x-2-pokojowe-mieszkanie-warszawa-bemowo-ul-synow-pulku.webp
Warszawa Bielany,ul. Efraima Schroegera,2,47,846000,18000,bez pośredników,,9,https://adresowo.pl/o/mieszkanie-warszawa-bielany-ul-efraima-schroegera-2-pokojowe-d6o7x3,https://s2.adresowa.pl/oi/10/61/405106_587f_cover@2x-2-pokojowe-mieszkanie-warszawa-bielany-ul-efraima-schroegera.webp
Warszawa Wola,ul. Krochmalna,3,47,770000,16383,bez pośredników,,16,https://adresowo.pl/o/mieszkanie-warszawa-wola-ul-krochmalna-3-pokojowe-f9v9q6,https://s2.adresowa.pl/oi/24/21/40509a_3bab_cover@2x-3-pokojowe-mieszkanie-warszawa-wola-ul-krochmalna.webp
Warszawa Mokotów,ul. Wołoska,2,48,1080000,22500,bez pośredników,,6,https://adresowo.pl/o/mieszkanie-warszawa-mokotow-ul-woloska-2-pokojowe-e8c5i1,https://s2.adresowa.pl/oi/54/17/404ff2_2d49_cover@2x-2-pokojowe-mieszkanie-warszawa-mokotow-ul-woloska.webp
Warszawa Wola,ul. Karolkowa,2,30,890000,29667,Pośrednik,,6,https://adresowo.pl/o/mieszkanie-warszawa-wola-ul-karolkowa-2-pokojowe-p3f2a0,https://s2.adresowa.pl/oi/51/6c/405d6a_a239_cover@2x-2-pokojowe-mieszkanie-warszawa-wola-ul-karolkowa.webp
Warszawa Mokotów,ul. Korczyńska,2,31,739000,23839,Pośrednik,,37,https://adresowo.pl/o/mieszkanie-warszawa-mokotow-ul-korczynska-2-pokojowe-z0e4j6,https://s2.adresowa.pl/oi/67/46/4055ee_8535_cover@2x-2-pokojowe-mieszkanie-warszawa-mokotow-ul-korczynska.webp
Warszawa Zawady,ul. Syta,3,102,1326000,13000,bez pośredników,,17,https://adresowo.pl/o/mieszkanie-warszawa-zawady-ul-syta-3-pokojowe-b5r9y1,https://s2.adresowa.pl/oi/4f/39/404ea2_fae9_cover@2x-3-pokojowe-mieszkanie-warszawa-zawady-ul-syta.webp
Warszawa Mokotów,ul. Garażowa,2,51,1250000,24510,bez pośredników,,20,https://adresowo.pl/o/mieszkanie-warszawa-mokotow-ul-garazowa-2-pokojowe-t4v7s9,https://s2.adresowa.pl/oi/4e/79/404e2e_2b4b_cover@2x-2-pokojowe-mieszkanie-warszawa-mokotow-ul-garazowa.webp
Warszawa Praga-Południe,ul. Ostrobramska,5,110,1500000,13636,bez pośredników,,7,https://adresowo.pl/o/mieszkanie-warszawa-praga-poludnie-ul-ostrobramska-5-pokojowe-o5y8s4,https://s2.adresowa.pl/oi/1b/37/404de0_d196_cover@2x-5-pokojowe-mieszkanie-warszawa-praga-poludnie-ul-ostrobramska.webp
Warszawa Bielany,ul. Honoriusza Balzaka,2,26,479000,18423,Pośrednik,,12,https://adresowo.pl/o/mieszkanie-warszawa-bielany-ul-honoriusza-balzaka-2-pokojowe-r0h2s5,https://s2.adresowa.pl/oi/58/4d/40539c_f2a5_cover@2x-2-pokojowe-mieszkanie-warszawa-bielany-ul-honoriusza-balzaka.webp
Warszawa Wola,ul. Wolska 45,2,47,1167000,24830,Pośrednik,,20,https://adresowo.pl/o/mieszkanie-warszawa-wola-ul-wolska-2-pokojowe-p3a7y0,https://s2.adresowa.pl/oi/4f/28/4052f2_670c_cover@2x-2-pokojowe-mieszkanie-warszawa-wola-ul-wolska.webp
Warszawa Saska Kępa,ul. Zwycięzców,3,78,1899000,24346,bez pośredników,,8,https://adresowo.pl/o/mieszkanie-warszawa-saska-kepa-ul-zwyciezcow-3-pokojowe-w4h4d6,https://s2.adresowa.pl/oi/39/1f/404d5e_d7ec_cover@2x-3-pokojowe-mieszkanie-warszawa-saska-kepa-ul-zwyciezcow.webp
Warszawa Śródmieście,ul. Aleje Jerozolimskie,2,46,939000,20413,bez pośredników,,14,https://adresowo.pl/o/mieszkanie-warszawa-srodmiescie-ul-aleje-jerozolimskie-2-pokojowe-u3r9v9,https://s2.adresowa.pl/oi/7b/3b/404d4e_cf1e_cover@2x-2-pokojowe-mieszkanie-warszawa-srodmiescie-ul-aleje-jerozolimskie.webp
Warszawa Ursynów,ul. Ludwika Paszkiewicza,4,125,2190000,17520,bez pośredników,,15,https://adresowo.pl/o/mieszkanie-warszawa-ursynow-ul-ludwika-paszkiewicza-4-pokojowe-m0o3i2,https://s2.adresowa.pl/oi/29/74/404d18_7171_cover@2x-4-pokojowe-mieszkanie-warszawa-ursynow-ul-ludwika-paszkiewicza.webp
Warszawa Białołęka,ul. Konik Polny,3,65,895000,13769,Pośrednik,,20,https://adresowo.pl/o/mieszkanie-warszawa-bialoleka-ul-konik-polny-3-pokojowe-v1a8q5,https://s2.adresowa.pl/oi/10/4e/4052f0_993a_cover@2x-3-pokojowe-mieszkanie-warszawa-bialoleka-ul-konik-polny.webp
Warszawa Mokotów,ul. Sardyńska,2,42,670000,15952,Pośrednik,,10,https://adresowo.pl/o/mieszkanie-warszawa-mokotow-ul-sardynska-2-pokojowe-i4v1m5,https://s2.adresowa.pl/oi/3e/62/405260_8741_cover@2x-2-pokojowe-mieszkanie-warszawa-mokotow-ul-sardynska.webp
Warszawa Białołęka,ul. Starowiślna,3,58,970000,16724,bez pośredników,,14,https://adresowo.pl/o/mieszkanie-warszawa-bialoleka-ul-starowislna-3-pokojowe-b4j6m0,https://s2.adresowa.pl/oi/36/36/404c92_4cb0_cover@2x-3-pokojowe-mieszkanie-warszawa-bialoleka-ul-starowislna.webp
Warszawa Saska Kępa,ul. Alfreda Nobla,1,25,745000,29800,bez pośredników,,13,https://adresowo.pl/o/mieszkanie-warszawa-saska-kepa-ul-alfreda-nobla-1-pokoj-i2m2t0,https://s2.adresowa.pl/oi/1b/64/404c26_3491_cover@2x-1-pokojowe-mieszkanie-warszawa-saska-kepa-ul-alfreda-nobla.webp
Warszawa Praga-Południe,al. Jerzego Waszyngtona,2,46,950000,20652,bez pośredników,,7,https://adresowo.pl/o/mieszkanie-warszawa-praga-poludnie-al-jerzego-waszyngtona-2-pokojowe-y8m6t1,https://s2.adresowa.pl/oi/24/18/404c1e_643c_cover@2x-2-pokojowe-mieszkanie-warszawa-praga-poludnie-al-jerzego-waszyngtona.webp
Warszawa Wilanów,al. Rzeczypospolitej,3,69,1480000,21449,Pośrednik,,20,https://adresowo.pl/o/mieszkanie-warszawa-wilanow-al-rzeczypospolitej-3-pokojowe-u2p2b1,https://s2.adresowa.pl/oi/72/4f/405246_6dd8_cover@2x-3-pokojowe-mieszkanie-warszawa-wilanow-al-rzeczypospolitej.webp
Warszawa Wola,ul. Radziwie,2,52,979000,18827,Pośrednik,,19,https://adresowo.pl/o/mieszkanie-warszawa-wola-ul-radziwie-2-pokojowe-j9l1x7,https://s2.adresowa.pl/oi/18/60/404ed8_e539_cover@2x-2-pokojowe-mieszkanie-warszawa-wola-ul-radziwie.webp
Warszawa Mokotów,ul. Jana Pawła Woronicza,3,62,1290000,20806,bez pośredników,,10,https://adresowo.pl/o/mieszkanie-warszawa-mokotow-ul-jana-pawla-woronicza-3-pokojowe-r3p9r5,https://s2.adresowa.pl/oi/41/5a/404c16_3b34_cover@2x-3-pokojowe-mieszkanie-warszawa-mokotow-ul-jana-pawla-woronicza.webp
Warszawa Saska Kępa,al. Stanów Zjednoczonych,2,46,827000,17978,bez pośredników,,22,https://adresowo.pl/o/mieszkanie-warszawa-saska-kepa-al-stanow-zjednoczonych-2-pokojowe-d1v2h4,https://s2.adresowa.pl/oi/16/67/404b9a_a7ec_cover@2x-2-pokojowe-mieszkanie-warszawa-saska-kepa-al-stanow-zjednoczonych.webp
Warszawa Bemowo,ul. gen. Tadeusza Pełczyńskiego,2,51,965000,18922,bez pośredników,,14,https://adresowo.pl/o/mieszkanie-warszawa-bemowo-ul-gen-tadeusza-pelczynskiego-2-pokojowe-m2j8q9,https://s2.adresowa.pl/oi/71/24/404a84_3926_cover@2x-2-pokojowe-mieszkanie-warszawa-bemowo-ul-gen-tadeusza-pelczynskiego.webp
Warszawa Wola,ul. Srebrna,2,36,757416,21039,Pośrednik,,10,https://adresowo.pl/o/mieszkanie-warszawa-wola-ul-srebrna-2-pokojowe-r7t1o6,https://s2.adresowa.pl/oi/3b/2c/404e5e_cbde_cover@2x-2-pokojowe-mieszkanie-warszawa-wola-ul-srebrna.webp
Warszawa Ursus,ul. Elżbiety Rakuszanki,2,49,750000,15306,Pośrednik,,10,https://adresowo.pl/o/mieszkanie-warszawa-ursus-ul-elzbiety-rakuszanki-2-pokojowe-t4e0f5,https://s2.adresowa.pl/oi/55/2c/404e4c_4508_cover@2x-2-pokojowe-mieszkanie-warszawa-ursus-ul-elzbiety-rakuszanki.webp
Warszawa,Wilanów,3,72,1200000,16667,bez pośredników,,20,https://adresowo.pl/o/mieszkanie-warszawa-wilanow-3-pokojowe-72-m2-j2r6u3,https://s2.adresowa.pl/oi/54/26/404a1a_5f50_cover@2x-3-pokojowe-mieszkanie-warszawa-wilanow.webp
Warszawa Mokotów,ul. Czerniakowska,2,37,779000,21054,bez pośredników,,11,https://adresowo.pl/o/mieszkanie-warszawa-mokotow-ul-czerniakowska-2-pokojowe-m1t9w3,https://s2.adresowa.pl/oi/79/7a/4049da_bfc1_cover@2x-2-pokojowe-mieszkanie-warszawa-mokotow-ul-czerniakowska.webp
Warszawa,Targówek,3,47,780000,16596,bez pośredników,,17,https://adresowo.pl/o/mieszkanie-warszawa-targowek-3-pokojowe-47-m2-p1z8c0,https://s2.adresowa.pl/oi/1f/3b/4049d8_9b6b_cover@2x-3-pokojowe-mieszkanie-warszawa-targowek.webp
Warszawa Wola,ul. Krochmalna,2,52,1550000,29808,Pośrednik,,17,https://adresowo.pl/o/mieszkanie-warszawa-wola-ul-krochmalna-2-pokojowe-r7m6v3,https://s2.adresowa.pl/oi/6c/2d/404e48_a5bb_cover@2x-2-pokojowe-mieszkanie-warszawa-wola-ul-krochmalna.webp
Warszawa Bielany,ul. Stefana Żeromskiego,2,50,860000,17200,Pośrednik,,12,https://adresowo.pl/o/mieszkanie-warszawa-bielany-ul-stefana-zeromskiego-2-pokojowe-t1w7i4,https://s2.adresowa.pl/oi/3c/67/404e36_b293_cover@2x-2-pokojowe-mieszkanie-warszawa-bielany-ul-stefana-zeromskiego.webp
Warszawa Ochota,ul. Gorlicka,2,36,735000,20417,bez pośredników,,11,https://adresowo.pl/o/mieszkanie-warszawa-ochota-ul-gorlicka-2-pokojowe-y9k6g6,https://s2.adresowa.pl/oi/78/63/4049c2_fbb1_cover@2x-2-pokojowe-mieszkanie-warszawa-ochota-ul-gorlicka.webp
Warszawa Praga-Południe,ul. Jana Nowaka-Jeziorańskiego,2,59,1300000,22034,bez pośredników,,18,https://adresowo.pl/o/mieszkanie-warszawa-praga-poludnie-ul-jana-nowaka-jezioranskiego-2-pokojowe-g7u2x0,https://s2.adresowa.pl/oi/2f/11/4049aa_6b27_cover@2x-2-pokojowe-mieszkanie-warszawa-praga-poludnie-ul-jana-nowaka-jezioranskiego.webp
Warszawa Wola,ul. Góralska,2,38,700000,18421,bez pośredników,,8,https://adresowo.pl/o/mieszkanie-warszawa-wola-ul-goralska-2-pokojowe-k3w1s8,https://s2.adresowa.pl/oi/24/60/404924_83b7_cover@2x-2-pokojowe-mieszkanie-warszawa-wola-ul-goralska.webp
Warszawa Praga-Południe,ul. Wzorcowa 27,3,49,699000,14265,Pośrednik,,20,https://adresowo.pl/o/mieszkanie-warszawa-praga-poludnie-ul-wzorcowa-3-pokojowe-v2l3f6,https://s2.adresowa.pl/oi/24/25/404e16_ebba_cover@2x-3-pokojowe-mieszkanie-warszawa-praga-poludnie-ul-wzorcowa.webp
Warszawa Praga-Północ,ul. Inżynierska,4,95,1950000,20526,Pośrednik,,19,https://adresowo.pl/o/mieszkanie-warszawa-praga-polnoc-ul-inzynierska-4-pokojowe-h7v1w3,https://s2.adresowa.pl/oi/49/35/404a1c_d233_cover@2x-4-pokojowe-mieszkanie-warszawa-praga-polnoc-ul-inzynierska.webp
Warszawa Bielany,al. Aleja Władysława Reymonta,1,26,480000,18462,bez pośredników,,14,https://adresowo.pl/o/mieszkanie-warszawa-bielany-al-aleja-wladyslawa-reymonta-1-pokoj-t2j7a2,https://s2.adresowa.pl/oi/7d/5f/4047ec_377c_cover@2x-1-pokojowe-mieszkanie-warszawa-bielany-al-aleja-wladyslawa-reymonta.webp
Warszawa Wola,ul. Redutowa,2,38,929000,24447,bez pośredników,,16,https://adresowo.pl/o/mieszkanie-warszawa-wola-ul-redutowa-2-pokojowe-b6o5d9,https://s2.adresowa.pl/oi/56/6c/404784_a91c_cover@2x-2-pokojowe-mieszkanie-warszawa-wola-ul-redutowa.webp
Warszawa Ursynów,ul. Edwarda Habicha,1,27,519123,19227,bez pośredników,,2,https://adresowo.pl/o/mieszkanie-warszawa-ursynow-ul-edwarda-habicha-1-pokoj-u1s5m6,https://s2.adresowa.pl/oi/26/63/404694_5605_cover@2x-1-pokojowe-mieszkanie-warszawa-ursynow-ul-edwarda-habicha.webp
Warszawa Białołęka,ul. Odkryta 48F,1,36,485000,13472,Pośrednik,,8,https://adresowo.pl/o/mieszkanie-warszawa-bialoleka-ul-odkryta-1-pokoj-b6v5f9,https://s2.adresowa.pl/oi/27/31/40491a_55be_cover@2x-1-pokojowe-mieszkanie-warszawa-bialoleka-ul-odkryta.webp
Warszawa Wola,ul. Fort Wola 12,2,44,944000,21455,Pośrednik,,15,https://adresowo.pl/o/mieszkanie-warszawa-wola-ul-fort-wola-2-pokojowe-r2u1c7,https://s2.adresowa.pl/oi/63/3c/4048f8_4954_cover@2x-2-pokojowe-mieszkanie-warszawa-wola-ul-fort-wola.webp
Warszawa Praga-Północ,ul. Konopacka,2,37,599000,16189,bez pośredników,,9,https://adresowo.pl/o/mieszkanie-warszawa-praga-polnoc-ul-konopacka-2-pokojowe-p0k4l1,https://s2.adresowa.pl/oi/3a/44/4043a4_b89d_cover@2x-2-pokojowe-mieszkanie-warszawa-praga-polnoc-ul-konopacka.webp
Warszawa Marysin Wawerski,ul. Korkowa,3,64,1045000,16328,bez pośredników,,15,https://adresowo.pl/o/mieszkanie-warszawa-marysin-wawerski-ul-korkowa-3-pokojowe-v6l3m7,https://s2.adresowa.pl/oi/51/3b/404332_81c2_cover@2x-3-pokojowe-mieszkanie-warszawa-marysin-wawerski-ul-korkowa.webp
Warszawa Białołęka,ul. Erazma z Zakroczymia,2,50,729000,14580,bez pośredników,,9,https://adresowo.pl/o/mieszkanie-warszawa-bialoleka-ul-erazma-z-zakroczymia-2-pokojowe-n1o8l7,https://s2.adresowa.pl/oi/52/54/4042cc_54ff_cover@2x-2-pokojowe-mieszkanie-warszawa-bialoleka-ul-erazma-z-zakroczymia.webp
Warszawa Białołęka,ul. Daniszewska 32,1,30,515000,17167,Pośrednik,,13,https://adresowo.pl/o/mieszkanie-warszawa-bialoleka-ul-daniszewska-1-pokoj-d0h3c4,https://s2.adresowa.pl/oi/10/79/404608_297f_cover@2x-1-pokojowe-mieszkanie-warszawa-bialoleka-ul-daniszewska.webp
Warszawa Śródmieście,ul. Pańska,3,47,1120000,23830,Pośrednik,,16,https://adresowo.pl/o/mieszkanie-warszawa-srodmiescie-ul-panska-3-pokojowe-i7w4l7,https://s2.adresowa.pl/oi/2b/16/404534_5572_cover@2x-3-pokojowe-mieszkanie-warszawa-srodmiescie-ul-panska.webp
Warszawa Mokotów,ul. Niegocińska,3,53,749000,14132,bez pośredników,,12,https://adresowo.pl/o/mieszkanie-warszawa-mokotow-ul-niegocinska-3-pokojowe-o0b2f3,https://s2.adresowa.pl/oi/20/4b/4042ac_5e5b_cover@2x-3-pokojowe-mieszkanie-warszawa-mokotow-ul-niegocinska.webp
Warszawa Skorosze,ul. Dzieci Warszawy,3,80,1250000,15625,bez pośredników,,8,https://adresowo.pl/o/mieszkanie-warszawa-skorosze-ul-dzieci-warszawy-3-pokojowe-o5n4m7,https://s2.adresowa.pl/oi/78/15/40427c_c893_cover@2x-3-pokojowe-mieszkanie-warszawa-skorosze-ul-dzieci-warszawy.webp
Warszawa Bielany,ul. Leopolda Staffa,2,36,800000,22222,bez pośredników,,30,https://adresowo.pl/o/mieszkanie-warszawa-bielany-ul-leopolda-staffa-2-pokojowe-x1s7j1,https://s2.adresowa.pl/oi/2b/69/4040a8_5c5a_cover@2x-2-pokojowe-mieszkanie-warszawa-bielany-ul-leopolda-staffa.webp
Warszawa Włochy,ul. Aleje Jerozolimskie 216,1,26,459000,17654,Pośrednik,,15,https://adresowo.pl/o/mieszkanie-warszawa-wlochy-ul-aleje-jerozolimskie-1-pokoj-n8a0u9,https://s2.adresowa.pl/oi/1c/7f/40450e_a757_cover@2x-1-pokojowe-mieszkanie-warszawa-wlochy-ul-aleje-jerozolimskie.webp
Warszawa Białołęka,ul. Vincenza Belliniego 22,2,43,599000,13930,Pośrednik,,14,https://adresowo.pl/o/mieszkanie-warszawa-bialoleka-ul-vincenza-belliniego-2-pokojowe-v3n8l9,https://s2.adresowa.pl/oi/17/11/4044f4_c8ca_cover@2x-2-pokojowe-mieszkanie-warszawa-bialoleka-ul-vincenza-belliniego.webp
Warszawa,Wola,2,50,883750,17675,bez pośredników,,8,https://adresowo.pl/o/mieszkanie-warszawa-wola-2-pokojowe-50-m2-r2d4e7,https://s2.adresowa.pl/oi/55/53/403f3a_99e8_cover@2x-2-pokojowe-mieszkanie-warszawa-wola.webp
Warszawa Wola,ul. Płocka,3,57,1170000,20526,bez pośredników,,8,https://adresowo.pl/o/mieszkanie-warszawa-wola-ul-plocka-3-pokojowe-b9j4y3,https://s2.adresowa.pl/oi/2c/39/403df4_46df_cover@2x-3-pokojowe-mieszkanie-warszawa-wola-ul-plocka.webp
Warszawa Praga-Północ,ul. Wileńska,1,29,504892,17410,bez pośredników,,8,https://adresowo.pl/o/mieszkanie-warszawa-praga-polnoc-ul-wilenska-1-pokoj-v8c9p7,https://s2.adresowa.pl/oi/6d/68/403a90_e104_cover@2x-1-pokojowe-mieszkanie-warszawa-praga-polnoc-ul-wilenska.webp
Warszawa Białołęka,ul. Krzyżówki 11B,3,59,860000,14576,Pośrednik,,18,https://adresowo.pl/o/mieszkanie-warszawa-bialoleka-ul-krzyzowki-3-pokojowe-f1m4y9,https://s2.adresowa.pl/oi/13/31/4044ea_98b4_cover@2x-3-pokojowe-mieszkanie-warszawa-bialoleka-ul-krzyzowki.webp
Warszawa Ochota,ul. Drawska,2,57,1100000,19298,Pośrednik,,12,https://adresowo.pl/o/mieszkanie-warszawa-ochota-ul-drawska-2-pokojowe-h5o1k2,https://s2.adresowa.pl/oi/62/23/4044a8_3683_cover@2x-2-pokojowe-mieszkanie-warszawa-ochota-ul-drawska.webp
Warszawa Białołęka,ul. Odkryta 56A,2,50,740000,14800,bez pośredników,,27,https://adresowo.pl/o/mieszkanie-warszawa-bialoleka-ul-odkryta-2-pokojowe-e3t7x5,https://s2.adresowa.pl/oi/78/63/4039f6_e40d_cover@2x-2-pokojowe-mieszkanie-warszawa-bialoleka-ul-odkryta.webp
Warszawa Wola,ul. Karolkowa,2,41,825000,20122,bez pośredników,,7,https://adresowo.pl/o/mieszkanie-warszawa-wola-ul-karolkowa-2-pokojowe-o8z1r9,https://s2.adresowa.pl/oi/49/6c/403820_7429_cover@2x-2-pokojowe-mieszkanie-warszawa-wola-ul-karolkowa.webp
Warszawa Tarchomin,ul. Modlińska,3,66,1249000,18924,bez pośredników,,14,https://adresowo.pl/o/mieszkanie-warszawa-tarchomin-ul-modlinska-3-pokojowe-a0k7g8,https://s2.adresowa.pl/oi/4f/68/4036b0_7746_cover@2x-3-pokojowe-mieszkanie-warszawa-tarchomin-ul-modlinska.webp
Warszawa Bemowo,ul. Jerzego Waldorffa,6,165,3570000,21636,Pośrednik,,20,https://adresowo.pl/o/mieszkanie-warszawa-bemowo-ul-jerzego-waldorffa-6-pokojowe-y3j5q8,https://s2.adresowa.pl/oi/25/25/404494_411b_cover@2x-6-pokojowe-mieszkanie-warszawa-bemowo-ul-jerzego-waldorffa.webp
Warszawa Mokotów,ul. Rakowiecka,1,27,660000,24444,Pośrednik,,18,https://adresowo.pl/o/mieszkanie-warszawa-mokotow-ul-rakowiecka-1-pokoj-h2k2t9,https://s2.adresowa.pl/oi/2c/34/404440_c4ba_cover@2x-1-pokojowe-mieszkanie-warszawa-mokotow-ul-rakowiecka.webp
Warszawa Służew,ul. Śniardwy,2,32,569000,17781,bez pośredników,,24,https://adresowo.pl/o/mieszkanie-warszawa-sluzew-ul-sniardwy-2-pokojowe-q0c2g2,https://s2.adresowa.pl/oi/6b/1e/4036ae_fe79_cover@2x-2-pokojowe-mieszkanie-warszawa-sluzew-ul-sniardwy.webp
Warszawa Bródno,ul. Malborska,2,64,1150000,17969,bez pośredników,,11,https://adresowo.pl/o/mieszkanie-warszawa-brodno-ul-malborska-2-pokojowe-o5h0i3,https://s2.adresowa.pl/oi/3c/74/4035a4_5921_cover@2x-2-pokojowe-mieszkanie-warszawa-brodno-ul-malborska.webp
Warszawa Ursynów,ul. Alternatywy,2,58,989000,17052,bez pośredników,,8,https://adresowo.pl/o/mieszkanie-warszawa-ursynow-ul-alternatywy-2-pokojowe-p0d6v5,https://s2.adresowa.pl/oi/43/7e/40354c_984f_cover@2x-2-pokojowe-mieszkanie-warszawa-ursynow-ul-alternatywy.webp
Warszawa Włochy,ul. Instalatorów,4,73,1495000,20479,Pośrednik,,10,https://adresowo.pl/o/mieszkanie-warszawa-wlochy-ul-instalatorow-4-pokojowe-n9p0k9,https://s2.adresowa.pl/oi/11/50/403f66_5535_cover@2x-4-pokojowe-mieszkanie-warszawa-wlochy-ul-instalatorow.webp
Warszawa Włochy,ul. Aleje Jerozolimskie,2,37,810000,21892,Pośrednik,,14,https://adresowo.pl/o/mieszkanie-warszawa-wlochy-ul-aleje-jerozolimskie-2-pokojowe-y9n9s2,https://s2.adresowa.pl/oi/53/1f/403f60_7fa5_cover@2x-2-pokojowe-mieszkanie-warszawa-wlochy-ul-aleje-jerozolimskie.webp
Warszawa Praga-Północ,ul. Stefana Starzyńskiego,1,29,540000,18621,bez pośredników,,6,https://adresowo.pl/o/mieszkanie-warszawa-praga-polnoc-ul-stefana-starzynskiego-1-pokoj-g2n9y0,https://s2.adresowa.pl/oi/2b/2d/4034fe_cc12_cover@2x-1-pokojowe-mieszkanie-warszawa-praga-polnoc-ul-stefana-starzynskiego.webp
Warszawa Mokotów,ul. Sielecka,2,57,1150000,20175,bez pośredników,,17,https://adresowo.pl/o/mieszkanie-warszawa-mokotow-ul-sielecka-2-pokojowe-h4v5n8,https://s2.adresowa.pl/oi/73/6d/40345e_3a14_cover@2x-2-pokojowe-mieszkanie-warszawa-mokotow-ul-sielecka.webp
Warszawa,Wola,2,44,1590000,36136,bez pośredników,,6,https://adresowo.pl/o/mieszkanie-warszawa-wola-2-pokojowe-44-m2-w6q3f2,https://s2.adresowa.pl/oi/39/75/4033e0_2889_cover@2x-2-pokojowe-mieszkanie-warszawa-wola.webp
Warszawa,Mokotów,3,63,1495000,23730,Pośrednik,,17,https://adresowo.pl/o/mieszkanie-warszawa-mokotow-3-pokojowe-63-m2-y9x2r2,https://s2.adresowa.pl/oi/15/6d/403f5a_5f2d_cover@2x-3-pokojowe-mieszkanie-warszawa-mokotow.webp
Warszawa Mokotów,al. Wilanowska,3,60,1020000,17000,Pośrednik,,8,https://adresowo.pl/o/mieszkanie-warszawa-mokotow-al-wilanowska-3-pokojowe-n8d0x5,https://s2.adresowa.pl/oi/17/19/403e7e_808b_cover@2x-3-pokojowe-mieszkanie-warszawa-mokotow-al-wilanowska.webp
Warszawa Targówek,ul. Nadwiślańska,3,78,1190000,15256,bez pośredników,,14,https://adresowo.pl/o/mieszkanie-warszawa-targowek-ul-nadwislanska-3-pokojowe-b8y8p9,https://s2.adresowa.pl/oi/2f/12/40332c_9795_cover@2x-3-pokojowe-mieszkanie-warszawa-targowek-ul-nadwislanska.webp
Warszawa Bemowo,ul. Fort Wola,2,41,1070000,26098,bez pośredników,,6,https://adresowo.pl/o/mieszkanie-warszawa-bemowo-ul-fort-wola-2-pokojowe-u5t3z3,https://s2.adresowa.pl/oi/3d/37/4032e6_8042_cover@2x-2-pokojowe-mieszkanie-warszawa-bemowo-ul-fort-wola.webp
Warszawa,Nowe Miasto,2,42,785000,18690,bez pośredników,,10,https://adresowo.pl/o/mieszkanie-warszawa-nowe-miasto-2-pokojowe-42-m2-e5z8r4,https://s2.adresowa.pl/oi/77/66/403294_7cde_cover@2x-2-pokojowe-mieszkanie-warszawa-nowe-miasto.webp
Warszawa,ul. Dzielna 62,3,68,2490000,36618,Pośrednik,,20,https://adresowo.pl/o/mieszkanie-warszawa-ul-dzielna-3-pokojowe-e4a3a7,https://s2.adresowa.pl/oi/6d/40/403e78_772b_cover@2x-3-pokojowe-mieszkanie-warszawa-ul-dzielna.webp
Warszawa Ursus,ul. gen. Kazimierza Sosnkowskiego,3,48,763000,15896,Pośrednik,,12,https://adresowo.pl/o/mieszkanie-warszawa-ursus-ul-gen-kazimierza-sosnkowskiego-3-pokojowe-r2x3m8,https://s2.adresowa.pl/oi/17/61/403e36_72f3_cover@2x-3-pokojowe-mieszkanie-warszawa-ursus-ul-gen-kazimierza-sosnkowskiego.webp
Warszawa Mokotów,ul. Kłobucka,3,51,930000,18235,bez pośredników,,13,https://adresowo.pl/o/mieszkanie-warszawa-mokotow-ul-klobucka-3-pokojowe-w5j7z6,https://s2.adresowa.pl/oi/4e/4e/403268_abe2_cover@2x-3-pokojowe-mieszkanie-warszawa-mokotow-ul-klobucka.webp
Warszawa Mokotów,ul. Arbuzowa,2,46,825000,17935,bez pośredników,,4,https://adresowo.pl/o/mieszkanie-warszawa-mokotow-ul-arbuzowa-2-pokojowe-i0g8w0,https://s2.adresowa.pl/oi/2f/3b/40325c_8b20_cover@2x-2-pokojowe-mieszkanie-warszawa-mokotow-ul-arbuzowa.webp
Warszawa Ochota,ul. Dunajecka,3,66,1174800,17800,bez pośredników,,20,https://adresowo.pl/o/mieszkanie-warszawa-ochota-ul-dunajecka-3-pokojowe-u9d5q1,https://s2.adresowa.pl/oi/6a/3d/40324c_8f69_cover@2x-3-pokojowe-mieszkanie-warszawa-ochota-ul-dunajecka.webp
Warszawa Śródmieście,ul. Emilii Plater 36,1,37,779000,21054,Pośrednik,,13,https://adresowo.pl/o/mieszkanie-warszawa-srodmiescie-ul-emilii-plater-1-pokoj-x9b8r5,https://s2.adresowa.pl/oi/74/47/403bba_e58d_cover@2x-1-pokojowe-mieszkanie-warszawa-srodmiescie-ul-emilii-plater.webp
Warszawa Ursynów,ul. Nowoursynowska,2,56,880000,15714,Pośrednik,,14,https://adresowo.pl/o/mieszkanie-warszawa-ursynow-ul-nowoursynowska-2-pokojowe-q3e1c7,https://s2.adresowa.pl/oi/4b/38/403808_d8f5_cover@2x-2-pokojowe-mieszkanie-warszawa-ursynow-ul-nowoursynowska.webp
Warszawa Ochota,ul. Władysława Korotyńskiego,2,37,716500,19365,bez pośredników,,18,https://adresowo.pl/o/mieszkanie-warszawa-ochota-ul-wladyslawa-korotynskiego-2-pokojowe-f5p3s4,https://s2.adresowa.pl/oi/16/7a/402e98_289c_cover@2x-2-pokojowe-mieszkanie-warszawa-ochota-ul-wladyslawa-korotynskiego.webp
Warszawa Ursynów,ul. Ernesta Malinowskiego,4,72,998000,13861,bez pośredników,,9,https://adresowo.pl/o/mieszkanie-warszawa-ursynow-ul-ernesta-malinowskiego-4-pokojowe-y9a8u5,https://s2.adresowa.pl/oi/60/2b/402db4_3244_cover@2x-4-pokojowe-mieszkanie-warszawa-ursynow-ul-ernesta-malinowskiego.webp
Warszawa Praga-Południe,ul. Żupnicza,4,102,2100000,20588,bez pośredników,,2,https://adresowo.pl/o/mieszkanie-warszawa-praga-poludnie-ul-zupnicza-4-pokojowe-u4z3d4,https://s2.adresowa.pl/oi/4b/5e/402dce_d3a0_cover@2x-4-pokojowe-mieszkanie-warszawa-praga-poludnie-ul-zupnicza.webp
Warszawa Targówek,ul. Krasnobrodzka,3,53,599000,11302,Pośrednik,,4,https://adresowo.pl/o/mieszkanie-warszawa-targowek-ul-krasnobrodzka-3-pokojowe-c3g7f9,https://s2.adresowa.pl/oi/79/1f/4037d6_873a_cover@2x-3-pokojowe-mieszkanie-warszawa-targowek-ul-krasnobrodzka.webp
Warszawa Wola,al. Prymasa Tysiąclecia,3,56,812000,14500,Pośrednik,,11,https://adresowo.pl/o/mieszkanie-warszawa-wola-al-prymasa-tysiaclecia-3-pokojowe-m0k2c5,https://s2.adresowa.pl/oi/78/15/4037c6_2e76_cover@2x-3-pokojowe-mieszkanie-warszawa-wola-al-prymasa-tysiaclecia.webp
Warszawa Ochota,ul. Grójecka,2,40,649000,16225,bez pośredników,,9,https://adresowo.pl/o/mieszkanie-warszawa-ochota-ul-grojecka-2-pokojowe-r9b6x0,https://s2.adresowa.pl/oi/78/3c/402dc2_7aad_cover@2x-2-pokojowe-mieszkanie-warszawa-ochota-ul-grojecka.webp
Warszawa Targówek,ul. Janowiecka 29,3,79,1281000,16215,bez pośredników,,38,https://adresowo.pl/o/mieszkanie-warszawa-targowek-ul-janowiecka-3-pokojowe-r8s3w4,https://s2.adresowa.pl/oi/17/29/402d82_cc11_cover@2x-3-pokojowe-mieszkanie-warszawa-targowek-ul-janowiecka.webp
Warszawa Praga-Południe,ul. Grochowska,4,76,1199000,15776,bez pośredników,,9,https://adresowo.pl/o/mieszkanie-warszawa-praga-poludnie-ul-grochowska-4-pokojowe-k1a6j3,https://s2.adresowa.pl/oi/16/59/402ce4_39a7_cover@2x-4-pokojowe-mieszkanie-warszawa-praga-poludnie-ul-grochowska.webp
Warszawa Białołęka,ul. Marywilska,1,29,615000,21207,Pośrednik,,3,https://adresowo.pl/o/mieszkanie-warszawa-bialoleka-ul-marywilska-1-pokoj-x7k2b1,https://s2.adresowa.pl/oi/61/66/40379e_67a0_cover@2x-1-pokojowe-mieszkanie-warszawa-bialoleka-ul-marywilska.webp
Warszawa Wola,ul. Obozowa,2,56,1390000,24821,Pośrednik,,8,https://adresowo.pl/o/mieszkanie-warszawa-wola-ul-obozowa-2-pokojowe-j2c3i4,https://s2.adresowa.pl/oi/23/2a/403798_fe52_cover@2x-2-pokojowe-mieszkanie-warszawa-wola-ul-obozowa.webp
Warszawa Wola,ul. Kolejowa,1,35,999000,28543,bez pośredników,,15,https://adresowo.pl/o/mieszkanie-warszawa-wola-ul-kolejowa-1-pokoj-i5d9r1,https://s2.adresowa.pl/oi/42/7b/402c9e_b3f4_cover@2x-1-pokojowe-mieszkanie-warszawa-wola-ul-kolejowa.webp
Warszawa Ursynów,ul. Wacława Lachmana,3,67,840000,12537,bez pośredników,,8,https://adresowo.pl/o/mieszkanie-warszawa-ursynow-ul-waclawa-lachmana-3-pokojowe-m6y8x4,https://s2.adresowa.pl/oi/2e/5f/4029ea_3003_cover@2x-3-pokojowe-mieszkanie-warszawa-ursynow-ul-waclawa-lachmana.webp
Warszawa Ursus,ul. Posag 7 Panien,2,39,629500,16141,bez pośredników,,6,https://adresowo.pl/o/mieszkanie-warszawa-ursus-ul-posag-7-panien-2-pokojowe-f3f0l3,https://s2.adresowa.pl/oi/35/40/402998_7483_cover@2x-2-pokojowe-mieszkanie-warszawa-ursus-ul-posag-7-panien.webp
Warszawa,Saska Kępa,3,53,930000,17547,Pośrednik,,12,https://adresowo.pl/o/mieszkanie-warszawa-saska-kepa-3-pokojowe-53-m2-d1k3a1,https://s2.adresowa.pl/oi/30/27/40371a_c40a_cover@2x-3-pokojowe-mieszkanie-warszawa-saska-kepa.webp
Warszawa Żoliborz,ul. gen. Józefa Zajączka,1,30,898000,29933,Pośrednik,,26,https://adresowo.pl/o/mieszkanie-warszawa-zoliborz-ul-gen-jozefa-zajaczka-1-pokoj-s1q7i7,https://s2.adresowa.pl/oi/15/2a/403304_b7fb_cover@2x-1-pokojowe-mieszkanie-warszawa-zoliborz-ul-gen-jozefa-zajaczka.webp
Warszawa Muranów,ul. Niska,1,28,618000,22071,bez pośredników,,8,https://adresowo.pl/o/mieszkanie-warszawa-muranow-ul-niska-1-pokoj-q8t8w3,https://s2.adresowa.pl/oi/4d/5a/402956_df00_cover@2x-1-pokojowe-mieszkanie-warszawa-muranow-ul-niska.webp
Warszawa Bemowo,ul. Zeusa,3,89,1550000,17416,bez pośredników,,22,https://adresowo.pl/o/mieszkanie-warszawa-bemowo-ul-zeusa-3-pokojowe-j4d9s2,https://s2.adresowa.pl/oi/4b/1c/4024c2_30a0_cover@2x-3-pokojowe-mieszkanie-warszawa-bemowo-ul-zeusa.webp
Warszawa Tarchomin,ul. Światowida,3,73,1299000,17795,bez pośredników,,7,https://adresowo.pl/o/mieszkanie-warszawa-tarchomin-ul-swiatowida-3-pokojowe-n1k3i2,https://s2.adresowa.pl/oi/25/77/40283c_526a_cover@2x-3-pokojowe-mieszkanie-warszawa-tarchomin-ul-swiatowida.webp
Warszawa Śródmieście,ul. Karmelicka,2,35,799000,22829,Pośrednik,,11,https://adresowo.pl/o/mieszkanie-warszawa-srodmiescie-ul-karmelicka-2-pokojowe-w8n2o9,https://s2.adresowa.pl/oi/73/34/403186_7cfd_cover@2x-2-pokojowe-mieszkanie-warszawa-srodmiescie-ul-karmelicka.webp
Warszawa Ochota,ul. Trzech Budrysów 29,2,38,780000,20526,Pośrednik,,7,https://adresowo.pl/o/mieszkanie-warszawa-ochota-ul-trzech-budrysow-2-pokojowe-x4x8h2,https://s2.adresowa.pl/oi/41/78/403102_9103_cover@2x-2-pokojowe-mieszkanie-warszawa-ochota-ul-trzech-budrysow.webp
Warszawa Wola,ul. Krochmalna,2,38,690000,18158,bez pośredników,,10,https://adresowo.pl/o/mieszkanie-warszawa-wola-ul-krochmalna-2-pokojowe-j9j1s5,https://s2.adresowa.pl/oi/52/66/402586_4702_cover@2x-2-pokojowe-mieszkanie-warszawa-wola-ul-krochmalna.webp
Warszawa,Włochy,3,63,879000,13952,bez pośredników,,14,https://adresowo.pl/o/mieszkanie-warszawa-wlochy-3-pokojowe-63-m2-w6b7y2,https://s2.adresowa.pl/oi/42/1e/4027aa_8c88_cover@2x-3-pokojowe-mieszkanie-warszawa-wlochy.webp
Warszawa Ursus,ul. Dzieci Warszawy,2,44,800000,18182,bez pośredników,,36,https://adresowo.pl/o/mieszkanie-warszawa-ursus-ul-dzieci-warszawy-2-pokojowe-v4m9s9,https://s2.adresowa.pl/oi/36/28/40269a_83be_cover@2x-2-pokojowe-mieszkanie-warszawa-ursus-ul-dzieci-warszawy.webp
Warszawa Ursynów,ul. Wiolinowa,3,58,950000,16379,Pośrednik,,8,https://adresowo.pl/o/mieszkanie-warszawa-ursynow-ul-wiolinowa-3-pokojowe-t1r5w7,https://s2.adresowa.pl/oi/3c/7a/4030ba_3fe6_cover@2x-3-pokojowe-mieszkanie-warszawa-ursynow-ul-wiolinowa.webp
Warszawa Białołęka,ul. Odkryta,3,66,860000,13030,Pośrednik,,19,https://adresowo.pl/o/mieszkanie-warszawa-bialoleka-ul-odkryta-3-pokojowe-q6n8f0,https://s2.adresowa.pl/oi/3f/59/4030a8_a5d1_cover@2x-3-pokojowe-mieszkanie-warszawa-bialoleka-ul-odkryta.webp
Warszawa Mokotów,ul. Giordana Bruna,4,182,6452543,35454,bez pośredników,,10,https://adresowo.pl/o/mieszkanie-warszawa-mokotow-ul-giordana-bruna-4-pokojowe-d2h4e6,https://s2.adresowa.pl/oi/59/10/4026a8_a858_cover@2x-4-pokojowe-mieszkanie-warszawa-mokotow-ul-giordana-bruna.webp
Warszawa Włochy,ul. Bolesława Chrobrego,4,85,1699000,19988,bez pośredników,,16,https://adresowo.pl/o/mieszkanie-warszawa-wlochy-ul-boleslawa-chrobrego-4-pokojowe-q5l6e5,https://s2.adresowa.pl/oi/6a/50/402632_74ce_cover@2x-4-pokojowe-mieszkanie-warszawa-wlochy-ul-boleslawa-chrobrego.webp
Warszawa Ursus,ul. Giserska,2,43,733000,17047,bez pośredników,,10,https://adresowo.pl/o/mieszkanie-warszawa-ursus-ul-giserska-2-pokojowe-k4l4h2,https://s2.adresowa.pl/oi/47/43/4024d2_9806_cover@2x-2-pokojowe-mieszkanie-warszawa-ursus-ul-giserska.webp
Warszawa Wola,ul. Marcina Kasprzaka,2,26,640000,24615,Pośrednik,,14,https://adresowo.pl/o/mieszkanie-warszawa-wola-ul-marcina-kasprzaka-2-pokojowe-c1c2y1,https://s2.adresowa.pl/oi/60/4b/403094_c235_cover@2x-2-pokojowe-mieszkanie-warszawa-wola-ul-marcina-kasprzaka.webp
Warszawa Wola,ul. Mordechaja Anielewicza,2,33,749000,22697,Pośrednik,,13,https://adresowo.pl/o/mieszkanie-warszawa-wola-ul-mordechaja-anielewicza-2-pokojowe-r0b1s2,https://s2.adresowa.pl/oi/44/71/40308e_7c2f_cover@2x-2-pokojowe-mieszkanie-warszawa-wola-ul-mordechaja-anielewicza.webp
Warszawa Śródmieście,ul. Bagno 7,1,21,680000,32381,bez pośredników,,21,https://adresowo.pl/o/mieszkanie-warszawa-srodmiescie-ul-bagno-1-pokoj-v0a3d7,https://s2.adresowa.pl/oi/2d/5c/3ad262_dda9_cover@2x-1-pokojowe-mieszkanie-warszawa-srodmiescie-ul-bagno.webp
Warszawa Bemowo,ul. Dynarska,4,75,1380000,18400,bez pośredników,,9,https://adresowo.pl/o/mieszkanie-warszawa-bemowo-ul-dynarska-4-pokojowe-p7h4z1,https://s2.adresowa.pl/oi/2c/29/4024a8_bd35_cover@2x-4-pokojowe-mieszkanie-warszawa-bemowo-ul-dynarska.webp
Warszawa Białołęka,ul. Skarbka z Gór,2,54,790000,14630,bez pośredników,,20,https://adresowo.pl/o/mieszkanie-warszawa-bialoleka-ul-skarbka-z-gor-2-pokojowe-r4y0d9,https://s2.adresowa.pl/oi/1c/35/40249a_e866_cover@2x-2-pokojowe-mieszkanie-warszawa-bialoleka-ul-skarbka-z-gor.webp
Warszawa Wola,ul. Jaktorowska,1,28,999999,35714,bez pośredników,,16,https://adresowo.pl/o/mieszkanie-warszawa-wola-ul-jaktorowska-1-pokoj-i3i1y0,https://s2.adresowa.pl/oi/13/76/402480_31da_cover@2x-1-pokojowe-mieszkanie-warszawa-wola-ul-jaktorowska.webp
Warszawa Ursynów,ul. Wiolinowa 5,1,30,560000,18667,Pośrednik,,15,https://adresowo.pl/o/mieszkanie-warszawa-ursynow-ul-wiolinowa-1-pokoj-o0f3h8,https://s2.adresowa.pl/oi/54/1a/402b18_472d_cover@2x-1-pokojowe-mieszkanie-warszawa-ursynow-ul-wiolinowa.webp
Warszawa Wola,ul. Czorsztyńska,2,49,899000,18347,Pośrednik,,15,https://adresowo.pl/o/mieszkanie-warszawa-wola-ul-czorsztynska-2-pokojowe-s9c6o8,https://s2.adresowa.pl/oi/3a/23/402ada_8489_cover@2x-2-pokojowe-mieszkanie-warszawa-wola-ul-czorsztynska.webp
Warszawa Włochy,ul. Przy Torach,2,34,699000,20559,bez pośredników,,8,https://adresowo.pl/o/mieszkanie-warszawa-wlochy-ul-przy-torach-2-pokojowe-g1c3s1,https://s2.adresowa.pl/oi/7d/5e/402474_3614_cover@2x-2-pokojowe-mieszkanie-warszawa-wlochy-ul-przy-torach.webp
Warszawa Białołęka,ul. Skarbka z Gór,2,54,585000,10833,bez pośredników,,15,https://adresowo.pl/o/mieszkanie-warszawa-bialoleka-ul-skarbka-z-gor-2-pokojowe-b1f3y9,https://s2.adresowa.pl/oi/45/30/402466_3067_cover@2x-2-pokojowe-mieszkanie-warszawa-bialoleka-ul-skarbka-z-gor.webp
Warszawa Wola,ul. Jana Kazimierza,3,46,1215000,26413,bez pośredników,,17,https://adresowo.pl/o/mieszkanie-warszawa-wola-ul-jana-kazimierza-3-pokojowe-p5k6u8,https://s2.adresowa.pl/oi/7c/60/402410_a3aa_cover@2x-3-pokojowe-mieszkanie-warszawa-wola-ul-jana-kazimierza.webp
Warszawa Białołęka,ul. Daniszewska,4,96,1850000,19271,Pośrednik,,20,https://adresowo.pl/o/mieszkanie-warszawa-bialoleka-ul-daniszewska-4-pokojowe-f1m7w5,https://s2.adresowa.pl/oi/4b/4e/40228c_d1a5_cover@2x-4-pokojowe-mieszkanie-warszawa-bialoleka-ul-daniszewska.webp
Warszawa Białołęka,ul. Odkryta,3,44,639000,14523,Pośrednik,,9,https://adresowo.pl/o/mieszkanie-warszawa-bialoleka-ul-odkryta-3-pokojowe-y3r2n1,https://s2.adresowa.pl/oi/12/60/402038_c880_cover@2x-3-pokojowe-mieszkanie-warszawa-bialoleka-ul-odkryta.webp
Warszawa Targówek,ul. Malborska,1,32,534600,16706,bez pośredników,,27,https://adresowo.pl/o/mieszkanie-warszawa-targowek-ul-malborska-1-pokoj-g6f3w1,https://s2.adresowa.pl/oi/1f/6f/402340_9cc4_cover@2x-1-pokojowe-mieszkanie-warszawa-targowek-ul-malborska.webp
Warszawa Wola,ul. Krochmalna,2,39,2400000,61538,bez pośredników,,7,https://adresowo.pl/o/mieszkanie-warszawa-wola-ul-krochmalna-2-pokojowe-f6g9j5,https://s2.adresowa.pl/oi/17/69/40231a_89d8_cover@2x-2-pokojowe-mieszkanie-warszawa-wola-ul-krochmalna.webp
Warszawa Ochota,ul. Daleka,1,25,490000,19600,bez pośredników,,9,https://adresowo.pl/o/mieszkanie-warszawa-ochota-ul-daleka-1-pokoj-s1r3i8,https://s2.adresowa.pl/oi/3e/56/402300_917c_cover@2x-1-pokojowe-mieszkanie-warszawa-ochota-ul-daleka.webp
Warszawa Białołęka,ul. Kartograficzna,3,53,795000,15000,Pośrednik,,13,https://adresowo.pl/o/mieszkanie-warszawa-bialoleka-ul-kartograficzna-3-pokojowe-a4i5l6,https://s2.adresowa.pl/oi/7e/15/40202c_9e25_cover@2x-3-pokojowe-mieszkanie-warszawa-bialoleka-ul-kartograficzna.webp
Warszawa Śródmieście,ul. Grzybowska 6,2,28,635000,22679,Pośrednik,,15,https://adresowo.pl/o/mieszkanie-warszawa-srodmiescie-ul-grzybowska-2-pokojowe-d8u5x4,https://s2.adresowa.pl/oi/6e/25/401ff2_9239_cover@2x-2-pokojowe-mieszkanie-warszawa-srodmiescie-ul-grzybowska.webp
Warszawa Mokotów,ul. Bergamotki,2,42,949000,22595,bez pośredników,,11,https://adresowo.pl/o/mieszkanie-warszawa-mokotow-ul-bergamotki-2-pokojowe-v7y1i3,https://s2.adresowa.pl/oi/26/32/4022fe_c351_cover@2x-2-pokojowe-mieszkanie-warszawa-mokotow-ul-bergamotki.webp
Warszawa Wawer,ul. Cylichowska,4,66,950000,14394,bez pośredników,,8,https://adresowo.pl/o/mieszkanie-warszawa-wawer-ul-cylichowska-4-pokojowe-a6v6i7,https://s2.adresowa.pl/oi/24/26/4022ca_75cc_cover@2x-4-pokojowe-mieszkanie-warszawa-wawer-ul-cylichowska.webp
Warszawa Wawer,ul. Wodniaków,3,137,1499000,10942,bez pośredników,,9,https://adresowo.pl/o/mieszkanie-warszawa-wawer-ul-wodniakow-3-pokojowe-v3x0t1,https://s2.adresowa.pl/oi/37/1a/40216e_2c7e_cover@2x-3-pokojowe-mieszkanie-warszawa-wawer-ul-wodniakow.webp
Warszawa Praga-Południe,ul. Opinogórska,2,39,691000,17718,Pośrednik,,7,https://adresowo.pl/o/mieszkanie-warszawa-praga-poludnie-ul-opinogorska-2-pokojowe-z8k4k8,https://s2.adresowa.pl/oi/71/33/401ff0_505d_cover@2x-2-pokojowe-mieszkanie-warszawa-praga-poludnie-ul-opinogorska.webp
Warszawa Ursynów,ul. Meander,3,68,1200000,17647,Pośrednik,,24,https://adresowo.pl/o/mieszkanie-warszawa-ursynow-ul-meander-3-pokojowe-l5a8b1,https://s2.adresowa.pl/oi/1a/51/401f56_a196_cover@2x-3-pokojowe-mieszkanie-warszawa-ursynow-ul-meander.webp
Warszawa Włochy,ul. Szczęsna,5,120,2390000,19917,bez pośredników,,7,https://adresowo.pl/o/mieszkanie-warszawa-wlochy-ul-szczesna-5-pokojowe-x3b1h3,https://s2.adresowa.pl/oi/29/23/40214e_b555_cover@2x-5-pokojowe-mieszkanie-warszawa-wlochy-ul-szczesna.webp
Warszawa Muranów,ul. Stawki,3,75,1850000,24667,bez pośredników,,9,https://adresowo.pl/o/mieszkanie-warszawa-muranow-ul-stawki-3-pokojowe-s4c0a1,https://s2.adresowa.pl/oi/22/7d/4020fe_d1d1_cover@2x-3-pokojowe-mieszkanie-warszawa-muranow-ul-stawki.webp
Warszawa Ursynów,ul. Grażyny Bacewiczówny,3,53,895000,16887,bez pośredników,,16,https://adresowo.pl/o/mieszkanie-warszawa-ursynow-ul-grazyny-bacewiczowny-3-pokojowe-x3l4w9,https://s2.adresowa.pl/oi/47/14/40206e_483d_cover@2x-3-pokojowe-mieszkanie-warszawa-ursynow-ul-grazyny-bacewiczowny.webp
Warszawa Bemowo,ul. Sternicza,2,46,769000,16717,Pośrednik,,7,https://adresowo.pl/o/mieszkanie-warszawa-bemowo-ul-sternicza-2-pokojowe-c8r9y6,https://s2.adresowa.pl/oi/3e/78/401b8c_d856_cover@2x-2-pokojowe-mieszkanie-warszawa-bemowo-ul-sternicza.webp
Warszawa Śródmieście,ul. Okólnik,3,130,8000000,61538,Pośrednik,,29,https://adresowo.pl/o/mieszkanie-warszawa-srodmiescie-ul-okolnik-3-pokojowe-z1j6g8,https://s2.adresowa.pl/oi/76/51/401a20_f9f4_cover@2x-3-pokojowe-mieszkanie-warszawa-srodmiescie-ul-okolnik.webp
Warszawa Bemowo,ul. Borowej Góry,3,51,730000,14314,bez pośredników,,8,https://adresowo.pl/o/mieszkanie-warszawa-bemowo-ul-borowej-gory-3-pokojowe-s3a2h0,https://s2.adresowa.pl/oi/61/6b/402062_bf56_cover@2x-3-pokojowe-mieszkanie-warszawa-bemowo-ul-borowej-gory.webp
Warszawa Ursus,ul. 1 Maja,2,46,650000,14130,bez pośredników,,7,https://adresowo.pl/o/mieszkanie-warszawa-ursus-ul-1-maja-2-pokojowe-z9s6b2,https://s2.adresowa.pl/oi/59/42/401f46_8c37_cover@2x-2-pokojowe-mieszkanie-warszawa-ursus-ul-1-maja.webp
Warszawa Ursynów,ul. Wilhelma Konrada Roentgena,3,63,1289000,20460,bez pośredników,,15,https://adresowo.pl/o/mieszkanie-warszawa-ursynow-ul-wilhelma-konrada-roentgena-3-pokojowe-b0l8c1,https://s2.adresowa.pl/oi/6a/72/401f0c_3541_cover@2x-3-pokojowe-mieszkanie-warszawa-ursynow-ul-wilhelma-konrada-roentgena.webp
Warszawa Białołęka,ul. Skarbka z Gór,3,53,729000,13755,Pośrednik,,9,https://adresowo.pl/o/mieszkanie-warszawa-bialoleka-ul-skarbka-z-gor-3-pokojowe-h0w1k6,https://s2.adresowa.pl/oi/53/76/401a0e_c481_cover@2x-3-pokojowe-mieszkanie-warszawa-bialoleka-ul-skarbka-z-gor.webp
Warszawa Saska Kępa,ul. Międzynarodowa,2,39,690000,17692,Pośrednik,,7,https://adresowo.pl/o/mieszkanie-warszawa-saska-kepa-ul-miedzynarodowa-2-pokojowe-o0w9a1,https://s2.adresowa.pl/oi/60/43/4018b6_4f8d_cover@2x-2-pokojowe-mieszkanie-warszawa-saska-kepa-ul-miedzynarodowa.webp
Warszawa Wilanów,al. Rzeczypospolitej,2,41,920000,22439,bez pośredników,,16,https://adresowo.pl/o/mieszkanie-warszawa-wilanow-al-rzeczypospolitej-2-pokojowe-t5o3s2,https://s2.adresowa.pl/oi/4c/76/401ef0_d386_cover@2x-2-pokojowe-mieszkanie-warszawa-wilanow-al-rzeczypospolitej.webp
Warszawa Białołęka,ul. Gioacchino Rossiniego,3,56,799999,14286,bez pośredników,,11,https://adresowo.pl/o/mieszkanie-warszawa-bialoleka-ul-gioacchino-rossiniego-3-pokojowe-d4o7c9,https://s2.adresowa.pl/oi/42/23/401e4c_7a86_cover@2x-3-pokojowe-mieszkanie-warszawa-bialoleka-ul-gioacchino-rossiniego.webp
Warszawa Praga-Południe,ul. Omulewska,1,30,630000,21000,bez pośredników,,22,https://adresowo.pl/o/mieszkanie-warszawa-praga-poludnie-ul-omulewska-1-pokoj-p8d3r3,https://s2.adresowa.pl/oi/6e/47/401e06_38db_cover@2x-1-pokojowe-mieszkanie-warszawa-praga-poludnie-ul-omulewska.webp
Warszawa Mokotów,ul. Artura Malawskiego,1,27,454999,16852,Pośrednik,,18,https://adresowo.pl/o/mieszkanie-warszawa-mokotow-ul-artura-malawskiego-1-pokoj-n6v4s3,https://s2.adresowa.pl/oi/1a/2a/401842_e742_cover@2x-1-pokojowe-mieszkanie-warszawa-mokotow-ul-artura-malawskiego.webp
Warszawa Grochów,ul. Przeworska,3,58,1049000,18086,Pośrednik,,16,https://adresowo.pl/o/mieszkanie-warszawa-grochow-ul-przeworska-3-pokojowe-u4a6w7,https://s2.adresowa.pl/oi/10/2a/40178a_d352_cover@2x-3-pokojowe-mieszkanie-warszawa-grochow-ul-przeworska.webp
Warszawa Wola,ul. Górczewska,1,32,780000,24375,bez pośredników,,15,https://adresowo.pl/o/mieszkanie-warszawa-wola-ul-gorczewska-1-pokoj-y7h0j7,https://s2.adresowa.pl/oi/67/2e/401c92_ab72_cover@2x-1-pokojowe-mieszkanie-warszawa-wola-ul-gorczewska.webp
Warszawa Ursynów,ul. Puławska,2,67,1199000,17896,bez pośredników,,19,https://adresowo.pl/o/mieszkanie-warszawa-ursynow-ul-pulawska-2-pokojowe-f8v8g9,https://s2.adresowa.pl/oi/62/33/401c7c_b455_cover@2x-2-pokojowe-mieszkanie-warszawa-ursynow-ul-pulawska.webp
Warszawa Bemowo,ul. Powstańców Śląskich,3,68,1250000,18382,bez pośredników,,13,https://adresowo.pl/o/mieszkanie-warszawa-bemowo-ul-powstancow-slaskich-3-pokojowe-w4d4d9,https://s2.adresowa.pl/oi/7e/74/401bbe_3cdb_cover@2x-3-pokojowe-mieszkanie-warszawa-bemowo-ul-powstancow-slaskich.webp
Warszawa Włochy,ul. Budki Szczęśliwickie,3,61,1400000,22951,Pośrednik,,17,https://adresowo.pl/o/mieszkanie-warszawa-wlochy-ul-budki-szczesliwickie-3-pokojowe-e0z4t3,https://s2.adresowa.pl/oi/64/3b/401714_cc8d_cover@2x-3-pokojowe-mieszkanie-warszawa-wlochy-ul-budki-szczesliwickie.webp
Warszawa Mokotów,ul. Wiartel,2,37,739900,19997,Pośrednik,,10,https://adresowo.pl/o/mieszkanie-warszawa-mokotow-ul-wiartel-2-pokojowe-v9i5x5,https://s2.adresowa.pl/oi/50/36/401580_e168_cover@2x-2-pokojowe-mieszkanie-warszawa-mokotow-ul-wiartel.webp
Warszawa Praga-Północ,ul. Radzymińska,3,64,730000,11406,bez pośredników,,12,https://adresowo.pl/o/mieszkanie-warszawa-praga-polnoc-ul-radzyminska-3-pokojowe-c2b5q8,https://s2.adresowa.pl/oi/21/7a/401b80_5631_cover@2x-3-pokojowe-mieszkanie-warszawa-praga-polnoc-ul-radzyminska.webp
Warszawa Wilanów,ul. Adama Branickiego,2,34,850000,25000,bez pośredników,,5,https://adresowo.pl/o/mieszkanie-warszawa-wilanow-ul-adama-branickiego-2-pokojowe-s7q2l0,https://s2.adresowa.pl/oi/2f/26/401b36_f081_cover@2x-2-pokojowe-mieszkanie-warszawa-wilanow-ul-adama-branickiego.webp
Warszawa Bemowo,ul. Dywizjonu 303,2,56,1099999,19643,bez pośredników,,10,https://adresowo.pl/o/mieszkanie-warszawa-bemowo-ul-dywizjonu-303-2-pokojowe-w3y6a7,https://s2.adresowa.pl/oi/16/70/401ae2_d44b_cover@2x-2-pokojowe-mieszkanie-warszawa-bemowo-ul-dywizjonu-303.webp
Warszawa Żoliborz,ul. Kaliny Jędrusik,1,31,790000,25484,Pośrednik,,21,https://adresowo.pl/o/mieszkanie-warszawa-zoliborz-ul-kaliny-jedrusik-1-pokoj-m2l1b6,https://s2.adresowa.pl/oi/41/47/40144a_2d7c_cover@2x-1-pokojowe-mieszkanie-warszawa-zoliborz-ul-kaliny-jedrusik.webp
Warszawa Bemowo,ul. Secemińska 9,3,60,775000,12917,Pośrednik,,22,https://adresowo.pl/o/mieszkanie-warszawa-bemowo-ul-seceminska-3-pokojowe-d2b4b3,https://s2.adresowa.pl/oi/75/4e/401374_56e5_cover@2x-3-pokojowe-mieszkanie-warszawa-bemowo-ul-seceminska.webp
Warszawa Śródmieście,al. Wyzwolenia,2,48,1420000,29583,bez pośredników,,13,https://adresowo.pl/o/mieszkanie-warszawa-srodmiescie-al-wyzwolenia-2-pokojowe-n0p8f1,https://s2.adresowa.pl/oi/55/1c/401ab0_5280_cover@2x-2-pokojowe-mieszkanie-warszawa-srodmiescie-al-wyzwolenia.webp
Warszawa Saska Kępa,ul. Afrykańska,2,38,650000,17105,bez pośredników,,16,https://adresowo.pl/o/mieszkanie-warszawa-saska-kepa-ul-afrykanska-2-pokojowe-h9z5x4,https://s2.adresowa.pl/oi/51/56/401a7c_abac_cover@2x-2-pokojowe-mieszkanie-warszawa-saska-kepa-ul-afrykanska.webp
Warszawa Wierzbno,ul. Bielawska,2,36,630000,17500,bez pośredników,,12,https://adresowo.pl/o/mieszkanie-warszawa-wierzbno-ul-bielawska-2-pokojowe-v8r7r0,https://s2.adresowa.pl/oi/61/12/401a76_c9df_cover@2x-2-pokojowe-mieszkanie-warszawa-wierzbno-ul-bielawska.webp
Warszawa Wilanów,ul. Sarmacka,6,210,5700000,27143,Pośrednik,,20,https://adresowo.pl/o/mieszkanie-warszawa-wilanow-ul-sarmacka-6-pokojowe-v0g7w0,https://s2.adresowa.pl/oi/42/7e/4010e4_8667_cover@2x-6-pokojowe-mieszkanie-warszawa-wilanow-ul-sarmacka.webp
Warszawa Bielany,ul. Jana Kochanowskiego 23,3,46,799000,17370,Pośrednik,,22,https://adresowo.pl/o/mieszkanie-warszawa-bielany-ul-jana-kochanowskiego-3-pokojowe-p2s3x6,https://s2.adresowa.pl/oi/10/70/4010ba_ee0b_cover@2x-3-pokojowe-mieszkanie-warszawa-bielany-ul-jana-kochanowskiego.webp
Warszawa Grochów,ul. Wojciecha Chrzanowskiego,2,43,850000,19767,bez pośredników,,11,https://adresowo.pl/o/mieszkanie-warszawa-grochow-ul-wojciecha-chrzanowskiego-2-pokojowe-t8o2g8,https://s2.adresowa.pl/oi/23/61/401a22_a635_cover@2x-2-pokojowe-mieszkanie-warszawa-grochow-ul-wojciecha-chrzanowskiego.webp
Warszawa Białołęka,ul. Odkryta,2,49,680000,13878,bez pośredników,,13,https://adresowo.pl/o/mieszkanie-warszawa-bialoleka-ul-odkryta-2-pokojowe-e2z7l9,https://s2.adresowa.pl/oi/6c/1b/4019f6_e15c_cover@2x-2-pokojowe-mieszkanie-warszawa-bialoleka-ul-odkryta.webp
Warszawa Bielany,ul. Lwa Tołstoja,2,41,799000,19488,bez pośredników,,22,https://adresowo.pl/o/mieszkanie-warszawa-bielany-ul-lwa-tolstoja-2-pokojowe-g5q5g6,https://s2.adresowa.pl/oi/34/67/40198e_5d40_cover@2x-2-pokojowe-mieszkanie-warszawa-bielany-ul-lwa-tolstoja.webp
Warszawa Wola,ul. Józefa Sowińskiego,3,58,1229000,21190,Pośrednik,,16,https://adresowo.pl/o/mieszkanie-warszawa-wola-ul-jozefa-sowinskiego-3-pokojowe-d9x8z9,https://s2.adresowa.pl/oi/4f/70/400f82_9943_cover@2x-3-pokojowe-mieszkanie-warszawa-wola-ul-jozefa-sowinskiego.webp
Warszawa Ochota,ul. Maurycego Mochnackiego,2,64,1220000,19062,Pośrednik,,18,https://adresowo.pl/o/mieszkanie-warszawa-ochota-ul-maurycego-mochnackiego-2-pokojowe-v1x5p9,https://s2.adresowa.pl/oi/37/41/400d42_b7cd_cover@2x-2-pokojowe-mieszkanie-warszawa-ochota-ul-maurycego-mochnackiego.webp
Warszawa Wawer,ul. Trakt Lubelski,3,105,1555000,14810,bez pośredników,,15,https://adresowo.pl/o/mieszkanie-warszawa-wawer-ul-trakt-lubelski-3-pokojowe-b4j7z6,https://s2.adresowa.pl/oi/49/22/4017d0_92fd_cover@2x-3-pokojowe-mieszkanie-warszawa-wawer-ul-trakt-lubelski.webp
Warszawa Praga-Północ,ul. Targowa 49/51,3,55,889000,16164,bez pośredników,,18,https://adresowo.pl/o/mieszkanie-warszawa-praga-polnoc-ul-targowa-3-pokojowe-d1b9t8,https://s2.adresowa.pl/oi/3e/52/4018c2_74f8_cover@2x-3-pokojowe-mieszkanie-warszawa-praga-polnoc-ul-targowa.webp
Warszawa Wola,ul. Niska,3,49,980000,20000,bez pośredników,,15,https://adresowo.pl/o/mieszkanie-warszawa-wola-ul-niska-3-pokojowe-u3l3b4,https://s2.adresowa.pl/oi/30/4d/401522_3e98_cover@2x-3-pokojowe-mieszkanie-warszawa-wola-ul-niska.webp
Warszawa Wola,ul. Marcina Kasprzaka,4,99,2590000,26162,Pośrednik,,16,https://adresowo.pl/o/mieszkanie-warszawa-wola-ul-marcina-kasprzaka-4-pokojowe-r2i9j6,https://s2.adresowa.pl/oi/14/59/400d02_dc13_cover@2x-4-pokojowe-mieszkanie-warszawa-wola-ul-marcina-kasprzaka.webp
Warszawa Śródmieście,ul. Świętokrzyska 16,2,47,949000,20191,Pośrednik,,12,https://adresowo.pl/o/mieszkanie-warszawa-srodmiescie-ul-swietokrzyska-2-pokojowe-w2i5o9,https://s2.adresowa.pl/oi/13/78/400a50_fdfe_cover@2x-2-pokojowe-mieszkanie-warszawa-srodmiescie-ul-swietokrzyska.webp
Warszawa Praga-Południe,ul. Koprzywiańska,3,51,599000,11745,bez pośredników,,8,https://adresowo.pl/o/mieszkanie-warszawa-praga-poludnie-ul-koprzywianska-3-pokojowe-t7q8w2,https://s2.adresowa.pl/oi/39/1b/40125c_7027_cover@2x-3-pokojowe-mieszkanie-warszawa-praga-poludnie-ul-koprzywianska.webp
Warszawa,Praga-Południe,1,34,605000,17794,bez pośredników,,8,https://adresowo.pl/o/mieszkanie-warszawa-praga-poludnie-1-pokoj-34-m2-v5i2v1,https://s2.adresowa.pl/oi/76/15/401148_f3dd_cover@2x-1-pokojowe-mieszkanie-warszawa-praga-poludnie.webp
Warszawa Saska Kępa,ul. Paryska,5,146,3150000,21575,bez pośredników,,15,https://adresowo.pl/o/mieszkanie-warszawa-saska-kepa-ul-paryska-5-pokojowe-b9x6n7,https://s2.adresowa.pl/oi/74/40/401032_de75_cover@2x-5-pokojowe-mieszkanie-warszawa-saska-kepa-ul-paryska.webp
Warszawa Ursynów,ul. Edwarda Dembowskiego,3,53,790000,14906,Pośrednik,,6,https://adresowo.pl/o/mieszkanie-warszawa-ursynow-ul-edwarda-dembowskiego-3-pokojowe-j6z1x2,https://s2.adresowa.pl/oi/17/75/400a36_f189_cover@2x-3-pokojowe-mieszkanie-warszawa-ursynow-ul-edwarda-dembowskiego.webp
Warszawa Wola,ul. Góralska,3,49,699000,14265,Pośrednik,,11,https://adresowo.pl/o/mieszkanie-warszawa-wola-ul-goralska-3-pokojowe-i3e2v9,https://s2.adresowa.pl/oi/4c/68/400886_d4dd_cover@2x-3-pokojowe-mieszkanie-warszawa-wola-ul-goralska.webp
Warszawa Mokotów,ul. Soczi,3,42,725000,17262,bez pośredników,,13,https://adresowo.pl/o/mieszkanie-warszawa-mokotow-ul-soczi-3-pokojowe-y7b5p9,https://s2.adresowa.pl/oi/27/7b/400fcc_d511_cover@2x-3-pokojowe-mieszkanie-warszawa-mokotow-ul-soczi.webp
Warszawa Mokotów,ul. Niegocińska,2,37,714000,19297,bez pośredników,,18,https://adresowo.pl/o/mieszkanie-warszawa-mokotow-ul-niegocinska-2-pokojowe-s0r8r6,https://s2.adresowa.pl/oi/47/44/400d38_7dcb_cover@2x-2-pokojowe-mieszkanie-warszawa-mokotow-ul-niegocinska.webp
Warszawa Ochota,ul. Grójecka,2,25,650000,26000,bez pośredników,,14,https://adresowo.pl/o/mieszkanie-warszawa-ochota-ul-grojecka-2-pokojowe-c2m1d1,https://s2.adresowa.pl/oi/12/6b/400d22_52aa_cover@2x-2-pokojowe-mieszkanie-warszawa-ochota-ul-grojecka.webp
Warszawa Wola,"al. Aleja ""Solidarności""",2,37,645000,17432,Pośrednik,,8,https://adresowo.pl/o/mieszkanie-warszawa-wola-al-aleja-solidarnosci-2-pokojowe-x1w3i1,https://s2.adresowa.pl/oi/28/60/400882_5f10_cover@2x-2-pokojowe-mieszkanie-warszawa-wola-al-aleja-solidarnosci-.webp
Warszawa Wola,ul. Grzybowska,1,35,1011750,28907,Pośrednik,,1,https://adresowo.pl/o/mieszkanie-warszawa-wola-ul-grzybowska-1-pokoj-g6r4y4,https://s2.adresowa.pl/oi/6d/45/4007ca_ae9c_cover@2x-1-pokojowe-mieszkanie-warszawa-wola-ul-grzybowska.webp
Warszawa Ursynów,ul. Mysikrólika,2,54,880000,16296,bez pośredników,,9,https://adresowo.pl/o/mieszkanie-warszawa-ursynow-ul-mysikrolika-2-pokojowe-k9r7r9,https://s2.adresowa.pl/oi/6a/1d/400c3c_c5c9_cover@2x-2-pokojowe-mieszkanie-warszawa-ursynow-ul-mysikrolika.webp
Warszawa Białołęka,ul. Sprawna,3,57,898000,15754,bez pośredników,,8,https://adresowo.pl/o/mieszkanie-warszawa-bialoleka-ul-sprawna-3-pokojowe-u3x5u8,https://s2.adresowa.pl/oi/17/2b/400b60_807e_cover@2x-3-pokojowe-mieszkanie-warszawa-bialoleka-ul-sprawna.webp
Warszawa Mokotów,ul. Wincentego Rzymowskiego,2,48,879000,18312,bez pośredników,,9,https://adresowo.pl/o/mieszkanie-warszawa-mokotow-ul-wincentego-rzymowskiego-2-pokojowe-d8e6q1,https://s2.adresowa.pl/oi/57/29/400a34_c740_cover@2x-2-pokojowe-mieszkanie-warszawa-mokotow-ul-wincentego-rzymowskiego.webp
Warszawa Ochota,ul. Włodarzewska 81,3,55,1159000,21073,Pośrednik,,20,https://adresowo.pl/o/mieszkanie-warszawa-ochota-ul-wlodarzewska-3-pokojowe-d8u7n0,https://s2.adresowa.pl/oi/10/69/4003a0_6be9_cover@2x-3-pokojowe-mieszkanie-warszawa-ochota-ul-wlodarzewska.webp
Warszawa Włochy,ul. Solipska 27,2,54,789000,14611,Pośrednik,,25,https://adresowo.pl/o/mieszkanie-warszawa-wlochy-ul-solipska-2-pokojowe-o3q6i3,https://s2.adresowa.pl/oi/53/41/400320_d295_cover@2x-2-pokojowe-mieszkanie-warszawa-wlochy-ul-solipska.webp
Warszawa Nowe Włochy,ul. Nastrojowa,2,56,740000,13214,bez pośredników,,11,https://adresowo.pl/o/mieszkanie-warszawa-nowe-wlochy-ul-nastrojowa-2-pokojowe-w8i9v0,https://s2.adresowa.pl/oi/45/30/4009e0_9c47_cover@2x-2-pokojowe-mieszkanie-warszawa-nowe-wlochy-ul-nastrojowa.webp
Warszawa Ochota,ul. Aleje Jerozolimskie,3,46,870000,18913,bez pośredników,,13,https://adresowo.pl/o/mieszkanie-warszawa-ochota-ul-aleje-jerozolimskie-3-pokojowe-l6v5q8,https://s2.adresowa.pl/oi/15/73/4009ac_c3d8_cover@2x-3-pokojowe-mieszkanie-warszawa-ochota-ul-aleje-jerozolimskie.webp
Warszawa Targówek,ul. Głębocka,3,71,1485000,20915,bez pośredników,,14,https://adresowo.pl/o/mieszkanie-warszawa-targowek-ul-glebocka-3-pokojowe-x8o9n5,https://s2.adresowa.pl/oi/1f/65/4007c4_7035_cover@2x-3-pokojowe-mieszkanie-warszawa-targowek-ul-glebocka.webp
Warszawa Śródmieście,al. Armii Ludowej,2,52,1030000,19808,Pośrednik,,8,https://adresowo.pl/o/mieszkanie-warszawa-srodmiescie-al-armii-ludowej-2-pokojowe-o2a3h0,https://s2.adresowa.pl/oi/4c/2c/400216_636d_cover@2x-2-pokojowe-mieszkanie-warszawa-srodmiescie-al-armii-ludowej.webp
Warszawa Ursynów,ul. Stanisława Kulczyńskiego,3,66,980000,14848,Pośrednik,,6,https://adresowo.pl/o/mieszkanie-warszawa-ursynow-ul-stanislawa-kulczynskiego-3-pokojowe-h2e0y2,https://s2.adresowa.pl/oi/2e/30/400210_7c21_cover@2x-3-pokojowe-mieszkanie-warszawa-ursynow-ul-stanislawa-kulczynskiego.webp
Warszawa Bemowo,ul. Jana Kazimierza,2,46,989000,21500,bez pośredników,,8,https://adresowo.pl/o/mieszkanie-warszawa-bemowo-ul-jana-kazimierza-2-pokojowe-w3p0n3,https://s2.adresowa.pl/oi/31/7a/40076a_287e_cover@2x-2-pokojowe-mieszkanie-warszawa-bemowo-ul-jana-kazimierza.webp
Warszawa Praga-Południe,ul. Majdańska,5,61,1050000,17213,bez pośredników,,19,https://adresowo.pl/o/mieszkanie-warszawa-praga-poludnie-ul-majdanska-5-pokojowe-m1c0n1,https://s2.adresowa.pl/oi/2d/61/4000c2_ec51_cover@2x-5-pokojowe-mieszkanie-warszawa-praga-poludnie-ul-majdanska.webp
Warszawa Wola,ul. Marcina Kasprzaka,4,92,2400000,26087,bez pośredników,,44,https://adresowo.pl/o/mieszkanie-warszawa-wola-ul-marcina-kasprzaka-4-pokojowe-e9s7w0,https://s2.adresowa.pl/oi/32/21/400668_c486_cover@2x-4-pokojowe-mieszkanie-warszawa-wola-ul-marcina-kasprzaka.webp
Warszawa Białołęka,ul. Modlińska,2,35,455000,13000,Pośrednik,,6,https://adresowo.pl/o/mieszkanie-warszawa-bialoleka-ul-modlinska-2-pokojowe-v7j6a2,https://s2.adresowa.pl/oi/1f/1e/40004e_27dc_cover@2x-2-pokojowe-mieszkanie-warszawa-bialoleka-ul-modlinska.webp
Warszawa Praga-Południe,ul. Grenadierów,3,61,865000,14180,Pośrednik,,13,https://adresowo.pl/o/mieszkanie-warszawa-praga-poludnie-ul-grenadierow-3-pokojowe-u9c8n0,https://s2.adresowa.pl/oi/61/71/3ffdee_5e96_cover@2x-3-pokojowe-mieszkanie-warszawa-praga-poludnie-ul-grenadierow.webp
Warszawa Targówek,ul. Mokra,2,46,780000,16957,bez pośredników,,11,https://adresowo.pl/o/mieszkanie-warszawa-targowek-ul-mokra-2-pokojowe-u4u9y0,https://s2.adresowa.pl/oi/2d/45/400578_8c39_cover@2x-2-pokojowe-mieszkanie-warszawa-targowek-ul-mokra.webp
Warszawa Siekierki,ul. Bluszczańska,2,40,720000,18000,bez pośredników,,12,https://adresowo.pl/o/mieszkanie-warszawa-siekierki-ul-bluszczanska-2-pokojowe-w3v1g3,https://s2.adresowa.pl/oi/58/3f/4002cc_8bb5_cover@2x-2-pokojowe-mieszkanie-warszawa-siekierki-ul-bluszczanska.webp
Warszawa Bielany,ul. Jana Kochanowskiego,3,49,789000,16102,bez pośredników,,13,https://adresowo.pl/o/mieszkanie-warszawa-bielany-ul-jana-kochanowskiego-3-pokojowe-g0q2r1,https://s2.adresowa.pl/oi/31/59/400258_280e_cover@2x-3-pokojowe-mieszkanie-warszawa-bielany-ul-jana-kochanowskiego.webp
Warszawa Ursus,ul. Przy Forcie,2,72,1054000,14639,Pośrednik,,16,https://adresowo.pl/o/mieszkanie-warszawa-ursus-ul-przy-forcie-2-pokojowe-h4u8q5,https://s2.adresowa.pl/oi/7f/77/3ffdc8_5908_cover@2x-2-pokojowe-mieszkanie-warszawa-ursus-ul-przy-forcie.webp
Warszawa Wawer,ul. Heliotropów 80,2,61,899000,14738,Pośrednik,,9,https://adresowo.pl/o/mieszkanie-warszawa-wawer-ul-heliotropow-2-pokojowe-y5w3a8,https://s2.adresowa.pl/oi/3e/42/3ffd5a_e7af_cover@2x-2-pokojowe-mieszkanie-warszawa-wawer-ul-heliotropow.webp
Warszawa Ursynów,ul. Koński Jar,4,63,1050000,16667,bez pośredników,,10,https://adresowo.pl/o/mieszkanie-warszawa-ursynow-ul-konski-jar-4-pokojowe-d3f3t1,https://s2.adresowa.pl/oi/4d/7c/400212_5842_cover@2x-4-pokojowe-mieszkanie-warszawa-ursynow-ul-konski-jar.webp
Warszawa Ochota,ul. Józefa Mianowskiego,1,37,845000,22838,bez pośredników,,13,https://adresowo.pl/o/mieszkanie-warszawa-ochota-ul-jozefa-mianowskiego-1-pokoj-y1t8w3,https://s2.adresowa.pl/oi/19/77/4000fe_f77f_cover@2x-1-pokojowe-mieszkanie-warszawa-ochota-ul-jozefa-mianowskiego.webp
Warszawa Wola,ul. Płocka,2,38,599000,15763,bez pośredników,,8,https://adresowo.pl/o/mieszkanie-warszawa-wola-ul-plocka-2-pokojowe-p6m8d7,https://s2.adresowa.pl/oi/7a/22/3fff4a_4b53_cover@2x-2-pokojowe-mieszkanie-warszawa-wola-ul-plocka.webp
Warszawa Mokotów,ul. Ludwika Idzikowskiego,3,55,1090000,19818,Pośrednik,,17,https://adresowo.pl/o/mieszkanie-warszawa-mokotow-ul-ludwika-idzikowskiego-3-pokojowe-z6t0x4,https://s2.adresowa.pl/oi/31/19/3ffd0a_8aa6_cover@2x-3-pokojowe-mieszkanie-warszawa-mokotow-ul-ludwika-idzikowskiego.webp
Warszawa Praga-Północ,ul. Grajewska,2,39,559000,14333,Pośrednik,,6,https://adresowo.pl/o/mieszkanie-warszawa-praga-polnoc-ul-grajewska-2-pokojowe-x7k4g6,https://s2.adresowa.pl/oi/70/20/3ffce4_7d9e_cover@2x-2-pokojowe-mieszkanie-warszawa-praga-polnoc-ul-grajewska.webp
Warszawa Praga-Południe,ul. Grzegorza Przemyka,3,58,949000,16362,bez pośredników,,10,https://adresowo.pl/o/mieszkanie-warszawa-praga-poludnie-ul-grzegorza-przemyka-3-pokojowe-i4c5s8,https://s2.adresowa.pl/oi/43/4d/3fff42_f7d6_cover@2x-3-pokojowe-mieszkanie-warszawa-praga-poludnie-ul-grzegorza-przemyka.webp
Warszawa,Wola,2,38,635000,16711,bez pośredników,,8,https://adresowo.pl/o/mieszkanie-warszawa-wola-2-pokojowe-38-m2-q2b6z7,https://s2.adresowa.pl/oi/5d/36/3fff10_452b_cover@2x-2-pokojowe-mieszkanie-warszawa-wola.webp
Warszawa Wola,ul. Marcina Kasprzaka,2,37,962000,26000,bez pośredników,,18,https://adresowo.pl/o/mieszkanie-warszawa-wola-ul-marcina-kasprzaka-2-pokojowe-e8r7t1,https://s2.adresowa.pl/oi/22/5b/3ffed4_72ad_cover@2x-2-pokojowe-mieszkanie-warszawa-wola-ul-marcina-kasprzaka.webp
Warszawa Stegny,ul. Pory 55,3,76,1770000,23289,Pośrednik,,17,https://adresowo.pl/o/mieszkanie-warszawa-stegny-ul-pory-3-pokojowe-k7p5u9,https://s2.adresowa.pl/oi/4d/13/3ffa42_7b0e_cover@2x-3-pokojowe-mieszkanie-warszawa-stegny-ul-pory.webp
Warszawa Wola,ul. Marcina Kasprzaka,2,43,924450,21499,Pośrednik,,8,https://adresowo.pl/o/mieszkanie-warszawa-wola-ul-marcina-kasprzaka-2-pokojowe-o5k0e2,https://s2.adresowa.pl/oi/2f/68/3ff9f2_c2dc_cover@2x-2-pokojowe-mieszkanie-warszawa-wola-ul-marcina-kasprzaka.webp
Warszawa Wilanów,ul. Adama Branickiego,2,50,1000000,20000,bez pośredników,,9,https://adresowo.pl/o/mieszkanie-warszawa-wilanow-ul-adama-branickiego-2-pokojowe-y3z7f6,https://s2.adresowa.pl/oi/2a/50/3ffdbc_93c1_cover@2x-2-pokojowe-mieszkanie-warszawa-wilanow-ul-adama-branickiego.webp
Warszawa Białołęka,ul. Krokwi,2,54,860000,15926,bez pośredników,,17,https://adresowo.pl/o/mieszkanie-warszawa-bialoleka-ul-krokwi-2-pokojowe-o8z9z9,https://s2.adresowa.pl/oi/2d/1a/3ffc7e_357c_cover@2x-2-pokojowe-mieszkanie-warszawa-bialoleka-ul-krokwi.webp
Warszawa Praga-Północ,ul. Białostocka,1,37,579000,15649,bez pośredników,,15,https://adresowo.pl/o/mieszkanie-warszawa-praga-polnoc-ul-bialostocka-1-pokoj-u2p8x6,https://s2.adresowa.pl/oi/1a/45/3ffc42_e328_cover@2x-1-pokojowe-mieszkanie-warszawa-praga-polnoc-ul-bialostocka.webp
Warszawa,"al. Aleja ""Solidarności""",2,38,759000,19974,Pośrednik,,9,https://adresowo.pl/o/mieszkanie-warszawa-al-aleja-solidarnosci-2-pokojowe-t2q3t3,https://s2.adresowa.pl/oi/1b/4c/3ff99a_e41c_cover@2x-2-pokojowe-mieszkanie-warszawa-al-aleja-solidarnosci-.webp
Warszawa Białołęka,ul. Aluzyjna 25F,2,48,569000,11854,Pośrednik,,7,https://adresowo.pl/o/mieszkanie-warszawa-bialoleka-ul-aluzyjna-2-pokojowe-j2e3n6,https://s2.adresowa.pl/oi/4a/7f/3ff98e_a5b3_cover@2x-2-pokojowe-mieszkanie-warszawa-bialoleka-ul-aluzyjna.webp
Warszawa Wawer,ul. Wiązana,3,70,1150000,16429,bez pośredników,,16,https://adresowo.pl/o/mieszkanie-warszawa-wawer-ul-wiazana-3-pokojowe-b3x8g8,https://s2.adresowa.pl/oi/7f/5e/3ffbe4_3dda_cover@2x-3-pokojowe-mieszkanie-warszawa-wawer-ul-wiazana.webp
Warszawa Rembertów,ul. Chełmżyńska,2,35,669000,19114,bez pośredników,,1,https://adresowo.pl/o/mieszkanie-warszawa-rembertow-ul-chelmzynska-2-pokojowe-r7j6b6,https://s2.adresowa.pl/oi/7c/16/3ffb6a_436b_cover@2x-2-pokojowe-mieszkanie-warszawa-rembertow-ul-chelmzynska.webp
Warszawa Praga-Północ,al. Prymasa Tysiąclecia,3,60,729000,12150,bez pośredników,,21,https://adresowo.pl/o/mieszkanie-warszawa-praga-polnoc-al-prymasa-tysiaclecia-3-pokojowe-m6q9z4,https://s2.adresowa.pl/oi/5d/7a/3ff9f6_35f6_cover@2x-3-pokojowe-mieszkanie-warszawa-praga-polnoc-al-prymasa-tysiaclecia.webp
Warszawa Mokotów,ul. Puławska 111,2,36,620000,17222,Pośrednik,,10,https://adresowo.pl/o/mieszkanie-warszawa-mokotow-ul-pulawska-2-pokojowe-y1z6e8,https://s2.adresowa.pl/oi/60/18/3ff7b0_962f_cover@2x-2-pokojowe-mieszkanie-warszawa-mokotow-ul-pulawska.webp
Warszawa Wola,ul. Zawiszy 16A,2,43,910000,21163,Pośrednik,,13,https://adresowo.pl/o/mieszkanie-warszawa-wola-ul-zawiszy-2-pokojowe-g9n2h9,https://s2.adresowa.pl/oi/7a/20/3ff44e_6180_cover@2x-2-pokojowe-mieszkanie-warszawa-wola-ul-zawiszy.webp
Warszawa Śródmieście,ul. Ludna,2,38,935000,24605,bez pośredników,,6,https://adresowo.pl/o/mieszkanie-warszawa-srodmiescie-ul-ludna-2-pokojowe-j2r2u1,https://s2.adresowa.pl/oi/34/59/3ff8ee_cdcf_cover@2x-2-pokojowe-mieszkanie-warszawa-srodmiescie-ul-ludna.webp
Warszawa Wola,ul. Szlenkierów,1,29,550000,18966,bez pośredników,,5,https://adresowo.pl/o/mieszkanie-warszawa-wola-ul-szlenkierow-1-pokoj-c0x2z2,https://s2.adresowa.pl/oi/19/7b/3ff8c4_27a9_cover@2x-1-pokojowe-mieszkanie-warszawa-wola-ul-szlenkierow.webp
Warszawa Ursynów,ul. Pieskowa Skała,2,43,830000,19302,bez pośredników,,9,https://adresowo.pl/o/mieszkanie-warszawa-ursynow-ul-pieskowa-skala-2-pokojowe-c8o8v3,https://s2.adresowa.pl/oi/4d/58/3ff810_95dd_cover@2x-2-pokojowe-mieszkanie-warszawa-ursynow-ul-pieskowa-skala.webp
Warszawa Białołęka,ul. Sprawna,4,85,1079000,12694,Pośrednik,,4,https://adresowo.pl/o/mieszkanie-warszawa-bialoleka-ul-sprawna-4-pokojowe-s4f9i4,https://s2.adresowa.pl/oi/5b/21/3ff44c_ee40_cover@2x-4-pokojowe-mieszkanie-warszawa-bialoleka-ul-sprawna.webp
Warszawa Włochy,ul. Aleje Jerozolimskie,2,37,815000,22027,Pośrednik,,8,https://adresowo.pl/o/mieszkanie-warszawa-wlochy-ul-aleje-jerozolimskie-2-pokojowe-v1h8v6,https://s2.adresowa.pl/oi/20/1e/3ff14a_c671_cover@2x-2-pokojowe-mieszkanie-warszawa-wlochy-ul-aleje-jerozolimskie.webp
Warszawa Białołęka,ul. Marywilska,3,64,990000,15469,bez pośredników,,18,https://adresowo.pl/o/mieszkanie-warszawa-bialoleka-ul-marywilska-3-pokojowe-b3l2f2,https://s2.adresowa.pl/oi/3e/32/3ff62e_f3f9_cover@2x-3-pokojowe-mieszkanie-warszawa-bialoleka-ul-marywilska.webp
Warszawa Białołęka,ul. Skarbka z Gór,2,45,666999,14822,bez pośredników,,9,https://adresowo.pl/o/mieszkanie-warszawa-bialoleka-ul-skarbka-z-gor-2-pokojowe-y5q7q2,https://s2.adresowa.pl/oi/1c/59/3ff5aa_f080_cover@2x-2-pokojowe-mieszkanie-warszawa-bialoleka-ul-skarbka-z-gor.webp
Warszawa Ursynów,ul. Ernesta Malinowskiego,2,47,648000,13787,bez pośredników,,16,https://adresowo.pl/o/mieszkanie-warszawa-ursynow-ul-ernesta-malinowskiego-2-pokojowe-g5c7w5,https://s2.adresowa.pl/oi/64/7f/3ff2e4_3330_cover@2x-2-pokojowe-mieszkanie-warszawa-ursynow-ul-ernesta-malinowskiego.webp
Warszawa Bielany,ul. gen. Klemensa Stanisława Rudnickiego,2,44,1195000,27159,Pośrednik,,20,https://adresowo.pl/o/mieszkanie-warszawa-bielany-ul-gen-klemensa-stanislawa-rudnickiego-2-pokojowe-f3l4r2,https://s2.adresowa.pl/oi/26/28/3fee42_5f82_cover@2x-2-pokojowe-mieszkanie-warszawa-bielany-ul-gen-klemensa-stanislawa-rudnickiego.webp
Warszawa Białołęka,ul. Sprawna,2,35,455000,13000,Pośrednik,,3,https://adresowo.pl/o/mieszkanie-warszawa-bialoleka-ul-sprawna-2-pokojowe-y4w3p6,https://s2.adresowa.pl/oi/4b/5d/3fecea_94c7_cover@2x-2-pokojowe-mieszkanie-warszawa-bialoleka-ul-sprawna.webp
Warszawa Wola,ul. Radziwie 5,3,56,1235000,22054,bez pośredników,,17,https://adresowo.pl/o/mieszkanie-warszawa-wola-ul-radziwie-3-pokojowe-u1w7m8,https://s2.adresowa.pl/oi/7a/6a/40ba92_3f59_cover@2x-3-pokojowe-mieszkanie-warszawa-wola-ul-radziwie.webp
Warszawa Mokotów,ul. Bukowińska,2,45,1100000,24444,bez pośredników,,7,https://adresowo.pl/o/mieszkanie-warszawa-mokotow-ul-bukowinska-2-pokojowe-a9b2o3,https://s2.adresowa.pl/oi/43/58/3ff2ba_e552_cover@2x-2-pokojowe-mieszkanie-warszawa-mokotow-ul-bukowinska.webp
Warszawa Ochota,ul. Grójecka,3,56,970000,17321,bez pośredników,,13,https://adresowo.pl/o/mieszkanie-warszawa-ochota-ul-grojecka-3-pokojowe-q4z5u6,https://s2.adresowa.pl/oi/65/47/3fdf9a_84b6_cover@2x-3-pokojowe-mieszkanie-warszawa-ochota-ul-grojecka.webp
Warszawa Ochota,ul. Karola Dickensa,2,50,855000,17100,bez pośredników,,2,https://adresowo.pl/o/mieszkanie-warszawa-ochota-ul-karola-dickensa-2-pokojowe-j6o2s6,https://s2.adresowa.pl/oi/13/41/3ff216_ed9f_cover@2x-2-pokojowe-mieszkanie-warszawa-ochota-ul-karola-dickensa.webp
Warszawa Śródmieście,ul. Szwoleżerów,1,20,635000,31750,Pośrednik,,10,https://adresowo.pl/o/mieszkanie-warszawa-srodmiescie-ul-szwolezerow-1-pokoj-q2m6u9,https://s2.adresowa.pl/oi/41/2d/3feb02_f8a7_cover@2x-1-pokojowe-mieszkanie-warszawa-srodmiescie-ul-szwolezerow.webp
Warszawa Ursynów,ul. Witolda Małcużyńskiego,2,54,899000,16648,Pośrednik,,19,https://adresowo.pl/o/mieszkanie-warszawa-ursynow-ul-witolda-malcuzynskiego-2-pokojowe-t7a3m7,https://s2.adresowa.pl/oi/34/43/3fead6_417b_cover@2x-2-pokojowe-mieszkanie-warszawa-ursynow-ul-witolda-malcuzynskiego.webp
Warszawa Rembertów,"al. gen. Antoniego Chruściela ""Montera""",2,50,660000,13200,bez pośredników,,6,https://adresowo.pl/o/mieszkanie-warszawa-rembertow-al-gen-antoniego-chrusciela-montera-2-pokojowe-y8v6l2,https://s2.adresowa.pl/oi/47/77/3ff204_a029_cover@2x-2-pokojowe-mieszkanie-warszawa-rembertow-al-gen-antoniego-chrusciela-montera-.webp
Warszawa Mokotów,ul. Bluszczańska,3,66,1450000,21970,bez pośredników,,20,https://adresowo.pl/o/mieszkanie-warszawa-mokotow-ul-bluszczanska-3-pokojowe-y2w5k8,https://s2.adresowa.pl/oi/29/32/3ff13c_7e01_cover@2x-3-pokojowe-mieszkanie-warszawa-mokotow-ul-bluszczanska.webp
Warszawa Wola,ul. Jana Kazimierza,2,65,1500000,23077,bez pośredników,,11,https://adresowo.pl/o/mieszkanie-warszawa-wola-ul-jana-kazimierza-2-pokojowe-s8d6i6,https://s2.adresowa.pl/oi/5a/1d/3ff130_2986_cover@2x-2-pokojowe-mieszkanie-warszawa-wola-ul-jana-kazimierza.webp
Warszawa Wola,"ul. Batalionu ""Pięść""",2,37,685000,18514,Pośrednik,,2,https://adresowo.pl/o/mieszkanie-warszawa-wola-ul-batalionu-piesc-2-pokojowe-z8f9h0,https://s2.adresowa.pl/oi/5d/4f/3fea86_c731_cover@2x-2-pokojowe-mieszkanie-warszawa-wola-ul-batalionu-piesc-.webp
Warszawa Mokotów,ul. Stefana Bryły,2,31,599000,19323,Pośrednik,,7,https://adresowo.pl/o/mieszkanie-warszawa-mokotow-ul-stefana-bryly-2-pokojowe-q6j2g1,https://s2.adresowa.pl/oi/1d/16/3fea38_c19a_cover@2x-2-pokojowe-mieszkanie-warszawa-mokotow-ul-stefana-bryly.webp
Warszawa Bródno,ul. św. Hieronima,3,46,689000,14978,bez pośredników,,8,https://adresowo.pl/o/mieszkanie-warszawa-brodno-ul-sw-hieronima-3-pokojowe-f6b3n4,https://s2.adresowa.pl/oi/1f/27/3fef28_4596_cover@2x-3-pokojowe-mieszkanie-warszawa-brodno-ul-sw-hieronima.webp
Warszawa Wilanów,ul. Bruzdowa,2,46,980000,21304,bez pośredników,,16,https://adresowo.pl/o/mieszkanie-warszawa-wilanow-ul-bruzdowa-2-pokojowe-h6s0w6,https://s2.adresowa.pl/oi/1e/51/3fee9c_838a_cover@2x-2-pokojowe-mieszkanie-warszawa-wilanow-ul-bruzdowa.webp
Warszawa Mokotów,ul. Bokserska,1,27,599000,22185,bez pośredników,,13,https://adresowo.pl/o/mieszkanie-warszawa-mokotow-ul-bokserska-1-pokoj-m0h4c8,https://s2.adresowa.pl/oi/3c/41/3fee3e_6cb3_cover@2x-1-pokojowe-mieszkanie-warszawa-mokotow-ul-bokserska.webp
Warszawa Ochota,ul. Gorlicka 9,3,47,780000,16596,Pośrednik,,26,https://adresowo.pl/o/mieszkanie-warszawa-ochota-ul-gorlicka-3-pokojowe-b9b2y6,https://s2.adresowa.pl/oi/67/3d/3fea32_f4ad_cover@2x-3-pokojowe-mieszkanie-warszawa-ochota-ul-gorlicka.webp
Warszawa Śródmieście,ul. Hoża,3,69,1460000,21159,Pośrednik,,7,https://adresowo.pl/o/mieszkanie-warszawa-srodmiescie-ul-hoza-3-pokojowe-q2s8j2,https://s2.adresowa.pl/oi/51/1d/3fea28_596c_cover@2x-3-pokojowe-mieszkanie-warszawa-srodmiescie-ul-hoza.webp
Warszawa Wola,ul. Księcia Janusza,2,37,650000,17568,bez pośredników,,2,https://adresowo.pl/o/mieszkanie-warszawa-wola-ul-ksiecia-janusza-2-pokojowe-g5v0y8,https://s2.adresowa.pl/oi/43/39/3fed22_b873_cover@2x-2-pokojowe-mieszkanie-warszawa-wola-ul-ksiecia-janusza.webp
Warszawa Śródmieście,ul. Inflancka,2,60,1489000,24817,bez pośredników,,22,https://adresowo.pl/o/mieszkanie-warszawa-srodmiescie-ul-inflancka-2-pokojowe-s5o4y9,https://s2.adresowa.pl/oi/2b/47/3fecbe_a85d_cover@2x-2-pokojowe-mieszkanie-warszawa-srodmiescie-ul-inflancka.webp
Warszawa Ursynów,ul. Związku Walki Młodych,2,46,699000,15196,bez pośredników,,7,https://adresowo.pl/o/mieszkanie-warszawa-ursynow-ul-zwiazku-walki-mlodych-2-pokojowe-k4t0n6,https://s2.adresowa.pl/oi/1e/65/3fec40_4610_cover@2x-2-pokojowe-mieszkanie-warszawa-ursynow-ul-zwiazku-walki-mlodych.webp
Warszawa,ul. Targowa 80,2,36,736000,20444,Pośrednik,,12,https://adresowo.pl/o/mieszkanie-warszawa-ul-targowa-2-pokojowe-t7e5q6,https://s2.adresowa.pl/oi/56/1f/3fe9e6_6023_cover@2x-2-pokojowe-mieszkanie-warszawa-ul-targowa.webp
Warszawa Włochy,ul. Orzechowa 3,2,50,790000,15800,Pośrednik,,17,https://adresowo.pl/o/mieszkanie-warszawa-wlochy-ul-orzechowa-2-pokojowe-v4v4n9,https://s2.adresowa.pl/oi/13/61/3fe494_3f31_cover@2x-2-pokojowe-mieszkanie-warszawa-wlochy-ul-orzechowa.webp
Warszawa Ochota,ul. Opaczewska,2,47,699000,14872,bez pośredników,,9,https://adresowo.pl/o/mieszkanie-warszawa-ochota-ul-opaczewska-2-pokojowe-p2d4r1,https://s2.adresowa.pl/oi/31/54/3fec22_6c3f_cover@2x-2-pokojowe-mieszkanie-warszawa-ochota-ul-opaczewska.webp
Warszawa Białołęka,ul. Mariana Hemara,4,73,1150000,15753,bez pośredników,,3,https://adresowo.pl/o/mieszkanie-warszawa-bialoleka-ul-mariana-hemara-4-pokojowe-v6w4o6,https://s2.adresowa.pl/oi/19/67/3fec18_761b_cover@2x-4-pokojowe-mieszkanie-warszawa-bialoleka-ul-mariana-hemara.webp
Warszawa Śródmieście,ul. Grzybowska,2,27,610000,22593,bez pośredników,,11,https://adresowo.pl/o/mieszkanie-warszawa-srodmiescie-ul-grzybowska-2-pokojowe-c4q1j6,https://s2.adresowa.pl/oi/2a/56/3febc6_db27_cover@2x-2-pokojowe-mieszkanie-warszawa-srodmiescie-ul-grzybowska.webp
Warszawa Wilanów,ul. Bruzdowa,4,135,2080000,15407,Pośrednik,,13,https://adresowo.pl/o/mieszkanie-warszawa-wilanow-ul-bruzdowa-4-pokojowe-a3p9o5,https://s2.adresowa.pl/oi/5e/65/3fe476_f853_cover@2x-4-pokojowe-mieszkanie-warszawa-wilanow-ul-bruzdowa.webp
Warszawa Mokotów,ul. Kazimierza Kuratowskiego,3,58,980000,16897,Pośrednik,,15,https://adresowo.pl/o/mieszkanie-warszawa-mokotow-ul-kazimierza-kuratowskiego-3-pokojowe-s7r9v6,https://s2.adresowa.pl/oi/1a/62/3fe464_d96b_cover@2x-3-pokojowe-mieszkanie-warszawa-mokotow-ul-kazimierza-kuratowskiego.webp
Warszawa Śródmieście,ul. Franciszkańska,3,65,1289000,19831,bez pośredników,,18,https://adresowo.pl/o/mieszkanie-warszawa-srodmiescie-ul-franciszkanska-3-pokojowe-v6e3a5,https://s2.adresowa.pl/oi/57/38/3fd978_64f8_cover@2x-3-pokojowe-mieszkanie-warszawa-srodmiescie-ul-franciszkanska.webp
Warszawa Mokotów,ul. Bartłomieja,5,47,840000,17872,bez pośredników,,15,https://adresowo.pl/o/mieszkanie-warszawa-mokotow-ul-bartlomieja-5-pokojowe-y8z7i1,https://s2.adresowa.pl/oi/1d/75/3fe9d0_3d00_cover@2x-5-pokojowe-mieszkanie-warszawa-mokotow-ul-bartlomieja.webp
Warszawa Mokotów,al. Niepodległości,3,56,999000,17839,bez pośredników,,11,https://adresowo.pl/o/mieszkanie-warszawa-mokotow-al-niepodleglosci-3-pokojowe-g3e5g1,https://s2.adresowa.pl/oi/2b/60/3fe75e_748d_cover@2x-3-pokojowe-mieszkanie-warszawa-mokotow-al-niepodleglosci.webp
Warszawa Ursus,ul. Silnikowa,2,38,750000,19737,Pośrednik,,5,https://adresowo.pl/o/mieszkanie-warszawa-ursus-ul-silnikowa-2-pokojowe-q9y4h9,https://s2.adresowa.pl/oi/19/1d/3fe462_5686_cover@2x-2-pokojowe-mieszkanie-warszawa-ursus-ul-silnikowa.webp
Warszawa Bielany,ul. Klaudyny 46,2,50,1449226,28985,Pośrednik,,52,https://adresowo.pl/o/mieszkanie-warszawa-bielany-ul-klaudyny-2-pokojowe-e2h9e4,https://s2.adresowa.pl/oi/5b/46/3fddd2_c20d_cover@2x-2-pokojowe-mieszkanie-warszawa-bielany-ul-klaudyny.webp
Warszawa Mokotów,ul. Stefana Bryły,2,41,819000,19976,bez pośredników,,15,https://adresowo.pl/o/mieszkanie-warszawa-mokotow-ul-stefana-bryly-2-pokojowe-f0m7a0,https://s2.adresowa.pl/oi/4a/47/3fe72a_9922_cover@2x-2-pokojowe-mieszkanie-warszawa-mokotow-ul-stefana-bryly.webp
Warszawa Bemowo,ul. Batalionów Chłopskich,1,34,699000,20559,bez pośredników,,14,https://adresowo.pl/o/mieszkanie-warszawa-bemowo-ul-batalionow-chlopskich-1-pokoj-h0p9d6,https://s2.adresowa.pl/oi/5b/7a/3fe716_c84f_cover@2x-1-pokojowe-mieszkanie-warszawa-bemowo-ul-batalionow-chlopskich.webp
Warszawa Targówek,ul. Pelcowizna,4,62,1099000,17726,bez pośredników,,13,https://adresowo.pl/o/mieszkanie-warszawa-targowek-ul-pelcowizna-4-pokojowe-e3a1t3,https://s2.adresowa.pl/oi/30/56/3fe614_5195_cover@2x-4-pokojowe-mieszkanie-warszawa-targowek-ul-pelcowizna.webp
Warszawa Śródmieście,ul. Ludwika Waryńskiego 9,2,38,965000,25395,Pośrednik,,31,https://adresowo.pl/o/mieszkanie-warszawa-srodmiescie-ul-ludwika-warynskiego-2-pokojowe-q0y9u9,https://s2.adresowa.pl/oi/42/6a/3fdb50_539c_cover@2x-2-pokojowe-mieszkanie-warszawa-srodmiescie-ul-ludwika-warynskiego.webp
Warszawa Białołęka,ul. Marywilska,4,103,1293375,12557,Pośrednik,,8,https://adresowo.pl/o/mieszkanie-warszawa-bialoleka-ul-marywilska-4-pokojowe-h3h3w1,https://s2.adresowa.pl/oi/27/5c/3fd8ba_6144_cover@2x-4-pokojowe-mieszkanie-warszawa-bialoleka-ul-marywilska.webp
Warszawa,Saska Kępa,2,39,889000,22795,bez pośredników,,5,https://adresowo.pl/o/mieszkanie-warszawa-saska-kepa-2-pokojowe-39-m2-e6f6s9,https://s2.adresowa.pl/oi/6d/7b/3fe5f0_e0ae_cover@2x-2-pokojowe-mieszkanie-warszawa-saska-kepa.webp
Warszawa Wawer,ul. Tytoniowa,4,76,1290000,16974,bez pośredników,,14,https://adresowo.pl/o/mieszkanie-warszawa-wawer-ul-tytoniowa-4-pokojowe-p9n1q8,https://s2.adresowa.pl/oi/59/7e/3fe578_6c50_cover@2x-4-pokojowe-mieszkanie-warszawa-wawer-ul-tytoniowa.webp
Warszawa Targówek,ul. Wyszogrodzka,1,30,470000,15667,bez pośredników,,9,https://adresowo.pl/o/mieszkanie-warszawa-targowek-ul-wyszogrodzka-1-pokoj-o7c7r0,https://s2.adresowa.pl/oi/3f/7d/3fe4de_ca99_cover@2x-1-pokojowe-mieszkanie-warszawa-targowek-ul-wyszogrodzka.webp
Warszawa Bielany,ul. Pabla Nerudy,3,54,760000,14074,Pośrednik,,8,https://adresowo.pl/o/mieszkanie-warszawa-bielany-ul-pabla-nerudy-3-pokojowe-y4i0r5,https://s2.adresowa.pl/oi/6e/74/3fd5d2_3c43_cover@2x-3-pokojowe-mieszkanie-warszawa-bielany-ul-pabla-nerudy.webp
Warszawa Śródmieście,ul. Dobra 89A,2,50,1299000,25980,Pośrednik,,18,https://adresowo.pl/o/mieszkanie-warszawa-srodmiescie-ul-dobra-2-pokojowe-z0d4y2,https://s2.adresowa.pl/oi/5a/4b/3fd5b4_2e72_cover@2x-2-pokojowe-mieszkanie-warszawa-srodmiescie-ul-dobra.webp
Warszawa Praga-Północ,ul. Stalowa,2,49,1050000,21429,bez pośredników,,15,https://adresowo.pl/o/mieszkanie-warszawa-praga-polnoc-ul-stalowa-2-pokojowe-k1m3t7,https://s2.adresowa.pl/oi/2f/51/3fe49e_b8bf_cover@2x-2-pokojowe-mieszkanie-warszawa-praga-polnoc-ul-stalowa.webp
Warszawa Wola,ul. Jana Krysta,3,62,1299000,20952,bez pośredników,,20,https://adresowo.pl/o/mieszkanie-warszawa-wola-ul-jana-krysta-3-pokojowe-r3h3j9,https://s2.adresowa.pl/oi/68/44/3fe286_3c04_cover@2x-3-pokojowe-mieszkanie-warszawa-wola-ul-jana-krysta.webp
Warszawa Kabaty,ul. Relaksowa,4,116,2190000,18879,bez pośredników,,21,https://adresowo.pl/o/mieszkanie-warszawa-kabaty-ul-relaksowa-4-pokojowe-a2p4k7,https://s2.adresowa.pl/oi/30/46/3fe260_6017_cover@2x-4-pokojowe-mieszkanie-warszawa-kabaty-ul-relaksowa.webp
Warszawa Białołęka,ul. Sprawna,3,53,705000,13302,Pośrednik,,4,https://adresowo.pl/o/mieszkanie-warszawa-bialoleka-ul-sprawna-3-pokojowe-x4h3v0,https://s2.adresowa.pl/oi/39/63/3fd308_d470_cover@2x-3-pokojowe-mieszkanie-warszawa-bialoleka-ul-sprawna.webp
Warszawa,ul. Górna Droga,3,49,650000,13265,Pośrednik,,17,https://adresowo.pl/o/mieszkanie-warszawa-ul-gorna-droga-3-pokojowe-c3v0f8,https://s2.adresowa.pl/oi/57/32/3fd060_5fa1_cover@2x-3-pokojowe-mieszkanie-warszawa-ul-gorna-droga.webp
Warszawa Żoliborz,ul. Kaliny Jędrusik,2,47,1199000,25511,bez pośredników,,8,https://adresowo.pl/o/mieszkanie-warszawa-zoliborz-ul-kaliny-jedrusik-2-pokojowe-v4b5w5,https://s2.adresowa.pl/oi/6c/1e/3fdaf8_b98d_cover@2x-2-pokojowe-mieszkanie-warszawa-zoliborz-ul-kaliny-jedrusik.webp
Warszawa Bródno,ul. Krasiczyńska,2,37,585000,15811,bez pośredników,,12,https://adresowo.pl/o/mieszkanie-warszawa-brodno-ul-krasiczynska-2-pokojowe-n6u3z9,https://s2.adresowa.pl/oi/14/35/3fda08_d987_cover@2x-2-pokojowe-mieszkanie-warszawa-brodno-ul-krasiczynska.webp
Warszawa Żoliborz,ul. Dymińska,2,37,690000,18649,bez pośredników,,6,https://adresowo.pl/o/mieszkanie-warszawa-zoliborz-ul-dyminska-2-pokojowe-n2l5m9,https://s2.adresowa.pl/oi/4c/6c/3fd89e_76db_cover@2x-2-pokojowe-mieszkanie-warszawa-zoliborz-ul-dyminska.webp
Warszawa Praga-Południe,ul. Międzynarodowa,3,47,780000,16596,Pośrednik,,9,https://adresowo.pl/o/mieszkanie-warszawa-praga-poludnie-ul-miedzynarodowa-3-pokojowe-t7l3u9,https://s2.adresowa.pl/oi/5c/39/3fd054_ac42_cover@2x-3-pokojowe-mieszkanie-warszawa-praga-poludnie-ul-miedzynarodowa.webp
Warszawa Wola,ul. Obozowa,2,37,599000,16189,Pośrednik,,12,https://adresowo.pl/o/mieszkanie-warszawa-wola-ul-obozowa-2-pokojowe-n6w3t3,https://s2.adresowa.pl/oi/64/5e/3fd02e_5af3_cover@2x-2-pokojowe-mieszkanie-warszawa-wola-ul-obozowa.webp
Warszawa Wola,ul. Jana Kazimierza,1,31,706500,22790,bez pośredników,,9,https://adresowo.pl/o/mieszkanie-warszawa-wola-ul-jana-kazimierza-1-pokoj-w6i6s0,https://s2.adresowa.pl/oi/77/59/3fd48e_af85_cover@2x-1-pokojowe-mieszkanie-warszawa-wola-ul-jana-kazimierza.webp
Warszawa,Żoliborz,2,43,990000,23023,bez pośredników,,7,https://adresowo.pl/o/mieszkanie-warszawa-zoliborz-2-pokojowe-43-m2-l9d7e5,https://s2.adresowa.pl/oi/31/47/3fd478_78d9_cover@2x-2-pokojowe-mieszkanie-warszawa-zoliborz.webp
Warszawa Ochota,ul. Uniwersytecka,3,70,1680000,24000,bez pośredników,,14,https://adresowo.pl/o/mieszkanie-warszawa-ochota-ul-uniwersytecka-3-pokojowe-b7s8r2,https://s2.adresowa.pl/oi/62/4f/3fd430_2dd9_cover@2x-3-pokojowe-mieszkanie-warszawa-ochota-ul-uniwersytecka.webp
Warszawa Białołęka,ul. Leona Berensona,2,45,670500,14900,Pośrednik,,19,https://adresowo.pl/o/mieszkanie-warszawa-bialoleka-ul-leona-berensona-2-pokojowe-l4c4t0,https://s2.adresowa.pl/oi/54/72/3fd00c_3f0b_cover@2x-2-pokojowe-mieszkanie-warszawa-bialoleka-ul-leona-berensona.webp
Warszawa Powiśle,ul. Stefana Jaracza,1,40,750000,18750,Pośrednik,,10,https://adresowo.pl/o/mieszkanie-warszawa-powisle-ul-stefana-jaracza-1-pokoj-n3l3y3,https://s2.adresowa.pl/oi/1f/6d/3fcd70_e655_cover@2x-1-pokojowe-mieszkanie-warszawa-powisle-ul-stefana-jaracza.webp
Warszawa Praga-Południe,ul. Sulejkowska,2,60,899000,14983,bez pośredników,,8,https://adresowo.pl/o/mieszkanie-warszawa-praga-poludnie-ul-sulejkowska-2-pokojowe-w0n4a5,https://s2.adresowa.pl/oi/78/22/3fd3a2_a3a8_cover@2x-2-pokojowe-mieszkanie-warszawa-praga-poludnie-ul-sulejkowska.webp
Warszawa Białołęka,ul. Pałuków,2,39,662888,16997,bez pośredników,,8,https://adresowo.pl/o/mieszkanie-warszawa-bialoleka-ul-palukow-2-pokojowe-m2q1n4,https://s2.adresowa.pl/oi/1d/6f/3fd274_80d5_cover@2x-2-pokojowe-mieszkanie-warszawa-bialoleka-ul-palukow.webp
Warszawa Wilanów,al. Rzeczypospolitej,3,64,1270000,19844,bez pośredników,,7,https://adresowo.pl/o/mieszkanie-warszawa-wilanow-al-rzeczypospolitej-3-pokojowe-w1t7k6,https://s2.adresowa.pl/oi/70/55/3fd1fa_dcdc_cover@2x-3-pokojowe-mieszkanie-warszawa-wilanow-al-rzeczypospolitej.webp
Warszawa Włochy,ul. Rakowska 11,4,60,1079940,17999,Pośrednik,,15,https://adresowo.pl/o/mieszkanie-warszawa-wlochy-ul-rakowska-4-pokojowe-a1r4c4,https://s2.adresowa.pl/oi/64/42/3fcc72_8f80_cover@2x-4-pokojowe-mieszkanie-warszawa-wlochy-ul-rakowska.webp
Warszawa Ursynów,ul. Hawajska,3,60,755000,12583,Pośrednik,,16,https://adresowo.pl/o/mieszkanie-warszawa-ursynow-ul-hawajska-3-pokojowe-p9c4v6,https://s2.adresowa.pl/oi/27/49/3fcbfe_492d_cover@2x-3-pokojowe-mieszkanie-warszawa-ursynow-ul-hawajska.webp
Warszawa Saska Kępa,ul. Saska,1,27,539000,19963,bez pośredników,,16,https://adresowo.pl/o/mieszkanie-warszawa-saska-kepa-ul-saska-1-pokoj-v0c6c0,https://s2.adresowa.pl/oi/47/5e/3fd1a6_e7c6_cover@2x-1-pokojowe-mieszkanie-warszawa-saska-kepa-ul-saska.webp
Warszawa Praga-Południe,ul. Ostrobramska,3,84,1349000,16060,bez pośredników,,19,https://adresowo.pl/o/mieszkanie-warszawa-praga-poludnie-ul-ostrobramska-3-pokojowe-g1n6h6,https://s2.adresowa.pl/oi/23/18/3fce0a_8aee_cover@2x-3-pokojowe-mieszkanie-warszawa-praga-poludnie-ul-ostrobramska.webp
Warszawa Śródmieście,ul. Grzybowska,1,26,650000,25000,bez pośredników,,9,https://adresowo.pl/o/mieszkanie-warszawa-srodmiescie-ul-grzybowska-1-pokoj-x6q8j1,https://s2.adresowa.pl/oi/54/42/3fcd9a_6cb2_cover@2x-1-pokojowe-mieszkanie-warszawa-srodmiescie-ul-grzybowska.webp
Warszawa Bielany,ul. Władysława Broniewskiego,2,43,680000,15814,Pośrednik,,8,https://adresowo.pl/o/mieszkanie-warszawa-bielany-ul-wladyslawa-broniewskiego-2-pokojowe-t3a4x6,https://s2.adresowa.pl/oi/66/2d/3fc3b6_438b_cover@2x-2-pokojowe-mieszkanie-warszawa-bielany-ul-wladyslawa-broniewskiego.webp
Warszawa Wola,ul. Tadeusza Krępowieckiego,2,42,749000,17833,Pośrednik,,20,https://adresowo.pl/o/mieszkanie-warszawa-wola-ul-tadeusza-krepowieckiego-2-pokojowe-h4g2v5,https://s2.adresowa.pl/oi/11/7c/3fc39c_e1b3_cover@2x-2-pokojowe-mieszkanie-warszawa-wola-ul-tadeusza-krepowieckiego.webp
Warszawa Ursus,ul. Stanisława Wojciechowskiego,1,36,520000,14444,bez pośredników,,8,https://adresowo.pl/o/mieszkanie-warszawa-ursus-ul-stanislawa-wojciechowskiego-1-pokoj-a1t8y5,https://s2.adresowa.pl/oi/3f/2e/3fcc8c_6864_cover@2x-1-pokojowe-mieszkanie-warszawa-ursus-ul-stanislawa-wojciechowskiego.webp
Warszawa Żoliborz,ul. Elbląska,2,41,764000,18634,bez pośredników,,7,https://adresowo.pl/o/mieszkanie-warszawa-zoliborz-ul-elblaska-2-pokojowe-n4y3t0,https://s2.adresowa.pl/oi/7d/6f/3fcbac_9b59_cover@2x-2-pokojowe-mieszkanie-warszawa-zoliborz-ul-elblaska.webp
Warszawa Praga-Północ,ul. Stalowa,1,34,645000,18971,bez pośredników,,17,https://adresowo.pl/o/mieszkanie-warszawa-praga-polnoc-ul-stalowa-1-pokoj-i8w2o8,https://s2.adresowa.pl/oi/42/52/3fca82_b942_cover@2x-1-pokojowe-mieszkanie-warszawa-praga-polnoc-ul-stalowa.webp
Warszawa Praga,ul. Grochowska 86,3,54,780000,14444,Pośrednik,,14,https://adresowo.pl/o/mieszkanie-warszawa-praga-ul-grochowska-3-pokojowe-p0o5o1,https://s2.adresowa.pl/oi/12/29/3fc13c_de52_cover@2x-3-pokojowe-mieszkanie-warszawa-praga-ul-grochowska.webp
Warszawa Wola,ul. Marcina Kasprzaka,2,44,998700,22698,Pośrednik,,6,https://adresowo.pl/o/mieszkanie-warszawa-wola-ul-marcina-kasprzaka-2-pokojowe-i5e8x3,https://s2.adresowa.pl/oi/1d/26/3fbd50_3b98_cover@2x-2-pokojowe-mieszkanie-warszawa-wola-ul-marcina-kasprzaka.webp
Warszawa Śródmieście,"al. Aleja ""Solidarności""",1,33,600000,18182,bez pośredników,,13,https://adresowo.pl/o/mieszkanie-warszawa-srodmiescie-al-aleja-solidarnosci-1-pokoj-r1y7l5,https://s2.adresowa.pl/oi/5f/36/3fc9a4_431f_cover@2x-1-pokojowe-mieszkanie-warszawa-srodmiescie-al-aleja-solidarnosci-.webp
Warszawa Mokotów,ul. Stanisława Kierbedzia 8,3,69,1535250,22250,bez pośredników,,14,https://adresowo.pl/o/mieszkanie-warszawa-mokotow-ul-stanislawa-kierbedzia-3-pokojowe-t1z5v6,https://s2.adresowa.pl/oi/59/6d/3fc98a_b726_cover@2x-3-pokojowe-mieszkanie-warszawa-mokotow-ul-stanislawa-kierbedzia.webp
Warszawa Grodzisk,ul. Głębocka,3,54,959000,17759,bez pośredników,,6,https://adresowo.pl/o/mieszkanie-warszawa-grodzisk-ul-glebocka-3-pokojowe-h1j0o6,https://s2.adresowa.pl/oi/5b/4d/3fc888_d3c2_cover@2x-3-pokojowe-mieszkanie-warszawa-grodzisk-ul-glebocka.webp
Warszawa Mokotów,ul. Obrzeżna,3,98,3000000,30612,Pośrednik,,16,https://adresowo.pl/o/mieszkanie-warszawa-mokotow-ul-obrzezna-3-pokojowe-c7t7r7,https://s2.adresowa.pl/oi/75/2c/3fbd4a_4c05_cover@2x-3-pokojowe-mieszkanie-warszawa-mokotow-ul-obrzezna.webp
Warszawa,Ursus,4,59,874650,14825,Pośrednik,,5,https://adresowo.pl/o/mieszkanie-warszawa-ursus-4-pokojowe-59-m2-v7o2z2,https://s2.adresowa.pl/oi/39/4c/3fbcac_7ae5_cover@2x-4-pokojowe-mieszkanie-warszawa-ursus.webp
Warszawa Targówek,ul. Goworowska,1,25,509000,20360,bez pośredników,,10,https://adresowo.pl/o/mieszkanie-warszawa-targowek-ul-goworowska-1-pokoj-l4m2a3,https://s2.adresowa.pl/oi/6a/21/3fc7be_ff0b_cover@2x-1-pokojowe-mieszkanie-warszawa-targowek-ul-goworowska.webp
Warszawa Śródmieście,ul. Lipowa,1,25,620000,24800,bez pośredników,,9,https://adresowo.pl/o/mieszkanie-warszawa-srodmiescie-ul-lipowa-1-pokoj-l0b5k7,https://s2.adresowa.pl/oi/18/15/3fc710_6c70_cover@2x-1-pokojowe-mieszkanie-warszawa-srodmiescie-ul-lipowa.webp
Warszawa Bemowo,ul. Szeligowska,2,44,850000,19318,bez pośredników,,15,https://adresowo.pl/o/mieszkanie-warszawa-bemowo-ul-szeligowska-2-pokojowe-s6t4z2,https://s2.adresowa.pl/oi/69/2a/3fc612_2748_cover@2x-2-pokojowe-mieszkanie-warszawa-bemowo-ul-szeligowska.webp
Warszawa Śródmieście,ul. Mariensztat,2,64,1520000,23750,Pośrednik,,17,https://adresowo.pl/o/mieszkanie-warszawa-srodmiescie-ul-mariensztat-2-pokojowe-j3p9p9,https://s2.adresowa.pl/oi/45/13/3fbc62_7202_cover@2x-2-pokojowe-mieszkanie-warszawa-srodmiescie-ul-mariensztat.webp
Warszawa Białołęka,ul. Pabla Picassa,2,49,729000,14878,Pośrednik,,3,https://adresowo.pl/o/mieszkanie-warszawa-bialoleka-ul-pabla-picassa-2-pokojowe-n2o2l8,https://s2.adresowa.pl/oi/49/65/3fbc46_6eb6_cover@2x-2-pokojowe-mieszkanie-warszawa-bialoleka-ul-pabla-picassa.webp
Warszawa Służewiec,ul. Śniardwy,3,46,820000,17826,bez pośredników,,11,https://adresowo.pl/o/mieszkanie-warszawa-sluzewiec-ul-sniardwy-3-pokojowe-n8s4n3,https://s2.adresowa.pl/oi/11/1c/3fc2ee_9e41_cover@2x-3-pokojowe-mieszkanie-warszawa-sluzewiec-ul-sniardwy.webp
Warszawa Żoliborz,ul. Dymińska,2,37,649000,17541,bez pośredników,,9,https://adresowo.pl/o/mieszkanie-warszawa-zoliborz-ul-dyminska-2-pokojowe-i8c9q8,https://s2.adresowa.pl/oi/34/58/3fc2c6_eb49_cover@2x-2-pokojowe-mieszkanie-warszawa-zoliborz-ul-dyminska.webp
Warszawa Targówek,ul. Wierna,4,78,930000,11923,bez pośredników,,22,https://adresowo.pl/o/mieszkanie-warszawa-targowek-ul-wierna-4-pokojowe-j1a1q9,https://s2.adresowa.pl/oi/50/18/3fc0cc_e5b3_cover@2x-4-pokojowe-mieszkanie-warszawa-targowek-ul-wierna.webp
Warszawa Mokotów,ul. Wołoska,3,86,2300000,26744,Pośrednik,,15,https://adresowo.pl/o/mieszkanie-warszawa-mokotow-ul-woloska-3-pokojowe-p5m3n7,https://s2.adresowa.pl/oi/7d/49/3fbc44_3c0b_cover@2x-3-pokojowe-mieszkanie-warszawa-mokotow-ul-woloska.webp
Warszawa,Praga-Południe,2,36,895000,24861,Pośrednik,,11,https://adresowo.pl/o/mieszkanie-warszawa-praga-poludnie-2-pokojowe-36-m2-n0m8f3,https://s2.adresowa.pl/oi/58/71/3fbbfe_c0c6_cover@2x-2-pokojowe-mieszkanie-warszawa-praga-poludnie.webp
Warszawa Białołęka,ul. Dionizosa,1,27,485000,17963,bez pośredników,,21,https://adresowo.pl/o/mieszkanie-warszawa-bialoleka-ul-dionizosa-1-pokoj-y0l6d3,https://s2.adresowa.pl/oi/23/6f/3fc076_cce3_cover@2x-1-pokojowe-mieszkanie-warszawa-bialoleka-ul-dionizosa.webp
Warszawa Wawer,ul. Ogórkowa,5,100,945000,9450,bez pośredników,,23,https://adresowo.pl/o/mieszkanie-warszawa-wawer-ul-ogorkowa-5-pokojowe-o1b0t5,https://s2.adresowa.pl/oi/26/73/3fbde2_c2c0_cover@2x-5-pokojowe-mieszkanie-warszawa-wawer-ul-ogorkowa.webp
Warszawa Włochy,ul. Zapustna,2,61,720000,11803,bez pośredników,,10,https://adresowo.pl/o/mieszkanie-warszawa-wlochy-ul-zapustna-2-pokojowe-j5u1y4,https://s2.adresowa.pl/oi/5f/5d/3fbd34_9733_cover@2x-2-pokojowe-mieszkanie-warszawa-wlochy-ul-zapustna.webp
Warszawa Mokotów,ul. Boryszewska,1,31,649000,20935,Pośrednik,,12,https://adresowo.pl/o/mieszkanie-warszawa-mokotow-ul-boryszewska-1-pokoj-v5l7r4,https://s2.adresowa.pl/oi/22/13/3fbb7e_b1cd_cover@2x-1-pokojowe-mieszkanie-warszawa-mokotow-ul-boryszewska.webp
Warszawa Praga,ul. Mińska,2,42,925000,22024,Pośrednik,,6,https://adresowo.pl/o/mieszkanie-warszawa-praga-ul-minska-2-pokojowe-t4l1j7,https://s2.adresowa.pl/oi/22/6e/3fb6a0_b927_cover@2x-2-pokojowe-mieszkanie-warszawa-praga-ul-minska.webp
Warszawa Żerań,ul. Marywilska,3,59,950000,16102,bez pośredników,,15,https://adresowo.pl/o/mieszkanie-warszawa-zeran-ul-marywilska-3-pokojowe-r3s1w7,https://s2.adresowa.pl/oi/48/2b/3fbccc_c82e_cover@2x-3-pokojowe-mieszkanie-warszawa-zeran-ul-marywilska.webp
Warszawa Tarchomin,ul. Aluzyjna,2,57,980000,17193,bez pośredników,,7,https://adresowo.pl/o/mieszkanie-warszawa-tarchomin-ul-aluzyjna-2-pokojowe-w8w0v0,https://s2.adresowa.pl/oi/28/3f/3fba86_58c2_cover@2x-2-pokojowe-mieszkanie-warszawa-tarchomin-ul-aluzyjna.webp
Warszawa Włochy,ul. Jutrzenki,2,41,815000,19878,bez pośredników,,8,https://adresowo.pl/o/mieszkanie-warszawa-wlochy-ul-jutrzenki-2-pokojowe-s6f7d9,https://s2.adresowa.pl/oi/26/74/3fba42_5f69_cover@2x-2-pokojowe-mieszkanie-warszawa-wlochy-ul-jutrzenki.webp
Warszawa,Ursynów,3,52,699000,13442,Pośrednik,,12,https://adresowo.pl/o/mieszkanie-warszawa-ursynow-3-pokojowe-52-m2-z0q4g8,https://s2.adresowa.pl/oi/75/3e/3fb624_4905_cover@2x-3-pokojowe-mieszkanie-warszawa-ursynow.webp
Warszawa Wola,"al. Aleja ""Solidarności""",2,48,949000,19771,Pośrednik,,17,https://adresowo.pl/o/mieszkanie-warszawa-wola-al-aleja-solidarnosci-2-pokojowe-t1t2p7,https://s2.adresowa.pl/oi/4c/56/3fb560_fa00_cover@2x-2-pokojowe-mieszkanie-warszawa-wola-al-aleja-solidarnosci-.webp
Warszawa Rembertów,"al. gen. Antoniego Chruściela ""Montera""",3,61,850000,13934,bez pośredników,,22,https://adresowo.pl/o/mieszkanie-warszawa-rembertow-al-gen-antoniego-chrusciela-montera-3-pokojowe-t9f2t3,https://s2.adresowa.pl/oi/10/38/3fb816_6b8b_cover@2x-3-pokojowe-mieszkanie-warszawa-rembertow-al-gen-antoniego-chrusciela-montera-.webp
Warszawa Bródno,ul. Żuromińska,1,27,420000,15556,bez pośredników,,6,https://adresowo.pl/o/mieszkanie-warszawa-brodno-ul-zurominska-1-pokoj-q1v0z3,https://s2.adresowa.pl/oi/24/1c/3fb782_6e9b_cover@2x-1-pokojowe-mieszkanie-warszawa-brodno-ul-zurominska.webp
Warszawa Targówek,ul. Warszawski Świt,3,71,995000,14014,bez pośredników,,15,https://adresowo.pl/o/mieszkanie-warszawa-targowek-ul-warszawski-swit-3-pokojowe-q9g7w8,https://s2.adresowa.pl/oi/12/47/3fb6ec_e537_cover@2x-3-pokojowe-mieszkanie-warszawa-targowek-ul-warszawski-swit.webp
Warszawa Białołęka,ul. Marywilska,3,59,790638,13401,Pośrednik,,5,https://adresowo.pl/o/mieszkanie-warszawa-bialoleka-ul-marywilska-3-pokojowe-g6q4i2,https://s2.adresowa.pl/oi/3d/67/3fad9c_63a5_cover@2x-3-pokojowe-mieszkanie-warszawa-bialoleka-ul-marywilska.webp
Warszawa Bemowo,ul. Wacława Gąsiorowskiego,3,85,2350000,27647,Pośrednik,,21,https://adresowo.pl/o/mieszkanie-warszawa-bemowo-ul-waclawa-gasiorowskiego-3-pokojowe-n7l5q8,https://s2.adresowa.pl/oi/24/33/3fa83e_2bba_cover@2x-3-pokojowe-mieszkanie-warszawa-bemowo-ul-waclawa-gasiorowskiego.webp
Warszawa Wesoła,ul. Fabryczna,3,62,1239000,19984,bez pośredników,,21,https://adresowo.pl/o/mieszkanie-warszawa-wesola-ul-fabryczna-3-pokojowe-y0c6n0,https://s2.adresowa.pl/oi/6a/58/3fb6e6_a3f4_cover@2x-3-pokojowe-mieszkanie-warszawa-wesola-ul-fabryczna.webp
Warszawa Bielany,ul. Sokratesa,2,43,845000,19651,bez pośredników,,14,https://adresowo.pl/o/mieszkanie-warszawa-bielany-ul-sokratesa-2-pokojowe-s8m6u4,https://s2.adresowa.pl/oi/1c/72/3fb6dc_a603_cover@2x-2-pokojowe-mieszkanie-warszawa-bielany-ul-sokratesa.webp
Warszawa Ursynów,ul. Małej Łąki,3,63,1199000,19032,bez pośredników,,12,https://adresowo.pl/o/mieszkanie-warszawa-ursynow-ul-malej-laki-3-pokojowe-a9m2x4,https://s2.adresowa.pl/oi/68/65/3fb62c_a318_cover@2x-3-pokojowe-mieszkanie-warszawa-ursynow-ul-malej-laki.webp
Warszawa Ochota,ul. Zadumana,6,183,3490000,19071,Pośrednik,,20,https://adresowo.pl/o/mieszkanie-warszawa-ochota-ul-zadumana-6-pokojowe-j1z3g8,https://s2.adresowa.pl/oi/49/6b/3fa7bc_7936_cover@2x-6-pokojowe-mieszkanie-warszawa-ochota-ul-zadumana.webp
Warszawa Wawer,ul. Poematu,2,48,799900,16665,Pośrednik,,6,https://adresowo.pl/o/mieszkanie-warszawa-wawer-ul-poematu-2-pokojowe-t6b4p8,https://s2.adresowa.pl/oi/31/2f/3fa772_4155_cover@2x-2-pokojowe-mieszkanie-warszawa-wawer-ul-poematu.webp
Warszawa Koło,ul. Ożarowska,2,50,889000,17780,bez pośredników,,15,https://adresowo.pl/o/mieszkanie-warszawa-kolo-ul-ozarowska-2-pokojowe-m5y2p3,https://s2.adresowa.pl/oi/71/7d/3fb5a2_5880_cover@2x-2-pokojowe-mieszkanie-warszawa-kolo-ul-ozarowska.webp
Warszawa Wawer,ul. Jeziorowa,3,94,1400000,14894,bez pośredników,,10,https://adresowo.pl/o/mieszkanie-warszawa-wawer-ul-jeziorowa-3-pokojowe-r7t6w5,https://s2.adresowa.pl/oi/67/4a/3fb584_28c6_cover@2x-3-pokojowe-mieszkanie-warszawa-wawer-ul-jeziorowa.webp
Warszawa Ochota,ul. Władysława Korotyńskiego,2,36,550000,15278,bez pośredników,,6,https://adresowo.pl/o/mieszkanie-warszawa-ochota-ul-wladyslawa-korotynskiego-2-pokojowe-z4k2b2,https://s2.adresowa.pl/oi/23/5b/3fa644_f1e3_cover@2x-2-pokojowe-mieszkanie-warszawa-ochota-ul-wladyslawa-korotynskiego.webp
Warszawa Praga-Północ,ul. Kawęczyńska,2,41,555000,13537,Pośrednik,,20,https://adresowo.pl/o/mieszkanie-warszawa-praga-polnoc-ul-kaweczynska-2-pokojowe-k4t7b1,https://s2.adresowa.pl/oi/7d/33/3fa746_55d7_cover@2x-2-pokojowe-mieszkanie-warszawa-praga-polnoc-ul-kaweczynska.webp
Warszawa Targówek,ul. Wyszogrodzka,2,47,525000,11170,Pośrednik,,16,https://adresowo.pl/o/mieszkanie-warszawa-targowek-ul-wyszogrodzka-2-pokojowe-q2n8w8,https://s2.adresowa.pl/oi/16/1d/3fa72c_6170_cover@2x-2-pokojowe-mieszkanie-warszawa-targowek-ul-wyszogrodzka.webp
Warszawa Targówek,ul. Ludwika Kondratowicza,2,46,699900,15215,bez pośredników,,10,https://adresowo.pl/o/mieszkanie-warszawa-targowek-ul-ludwika-kondratowicza-2-pokojowe-j7i2m9,https://s2.adresowa.pl/oi/66/78/3fb46e_b2a3_cover@2x-2-pokojowe-mieszkanie-warszawa-targowek-ul-ludwika-kondratowicza.webp
Warszawa Powiśle,ul. Wilanowska,1,21,480000,22857,bez pośredników,,7,https://adresowo.pl/o/mieszkanie-warszawa-powisle-ul-wilanowska-1-pokoj-n6b1t6,https://s2.adresowa.pl/oi/55/7d/3fb3b4_9205_cover@2x-1-pokojowe-mieszkanie-warszawa-powisle-ul-wilanowska.webp
Warszawa Wola,ul. Żytnia,2,34,570000,16765,bez pośredników,,11,https://adresowo.pl/o/mieszkanie-warszawa-wola-ul-zytnia-2-pokojowe-w9t8r2,https://s2.adresowa.pl/oi/48/1c/3fb390_b271_cover@2x-2-pokojowe-mieszkanie-warszawa-wola-ul-zytnia.webp
Warszawa Śródmieście,ul. Grzybowska,2,38,680000,17895,Pośrednik,,9,https://adresowo.pl/o/mieszkanie-warszawa-srodmiescie-ul-grzybowska-2-pokojowe-o0d2p9,https://s2.adresowa.pl/oi/4a/44/3fa540_f10b_cover@2x-2-pokojowe-mieszkanie-warszawa-srodmiescie-ul-grzybowska.webp
Warszawa Bielany,ul. Przy Agorze,2,42,690000,16429,Pośrednik,,16,https://adresowo.pl/o/mieszkanie-warszawa-bielany-ul-przy-agorze-2-pokojowe-o8u7q5,https://s2.adresowa.pl/oi/7c/27/3fa308_8ccc_cover@2x-2-pokojowe-mieszkanie-warszawa-bielany-ul-przy-agorze.webp
Warszawa Mokotów,ul. Cybernetyki,1,26,649000,24962,bez pośredników,,17,https://adresowo.pl/o/mieszkanie-warszawa-mokotow-ul-cybernetyki-1-pokoj-x9x9w0,https://s2.adresowa.pl/oi/57/62/3fb31c_ee3c_cover@2x-1-pokojowe-mieszkanie-warszawa-mokotow-ul-cybernetyki.webp
Warszawa Mokotów,ul. Cybernetyki,2,29,720000,24828,bez pośredników,,22,https://adresowo.pl/o/mieszkanie-warszawa-mokotow-ul-cybernetyki-2-pokojowe-b1f8x0,https://s2.adresowa.pl/oi/2f/27/3fb318_8c91_cover@2x-2-pokojowe-mieszkanie-warszawa-mokotow-ul-cybernetyki.webp
Warszawa Białołęka,ul. Wiśniowy Sad,2,47,730000,15532,bez pośredników,,8,https://adresowo.pl/o/mieszkanie-warszawa-bialoleka-ul-wisniowy-sad-2-pokojowe-f6r5i2,https://s2.adresowa.pl/oi/4f/57/3fb186_7178_cover@2x-2-pokojowe-mieszkanie-warszawa-bialoleka-ul-wisniowy-sad.webp
Warszawa Wawer,ul. Mieczysława Pożaryskiego,2,44,819000,18614,Pośrednik,,11,https://adresowo.pl/o/mieszkanie-warszawa-wawer-ul-mieczyslawa-pozaryskiego-2-pokojowe-v0x4i3,https://s2.adresowa.pl/oi/38/50/3f9ab2_3cdf_cover@2x-2-pokojowe-mieszkanie-warszawa-wawer-ul-mieczyslawa-pozaryskiego.webp
Warszawa Wola,skwer ks. kard. Stefana Wyszyńskiego,3,119,1999000,16798,Pośrednik,,8,https://adresowo.pl/o/mieszkanie-warszawa-wola-skwer-ks-kard-stefana-wyszynskiego-3-pokojowe-w7u0q8,https://s2.adresowa.pl/oi/29/2d/3f9a94_aa7a_cover@2x-3-pokojowe-mieszkanie-warszawa-wola-skwer-ks-kard-stefana-wyszynskiego.webp
