locality,street,rooms,area,price_total_zl,price_sqm_zl,owner_type,date_posted,photo_count,url,image_url
Wrocław Krzyki,ul. Gajowa,3,46,615000,13370,bez pośredników,,21,https://adresowo.pl/o/mieszkanie-wroclaw-krzyki-ul-gajowa-3-pokojowe-p2u6s3,https://s2.adresowa.pl/oi/4c/7e/40abbc_7bcf_cover@2x-3-pokojowe-mieszkanie-wroclaw-krzyki-ul-gajowa.webp
Wrocław Leśnica,ul. Władysława Skoczylasa,2,43,590000,13721,bez pośredników,,12,https://adresowo.pl/o/mieszkanie-wroclaw-lesnica-ul-wladyslawa-skoczylasa-2-pokojowe-r2p9p5,https://s2.adresowa.pl/oi/3a/78/411092_81ca_cover@2x-2-pokojowe-mieszkanie-wroclaw-lesnica-ul-wladyslawa-skoczylasa.webp
Wrocław Śródmieście,ul. Jedności Narodowej,1,22,310000,14091,bez pośredników,,11,https://adresowo.pl/o/mieszkanie-wroclaw-srodmiescie-ul-jednosci-narodowej-1-pokoj-m0r5u4,https://s2.adresowa.pl/oi/11/41/410f40_792f_cover@2x-1-pokojowe-mieszkanie-wroclaw-srodmiescie-ul-jednosci-narodowej.webp
Wrocław Stabłowice,ul. Łomnicka,2,43,539970,12557,bez pośredników,,+16 podobnych ofert,https://adresowo.pl/o/mieszkanie-wroclaw-stablowice-ul-lomnicka-2-pokojowe-h3s1i1,https://s2.adresowa.pl/development/673384/nowe-mieszkania-vista-eco-budynek-a-c0cb_cover.jpg
Wrocław Krzyki,ul. Borowska,2,39,570000,14615,Pośrednik,,8,https://adresowo.pl/o/mieszkanie-wroclaw-krzyki-ul-borowska-2-pokojowe-k1q7z5,https://s2.adresowa.pl/oi/7c/4c/4114fe_8133_cover@2x-2-pokojowe-mieszkanie-wroclaw-krzyki-ul-borowska.webp
Wrocław,Fabryczna,3,64,741000,11578,Pośrednik,,5,https://adresowo.pl/o/mieszkanie-wroclaw-fabryczna-3-pokojowe-64-m2-v7i3b1,https://s2.adresowa.pl/oi/1e/73/410fd4_b87b_cover@2x-3-pokojowe-mieszkanie-wroclaw-fabryczna.webp
Wrocław Krzyki,ul. Lubuska,1,26,429000,16500,bez pośredników,,9,https://adresowo.pl/o/mieszkanie-wroclaw-krzyki-ul-lubuska-1-pokoj-o1n9x5,https://s2.adresowa.pl/oi/4d/49/410ef2_c0d4_cover@2x-1-pokojowe-mieszkanie-wroclaw-krzyki-ul-lubuska.webp
Wrocław Kozanów,ul. Dokerska,2,36,550000,15278,bez pośredników,,8,https://adresowo.pl/o/mieszkanie-wroclaw-kozanow-ul-dokerska-2-pokojowe-h6x7c8,https://s2.adresowa.pl/oi/6e/15/410bc4_572f_cover@2x-2-pokojowe-mieszkanie-wroclaw-kozanow-ul-dokerska.webp
Wrocław Stabłowice,ul. Łomnicka,3,50,578450,11569,bez pośredników,,+22 podobne oferty,https://adresowo.pl/o/mieszkanie-wroclaw-stablowice-ul-lomnicka-3-pokojowe-c1d7v6,https://s2.adresowa.pl/development/673384/nowe-mieszkania-vista-eco-budynek-a-c0cb_cover.jpg
Wrocław,ul. Olbrachtowska,1,30,409500,13650,Pośrednik,,7,https://adresowo.pl/o/mieszkanie-wroclaw-ul-olbrachtowska-1-pokoj-f4o7r4,https://s2.adresowa.pl/oi/54/48/410dcc_3cc0_cover@2x-1-pokojowe-mieszkanie-wroclaw-ul-olbrachtowska.webp
Wrocław,ul. Przejście Garncarskie,1,35,699000,19971,Pośrednik,,19,https://adresowo.pl/o/mieszkanie-wroclaw-ul-przejscie-garncarskie-1-pokoj-w4h7j6,https://s2.adresowa.pl/oi/42/3b/410db8_4cc7_cover@2x-1-pokojowe-mieszkanie-wroclaw-ul-przejscie-garncarskie.webp
Wrocław Stare Miasto,ul. Zachodnia,4,63,670000,10635,bez pośredników,,5,https://adresowo.pl/o/mieszkanie-wroclaw-stare-miasto-ul-zachodnia-4-pokojowe-c3n6l0,https://s2.adresowa.pl/oi/3a/71/410a3c_f44d_cover@2x-4-pokojowe-mieszkanie-wroclaw-stare-miasto-ul-zachodnia.webp
Wrocław Gaj,ul. Krynicka,4,66,660000,10000,bez pośredników,,5,https://adresowo.pl/o/mieszkanie-wroclaw-gaj-ul-krynicka-4-pokojowe-z6o2g6,https://s2.adresowa.pl/oi/56/10/410a38_4383_cover@2x-4-pokojowe-mieszkanie-wroclaw-gaj-ul-krynicka.webp
Wrocław Stabłowice,ul. Łomnicka,1,32,433356,13542,bez pośredników,,+3 podobne oferty,https://adresowo.pl/o/mieszkanie-wroclaw-stablowice-ul-lomnicka-1-pokoj-v2q5h4,https://s2.adresowa.pl/development/673384/nowe-mieszkania-vista-eco-budynek-a-c0cb_cover.jpg
Wrocław,ul. Deszczowa,3,94,1220000,12979,Pośrednik,,20,https://adresowo.pl/o/mieszkanie-wroclaw-ul-deszczowa-3-pokojowe-q4p3z1,https://s2.adresowa.pl/oi/14/2f/410db4_ab0c_cover@2x-3-pokojowe-mieszkanie-wroclaw-ul-deszczowa.webp
Wrocław,ul. Walońska,2,50,925000,18500,Pośrednik,,15,https://adresowo.pl/o/mieszkanie-wroclaw-ul-walonska-2-pokojowe-k1p9w7,https://s2.adresowa.pl/oi/79/10/410ca2_a1a3_cover@2x-2-pokojowe-mieszkanie-wroclaw-ul-walonska.webp
Wrocław Śródmieście,ul. Juliana Ursyna Niemcewicza,4,88,670000,7614,bez pośredników,,4,https://adresowo.pl/o/mieszkanie-wroclaw-srodmiescie-ul-juliana-ursyna-niemcewicza-4-pokojowe-f5j5y6,https://s2.adresowa.pl/oi/76/76/410a36_43ca_cover@2x-4-pokojowe-mieszkanie-wroclaw-srodmiescie-ul-juliana-ursyna-niemcewicza.webp
Wrocław Krzyki,ul. Orzechowa,4,70,670000,9571,bez pośredników,,6,https://adresowo.pl/o/mieszkanie-wroclaw-krzyki-ul-orzechowa-4-pokojowe-w2i8a1,https://s2.adresowa.pl/oi/25/59/410a34_b13d_cover@2x-4-pokojowe-mieszkanie-wroclaw-krzyki-ul-orzechowa.webp
Wrocław Stabłowice,ul. Łomnicka,4,69,825860,11969,bez pośredników,,+3 podobne oferty,https://adresowo.pl/o/mieszkanie-wroclaw-stablowice-ul-lomnicka-4-pokojowe-k1l3w1,https://s2.adresowa.pl/development/673384/nowe-mieszkania-vista-eco-budynek-a-c0cb_cover.jpg
Wrocław Krzyki,ul. Studzienna,2,42,599000,14262,Pośrednik,,10,https://adresowo.pl/o/mieszkanie-wroclaw-krzyki-ul-studzienna-2-pokojowe-p5i4e5,https://s2.adresowa.pl/oi/4f/26/410c5c_c883_cover@2x-2-pokojowe-mieszkanie-wroclaw-krzyki-ul-studzienna.webp
Wrocław,ul. Popowicka,3,57,579000,10158,Pośrednik,,6,https://adresowo.pl/o/mieszkanie-wroclaw-ul-popowicka-3-pokojowe-t2h2j1,https://s2.adresowa.pl/oi/73/6b/410b60_3c5d_cover@2x-3-pokojowe-mieszkanie-wroclaw-ul-popowicka.webp
Wrocław Stare Miasto,ul. Łęczycka,2,35,398500,11386,bez pośredników,,18,https://adresowo.pl/o/mieszkanie-wroclaw-stare-miasto-ul-leczycka-2-pokojowe-m0e4n5,https://s2.adresowa.pl/oi/3d/53/410a2c_4e7f_cover@2x-2-pokojowe-mieszkanie-wroclaw-stare-miasto-ul-leczycka.webp
Wrocław Muchobór Wielki,ul. Marka Hłaski,1,31,419000,13516,bez pośredników,,7,https://adresowo.pl/o/mieszkanie-wroclaw-muchobor-wielki-ul-marka-hlaski-1-pokoj-v5c5f1,https://s2.adresowa.pl/oi/3f/58/41098e_774b_cover@2x-1-pokojowe-mieszkanie-wroclaw-muchobor-wielki-ul-marka-hlaski.webp
Wrocław Żerniki,ul. Tadeusza Brzozy,2,38,zapytaj,,bez pośredników,,+92 podobne oferty,https://adresowo.pl/o/mieszkanie-wroclaw-zerniki-ul-tadeusza-brzozy-2-pokojowe-o9z7e6,https://s2.adresowa.pl/development/671228/nowe-mieszkania-wuwa-vita-3cce_cover.jpg
Wrocław Tarnogaj,ul. Piękna,4,98,1352340,13799,Pośrednik,,16,https://adresowo.pl/o/mieszkanie-wroclaw-tarnogaj-ul-piekna-4-pokojowe-t2u0v6,https://s2.adresowa.pl/oi/1e/4a/4108f4_a288_cover@2x-4-pokojowe-mieszkanie-wroclaw-tarnogaj-ul-piekna.webp
Wrocław Kleczków,ul. Emila Zegadłowicza,2,41,479000,11683,Pośrednik,,33,https://adresowo.pl/o/mieszkanie-wroclaw-kleczkow-ul-emila-zegadlowicza-2-pokojowe-e2d1i7,https://s2.adresowa.pl/oi/36/38/4108be_56de_cover@2x-2-pokojowe-mieszkanie-wroclaw-kleczkow-ul-emila-zegadlowicza.webp
Wrocław Szczepin,ul. Głogowska,2,39,500000,12821,bez pośredników,,22,https://adresowo.pl/o/mieszkanie-wroclaw-szczepin-ul-glogowska-2-pokojowe-n0j4r4,https://s2.adresowa.pl/oi/3c/37/41086a_8ddf_cover@2x-2-pokojowe-mieszkanie-wroclaw-szczepin-ul-glogowska.webp
Wrocław Krzyki,ul. Borowska,3,59,770000,13051,bez pośredników,,12,https://adresowo.pl/o/mieszkanie-wroclaw-krzyki-ul-borowska-3-pokojowe-q6v4m6,https://s2.adresowa.pl/oi/17/1e/41083e_7977_cover@2x-3-pokojowe-mieszkanie-wroclaw-krzyki-ul-borowska.webp
Wrocław Złotniki,ul. Podhalańska,2,41,zapytaj,,bez pośredników,,+53 podobne oferty,https://adresowo.pl/o/mieszkanie-wroclaw-zlotniki-ul-podhalanska-2-pokojowe-f9o3w9,https://s2.adresowa.pl/development/672394/nowe-mieszkania-podhalanska-vita-89e3_cover.jpg
Wrocław,ul. Szklarska,2,41,430000,10488,Pośrednik,,11,https://adresowo.pl/o/mieszkanie-wroclaw-ul-szklarska-2-pokojowe-w2y9n6,https://s2.adresowa.pl/oi/7f/3a/4108ac_a193_cover@2x-2-pokojowe-mieszkanie-wroclaw-ul-szklarska.webp
Wrocław,ul. Szklarska,2,36,390000,10833,Pośrednik,,10,https://adresowo.pl/o/mieszkanie-wroclaw-ul-szklarska-2-pokojowe-j6c1i1,https://s2.adresowa.pl/oi/3c/5e/41089c_cf21_cover@2x-2-pokojowe-mieszkanie-wroclaw-ul-szklarska.webp
Wrocław Krzyki,ul. gen. Józefa Haukego-Bosaka,3,59,795000,13475,bez pośredników,,19,https://adresowo.pl/o/mieszkanie-wroclaw-krzyki-ul-gen-jozefa-haukego-bosaka-3-pokojowe-o7j2b2,https://s2.adresowa.pl/oi/1e/52/410800_ddc0_cover@2x-3-pokojowe-mieszkanie-wroclaw-krzyki-ul-gen-jozefa-haukego-bosaka.webp
Wrocław Śródmieście,ul. Mikołaja Sępa-Szarzyńskiego,3,58,770000,13276,bez pośredników,,8,https://adresowo.pl/o/mieszkanie-wroclaw-srodmiescie-ul-mikolaja-sepa-szarzynskiego-3-pokojowe-w2g5q6,https://s2.adresowa.pl/oi/24/25/410522_c794_cover@2x-3-pokojowe-mieszkanie-wroclaw-srodmiescie-ul-mikolaja-sepa-szarzynskiego.webp
Wrocław Pilczyce,ul. Pilczycka,2,38,zapytaj,,bez pośredników,,+72 podobne oferty,https://adresowo.pl/o/mieszkanie-wroclaw-pilczyce-ul-pilczycka-2-pokojowe-b1p2x3,https://s2.adresowa.pl/development/673044/nowe-mieszkania-pilczycka-vita-a532_cover.jpg
Wrocław Śródmieście,ul. Tadeusza Kościuszki,1,42,479000,11405,Pośrednik,,12,https://adresowo.pl/o/mieszkanie-wroclaw-srodmiescie-ul-tadeusza-kosciuszki-1-pokoj-f5b2a4,https://s2.adresowa.pl/oi/1c/67/410876_7430_cover@2x-1-pokojowe-mieszkanie-wroclaw-srodmiescie-ul-tadeusza-kosciuszki.webp
Wrocław Księże Małe,ul. Opolska,2,36,530000,14722,Pośrednik,,18,https://adresowo.pl/o/mieszkanie-wroclaw-ksieze-male-ul-opolska-2-pokojowe-s2m6h7,https://s2.adresowa.pl/oi/50/24/410662_332f_cover@2x-2-pokojowe-mieszkanie-wroclaw-ksieze-male-ul-opolska.webp
Wrocław Gajowice,ul. Stalowa,2,37,520000,14054,bez pośredników,,10,https://adresowo.pl/o/mieszkanie-wroclaw-gajowice-ul-stalowa-2-pokojowe-i6f0d9,https://s2.adresowa.pl/oi/4b/29/41051a_d4d9_cover@2x-2-pokojowe-mieszkanie-wroclaw-gajowice-ul-stalowa.webp
Wrocław Krzyki,ul. Międzyleska,2,36,zapytaj,,bez pośredników,,+84 podobne oferty,https://adresowo.pl/o/mieszkanie-wroclaw-krzyki-ul-miedzyleska-2-pokojowe-a1p5c9,https://s2.adresowa.pl/development/671806/nowe-mieszkania-przy-parku-vita-ecd7_cover.jpg
Wrocław,ul. Kwiska,3,53,739000,13943,Pośrednik,,20,https://adresowo.pl/o/mieszkanie-wroclaw-ul-kwiska-3-pokojowe-x6l4a0,https://s2.adresowa.pl/oi/49/6e/410658_5abe_cover@2x-3-pokojowe-mieszkanie-wroclaw-ul-kwiska.webp
Wrocław,Jagodno,2,43,650000,15116,Pośrednik,,7,https://adresowo.pl/o/mieszkanie-wroclaw-jagodno-2-pokojowe-43-m2-f9x8q1,https://s2.adresowa.pl/oi/6f/26/40f6be_9c7d_cover@2x-2-pokojowe-mieszkanie-wroclaw-jagodno.webp
Wrocław Krzyki,al. gen. Józefa Hallera 5,1,34,529000,15559,bez pośredników,,15,https://adresowo.pl/o/mieszkanie-wroclaw-krzyki-al-gen-jozefa-hallera-1-pokoj-e9d6i6,https://s2.adresowa.pl/oi/24/2a/41002c_f484_cover@2x-1-pokojowe-mieszkanie-wroclaw-krzyki-al-gen-jozefa-hallera.webp
Wrocław Fabryczna,ul. Stalowa,2,41,489000,11927,bez pośredników,,7,https://adresowo.pl/o/mieszkanie-wroclaw-fabryczna-ul-stalowa-2-pokojowe-h0b1v3,https://s2.adresowa.pl/oi/25/64/41050a_7ea9_cover@2x-2-pokojowe-mieszkanie-wroclaw-fabryczna-ul-stalowa.webp
Wrocław Nowy Dwór,ul. Nowodworska,2,48,620000,12917,bez pośredników,,9,https://adresowo.pl/o/mieszkanie-wroclaw-nowy-dwor-ul-nowodworska-2-pokojowe-z6y0y0,https://s2.adresowa.pl/oi/49/43/41043c_6466_cover@2x-2-pokojowe-mieszkanie-wroclaw-nowy-dwor-ul-nowodworska.webp
Wrocław Ołtaszyn,ul. Orawska,2,38,zapytaj,,bez pośredników,,+12 podobnych ofert,https://adresowo.pl/o/mieszkanie-wroclaw-oltaszyn-ul-orawska-2-pokojowe-p1s5n1,https://s2.adresowa.pl/development/671232/nowe-mieszkania-orawska-vita-1235_cover.jpg
Wrocław Stabłowice,ul. Olbrachtowska,2,35,549000,15686,Pośrednik,,9,https://adresowo.pl/o/mieszkanie-wroclaw-stablowice-ul-olbrachtowska-2-pokojowe-q7a4w0,https://s2.adresowa.pl/oi/2b/48/40f652_4ec4_cover@2x-2-pokojowe-mieszkanie-wroclaw-stablowice-ul-olbrachtowska.webp
Wrocław,ul. Sokola,3,64,899000,14047,Pośrednik,,9,https://adresowo.pl/o/mieszkanie-wroclaw-ul-sokola-3-pokojowe-i0b3y9,https://s2.adresowa.pl/oi/3f/29/40f526_6733_cover@2x-3-pokojowe-mieszkanie-wroclaw-ul-sokola.webp
Wrocław Krzyki,ul. ks. Czesława Klimasa,2,38,639000,16816,bez pośredników,,16,https://adresowo.pl/o/mieszkanie-wroclaw-krzyki-ul-ks-czeslawa-klimasa-2-pokojowe-s5o6n3,https://s2.adresowa.pl/oi/19/25/4103b4_2e0a_cover@2x-2-pokojowe-mieszkanie-wroclaw-krzyki-ul-ks-czeslawa-klimasa.webp
Wrocław Popowice,ul. Bobrza,2,32,470000,14688,bez pośredników,,8,https://adresowo.pl/o/mieszkanie-wroclaw-popowice-ul-bobrza-2-pokojowe-l0v2w2,https://s2.adresowa.pl/oi/3b/14/410390_7dd2_cover@2x-2-pokojowe-mieszkanie-wroclaw-popowice-ul-bobrza.webp
Wrocław Tarnogaj,ul. Piękna,2,42,zapytaj,,bez pośredników,,+22 podobne oferty,https://adresowo.pl/o/mieszkanie-wroclaw-tarnogaj-ul-piekna-2-pokojowe-i2v8x4,https://s2.adresowa.pl/development/671658/nowe-mieszkania-piekna-vita-647d_cover.jpg
Wrocław Krzyki,ul. Wróbla,3,50,599000,11980,Pośrednik,,15,https://adresowo.pl/o/mieszkanie-wroclaw-krzyki-ul-wrobla-3-pokojowe-d2e9g9,https://s2.adresowa.pl/oi/69/63/40f43c_77ba_cover@2x-3-pokojowe-mieszkanie-wroclaw-krzyki-ul-wrobla.webp
Wrocław Psie Pole,ul. Odolanowska,4,69,869000,12594,Pośrednik,,6,https://adresowo.pl/o/mieszkanie-wroclaw-psie-pole-ul-odolanowska-4-pokojowe-t9v5o2,https://s2.adresowa.pl/oi/12/2c/40f17e_b459_cover@2x-4-pokojowe-mieszkanie-wroclaw-psie-pole-ul-odolanowska.webp
Wrocław Muchobór Wielki,ul. Jurija Gagarina,3,61,900000,14754,bez pośredników,,17,https://adresowo.pl/o/mieszkanie-wroclaw-muchobor-wielki-ul-jurija-gagarina-3-pokojowe-n5c1c8,https://s2.adresowa.pl/oi/16/3a/410090_92cc_cover@2x-3-pokojowe-mieszkanie-wroclaw-muchobor-wielki-ul-jurija-gagarina.webp
Wrocław,ul. Kamienna,5,64,850000,13281,bez pośredników,,14,https://adresowo.pl/o/mieszkanie-wroclaw-ul-kamienna-5-pokojowe-l1j2x3,https://s2.adresowa.pl/oi/64/4c/40fff6_822c_cover@2x-5-pokojowe-mieszkanie-wroclaw-ul-kamienna.webp
Wrocław Popowice,ul. Legnicka,2,45,zapytaj,,bez pośredników,,+7 podobnych ofert,https://adresowo.pl/o/mieszkanie-wroclaw-popowice-ul-legnicka-2-pokojowe-v1i1k0,https://s2.adresowa.pl/development/671236/nowe-mieszkania-legnicka-vita-d2a6_cover.jpg
Wrocław Krzyki,al. Armii Krajowej,5,147,1652224,11240,Pośrednik,,8,https://adresowo.pl/o/mieszkanie-wroclaw-krzyki-al-armii-krajowej-5-pokojowe-k1r6w9,https://s2.adresowa.pl/oi/65/10/40f0a4_e879_cover@2x-5-pokojowe-mieszkanie-wroclaw-krzyki-al-armii-krajowej.webp
Wrocław,ul. gen. Antoniego Madalińskiego,1,33,599000,18152,Pośrednik,,16,https://adresowo.pl/o/mieszkanie-wroclaw-ul-gen-antoniego-madalinskiego-1-pokoj-j6e9n5,https://s2.adresowa.pl/oi/23/32/40efe8_d045_cover@2x-1-pokojowe-mieszkanie-wroclaw-ul-gen-antoniego-madalinskiego.webp
Wrocław Krzyki,ul. Powstańców Śląskich,2,52,670000,12885,bez pośredników,,15,https://adresowo.pl/o/mieszkanie-wroclaw-krzyki-ul-powstancow-slaskich-2-pokojowe-l2k6g0,https://s2.adresowa.pl/oi/2a/1a/40fe60_3dc2_cover@2x-2-pokojowe-mieszkanie-wroclaw-krzyki-ul-powstancow-slaskich.webp
Wrocław Stare Miasto,ul. Więzienna,1,25,499000,19960,bez pośredników,,8,https://adresowo.pl/o/mieszkanie-wroclaw-stare-miasto-ul-wiezienna-1-pokoj-o5y6j5,https://s2.adresowa.pl/oi/27/7c/40fe44_33ff_cover@2x-1-pokojowe-mieszkanie-wroclaw-stare-miasto-ul-wiezienna.webp
Wrocław Żerniki,ul. Tadeusza Brzozy,3,50,zapytaj,,bez pośredników,,+56 podobnych ofert,https://adresowo.pl/o/mieszkanie-wroclaw-zerniki-ul-tadeusza-brzozy-3-pokojowe-l1a9u6,https://s2.adresowa.pl/development/671228/nowe-mieszkania-wuwa-vita-3cce_cover.jpg
Wrocław Szczepin,ul. Dobra,3,46,628999,13674,Pośrednik,,14,https://adresowo.pl/o/mieszkanie-wroclaw-szczepin-ul-dobra-3-pokojowe-s0p1d3,https://s2.adresowa.pl/oi/18/7b/40ef7c_c547_cover@2x-3-pokojowe-mieszkanie-wroclaw-szczepin-ul-dobra.webp
Wrocław Psie Pole,ul. Zatorska,2,56,648000,11571,Pośrednik,,18,https://adresowo.pl/o/mieszkanie-wroclaw-psie-pole-ul-zatorska-2-pokojowe-r0t1i8,https://s2.adresowa.pl/oi/1f/23/40e8c4_c317_cover@2x-2-pokojowe-mieszkanie-wroclaw-psie-pole-ul-zatorska.webp
Wrocław Krzyki,ul. Gajowicka 155,3,74,1010475,13655,bez pośredników,,14,https://adresowo.pl/o/mieszkanie-wroclaw-krzyki-ul-gajowicka-3-pokojowe-l6a8h1,https://s2.adresowa.pl/oi/48/77/40fd9c_ce7a_cover@2x-3-pokojowe-mieszkanie-wroclaw-krzyki-ul-gajowicka.webp
Wrocław Grabiszyn,ul. Szczęśliwa,3,76,729600,9600,bez pośredników,,18,https://adresowo.pl/o/mieszkanie-wroclaw-grabiszyn-ul-szczesliwa-3-pokojowe-s6d7f0,https://s2.adresowa.pl/oi/64/54/40fcaa_fe77_cover@2x-3-pokojowe-mieszkanie-wroclaw-grabiszyn-ul-szczesliwa.webp
Wrocław Krzyki,ul. Międzyleska,3,58,zapytaj,,bez pośredników,,+50 podobnych ofert,https://adresowo.pl/o/mieszkanie-wroclaw-krzyki-ul-miedzyleska-3-pokojowe-m8b9s0,https://s2.adresowa.pl/development/671806/nowe-mieszkania-przy-parku-vita-ecd7_cover.jpg
Wrocław Muchobór Wielki,ul. Drohobycka,2,84,840000,10000,Pośrednik,,20,https://adresowo.pl/o/mieszkanie-wroclaw-muchobor-wielki-ul-drohobycka-2-pokojowe-q2s6r7,https://s2.adresowa.pl/oi/25/35/40e8c0_74f6_cover@2x-2-pokojowe-mieszkanie-wroclaw-muchobor-wielki-ul-drohobycka.webp
Wrocław Poświętne,ul. Hugona Kowarzyka,3,66,799000,12106,Pośrednik,,13,https://adresowo.pl/o/mieszkanie-wroclaw-poswietne-ul-hugona-kowarzyka-3-pokojowe-f9x1q1,https://s2.adresowa.pl/oi/66/4c/40e822_986b_cover@2x-3-pokojowe-mieszkanie-wroclaw-poswietne-ul-hugona-kowarzyka.webp
Wrocław Fabryczna,ul. Strzegomska,2,31,519000,16742,bez pośredników,,13,https://adresowo.pl/o/mieszkanie-wroclaw-fabryczna-ul-strzegomska-2-pokojowe-w2m7f3,https://s2.adresowa.pl/oi/6b/17/40fc60_6457_cover@2x-2-pokojowe-mieszkanie-wroclaw-fabryczna-ul-strzegomska.webp
Wrocław Śródmieście,ul. Antoniego Wiwulskiego,3,68,1125000,16544,bez pośredników,,12,https://adresowo.pl/o/mieszkanie-wroclaw-srodmiescie-ul-antoniego-wiwulskiego-3-pokojowe-f6i9r8,https://s2.adresowa.pl/oi/5d/2b/40f85e_b686_cover@2x-3-pokojowe-mieszkanie-wroclaw-srodmiescie-ul-antoniego-wiwulskiego.webp
Wrocław Złotniki,ul. Podhalańska,3,59,zapytaj,,bez pośredników,,+69 podobnych ofert,https://adresowo.pl/o/mieszkanie-wroclaw-zlotniki-ul-podhalanska-3-pokojowe-w1h6f1,https://s2.adresowa.pl/development/672394/nowe-mieszkania-podhalanska-vita-89e3_cover.jpg
Wrocław Krzyki,ul. Tadeusza Zielińskiego,3,57,699950,12280,Pośrednik,,11,https://adresowo.pl/o/mieszkanie-wroclaw-krzyki-ul-tadeusza-zielinskiego-3-pokojowe-r0w0o7,https://s2.adresowa.pl/oi/4e/1c/40e652_2917_cover@2x-3-pokojowe-mieszkanie-wroclaw-krzyki-ul-tadeusza-zielinskiego.webp
Wrocław,ul. Stefana Żeromskiego,2,39,590000,15128,Pośrednik,,11,https://adresowo.pl/o/mieszkanie-wroclaw-ul-stefana-zeromskiego-2-pokojowe-m7r4b2,https://s2.adresowa.pl/oi/3c/26/40e64a_82ed_cover@2x-2-pokojowe-mieszkanie-wroclaw-ul-stefana-zeromskiego.webp
Wrocław Krzyki,ul. Gajowa,2,50,600000,12000,bez pośredników,,20,https://adresowo.pl/o/mieszkanie-wroclaw-krzyki-ul-gajowa-2-pokojowe-q7f5d5,https://s2.adresowa.pl/oi/59/51/40f850_afd5_cover@2x-2-pokojowe-mieszkanie-wroclaw-krzyki-ul-gajowa.webp
Wrocław Śródmieście,ul. Ptasia,1,28,580000,20714,bez pośredników,,8,https://adresowo.pl/o/mieszkanie-wroclaw-srodmiescie-ul-ptasia-1-pokoj-q4x0b4,https://s2.adresowa.pl/oi/72/43/40f776_533b_cover@2x-1-pokojowe-mieszkanie-wroclaw-srodmiescie-ul-ptasia.webp
Wrocław Pilczyce,ul. Pilczycka,3,60,zapytaj,,bez pośredników,,+46 podobnych ofert,https://adresowo.pl/o/mieszkanie-wroclaw-pilczyce-ul-pilczycka-3-pokojowe-y6w8o0,https://s2.adresowa.pl/development/673044/nowe-mieszkania-pilczycka-vita-a532_cover.jpg
Wrocław Fabryczna,ul. Grabiszyńska,1,27,463999,17185,Pośrednik,,13,https://adresowo.pl/o/mieszkanie-wroclaw-fabryczna-ul-grabiszynska-1-pokoj-m7h5d0,https://s2.adresowa.pl/oi/5f/40/40e63e_ef94_cover@2x-1-pokojowe-mieszkanie-wroclaw-fabryczna-ul-grabiszynska.webp
Wrocław Kozanów,ul. Pilczycka,4,72,749000,10403,Pośrednik,,43,https://adresowo.pl/o/mieszkanie-wroclaw-kozanow-ul-pilczycka-4-pokojowe-n8n6y6,https://s2.adresowa.pl/oi/68/6a/40e204_a08c_cover@2x-4-pokojowe-mieszkanie-wroclaw-kozanow-ul-pilczycka.webp
Wrocław Krzyki,ul. Orzechowa,3,60,710000,11833,bez pośredników,,3,https://adresowo.pl/o/mieszkanie-wroclaw-krzyki-ul-orzechowa-3-pokojowe-f9n8f3,https://s2.adresowa.pl/oi/66/2f/40f70e_da63_cover@2x-3-pokojowe-mieszkanie-wroclaw-krzyki-ul-orzechowa.webp
Wrocław Różanka,ul. Obornicka,2,45,819000,18200,bez pośredników,,5,https://adresowo.pl/o/mieszkanie-wroclaw-rozanka-ul-obornicka-2-pokojowe-w5w6l7,https://s2.adresowa.pl/oi/1c/5e/40f676_4099_cover@2x-2-pokojowe-mieszkanie-wroclaw-rozanka-ul-obornicka.webp
Wrocław Popowice,ul. Legnicka,3,60,zapytaj,,bez pośredników,,+20 podobnych ofert,https://adresowo.pl/o/mieszkanie-wroclaw-popowice-ul-legnicka-3-pokojowe-r1v5f4,https://s2.adresowa.pl/development/671236/nowe-mieszkania-legnicka-vita-d2a6_cover.jpg
Wrocław,ul. Hubska,2,48,528999,11021,Pośrednik,,12,https://adresowo.pl/o/mieszkanie-wroclaw-ul-hubska-2-pokojowe-l3d3p4,https://s2.adresowa.pl/oi/12/16/40de82_dcb8_cover@2x-2-pokojowe-mieszkanie-wroclaw-ul-hubska.webp
Wrocław Borek,al. Lipowa 22,2,53,205000,3868,Pośrednik,,32,https://adresowo.pl/o/mieszkanie-wroclaw-borek-al-lipowa-2-pokojowe-m7t2c7,https://s2.adresowa.pl/oi/4b/5b/40dbe8_5c4e_cover@2x-2-pokojowe-mieszkanie-wroclaw-borek-al-lipowa.webp
Wrocław Śródmieście,ul. Nowowiejska,2,34,480000,14118,bez pośredników,,6,https://adresowo.pl/o/mieszkanie-wroclaw-srodmiescie-ul-nowowiejska-2-pokojowe-r4a9l9,https://s2.adresowa.pl/oi/41/66/40f662_7f1e_cover@2x-2-pokojowe-mieszkanie-wroclaw-srodmiescie-ul-nowowiejska.webp
Wrocław,Maślice,3,68,890000,13088,bez pośredników,,8,https://adresowo.pl/o/mieszkanie-wroclaw-maslice-3-pokojowe-68-m2-t6k7d4,https://s2.adresowa.pl/oi/34/7e/40f4b2_e8c6_cover@2x-3-pokojowe-mieszkanie-wroclaw-maslice.webp
Wrocław Ołtaszyn,ul. Orawska,3,61,zapytaj,,bez pośredników,,+7 podobnych ofert,https://adresowo.pl/o/mieszkanie-wroclaw-oltaszyn-ul-orawska-3-pokojowe-h8z0w6,https://s2.adresowa.pl/development/671232/nowe-mieszkania-orawska-vita-1235_cover.jpg
Wrocław Krzyki,ul. Krucza,3,57,699000,12263,Pośrednik,,20,https://adresowo.pl/o/mieszkanie-wroclaw-krzyki-ul-krucza-3-pokojowe-r4n7u8,https://s2.adresowa.pl/oi/5b/18/40d844_c515_cover@2x-3-pokojowe-mieszkanie-wroclaw-krzyki-ul-krucza.webp
Wrocław Psie Pole,ul. Ferdynanda Magellana,3,52,785000,15096,Pośrednik,,15,https://adresowo.pl/o/mieszkanie-wroclaw-psie-pole-ul-ferdynanda-magellana-3-pokojowe-c3r3r8,https://s2.adresowa.pl/oi/11/34/40d81c_f996_cover@2x-3-pokojowe-mieszkanie-wroclaw-psie-pole-ul-ferdynanda-magellana.webp
Wrocław Fabryczna,ul. Hutnicza,2,48,599000,12479,bez pośredników,,14,https://adresowo.pl/o/mieszkanie-wroclaw-fabryczna-ul-hutnicza-2-pokojowe-p0w7h5,https://s2.adresowa.pl/oi/1a/23/40f33a_d277_cover@2x-2-pokojowe-mieszkanie-wroclaw-fabryczna-ul-hutnicza.webp
Wrocław Krzyki,ul. Komandorska,2,41,530000,12927,bez pośredników,,11,https://adresowo.pl/o/mieszkanie-wroclaw-krzyki-ul-komandorska-2-pokojowe-a5e4u6,https://s2.adresowa.pl/oi/2e/21/40f2de_85b0_cover@2x-2-pokojowe-mieszkanie-wroclaw-krzyki-ul-komandorska.webp
Wrocław Tarnogaj,ul. Piękna,3,68,zapytaj,,bez pośredników,,+1 podobna oferta,https://adresowo.pl/o/mieszkanie-wroclaw-tarnogaj-ul-piekna-3-pokojowe-i1z3e2,https://s2.adresowa.pl/development/671658/nowe-mieszkania-piekna-vita-647d_cover.jpg
Wrocław,ul. Dworcowa 6,2,54,188000,3481,Pośrednik,,25,https://adresowo.pl/o/mieszkanie-wroclaw-ul-dworcowa-2-pokojowe-p7k9c0,https://s2.adresowa.pl/oi/4b/44/40d7fe_a6a3_cover@2x-2-pokojowe-mieszkanie-wroclaw-ul-dworcowa.webp
Wrocław Różanka,ul. Obornicka,4,57,749000,13140,Pośrednik,,8,https://adresowo.pl/o/mieszkanie-wroclaw-rozanka-ul-obornicka-4-pokojowe-k1y0x5,https://s2.adresowa.pl/oi/1e/3b/40d1b8_51ad_cover@2x-4-pokojowe-mieszkanie-wroclaw-rozanka-ul-obornicka.webp
Wrocław,Stabłowice,3,60,810000,13500,bez pośredników,,8,https://adresowo.pl/o/mieszkanie-wroclaw-stablowice-3-pokojowe-60-m2-h8c7l1,https://s2.adresowa.pl/oi/5f/70/40f1e4_6f10_cover@2x-3-pokojowe-mieszkanie-wroclaw-stablowice.webp
Wrocław Maślice,ul. Ruczajowa,4,78,1195000,15321,bez pośredników,,11,https://adresowo.pl/o/mieszkanie-wroclaw-maslice-ul-ruczajowa-4-pokojowe-x2u4u5,https://s2.adresowa.pl/oi/13/4a/40f066_b9b1_cover@2x-4-pokojowe-mieszkanie-wroclaw-maslice-ul-ruczajowa.webp
Wrocław Pilczyce,ul. Pilczycka,1,29,zapytaj,,bez pośredników,,+25 podobnych ofert,https://adresowo.pl/o/mieszkanie-wroclaw-pilczyce-ul-pilczycka-1-pokoj-w2e3y6,https://s2.adresowa.pl/development/673044/nowe-mieszkania-pilczycka-vita-a532_cover.jpg
Wrocław Szczepin,ul. Nabycińska 11,1,25,339000,13560,Pośrednik,,11,https://adresowo.pl/o/mieszkanie-wroclaw-szczepin-ul-nabycinska-1-pokoj-n3g9r5,https://s2.adresowa.pl/oi/2d/4c/40d1b4_396c_cover@2x-1-pokojowe-mieszkanie-wroclaw-szczepin-ul-nabycinska.webp
Wrocław Pilczyce,ul. Lotnicza,3,65,699000,10754,Pośrednik,,16,https://adresowo.pl/o/mieszkanie-wroclaw-pilczyce-ul-lotnicza-3-pokojowe-m1a3i0,https://s2.adresowa.pl/oi/57/55/40d1b0_90f9_cover@2x-3-pokojowe-mieszkanie-wroclaw-pilczyce-ul-lotnicza.webp
Wrocław Śródmieście,ul. Jedności Narodowej,2,46,640000,13913,bez pośredników,,9,https://adresowo.pl/o/mieszkanie-wroclaw-srodmiescie-ul-jednosci-narodowej-2-pokojowe-t1w6x1,https://s2.adresowa.pl/oi/59/53/40efb4_3958_cover@2x-2-pokojowe-mieszkanie-wroclaw-srodmiescie-ul-jednosci-narodowej.webp
Wrocław Fabryczna,ul. Legnicka,3,74,920000,12432,bez pośredników,,6,https://adresowo.pl/o/mieszkanie-wroclaw-fabryczna-ul-legnicka-3-pokojowe-h0b3b5,https://s2.adresowa.pl/oi/40/34/40cdba_da7d_cover@2x-3-pokojowe-mieszkanie-wroclaw-fabryczna-ul-legnicka.webp
Wrocław Żerniki,ul. Tadeusza Brzozy,1,30,zapytaj,,bez pośredników,,+12 podobnych ofert,https://adresowo.pl/o/mieszkanie-wroclaw-zerniki-ul-tadeusza-brzozy-1-pokoj-w9g1p2,https://s2.adresowa.pl/development/671228/nowe-mieszkania-wuwa-vita-3cce_cover.jpg
Wrocław Oporów,ul. Emila Zoli,3,75,969000,12920,Pośrednik,,12,https://adresowo.pl/o/mieszkanie-wroclaw-oporow-ul-emila-zoli-3-pokojowe-i4m5p0,https://s2.adresowa.pl/oi/62/21/40d1ac_b30b_cover@2x-3-pokojowe-mieszkanie-wroclaw-oporow-ul-emila-zoli.webp
Wrocław Wojszyce,ul. Przystankowa,3,74,849000,11473,Pośrednik,,19,https://adresowo.pl/o/mieszkanie-wroclaw-wojszyce-ul-przystankowa-3-pokojowe-p5s3v6,https://s2.adresowa.pl/oi/47/31/40d1a8_7eba_cover@2x-3-pokojowe-mieszkanie-wroclaw-wojszyce-ul-przystankowa.webp
Wrocław Stare Miasto,ul. Legnicka,1,26,599000,23038,bez pośredników,,8,https://adresowo.pl/o/mieszkanie-wroclaw-stare-miasto-ul-legnicka-1-pokoj-t2w4i8,https://s2.adresowa.pl/oi/4b/4e/40ed76_ee5b_cover@2x-1-pokojowe-mieszkanie-wroclaw-stare-miasto-ul-legnicka.webp
Wrocław Krzyki,ul. Nyska,3,52,1040000,20000,bez pośredników,,18,https://adresowo.pl/o/mieszkanie-wroclaw-krzyki-ul-nyska-3-pokojowe-m3i2a0,https://s2.adresowa.pl/oi/48/47/40ed52_65ee_cover@2x-3-pokojowe-mieszkanie-wroclaw-krzyki-ul-nyska.webp
Wrocław Złotniki,ul. Podhalańska,1,31,zapytaj,,bez pośredników,,+7 podobnych ofert,https://adresowo.pl/o/mieszkanie-wroclaw-zlotniki-ul-podhalanska-1-pokoj-l4v6l3,https://s2.adresowa.pl/development/672394/nowe-mieszkania-podhalanska-vita-89e3_cover.jpg
Wrocław,Grabiszyn,1,26,429000,16500,Pośrednik,,5,https://adresowo.pl/o/mieszkanie-wroclaw-grabiszyn-1-pokoj-26-m2-c6l2k2,https://s2.adresowa.pl/oi/31/61/40d1a4_782f_cover@2x-1-pokojowe-mieszkanie-wroclaw-grabiszyn.webp
Wrocław Szczepin,ul. Długa,3,98,1580000,16122,Pośrednik,,6,https://adresowo.pl/o/mieszkanie-wroclaw-szczepin-ul-dluga-3-pokojowe-c3r5l6,https://s2.adresowa.pl/oi/6e/73/40d190_c6cb_cover@2x-3-pokojowe-mieszkanie-wroclaw-szczepin-ul-dluga.webp
Wrocław Śródmieście,ul. Jedności Narodowej,3,50,989000,19780,bez pośredników,,12,https://adresowo.pl/o/mieszkanie-wroclaw-srodmiescie-ul-jednosci-narodowej-3-pokojowe-j8j9p6,https://s2.adresowa.pl/oi/6f/53/40ec92_f0e6_cover@2x-3-pokojowe-mieszkanie-wroclaw-srodmiescie-ul-jednosci-narodowej.webp
Wrocław Krzyki,ul. Tarnogajska,2,54,659000,12204,bez pośredników,,15,https://adresowo.pl/o/mieszkanie-wroclaw-krzyki-ul-tarnogajska-2-pokojowe-x7a6f6,https://s2.adresowa.pl/oi/19/24/40ea9e_f58d_cover@2x-2-pokojowe-mieszkanie-wroclaw-krzyki-ul-tarnogajska.webp
Wrocław Krzyki,ul. Międzyleska,1,29,zapytaj,,bez pośredników,,+12 podobnych ofert,https://adresowo.pl/o/mieszkanie-wroclaw-krzyki-ul-miedzyleska-1-pokoj-o5h1k1,https://s2.adresowa.pl/development/671806/nowe-mieszkania-przy-parku-vita-ecd7_cover.jpg
Wrocław Stare Miasto,ul. Ruska,3,62,599000,9661,Pośrednik,,10,https://adresowo.pl/o/mieszkanie-wroclaw-stare-miasto-ul-ruska-3-pokojowe-j2l3y2,https://s2.adresowa.pl/oi/5c/73/40d18a_b76a_cover@2x-3-pokojowe-mieszkanie-wroclaw-stare-miasto-ul-ruska.webp
Wrocław Gaj,ul. Świeradowska,4,68,749000,11015,Pośrednik,,7,https://adresowo.pl/o/mieszkanie-wroclaw-gaj-ul-swieradowska-4-pokojowe-y7u8n6,https://s2.adresowa.pl/oi/56/41/40d188_775b_cover@2x-4-pokojowe-mieszkanie-wroclaw-gaj-ul-swieradowska.webp
Wrocław Śródmieście,ul. Władysława Nehringa,5,93,1049100,11281,bez pośredników,,17,https://adresowo.pl/o/mieszkanie-wroclaw-srodmiescie-ul-wladyslawa-nehringa-5-pokojowe-g8f6b5,https://s2.adresowa.pl/oi/73/3c/40ea58_3abd_cover@2x-5-pokojowe-mieszkanie-wroclaw-srodmiescie-ul-wladyslawa-nehringa.webp
Wrocław Krzyki,ul. Tadeusza Zielińskiego,3,52,749000,14404,bez pośredników,,14,https://adresowo.pl/o/mieszkanie-wroclaw-krzyki-ul-tadeusza-zielinskiego-3-pokojowe-b7v0t0,https://s2.adresowa.pl/oi/7e/2a/40ea14_e105_cover@2x-3-pokojowe-mieszkanie-wroclaw-krzyki-ul-tadeusza-zielinskiego.webp
Wrocław Ołtaszyn,ul. Orawska,1,28,zapytaj,,bez pośredników,,12,https://adresowo.pl/o/mieszkanie-wroclaw-oltaszyn-ul-orawska-1-pokoj-r4b9p9,https://s2.adresowa.pl/development/671232/nowe-mieszkania-orawska-vita-1235_cover.jpg
Wrocław Szczepin,ul. Litomska,2,39,488000,12513,Pośrednik,,8,https://adresowo.pl/o/mieszkanie-wroclaw-szczepin-ul-litomska-2-pokojowe-u9b7t7,https://s2.adresowa.pl/oi/38/1f/40d186_ea26_cover@2x-2-pokojowe-mieszkanie-wroclaw-szczepin-ul-litomska.webp
Wrocław,ul. Podwale,3,80,1499000,18738,Pośrednik,,14,https://adresowo.pl/o/mieszkanie-wroclaw-ul-podwale-3-pokojowe-d6q8r4,https://s2.adresowa.pl/oi/49/51/40d182_9a8f_cover@2x-3-pokojowe-mieszkanie-wroclaw-ul-podwale.webp
Wrocław Psie Pole,ul. Nowogródzka,3,71,920000,12958,bez pośredników,,13,https://adresowo.pl/o/mieszkanie-wroclaw-psie-pole-ul-nowogrodzka-3-pokojowe-i5s5b0,https://s2.adresowa.pl/oi/18/5c/40ea22_2efe_cover@2x-3-pokojowe-mieszkanie-wroclaw-psie-pole-ul-nowogrodzka.webp
Wrocław,Krzyki,6,116,1200000,10345,bez pośredników,,19,https://adresowo.pl/o/mieszkanie-wroclaw-krzyki-6-pokojowe-116-m2-w9e3d6,https://s2.adresowa.pl/oi/75/14/40e98c_a701_cover@2x-6-pokojowe-mieszkanie-wroclaw-krzyki.webp
Wrocław Złotniki,ul. Podhalańska,4,77,zapytaj,,bez pośredników,,+28 podobnych ofert,https://adresowo.pl/o/mieszkanie-wroclaw-zlotniki-ul-podhalanska-4-pokojowe-g9y1t0,https://s2.adresowa.pl/development/672394/nowe-mieszkania-podhalanska-vita-89e3_cover.jpg
Wrocław Maślice,ul. Zawidowska,3,78,984900,12627,Pośrednik,,15,https://adresowo.pl/o/mieszkanie-wroclaw-maslice-ul-zawidowska-3-pokojowe-h6r8v9,https://s2.adresowa.pl/oi/22/62/40d17e_f3d2_cover@2x-3-pokojowe-mieszkanie-wroclaw-maslice-ul-zawidowska.webp
Wrocław Śródmieście,ul. Ignacego Daszyńskiego,1,34,330000,9706,Pośrednik,,6,https://adresowo.pl/o/mieszkanie-wroclaw-srodmiescie-ul-ignacego-daszynskiego-1-pokoj-c1u4l5,https://s2.adresowa.pl/oi/66/42/40cf2e_6b9e_cover@2x-1-pokojowe-mieszkanie-wroclaw-srodmiescie-ul-ignacego-daszynskiego.webp
Wrocław Oporów,ul. Władysława Chachaja,3,51,940000,18431,bez pośredników,,15,https://adresowo.pl/o/mieszkanie-wroclaw-oporow-ul-wladyslawa-chachaja-3-pokojowe-q9n7j8,https://s2.adresowa.pl/oi/26/6c/40e96c_cfe8_cover@2x-3-pokojowe-mieszkanie-wroclaw-oporow-ul-wladyslawa-chachaja.webp
Wrocław Popowice,ul. Białowieska,2,41,595000,14512,bez pośredników,,14,https://adresowo.pl/o/mieszkanie-wroclaw-popowice-ul-bialowieska-2-pokojowe-z0f3i2,https://s2.adresowa.pl/oi/2e/4b/40e8b6_2758_cover@2x-2-pokojowe-mieszkanie-wroclaw-popowice-ul-bialowieska.webp
Wrocław Ołtaszyn,ul. Orawska,4,71,zapytaj,,bez pośredników,,+16 podobnych ofert,https://adresowo.pl/o/mieszkanie-wroclaw-oltaszyn-ul-orawska-4-pokojowe-s1e3z6,https://s2.adresowa.pl/development/671232/nowe-mieszkania-orawska-vita-1235_cover.jpg
Wrocław Fabryczna,ul. Budziszyńska 14,4,82,644000,7854,Pośrednik,,24,https://adresowo.pl/o/mieszkanie-wroclaw-fabryczna-ul-budziszynska-4-pokojowe-x4d7c3,https://s2.adresowa.pl/oi/46/53/40cc62_2afd_cover@2x-4-pokojowe-mieszkanie-wroclaw-fabryczna-ul-budziszynska.webp
Wrocław Karłowice,ul. Bezpieczna 16,4,83,689000,8301,Pośrednik,,18,https://adresowo.pl/o/mieszkanie-wroclaw-karlowice-ul-bezpieczna-4-pokojowe-q1c9y0,https://s2.adresowa.pl/oi/51/6b/40cbf4_620d_cover@2x-4-pokojowe-mieszkanie-wroclaw-karlowice-ul-bezpieczna.webp
Wrocław Zakrzów,ul. Litewska,1,33,470000,14242,bez pośredników,,8,https://adresowo.pl/o/mieszkanie-wroclaw-zakrzow-ul-litewska-1-pokoj-k9c0p3,https://s2.adresowa.pl/oi/7c/1e/40e69e_95ef_cover@2x-1-pokojowe-mieszkanie-wroclaw-zakrzow-ul-litewska.webp
Wrocław Psie Pole,ul. Bolesława Krzywoustego,1,28,480000,17143,bez pośredników,,12,https://adresowo.pl/o/mieszkanie-wroclaw-psie-pole-ul-boleslawa-krzywoustego-1-pokoj-x0y5p8,https://s2.adresowa.pl/oi/72/6d/40e6f4_ff76_cover@2x-1-pokojowe-mieszkanie-wroclaw-psie-pole-ul-boleslawa-krzywoustego.webp
Wrocław Popowice,ul. Legnicka,4,85,zapytaj,,bez pośredników,,+42 podobne oferty,https://adresowo.pl/o/mieszkanie-wroclaw-popowice-ul-legnicka-4-pokojowe-c9p4w9,https://s2.adresowa.pl/development/671236/nowe-mieszkania-legnicka-vita-d2a6_cover.jpg
Wrocław Fabryczna,ul. Szybowcowa,4,64,899000,14047,Pośrednik,,19,https://adresowo.pl/o/mieszkanie-wroclaw-fabryczna-ul-szybowcowa-4-pokojowe-b7i8v1,https://s2.adresowa.pl/oi/10/26/40cb14_3c1b_cover@2x-4-pokojowe-mieszkanie-wroclaw-fabryczna-ul-szybowcowa.webp
Wrocław Śródmieście,ul. Marii Curie-Skłodowskiej,3,93,949000,10204,Pośrednik,,13,https://adresowo.pl/o/mieszkanie-wroclaw-srodmiescie-ul-marii-curie-sklodowskiej-3-pokojowe-f4y0v3,https://s2.adresowa.pl/oi/1a/32/40c8e6_d608_cover@2x-3-pokojowe-mieszkanie-wroclaw-srodmiescie-ul-marii-curie-sklodowskiej.webp
Wrocław Szczepin,ul. Ścinawska 4,3,50,674000,13480,bez pośredników,,32,https://adresowo.pl/o/mieszkanie-wroclaw-szczepin-ul-scinawska-3-pokojowe-p9h8s2,https://s2.adresowa.pl/oi/55/20/40e6aa_c9c9_cover@2x-3-pokojowe-mieszkanie-wroclaw-szczepin-ul-scinawska.webp
Wrocław Krzyki,ul. Przyjaźni,3,86,1450000,16860,bez pośredników,,15,https://adresowo.pl/o/mieszkanie-wroclaw-krzyki-ul-przyjazni-3-pokojowe-l1g4f3,https://s2.adresowa.pl/oi/3b/56/40e62a_7206_cover@2x-3-pokojowe-mieszkanie-wroclaw-krzyki-ul-przyjazni.webp
Wrocław Tarnogaj,ul. Piękna,4,91,zapytaj,,bez pośredników,,+1 podobna oferta,https://adresowo.pl/o/mieszkanie-wroclaw-tarnogaj-ul-piekna-4-pokojowe-h1q4t3,https://s2.adresowa.pl/development/671658/nowe-mieszkania-piekna-vita-647d_cover.jpg
Wrocław Krzyki,pl. Powstańców Śląskich,2,52,649000,12481,Pośrednik,,15,https://adresowo.pl/o/mieszkanie-wroclaw-krzyki-pl-powstancow-slaskich-2-pokojowe-b9x4g2,https://s2.adresowa.pl/oi/78/18/40c8cc_d778_cover@2x-2-pokojowe-mieszkanie-wroclaw-krzyki-pl-powstancow-slaskich.webp
Wrocław Śródmieście,pl. Katedralny 11-12,4,148,zapytaj,,Pośrednik,,34,https://adresowo.pl/o/mieszkanie-wroclaw-srodmiescie-pl-katedralny-4-pokojowe-d3h9n1,https://s2.adresowa.pl/oi/16/68/40c334_4a12_cover@2x-4-pokojowe-mieszkanie-wroclaw-srodmiescie-pl-katedralny.webp
Wrocław Ołtaszyn,ul. Brylantowa,3,47,699000,14872,bez pośredników,,5,https://adresowo.pl/o/mieszkanie-wroclaw-oltaszyn-ul-brylantowa-3-pokojowe-s2q0i1,https://s2.adresowa.pl/oi/71/2a/40e616_d2f6_cover@2x-3-pokojowe-mieszkanie-wroclaw-oltaszyn-ul-brylantowa.webp
Wrocław Jagodno,ul. Franza Petera Schuberta 50B,2,48,710000,14792,bez pośredników,,25,https://adresowo.pl/o/mieszkanie-wroclaw-jagodno-ul-franza-petera-schuberta-2-pokojowe-p6f5j4,https://s2.adresowa.pl/oi/1a/6e/40e592_fb48_cover@2x-2-pokojowe-mieszkanie-wroclaw-jagodno-ul-franza-petera-schuberta.webp
Wrocław Krzyki,ul. Międzyleska,4,75,zapytaj,,bez pośredników,,+25 podobnych ofert,https://adresowo.pl/o/mieszkanie-wroclaw-krzyki-ul-miedzyleska-4-pokojowe-k4q6l7,https://s2.adresowa.pl/development/671806/nowe-mieszkania-przy-parku-vita-ecd7_cover.jpg
Wrocław,Gaj,3,53,795064,15001,Pośrednik,,16,https://adresowo.pl/o/mieszkanie-wroclaw-gaj-3-pokojowe-53-m2-x9e2g2,https://s2.adresowa.pl/oi/22/70/40c05a_b845_cover@2x-3-pokojowe-mieszkanie-wroclaw-gaj.webp
Wrocław Nowy Dwór,ul. Rogowska,2,48,545000,11354,Pośrednik,,14,https://adresowo.pl/o/mieszkanie-wroclaw-nowy-dwor-ul-rogowska-2-pokojowe-s9e5k9,https://s2.adresowa.pl/oi/1a/41/40bede_f4bb_cover@2x-2-pokojowe-mieszkanie-wroclaw-nowy-dwor-ul-rogowska.webp
Wrocław Śródmieście,ul. Józefa Rostafińskiego,2,32,429000,13406,bez pośredników,,11,https://adresowo.pl/o/mieszkanie-wroclaw-srodmiescie-ul-jozefa-rostafinskiego-2-pokojowe-n7d7z6,https://s2.adresowa.pl/oi/1f/51/40e578_c466_cover@2x-2-pokojowe-mieszkanie-wroclaw-srodmiescie-ul-jozefa-rostafinskiego.webp
Wrocław,Karłowice,3,79,1190000,15063,bez pośredników,,17,https://adresowo.pl/o/mieszkanie-wroclaw-karlowice-3-pokojowe-79-m2-r5e5x2,https://s2.adresowa.pl/oi/63/66/40e320_e78f_cover@2x-3-pokojowe-mieszkanie-wroclaw-karlowice.webp
Wrocław Pilczyce,ul. Pilczycka,4,71,zapytaj,,bez pośredników,,+15 podobnych ofert,https://adresowo.pl/o/mieszkanie-wroclaw-pilczyce-ul-pilczycka-4-pokojowe-t4k0w9,https://s2.adresowa.pl/development/673044/nowe-mieszkania-pilczycka-vita-a532_cover.jpg
Wrocław Fabryczna,al. gen. Józefa Hallera,2,49,590000,12041,Pośrednik,,10,https://adresowo.pl/o/mieszkanie-wroclaw-fabryczna-al-gen-jozefa-hallera-2-pokojowe-o7g7d7,https://s2.adresowa.pl/oi/48/5d/40bc92_8000_cover@2x-2-pokojowe-mieszkanie-wroclaw-fabryczna-al-gen-jozefa-hallera.webp
Wrocław Szczepin,ul. Głogowska,2,39,485000,12436,Pośrednik,,9,https://adresowo.pl/o/mieszkanie-wroclaw-szczepin-ul-glogowska-2-pokojowe-y3k5m0,https://s2.adresowa.pl/oi/5f/67/40bc8a_d4a4_cover@2x-2-pokojowe-mieszkanie-wroclaw-szczepin-ul-glogowska.webp
Wrocław Śródmieście,ul. Śrutowa,2,36,689792,19161,bez pośredników,,9,https://adresowo.pl/o/mieszkanie-wroclaw-srodmiescie-ul-srutowa-2-pokojowe-t7l4c4,https://s2.adresowa.pl/oi/58/3b/40e070_6b03_cover@2x-2-pokojowe-mieszkanie-wroclaw-srodmiescie-ul-srutowa.webp
Wrocław,Śródmieście,1,46,595000,12935,bez pośredników,,10,https://adresowo.pl/o/mieszkanie-wroclaw-srodmiescie-1-pokoj-46-m2-d3h1n6,https://s2.adresowa.pl/oi/70/47/40de04_619a_cover@2x-1-pokojowe-mieszkanie-wroclaw-srodmiescie.webp
Wrocław Żerniki,ul. Tadeusza Brzozy,4,78,zapytaj,,bez pośredników,,+6 podobnych ofert,https://adresowo.pl/o/mieszkanie-wroclaw-zerniki-ul-tadeusza-brzozy-4-pokojowe-e8p9v1,https://s2.adresowa.pl/development/671228/nowe-mieszkania-wuwa-vita-3cce_cover.jpg
Wrocław Żerniki,ul. Strachowicka 13,2,32,499999,15625,Pośrednik,,10,https://adresowo.pl/o/mieszkanie-wroclaw-zerniki-ul-strachowicka-2-pokojowe-n4b8g1,https://s2.adresowa.pl/oi/34/4d/40bbe0_cbc3_cover@2x-2-pokojowe-mieszkanie-wroclaw-zerniki-ul-strachowicka.webp
Wrocław,Szczepin,2,44,799000,18159,Pośrednik,,3,https://adresowo.pl/o/mieszkanie-wroclaw-szczepin-2-pokojowe-44-m2-j2g8j4,https://s2.adresowa.pl/oi/46/3d/40bbc6_be05_cover@2x-2-pokojowe-mieszkanie-wroclaw-szczepin.webp
Wrocław Fabryczna,ul. Leopolda Tyrmanda,2,44,485000,11023,bez pośredników,,15,https://adresowo.pl/o/mieszkanie-wroclaw-fabryczna-ul-leopolda-tyrmanda-2-pokojowe-m6m1i9,https://s2.adresowa.pl/oi/56/44/40ddba_796d_cover@2x-2-pokojowe-mieszkanie-wroclaw-fabryczna-ul-leopolda-tyrmanda.webp
Wrocław Szczepin,ul. Jaworska,2,51,760000,14902,bez pośredników,,18,https://adresowo.pl/o/mieszkanie-wroclaw-szczepin-ul-jaworska-2-pokojowe-h4u7d6,https://s2.adresowa.pl/oi/5a/4d/40dcfe_9bf4_cover@2x-2-pokojowe-mieszkanie-wroclaw-szczepin-ul-jaworska.webp
Wrocław Popowice,ul. Legnicka,5,123,zapytaj,,bez pośredników,,+1 podobna oferta,https://adresowo.pl/o/mieszkanie-wroclaw-popowice-ul-legnicka-5-pokojowe-p7v4o8,https://s2.adresowa.pl/development/671236/nowe-mieszkania-legnicka-vita-d2a6_cover.jpg
Wrocław Karłowice,ul. Macedońska,2,51,665000,13039,Pośrednik,,19,https://adresowo.pl/o/mieszkanie-wroclaw-karlowice-ul-macedonska-2-pokojowe-u2m4w8,https://s2.adresowa.pl/oi/26/75/40bbb0_83a7_cover@2x-2-pokojowe-mieszkanie-wroclaw-karlowice-ul-macedonska.webp
Wrocław,ul. Zatorska 61,3,65,799000,12292,Pośrednik,,20,https://adresowo.pl/o/mieszkanie-wroclaw-ul-zatorska-3-pokojowe-i3o3n8,https://s2.adresowa.pl/oi/4e/7f/40bba8_5da7_cover@2x-3-pokojowe-mieszkanie-wroclaw-ul-zatorska.webp
Wrocław Kozanów,ul. Gwarecka,2,35,460500,13157,bez pośredników,,12,https://adresowo.pl/o/mieszkanie-wroclaw-kozanow-ul-gwarecka-2-pokojowe-c9y2n6,https://s2.adresowa.pl/oi/14/36/40da24_ac8e_cover@2x-2-pokojowe-mieszkanie-wroclaw-kozanow-ul-gwarecka.webp
Wrocław,Pracze Odrzańskie,3,60,490000,8167,bez pośredników,,1,https://adresowo.pl/o/mieszkanie-wroclaw-pracze-odrzanskie-3-pokojowe-60-m2-o9p6o4,https://s2.adresowa.pl/oi/65/53/40d9ea_d8c0_cover@2x-3-pokojowe-mieszkanie-wroclaw-pracze-odrzanskie.webp
Wrocław Gaj,ul. Śliczna,2,42,549000,13071,Pośrednik,,12,https://adresowo.pl/o/mieszkanie-wroclaw-gaj-ul-sliczna-2-pokojowe-f4g1u9,https://s2.adresowa.pl/oi/5b/38/40bb9c_cf48_cover@2x-2-pokojowe-mieszkanie-wroclaw-gaj-ul-sliczna.webp
Wrocław,Szczepin,2,32,599000,18719,Pośrednik,,3,https://adresowo.pl/o/mieszkanie-wroclaw-szczepin-2-pokojowe-32-m2-q5b8f4,https://s2.adresowa.pl/oi/61/4d/40bb98_e18a_cover@2x-2-pokojowe-mieszkanie-wroclaw-szczepin.webp
Wrocław Krzyki,ul. Powstańców Śląskich 52,1,38,479999,12632,bez pośredników,,61,https://adresowo.pl/o/mieszkanie-wroclaw-krzyki-ul-powstancow-slaskich-1-pokoj-k5c4g3,https://s2.adresowa.pl/oi/29/1d/3fafa2_4d35_cover@2x-1-pokojowe-mieszkanie-wroclaw-krzyki-ul-powstancow-slaskich.webp
Wrocław Stare Miasto,pl. Legionów,1,18,328000,18222,bez pośredników,,7,https://adresowo.pl/o/mieszkanie-wroclaw-stare-miasto-pl-legionow-1-pokoj-o0n2a9,https://s2.adresowa.pl/oi/74/37/40d8be_a47f_cover@2x-1-pokojowe-mieszkanie-wroclaw-stare-miasto-pl-legionow.webp
Wrocław Krzyki,ul. Stacha Świstackiego,3,65,1072499,16500,bez pośredników,,20,https://adresowo.pl/o/mieszkanie-wroclaw-krzyki-ul-stacha-swistackiego-3-pokojowe-d3b3m5,https://s2.adresowa.pl/oi/42/43/40d862_4242_cover@2x-3-pokojowe-mieszkanie-wroclaw-krzyki-ul-stacha-swistackiego.webp
Wrocław Pilczyce,ul. Lotnicza,3,54,739000,13685,bez pośredników,,8,https://adresowo.pl/o/mieszkanie-wroclaw-pilczyce-ul-lotnicza-3-pokojowe-j6p9i2,https://s2.adresowa.pl/oi/6d/35/40d6e8_bc33_cover@2x-3-pokojowe-mieszkanie-wroclaw-pilczyce-ul-lotnicza.webp
Wrocław Psie Pole,ul. Kominiarska,3,65,898000,13815,Pośrednik,,17,https://adresowo.pl/o/mieszkanie-wroclaw-psie-pole-ul-kominiarska-3-pokojowe-l1w2t2,https://s2.adresowa.pl/oi/39/6c/40bb90_d8c8_cover@2x-3-pokojowe-mieszkanie-wroclaw-psie-pole-ul-kominiarska.webp
Wrocław,ul. Torfowa,3,34,499000,14676,Pośrednik,,20,https://adresowo.pl/o/mieszkanie-wroclaw-ul-torfowa-3-pokojowe-b5x4c6,https://s2.adresowa.pl/oi/2e/57/40ba70_ea22_cover@2x-3-pokojowe-mieszkanie-wroclaw-ul-torfowa.webp
Wrocław Żerniki,ul. Krystyny i Mariana Barskich,3,57,885000,15526,bez pośredników,,14,https://adresowo.pl/o/mieszkanie-wroclaw-zerniki-ul-krystyny-i-mariana-barskich-3-pokojowe-h1h9y1,https://s2.adresowa.pl/oi/31/5e/40d672_461d_cover@2x-3-pokojowe-mieszkanie-wroclaw-zerniki-ul-krystyny-i-mariana-barskich.webp
Wrocław Grabiszyn,al. Pracy,1,27,425000,15741,bez pośredników,,8,https://adresowo.pl/o/mieszkanie-wroclaw-grabiszyn-al-pracy-1-pokoj-p5b5s6,https://s2.adresowa.pl/oi/3b/5f/40d598_779c_cover@2x-1-pokojowe-mieszkanie-wroclaw-grabiszyn-al-pracy.webp
Wrocław Krzyki,ul. Jesionowa,4,90,1780000,19778,bez pośredników,,17,https://adresowo.pl/o/mieszkanie-wroclaw-krzyki-ul-jesionowa-4-pokojowe-b8o6h0,https://s2.adresowa.pl/oi/25/10/40d568_9e88_cover@2x-4-pokojowe-mieszkanie-wroclaw-krzyki-ul-jesionowa.webp
Wrocław Stare Miasto,ul. Rybacka,3,63,1399000,22206,Pośrednik,,10,https://adresowo.pl/o/mieszkanie-wroclaw-stare-miasto-ul-rybacka-3-pokojowe-b8n2g9,https://s2.adresowa.pl/oi/43/46/40ba62_cb5d_cover@2x-3-pokojowe-mieszkanie-wroclaw-stare-miasto-ul-rybacka.webp
Wrocław,Szczepin,2,49,648999,13245,Pośrednik,,9,https://adresowo.pl/o/mieszkanie-wroclaw-szczepin-2-pokojowe-49-m2-w9h1g4,https://s2.adresowa.pl/oi/4e/77/40ba5a_e1f1_cover@2x-2-pokojowe-mieszkanie-wroclaw-szczepin.webp
Wrocław Południe,ul. Sztabowa,3,73,960000,13151,bez pośredników,,9,https://adresowo.pl/o/mieszkanie-wroclaw-poludnie-ul-sztabowa-3-pokojowe-y1i8j6,https://s2.adresowa.pl/oi/2f/5c/40d4ec_a07e_cover@2x-3-pokojowe-mieszkanie-wroclaw-poludnie-ul-sztabowa.webp
Wrocław Śródmieście,ul. Grabiszyńska,1,29,389000,13414,bez pośredników,,2,https://adresowo.pl/o/mieszkanie-wroclaw-srodmiescie-ul-grabiszynska-1-pokoj-f0s5t8,https://s2.adresowa.pl/oi/42/25/40d428_b8d0_cover@2x-1-pokojowe-mieszkanie-wroclaw-srodmiescie-ul-grabiszynska.webp
Wrocław Jagodno,ul. Stanisława Drabika,2,39,639000,16385,bez pośredników,,12,https://adresowo.pl/o/mieszkanie-wroclaw-jagodno-ul-stanislawa-drabika-2-pokojowe-t2o5y4,https://s2.adresowa.pl/oi/47/68/40d34c_fbcd_cover@2x-2-pokojowe-mieszkanie-wroclaw-jagodno-ul-stanislawa-drabika.webp
Wrocław,Szczepin,1,30,569000,18967,Pośrednik,,9,https://adresowo.pl/o/mieszkanie-wroclaw-szczepin-1-pokoj-30-m2-s4b3c3,https://s2.adresowa.pl/oi/3e/3e/40ba58_bd07_cover@2x-1-pokojowe-mieszkanie-wroclaw-szczepin.webp
Wrocław,Szczepin,1,30,618999,20633,Pośrednik,,9,https://adresowo.pl/o/mieszkanie-wroclaw-szczepin-1-pokoj-30-m2-z6y3y5,https://s2.adresowa.pl/oi/62/43/40ba36_9689_cover@2x-1-pokojowe-mieszkanie-wroclaw-szczepin.webp
Wrocław Krzyki,ul. Piękna,2,52,928000,17846,bez pośredników,,12,https://adresowo.pl/o/mieszkanie-wroclaw-krzyki-ul-piekna-2-pokojowe-y9e5k6,https://s2.adresowa.pl/oi/35/34/40d22e_70a4_cover@2x-2-pokojowe-mieszkanie-wroclaw-krzyki-ul-piekna.webp
Wrocław Śródmieście,ul. Tadeusza Zielińskiego,3,57,700000,12281,bez pośredników,,3,https://adresowo.pl/o/mieszkanie-wroclaw-srodmiescie-ul-tadeusza-zielinskiego-3-pokojowe-s0q4q3,https://s2.adresowa.pl/oi/13/79/40d152_de12_cover@2x-3-pokojowe-mieszkanie-wroclaw-srodmiescie-ul-tadeusza-zielinskiego.webp
Wrocław Krzyki,ul. Krakowska,2,48,795000,16562,bez pośredników,,8,https://adresowo.pl/o/mieszkanie-wroclaw-krzyki-ul-krakowska-2-pokojowe-z1h5t9,https://s2.adresowa.pl/oi/7a/30/40cf2a_a36d_cover@2x-2-pokojowe-mieszkanie-wroclaw-krzyki-ul-krakowska.webp
Wrocław Maślice,ul. Węgliniecka,2,39,618999,15872,Pośrednik,,10,https://adresowo.pl/o/mieszkanie-wroclaw-maslice-ul-wegliniecka-2-pokojowe-w7o8v6,https://s2.adresowa.pl/oi/4a/5f/40b4a6_6d10_cover@2x-2-pokojowe-mieszkanie-wroclaw-maslice-ul-wegliniecka.webp
Wrocław,ul. Ameriga Vespucciego,3,57,879000,15421,Pośrednik,,8,https://adresowo.pl/o/mieszkanie-wroclaw-ul-ameriga-vespucciego-3-pokojowe-d3c5d8,https://s2.adresowa.pl/oi/35/40/40b3d4_29d1_cover@2x-3-pokojowe-mieszkanie-wroclaw-ul-ameriga-vespucciego.webp
Wrocław Biskupin,ul. Józefa Pankiewicza,1,37,560000,15135,bez pośredników,,8,https://adresowo.pl/o/mieszkanie-wroclaw-biskupin-ul-jozefa-pankiewicza-1-pokoj-f3v2r6,https://s2.adresowa.pl/oi/5c/32/40cef0_f722_cover@2x-1-pokojowe-mieszkanie-wroclaw-biskupin-ul-jozefa-pankiewicza.webp
Wrocław,Muchobór Wielki,3,73,790000,10822,bez pośredników,,14,https://adresowo.pl/o/mieszkanie-wroclaw-muchobor-wielki-3-pokojowe-73-m2-h5x2w0,https://s2.adresowa.pl/oi/75/55/40ce9a_7db0_cover@2x-3-pokojowe-mieszkanie-wroclaw-muchobor-wielki.webp
Wrocław Stare Miasto,ul. św. Mikołaja,3,44,679000,15432,bez pośredników,,11,https://adresowo.pl/o/mieszkanie-wroclaw-stare-miasto-ul-sw-mikolaja-3-pokojowe-d7z8k2,https://s2.adresowa.pl/oi/71/43/40cdac_709a_cover@2x-3-pokojowe-mieszkanie-wroclaw-stare-miasto-ul-sw-mikolaja.webp
Wrocław,ul. Trawowa,3,91,899000,9879,Pośrednik,,12,https://adresowo.pl/o/mieszkanie-wroclaw-ul-trawowa-3-pokojowe-w9s1a4,https://s2.adresowa.pl/oi/41/54/40b3d2_2ff3_cover@2x-3-pokojowe-mieszkanie-wroclaw-ul-trawowa.webp
Wrocław Stare Miasto,ul. Długa,3,45,589999,13111,Pośrednik,,12,https://adresowo.pl/o/mieszkanie-wroclaw-stare-miasto-ul-dluga-3-pokojowe-l2q3l9,https://s2.adresowa.pl/oi/50/29/40b3ba_eb56_cover@2x-3-pokojowe-mieszkanie-wroclaw-stare-miasto-ul-dluga.webp
Wrocław Stare Miasto,ul. ks. Piotra Skargi,1,34,497000,14618,bez pośredników,,1,https://adresowo.pl/o/mieszkanie-wroclaw-stare-miasto-ul-ks-piotra-skargi-1-pokoj-w9a2p7,https://s2.adresowa.pl/oi/44/5e/40cd92_66d1_cover@2x-1-pokojowe-mieszkanie-wroclaw-stare-miasto-ul-ks-piotra-skargi.webp
Wrocław Śródmieście,ul. Bolesława Drobnera,1,35,690000,19714,bez pośredników,,1,https://adresowo.pl/o/mieszkanie-wroclaw-srodmiescie-ul-boleslawa-drobnera-1-pokoj-v1g0b8,https://s2.adresowa.pl/oi/49/42/40c370_7307_cover@2x-1-pokojowe-mieszkanie-wroclaw-srodmiescie-ul-boleslawa-drobnera.webp
Wrocław Grabiszyn,ul. Spiżowa,3,43,639000,14860,bez pośredników,,21,https://adresowo.pl/o/mieszkanie-wroclaw-grabiszyn-ul-spizowa-3-pokojowe-a1o2x8,https://s2.adresowa.pl/oi/5c/13/40cbdc_5a3e_cover@2x-3-pokojowe-mieszkanie-wroclaw-grabiszyn-ul-spizowa.webp
Wrocław Krzyki,ul. Hubska,2,51,740000,14510,Pośrednik,,14,https://adresowo.pl/o/mieszkanie-wroclaw-krzyki-ul-hubska-2-pokojowe-k2z0y8,https://s2.adresowa.pl/oi/40/52/40b3a8_7670_cover@2x-2-pokojowe-mieszkanie-wroclaw-krzyki-ul-hubska.webp
Wrocław Grabiszyn,ul. Wróbla,2,51,659000,12922,Pośrednik,,12,https://adresowo.pl/o/mieszkanie-wroclaw-grabiszyn-ul-wrobla-2-pokojowe-v9o8m5,https://s2.adresowa.pl/oi/78/1f/40afca_d1de_cover@2x-2-pokojowe-mieszkanie-wroclaw-grabiszyn-ul-wrobla.webp
Wrocław Krzyki,ul. Tadeusza Zielińskiego,4,62,790000,12742,bez pośredników,,12,https://adresowo.pl/o/mieszkanie-wroclaw-krzyki-ul-tadeusza-zielinskiego-4-pokojowe-g9a5j6,https://s2.adresowa.pl/oi/6b/23/40caa2_a9f3_cover@2x-4-pokojowe-mieszkanie-wroclaw-krzyki-ul-tadeusza-zielinskiego.webp
Wrocław Stare Miasto,ul. św. Antoniego 36/38,2,70,780000,11143,bez pośredników,,11,https://adresowo.pl/o/mieszkanie-wroclaw-stare-miasto-ul-sw-antoniego-2-pokojowe-f9h3d6,https://s2.adresowa.pl/oi/75/76/40c9e6_731a_cover@2x-2-pokojowe-mieszkanie-wroclaw-stare-miasto-ul-sw-antoniego.webp
Wrocław Krzyki,ul. Zaporoska,3,48,600000,12500,bez pośredników,,8,https://adresowo.pl/o/mieszkanie-wroclaw-krzyki-ul-zaporoska-3-pokojowe-e6w8e0,https://s2.adresowa.pl/oi/2e/49/40c83c_9f32_cover@2x-3-pokojowe-mieszkanie-wroclaw-krzyki-ul-zaporoska.webp
Wrocław Krzyki,ul. Buforowa,3,66,799000,12106,Pośrednik,,14,https://adresowo.pl/o/mieszkanie-wroclaw-krzyki-ul-buforowa-3-pokojowe-u2b2v5,https://s2.adresowa.pl/oi/2b/67/40ac64_b924_cover@2x-3-pokojowe-mieszkanie-wroclaw-krzyki-ul-buforowa.webp
Wrocław Psie Pole,ul. Grudziądzka 73,2,50,615000,12300,Pośrednik,,22,https://adresowo.pl/o/mieszkanie-wroclaw-psie-pole-ul-grudziadzka-2-pokojowe-w7z2g4,https://s2.adresowa.pl/oi/6c/5a/40a518_6a14_cover@2x-2-pokojowe-mieszkanie-wroclaw-psie-pole-ul-grudziadzka.webp
Wrocław Grabiszyn,ul. Inżynierska,1,26,370000,14231,bez pośredników,,7,https://adresowo.pl/o/mieszkanie-wroclaw-grabiszyn-ul-inzynierska-1-pokoj-r3w5a6,https://s2.adresowa.pl/oi/30/79/40c812_f63d_cover@2x-1-pokojowe-mieszkanie-wroclaw-grabiszyn-ul-inzynierska.webp
Wrocław Krzyki,ul. Krynicka,4,72,849000,11792,bez pośredników,,18,https://adresowo.pl/o/mieszkanie-wroclaw-krzyki-ul-krynicka-4-pokojowe-a5x2f9,https://s2.adresowa.pl/oi/27/26/40c7fe_845b_cover@2x-4-pokojowe-mieszkanie-wroclaw-krzyki-ul-krynicka.webp
Wrocław Stare Miasto,ul. Żytnia,2,65,835000,12846,bez pośredników,,8,https://adresowo.pl/o/mieszkanie-wroclaw-stare-miasto-ul-zytnia-2-pokojowe-h4l7m5,https://s2.adresowa.pl/oi/2d/4c/40c7fc_c9be_cover@2x-2-pokojowe-mieszkanie-wroclaw-stare-miasto-ul-zytnia.webp
Wrocław Stare Miasto,ul. Krawiecka,2,59,1030000,17458,Pośrednik,,16,https://adresowo.pl/o/mieszkanie-wroclaw-stare-miasto-ul-krawiecka-2-pokojowe-y2q9t0,https://s2.adresowa.pl/oi/1e/56/40a200_9c1e_cover@2x-2-pokojowe-mieszkanie-wroclaw-stare-miasto-ul-krawiecka.webp
Wrocław,ul. Asfaltowa,2,41,620000,15122,Pośrednik,,20,https://adresowo.pl/o/mieszkanie-wroclaw-ul-asfaltowa-2-pokojowe-v6i6c8,https://s2.adresowa.pl/oi/7c/45/40a194_f96a_cover@2x-2-pokojowe-mieszkanie-wroclaw-ul-asfaltowa.webp
Wrocław Psie Pole,ul. Kaparowa,3,66,999000,15136,bez pośredników,,8,https://adresowo.pl/o/mieszkanie-wroclaw-psie-pole-ul-kaparowa-3-pokojowe-y1p0w5,https://s2.adresowa.pl/oi/38/4f/40bf4e_271b_cover@2x-3-pokojowe-mieszkanie-wroclaw-psie-pole-ul-kaparowa.webp
Wrocław Śródmieście,ul. Nowowiejska,1,33,425000,12879,bez pośredników,,10,https://adresowo.pl/o/mieszkanie-wroclaw-srodmiescie-ul-nowowiejska-1-pokoj-x4f7s4,https://s2.adresowa.pl/oi/4e/15/40c576_465c_cover@2x-1-pokojowe-mieszkanie-wroclaw-srodmiescie-ul-nowowiejska.webp
Wrocław Fabryczna,ul. Inżynierska,1,26,364000,14000,bez pośredników,,8,https://adresowo.pl/o/mieszkanie-wroclaw-fabryczna-ul-inzynierska-1-pokoj-i8k5x1,https://s2.adresowa.pl/oi/3a/3f/40c468_89cb_cover@2x-1-pokojowe-mieszkanie-wroclaw-fabryczna-ul-inzynierska.webp
Wrocław,ul. Pawia,1,55,670000,12182,Pośrednik,,20,https://adresowo.pl/o/mieszkanie-wroclaw-ul-pawia-1-pokoj-r3b2b2,https://s2.adresowa.pl/oi/2e/2b/40a190_c037_cover@2x-1-pokojowe-mieszkanie-wroclaw-ul-pawia.webp
Wrocław Maślice,ul. Ruczajowa,3,72,890000,12361,Pośrednik,,20,https://adresowo.pl/o/mieszkanie-wroclaw-maslice-ul-ruczajowa-3-pokojowe-y9l7r2,https://s2.adresowa.pl/oi/7b/6b/40a164_fc8c_cover@2x-3-pokojowe-mieszkanie-wroclaw-maslice-ul-ruczajowa.webp
Wrocław Psie Pole,ul. Rycerska,2,40,676000,16900,bez pośredników,,23,https://adresowo.pl/o/mieszkanie-wroclaw-psie-pole-ul-rycerska-2-pokojowe-v1l1m8,https://s2.adresowa.pl/oi/5e/51/40c442_329a_cover@2x-2-pokojowe-mieszkanie-wroclaw-psie-pole-ul-rycerska.webp
Wrocław Śródmieście,ul. Komuny Paryskiej,1,25,422000,16880,bez pośredników,,7,https://adresowo.pl/o/mieszkanie-wroclaw-srodmiescie-ul-komuny-paryskiej-1-pokoj-l3v2k6,https://s2.adresowa.pl/oi/18/60/40c3de_6cab_cover@2x-1-pokojowe-mieszkanie-wroclaw-srodmiescie-ul-komuny-paryskiej.webp
Wrocław Szczepin,ul. Głogowska,2,46,700000,15217,bez pośredników,,20,https://adresowo.pl/o/mieszkanie-wroclaw-szczepin-ul-glogowska-2-pokojowe-f3g4y6,https://s2.adresowa.pl/oi/23/4f/40c396_ed3e_cover@2x-2-pokojowe-mieszkanie-wroclaw-szczepin-ul-glogowska.webp
Wrocław Złotniki,ul. Podhalańska,3,60,899000,14983,Pośrednik,,20,https://adresowo.pl/o/mieszkanie-wroclaw-zlotniki-ul-podhalanska-3-pokojowe-r9r6d8,https://s2.adresowa.pl/oi/14/5b/40a156_e759_cover@2x-3-pokojowe-mieszkanie-wroclaw-zlotniki-ul-podhalanska.webp
Wrocław Wojszyce,ul. Pawia,4,73,876000,12000,Pośrednik,,20,https://adresowo.pl/o/mieszkanie-wroclaw-wojszyce-ul-pawia-4-pokojowe-z3c2i1,https://s2.adresowa.pl/oi/29/27/40a154_442f_cover@2x-4-pokojowe-mieszkanie-wroclaw-wojszyce-ul-pawia.webp
Wrocław Śródmieście,ul. Bolesława Drobnera,1,36,605000,16806,bez pośredników,,8,https://adresowo.pl/o/mieszkanie-wroclaw-srodmiescie-ul-boleslawa-drobnera-1-pokoj-a8o9b8,https://s2.adresowa.pl/oi/12/28/40c36e_e9ec_cover@2x-1-pokojowe-mieszkanie-wroclaw-srodmiescie-ul-boleslawa-drobnera.webp
Wrocław Fabryczna,ul. Fiołkowa,1,35,550000,15714,bez pośredników,,16,https://adresowo.pl/o/mieszkanie-wroclaw-fabryczna-ul-fiolkowa-1-pokoj-l6f6m4,https://s2.adresowa.pl/oi/6a/5b/40b144_318f_cover@2x-1-pokojowe-mieszkanie-wroclaw-fabryczna-ul-fiolkowa.webp
Wrocław Stare Miasto,ul. Podwale,2,43,830000,19302,bez pośredników,,6,https://adresowo.pl/o/mieszkanie-wroclaw-stare-miasto-ul-podwale-2-pokojowe-g3o5d4,https://s2.adresowa.pl/oi/4e/5e/40c2e6_93fc_cover@2x-2-pokojowe-mieszkanie-wroclaw-stare-miasto-ul-podwale.webp
Wrocław Partynice,ul. Jeździecka,2,34,490990,14441,Pośrednik,,19,https://adresowo.pl/o/mieszkanie-wroclaw-partynice-ul-jezdziecka-2-pokojowe-s4o1w4,https://s2.adresowa.pl/oi/43/13/40a152_9024_cover@2x-2-pokojowe-mieszkanie-wroclaw-partynice-ul-jezdziecka.webp
Wrocław Psie Pole,ul. Litewska 8,4,72,839000,11653,Pośrednik,,20,https://adresowo.pl/o/mieszkanie-wroclaw-psie-pole-ul-litewska-4-pokojowe-r2z0p9,https://s2.adresowa.pl/oi/73/10/40a13c_7463_cover@2x-4-pokojowe-mieszkanie-wroclaw-psie-pole-ul-litewska.webp
Wrocław Krzyki,ul. Świeradowska,4,70,920000,13143,bez pośredników,,20,https://adresowo.pl/o/mieszkanie-wroclaw-krzyki-ul-swieradowska-4-pokojowe-o6e4u4,https://s2.adresowa.pl/oi/4a/6b/40c298_54b9_cover@2x-4-pokojowe-mieszkanie-wroclaw-krzyki-ul-swieradowska.webp
Wrocław Psie Pole,ul. Jana Czochralskiego,3,60,900000,15000,bez pośredników,,13,https://adresowo.pl/o/mieszkanie-wroclaw-psie-pole-ul-jana-czochralskiego-3-pokojowe-y4e2y9,https://s2.adresowa.pl/oi/6f/74/40c1b6_c6eb_cover@2x-3-pokojowe-mieszkanie-wroclaw-psie-pole-ul-jana-czochralskiego.webp
Wrocław Borek,ul. Wandy,2,37,580000,15676,bez pośredników,,8,https://adresowo.pl/o/mieszkanie-wroclaw-borek-ul-wandy-2-pokojowe-w4j2t2,https://s2.adresowa.pl/oi/57/28/40c186_6678_cover@2x-2-pokojowe-mieszkanie-wroclaw-borek-ul-wandy.webp
Wrocław,ul. Blizanowicka,2,36,540000,15000,Pośrednik,,20,https://adresowo.pl/o/mieszkanie-wroclaw-ul-blizanowicka-2-pokojowe-o6r4a4,https://s2.adresowa.pl/oi/7c/29/40a132_7041_cover@2x-2-pokojowe-mieszkanie-wroclaw-ul-blizanowicka.webp
Wrocław,Stare Miasto,1,33,475000,14394,Pośrednik,,14,https://adresowo.pl/o/mieszkanie-wroclaw-stare-miasto-1-pokoj-33-m2-b1z3s8,https://s2.adresowa.pl/oi/66/27/409b36_cd6c_cover@2x-1-pokojowe-mieszkanie-wroclaw-stare-miasto.webp
Wrocław Krzyki,ul. Powstańców Śląskich,3,48,660000,13750,bez pośredników,,7,https://adresowo.pl/o/mieszkanie-wroclaw-krzyki-ul-powstancow-slaskich-3-pokojowe-w0r5q4,https://s2.adresowa.pl/oi/46/61/40c170_926c_cover@2x-3-pokojowe-mieszkanie-wroclaw-krzyki-ul-powstancow-slaskich.webp
Wrocław Krzyki,ul. Wieczysta,3,57,690000,12105,bez pośredników,,11,https://adresowo.pl/o/mieszkanie-wroclaw-krzyki-ul-wieczysta-3-pokojowe-r0s1g6,https://s2.adresowa.pl/oi/15/17/40bfe4_3524_cover@2x-3-pokojowe-mieszkanie-wroclaw-krzyki-ul-wieczysta.webp
Wrocław Maślice,ul. Suwalska,3,61,830000,13607,bez pośredników,,16,https://adresowo.pl/o/mieszkanie-wroclaw-maslice-ul-suwalska-3-pokojowe-q8x9w4,https://s2.adresowa.pl/oi/76/3c/40bfc8_2d6f_cover@2x-3-pokojowe-mieszkanie-wroclaw-maslice-ul-suwalska.webp
Wrocław Partynice,ul. Ołtaszyńska,3,62,834999,13468,Pośrednik,,16,https://adresowo.pl/o/mieszkanie-wroclaw-partynice-ul-oltaszynska-3-pokojowe-h1h9v1,https://s2.adresowa.pl/oi/32/78/409418_f054_cover@2x-3-pokojowe-mieszkanie-wroclaw-partynice-ul-oltaszynska.webp
Wrocław,ul. Gajowa,4,110,1190000,10818,Pośrednik,,20,https://adresowo.pl/o/mieszkanie-wroclaw-ul-gajowa-4-pokojowe-i1l3d8,https://s2.adresowa.pl/oi/2b/20/409346_33da_cover@2x-4-pokojowe-mieszkanie-wroclaw-ul-gajowa.webp
Wrocław Śródmieście,wyb. Stanisława Wyspiańskiego,1,26,520000,20000,bez pośredników,,9,https://adresowo.pl/o/mieszkanie-wroclaw-srodmiescie-wyb-stanislawa-wyspianskiego-1-pokoj-c9v4w7,https://s2.adresowa.pl/oi/65/73/40bf5c_503c_cover@2x-1-pokojowe-mieszkanie-wroclaw-srodmiescie-wyb-stanislawa-wyspianskiego.webp
Wrocław Fabryczna,ul. Kozanowska,3,63,749000,11889,bez pośredników,,13,https://adresowo.pl/o/mieszkanie-wroclaw-fabryczna-ul-kozanowska-3-pokojowe-a3j6y1,https://s2.adresowa.pl/oi/40/23/40be86_d47a_cover@2x-3-pokojowe-mieszkanie-wroclaw-fabryczna-ul-kozanowska.webp
Wrocław Zakrzów,ul. Stoczniowa,3,58,719000,12397,bez pośredników,,17,https://adresowo.pl/o/mieszkanie-wroclaw-zakrzow-ul-stoczniowa-3-pokojowe-k9i9c8,https://s2.adresowa.pl/oi/58/72/40bdea_c3d8_cover@2x-3-pokojowe-mieszkanie-wroclaw-zakrzow-ul-stoczniowa.webp
Wrocław Nowy Dwór,ul. Wojrowicka,2,48,619000,12896,Pośrednik,,9,https://adresowo.pl/o/mieszkanie-wroclaw-nowy-dwor-ul-wojrowicka-2-pokojowe-t7f2l6,https://s2.adresowa.pl/oi/53/66/4092e2_97f7_cover@2x-2-pokojowe-mieszkanie-wroclaw-nowy-dwor-ul-wojrowicka.webp
Wrocław Jagodno,ul. Antonia Vivaldiego 14,2,52,599000,11519,Pośrednik,,17,https://adresowo.pl/o/mieszkanie-wroclaw-jagodno-ul-antonia-vivaldiego-2-pokojowe-s6l6b8,https://s2.adresowa.pl/oi/50/69/4092d6_9c80_cover@2x-2-pokojowe-mieszkanie-wroclaw-jagodno-ul-antonia-vivaldiego.webp
Wrocław Krzyki,ul. Stanisława Drabika,3,62,700000,11290,bez pośredników,,8,https://adresowo.pl/o/mieszkanie-wroclaw-krzyki-ul-stanislawa-drabika-3-pokojowe-m3y3i0,https://s2.adresowa.pl/oi/78/55/40bb34_b4c3_cover@2x-3-pokojowe-mieszkanie-wroclaw-krzyki-ul-stanislawa-drabika.webp
Wrocław Szczepin,ul. Poznańska 31,4,63,699000,11095,bez pośredników,,26,https://adresowo.pl/o/mieszkanie-wroclaw-szczepin-ul-poznanska-4-pokojowe-f2m8u4,https://s2.adresowa.pl/oi/39/78/40baf8_9306_cover@2x-4-pokojowe-mieszkanie-wroclaw-szczepin-ul-poznanska.webp
Wrocław Krzyki,al. gen. Józefa Hallera 5,1,34,529000,15559,bez pośredników,,14,https://adresowo.pl/o/mieszkanie-wroclaw-krzyki-al-gen-jozefa-hallera-1-pokoj-e6p4n4,https://s2.adresowa.pl/oi/3d/6b/40badc_a9e9_cover@2x-1-pokojowe-mieszkanie-wroclaw-krzyki-al-gen-jozefa-hallera.webp
Wrocław Fabryczna,ul. Gajowicka 145,2,59,695000,11780,Pośrednik,,14,https://adresowo.pl/o/mieszkanie-wroclaw-fabryczna-ul-gajowicka-2-pokojowe-u7k3o5,https://s2.adresowa.pl/oi/1d/10/4092d2_ee76_cover@2x-2-pokojowe-mieszkanie-wroclaw-fabryczna-ul-gajowicka.webp
Wrocław Krzyki,ul. Komandorska,2,38,565000,14868,Pośrednik,,19,https://adresowo.pl/o/mieszkanie-wroclaw-krzyki-ul-komandorska-2-pokojowe-b5h9b2,https://s2.adresowa.pl/oi/2a/53/4092d0_83d0_cover@2x-2-pokojowe-mieszkanie-wroclaw-krzyki-ul-komandorska.webp
Wrocław Śródmieście,ul. Mikołaja Reja,2,62,770000,12419,bez pośredników,,17,https://adresowo.pl/o/mieszkanie-wroclaw-srodmiescie-ul-mikolaja-reja-2-pokojowe-j6m3j4,https://s2.adresowa.pl/oi/6c/20/40b8e4_d433_cover@2x-2-pokojowe-mieszkanie-wroclaw-srodmiescie-ul-mikolaja-reja.webp
Wrocław Fabryczna,ul. Lwowska,2,65,785000,12077,bez pośredników,,6,https://adresowo.pl/o/mieszkanie-wroclaw-fabryczna-ul-lwowska-2-pokojowe-c3d1c2,https://s2.adresowa.pl/oi/2c/66/40b8da_2dff_cover@2x-2-pokojowe-mieszkanie-wroclaw-fabryczna-ul-lwowska.webp
Wrocław Stare Miasto,ul. Kazimierza Jagiellończyka,3,43,600000,13953,bez pośredników,,3,https://adresowo.pl/o/mieszkanie-wroclaw-stare-miasto-ul-kazimierza-jagiellonczyka-3-pokojowe-z8x4f2,https://s2.adresowa.pl/oi/44/16/40b886_7985_cover@2x-3-pokojowe-mieszkanie-wroclaw-stare-miasto-ul-kazimierza-jagiellonczyka.webp
Wrocław Huby,ul. Przestrzenna 14,3,65,689000,10600,Pośrednik,,15,https://adresowo.pl/o/mieszkanie-wroclaw-huby-ul-przestrzenna-3-pokojowe-b7h0s7,https://s2.adresowa.pl/oi/5f/1e/4092cc_b929_cover@2x-3-pokojowe-mieszkanie-wroclaw-huby-ul-przestrzenna.webp
Wrocław Ołtaszyn,ul. Agrestowa 141,3,53,745000,14057,Pośrednik,,17,https://adresowo.pl/o/mieszkanie-wroclaw-oltaszyn-ul-agrestowa-3-pokojowe-g7k7i7,https://s2.adresowa.pl/oi/2a/17/4092ca_bf11_cover@2x-3-pokojowe-mieszkanie-wroclaw-oltaszyn-ul-agrestowa.webp
Wrocław Szczepin,ul. Litomska,3,49,729000,14878,bez pośredników,,15,https://adresowo.pl/o/mieszkanie-wroclaw-szczepin-ul-litomska-3-pokojowe-b8z1f5,https://s2.adresowa.pl/oi/35/2a/40b6e2_ae7f_cover@2x-3-pokojowe-mieszkanie-wroclaw-szczepin-ul-litomska.webp
Wrocław Śródmieście,ul. Szczytnicka,1,28,450000,16071,bez pośredników,,13,https://adresowo.pl/o/mieszkanie-wroclaw-srodmiescie-ul-szczytnicka-1-pokoj-r1x7s5,https://s2.adresowa.pl/oi/5e/37/40b5f4_c8af_cover@2x-1-pokojowe-mieszkanie-wroclaw-srodmiescie-ul-szczytnicka.webp
Wrocław Fabryczna,ul. Inżynierska,1,26,360000,13846,bez pośredników,,6,https://adresowo.pl/o/mieszkanie-wroclaw-fabryczna-ul-inzynierska-1-pokoj-l7o3z6,https://s2.adresowa.pl/oi/3e/4d/40b500_3af1_cover@2x-1-pokojowe-mieszkanie-wroclaw-fabryczna-ul-inzynierska.webp
Wrocław Fabryczna,ul. Legnicka,1,23,474000,20609,Pośrednik,,14,https://adresowo.pl/o/mieszkanie-wroclaw-fabryczna-ul-legnicka-1-pokoj-z9i0c5,https://s2.adresowa.pl/oi/63/7f/408ffc_664a_cover@2x-1-pokojowe-mieszkanie-wroclaw-fabryczna-ul-legnicka.webp
Wrocław Złotniki,ul. Złotnicka 4B,2,56,674900,12052,Pośrednik,,18,https://adresowo.pl/o/mieszkanie-wroclaw-zlotniki-ul-zlotnicka-2-pokojowe-x4a0h6,https://s2.adresowa.pl/oi/64/76/408f50_42ba_cover@2x-2-pokojowe-mieszkanie-wroclaw-zlotniki-ul-zlotnicka.webp
Wrocław Śródmieście,ul. Jedności Narodowej,2,37,540000,14595,bez pośredników,,17,https://adresowo.pl/o/mieszkanie-wroclaw-srodmiescie-ul-jednosci-narodowej-2-pokojowe-y0g9i6,https://s2.adresowa.pl/oi/27/76/40b1a8_b229_cover@2x-2-pokojowe-mieszkanie-wroclaw-srodmiescie-ul-jednosci-narodowej.webp
Wrocław Krzyki,ul. Nyska,3,40,639000,15975,bez pośredników,,11,https://adresowo.pl/o/mieszkanie-wroclaw-krzyki-ul-nyska-3-pokojowe-h6r6s1,https://s2.adresowa.pl/oi/62/7f/40b1a2_3772_cover@2x-3-pokojowe-mieszkanie-wroclaw-krzyki-ul-nyska.webp
Wrocław Psie Pole,ul. Rafała Wojaczka,3,55,850000,15455,bez pośredników,,8,https://adresowo.pl/o/mieszkanie-wroclaw-psie-pole-ul-rafala-wojaczka-3-pokojowe-h4u3z3,https://s2.adresowa.pl/oi/70/19/40b156_aba1_cover@2x-3-pokojowe-mieszkanie-wroclaw-psie-pole-ul-rafala-wojaczka.webp
Wrocław Maślice,ul. Kozia,2,44,580000,13182,Pośrednik,,14,https://adresowo.pl/o/mieszkanie-wroclaw-maslice-ul-kozia-2-pokojowe-l2v5y7,https://s2.adresowa.pl/oi/16/61/408b58_3838_cover@2x-2-pokojowe-mieszkanie-wroclaw-maslice-ul-kozia.webp
Wrocław,Ołtaszyn,2,44,599000,13614,Pośrednik,,11,https://adresowo.pl/o/mieszkanie-wroclaw-oltaszyn-2-pokojowe-44-m2-p0l2a6,https://s2.adresowa.pl/oi/73/59/4085c2_8625_cover@2x-2-pokojowe-mieszkanie-wroclaw-oltaszyn.webp
Wrocław Złotniki,ul. Podhalańska,2,36,590000,16389,bez pośredników,,14,https://adresowo.pl/o/mieszkanie-wroclaw-zlotniki-ul-podhalanska-2-pokojowe-p1h4n0,https://s2.adresowa.pl/oi/73/65/40b142_8644_cover@2x-2-pokojowe-mieszkanie-wroclaw-zlotniki-ul-podhalanska.webp
Wrocław Śródmieście,ul. Henryka Probusa,2,58,797500,13750,bez pośredników,,14,https://adresowo.pl/o/mieszkanie-wroclaw-srodmiescie-ul-henryka-probusa-2-pokojowe-v6a4d8,https://s2.adresowa.pl/oi/27/5d/40afdc_535f_cover@2x-2-pokojowe-mieszkanie-wroclaw-srodmiescie-ul-henryka-probusa.webp
Wrocław Śródmieście,ul. Henryka Sienkiewicza,3,74,1047000,14149,bez pośredników,,21,https://adresowo.pl/o/mieszkanie-wroclaw-srodmiescie-ul-henryka-sienkiewicza-3-pokojowe-y5d0g8,https://s2.adresowa.pl/oi/69/76/40af76_6073_cover@2x-3-pokojowe-mieszkanie-wroclaw-srodmiescie-ul-henryka-sienkiewicza.webp
Wrocław Pilczyce,ul. Papiernicza,3,59,630000,10678,Pośrednik,,10,https://adresowo.pl/o/mieszkanie-wroclaw-pilczyce-ul-papiernicza-3-pokojowe-e1o8r2,https://s2.adresowa.pl/oi/62/1c/4083ce_ab50_cover@2x-3-pokojowe-mieszkanie-wroclaw-pilczyce-ul-papiernicza.webp
Wrocław,ul. Poświęcka,3,65,849000,13062,Pośrednik,,20,https://adresowo.pl/o/mieszkanie-wroclaw-ul-poswiecka-3-pokojowe-e6n4o9,https://s2.adresowa.pl/oi/3b/37/4081ba_3710_cover@2x-3-pokojowe-mieszkanie-wroclaw-ul-poswiecka.webp
Wrocław Stare Miasto,ul. Malarska,2,60,1390000,23167,bez pośredników,,4,https://adresowo.pl/o/mieszkanie-wroclaw-stare-miasto-ul-malarska-2-pokojowe-e9o4v7,https://s2.adresowa.pl/oi/52/3b/40af68_4154_cover@2x-2-pokojowe-mieszkanie-wroclaw-stare-miasto-ul-malarska.webp
Wrocław Gaj,ul. Orzechowa,3,62,625000,10081,bez pośredników,,13,https://adresowo.pl/o/mieszkanie-wroclaw-gaj-ul-orzechowa-3-pokojowe-r4t1j0,https://s2.adresowa.pl/oi/5c/16/40aefc_9220_cover@2x-3-pokojowe-mieszkanie-wroclaw-gaj-ul-orzechowa.webp
Wrocław Śródmieście,ul. kard. Stefana Wyszyńskiego,2,34,429000,12618,bez pośredników,,12,https://adresowo.pl/o/mieszkanie-wroclaw-srodmiescie-ul-kard-stefana-wyszynskiego-2-pokojowe-w9o9t0,https://s2.adresowa.pl/oi/1c/78/40ae1c_913d_cover@2x-2-pokojowe-mieszkanie-wroclaw-srodmiescie-ul-kard-stefana-wyszynskiego.webp
Wrocław Krzyki,ul. Nyska,2,39,799000,20487,Pośrednik,,19,https://adresowo.pl/o/mieszkanie-wroclaw-krzyki-ul-nyska-2-pokojowe-a4t1x8,https://s2.adresowa.pl/oi/5c/61/407f56_68d7_cover@2x-2-pokojowe-mieszkanie-wroclaw-krzyki-ul-nyska.webp
Wrocław Oporów,ul. Kamila Stefki,4,94,1199000,12755,Pośrednik,,13,https://adresowo.pl/o/mieszkanie-wroclaw-oporow-ul-kamila-stefki-4-pokojowe-m8y0c6,https://s2.adresowa.pl/oi/13/3f/407d50_9547_cover@2x-4-pokojowe-mieszkanie-wroclaw-oporow-ul-kamila-stefki.webp
Wrocław Krzyki,ul. Gajowa,3,46,615000,13370,bez pośredników,,21,https://adresowo.pl/o/mieszkanie-wroclaw-krzyki-ul-gajowa-3-pokojowe-p2u6s3,https://s2.adresowa.pl/oi/4c/7e/40abbc_7bcf_cover@2x-3-pokojowe-mieszkanie-wroclaw-krzyki-ul-gajowa.webp
Wrocław Krzyki,ul. gen. Józefa Haukego-Bosaka,6,139,1270000,9137,bez pośredników,,8,https://adresowo.pl/o/mieszkanie-wroclaw-krzyki-ul-gen-jozefa-haukego-bosaka-6-pokojowe-b6y4d8,https://s2.adresowa.pl/oi/42/3a/40aba6_6057_cover@2x-6-pokojowe-mieszkanie-wroclaw-krzyki-ul-gen-jozefa-haukego-bosaka.webp
Wrocław,Stare Miasto,2,38,430000,11316,bez pośredników,,8,https://adresowo.pl/o/mieszkanie-wroclaw-stare-miasto-2-pokojowe-38-m2-y6h3v1,https://s2.adresowa.pl/oi/65/19/40ab92_671c_cover@2x-2-pokojowe-mieszkanie-wroclaw-stare-miasto.webp
Wrocław Sołtysowice,al. Poprzeczna,3,56,520000,9286,Pośrednik,,9,https://adresowo.pl/o/mieszkanie-wroclaw-soltysowice-al-poprzeczna-3-pokojowe-z7a7e9,https://s2.adresowa.pl/oi/71/74/407d48_498c_cover@2x-3-pokojowe-mieszkanie-wroclaw-soltysowice-al-poprzeczna.webp
Wrocław Fabryczna,ul. Szkocka,2,54,550000,10185,Pośrednik,,15,https://adresowo.pl/o/mieszkanie-wroclaw-fabryczna-ul-szkocka-2-pokojowe-f4q7v2,https://s2.adresowa.pl/oi/18/6f/407a00_4aaa_cover@2x-2-pokojowe-mieszkanie-wroclaw-fabryczna-ul-szkocka.webp
Wrocław,Krzyki,2,36,490000,13611,bez pośredników,,10,https://adresowo.pl/o/mieszkanie-wroclaw-krzyki-2-pokojowe-36-m2-k0w4v9,https://s2.adresowa.pl/oi/60/55/40ab36_9b4a_cover@2x-2-pokojowe-mieszkanie-wroclaw-krzyki.webp
Wrocław Śródmieście,ul. Pomorska,1,38,620000,16316,bez pośredników,,8,https://adresowo.pl/o/mieszkanie-wroclaw-srodmiescie-ul-pomorska-1-pokoj-c1x4x3,https://s2.adresowa.pl/oi/49/4e/40aad8_8e50_cover@2x-1-pokojowe-mieszkanie-wroclaw-srodmiescie-ul-pomorska.webp
Wrocław Muchobór Wielki,ul. Marka Hłaski,3,66,799000,12106,bez pośredników,,13,https://adresowo.pl/o/mieszkanie-wroclaw-muchobor-wielki-ul-marka-hlaski-3-pokojowe-t8b0c9,https://s2.adresowa.pl/oi/46/26/40aa8c_d75f_cover@2x-3-pokojowe-mieszkanie-wroclaw-muchobor-wielki-ul-marka-hlaski.webp
Wrocław,Huby,2,42,469000,11167,Pośrednik,,17,https://adresowo.pl/o/mieszkanie-wroclaw-huby-2-pokojowe-42-m2-z2p0d5,https://s2.adresowa.pl/oi/25/49/40758c_df3e_cover@2x-2-pokojowe-mieszkanie-wroclaw-huby.webp
Wrocław Stare Miasto,ul. Ruska,2,55,1050000,19091,Pośrednik,,8,https://adresowo.pl/o/mieszkanie-wroclaw-stare-miasto-ul-ruska-2-pokojowe-g4o1h7,https://s2.adresowa.pl/oi/23/15/407432_838c_cover@2x-2-pokojowe-mieszkanie-wroclaw-stare-miasto-ul-ruska.webp
Wrocław Nowy Dwór,ul. Rogowska,6,82,870000,10610,bez pośredników,,8,https://adresowo.pl/o/mieszkanie-wroclaw-nowy-dwor-ul-rogowska-6-pokojowe-r7n1z2,https://s2.adresowa.pl/oi/62/3b/40aa5c_386f_cover@2x-6-pokojowe-mieszkanie-wroclaw-nowy-dwor-ul-rogowska.webp
Wrocław Gaj,ul. Krynicka,4,61,770000,12623,bez pośredników,,18,https://adresowo.pl/o/mieszkanie-wroclaw-gaj-ul-krynicka-4-pokojowe-u2y2t0,https://s2.adresowa.pl/oi/58/3b/40aa54_38ba_cover@2x-4-pokojowe-mieszkanie-wroclaw-gaj-ul-krynicka.webp
Wrocław Plac Grunwaldzki,pl. Grunwaldzki,2,36,655000,18194,bez pośredników,,5,https://adresowo.pl/o/mieszkanie-wroclaw-plac-grunwaldzki-pl-grunwaldzki-2-pokojowe-e5i3y6,https://s2.adresowa.pl/oi/55/26/40aa44_a4f1_cover@2x-2-pokojowe-mieszkanie-wroclaw-plac-grunwaldzki-pl-grunwaldzki.webp
Wrocław Śródmieście,ul. Kluczborska,5,75,1050000,14000,Pośrednik,,15,https://adresowo.pl/o/mieszkanie-wroclaw-srodmiescie-ul-kluczborska-5-pokojowe-i3n6i7,https://s2.adresowa.pl/oi/58/72/406bda_6f7e_cover@2x-5-pokojowe-mieszkanie-wroclaw-srodmiescie-ul-kluczborska.webp
Wrocław Stabłowice,ul. Arbuzowa,3,53,759000,14321,Pośrednik,,20,https://adresowo.pl/o/mieszkanie-wroclaw-stablowice-ul-arbuzowa-3-pokojowe-g6c9d5,https://s2.adresowa.pl/oi/69/53/4069a0_88f3_cover@2x-3-pokojowe-mieszkanie-wroclaw-stablowice-ul-arbuzowa.webp
Wrocław Wojszyce,ul. Jarosława Iwaszkiewicza,3,56,899000,16054,bez pośredników,,8,https://adresowo.pl/o/mieszkanie-wroclaw-wojszyce-ul-jaroslawa-iwaszkiewicza-3-pokojowe-i6j6j1,https://s2.adresowa.pl/oi/48/56/40aa16_b6a9_cover@2x-3-pokojowe-mieszkanie-wroclaw-wojszyce-ul-jaroslawa-iwaszkiewicza.webp
Wrocław Stare Miasto,ul. Zdrowa,1,25,385000,15400,bez pośredników,,8,https://adresowo.pl/o/mieszkanie-wroclaw-stare-miasto-ul-zdrowa-1-pokoj-p0e4c8,https://s2.adresowa.pl/oi/7a/21/40a9d2_577a_cover@2x-1-pokojowe-mieszkanie-wroclaw-stare-miasto-ul-zdrowa.webp
Wrocław Fabryczna,ul. Stalowa,3,65,815000,12538,bez pośredników,,18,https://adresowo.pl/o/mieszkanie-wroclaw-fabryczna-ul-stalowa-3-pokojowe-v0d3z3,https://s2.adresowa.pl/oi/1c/2b/40a88a_d5dc_cover@2x-3-pokojowe-mieszkanie-wroclaw-fabryczna-ul-stalowa.webp
Wrocław Zakrzów,ul. Staropolska,2,63,649700,10313,Pośrednik,,17,https://adresowo.pl/o/mieszkanie-wroclaw-zakrzow-ul-staropolska-2-pokojowe-o8t9h4,https://s2.adresowa.pl/oi/3e/12/406676_5556_cover@2x-2-pokojowe-mieszkanie-wroclaw-zakrzow-ul-staropolska.webp
Wrocław,Partynice,2,35,529000,15114,Pośrednik,,8,https://adresowo.pl/o/mieszkanie-wroclaw-partynice-2-pokojowe-35-m2-u3k6y0,https://s2.adresowa.pl/oi/6c/44/406352_49ca_cover@2x-2-pokojowe-mieszkanie-wroclaw-partynice.webp
Wrocław Krzyki,al. gen. Józefa Hallera 5,1,34,529000,15559,bez pośredników,,15,https://adresowo.pl/o/mieszkanie-wroclaw-krzyki-al-gen-jozefa-hallera-1-pokoj-e9d6i6,https://s2.adresowa.pl/oi/24/2a/41002c_f484_cover@2x-1-pokojowe-mieszkanie-wroclaw-krzyki-al-gen-jozefa-hallera.webp
Wrocław,Stare Miasto,1,27,430000,15926,bez pośredników,,4,https://adresowo.pl/o/mieszkanie-wroclaw-stare-miasto-1-pokoj-27-m2-s7l8z8,https://s2.adresowa.pl/oi/54/58/40a87e_a9f0_cover@2x-1-pokojowe-mieszkanie-wroclaw-stare-miasto.webp
Wrocław Maślice,ul. Maślicka,3,58,820000,14138,bez pośredników,,19,https://adresowo.pl/o/mieszkanie-wroclaw-maslice-ul-maslicka-3-pokojowe-b0q2g2,https://s2.adresowa.pl/oi/46/19/40a868_c0ce_cover@2x-3-pokojowe-mieszkanie-wroclaw-maslice-ul-maslicka.webp
Wrocław,Ołbin,3,111,1250000,11261,bez pośredników,,6,https://adresowo.pl/o/mieszkanie-wroclaw-olbin-3-pokojowe-111-m2-g6b1w3,https://s2.adresowa.pl/oi/3c/40/40a7c8_bcaa_cover@2x-3-pokojowe-mieszkanie-wroclaw-olbin.webp
Wrocław,Psie Pole,2,46,639000,13891,Pośrednik,,13,https://adresowo.pl/o/mieszkanie-wroclaw-psie-pole-2-pokojowe-46-m2-v6g6l5,https://s2.adresowa.pl/oi/13/27/405f6c_cb11_cover@2x-2-pokojowe-mieszkanie-wroclaw-psie-pole.webp
Wrocław,ul. Legnicka,2,58,1069000,18431,Pośrednik,,19,https://adresowo.pl/o/mieszkanie-wroclaw-ul-legnicka-2-pokojowe-i9a3p7,https://s2.adresowa.pl/oi/6c/1f/405cae_cca3_cover@2x-2-pokojowe-mieszkanie-wroclaw-ul-legnicka.webp
Wrocław Fabryczna,ul. Inżynierska,3,47,600000,12766,bez pośredników,,16,https://adresowo.pl/o/mieszkanie-wroclaw-fabryczna-ul-inzynierska-3-pokojowe-y5b7i4,https://s2.adresowa.pl/oi/43/58/40a780_94d4_cover@2x-3-pokojowe-mieszkanie-wroclaw-fabryczna-ul-inzynierska.webp
Wrocław Ołbin,ul. Jedności Narodowej,3,81,870000,10741,bez pośredników,,12,https://adresowo.pl/o/mieszkanie-wroclaw-olbin-ul-jednosci-narodowej-3-pokojowe-a5l0l4,https://s2.adresowa.pl/oi/45/19/40a67e_c01a_cover@2x-3-pokojowe-mieszkanie-wroclaw-olbin-ul-jednosci-narodowej.webp
Wrocław Stare Miasto,rynek Rynek,2,43,729000,16953,bez pośredników,,10,https://adresowo.pl/o/mieszkanie-wroclaw-stare-miasto-rynek-rynek-2-pokojowe-b1l4z0,https://s2.adresowa.pl/oi/6c/5b/40a5a2_ae94_cover@2x-2-pokojowe-mieszkanie-wroclaw-stare-miasto-rynek-rynek.webp
Wrocław Polanowice,ul. Henryka Michała Kamieńskiego,2,39,599000,15359,Pośrednik,,20,https://adresowo.pl/o/mieszkanie-wroclaw-polanowice-ul-henryka-michala-kamienskiego-2-pokojowe-o8p9n7,https://s2.adresowa.pl/oi/13/14/40570a_9829_cover@2x-2-pokojowe-mieszkanie-wroclaw-polanowice-ul-henryka-michala-kamienskiego.webp
Wrocław Sołtysowice,ul. Rafała Wojaczka,3,51,745000,14608,Pośrednik,,16,https://adresowo.pl/o/mieszkanie-wroclaw-soltysowice-ul-rafala-wojaczka-3-pokojowe-h9k2e3,https://s2.adresowa.pl/oi/69/2f/4052ca_45b4_cover@2x-3-pokojowe-mieszkanie-wroclaw-soltysowice-ul-rafala-wojaczka.webp
Wrocław Stare Miasto,ul. Legnicka,2,39,605000,15513,bez pośredników,,12,https://adresowo.pl/o/mieszkanie-wroclaw-stare-miasto-ul-legnicka-2-pokojowe-i9o2i8,https://s2.adresowa.pl/oi/2d/59/40a4d4_d190_cover@2x-2-pokojowe-mieszkanie-wroclaw-stare-miasto-ul-legnicka.webp
Wrocław Stare Miasto,ul. gen. Władysława Sikorskiego,2,45,1349000,29978,bez pośredników,,15,https://adresowo.pl/o/mieszkanie-wroclaw-stare-miasto-ul-gen-wladyslawa-sikorskiego-2-pokojowe-w6s6p9,https://s2.adresowa.pl/oi/27/31/40a1c6_c8b8_cover@2x-2-pokojowe-mieszkanie-wroclaw-stare-miasto-ul-gen-wladyslawa-sikorskiego.webp
Wrocław Śródmieście,ul. Szczytnicka,2,67,989000,14761,bez pośredników,,8,https://adresowo.pl/o/mieszkanie-wroclaw-srodmiescie-ul-szczytnicka-2-pokojowe-l0s8t9,https://s2.adresowa.pl/oi/7f/56/40a006_9bc3_cover@2x-2-pokojowe-mieszkanie-wroclaw-srodmiescie-ul-szczytnicka.webp
Wrocław,,2,50,475000,9500,Pośrednik,,8,https://adresowo.pl/o/mieszkanie-wroclaw-2-pokojowe-50-m2-r9q4u0,https://s2.adresowa.pl/oi/14/13/40524a_ac4d_cover@2x-2-pokojowe-mieszkanie-wroclaw.webp
Wrocław Śródmieście,ul. Norberta Barlickiego,4,92,1099000,11946,Pośrednik,,15,https://adresowo.pl/o/mieszkanie-wroclaw-srodmiescie-ul-norberta-barlickiego-4-pokojowe-i9b1q1,https://s2.adresowa.pl/oi/58/7c/405236_5263_cover@2x-4-pokojowe-mieszkanie-wroclaw-srodmiescie-ul-norberta-barlickiego.webp
Wrocław Stabłowice,ul. Stabłowicka,3,54,739000,13685,bez pośredników,,15,https://adresowo.pl/o/mieszkanie-wroclaw-stablowice-ul-stablowicka-3-pokojowe-j2z6s0,https://s2.adresowa.pl/oi/54/2c/409fa6_ce75_cover@2x-3-pokojowe-mieszkanie-wroclaw-stablowice-ul-stablowicka.webp
Wrocław Psie Pole,ul. Miłostowska,2,48,608000,12667,bez pośredników,,9,https://adresowo.pl/o/mieszkanie-wroclaw-psie-pole-ul-milostowska-2-pokojowe-q9q9y5,https://s2.adresowa.pl/oi/51/18/409f5e_e16c_cover@2x-2-pokojowe-mieszkanie-wroclaw-psie-pole-ul-milostowska.webp
Wrocław Stabłowice,ul. Jodłowicka,3,57,780000,13684,bez pośredników,,16,https://adresowo.pl/o/mieszkanie-wroclaw-stablowice-ul-jodlowicka-3-pokojowe-v6h5j1,https://s2.adresowa.pl/oi/23/6d/409f14_5e39_cover@2x-3-pokojowe-mieszkanie-wroclaw-stablowice-ul-jodlowicka.webp
Wrocław,Klecina,2,38,625000,16447,Pośrednik,,7,https://adresowo.pl/o/mieszkanie-wroclaw-klecina-2-pokojowe-38-m2-g9y3u3,https://s2.adresowa.pl/oi/3f/4b/404ebc_bd12_cover@2x-2-pokojowe-mieszkanie-wroclaw-klecina.webp
Wrocław Nowy Dwór,ul. Rogowska,2,52,595000,11442,Pośrednik,,6,https://adresowo.pl/o/mieszkanie-wroclaw-nowy-dwor-ul-rogowska-2-pokojowe-d0l0v5,https://s2.adresowa.pl/oi/7c/32/404eb2_d3bb_cover@2x-2-pokojowe-mieszkanie-wroclaw-nowy-dwor-ul-rogowska.webp
Wrocław Fabryczna,ul. Krępicka,3,70,760900,10870,bez pośredników,,12,https://adresowo.pl/o/mieszkanie-wroclaw-fabryczna-ul-krepicka-3-pokojowe-h8i4k8,https://s2.adresowa.pl/oi/67/5e/409e7c_94c4_cover@2x-3-pokojowe-mieszkanie-wroclaw-fabryczna-ul-krepicka.webp
Wrocław Fabryczna,ul. Strzegomska,2,52,615000,11827,bez pośredników,,12,https://adresowo.pl/o/mieszkanie-wroclaw-fabryczna-ul-strzegomska-2-pokojowe-g5s8w2,https://s2.adresowa.pl/oi/1b/5e/409d30_7d20_cover@2x-2-pokojowe-mieszkanie-wroclaw-fabryczna-ul-strzegomska.webp
Wrocław Fabryczna,ul. Popowicka,3,62,799000,12887,bez pośredników,,11,https://adresowo.pl/o/mieszkanie-wroclaw-fabryczna-ul-popowicka-3-pokojowe-i9z8h6,https://s2.adresowa.pl/oi/4b/5a/409cde_96fc_cover@2x-3-pokojowe-mieszkanie-wroclaw-fabryczna-ul-popowicka.webp
Wrocław,Krzyki,2,41,640000,15610,Pośrednik,,6,https://adresowo.pl/o/mieszkanie-wroclaw-krzyki-2-pokojowe-41-m2-v0u9t6,https://s2.adresowa.pl/oi/4b/3a/4049be_f538_cover@2x-2-pokojowe-mieszkanie-wroclaw-krzyki.webp
Wrocław,ul. św. Jerzego,2,48,460000,9583,Pośrednik,,7,https://adresowo.pl/o/mieszkanie-wroclaw-ul-sw-jerzego-2-pokojowe-i1j7z2,https://s2.adresowa.pl/oi/61/21/4048bc_b164_cover@2x-2-pokojowe-mieszkanie-wroclaw-ul-sw-jerzego.webp
Wrocław Śródmieście,ul. Barycka,3,65,869000,13369,bez pośredników,,14,https://adresowo.pl/o/mieszkanie-wroclaw-srodmiescie-ul-barycka-3-pokojowe-q1n0o6,https://s2.adresowa.pl/oi/2b/6d/409c76_473b_cover@2x-3-pokojowe-mieszkanie-wroclaw-srodmiescie-ul-barycka.webp
Wrocław Stare Miasto,ul. ks. Wincentego Kraińskiego,2,33,550000,16667,bez pośredników,,13,https://adresowo.pl/o/mieszkanie-wroclaw-stare-miasto-ul-ks-wincentego-krainskiego-2-pokojowe-o2o0t0,https://s2.adresowa.pl/oi/26/47/4098ee_661c_cover@2x-2-pokojowe-mieszkanie-wroclaw-stare-miasto-ul-ks-wincentego-krainskiego.webp
Wrocław Śródmieście,ul. Bolesława Krzywoustego,5,115,1650000,14348,bez pośredników,,8,https://adresowo.pl/o/mieszkanie-wroclaw-srodmiescie-ul-boleslawa-krzywoustego-5-pokojowe-t2g9d7,https://s2.adresowa.pl/oi/7c/46/40989a_56fb_cover@2x-5-pokojowe-mieszkanie-wroclaw-srodmiescie-ul-boleslawa-krzywoustego.webp
Wrocław Stare Miasto,pl. Nowy Targ,4,54,699000,12944,Pośrednik,,14,https://adresowo.pl/o/mieszkanie-wroclaw-stare-miasto-pl-nowy-targ-4-pokojowe-w6x1d8,https://s2.adresowa.pl/oi/7e/49/4046cc_ed74_cover@2x-4-pokojowe-mieszkanie-wroclaw-stare-miasto-pl-nowy-targ.webp
Wrocław Kozanów,ul. Dokerska,2,37,467000,12622,Pośrednik,,11,https://adresowo.pl/o/mieszkanie-wroclaw-kozanow-ul-dokerska-2-pokojowe-w4t0o3,https://s2.adresowa.pl/oi/39/15/4045b0_ffa7_cover@2x-2-pokojowe-mieszkanie-wroclaw-kozanow-ul-dokerska.webp
Wrocław Krzyki,pl. Zgody,3,81,785000,9691,bez pośredników,,20,https://adresowo.pl/o/mieszkanie-wroclaw-krzyki-pl-zgody-3-pokojowe-d0r6v2,https://s2.adresowa.pl/oi/15/26/4097fe_7cd7_cover@2x-3-pokojowe-mieszkanie-wroclaw-krzyki-pl-zgody.webp
Wrocław Gajowice,ul. Icchaka Lejba Pereca,1,34,475000,13971,bez pośredników,,11,https://adresowo.pl/o/mieszkanie-wroclaw-gajowice-ul-icchaka-lejba-pereca-1-pokoj-m7k7v4,https://s2.adresowa.pl/oi/43/63/4097cc_cb66_cover@2x-1-pokojowe-mieszkanie-wroclaw-gajowice-ul-icchaka-lejba-pereca.webp
Wrocław Klecina,ul. Kabaczkowa,2,39,595000,15256,bez pośredników,,11,https://adresowo.pl/o/mieszkanie-wroclaw-klecina-ul-kabaczkowa-2-pokojowe-h5r3g6,https://s2.adresowa.pl/oi/19/64/409746_f4c3_cover@2x-2-pokojowe-mieszkanie-wroclaw-klecina-ul-kabaczkowa.webp
Wrocław Psie Pole,al. Jana Kasprowicza,3,61,799000,13098,Pośrednik,,14,https://adresowo.pl/o/mieszkanie-wroclaw-psie-pole-al-jana-kasprowicza-3-pokojowe-f9l1b8,https://s2.adresowa.pl/oi/47/34/40455e_6ee2_cover@2x-3-pokojowe-mieszkanie-wroclaw-psie-pole-al-jana-kasprowicza.webp
Wrocław Krzyki,ul. Grabiszyńska,2,38,559000,14711,Pośrednik,,4,https://adresowo.pl/o/mieszkanie-wroclaw-krzyki-ul-grabiszynska-2-pokojowe-l3f7d9,https://s2.adresowa.pl/oi/6e/5b/40453c_77fa_cover@2x-2-pokojowe-mieszkanie-wroclaw-krzyki-ul-grabiszynska.webp
Wrocław Żerniki,ul. Przednia,2,42,520000,12381,bez pośredników,,8,https://adresowo.pl/o/mieszkanie-wroclaw-zerniki-ul-przednia-2-pokojowe-o0g4s7,https://s2.adresowa.pl/oi/79/65/4096c6_ec75_cover@2x-2-pokojowe-mieszkanie-wroclaw-zerniki-ul-przednia.webp
Wrocław Maślice,ul. Zawidowska,3,83,1150000,13855,bez pośredników,,29,https://adresowo.pl/o/mieszkanie-wroclaw-maslice-ul-zawidowska-3-pokojowe-m2v5h7,https://s2.adresowa.pl/oi/21/4f/4093e8_e2c0_cover@2x-3-pokojowe-mieszkanie-wroclaw-maslice-ul-zawidowska.webp
Wrocław Gądów Mały,bulw. Ikara,1,33,430000,13030,bez pośredników,,11,https://adresowo.pl/o/mieszkanie-wroclaw-gadow-maly-bulw-ikara-1-pokoj-w9n4o3,https://s2.adresowa.pl/oi/6f/21/40919c_37d0_cover@2x-1-pokojowe-mieszkanie-wroclaw-gadow-maly-bulw-ikara.webp
Wrocław Huby,ul. Gliniana,2,47,619998,13191,Pośrednik,,20,https://adresowo.pl/o/mieszkanie-wroclaw-huby-ul-gliniana-2-pokojowe-r5f4n3,https://s2.adresowa.pl/oi/31/20/40452e_747d_cover@2x-2-pokojowe-mieszkanie-wroclaw-huby-ul-gliniana.webp
Wrocław Krzyki,ul. Wesoła,2,54,520000,9630,Pośrednik,,12,https://adresowo.pl/o/mieszkanie-wroclaw-krzyki-ul-wesola-2-pokojowe-e4s7h8,https://s2.adresowa.pl/oi/4a/21/403f98_cae4_cover@2x-2-pokojowe-mieszkanie-wroclaw-krzyki-ul-wesola.webp
Wrocław Śródmieście,ul. Franklina Delano Roosevelta,3,75,750000,10000,bez pośredników,,21,https://adresowo.pl/o/mieszkanie-wroclaw-srodmiescie-ul-franklina-delano-roosevelta-3-pokojowe-z4j8n7,https://s2.adresowa.pl/oi/26/5a/409120_6b50_cover@2x-3-pokojowe-mieszkanie-wroclaw-srodmiescie-ul-franklina-delano-roosevelta.webp
Wrocław Nowy Dwór,ul. Wojrowicka,3,60,750000,12500,bez pośredników,,10,https://adresowo.pl/o/mieszkanie-wroclaw-nowy-dwor-ul-wojrowicka-3-pokojowe-p3y8z1,https://s2.adresowa.pl/oi/2e/66/408dc8_322c_cover@2x-3-pokojowe-mieszkanie-wroclaw-nowy-dwor-ul-wojrowicka.webp
Wrocław Lipa Piotrowska,ul. Waniliowa,2,44,580000,13182,bez pośredników,,7,https://adresowo.pl/o/mieszkanie-wroclaw-lipa-piotrowska-ul-waniliowa-2-pokojowe-y0o0f8,https://s2.adresowa.pl/oi/2c/45/408db6_ed9d_cover@2x-2-pokojowe-mieszkanie-wroclaw-lipa-piotrowska-ul-waniliowa.webp
Wrocław Fabryczna,ul. Blacharska,3,72,1060000,14722,Pośrednik,,15,https://adresowo.pl/o/mieszkanie-wroclaw-fabryczna-ul-blacharska-3-pokojowe-h1e4j1,https://s2.adresowa.pl/oi/7c/26/403f92_ef31_cover@2x-3-pokojowe-mieszkanie-wroclaw-fabryczna-ul-blacharska.webp
Wrocław Grabiszyn,ul. Krucza,2,47,530000,11277,Pośrednik,,5,https://adresowo.pl/o/mieszkanie-wroclaw-grabiszyn-ul-krucza-2-pokojowe-f6j1v6,https://s2.adresowa.pl/oi/7a/6e/403896_eb39_cover@2x-2-pokojowe-mieszkanie-wroclaw-grabiszyn-ul-krucza.webp
Wrocław Jagodno,ul. Antonia Vivaldiego,2,48,679000,14146,bez pośredników,,16,https://adresowo.pl/o/mieszkanie-wroclaw-jagodno-ul-antonia-vivaldiego-2-pokojowe-r1e3k5,https://s2.adresowa.pl/oi/5a/30/408d4c_97c7_cover@2x-2-pokojowe-mieszkanie-wroclaw-jagodno-ul-antonia-vivaldiego.webp
Wrocław Stare Miasto,ul. Krupnicza,3,74,935000,12635,bez pośredników,,18,https://adresowo.pl/o/mieszkanie-wroclaw-stare-miasto-ul-krupnicza-3-pokojowe-y7x4d2,https://s2.adresowa.pl/oi/74/26/408c9e_f8fb_cover@2x-3-pokojowe-mieszkanie-wroclaw-stare-miasto-ul-krupnicza.webp
Wrocław Krzyki,ul. Partynicka,3,56,779000,13911,bez pośredników,,14,https://adresowo.pl/o/mieszkanie-wroclaw-krzyki-ul-partynicka-3-pokojowe-r5j5p6,https://s2.adresowa.pl/oi/76/62/408c70_b131_cover@2x-3-pokojowe-mieszkanie-wroclaw-krzyki-ul-partynicka.webp
Wrocław Krzyki,ul. Szczęśliwa,3,70,659999,9429,Pośrednik,,20,https://adresowo.pl/o/mieszkanie-wroclaw-krzyki-ul-szczesliwa-3-pokojowe-u9n2z0,https://s2.adresowa.pl/oi/3b/51/40331c_ef3c_cover@2x-3-pokojowe-mieszkanie-wroclaw-krzyki-ul-szczesliwa.webp
Wrocław Sępolno,ul. Zygmunta Sierakowskiego 10,3,50,990000,19800,Pośrednik,,13,https://adresowo.pl/o/mieszkanie-wroclaw-sepolno-ul-zygmunta-sierakowskiego-3-pokojowe-i0i7j6,https://s2.adresowa.pl/oi/4a/5e/402ae8_e062_cover@2x-3-pokojowe-mieszkanie-wroclaw-sepolno-ul-zygmunta-sierakowskiego.webp
Wrocław Jagodno,ul. Edmunda Kajdasza,4,83,1320000,15904,bez pośredników,,15,https://adresowo.pl/o/mieszkanie-wroclaw-jagodno-ul-edmunda-kajdasza-4-pokojowe-y2f4d7,https://s2.adresowa.pl/oi/4a/18/408af4_6bb9_cover@2x-4-pokojowe-mieszkanie-wroclaw-jagodno-ul-edmunda-kajdasza.webp
Wrocław Stare Miasto,ul. Widok,2,47,665000,14149,bez pośredników,,13,https://adresowo.pl/o/mieszkanie-wroclaw-stare-miasto-ul-widok-2-pokojowe-l6b7i1,https://s2.adresowa.pl/oi/4c/65/4089dc_3b95_cover@2x-2-pokojowe-mieszkanie-wroclaw-stare-miasto-ul-widok.webp
Wrocław Jagodno,ul. Stanisława Drabika,2,39,679000,17410,bez pośredników,,14,https://adresowo.pl/o/mieszkanie-wroclaw-jagodno-ul-stanislawa-drabika-2-pokojowe-n9l8v5,https://s2.adresowa.pl/oi/64/45/40877c_831c_cover@2x-2-pokojowe-mieszkanie-wroclaw-jagodno-ul-stanislawa-drabika.webp
Wrocław Fabryczna,ul. Ludwika Solskiego,1,31,549000,17710,Pośrednik,,32,https://adresowo.pl/o/mieszkanie-wroclaw-fabryczna-ul-ludwika-solskiego-1-pokoj-o0m7e1,https://s2.adresowa.pl/oi/56/74/402ad0_90d6_cover@2x-1-pokojowe-mieszkanie-wroclaw-fabryczna-ul-ludwika-solskiego.webp
Wrocław Krzyki,ul. Piławska,2,31,490000,15806,Pośrednik,,15,https://adresowo.pl/o/mieszkanie-wroclaw-krzyki-ul-pilawska-2-pokojowe-p0u5f5,https://s2.adresowa.pl/oi/76/22/4028a2_a8c8_cover@2x-2-pokojowe-mieszkanie-wroclaw-krzyki-ul-pilawska.webp
Wrocław Jagodno,ul. Konduktorska,2,45,680000,15111,bez pośredników,,11,https://adresowo.pl/o/mieszkanie-wroclaw-jagodno-ul-konduktorska-2-pokojowe-x6j6r1,https://s2.adresowa.pl/oi/73/52/4085a4_5160_cover@2x-2-pokojowe-mieszkanie-wroclaw-jagodno-ul-konduktorska.webp
Wrocław Muchobór Wielki,ul. Melchiora Wańkowicza,4,74,875000,11824,bez pośredników,,20,https://adresowo.pl/o/mieszkanie-wroclaw-muchobor-wielki-ul-melchiora-wankowicza-4-pokojowe-r2w7a7,https://s2.adresowa.pl/oi/1a/37/4084ea_8372_cover@2x-4-pokojowe-mieszkanie-wroclaw-muchobor-wielki-ul-melchiora-wankowicza.webp
Wrocław Śródmieście,ul. Świętokrzyska,1,34,680000,20000,bez pośredników,,15,https://adresowo.pl/o/mieszkanie-wroclaw-srodmiescie-ul-swietokrzyska-1-pokoj-k6n3n2,https://s2.adresowa.pl/oi/43/22/40845a_d88e_cover@2x-1-pokojowe-mieszkanie-wroclaw-srodmiescie-ul-swietokrzyska.webp
Wrocław Krzyki,al. Wiśniowa,3,65,867244,13342,Pośrednik,,13,https://adresowo.pl/o/mieszkanie-wroclaw-krzyki-al-wisniowa-3-pokojowe-n8s8w1,https://s2.adresowa.pl/oi/19/42/401a30_a729_cover@2x-3-pokojowe-mieszkanie-wroclaw-krzyki-al-wisniowa.webp
Wrocław Swojczyce,ul. Ameriga Vespucciego,4,74,1695000,22905,Pośrednik,,16,https://adresowo.pl/o/mieszkanie-wroclaw-swojczyce-ul-ameriga-vespucciego-4-pokojowe-w4u4s0,https://s2.adresowa.pl/oi/6e/2f/401838_a1ba_cover@2x-4-pokojowe-mieszkanie-wroclaw-swojczyce-ul-ameriga-vespucciego.webp
Wrocław Kleczków,ul. Zakładowa,2,42,689000,16405,bez pośredników,,9,https://adresowo.pl/o/mieszkanie-wroclaw-kleczkow-ul-zakladowa-2-pokojowe-a4f9x9,https://s2.adresowa.pl/oi/1a/33/4082d6_8ef7_cover@2x-2-pokojowe-mieszkanie-wroclaw-kleczkow-ul-zakladowa.webp
Wrocław Gajowice,ul. Kwaśna,1,35,549000,15686,bez pośredników,,10,https://adresowo.pl/o/mieszkanie-wroclaw-gajowice-ul-kwasna-1-pokoj-t0b8k3,https://s2.adresowa.pl/oi/78/75/4080c4_5adf_cover@2x-1-pokojowe-mieszkanie-wroclaw-gajowice-ul-kwasna.webp
Wrocław Stare Miasto,ul. Hugona Kołłątaja,2,50,620000,12400,bez pośredników,,13,https://adresowo.pl/o/mieszkanie-wroclaw-stare-miasto-ul-hugona-kollataja-2-pokojowe-g6g3h8,https://s2.adresowa.pl/oi/5f/44/408014_8bee_cover@2x-2-pokojowe-mieszkanie-wroclaw-stare-miasto-ul-hugona-kollataja.webp
Wrocław,ul. Sołtysowicka,2,36,570000,15833,Pośrednik,,8,https://adresowo.pl/o/mieszkanie-wroclaw-ul-soltysowicka-2-pokojowe-f8j2i4,https://s2.adresowa.pl/oi/5a/4f/40170e_89a0_cover@2x-2-pokojowe-mieszkanie-wroclaw-ul-soltysowicka.webp
Wrocław Fabryczna,ul. Dolnobrzeska,3,75,829001,11053,Pośrednik,,19,https://adresowo.pl/o/mieszkanie-wroclaw-fabryczna-ul-dolnobrzeska-3-pokojowe-n6l0r6,https://s2.adresowa.pl/oi/77/7d/401448_4b35_cover@2x-3-pokojowe-mieszkanie-wroclaw-fabryczna-ul-dolnobrzeska.webp
Wrocław Krzyki,ul. Działkowa,1,29,540000,18621,bez pośredników,,8,https://adresowo.pl/o/mieszkanie-wroclaw-krzyki-ul-dzialkowa-1-pokoj-b1v4p8,https://s2.adresowa.pl/oi/48/16/40800c_6fe4_cover@2x-1-pokojowe-mieszkanie-wroclaw-krzyki-ul-dzialkowa.webp
Wrocław Zakrzów,ul. Zatorska,3,55,690000,12545,bez pośredników,,11,https://adresowo.pl/o/mieszkanie-wroclaw-zakrzow-ul-zatorska-3-pokojowe-y7h5s6,https://s2.adresowa.pl/oi/62/70/407e60_5ae2_cover@2x-3-pokojowe-mieszkanie-wroclaw-zakrzow-ul-zatorska.webp
Wrocław Jagodno,ul. Buforowa,3,50,725000,14500,bez pośredników,,1,https://adresowo.pl/o/mieszkanie-wroclaw-jagodno-ul-buforowa-3-pokojowe-d8g1u1,https://s2.adresowa.pl/oi/36/60/407d9c_49ae_cover@2x-3-pokojowe-mieszkanie-wroclaw-jagodno-ul-buforowa.webp
Wrocław Psie Pole,ul. Obornicka 87B,4,71,1209000,17028,Pośrednik,,22,https://adresowo.pl/o/mieszkanie-wroclaw-psie-pole-ul-obornicka-4-pokojowe-q5l8y3,https://s2.adresowa.pl/oi/2b/47/4010e6_5f83_cover@2x-4-pokojowe-mieszkanie-wroclaw-psie-pole-ul-obornicka.webp
Wrocław Borek,ul. Oficerska,4,64,889901,13905,Pośrednik,,18,https://adresowo.pl/o/mieszkanie-wroclaw-borek-ul-oficerska-4-pokojowe-m8j0v6,https://s2.adresowa.pl/oi/2f/30/4010a6_fb8e_cover@2x-4-pokojowe-mieszkanie-wroclaw-borek-ul-oficerska.webp
Wrocław Fabryczna,ul. Lwowska,2,38,520000,13684,bez pośredników,,8,https://adresowo.pl/o/mieszkanie-wroclaw-fabryczna-ul-lwowska-2-pokojowe-x4s3x4,https://s2.adresowa.pl/oi/67/70/407c2c_cb56_cover@2x-2-pokojowe-mieszkanie-wroclaw-fabryczna-ul-lwowska.webp
Wrocław Śródmieście,ul. Ładna,2,42,599000,14262,bez pośredników,,10,https://adresowo.pl/o/mieszkanie-wroclaw-srodmiescie-ul-ladna-2-pokojowe-i4k2v5,https://s2.adresowa.pl/oi/5c/76/407c0e_fa17_cover@2x-2-pokojowe-mieszkanie-wroclaw-srodmiescie-ul-ladna.webp
Wrocław,Jagodno,2,49,759000,15490,bez pośredników,,8,https://adresowo.pl/o/mieszkanie-wroclaw-jagodno-2-pokojowe-49-m2-w5u5j6,https://s2.adresowa.pl/oi/53/25/407bac_5ecb_cover@2x-2-pokojowe-mieszkanie-wroclaw-jagodno.webp
Wrocław Wojnów,ul. Gitarowa,4,85,799000,9400,Pośrednik,,11,https://adresowo.pl/o/mieszkanie-wroclaw-wojnow-ul-gitarowa-4-pokojowe-v6y5o9,https://s2.adresowa.pl/oi/40/64/400d2c_2817_cover@2x-4-pokojowe-mieszkanie-wroclaw-wojnow-ul-gitarowa.webp
Wrocław Krzyki,al. gen. Józefa Hallera,2,39,979000,25103,Pośrednik,,14,https://adresowo.pl/o/mieszkanie-wroclaw-krzyki-al-gen-jozefa-hallera-2-pokojowe-l7u2m5,https://s2.adresowa.pl/oi/38/38/400340_d570_cover@2x-2-pokojowe-mieszkanie-wroclaw-krzyki-al-gen-jozefa-hallera.webp
Wrocław Maślice,ul. Królewiecka,2,48,699000,14562,bez pośredników,,16,https://adresowo.pl/o/mieszkanie-wroclaw-maslice-ul-krolewiecka-2-pokojowe-u8u5g5,https://s2.adresowa.pl/oi/48/6a/40781c_7586_cover@2x-2-pokojowe-mieszkanie-wroclaw-maslice-ul-krolewiecka.webp
Wrocław Gaj,ul. Radkowska,1,29,495000,17069,bez pośredników,,16,https://adresowo.pl/o/mieszkanie-wroclaw-gaj-ul-radkowska-1-pokoj-u7u4b0,https://s2.adresowa.pl/oi/3f/2d/407970_bc55_cover@2x-1-pokojowe-mieszkanie-wroclaw-gaj-ul-radkowska.webp
Wrocław Stare Miasto,ul. Uniwersytecka,1,33,600000,18182,bez pośredników,,12,https://adresowo.pl/o/mieszkanie-wroclaw-stare-miasto-ul-uniwersytecka-1-pokoj-f2u7f3,https://s2.adresowa.pl/oi/56/67/407800_f47a_cover@2x-1-pokojowe-mieszkanie-wroclaw-stare-miasto-ul-uniwersytecka.webp
Wrocław Śródmieście,ul. Ładna,2,45,599000,13311,Pośrednik,,6,https://adresowo.pl/o/mieszkanie-wroclaw-srodmiescie-ul-ladna-2-pokojowe-z6x2l6,https://s2.adresowa.pl/oi/3c/10/3ffd1c_648d_cover@2x-2-pokojowe-mieszkanie-wroclaw-srodmiescie-ul-ladna.webp
Wrocław Ołbin,ul. Wygodna,3,53,629000,11868,Pośrednik,,13,https://adresowo.pl/o/mieszkanie-wroclaw-olbin-ul-wygodna-3-pokojowe-o2s8g9,https://s2.adresowa.pl/oi/45/34/3ffd06_583e_cover@2x-3-pokojowe-mieszkanie-wroclaw-olbin-ul-wygodna.webp
Wrocław Śródmieście,ul. Aleksandra Hercena,2,45,599000,13311,bez pośredników,,12,https://adresowo.pl/o/mieszkanie-wroclaw-srodmiescie-ul-aleksandra-hercena-2-pokojowe-p6j0h5,https://s2.adresowa.pl/oi/52/71/407774_42a4_cover@2x-2-pokojowe-mieszkanie-wroclaw-srodmiescie-ul-aleksandra-hercena.webp
Wrocław Krzyki,ul. Sztabowa,3,84,979000,11655,bez pośredników,,18,https://adresowo.pl/o/mieszkanie-wroclaw-krzyki-ul-sztabowa-3-pokojowe-q3z6e4,https://s2.adresowa.pl/oi/35/19/407686_4067_cover@2x-3-pokojowe-mieszkanie-wroclaw-krzyki-ul-sztabowa.webp
Wrocław Maślice,ul. Królewiecka,2,48,625000,13021,bez pośredników,,8,https://adresowo.pl/o/mieszkanie-wroclaw-maslice-ul-krolewiecka-2-pokojowe-o5l1b4,https://s2.adresowa.pl/oi/12/5a/4075e0_7f70_cover@2x-2-pokojowe-mieszkanie-wroclaw-maslice-ul-krolewiecka.webp
Wrocław,,2,34,485000,14265,Pośrednik,,5,https://adresowo.pl/o/mieszkanie-wroclaw-2-pokojowe-34-m2-q3r4x6,https://s2.adresowa.pl/oi/43/70/3ffa24_8510_cover@2x-2-pokojowe-mieszkanie-wroclaw.webp
Wrocław Fabryczna,ul. Stefana Drzewieckiego,4,73,789000,10808,Pośrednik,,13,https://adresowo.pl/o/mieszkanie-wroclaw-fabryczna-ul-stefana-drzewieckiego-4-pokojowe-q5r3t5,https://s2.adresowa.pl/oi/56/15/3ff448_7953_cover@2x-4-pokojowe-mieszkanie-wroclaw-fabryczna-ul-stefana-drzewieckiego.webp
Wrocław Stare Miasto,ul. gen. Władysława Sikorskiego,2,42,934784,22257,bez pośredników,,8,https://adresowo.pl/o/mieszkanie-wroclaw-stare-miasto-ul-gen-wladyslawa-sikorskiego-2-pokojowe-i9i5a4,https://s2.adresowa.pl/oi/44/4b/407468_a730_cover@2x-2-pokojowe-mieszkanie-wroclaw-stare-miasto-ul-gen-wladyslawa-sikorskiego.webp
Wrocław Psie Pole,ul. Gorlicka,1,32,459000,14344,bez pośredników,,13,https://adresowo.pl/o/mieszkanie-wroclaw-psie-pole-ul-gorlicka-1-pokoj-i1b3j9,https://s2.adresowa.pl/oi/60/67/40742e_7849_cover@2x-1-pokojowe-mieszkanie-wroclaw-psie-pole-ul-gorlicka.webp
Wrocław Krzyki,ul. Tadeusza Zielińskiego,2,45,649000,14422,bez pośredników,,10,https://adresowo.pl/o/mieszkanie-wroclaw-krzyki-ul-tadeusza-zielinskiego-2-pokojowe-e4c4v1,https://s2.adresowa.pl/oi/53/4b/407176_dbb9_cover@2x-2-pokojowe-mieszkanie-wroclaw-krzyki-ul-tadeusza-zielinskiego.webp
Wrocław Muchobór Wielki,ul. Żwirki i Wigury,2,49,758000,15469,Pośrednik,,29,https://adresowo.pl/o/mieszkanie-wroclaw-muchobor-wielki-ul-zwirki-i-wigury-2-pokojowe-g4s4v5,https://s2.adresowa.pl/oi/43/29/3fea22_2761_cover@2x-2-pokojowe-mieszkanie-wroclaw-muchobor-wielki-ul-zwirki-i-wigury.webp
Wrocław Stare Miasto,ul. gen. Władysława Sikorskiego,2,45,1260000,28000,Pośrednik,,16,https://adresowo.pl/o/mieszkanie-wroclaw-stare-miasto-ul-gen-wladyslawa-sikorskiego-2-pokojowe-o8k3c0,https://s2.adresowa.pl/oi/40/1d/3fe718_b5c2_cover@2x-2-pokojowe-mieszkanie-wroclaw-stare-miasto-ul-gen-wladyslawa-sikorskiego.webp
Wrocław,Krzyki,1,30,510000,17000,bez pośredników,,6,https://adresowo.pl/o/mieszkanie-wroclaw-krzyki-1-pokoj-30-m2-l3z6g4,https://s2.adresowa.pl/oi/6b/12/4070e0_a69b_cover@2x-1-pokojowe-mieszkanie-wroclaw-krzyki.webp
Wrocław Śródmieście,ul. Jedności Narodowej 189,2,56,599000,10696,bez pośredników,,20,https://adresowo.pl/o/mieszkanie-wroclaw-srodmiescie-ul-jednosci-narodowej-2-pokojowe-s5t0v6,https://s2.adresowa.pl/oi/45/59/4070ac_5359_cover@2x-2-pokojowe-mieszkanie-wroclaw-srodmiescie-ul-jednosci-narodowej.webp
Wrocław Krzyki,ul. Wiktora Brossa,1,33,649000,19667,bez pośredników,,22,https://adresowo.pl/o/mieszkanie-wroclaw-krzyki-ul-wiktora-brossa-1-pokoj-e1s8a2,https://s2.adresowa.pl/oi/1b/4d/406f14_984a_cover@2x-1-pokojowe-mieszkanie-wroclaw-krzyki-ul-wiktora-brossa.webp
Wrocław Stare Miasto,ul. Kotlarska,3,53,729000,13755,Pośrednik,,19,https://adresowo.pl/o/mieszkanie-wroclaw-stare-miasto-ul-kotlarska-3-pokojowe-b0r5n1,https://s2.adresowa.pl/oi/18/62/3fdb90_5db2_cover@2x-3-pokojowe-mieszkanie-wroclaw-stare-miasto-ul-kotlarska.webp
Wrocław,Stare Miasto,2,48,639000,13312,Pośrednik,,15,https://adresowo.pl/o/mieszkanie-wroclaw-stare-miasto-2-pokojowe-48-m2-s6n4p8,https://s2.adresowa.pl/oi/31/43/3fd8c8_784f_cover@2x-2-pokojowe-mieszkanie-wroclaw-stare-miasto.webp
Wrocław Stare Miasto,pl. Jana Pawła II,2,43,1115000,25930,bez pośredników,,29,https://adresowo.pl/o/mieszkanie-wroclaw-stare-miasto-pl-jana-pawla-ii-2-pokojowe-q3o7i1,https://s2.adresowa.pl/oi/20/42/406e3e_c314_cover@2x-2-pokojowe-mieszkanie-wroclaw-stare-miasto-pl-jana-pawla-ii.webp
Wrocław Stare Miasto,ul. Podwale,2,47,790000,16809,bez pośredników,,8,https://adresowo.pl/o/mieszkanie-wroclaw-stare-miasto-ul-podwale-2-pokojowe-v1b3y4,https://s2.adresowa.pl/oi/40/40/406df6_5d8c_cover@2x-2-pokojowe-mieszkanie-wroclaw-stare-miasto-ul-podwale.webp
Wrocław Fabryczna,ul. Żelazna,3,45,620000,13778,bez pośredników,,4,https://adresowo.pl/o/mieszkanie-wroclaw-fabryczna-ul-zelazna-3-pokojowe-x8c6s7,https://s2.adresowa.pl/oi/3b/13/406da6_b3ba_cover@2x-3-pokojowe-mieszkanie-wroclaw-fabryczna-ul-zelazna.webp
Wrocław,ul. Tymiankowa,4,94,871463,9271,Pośrednik,,5,https://adresowo.pl/o/mieszkanie-wroclaw-ul-tymiankowa-4-pokojowe-u2o8l9,https://s2.adresowa.pl/oi/4e/5f/3fd6aa_d400_cover@2x-4-pokojowe-mieszkanie-wroclaw-ul-tymiankowa.webp
Wrocław Krzyki,ul. Powstańców Śląskich,3,61,800000,13115,Pośrednik,,44,https://adresowo.pl/o/mieszkanie-wroclaw-krzyki-ul-powstancow-slaskich-3-pokojowe-o7v4v4,https://s2.adresowa.pl/oi/13/2e/3fd0bc_df77_cover@2x-3-pokojowe-mieszkanie-wroclaw-krzyki-ul-powstancow-slaskich.webp
Wrocław Stare Miasto,ul. Hugona Kołłątaja,2,80,929000,11612,bez pośredników,,19,https://adresowo.pl/o/mieszkanie-wroclaw-stare-miasto-ul-hugona-kollataja-2-pokojowe-z4h2a2,https://s2.adresowa.pl/oi/7c/72/406b3c_7481_cover@2x-2-pokojowe-mieszkanie-wroclaw-stare-miasto-ul-hugona-kollataja.webp
Wrocław Krzyki,al. gen. Józefa Hallera,2,53,565000,10660,bez pośredników,,8,https://adresowo.pl/o/mieszkanie-wroclaw-krzyki-al-gen-jozefa-hallera-2-pokojowe-y7r0w1,https://s2.adresowa.pl/oi/4f/2c/4069b0_f24f_cover@2x-2-pokojowe-mieszkanie-wroclaw-krzyki-al-gen-jozefa-hallera.webp
Wrocław Jagodno,ul. Stanisława Drabika,3,71,906000,12761,bez pośredników,,13,https://adresowo.pl/o/mieszkanie-wroclaw-jagodno-ul-stanislawa-drabika-3-pokojowe-k8d1d2,https://s2.adresowa.pl/oi/31/29/40694c_e7e5_cover@2x-3-pokojowe-mieszkanie-wroclaw-jagodno-ul-stanislawa-drabika.webp
Wrocław,Gądów Mały,9,185,1205100,6514,Pośrednik,,9,https://adresowo.pl/o/mieszkanie-wroclaw-gadow-maly-9-pokojowe-185-m2-i4m8p0,https://s2.adresowa.pl/oi/5e/1d/3fd01e_8a66_cover@2x-9-pokojowe-mieszkanie-wroclaw-gadow-maly.webp
Wrocław Krzyki,ul. Drukarska,2,38,515000,13553,Pośrednik,,9,https://adresowo.pl/o/mieszkanie-wroclaw-krzyki-ul-drukarska-2-pokojowe-r6w5s1,https://s2.adresowa.pl/oi/2d/34/3fcc70_c2d5_cover@2x-2-pokojowe-mieszkanie-wroclaw-krzyki-ul-drukarska.webp
Wrocław Pawłowice,ul. Pawłowicka,3,56,590000,10536,bez pośredników,,7,https://adresowo.pl/o/mieszkanie-wroclaw-pawlowice-ul-pawlowicka-3-pokojowe-q6s4j9,https://s2.adresowa.pl/oi/32/2d/4067c6_b9f7_cover@2x-3-pokojowe-mieszkanie-wroclaw-pawlowice-ul-pawlowicka.webp
Wrocław Zakrzów,ul. Zofii Gumińskiej,2,46,705000,15326,bez pośredników,,15,https://adresowo.pl/o/mieszkanie-wroclaw-zakrzow-ul-zofii-guminskiej-2-pokojowe-n8i4b9,https://s2.adresowa.pl/oi/29/5f/406786_f678_cover@2x-2-pokojowe-mieszkanie-wroclaw-zakrzow-ul-zofii-guminskiej.webp
Wrocław Maślice,ul. Maślicka,2,47,790000,16809,bez pośredników,,10,https://adresowo.pl/o/mieszkanie-wroclaw-maslice-ul-maslicka-2-pokojowe-k8u4w6,https://s2.adresowa.pl/oi/19/49/4066aa_3e5e_cover@2x-2-pokojowe-mieszkanie-wroclaw-maslice-ul-maslicka.webp
Wrocław Krzyki,ul. Zaolziańska,2,45,650000,14444,Pośrednik,,5,https://adresowo.pl/o/mieszkanie-wroclaw-krzyki-ul-zaolzianska-2-pokojowe-l6u3g4,https://s2.adresowa.pl/oi/65/62/3fcc16_3e64_cover@2x-2-pokojowe-mieszkanie-wroclaw-krzyki-ul-zaolzianska.webp
Wrocław Poświętne,ul. Poświęcka,3,70,799000,11414,Pośrednik,,10,https://adresowo.pl/o/mieszkanie-wroclaw-poswietne-ul-poswiecka-3-pokojowe-u0y1o4,https://s2.adresowa.pl/oi/15/6e/3fc3ac_6b35_cover@2x-3-pokojowe-mieszkanie-wroclaw-poswietne-ul-poswiecka.webp
Wrocław Fabryczna,ul. Wejherowska,3,54,590000,10926,bez pośredników,,9,https://adresowo.pl/o/mieszkanie-wroclaw-fabryczna-ul-wejherowska-3-pokojowe-s2l3p5,https://s2.adresowa.pl/oi/16/59/406670_849e_cover@2x-3-pokojowe-mieszkanie-wroclaw-fabryczna-ul-wejherowska.webp
Wrocław Krzyki,ul. Tadeusza Zielińskiego,2,49,729000,14878,bez pośredników,,10,https://adresowo.pl/o/mieszkanie-wroclaw-krzyki-ul-tadeusza-zielinskiego-2-pokojowe-g8t2e5,https://s2.adresowa.pl/oi/7b/36/406638_3517_cover@2x-2-pokojowe-mieszkanie-wroclaw-krzyki-ul-tadeusza-zielinskiego.webp
Wrocław Śródmieście,ul. Henryka Brodatego,3,82,724000,8829,bez pośredników,,11,https://adresowo.pl/o/mieszkanie-wroclaw-srodmiescie-ul-henryka-brodatego-3-pokojowe-k8y6x4,https://s2.adresowa.pl/oi/58/3a/4063d6_d228_cover@2x-3-pokojowe-mieszkanie-wroclaw-srodmiescie-ul-henryka-brodatego.webp
Wrocław Gaj,ul. Strońska,4,73,809000,11082,Pośrednik,,22,https://adresowo.pl/o/mieszkanie-wroclaw-gaj-ul-stronska-4-pokojowe-r3x4u9,https://s2.adresowa.pl/oi/35/22/3fbd5a_e04c_cover@2x-4-pokojowe-mieszkanie-wroclaw-gaj-ul-stronska.webp
Wrocław,Stare Miasto,2,39,500000,12821,Pośrednik,,11,https://adresowo.pl/o/mieszkanie-wroclaw-stare-miasto-2-pokojowe-39-m2-r5s8q0,https://s2.adresowa.pl/oi/7f/7e/3fbb6a_ec33_cover@2x-2-pokojowe-mieszkanie-wroclaw-stare-miasto.webp
Wrocław Wojnów,ul. Perkusyjna,2,37,439000,11865,bez pośredników,,3,https://adresowo.pl/o/mieszkanie-wroclaw-wojnow-ul-perkusyjna-2-pokojowe-j4h7m1,https://s2.adresowa.pl/oi/2b/59/4063d8_9fe2_cover@2x-2-pokojowe-mieszkanie-wroclaw-wojnow-ul-perkusyjna.webp
Wrocław Szczepin,ul. Litomska,4,71,950000,13380,bez pośredników,,9,https://adresowo.pl/o/mieszkanie-wroclaw-szczepin-ul-litomska-4-pokojowe-e9n4h7,https://s2.adresowa.pl/oi/74/49/406138_288a_cover@2x-4-pokojowe-mieszkanie-wroclaw-szczepin-ul-litomska.webp
Wrocław Krzyki,ul. Stanisława Małachowskiego,3,61,560000,9180,bez pośredników,,10,https://adresowo.pl/o/mieszkanie-wroclaw-krzyki-ul-stanislawa-malachowskiego-3-pokojowe-n5q8o5,https://s2.adresowa.pl/oi/5a/5a/405ef0_ecd4_cover@2x-3-pokojowe-mieszkanie-wroclaw-krzyki-ul-stanislawa-malachowskiego.webp
Wrocław Księże Wielkie,ul. Opolska,2,36,530000,14722,Pośrednik,,13,https://adresowo.pl/o/mieszkanie-wroclaw-ksieze-wielkie-ul-opolska-2-pokojowe-p7y5r5,https://s2.adresowa.pl/oi/29/1c/3fb5bc_b056_cover@2x-2-pokojowe-mieszkanie-wroclaw-ksieze-wielkie-ul-opolska.webp
Wrocław Psie Pole,ul. Zaułek Rogoziński 11B,2,49,629000,12837,Pośrednik,,11,https://adresowo.pl/o/mieszkanie-wroclaw-psie-pole-ul-zaulek-rogozinski-2-pokojowe-b5t3b1,https://s2.adresowa.pl/oi/4b/73/3fb598_99be_cover@2x-2-pokojowe-mieszkanie-wroclaw-psie-pole-ul-zaulek-rogozinski.webp
Wrocław Krzyki,ul. Gajowicka 155,3,74,1010475,13655,bez pośredników,,14,https://adresowo.pl/o/mieszkanie-wroclaw-krzyki-ul-gajowicka-3-pokojowe-l6a8h1,https://s2.adresowa.pl/oi/48/77/40fd9c_ce7a_cover@2x-3-pokojowe-mieszkanie-wroclaw-krzyki-ul-gajowicka.webp
Wrocław Krzyki,ul. Wincentego Stysia,2,50,620000,12400,bez pośredników,,13,https://adresowo.pl/o/mieszkanie-wroclaw-krzyki-ul-wincentego-stysia-2-pokojowe-o9c2s8,https://s2.adresowa.pl/oi/54/7a/405cc4_e84c_cover@2x-2-pokojowe-mieszkanie-wroclaw-krzyki-ul-wincentego-stysia.webp
Wrocław Stare Miasto,ul. Tadeusza Kościuszki,2,46,649000,14109,bez pośredników,,14,https://adresowo.pl/o/mieszkanie-wroclaw-stare-miasto-ul-tadeusza-kosciuszki-2-pokojowe-d3q9k5,https://s2.adresowa.pl/oi/50/39/404e14_a120_cover@2x-2-pokojowe-mieszkanie-wroclaw-stare-miasto-ul-tadeusza-kosciuszki.webp
Wrocław,Śródmieście,2,56,599000,10696,bez pośredników,,8,https://adresowo.pl/o/mieszkanie-wroclaw-srodmiescie-2-pokojowe-56-m2-q6c4g1,https://s2.adresowa.pl/oi/3d/50/404c6c_294e_cover@2x-2-pokojowe-mieszkanie-wroclaw-srodmiescie.webp
Wrocław Żerniki,ul. Rumiankowa,20,631,5000000,7924,Pośrednik,,8,https://adresowo.pl/o/mieszkanie-wroclaw-zerniki-ul-rumiankowa-20-pokojowe-g6k9y1,https://s2.adresowa.pl/oi/14/41/3fb544_a61e_cover@2x-20-pokojowe-mieszkanie-wroclaw-zerniki-ul-rumiankowa.webp
Wrocław Śródmieście,ul. Franklina Delano Roosevelta 30,2,50,564000,11280,Pośrednik,,14,https://adresowo.pl/o/mieszkanie-wroclaw-srodmiescie-ul-franklina-delano-roosevelta-2-pokojowe-i6k5l1,https://s2.adresowa.pl/oi/63/6e/3fb48a_9901_cover@2x-2-pokojowe-mieszkanie-wroclaw-srodmiescie-ul-franklina-delano-roosevelta.webp
Wrocław Stare Miasto,ul. Prosta,2,37,520000,14054,bez pośredników,,10,https://adresowo.pl/o/mieszkanie-wroclaw-stare-miasto-ul-prosta-2-pokojowe-z4p0v8,https://s2.adresowa.pl/oi/2e/7b/404c28_d5f9_cover@2x-2-pokojowe-mieszkanie-wroclaw-stare-miasto-ul-prosta.webp
Wrocław Krzyki,ul. gen. Stefana Grota-Roweckiego,3,80,1085000,13562,bez pośredników,,20,https://adresowo.pl/o/mieszkanie-wroclaw-krzyki-ul-gen-stefana-grota-roweckiego-3-pokojowe-z8x5h1,https://s2.adresowa.pl/oi/77/20/404b5e_d0a6_cover@2x-3-pokojowe-mieszkanie-wroclaw-krzyki-ul-gen-stefana-grota-roweckiego.webp
Wrocław Krzyki,ul. Wilcza,1,26,398700,15335,bez pośredników,,21,https://adresowo.pl/o/mieszkanie-wroclaw-krzyki-ul-wilcza-1-pokoj-s8n8y8,https://s2.adresowa.pl/oi/78/17/404a60_6178_cover@2x-1-pokojowe-mieszkanie-wroclaw-krzyki-ul-wilcza.webp
Wrocław Ołtaszyn,ul. Łubinowa,3,76,949900,12499,Pośrednik,,16,https://adresowo.pl/o/mieszkanie-wroclaw-oltaszyn-ul-lubinowa-3-pokojowe-f0u5f2,https://s2.adresowa.pl/oi/21/77/3fa7a6_9975_cover@2x-3-pokojowe-mieszkanie-wroclaw-oltaszyn-ul-lubinowa.webp
Wrocław Krzyki,ul. Szczęśliwa,2,67,620000,9254,Pośrednik,,9,https://adresowo.pl/o/mieszkanie-wroclaw-krzyki-ul-szczesliwa-2-pokojowe-m5q6v8,https://s2.adresowa.pl/oi/30/15/3f9d48_d822_cover@2x-2-pokojowe-mieszkanie-wroclaw-krzyki-ul-szczesliwa.webp
Wrocław Brochów,ul. Syryjska,2,42,660000,15714,bez pośredników,,9,https://adresowo.pl/o/mieszkanie-wroclaw-brochow-ul-syryjska-2-pokojowe-r6j8g8,https://s2.adresowa.pl/oi/66/60/404960_3f3b_cover@2x-2-pokojowe-mieszkanie-wroclaw-brochow-ul-syryjska.webp
Wrocław Krzyki,ul. Stanisława Drabika,3,60,920000,15333,bez pośredników,,19,https://adresowo.pl/o/mieszkanie-wroclaw-krzyki-ul-stanislawa-drabika-3-pokojowe-x3k1j4,https://s2.adresowa.pl/oi/2c/40/404942_c62a_cover@2x-3-pokojowe-mieszkanie-wroclaw-krzyki-ul-stanislawa-drabika.webp
Wrocław Psie Pole,ul. Waniliowa,2,41,650000,15854,bez pośredników,,15,https://adresowo.pl/o/mieszkanie-wroclaw-psie-pole-ul-waniliowa-2-pokojowe-i9c1n2,https://s2.adresowa.pl/oi/51/57/4048fa_f144_cover@2x-2-pokojowe-mieszkanie-wroclaw-psie-pole-ul-waniliowa.webp
Wrocław,Szczepin,2,25,375000,15000,Pośrednik,,5,https://adresowo.pl/o/mieszkanie-wroclaw-szczepin-2-pokojowe-25-m2-d0p5m7,https://s2.adresowa.pl/oi/68/10/3f9d14_dc94_cover@2x-2-pokojowe-mieszkanie-wroclaw-szczepin.webp
Wrocław Klecina,ul. Kobierzycka,2,49,645000,13163,Pośrednik,,15,https://adresowo.pl/o/mieszkanie-wroclaw-klecina-ul-kobierzycka-2-pokojowe-u3k5n4,https://s2.adresowa.pl/oi/1c/22/3f9364_a131_cover@2x-2-pokojowe-mieszkanie-wroclaw-klecina-ul-kobierzycka.webp
Wrocław Śródmieście,ul. Ludwika Rydygiera,3,60,779000,12983,bez pośredników,,10,https://adresowo.pl/o/mieszkanie-wroclaw-srodmiescie-ul-ludwika-rydygiera-3-pokojowe-y7e4d5,https://s2.adresowa.pl/oi/5e/30/40479a_6e9d_cover@2x-3-pokojowe-mieszkanie-wroclaw-srodmiescie-ul-ludwika-rydygiera.webp
Wrocław Śródmieście,ul. Benedykta Polaka,3,58,1299000,22397,bez pośredników,,18,https://adresowo.pl/o/mieszkanie-wroclaw-srodmiescie-ul-benedykta-polaka-3-pokojowe-z4d6s2,https://s2.adresowa.pl/oi/51/13/404540_e235_cover@2x-3-pokojowe-mieszkanie-wroclaw-srodmiescie-ul-benedykta-polaka.webp
Wrocław Fabryczna,ul. Stalowowolska,3,65,670000,10308,bez pośredników,,8,https://adresowo.pl/o/mieszkanie-wroclaw-fabryczna-ul-stalowowolska-3-pokojowe-l2q9m7,https://s2.adresowa.pl/oi/68/71/40452c_3fd3_cover@2x-3-pokojowe-mieszkanie-wroclaw-fabryczna-ul-stalowowolska.webp
Wrocław,Maślice,3,51,649000,12725,Pośrednik,,8,https://adresowo.pl/o/mieszkanie-wroclaw-maslice-3-pokojowe-51-m2-o5l4e1,https://s2.adresowa.pl/oi/28/16/3f8bee_8ebf_cover@2x-3-pokojowe-mieszkanie-wroclaw-maslice.webp
Wrocław Jagodno,ul. Stanisława Drabika,2,36,588000,16333,Pośrednik,,42,https://adresowo.pl/o/mieszkanie-wroclaw-jagodno-ul-stanislawa-drabika-2-pokojowe-x2a3d0,https://s2.adresowa.pl/oi/39/31/3f8be6_8654_cover@2x-2-pokojowe-mieszkanie-wroclaw-jagodno-ul-stanislawa-drabika.webp
Wrocław Ołbin,ul. Mikołaja Reja,4,79,849000,10747,bez pośredników,,10,https://adresowo.pl/o/mieszkanie-wroclaw-olbin-ul-mikolaja-reja-4-pokojowe-f0j3m1,https://s2.adresowa.pl/oi/7e/2f/4044fe_b973_cover@2x-4-pokojowe-mieszkanie-wroclaw-olbin-ul-mikolaja-reja.webp
Wrocław Fabryczna,ul. Ruczajowa,3,58,935000,16121,bez pośredników,,20,https://adresowo.pl/o/mieszkanie-wroclaw-fabryczna-ul-ruczajowa-3-pokojowe-a4t7y1,https://s2.adresowa.pl/oi/71/60/4044b0_ae99_cover@2x-3-pokojowe-mieszkanie-wroclaw-fabryczna-ul-ruczajowa.webp
Wrocław Księże Wielkie,ul. Siemianowicka,3,58,840000,14483,bez pośredników,,14,https://adresowo.pl/o/mieszkanie-wroclaw-ksieze-wielkie-ul-siemianowicka-3-pokojowe-n8v5x8,https://s2.adresowa.pl/oi/1a/15/4044a2_94d9_cover@2x-3-pokojowe-mieszkanie-wroclaw-ksieze-wielkie-ul-siemianowicka.webp
Wrocław Kuźniki,ul. Sarbinowska,2,36,379689,10547,Pośrednik,,14,https://adresowo.pl/o/mieszkanie-wroclaw-kuzniki-ul-sarbinowska-2-pokojowe-y3b6p7,https://s2.adresowa.pl/oi/1a/4c/3f8144_f780_cover@2x-2-pokojowe-mieszkanie-wroclaw-kuzniki-ul-sarbinowska.webp
Wrocław Fabryczna,ul. Icchaka Lejba Pereca,2,51,650000,12745,Pośrednik,,13,https://adresowo.pl/o/mieszkanie-wroclaw-fabryczna-ul-icchaka-lejba-pereca-2-pokojowe-o1v9g5,https://s2.adresowa.pl/oi/66/52/3f7b94_d74d_cover@2x-2-pokojowe-mieszkanie-wroclaw-fabryczna-ul-icchaka-lejba-pereca.webp
Wrocław Śródmieście,ul. Nowowiejska,2,42,630000,15000,bez pośredników,,10,https://adresowo.pl/o/mieszkanie-wroclaw-srodmiescie-ul-nowowiejska-2-pokojowe-r6q7c8,https://s2.adresowa.pl/oi/6f/4f/40434c_cca1_cover@2x-2-pokojowe-mieszkanie-wroclaw-srodmiescie-ul-nowowiejska.webp
Wrocław Muchobór Wielki,ul. Jurija Gagarina,2,37,580000,15676,bez pośredników,,7,https://adresowo.pl/o/mieszkanie-wroclaw-muchobor-wielki-ul-jurija-gagarina-2-pokojowe-y9v2m7,https://s2.adresowa.pl/oi/16/44/404008_7273_cover@2x-2-pokojowe-mieszkanie-wroclaw-muchobor-wielki-ul-jurija-gagarina.webp
Wrocław Krzyki,ul. Stanisława Drabika,3,63,1180000,18730,bez pośredników,,23,https://adresowo.pl/o/mieszkanie-wroclaw-krzyki-ul-stanislawa-drabika-3-pokojowe-r3j9h7,https://s2.adresowa.pl/oi/37/75/403f6c_64b5_cover@2x-3-pokojowe-mieszkanie-wroclaw-krzyki-ul-stanislawa-drabika.webp
Wrocław,ul. gen. Romualda Traugutta 66,3,75,650000,8667,Pośrednik,,21,https://adresowo.pl/o/mieszkanie-wroclaw-ul-gen-romualda-traugutta-3-pokojowe-x4l6o4,https://s2.adresowa.pl/oi/59/3d/3f7780_c288_cover@2x-3-pokojowe-mieszkanie-wroclaw-ul-gen-romualda-traugutta.webp
Wrocław,Brochów,4,75,949000,12653,Pośrednik,,18,https://adresowo.pl/o/mieszkanie-wroclaw-brochow-4-pokojowe-75-m2-o8z4r3,https://s2.adresowa.pl/oi/51/44/3f7500_a0ba_cover@2x-4-pokojowe-mieszkanie-wroclaw-brochow.webp
Wrocław Fabryczna,ul. Jodłowicka,3,59,820000,13898,bez pośredników,,13,https://adresowo.pl/o/mieszkanie-wroclaw-fabryczna-ul-jodlowicka-3-pokojowe-s7s5b8,https://s2.adresowa.pl/oi/6f/4d/403e82_5634_cover@2x-3-pokojowe-mieszkanie-wroclaw-fabryczna-ul-jodlowicka.webp
Wrocław Zacisze,ul. ks. Emila Szramka,3,93,1730000,18602,bez pośredników,,21,https://adresowo.pl/o/mieszkanie-wroclaw-zacisze-ul-ks-emila-szramka-3-pokojowe-k2a1k9,https://s2.adresowa.pl/oi/2d/16/403d4a_a3d5_cover@2x-3-pokojowe-mieszkanie-wroclaw-zacisze-ul-ks-emila-szramka.webp
Wrocław Krzyki,ul. Powstańców Śląskich,2,46,639000,13891,bez pośredników,,12,https://adresowo.pl/o/mieszkanie-wroclaw-krzyki-ul-powstancow-slaskich-2-pokojowe-o9f8x1,https://s2.adresowa.pl/oi/42/51/403e20_5a2e_cover@2x-2-pokojowe-mieszkanie-wroclaw-krzyki-ul-powstancow-slaskich.webp
Wrocław Szczepin,ul. gen. Władysława Sikorskiego,4,130,2810265,21617,Pośrednik,,15,https://adresowo.pl/o/mieszkanie-wroclaw-szczepin-ul-gen-wladyslawa-sikorskiego-4-pokojowe-h4t3o8,https://s2.adresowa.pl/oi/1a/59/3f70ee_64ae_cover@2x-4-pokojowe-mieszkanie-wroclaw-szczepin-ul-gen-wladyslawa-sikorskiego.webp
Wrocław Ołbin,Kluczborska okolice,2,60,599000,9983,Pośrednik,,10,https://adresowo.pl/o/mieszkanie-wroclaw-olbin-kluczborska-okolice-2-pokojowe-v7u6y6,https://s2.adresowa.pl/oi/3e/35/3f70da_d3d7_cover@2x-2-pokojowe-mieszkanie-wroclaw-olbin-kluczborska-okolice.webp
Wrocław Psie Pole,ul. Ludwika Kubali,3,56,718900,12838,bez pośredników,,20,https://adresowo.pl/o/mieszkanie-wroclaw-psie-pole-ul-ludwika-kubali-3-pokojowe-h1d9d0,https://s2.adresowa.pl/oi/68/4d/403ddc_b058_cover@2x-3-pokojowe-mieszkanie-wroclaw-psie-pole-ul-ludwika-kubali.webp
Wrocław Stare Miasto,ul. Krawiecka,1,19,380000,20000,bez pośredników,,13,https://adresowo.pl/o/mieszkanie-wroclaw-stare-miasto-ul-krawiecka-1-pokoj-f8r3a9,https://s2.adresowa.pl/oi/58/56/403c90_ca36_cover@2x-1-pokojowe-mieszkanie-wroclaw-stare-miasto-ul-krawiecka.webp
Wrocław Stare Miasto,ul. Komuny Paryskiej,1,34,484000,14235,bez pośredników,,7,https://adresowo.pl/o/mieszkanie-wroclaw-stare-miasto-ul-komuny-paryskiej-1-pokoj-q3b3l4,https://s2.adresowa.pl/oi/75/32/403c36_ea07_cover@2x-1-pokojowe-mieszkanie-wroclaw-stare-miasto-ul-komuny-paryskiej.webp
Wrocław,Krzyki,4,135,1700000,12593,Pośrednik,,24,https://adresowo.pl/o/mieszkanie-wroclaw-krzyki-4-pokojowe-135-m2-e7n3i4,https://s2.adresowa.pl/oi/7a/3a/3f6d94_64f2_cover@2x-4-pokojowe-mieszkanie-wroclaw-krzyki.webp
Wrocław Śródmieście,ul. Śrutowa,4,106,2199900,20754,Pośrednik,,33,https://adresowo.pl/o/mieszkanie-wroclaw-srodmiescie-ul-srutowa-4-pokojowe-k6v6j0,https://s2.adresowa.pl/oi/4a/54/3f5fb4_66a5_cover@2x-4-pokojowe-mieszkanie-wroclaw-srodmiescie-ul-srutowa.webp
Wrocław Psie Pole,ul. Żmudzka,2,42,537000,12786,bez pośredników,,9,https://adresowo.pl/o/mieszkanie-wroclaw-psie-pole-ul-zmudzka-2-pokojowe-y0r9v4,https://s2.adresowa.pl/oi/47/53/403ad4_6ad4_cover@2x-2-pokojowe-mieszkanie-wroclaw-psie-pole-ul-zmudzka.webp
Wrocław Swojczyce,ul. Ameriga Vespucciego,3,60,1150000,19167,bez pośredników,,11,https://adresowo.pl/o/mieszkanie-wroclaw-swojczyce-ul-ameriga-vespucciego-3-pokojowe-s0e4h6,https://s2.adresowa.pl/oi/67/5a/403946_a465_cover@2x-3-pokojowe-mieszkanie-wroclaw-swojczyce-ul-ameriga-vespucciego.webp
Wrocław Stare Miasto,ul. Ścinawska,1,25,420000,16800,bez pośredników,,9,https://adresowo.pl/o/mieszkanie-wroclaw-stare-miasto-ul-scinawska-1-pokoj-o0t2f9,https://s2.adresowa.pl/oi/12/58/40326c_51bb_cover@2x-1-pokojowe-mieszkanie-wroclaw-stare-miasto-ul-scinawska.webp
Wrocław Wojszyce,ul. gen. Stefana Grota-Roweckiego,2,47,730000,15532,Pośrednik,,10,https://adresowo.pl/o/mieszkanie-wroclaw-wojszyce-ul-gen-stefana-grota-roweckiego-2-pokojowe-h0w8l2,https://s2.adresowa.pl/oi/1e/44/3f5bdc_cd2f_cover@2x-2-pokojowe-mieszkanie-wroclaw-wojszyce-ul-gen-stefana-grota-roweckiego.webp
Wrocław Śródmieście,ul. Legnicka,4,79,1175253,14877,Pośrednik,,6,https://adresowo.pl/o/mieszkanie-wroclaw-srodmiescie-ul-legnicka-4-pokojowe-x3r3g0,https://s2.adresowa.pl/oi/3e/2c/3f5bd8_2f06_cover@2x-4-pokojowe-mieszkanie-wroclaw-srodmiescie-ul-legnicka.webp
Wrocław Muchobór Wielki,ul. Stanisława Kunickiego,3,60,888888,14815,bez pośredników,,10,https://adresowo.pl/o/mieszkanie-wroclaw-muchobor-wielki-ul-stanislawa-kunickiego-3-pokojowe-x1a7f0,https://s2.adresowa.pl/oi/26/43/4031d8_867e_cover@2x-3-pokojowe-mieszkanie-wroclaw-muchobor-wielki-ul-stanislawa-kunickiego.webp
Wrocław Psie Pole,ul. Antoniego Słonimskiego,2,29,630000,21724,bez pośredników,,11,https://adresowo.pl/o/mieszkanie-wroclaw-psie-pole-ul-antoniego-slonimskiego-2-pokojowe-q0d4o4,https://s2.adresowa.pl/oi/3d/2b/402e06_ccea_cover@2x-2-pokojowe-mieszkanie-wroclaw-psie-pole-ul-antoniego-slonimskiego.webp
Wrocław Stare Miasto,ul. Inżynierska,2,41,640000,15610,bez pośredników,,8,https://adresowo.pl/o/mieszkanie-wroclaw-stare-miasto-ul-inzynierska-2-pokojowe-g7w4k2,https://s2.adresowa.pl/oi/29/1e/402d02_43a1_cover@2x-2-pokojowe-mieszkanie-wroclaw-stare-miasto-ul-inzynierska.webp
Wrocław,ul. Skwierzyńska,3,56,599000,10696,Pośrednik,,43,https://adresowo.pl/o/mieszkanie-wroclaw-ul-skwierzynska-3-pokojowe-v9r7r5,https://s2.adresowa.pl/oi/5d/1c/3f5750_91c9_cover@2x-3-pokojowe-mieszkanie-wroclaw-ul-skwierzynska.webp
Wrocław Śródmieście,Reja okolice,3,52,599000,11519,Pośrednik,,8,https://adresowo.pl/o/mieszkanie-wroclaw-srodmiescie-reja-okolice-3-pokojowe-y9k3l1,https://s2.adresowa.pl/oi/2e/1a/3f53de_2e83_cover@2x-3-pokojowe-mieszkanie-wroclaw-srodmiescie-reja-okolice.webp
Wrocław Śródmieście,ul. Mikołaja Sępa-Szarzyńskiego,2,52,750000,14423,bez pośredników,,11,https://adresowo.pl/o/mieszkanie-wroclaw-srodmiescie-ul-mikolaja-sepa-szarzynskiego-2-pokojowe-c2p4h1,https://s2.adresowa.pl/oi/67/41/402cee_3743_cover@2x-2-pokojowe-mieszkanie-wroclaw-srodmiescie-ul-mikolaja-sepa-szarzynskiego.webp
Wrocław,Stare Miasto,1,47,749000,15936,bez pośredników,,7,https://adresowo.pl/o/mieszkanie-wroclaw-stare-miasto-1-pokoj-47-m2-q0h3h8,https://s2.adresowa.pl/oi/6a/3c/402aea_aec7_cover@2x-1-pokojowe-mieszkanie-wroclaw-stare-miasto.webp
Wrocław Stare Miasto,ul. Zachodnia,2,39,499000,12795,bez pośredników,,11,https://adresowo.pl/o/mieszkanie-wroclaw-stare-miasto-ul-zachodnia-2-pokojowe-z5c0y9,https://s2.adresowa.pl/oi/79/1e/402808_b3bb_cover@2x-2-pokojowe-mieszkanie-wroclaw-stare-miasto-ul-zachodnia.webp
Wrocław Jagodno,ul. Edmunda Kajdasza,4,92,1056775,11487,Pośrednik,,13,https://adresowo.pl/o/mieszkanie-wroclaw-jagodno-ul-edmunda-kajdasza-4-pokojowe-r6q8q5,https://s2.adresowa.pl/oi/6e/5f/3f519c_67b6_cover@2x-4-pokojowe-mieszkanie-wroclaw-jagodno-ul-edmunda-kajdasza.webp
Wrocław Gądów Mały,ul. Legnicka,1,33,519000,15727,Pośrednik,,12,https://adresowo.pl/o/mieszkanie-wroclaw-gadow-maly-ul-legnicka-1-pokoj-a6o8i3,https://s2.adresowa.pl/oi/29/2b/3f4b86_9b9c_cover@2x-1-pokojowe-mieszkanie-wroclaw-gadow-maly-ul-legnicka.webp
Wrocław Śródmieście,ul. Stanisława Dubois,2,37,567000,15324,bez pośredników,,10,https://adresowo.pl/o/mieszkanie-wroclaw-srodmiescie-ul-stanislawa-dubois-2-pokojowe-a0k1t0,https://s2.adresowa.pl/oi/46/29/4029c0_60c7_cover@2x-2-pokojowe-mieszkanie-wroclaw-srodmiescie-ul-stanislawa-dubois.webp
Wrocław Muchobór Wielki,ul. Jurija Gagarina,3,67,920000,13731,bez pośredników,,21,https://adresowo.pl/o/mieszkanie-wroclaw-muchobor-wielki-ul-jurija-gagarina-3-pokojowe-l3b3s1,https://s2.adresowa.pl/oi/44/48/402772_8d24_cover@2x-3-pokojowe-mieszkanie-wroclaw-muchobor-wielki-ul-jurija-gagarina.webp
Wrocław Muchobór Wielki,ul. Marka Hłaski,3,67,799000,11925,bez pośredników,,20,https://adresowo.pl/o/mieszkanie-wroclaw-muchobor-wielki-ul-marka-hlaski-3-pokojowe-v2x3g6,https://s2.adresowa.pl/oi/44/4b/402740_e6c9_cover@2x-3-pokojowe-mieszkanie-wroclaw-muchobor-wielki-ul-marka-hlaski.webp
Wrocław Stare Miasto,ul. Księcia Witolda,3,115,7000000,60870,Pośrednik,,16,https://adresowo.pl/o/mieszkanie-wroclaw-stare-miasto-ul-ksiecia-witolda-3-pokojowe-c8d9r1,https://s2.adresowa.pl/oi/69/7a/3f3fe6_c5ec_cover@2x-3-pokojowe-mieszkanie-wroclaw-stare-miasto-ul-ksiecia-witolda.webp
Wrocław Krzyki,ul. Pigwowa,2,46,899000,19543,Pośrednik,,28,https://adresowo.pl/o/mieszkanie-wroclaw-krzyki-ul-pigwowa-2-pokojowe-n5q1g2,https://s2.adresowa.pl/oi/53/23/3f38b0_ba54_cover@2x-2-pokojowe-mieszkanie-wroclaw-krzyki-ul-pigwowa.webp
Wrocław,Krzyki,1,29,419000,14448,bez pośredników,,9,https://adresowo.pl/o/mieszkanie-wroclaw-krzyki-1-pokoj-29-m2-g2l1t3,https://s2.adresowa.pl/oi/57/6c/402608_965c_cover@2x-1-pokojowe-mieszkanie-wroclaw-krzyki.webp
Wrocław Fabryczna,ul. Niedźwiedzia,3,64,700000,10938,bez pośredników,,11,https://adresowo.pl/o/mieszkanie-wroclaw-fabryczna-ul-niedzwiedzia-3-pokojowe-k9i9i8,https://s2.adresowa.pl/oi/69/46/4025fa_d419_cover@2x-3-pokojowe-mieszkanie-wroclaw-fabryczna-ul-niedzwiedzia.webp
Wrocław Fabryczna,pl. Srebrny,2,36,500000,13889,bez pośredników,,9,https://adresowo.pl/o/mieszkanie-wroclaw-fabryczna-pl-srebrny-2-pokojowe-e0h3v7,https://s2.adresowa.pl/oi/2a/38/4025d6_a78a_cover@2x-2-pokojowe-mieszkanie-wroclaw-fabryczna-pl-srebrny.webp
Wrocław Fabryczna,ul. Mińska,3,59,739997,12542,Pośrednik,,15,https://adresowo.pl/o/mieszkanie-wroclaw-fabryczna-ul-minska-3-pokojowe-u5p5q9,https://s2.adresowa.pl/oi/61/77/3f2556_44ab_cover@2x-3-pokojowe-mieszkanie-wroclaw-fabryczna-ul-minska.webp
Wrocław Śródmieście,ul. Henryka Sienkiewicza,2,44,570000,12955,Pośrednik,,13,https://adresowo.pl/o/mieszkanie-wroclaw-srodmiescie-ul-henryka-sienkiewicza-2-pokojowe-q0l8g4,https://s2.adresowa.pl/oi/32/51/3f2538_8a75_cover@2x-2-pokojowe-mieszkanie-wroclaw-srodmiescie-ul-henryka-sienkiewicza.webp
Wrocław Maślice,ul. Zawidowska,4,70,959000,13700,bez pośredników,,12,https://adresowo.pl/o/mieszkanie-wroclaw-maslice-ul-zawidowska-4-pokojowe-y7r8n9,https://s2.adresowa.pl/oi/61/57/4024dc_3c7e_cover@2x-4-pokojowe-mieszkanie-wroclaw-maslice-ul-zawidowska.webp
Wrocław Huby,ul. Przestrzenna,1,24,449000,18708,bez pośredników,,1,https://adresowo.pl/o/mieszkanie-wroclaw-huby-ul-przestrzenna-1-pokoj-v3w8k3,https://s2.adresowa.pl/oi/7f/30/402346_8238_cover@2x-1-pokojowe-mieszkanie-wroclaw-huby-ul-przestrzenna.webp
Wrocław Krzyki,ul. Szarugi,3,71,990000,13944,bez pośredników,,12,https://adresowo.pl/o/mieszkanie-wroclaw-krzyki-ul-szarugi-3-pokojowe-k3s6d0,https://s2.adresowa.pl/oi/24/14/401ebc_29db_cover@2x-3-pokojowe-mieszkanie-wroclaw-krzyki-ul-szarugi.webp
Wrocław,Karłowice,3,52,749000,14404,Pośrednik,,17,https://adresowo.pl/o/mieszkanie-wroclaw-karlowice-3-pokojowe-52-m2-x3l8u1,https://s2.adresowa.pl/oi/29/7a/3f232a_3895_cover@2x-3-pokojowe-mieszkanie-wroclaw-karlowice.webp
Wrocław Stare Miasto,ul. Długa,2,46,849000,18457,Pośrednik,,17,https://adresowo.pl/o/mieszkanie-wroclaw-stare-miasto-ul-dluga-2-pokojowe-o7u7z9,https://s2.adresowa.pl/oi/48/1c/3f21dc_7ee5_cover@2x-2-pokojowe-mieszkanie-wroclaw-stare-miasto-ul-dluga.webp
Wrocław Stare Miasto,ul. Tadeusza Rejtana,2,68,690000,10147,bez pośredników,,9,https://adresowo.pl/o/mieszkanie-wroclaw-stare-miasto-ul-tadeusza-rejtana-2-pokojowe-l5o5s8,https://s2.adresowa.pl/oi/3d/64/40180e_817b_cover@2x-2-pokojowe-mieszkanie-wroclaw-stare-miasto-ul-tadeusza-rejtana.webp
Wrocław Stare Miasto,ul. Żytnia,1,27,380000,14074,bez pośredników,,4,https://adresowo.pl/o/mieszkanie-wroclaw-stare-miasto-ul-zytnia-1-pokoj-a0h6z1,https://s2.adresowa.pl/oi/61/56/4013c4_6005_cover@2x-1-pokojowe-mieszkanie-wroclaw-stare-miasto-ul-zytnia.webp
Wrocław Krzyki,ul. ks. Czesława Klimasa,2,42,760000,18095,bez pośredników,,9,https://adresowo.pl/o/mieszkanie-wroclaw-krzyki-ul-ks-czeslawa-klimasa-2-pokojowe-y1u1c4,https://s2.adresowa.pl/oi/65/4c/400d18_af62_cover@2x-2-pokojowe-mieszkanie-wroclaw-krzyki-ul-ks-czeslawa-klimasa.webp
Wrocław Stare Miasto,ul. Mennicza,4,78,1150000,14744,Pośrednik,,25,https://adresowo.pl/o/mieszkanie-wroclaw-stare-miasto-ul-mennicza-4-pokojowe-n9p2k7,https://s2.adresowa.pl/oi/50/6c/3f210e_e2ed_cover@2x-4-pokojowe-mieszkanie-wroclaw-stare-miasto-ul-mennicza.webp
Wrocław,,2,40,550000,13750,Pośrednik,,12,https://adresowo.pl/o/mieszkanie-wroclaw-2-pokojowe-40-m2-p3p4a0,https://s2.adresowa.pl/oi/33/50/3f20d4_cdb9_cover@2x-2-pokojowe-mieszkanie-wroclaw.webp
Wrocław Krzyki,ul. Pułtuska,4,76,869000,11434,bez pośredników,,14,https://adresowo.pl/o/mieszkanie-wroclaw-krzyki-ul-pultuska-4-pokojowe-n6a9n1,https://s2.adresowa.pl/oi/5d/4e/400c38_9881_cover@2x-4-pokojowe-mieszkanie-wroclaw-krzyki-ul-pultuska.webp
Wrocław,Stare Miasto,2,35,710000,20286,bez pośredników,,7,https://adresowo.pl/o/mieszkanie-wroclaw-stare-miasto-2-pokojowe-35-m2-b6d3b5,https://s2.adresowa.pl/oi/1a/4d/400c16_4696_cover@2x-2-pokojowe-mieszkanie-wroclaw-stare-miasto.webp
Wrocław Fabryczna,ul. Legnicka,4,64,695000,10859,bez pośredników,,20,https://adresowo.pl/o/mieszkanie-wroclaw-fabryczna-ul-legnicka-4-pokojowe-d5p3l3,https://s2.adresowa.pl/oi/60/12/400c0c_5640_cover@2x-4-pokojowe-mieszkanie-wroclaw-fabryczna-ul-legnicka.webp
Wrocław Fabryczna,ul. Porajowska,3,59,790000,13390,Pośrednik,,15,https://adresowo.pl/o/mieszkanie-wroclaw-fabryczna-ul-porajowska-3-pokojowe-n1y6p6,https://s2.adresowa.pl/oi/7e/1c/3f1c28_6390_cover@2x-3-pokojowe-mieszkanie-wroclaw-fabryczna-ul-porajowska.webp
Wrocław Gaj,ul. Pirenejska,3,64,830000,12969,Pośrednik,,13,https://adresowo.pl/o/mieszkanie-wroclaw-gaj-ul-pirenejska-3-pokojowe-u0t4p1,https://s2.adresowa.pl/oi/14/64/3f174c_9e3f_cover@2x-3-pokojowe-mieszkanie-wroclaw-gaj-ul-pirenejska.webp
Wrocław Krzyki,ul. Edmunda Kajdasza,2,46,700000,15217,bez pośredników,,17,https://adresowo.pl/o/mieszkanie-wroclaw-krzyki-ul-edmunda-kajdasza-2-pokojowe-u5b9w9,https://s2.adresowa.pl/oi/13/63/400b76_4c71_cover@2x-2-pokojowe-mieszkanie-wroclaw-krzyki-ul-edmunda-kajdasza.webp
Wrocław Śródmieście,ul. Stefana Jaracza,3,69,1150000,16667,bez pośredników,,8,https://adresowo.pl/o/mieszkanie-wroclaw-srodmiescie-ul-stefana-jaracza-3-pokojowe-c1p6h2,https://s2.adresowa.pl/oi/5d/2f/400b3e_d856_cover@2x-3-pokojowe-mieszkanie-wroclaw-srodmiescie-ul-stefana-jaracza.webp
Wrocław Psie Pole,ul. Ramiszowska,2,46,739000,16065,bez pośredników,,15,https://adresowo.pl/o/mieszkanie-wroclaw-psie-pole-ul-ramiszowska-2-pokojowe-n5a4k6,https://s2.adresowa.pl/oi/4f/5d/400a0a_65fa_cover@2x-2-pokojowe-mieszkanie-wroclaw-psie-pole-ul-ramiszowska.webp
Wrocław Krzyki,al. Armii Krajowej,2,36,509000,14139,Pośrednik,,4,https://adresowo.pl/o/mieszkanie-wroclaw-krzyki-al-armii-krajowej-2-pokojowe-s4g1m3,https://s2.adresowa.pl/oi/40/1f/3f16e8_cf71_cover@2x-2-pokojowe-mieszkanie-wroclaw-krzyki-al-armii-krajowej.webp
Wrocław Stare Miasto,ul. Odrzańska,3,76,1499000,19724,Pośrednik,,15,https://adresowo.pl/o/mieszkanie-wroclaw-stare-miasto-ul-odrzanska-3-pokojowe-x8g6h0,https://s2.adresowa.pl/oi/4e/2e/3f116a_74ed_cover@2x-3-pokojowe-mieszkanie-wroclaw-stare-miasto-ul-odrzanska.webp
Wrocław Stare Miasto,ul. Kuźnicza,2,36,640000,17778,bez pośredników,,4,https://adresowo.pl/o/mieszkanie-wroclaw-stare-miasto-ul-kuznicza-2-pokojowe-w7k6j3,https://s2.adresowa.pl/oi/2a/24/400644_4282_cover@2x-2-pokojowe-mieszkanie-wroclaw-stare-miasto-ul-kuznicza.webp
Wrocław,Stare Miasto,1,31,620000,20000,bez pośredników,,8,https://adresowo.pl/o/mieszkanie-wroclaw-stare-miasto-1-pokoj-31-m2-m2k2l0,https://s2.adresowa.pl/oi/42/69/40052a_c246_cover@2x-1-pokojowe-mieszkanie-wroclaw-stare-miasto.webp
Wrocław Stare Miasto,ul. Ptasia,1,30,599000,19967,bez pośredników,,8,https://adresowo.pl/o/mieszkanie-wroclaw-stare-miasto-ul-ptasia-1-pokoj-r3j4y9,https://s2.adresowa.pl/oi/7d/51/400522_ea24_cover@2x-1-pokojowe-mieszkanie-wroclaw-stare-miasto-ul-ptasia.webp
Wrocław,Szczepin,1,32,568999,17781,Pośrednik,,9,https://adresowo.pl/o/mieszkanie-wroclaw-szczepin-1-pokoj-32-m2-l7t9k7,https://s2.adresowa.pl/oi/4b/21/3f0b60_9697_cover@2x-1-pokojowe-mieszkanie-wroclaw-szczepin.webp
Wrocław Śródmieście,ul. Michała Bałuckiego 2,4,82,899000,10963,Pośrednik,,15,https://adresowo.pl/o/mieszkanie-wroclaw-srodmiescie-ul-michala-baluckiego-4-pokojowe-o3e4z5,https://s2.adresowa.pl/oi/5d/5d/35b098_5031_cover@2x-4-pokojowe-mieszkanie-wroclaw-srodmiescie-ul-michala-baluckiego.webp
Wrocław Śródmieście,ul. Władysława Łokietka,2,86,1089000,12663,bez pośredników,,13,https://adresowo.pl/o/mieszkanie-wroclaw-srodmiescie-ul-wladyslawa-lokietka-2-pokojowe-l2s1u2,https://s2.adresowa.pl/oi/17/2d/40034e_455d_cover@2x-2-pokojowe-mieszkanie-wroclaw-srodmiescie-ul-wladyslawa-lokietka.webp
Wrocław Polanowice,ul. Hugona Kowarzyka,2,44,630000,14318,bez pośredników,,19,https://adresowo.pl/o/mieszkanie-wroclaw-polanowice-ul-hugona-kowarzyka-2-pokojowe-j5w6l1,https://s2.adresowa.pl/oi/41/26/400252_6575_cover@2x-2-pokojowe-mieszkanie-wroclaw-polanowice-ul-hugona-kowarzyka.webp
Wrocław Oporów,ul. Ibn Siny Awicenny,4,67,1190000,17761,bez pośredników,,20,https://adresowo.pl/o/mieszkanie-wroclaw-oporow-ul-ibn-siny-awicenny-4-pokojowe-g1p1n0,https://s2.adresowa.pl/oi/18/62/400070_629b_cover@2x-4-pokojowe-mieszkanie-wroclaw-oporow-ul-ibn-siny-awicenny.webp
Wrocław,Stare Miasto,1,26,479000,18423,Pośrednik,,9,https://adresowo.pl/o/mieszkanie-wroclaw-stare-miasto-1-pokoj-26-m2-e5l0x3,https://s2.adresowa.pl/oi/59/2d/3f066a_4ceb_cover@2x-1-pokojowe-mieszkanie-wroclaw-stare-miasto.webp
Wrocław Krzyki,ul. Komandorska,1,26,425000,16346,Pośrednik,,7,https://adresowo.pl/o/mieszkanie-wroclaw-krzyki-ul-komandorska-1-pokoj-m0x3j1,https://s2.adresowa.pl/oi/15/4d/3f02b4_844f_cover@2x-1-pokojowe-mieszkanie-wroclaw-krzyki-ul-komandorska.webp
Wrocław Ołtaszyn,ul. Łubinowa,3,75,940000,12533,bez pośredników,,21,https://adresowo.pl/o/mieszkanie-wroclaw-oltaszyn-ul-lubinowa-3-pokojowe-l6i4t6,https://s2.adresowa.pl/oi/44/57/3ffe54_c48a_cover@2x-3-pokojowe-mieszkanie-wroclaw-oltaszyn-ul-lubinowa.webp
Wrocław Śródmieście,ul. Alfreda Nobla,2,46,549000,11935,bez pośredników,,12,https://adresowo.pl/o/mieszkanie-wroclaw-srodmiescie-ul-alfreda-nobla-2-pokojowe-p6t9v4,https://s2.adresowa.pl/oi/29/6a/3ffd40_bcc3_cover@2x-2-pokojowe-mieszkanie-wroclaw-srodmiescie-ul-alfreda-nobla.webp
Wrocław Kozanów,ul. Dokerska,3,61,680000,11148,bez pośredników,,11,https://adresowo.pl/o/mieszkanie-wroclaw-kozanow-ul-dokerska-3-pokojowe-c3d0s8,https://s2.adresowa.pl/oi/16/1e/3ff7ca_e50f_cover@2x-3-pokojowe-mieszkanie-wroclaw-kozanow-ul-dokerska.webp
Wrocław Ołbin,park Staszica,2,41,469999,11463,Pośrednik,,7,https://adresowo.pl/o/mieszkanie-wroclaw-olbin-park-staszica-2-pokojowe-a6n3b0,https://s2.adresowa.pl/oi/7d/5f/3efed4_bd6f_cover@2x-2-pokojowe-mieszkanie-wroclaw-olbin-park-staszica.webp
Wrocław Śródmieście,pl. Grunwaldzki,2,65,729000,11215,Pośrednik,,8,https://adresowo.pl/o/mieszkanie-wroclaw-srodmiescie-pl-grunwaldzki-2-pokojowe-i3a8r5,https://s2.adresowa.pl/oi/58/2f/3efecc_66b1_cover@2x-2-pokojowe-mieszkanie-wroclaw-srodmiescie-pl-grunwaldzki.webp
Wrocław Nowy Dwór,ul. Zemska,3,63,750000,11905,bez pośredników,,18,https://adresowo.pl/o/mieszkanie-wroclaw-nowy-dwor-ul-zemska-3-pokojowe-s7i0u3,https://s2.adresowa.pl/oi/69/7a/3ff532_9ff1_cover@2x-3-pokojowe-mieszkanie-wroclaw-nowy-dwor-ul-zemska.webp
Wrocław Plac Grunwaldzki,ul. Henryka Sienkiewicza,3,71,900000,12676,bez pośredników,,8,https://adresowo.pl/o/mieszkanie-wroclaw-plac-grunwaldzki-ul-henryka-sienkiewicza-3-pokojowe-q3x6q7,https://s2.adresowa.pl/oi/79/41/3ff29c_3cbf_cover@2x-3-pokojowe-mieszkanie-wroclaw-plac-grunwaldzki-ul-henryka-sienkiewicza.webp
Wrocław Brochów,ul. Semaforowa,4,113,1320000,11681,bez pośredników,,8,https://adresowo.pl/o/mieszkanie-wroclaw-brochow-ul-semaforowa-4-pokojowe-d9z2b3,https://s2.adresowa.pl/oi/60/18/3fec9e_d659_cover@2x-4-pokojowe-mieszkanie-wroclaw-brochow-ul-semaforowa.webp
Wrocław,Krzyki,2,51,660000,12941,Pośrednik,,8,https://adresowo.pl/o/mieszkanie-wroclaw-krzyki-2-pokojowe-51-m2-x5i5m4,https://s2.adresowa.pl/oi/14/35/3efdee_8c2c_cover@2x-2-pokojowe-mieszkanie-wroclaw-krzyki.webp
Wrocław,ul. Świętokrzyska,3,72,769000,10681,Pośrednik,,13,https://adresowo.pl/o/mieszkanie-wroclaw-ul-swietokrzyska-3-pokojowe-p7o9m3,https://s2.adresowa.pl/oi/67/58/3ef382_ef92_cover@2x-3-pokojowe-mieszkanie-wroclaw-ul-swietokrzyska.webp
Wrocław Karłowice,ul. Stanisława Przybyszewskiego,3,62,682000,11000,bez pośredników,,9,https://adresowo.pl/o/mieszkanie-wroclaw-karlowice-ul-stanislawa-przybyszewskiego-3-pokojowe-q7a8a3,https://s2.adresowa.pl/oi/2b/32/3fe8a2_eb71_cover@2x-3-pokojowe-mieszkanie-wroclaw-karlowice-ul-stanislawa-przybyszewskiego.webp
Wrocław Krzyki,ul. Powstańców Śląskich,2,52,600000,11538,bez pośredników,,7,https://adresowo.pl/o/mieszkanie-wroclaw-krzyki-ul-powstancow-slaskich-2-pokojowe-d2p7n2,https://s2.adresowa.pl/oi/4e/39/3fe71a_2cba_cover@2x-2-pokojowe-mieszkanie-wroclaw-krzyki-ul-powstancow-slaskich.webp
Wrocław Sołtysowice,ul. Sołtysowicka,2,44,689000,15659,bez pośredników,,17,https://adresowo.pl/o/mieszkanie-wroclaw-soltysowice-ul-soltysowicka-2-pokojowe-f4k4w4,https://s2.adresowa.pl/oi/38/75/3fe588_6eb8_cover@2x-2-pokojowe-mieszkanie-wroclaw-soltysowice-ul-soltysowicka.webp
Wrocław Psie Pole,ul. Macedońska,3,63,849000,13476,Pośrednik,,13,https://adresowo.pl/o/mieszkanie-wroclaw-psie-pole-ul-macedonska-3-pokojowe-v9f4g5,https://s2.adresowa.pl/oi/73/11/3eeaf0_87e5_cover@2x-3-pokojowe-mieszkanie-wroclaw-psie-pole-ul-macedonska.webp
Wrocław,ul. Pabianicka,3,62,1150083,18550,Pośrednik,,7,https://adresowo.pl/o/mieszkanie-wroclaw-ul-pabianicka-3-pokojowe-j8v9b8,https://s2.adresowa.pl/oi/14/53/3ee6ec_3edd_cover@2x-3-pokojowe-mieszkanie-wroclaw-ul-pabianicka.webp
Wrocław Fabryczna,ul. Żelazna,2,43,640000,14884,bez pośredników,,20,https://adresowo.pl/o/mieszkanie-wroclaw-fabryczna-ul-zelazna-2-pokojowe-v8p7q4,https://s2.adresowa.pl/oi/2d/35/3fe3ca_efc3_cover@2x-2-pokojowe-mieszkanie-wroclaw-fabryczna-ul-zelazna.webp
Wrocław Fabryczna,ul. Mielecka,2,41,500000,12195,bez pośredników,,5,https://adresowo.pl/o/mieszkanie-wroclaw-fabryczna-ul-mielecka-2-pokojowe-l9n0c9,https://s2.adresowa.pl/oi/27/71/3fe2b2_327e_cover@2x-2-pokojowe-mieszkanie-wroclaw-fabryczna-ul-mielecka.webp
Wrocław Krzyki,ul. Beaty Artemskiej,2,42,695000,16548,bez pośredników,,20,https://adresowo.pl/o/mieszkanie-wroclaw-krzyki-ul-beaty-artemskiej-2-pokojowe-s0c9k0,https://s2.adresowa.pl/oi/5d/72/3fd4dc_9abf_cover@2x-2-pokojowe-mieszkanie-wroclaw-krzyki-ul-beaty-artemskiej.webp
Wrocław,Stare Miasto,3,61,750000,12295,Pośrednik,,19,https://adresowo.pl/o/mieszkanie-wroclaw-stare-miasto-3-pokojowe-61-m2-i3l8z4,https://s2.adresowa.pl/oi/45/74/3ee592_e1a4_cover@2x-3-pokojowe-mieszkanie-wroclaw-stare-miasto.webp
Wrocław Tarnogaj,ul. Jesionowa,3,106,1880000,17736,Pośrednik,,19,https://adresowo.pl/o/mieszkanie-wroclaw-tarnogaj-ul-jesionowa-3-pokojowe-p8c6i3,https://s2.adresowa.pl/oi/3e/58/3ee0e8_3228_cover@2x-3-pokojowe-mieszkanie-wroclaw-tarnogaj-ul-jesionowa.webp
Wrocław Krzyki,ul. Ślężna,3,60,1250000,20833,bez pośredników,,21,https://adresowo.pl/o/mieszkanie-wroclaw-krzyki-ul-slezna-3-pokojowe-t5q0d0,https://s2.adresowa.pl/oi/34/63/3fd310_9e49_cover@2x-3-pokojowe-mieszkanie-wroclaw-krzyki-ul-slezna.webp
Wrocław Śródmieście,ul. Juliana Ursyna Niemcewicza,2,32,689000,21531,bez pośredników,,8,https://adresowo.pl/o/mieszkanie-wroclaw-srodmiescie-ul-juliana-ursyna-niemcewicza-2-pokojowe-v9a9q4,https://s2.adresowa.pl/oi/74/6e/3fcf1c_6325_cover@2x-2-pokojowe-mieszkanie-wroclaw-srodmiescie-ul-juliana-ursyna-niemcewicza.webp
Wrocław,Fabryczna,2,54,550000,10185,bez pośredników,,8,https://adresowo.pl/o/mieszkanie-wroclaw-fabryczna-2-pokojowe-54-m2-m4t2o4,https://s2.adresowa.pl/oi/7a/72/3fca1e_3bb6_cover@2x-2-pokojowe-mieszkanie-wroclaw-fabryczna.webp
Wrocław,,4,80,1049000,13112,Pośrednik,,15,https://adresowo.pl/o/mieszkanie-wroclaw-4-pokojowe-80-m2-r4b8d2,https://s2.adresowa.pl/oi/24/1f/3ed63e_38f4_cover@2x-4-pokojowe-mieszkanie-wroclaw.webp
Wrocław Fabryczna,ul. Rędzińska,4,74,1100000,14865,Pośrednik,,15,https://adresowo.pl/o/mieszkanie-wroclaw-fabryczna-ul-redzinska-4-pokojowe-x8n4q8,https://s2.adresowa.pl/oi/4c/53/3ecf74_2808_cover@2x-4-pokojowe-mieszkanie-wroclaw-fabryczna-ul-redzinska.webp
Wrocław Krzyki,al. gen. Józefa Hallera 5,1,34,529000,15559,bez pośredników,,14,https://adresowo.pl/o/mieszkanie-wroclaw-krzyki-al-gen-jozefa-hallera-1-pokoj-e6p4n4,https://s2.adresowa.pl/oi/3d/6b/40badc_a9e9_cover@2x-1-pokojowe-mieszkanie-wroclaw-krzyki-al-gen-jozefa-hallera.webp
Wrocław Swojczyce,ul. Marca Polo,2,43,879000,20442,bez pośredników,,18,https://adresowo.pl/o/mieszkanie-wroclaw-swojczyce-ul-marca-polo-2-pokojowe-t0b7y5,https://s2.adresowa.pl/oi/7b/18/3fc7c2_9db1_cover@2x-2-pokojowe-mieszkanie-wroclaw-swojczyce-ul-marca-polo.webp
Wrocław Krzyki,ul. Krucza,2,45,470000,10444,bez pośredników,,11,https://adresowo.pl/o/mieszkanie-wroclaw-krzyki-ul-krucza-2-pokojowe-m7e6g8,https://s2.adresowa.pl/oi/40/7e/3fc626_6a9a_cover@2x-2-pokojowe-mieszkanie-wroclaw-krzyki-ul-krucza.webp
Wrocław Psie Pole,ul. Chorwacka,3,57,650000,11404,bez pośredników,,15,https://adresowo.pl/o/mieszkanie-wroclaw-psie-pole-ul-chorwacka-3-pokojowe-v9o5k1,https://s2.adresowa.pl/oi/5a/72/3fc3a8_f463_cover@2x-3-pokojowe-mieszkanie-wroclaw-psie-pole-ul-chorwacka.webp
Wrocław,Gaj,2,39,731918,18767,Pośrednik,,8,https://adresowo.pl/o/mieszkanie-wroclaw-gaj-2-pokojowe-39-m2-t3i1o3,https://s2.adresowa.pl/oi/39/18/3ec82e_ca28_cover@2x-2-pokojowe-mieszkanie-wroclaw-gaj.webp
Wrocław Śródmieście,ul. Henryka Sienkiewicza 32,3,76,1499000,19724,Pośrednik,,20,https://adresowo.pl/o/mieszkanie-wroclaw-srodmiescie-ul-henryka-sienkiewicza-3-pokojowe-o9p7t1,https://s2.adresowa.pl/oi/3c/72/3ebde6_5010_cover@2x-3-pokojowe-mieszkanie-wroclaw-srodmiescie-ul-henryka-sienkiewicza.webp
Wrocław Fabryczna,ul. Dokerska,3,47,699000,14872,bez pośredników,,19,https://adresowo.pl/o/mieszkanie-wroclaw-fabryczna-ul-dokerska-3-pokojowe-k7u3m4,https://s2.adresowa.pl/oi/7d/7b/3fc35c_38ee_cover@2x-3-pokojowe-mieszkanie-wroclaw-fabryczna-ul-dokerska.webp
Wrocław,Popowice,2,43,872000,20279,bez pośredników,,8,https://adresowo.pl/o/mieszkanie-wroclaw-popowice-2-pokojowe-43-m2-g1e7j3,https://s2.adresowa.pl/oi/1e/30/3fbd1a_30c6_cover@2x-2-pokojowe-mieszkanie-wroclaw-popowice.webp
Wrocław Szczepin,ul. Bolesławiecka,2,49,630000,12857,bez pośredników,,4,https://adresowo.pl/o/mieszkanie-wroclaw-szczepin-ul-boleslawiecka-2-pokojowe-b3n8o6,https://s2.adresowa.pl/oi/63/17/3fb820_b18b_cover@2x-2-pokojowe-mieszkanie-wroclaw-szczepin-ul-boleslawiecka.webp
Wrocław,ul. gen. Antoniego Madalińskiego 71,2,72,1135000,15764,Pośrednik,,18,https://adresowo.pl/o/mieszkanie-wroclaw-ul-gen-antoniego-madalinskiego-2-pokojowe-e7t7x4,https://s2.adresowa.pl/oi/43/24/3ebd1e_cec0_cover@2x-2-pokojowe-mieszkanie-wroclaw-ul-gen-antoniego-madalinskiego.webp
Wrocław Śródmieście,ul. Henryka Sienkiewicza 32,2,34,829000,24382,Pośrednik,,15,https://adresowo.pl/o/mieszkanie-wroclaw-srodmiescie-ul-henryka-sienkiewicza-2-pokojowe-k5i2e5,https://s2.adresowa.pl/oi/68/47/3ebcee_8a5d_cover@2x-2-pokojowe-mieszkanie-wroclaw-srodmiescie-ul-henryka-sienkiewicza.webp
Wrocław Maślice,ul. Reszelska,3,61,669000,10967,bez pośredników,,10,https://adresowo.pl/o/mieszkanie-wroclaw-maslice-ul-reszelska-3-pokojowe-v3v4b3,https://s2.adresowa.pl/oi/10/41/3fb650_9892_cover@2x-3-pokojowe-mieszkanie-wroclaw-maslice-ul-reszelska.webp
Wrocław,Śródmieście,1,26,520000,20000,bez pośredników,,7,https://adresowo.pl/o/mieszkanie-wroclaw-srodmiescie-1-pokoj-26-m2-x2g7u6,https://s2.adresowa.pl/oi/1a/66/3fb2b6_e7dc_cover@2x-1-pokojowe-mieszkanie-wroclaw-srodmiescie.webp
Wrocław Krzyki,ul. Powstańców Śląskich 52,1,38,479999,12632,bez pośredników,,61,https://adresowo.pl/o/mieszkanie-wroclaw-krzyki-ul-powstancow-slaskich-1-pokoj-k5c4g3,https://s2.adresowa.pl/oi/29/1d/3fafa2_4d35_cover@2x-1-pokojowe-mieszkanie-wroclaw-krzyki-ul-powstancow-slaskich.webp
Wrocław Ołbin,ul. Stefana Żeromskiego,3,83,915000,11024,Pośrednik,,11,https://adresowo.pl/o/mieszkanie-wroclaw-olbin-ul-stefana-zeromskiego-3-pokojowe-j4k4h4,https://s2.adresowa.pl/oi/6f/68/3eb77a_3ac3_cover@2x-3-pokojowe-mieszkanie-wroclaw-olbin-ul-stefana-zeromskiego.webp
Wrocław Huby,ul. Wesoła,3,102,1260000,12353,Pośrednik,,20,https://adresowo.pl/o/mieszkanie-wroclaw-huby-ul-wesola-3-pokojowe-k0t3p0,https://s2.adresowa.pl/oi/5b/1e/3ea35a_8f4f_cover@2x-3-pokojowe-mieszkanie-wroclaw-huby-ul-wesola.webp
Wrocław Krzyki,ul. Gajowicka,1,36,504000,14000,bez pośredników,,4,https://adresowo.pl/o/mieszkanie-wroclaw-krzyki-ul-gajowicka-1-pokoj-a5p5j9,https://s2.adresowa.pl/oi/1e/2a/3faf1a_fbe0_cover@2x-1-pokojowe-mieszkanie-wroclaw-krzyki-ul-gajowicka.webp
Wrocław Psie Pole,ul. Rafała Wojaczka,2,38,595000,15658,bez pośredników,,9,https://adresowo.pl/o/mieszkanie-wroclaw-psie-pole-ul-rafala-wojaczka-2-pokojowe-t2z5g4,https://s2.adresowa.pl/oi/41/67/3fa86a_a725_cover@2x-2-pokojowe-mieszkanie-wroclaw-psie-pole-ul-rafala-wojaczka.webp
Wrocław Ołtaszyn,ul. Agrestowa,3,48,699000,14562,bez pośredników,,13,https://adresowo.pl/o/mieszkanie-wroclaw-oltaszyn-ul-agrestowa-3-pokojowe-b0g2h9,https://s2.adresowa.pl/oi/21/52/3fa680_4c40_cover@2x-3-pokojowe-mieszkanie-wroclaw-oltaszyn-ul-agrestowa.webp
Wrocław Śródmieście,ul. Stawowa 7,2,45,500000,11111,Pośrednik,,13,https://adresowo.pl/o/mieszkanie-wroclaw-srodmiescie-ul-stawowa-2-pokojowe-n0y0j7,https://s2.adresowa.pl/oi/38/2d/3ea15e_47b8_cover@2x-2-pokojowe-mieszkanie-wroclaw-srodmiescie-ul-stawowa.webp
Wrocław Partynice,ul. Partynicka,3,72,790000,10972,Pośrednik,,27,https://adresowo.pl/o/mieszkanie-wroclaw-partynice-ul-partynicka-3-pokojowe-d0j8l4,https://s2.adresowa.pl/oi/36/16/3ea024_5668_cover@2x-3-pokojowe-mieszkanie-wroclaw-partynice-ul-partynicka.webp
Wrocław Swojczyce,ul. Vasco da Gamy,3,62,999999,16129,bez pośredników,,17,https://adresowo.pl/o/mieszkanie-wroclaw-swojczyce-ul-vasco-da-gamy-3-pokojowe-g8z6w7,https://s2.adresowa.pl/oi/46/3b/3fa3ae_fa06_cover@2x-3-pokojowe-mieszkanie-wroclaw-swojczyce-ul-vasco-da-gamy.webp
Wrocław Śródmieście,wyb. Ludwika Pasteura,1,13,280000,21538,bez pośredników,,11,https://adresowo.pl/o/mieszkanie-wroclaw-srodmiescie-wyb-ludwika-pasteura-1-pokoj-y7d5x3,https://s2.adresowa.pl/oi/1b/57/3fa23a_7937_cover@2x-1-pokojowe-mieszkanie-wroclaw-srodmiescie-wyb-ludwika-pasteura.webp
Wrocław Ołtaszyn,ul. Obrońców Poczty Gdańskiej,2,52,719000,13827,bez pośredników,,10,https://adresowo.pl/o/mieszkanie-wroclaw-oltaszyn-ul-obroncow-poczty-gdanskiej-2-pokojowe-i0x8d2,https://s2.adresowa.pl/oi/73/38/3fa1ee_ce43_cover@2x-2-pokojowe-mieszkanie-wroclaw-oltaszyn-ul-obroncow-poczty-gdanskiej.webp
Wrocław Różanka,ul. Żmigrodzka,4,72,668000,9278,Pośrednik,,37,https://adresowo.pl/o/mieszkanie-wroclaw-rozanka-ul-zmigrodzka-4-pokojowe-n8t3h6,https://s2.adresowa.pl/oi/6d/59/3ea020_be99_cover@2x-4-pokojowe-mieszkanie-wroclaw-rozanka-ul-zmigrodzka.webp
Wrocław Klecina,ul. Siostrzana 4,3,118,1380000,11695,Pośrednik,,50,https://adresowo.pl/o/mieszkanie-wroclaw-klecina-ul-siostrzana-3-pokojowe-k3v9d6,https://s2.adresowa.pl/oi/39/6d/3e9dd4_37b4_cover@2x-3-pokojowe-mieszkanie-wroclaw-klecina-ul-siostrzana.webp
Wrocław Krzyki,ul. Śliczna,4,86,1200000,13953,bez pośredników,,19,https://adresowo.pl/o/mieszkanie-wroclaw-krzyki-ul-sliczna-4-pokojowe-g7d4y4,https://s2.adresowa.pl/oi/33/45/3f9d10_a0db_cover@2x-4-pokojowe-mieszkanie-wroclaw-krzyki-ul-sliczna.webp
Wrocław Biskupin,ul. Jana Stanisławskiego,3,56,846600,15118,bez pośredników,,8,https://adresowo.pl/o/mieszkanie-wroclaw-biskupin-ul-jana-stanislawskiego-3-pokojowe-l3l1c1,https://s2.adresowa.pl/oi/38/4f/3f9854_c80a_cover@2x-3-pokojowe-mieszkanie-wroclaw-biskupin-ul-jana-stanislawskiego.webp
Wrocław Złotniki,ul. Kościańska,2,37,535000,14459,bez pośredników,,9,https://adresowo.pl/o/mieszkanie-wroclaw-zlotniki-ul-koscianska-2-pokojowe-j7f2m0,https://s2.adresowa.pl/oi/2c/21/3f97c0_9c98_cover@2x-2-pokojowe-mieszkanie-wroclaw-zlotniki-ul-koscianska.webp
Wrocław,Śródmieście,2,64,595000,9297,Pośrednik,,12,https://adresowo.pl/o/mieszkanie-wroclaw-srodmiescie-2-pokojowe-64-m2-q7q9e2,https://s2.adresowa.pl/oi/55/28/3e9cf8_6579_cover@2x-2-pokojowe-mieszkanie-wroclaw-srodmiescie.webp
Wrocław Tarnogaj,ul. Nyska 82,3,69,979000,14188,Pośrednik,,12,https://adresowo.pl/o/mieszkanie-wroclaw-tarnogaj-ul-nyska-3-pokojowe-x7x7q9,https://s2.adresowa.pl/oi/39/1d/3e86ee_535d_cover@2x-3-pokojowe-mieszkanie-wroclaw-tarnogaj-ul-nyska.webp
Wrocław Szczepin,ul. Młodych Techników,1,25,390000,15600,bez pośredników,,8,https://adresowo.pl/o/mieszkanie-wroclaw-szczepin-ul-mlodych-technikow-1-pokoj-j0p4x7,https://s2.adresowa.pl/oi/1a/78/3f96ba_82a6_cover@2x-1-pokojowe-mieszkanie-wroclaw-szczepin-ul-mlodych-technikow.webp
Wrocław Śródmieście,ul. Ludwika Rydygiera,2,51,590000,11569,bez pośredników,,12,https://adresowo.pl/o/mieszkanie-wroclaw-srodmiescie-ul-ludwika-rydygiera-2-pokojowe-l8a3q9,https://s2.adresowa.pl/oi/67/62/3f8f90_e260_cover@2x-2-pokojowe-mieszkanie-wroclaw-srodmiescie-ul-ludwika-rydygiera.webp
Wrocław Gajowice,ul. Lwowska,3,85,1200000,14118,bez pośredników,,30,https://adresowo.pl/o/mieszkanie-wroclaw-gajowice-ul-lwowska-3-pokojowe-s0c0j3,https://s2.adresowa.pl/oi/69/7a/3f7862_fd67_cover@2x-3-pokojowe-mieszkanie-wroclaw-gajowice-ul-lwowska.webp
Wrocław Lipa Piotrowska,ul. Anyżowa,2,37,499000,13486,Pośrednik,,13,https://adresowo.pl/o/mieszkanie-wroclaw-lipa-piotrowska-ul-anyzowa-2-pokojowe-x9c0g3,https://s2.adresowa.pl/oi/25/7f/3e6f9a_9117_cover@2x-2-pokojowe-mieszkanie-wroclaw-lipa-piotrowska-ul-anyzowa.webp
Wrocław Śródmieście,ul. Długa,2,79,1710000,21646,Pośrednik,,15,https://adresowo.pl/o/mieszkanie-wroclaw-srodmiescie-ul-dluga-2-pokojowe-w5j2s2,https://s2.adresowa.pl/oi/2b/7e/3e6d3c_62a2_cover@2x-2-pokojowe-mieszkanie-wroclaw-srodmiescie-ul-dluga.webp
Wrocław Fabryczna,ul. Nasturcjowa,2,50,660000,13200,bez pośredników,,16,https://adresowo.pl/o/mieszkanie-wroclaw-fabryczna-ul-nasturcjowa-2-pokojowe-n0v1h2,https://s2.adresowa.pl/oi/77/63/3f8a34_dbd9_cover@2x-2-pokojowe-mieszkanie-wroclaw-fabryczna-ul-nasturcjowa.webp
Wrocław Szczepin,ul. Inowrocławska,3,46,640000,13913,bez pośredników,,9,https://adresowo.pl/o/mieszkanie-wroclaw-szczepin-ul-inowroclawska-3-pokojowe-t6v1n0,https://s2.adresowa.pl/oi/3f/52/3f88ac_f341_cover@2x-3-pokojowe-mieszkanie-wroclaw-szczepin-ul-inowroclawska.webp
Wrocław Fabryczna,ul. Józefa Wąsowicza,1,42,549000,13071,bez pośredników,,19,https://adresowo.pl/o/mieszkanie-wroclaw-fabryczna-ul-jozefa-wasowicza-1-pokoj-u7l7a1,https://s2.adresowa.pl/oi/53/1f/3f8590_ccda_cover@2x-1-pokojowe-mieszkanie-wroclaw-fabryczna-ul-jozefa-wasowicza.webp
Wrocław Grabiszyn,ul. Gajowicka 78,1,24,430000,17917,Pośrednik,,14,https://adresowo.pl/o/mieszkanie-wroclaw-grabiszyn-ul-gajowicka-1-pokoj-a5s9b6,https://s2.adresowa.pl/oi/62/22/3e6a64_f120_cover@2x-1-pokojowe-mieszkanie-wroclaw-grabiszyn-ul-gajowicka.webp
Wrocław,Stare Miasto,2,49,799000,16306,Pośrednik,,20,https://adresowo.pl/o/mieszkanie-wroclaw-stare-miasto-2-pokojowe-49-m2-l1w7p4,https://s2.adresowa.pl/oi/4d/17/3e63f8_84d0_cover@2x-2-pokojowe-mieszkanie-wroclaw-stare-miasto.webp
Wrocław Kuźniki,ul. Hermanowska,3,50,799000,15980,bez pośredników,,20,https://adresowo.pl/o/mieszkanie-wroclaw-kuzniki-ul-hermanowska-3-pokojowe-q2n2g2,https://s2.adresowa.pl/oi/72/32/3f83c6_596a_cover@2x-3-pokojowe-mieszkanie-wroclaw-kuzniki-ul-hermanowska.webp
Wrocław Psie Pole,ul. Kleczkowska,2,47,780000,16596,bez pośredników,,18,https://adresowo.pl/o/mieszkanie-wroclaw-psie-pole-ul-kleczkowska-2-pokojowe-l1f4v9,https://s2.adresowa.pl/oi/54/33/3f7ee6_c670_cover@2x-2-pokojowe-mieszkanie-wroclaw-psie-pole-ul-kleczkowska.webp
Wrocław Ołbin,ul. Ksawerego Liskego,2,72,1299000,18042,bez pośredników,,8,https://adresowo.pl/o/mieszkanie-wroclaw-olbin-ul-ksawerego-liskego-2-pokojowe-q9m2c9,https://s2.adresowa.pl/oi/39/5e/3f7dba_46f5_cover@2x-2-pokojowe-mieszkanie-wroclaw-olbin-ul-ksawerego-liskego.webp
Wrocław Krzyki,ul. Piękna,3,70,1045000,14929,Pośrednik,,16,https://adresowo.pl/o/mieszkanie-wroclaw-krzyki-ul-piekna-3-pokojowe-w1e5y1,https://s2.adresowa.pl/oi/45/49/3e63f6_4a65_cover@2x-3-pokojowe-mieszkanie-wroclaw-krzyki-ul-piekna.webp
Wrocław Psie Pole,ul. Bierutowska,1,27,349000,12926,Pośrednik,,16,https://adresowo.pl/o/mieszkanie-wroclaw-psie-pole-ul-bierutowska-1-pokoj-g8k6a6,https://s2.adresowa.pl/oi/70/4d/3e63e0_35ea_cover@2x-1-pokojowe-mieszkanie-wroclaw-psie-pole-ul-bierutowska.webp
Wrocław Fabryczna,ul. Legnicka,3,47,zapytaj,,bez pośredników,,16,https://adresowo.pl/o/mieszkanie-wroclaw-fabryczna-ul-legnicka-3-pokojowe-n9x2g1,https://s2.adresowa.pl/oi/7f/69/3f7a24_4ddd_cover@2x-3-pokojowe-mieszkanie-wroclaw-fabryczna-ul-legnicka.webp
Wrocław Grabiszyn,al. gen. Józefa Hallera,2,54,889000,16463,bez pośredników,,17,https://adresowo.pl/o/mieszkanie-wroclaw-grabiszyn-al-gen-jozefa-hallera-2-pokojowe-w6e3r1,https://s2.adresowa.pl/oi/40/1e/3f7774_8d80_cover@2x-2-pokojowe-mieszkanie-wroclaw-grabiszyn-al-gen-jozefa-hallera.webp
Wrocław Fabryczna,ul. Kłodnicka 37,2,41,550000,13415,bez pośredników,,8,https://adresowo.pl/o/mieszkanie-wroclaw-fabryczna-ul-klodnicka-2-pokojowe-e1a4e3,https://s2.adresowa.pl/oi/39/43/3f7210_86bd_cover@2x-2-pokojowe-mieszkanie-wroclaw-fabryczna-ul-klodnicka.webp
Wrocław Gajowice,ul. Jemiołowa,3,71,650000,9155,Pośrednik,,20,https://adresowo.pl/o/mieszkanie-wroclaw-gajowice-ul-jemiolowa-3-pokojowe-x1r6t7,https://s2.adresowa.pl/oi/21/6b/3e63de_e61b_cover@2x-3-pokojowe-mieszkanie-wroclaw-gajowice-ul-jemiolowa.webp
Wrocław Śródmieście,ul. Trzebnicka,4,87,889000,10218,Pośrednik,,26,https://adresowo.pl/o/mieszkanie-wroclaw-srodmiescie-ul-trzebnicka-4-pokojowe-u9i3w9,https://s2.adresowa.pl/oi/44/1f/3e63da_545e_cover@2x-4-pokojowe-mieszkanie-wroclaw-srodmiescie-ul-trzebnicka.webp
Wrocław Różanka,ul. Władysława Broniewskiego,4,80,890000,11125,bez pośredników,,8,https://adresowo.pl/o/mieszkanie-wroclaw-rozanka-ul-wladyslawa-broniewskiego-4-pokojowe-u6n8s2,https://s2.adresowa.pl/oi/27/54/3f7378_ed7d_cover@2x-4-pokojowe-mieszkanie-wroclaw-rozanka-ul-wladyslawa-broniewskiego.webp
Wrocław Kleczków,ul. Trzebnicka,2,46,399000,8674,bez pośredników,,1,https://adresowo.pl/o/mieszkanie-wroclaw-kleczkow-ul-trzebnicka-2-pokojowe-v0x0s4,https://s2.adresowa.pl/oi/5e/49/3f72e0_edbb_cover@2x-2-pokojowe-mieszkanie-wroclaw-kleczkow-ul-trzebnicka.webp
Wrocław Stare Miasto,ul. Ludwika Rydygiera,2,68,670000,9853,bez pośredników,,1,https://adresowo.pl/o/mieszkanie-wroclaw-stare-miasto-ul-ludwika-rydygiera-2-pokojowe-f3c5x5,https://s2.adresowa.pl/oi/3c/42/3f6a9e_95a7_cover@2x-2-pokojowe-mieszkanie-wroclaw-stare-miasto-ul-ludwika-rydygiera.webp
Wrocław Krzyki,ul. Wapienna,3,92,859000,9337,Pośrednik,,16,https://adresowo.pl/o/mieszkanie-wroclaw-krzyki-ul-wapienna-3-pokojowe-s3m7w9,https://s2.adresowa.pl/oi/62/44/3e63d8_e7d3_cover@2x-3-pokojowe-mieszkanie-wroclaw-krzyki-ul-wapienna.webp
Wrocław Krzyki,ul. Ślężna,2,43,550000,12791,Pośrednik,,11,https://adresowo.pl/o/mieszkanie-wroclaw-krzyki-ul-slezna-2-pokojowe-u3r8n2,https://s2.adresowa.pl/oi/2d/75/3e50ba_95a2_cover@2x-2-pokojowe-mieszkanie-wroclaw-krzyki-ul-slezna.webp
Wrocław Lipa Piotrowska,ul. Waniliowa,2,39,580000,14872,bez pośredników,,13,https://adresowo.pl/o/mieszkanie-wroclaw-lipa-piotrowska-ul-waniliowa-2-pokojowe-m3n9o0,https://s2.adresowa.pl/oi/2f/1c/3f6684_7083_cover@2x-2-pokojowe-mieszkanie-wroclaw-lipa-piotrowska-ul-waniliowa.webp
Wrocław Psie Pole,ul. Władysława Reymonta,2,45,741297,16473,bez pośredników,,10,https://adresowo.pl/o/mieszkanie-wroclaw-psie-pole-ul-wladyslawa-reymonta-2-pokojowe-p3x4o9,https://s2.adresowa.pl/oi/30/54/3f6346_f482_cover@2x-2-pokojowe-mieszkanie-wroclaw-psie-pole-ul-wladyslawa-reymonta.webp
Wrocław Krzyki,ul. Pułtuska,4,72,781525,10855,bez pośredników,,8,https://adresowo.pl/o/mieszkanie-wroclaw-krzyki-ul-pultuska-4-pokojowe-d1g1h9,https://s2.adresowa.pl/oi/20/65/3f606c_de61_cover@2x-4-pokojowe-mieszkanie-wroclaw-krzyki-ul-pultuska.webp
Wrocław Muchobór Wielki,ul. Jurija Gagarina 27,3,72,889000,12347,Pośrednik,,19,https://adresowo.pl/o/mieszkanie-wroclaw-muchobor-wielki-ul-jurija-gagarina-3-pokojowe-j4m5g5,https://s2.adresowa.pl/oi/74/56/3e4dfa_83d0_cover@2x-3-pokojowe-mieszkanie-wroclaw-muchobor-wielki-ul-jurija-gagarina.webp
Wrocław Tarnogaj,ul. Nyska,3,81,749000,9247,Pośrednik,,14,https://adresowo.pl/o/mieszkanie-wroclaw-tarnogaj-ul-nyska-3-pokojowe-l0e3w5,https://s2.adresowa.pl/oi/76/6b/3e42ea_3a1f_cover@2x-3-pokojowe-mieszkanie-wroclaw-tarnogaj-ul-nyska.webp
Wrocław,ul. Antonia Vivaldiego,3,62,835000,13468,bez pośredników,,8,https://adresowo.pl/o/mieszkanie-wroclaw-ul-antonia-vivaldiego-3-pokojowe-e9b9j4,https://s2.adresowa.pl/oi/2e/2f/3f601e_3335_cover@2x-3-pokojowe-mieszkanie-wroclaw-ul-antonia-vivaldiego.webp
Wrocław Krzyki,ul. Skarbowców,3,85,1050000,12353,bez pośredników,,8,https://adresowo.pl/o/mieszkanie-wroclaw-krzyki-ul-skarbowcow-3-pokojowe-k0n0o0,https://s2.adresowa.pl/oi/56/5c/3f5d58_f0ce_cover@2x-3-pokojowe-mieszkanie-wroclaw-krzyki-ul-skarbowcow.webp
Wrocław Stare Miasto,ul. Psie Budy,1,22,422000,19182,bez pośredników,,18,https://adresowo.pl/o/mieszkanie-wroclaw-stare-miasto-ul-psie-budy-1-pokoj-m3c1d2,https://s2.adresowa.pl/oi/1a/5a/3f5c2a_b62c_cover@2x-1-pokojowe-mieszkanie-wroclaw-stare-miasto-ul-psie-budy.webp
Wrocław Stare Miasto,ul. Czysta,2,37,949000,25649,Pośrednik,,20,https://adresowo.pl/o/mieszkanie-wroclaw-stare-miasto-ul-czysta-2-pokojowe-a5w2e0,https://s2.adresowa.pl/oi/71/10/3e4070_2860_cover@2x-2-pokojowe-mieszkanie-wroclaw-stare-miasto-ul-czysta.webp
Wrocław,ul. Szewska,2,35,679000,19400,Pośrednik,,15,https://adresowo.pl/o/mieszkanie-wroclaw-ul-szewska-2-pokojowe-f1s6s1,https://s2.adresowa.pl/oi/70/60/3e3b00_b610_cover@2x-2-pokojowe-mieszkanie-wroclaw-ul-szewska.webp
Wrocław Śródmieście,ul. Wojciecha Cybulskiego,1,20,299000,14950,bez pośredników,,8,https://adresowo.pl/o/mieszkanie-wroclaw-srodmiescie-ul-wojciecha-cybulskiego-1-pokoj-m7t8p3,https://s2.adresowa.pl/oi/5f/26/3f5af4_3329_cover@2x-1-pokojowe-mieszkanie-wroclaw-srodmiescie-ul-wojciecha-cybulskiego.webp
Wrocław Psie Pole,ul. Pęgowska,2,32,270000,8438,bez pośredników,,8,https://adresowo.pl/o/mieszkanie-wroclaw-psie-pole-ul-pegowska-2-pokojowe-c2l6y7,https://s2.adresowa.pl/oi/4b/67/3f5452_ca94_cover@2x-2-pokojowe-mieszkanie-wroclaw-psie-pole-ul-pegowska.webp
Wrocław Sołtysowice,ul. Przejazdowa,2,63,690000,10952,bez pośredników,,38,https://adresowo.pl/o/mieszkanie-wroclaw-soltysowice-ul-przejazdowa-2-pokojowe-b6l6k0,https://s2.adresowa.pl/oi/2b/69/3f517e_44f1_cover@2x-2-pokojowe-mieszkanie-wroclaw-soltysowice-ul-przejazdowa.webp
Wrocław Stare Miasto,ul. Podwale,1,25,594990,23800,Pośrednik,,15,https://adresowo.pl/o/mieszkanie-wroclaw-stare-miasto-ul-podwale-1-pokoj-k4t9r8,https://s2.adresowa.pl/oi/4d/70/3e2c1a_c937_cover@2x-1-pokojowe-mieszkanie-wroclaw-stare-miasto-ul-podwale.webp
Wrocław Krzyki,ul. ks. Czesława Klimasa,3,58,829000,14293,Pośrednik,,15,https://adresowo.pl/o/mieszkanie-wroclaw-krzyki-ul-ks-czeslawa-klimasa-3-pokojowe-l5e4y9,https://s2.adresowa.pl/oi/75/30/3e1ab2_6190_cover@2x-3-pokojowe-mieszkanie-wroclaw-krzyki-ul-ks-czeslawa-klimasa.webp
Wrocław Marszowice,ul. Józefa Wąsowicza,4,82,1100000,13415,bez pośredników,,1,https://adresowo.pl/o/mieszkanie-wroclaw-marszowice-ul-jozefa-wasowicza-4-pokojowe-p9m0c6,https://s2.adresowa.pl/oi/34/18/3f4d08_af67_cover@2x-4-pokojowe-mieszkanie-wroclaw-marszowice-ul-jozefa-wasowicza.webp
Wrocław Pilczyce,ul. Metalowców,3,64,750000,11719,bez pośredników,,6,https://adresowo.pl/o/mieszkanie-wroclaw-pilczyce-ul-metalowcow-3-pokojowe-l6e7k2,https://s2.adresowa.pl/oi/14/72/3f4c96_b3bf_cover@2x-3-pokojowe-mieszkanie-wroclaw-pilczyce-ul-metalowcow.webp
Wrocław Stare Miasto,ul. Romana Dmowskiego,4,80,1500000,18750,bez pośredników,,15,https://adresowo.pl/o/mieszkanie-wroclaw-stare-miasto-ul-romana-dmowskiego-4-pokojowe-x7u7c0,https://s2.adresowa.pl/oi/16/3b/3f4a8e_c93c_cover@2x-4-pokojowe-mieszkanie-wroclaw-stare-miasto-ul-romana-dmowskiego.webp
Wrocław Fabryczna,ul. Lutyńska,4,60,449000,7483,Pośrednik,,15,https://adresowo.pl/o/mieszkanie-wroclaw-fabryczna-ul-lutynska-4-pokojowe-h7r5r3,https://s2.adresowa.pl/oi/52/6f/3e10a8_5063_cover@2x-4-pokojowe-mieszkanie-wroclaw-fabryczna-ul-lutynska.webp
Wrocław,Krzyki,4,91,1450124,15935,Pośrednik,,9,https://adresowo.pl/o/mieszkanie-wroclaw-krzyki-4-pokojowe-91-m2-m5h5n0,https://s2.adresowa.pl/oi/7b/58/3e0fde_465b_cover@2x-4-pokojowe-mieszkanie-wroclaw-krzyki.webp
Wrocław Psie Pole,ul. Mulicka,3,48,539000,11229,bez pośredników,,7,https://adresowo.pl/o/mieszkanie-wroclaw-psie-pole-ul-mulicka-3-pokojowe-r3b4j8,https://s2.adresowa.pl/oi/34/31/3f3f9a_dba3_cover@2x-3-pokojowe-mieszkanie-wroclaw-psie-pole-ul-mulicka.webp
Wrocław Grabiszyn,ul. Fabryczna,2,61,770000,12623,bez pośredników,,5,https://adresowo.pl/o/mieszkanie-wroclaw-grabiszyn-ul-fabryczna-2-pokojowe-y0k2t7,https://s2.adresowa.pl/oi/59/3a/3f4220_8737_cover@2x-2-pokojowe-mieszkanie-wroclaw-grabiszyn-ul-fabryczna.webp
Wrocław Gaj,ul. Jerzego Kukuczki,2,46,640000,13913,bez pośredników,,9,https://adresowo.pl/o/mieszkanie-wroclaw-gaj-ul-jerzego-kukuczki-2-pokojowe-k1f9y3,https://s2.adresowa.pl/oi/4b/20/3f40e0_9546_cover@2x-2-pokojowe-mieszkanie-wroclaw-gaj-ul-jerzego-kukuczki.webp
Wrocław Śródmieście,ul. Mariana Smoluchowskiego,5,112,1389000,12402,Pośrednik,,15,https://adresowo.pl/o/mieszkanie-wroclaw-srodmiescie-ul-mariana-smoluchowskiego-5-pokojowe-j7m3z0,https://s2.adresowa.pl/oi/61/5a/3e02f6_2906_cover@2x-5-pokojowe-mieszkanie-wroclaw-srodmiescie-ul-mariana-smoluchowskiego.webp
Wrocław Krzyki,ul. Tadeusza Kościuszki,1,46,449000,9761,Pośrednik,,15,https://adresowo.pl/o/mieszkanie-wroclaw-krzyki-ul-tadeusza-kosciuszki-1-pokoj-i8x3j7,https://s2.adresowa.pl/oi/7d/11/3dea8c_c279_cover@2x-1-pokojowe-mieszkanie-wroclaw-krzyki-ul-tadeusza-kosciuszki.webp
Wrocław Szczepin,ul. Zachodnia,2,48,585000,12188,bez pośredników,,18,https://adresowo.pl/o/mieszkanie-wroclaw-szczepin-ul-zachodnia-2-pokojowe-n4z0i5,https://s2.adresowa.pl/oi/37/3a/3f3c06_a02c_cover@2x-2-pokojowe-mieszkanie-wroclaw-szczepin-ul-zachodnia.webp
Wrocław Klecina,ul. Cukrowa,2,50,649000,12980,bez pośredników,,7,https://adresowo.pl/o/mieszkanie-wroclaw-klecina-ul-cukrowa-2-pokojowe-p0c3j4,https://s2.adresowa.pl/oi/10/25/3f39b0_fba5_cover@2x-2-pokojowe-mieszkanie-wroclaw-klecina-ul-cukrowa.webp
Wrocław Gajowice,ul. Jemiołowa,3,66,925000,14015,bez pośredników,,15,https://adresowo.pl/o/mieszkanie-wroclaw-gajowice-ul-jemiolowa-3-pokojowe-b0d5y4,https://s2.adresowa.pl/oi/31/72/3f389c_61ba_cover@2x-3-pokojowe-mieszkanie-wroclaw-gajowice-ul-jemiolowa.webp
Wrocław Południe,ul. Gwiaździsta,4,83,1499000,18060,Pośrednik,,15,https://adresowo.pl/o/mieszkanie-wroclaw-poludnie-ul-gwiazdzista-4-pokojowe-g0n4l4,https://s2.adresowa.pl/oi/48/6c/3de978_4912_cover@2x-4-pokojowe-mieszkanie-wroclaw-poludnie-ul-gwiazdzista.webp
Wrocław Stare Miasto,pl. Jana Pawła II,2,41,929000,22659,Pośrednik,,15,https://adresowo.pl/o/mieszkanie-wroclaw-stare-miasto-pl-jana-pawla-ii-2-pokojowe-s2w7q5,https://s2.adresowa.pl/oi/40/28/3dd558_f6f0_cover@2x-2-pokojowe-mieszkanie-wroclaw-stare-miasto-pl-jana-pawla-ii.webp
Wrocław Ołtaszyn,ul. Obrońców Poczty Gdańskiej,2,57,890000,15614,bez pośredników,,26,https://adresowo.pl/o/mieszkanie-wroclaw-oltaszyn-ul-obroncow-poczty-gdanskiej-2-pokojowe-e2u3h4,https://s2.adresowa.pl/oi/76/12/3f341c_503e_cover@2x-2-pokojowe-mieszkanie-wroclaw-oltaszyn-ul-obroncow-poczty-gdanskiej.webp
Wrocław Gajowice,ul. Stalowowolska,2,50,519000,10380,bez pośredników,,19,https://adresowo.pl/o/mieszkanie-wroclaw-gajowice-ul-stalowowolska-2-pokojowe-g7z2y6,https://s2.adresowa.pl/oi/41/3a/3f3254_eadf_cover@2x-2-pokojowe-mieszkanie-wroclaw-gajowice-ul-stalowowolska.webp
Wrocław Krzyki,ul. gen. Antoniego Madalińskiego,3,64,1350000,21094,bez pośredników,,20,https://adresowo.pl/o/mieszkanie-wroclaw-krzyki-ul-gen-antoniego-madalinskiego-3-pokojowe-v2n6y8,https://s2.adresowa.pl/oi/42/4e/3f30ac_904c_cover@2x-3-pokojowe-mieszkanie-wroclaw-krzyki-ul-gen-antoniego-madalinskiego.webp
Wrocław,Ołtaszyn,5,126,1150000,9127,Pośrednik,,11,https://adresowo.pl/o/mieszkanie-wroclaw-oltaszyn-5-pokojowe-126-m2-d8x1z1,https://s2.adresowa.pl/oi/43/48/3dd3f2_d5fb_cover@2x-5-pokojowe-mieszkanie-wroclaw-oltaszyn.webp
Wrocław,Lipa Piotrowska,4,96,856000,8917,Pośrednik,,6,https://adresowo.pl/o/mieszkanie-wroclaw-lipa-piotrowska-4-pokojowe-96-m2-e3u9y1,https://s2.adresowa.pl/oi/51/2f/3dd3ee_e7bc_cover@2x-4-pokojowe-mieszkanie-wroclaw-lipa-piotrowska.webp
Wrocław Huby,ul. Przestrzenna,2,40,500000,12500,bez pośredników,,17,https://adresowo.pl/o/mieszkanie-wroclaw-huby-ul-przestrzenna-2-pokojowe-f5d2f1,https://s2.adresowa.pl/oi/20/2d/3f2fba_c24a_cover@2x-2-pokojowe-mieszkanie-wroclaw-huby-ul-przestrzenna.webp
Wrocław Krzyki,ul. Wolbromska,2,83,1349000,16253,bez pośredników,,13,https://adresowo.pl/o/mieszkanie-wroclaw-krzyki-ul-wolbromska-2-pokojowe-w3o9h7,https://s2.adresowa.pl/oi/1f/17/3f2d1e_e63d_cover@2x-2-pokojowe-mieszkanie-wroclaw-krzyki-ul-wolbromska.webp
Wrocław Wojnów,ul. Ubocze,2,54,700000,12963,bez pośredników,,18,https://adresowo.pl/o/mieszkanie-wroclaw-wojnow-ul-ubocze-2-pokojowe-q4q5y5,https://s2.adresowa.pl/oi/45/48/3f2bcc_d5f1_cover@2x-2-pokojowe-mieszkanie-wroclaw-wojnow-ul-ubocze.webp
Wrocław,Fabryczna,2,39,518000,13282,Pośrednik,,8,https://adresowo.pl/o/mieszkanie-wroclaw-fabryczna-2-pokojowe-39-m2-i0x8i0,https://s2.adresowa.pl/oi/7b/24/3dd3ea_e2e2_cover@2x-2-pokojowe-mieszkanie-wroclaw-fabryczna.webp
Wrocław,Lipa Piotrowska,4,86,846000,9837,Pośrednik,,9,https://adresowo.pl/o/mieszkanie-wroclaw-lipa-piotrowska-4-pokojowe-86-m2-m7a2j9,https://s2.adresowa.pl/oi/1e/1e/3dd3c4_851c_cover@2x-4-pokojowe-mieszkanie-wroclaw-lipa-piotrowska.webp
Wrocław Kuźniki,ul. Sarbinowska,3,55,570000,10364,bez pośredników,,21,https://adresowo.pl/o/mieszkanie-wroclaw-kuzniki-ul-sarbinowska-3-pokojowe-r0f8m9,https://s2.adresowa.pl/oi/7a/22/3f2630_2739_cover@2x-3-pokojowe-mieszkanie-wroclaw-kuzniki-ul-sarbinowska.webp
Wrocław Śródmieście,ul. Benedyktyńska,1,29,480000,16552,bez pośredników,,12,https://adresowo.pl/o/mieszkanie-wroclaw-srodmiescie-ul-benedyktynska-1-pokoj-m5w3p0,https://s2.adresowa.pl/oi/1b/27/3f1470_9ea0_cover@2x-1-pokojowe-mieszkanie-wroclaw-srodmiescie-ul-benedyktynska.webp
Wrocław Psie Pole,ul. Władysława Reymonta,2,36,560000,15556,bez pośredników,,14,https://adresowo.pl/o/mieszkanie-wroclaw-psie-pole-ul-wladyslawa-reymonta-2-pokojowe-b1l3g3,https://s2.adresowa.pl/oi/1c/23/3f1318_51ee_cover@2x-2-pokojowe-mieszkanie-wroclaw-psie-pole-ul-wladyslawa-reymonta.webp
Wrocław,Tarnogaj,2,41,577000,14073,Pośrednik,,7,https://adresowo.pl/o/mieszkanie-wroclaw-tarnogaj-2-pokojowe-41-m2-w7s4a8,https://s2.adresowa.pl/oi/3f/59/3dd36c_9812_cover@2x-2-pokojowe-mieszkanie-wroclaw-tarnogaj.webp
Wrocław,Fabryczna,3,61,696400,11416,Pośrednik,,7,https://adresowo.pl/o/mieszkanie-wroclaw-fabryczna-3-pokojowe-61-m2-i4k7w0,https://s2.adresowa.pl/oi/4c/7f/3dd2c4_ce72_cover@2x-3-pokojowe-mieszkanie-wroclaw-fabryczna.webp
Wrocław Maślice,ul. Augustowska,3,51,870000,17059,bez pośredników,,12,https://adresowo.pl/o/mieszkanie-wroclaw-maslice-ul-augustowska-3-pokojowe-i1b0f9,https://s2.adresowa.pl/oi/4d/41/3f126c_9c40_cover@2x-3-pokojowe-mieszkanie-wroclaw-maslice-ul-augustowska.webp
Wrocław Maślice,ul. Ruczajowa,3,51,800000,15686,bez pośredników,,13,https://adresowo.pl/o/mieszkanie-wroclaw-maslice-ul-ruczajowa-3-pokojowe-w5i6q1,https://s2.adresowa.pl/oi/76/69/3f1236_f4b5_cover@2x-3-pokojowe-mieszkanie-wroclaw-maslice-ul-ruczajowa.webp
Wrocław Maślice,ul. Zawidowska,4,67,960000,14328,bez pośredników,,4,https://adresowo.pl/o/mieszkanie-wroclaw-maslice-ul-zawidowska-4-pokojowe-d3w5w9,https://s2.adresowa.pl/oi/32/22/3f11c8_83f8_cover@2x-4-pokojowe-mieszkanie-wroclaw-maslice-ul-zawidowska.webp
Wrocław Śródmieście,ul. ks. Konstantego Damrota,3,61,749000,12279,Pośrednik,,16,https://adresowo.pl/o/mieszkanie-wroclaw-srodmiescie-ul-ks-konstantego-damrota-3-pokojowe-n4b2m7,https://s2.adresowa.pl/oi/27/6f/3dcd88_5c60_cover@2x-3-pokojowe-mieszkanie-wroclaw-srodmiescie-ul-ks-konstantego-damrota.webp
Wrocław Sołtysowice,ul. Sołtysowicka,1,17,289000,17000,Pośrednik,,14,https://adresowo.pl/o/mieszkanie-wroclaw-soltysowice-ul-soltysowicka-1-pokoj-a2b6z9,https://s2.adresowa.pl/oi/5d/56/3dacaa_9588_cover@2x-1-pokojowe-mieszkanie-wroclaw-soltysowice-ul-soltysowicka.webp
Wrocław Fabryczna,ul. Bystrzycka,5,82,915000,11159,bez pośredników,,10,https://adresowo.pl/o/mieszkanie-wroclaw-fabryczna-ul-bystrzycka-5-pokojowe-o1x1i3,https://s2.adresowa.pl/oi/5e/20/3f07de_4e99_cover@2x-5-pokojowe-mieszkanie-wroclaw-fabryczna-ul-bystrzycka.webp
Wrocław Klecina,ul. Życzliwa,3,57,829000,14544,bez pośredników,,13,https://adresowo.pl/o/mieszkanie-wroclaw-klecina-ul-zyczliwa-3-pokojowe-f3t0e3,https://s2.adresowa.pl/oi/3d/29/3f05e6_d767_cover@2x-3-pokojowe-mieszkanie-wroclaw-klecina-ul-zyczliwa.webp
Wrocław Gądów Mały,ul. Na Ostatnim Groszu,3,53,649000,12245,bez pośredników,,12,https://adresowo.pl/o/mieszkanie-wroclaw-gadow-maly-ul-na-ostatnim-groszu-3-pokojowe-p8k4z9,https://s2.adresowa.pl/oi/55/38/3f02b6_3655_cover@2x-3-pokojowe-mieszkanie-wroclaw-gadow-maly-ul-na-ostatnim-groszu.webp
Wrocław Krzyki,ul. gen. Kazimierza Pułaskiego,2,45,949000,21089,Pośrednik,,14,https://adresowo.pl/o/mieszkanie-wroclaw-krzyki-ul-gen-kazimierza-pulaskiego-2-pokojowe-z3p5y2,https://s2.adresowa.pl/oi/6f/49/3daa5e_be9d_cover@2x-2-pokojowe-mieszkanie-wroclaw-krzyki-ul-gen-kazimierza-pulaskiego.webp
Wrocław,ul. Gajowicka,2,32,424990,13281,Pośrednik,,16,https://adresowo.pl/o/mieszkanie-wroclaw-ul-gajowicka-2-pokojowe-k9w5v0,https://s2.adresowa.pl/oi/2a/5a/3daa54_e6ff_cover@2x-2-pokojowe-mieszkanie-wroclaw-ul-gajowicka.webp
Wrocław Złotniki,ul. Kamiennogórska,3,104,820000,7885,bez pośredników,,10,https://adresowo.pl/o/mieszkanie-wroclaw-zlotniki-ul-kamiennogorska-3-pokojowe-l5u8y4,https://s2.adresowa.pl/oi/2b/5a/3effb2_d4ab_cover@2x-3-pokojowe-mieszkanie-wroclaw-zlotniki-ul-kamiennogorska.webp
Wrocław Krzyki,ul. Drukarska,3,58,799000,13776,bez pośredników,,2,https://adresowo.pl/o/mieszkanie-wroclaw-krzyki-ul-drukarska-3-pokojowe-v3b3l8,https://s2.adresowa.pl/oi/25/20/3ef92a_8a87_cover@2x-3-pokojowe-mieszkanie-wroclaw-krzyki-ul-drukarska.webp
Wrocław Psie Pole,ul. Kminkowa,2,56,705000,12589,bez pośredników,,13,https://adresowo.pl/o/mieszkanie-wroclaw-psie-pole-ul-kminkowa-2-pokojowe-m4d1n2,https://s2.adresowa.pl/oi/61/39/3eee36_d04d_cover@2x-2-pokojowe-mieszkanie-wroclaw-psie-pole-ul-kminkowa.webp
Wrocław Partynice,ul. Jeździecka,2,37,587140,15869,Pośrednik,,9,https://adresowo.pl/o/mieszkanie-wroclaw-partynice-ul-jezdziecka-2-pokojowe-h1u0a5,https://s2.adresowa.pl/oi/12/72/3da9a8_eb04_cover@2x-2-pokojowe-mieszkanie-wroclaw-partynice-ul-jezdziecka.webp
Wrocław,ul. Stawowa,2,33,649468,19681,Pośrednik,,10,https://adresowo.pl/o/mieszkanie-wroclaw-ul-stawowa-2-pokojowe-s5s3m4,https://s2.adresowa.pl/oi/3f/18/3da950_5e79_cover@2x-2-pokojowe-mieszkanie-wroclaw-ul-stawowa.webp
Wrocław Fabryczna,ul. Kolista,3,62,715000,11532,bez pośredników,,7,https://adresowo.pl/o/mieszkanie-wroclaw-fabryczna-ul-kolista-3-pokojowe-t8z9b9,https://s2.adresowa.pl/oi/7d/5a/3eecbc_bb87_cover@2x-3-pokojowe-mieszkanie-wroclaw-fabryczna-ul-kolista.webp
Wrocław Psie Pole,ul. Litewska,4,72,745000,10347,bez pośredników,,20,https://adresowo.pl/o/mieszkanie-wroclaw-psie-pole-ul-litewska-4-pokojowe-x9i4o5,https://s2.adresowa.pl/oi/38/5f/3eea50_2b25_cover@2x-4-pokojowe-mieszkanie-wroclaw-psie-pole-ul-litewska.webp
Wrocław,Stare Miasto,1,40,690000,17250,bez pośredników,,5,https://adresowo.pl/o/mieszkanie-wroclaw-stare-miasto-1-pokoj-40-m2-m4s9m5,https://s2.adresowa.pl/oi/70/79/3ee924_ccb3_cover@2x-1-pokojowe-mieszkanie-wroclaw-stare-miasto.webp
Wrocław,ul. Stawowa,1,25,463422,18537,Pośrednik,,9,https://adresowo.pl/o/mieszkanie-wroclaw-ul-stawowa-1-pokoj-b8e8u4,https://s2.adresowa.pl/oi/47/1f/3da8ae_563e_cover@2x-1-pokojowe-mieszkanie-wroclaw-ul-stawowa.webp
Wrocław Śródmieście,ul. Stacha Świstackiego,4,74,788999,10662,Pośrednik,,14,https://adresowo.pl/o/mieszkanie-wroclaw-srodmiescie-ul-stacha-swistackiego-4-pokojowe-r3s6g7,https://s2.adresowa.pl/oi/2f/13/3da254_9a12_cover@2x-4-pokojowe-mieszkanie-wroclaw-srodmiescie-ul-stacha-swistackiego.webp
Wrocław Krzyki,al. gen. Józefa Hallera 5,1,34,529000,15559,bez pośredników,,14,https://adresowo.pl/o/mieszkanie-wroclaw-krzyki-al-gen-jozefa-hallera-1-pokoj-e6p4n4,https://s2.adresowa.pl/oi/3d/6b/40badc_a9e9_cover@2x-1-pokojowe-mieszkanie-wroclaw-krzyki-al-gen-jozefa-hallera.webp
Wrocław Jagodno,ul. Edmunda Kajdasza,3,63,897000,14238,bez pośredników,,8,https://adresowo.pl/o/mieszkanie-wroclaw-jagodno-ul-edmunda-kajdasza-3-pokojowe-o1z2m2,https://s2.adresowa.pl/oi/4c/61/3edaa6_966d_cover@2x-3-pokojowe-mieszkanie-wroclaw-jagodno-ul-edmunda-kajdasza.webp
Wrocław Jagodno,ul. Adama Kopycińskiego,2,45,690000,15333,bez pośredników,,14,https://adresowo.pl/o/mieszkanie-wroclaw-jagodno-ul-adama-kopycinskiego-2-pokojowe-y9v8l0,https://s2.adresowa.pl/oi/66/3d/3ed068_ae16_cover@2x-2-pokojowe-mieszkanie-wroclaw-jagodno-ul-adama-kopycinskiego.webp
Wrocław Psie Pole,ul. Zakładowa,1,32,549000,17156,bez pośredników,,7,https://adresowo.pl/o/mieszkanie-wroclaw-psie-pole-ul-zakladowa-1-pokoj-v1o0t1,https://s2.adresowa.pl/oi/45/6a/3ece3c_6125_cover@2x-1-pokojowe-mieszkanie-wroclaw-psie-pole-ul-zakladowa.webp
Wrocław,Ołtaszyn,4,120,1275000,10625,Pośrednik,,9,https://adresowo.pl/o/mieszkanie-wroclaw-oltaszyn-4-pokojowe-120-m2-e6c4c8,https://s2.adresowa.pl/oi/34/1c/3da180_28d8_cover@2x-4-pokojowe-mieszkanie-wroclaw-oltaszyn.webp
Wrocław,Gaj,2,34,645711,18992,Pośrednik,,5,https://adresowo.pl/o/mieszkanie-wroclaw-gaj-2-pokojowe-34-m2-s9y8w1,https://s2.adresowa.pl/oi/43/47/3da148_c827_cover@2x-2-pokojowe-mieszkanie-wroclaw-gaj.webp
Wrocław Tarnogaj,ul. Międzyleska,2,43,720000,16744,bez pośredników,,7,https://adresowo.pl/o/mieszkanie-wroclaw-tarnogaj-ul-miedzyleska-2-pokojowe-g2b3i6,https://s2.adresowa.pl/oi/16/49/3ecbb8_ebbf_cover@2x-2-pokojowe-mieszkanie-wroclaw-tarnogaj-ul-miedzyleska.webp
Wrocław Krzyki,ul. św. Jerzego,4,76,875000,11513,bez pośredników,,13,https://adresowo.pl/o/mieszkanie-wroclaw-krzyki-ul-sw-jerzego-4-pokojowe-q9a8x9,https://s2.adresowa.pl/oi/45/31/3ec85c_f9c0_cover@2x-4-pokojowe-mieszkanie-wroclaw-krzyki-ul-sw-jerzego.webp
Wrocław Kleczków,ul. Rędzińska,3,58,790000,13621,bez pośredników,,15,https://adresowo.pl/o/mieszkanie-wroclaw-kleczkow-ul-redzinska-3-pokojowe-q1c8m9,https://s2.adresowa.pl/oi/7c/66/3ec7d0_5f5d_cover@2x-3-pokojowe-mieszkanie-wroclaw-kleczkow-ul-redzinska.webp
Wrocław,Fabryczna,3,69,774999,11232,Pośrednik,,16,https://adresowo.pl/o/mieszkanie-wroclaw-fabryczna-3-pokojowe-69-m2-q6p1h0,https://s2.adresowa.pl/oi/33/31/3da004_610c_cover@2x-3-pokojowe-mieszkanie-wroclaw-fabryczna.webp
Wrocław Krzyki,pl. Powstańców Śląskich,3,88,1242000,14114,Pośrednik,,24,https://adresowo.pl/o/mieszkanie-wroclaw-krzyki-pl-powstancow-slaskich-3-pokojowe-t4j5m2,https://s2.adresowa.pl/oi/57/69/3d9d4c_689a_cover@2x-3-pokojowe-mieszkanie-wroclaw-krzyki-pl-powstancow-slaskich.webp
Wrocław Psie Pole,ul. Henryka Michała Kamieńskiego,2,50,699000,13980,bez pośredników,,12,https://adresowo.pl/o/mieszkanie-wroclaw-psie-pole-ul-henryka-michala-kamienskiego-2-pokojowe-z6r4h8,https://s2.adresowa.pl/oi/68/5e/3ec76e_e619_cover@2x-2-pokojowe-mieszkanie-wroclaw-psie-pole-ul-henryka-michala-kamienskiego.webp
Wrocław Śródmieście,ul. Marii Curie-Skłodowskiej,3,80,1250000,15625,bez pośredników,,14,https://adresowo.pl/o/mieszkanie-wroclaw-srodmiescie-ul-marii-curie-sklodowskiej-3-pokojowe-b1z9n7,https://s2.adresowa.pl/oi/14/33/3ec228_f20c_cover@2x-3-pokojowe-mieszkanie-wroclaw-srodmiescie-ul-marii-curie-sklodowskiej.webp
Wrocław Śródmieście,ul. Henryka Sienkiewicza,3,71,870000,12254,bez pośredników,,16,https://adresowo.pl/o/mieszkanie-wroclaw-srodmiescie-ul-henryka-sienkiewicza-3-pokojowe-n6t0z0,https://s2.adresowa.pl/oi/47/28/3ec216_2777_cover@2x-3-pokojowe-mieszkanie-wroclaw-srodmiescie-ul-henryka-sienkiewicza.webp
Wrocław,Stare Miasto,3,121,5500000,45455,Pośrednik,,15,https://adresowo.pl/o/mieszkanie-wroclaw-stare-miasto-3-pokojowe-121-m2-s3v2t4,https://s2.adresowa.pl/oi/11/6a/3d91aa_76ca_cover@2x-3-pokojowe-mieszkanie-wroclaw-stare-miasto.webp
Wrocław Fabryczna,ul. Niedźwiedzia,3,50,560000,11200,Pośrednik,,14,https://adresowo.pl/o/mieszkanie-wroclaw-fabryczna-ul-niedzwiedzia-3-pokojowe-f8c3p9,https://s2.adresowa.pl/oi/17/28/3d91a8_9e31_cover@2x-3-pokojowe-mieszkanie-wroclaw-fabryczna-ul-niedzwiedzia.webp
Wrocław,Stare Miasto,2,38,1050000,27632,bez pośredników,,9,https://adresowo.pl/o/mieszkanie-wroclaw-stare-miasto-2-pokojowe-38-m2-f4k4x3,https://s2.adresowa.pl/oi/4b/3d/3ec106_fb2e_cover@2x-2-pokojowe-mieszkanie-wroclaw-stare-miasto.webp
Wrocław Gądów Mały,ul. Na Ostatnim Groszu,1,25,395000,15800,bez pośredników,,8,https://adresowo.pl/o/mieszkanie-wroclaw-gadow-maly-ul-na-ostatnim-groszu-1-pokoj-a3g7k8,https://s2.adresowa.pl/oi/2d/14/3ebdc2_7a25_cover@2x-1-pokojowe-mieszkanie-wroclaw-gadow-maly-ul-na-ostatnim-groszu.webp
Wrocław Poświętne,ul. Henryka Michała Kamieńskiego,3,69,895000,12971,bez pośredników,,16,https://adresowo.pl/o/mieszkanie-wroclaw-poswietne-ul-henryka-michala-kamienskiego-3-pokojowe-g7k1r5,https://s2.adresowa.pl/oi/18/3b/3eb5a6_564f_cover@2x-3-pokojowe-mieszkanie-wroclaw-poswietne-ul-henryka-michala-kamienskiego.webp
Wrocław Stare Miasto,Most Młyński,3,100,1159000,11590,Pośrednik,,21,https://adresowo.pl/o/mieszkanie-wroclaw-stare-miasto-most-mlynski-3-pokojowe-y9s7v4,https://s2.adresowa.pl/oi/20/40/3d8cc2_2beb_cover@2x-3-pokojowe-mieszkanie-wroclaw-stare-miasto-most-mlynski.webp
Wrocław,ul. Mieszczańska,4,94,1629325,17333,Pośrednik,,13,https://adresowo.pl/o/mieszkanie-wroclaw-ul-mieszczanska-4-pokojowe-p0e0a3,https://s2.adresowa.pl/oi/45/25/3d7f16_aba0_cover@2x-4-pokojowe-mieszkanie-wroclaw-ul-mieszczanska.webp
Wrocław Fabryczna,ul. Buczacka,3,72,755000,10486,bez pośredników,,12,https://adresowo.pl/o/mieszkanie-wroclaw-fabryczna-ul-buczacka-3-pokojowe-u9y2j9,https://s2.adresowa.pl/oi/69/74/3eb1c4_9b92_cover@2x-3-pokojowe-mieszkanie-wroclaw-fabryczna-ul-buczacka.webp
Wrocław Stare Miasto,ul. Zachodnia,2,49,588000,12000,bez pośredników,,18,https://adresowo.pl/o/mieszkanie-wroclaw-stare-miasto-ul-zachodnia-2-pokojowe-z4x9w0,https://s2.adresowa.pl/oi/7f/3d/3eae9a_2c6b_cover@2x-2-pokojowe-mieszkanie-wroclaw-stare-miasto-ul-zachodnia.webp
Wrocław Krzyki,ul. Antonia Vivaldiego,2,54,648000,12000,bez pośredników,,6,https://adresowo.pl/o/mieszkanie-wroclaw-krzyki-ul-antonia-vivaldiego-2-pokojowe-p5b6u6,https://s2.adresowa.pl/oi/1d/71/3ea950_a6c1_cover@2x-2-pokojowe-mieszkanie-wroclaw-krzyki-ul-antonia-vivaldiego.webp
Wrocław Psie Pole,ul. Tymiankowa,3,60,649000,10817,Pośrednik,,15,https://adresowo.pl/o/mieszkanie-wroclaw-psie-pole-ul-tymiankowa-3-pokojowe-x9q3z2,https://s2.adresowa.pl/oi/4a/6c/3d7be0_8955_cover@2x-3-pokojowe-mieszkanie-wroclaw-psie-pole-ul-tymiankowa.webp
Wrocław Krzyki,ul. Edmunda Kajdasza,4,65,850000,13077,Pośrednik,,15,https://adresowo.pl/o/mieszkanie-wroclaw-krzyki-ul-edmunda-kajdasza-4-pokojowe-q8h2x5,https://s2.adresowa.pl/oi/36/12/3d7bda_79aa_cover@2x-4-pokojowe-mieszkanie-wroclaw-krzyki-ul-edmunda-kajdasza.webp
Wrocław Stare Miasto,ul. Oławska,4,68,1670000,24559,bez pośredników,,19,https://adresowo.pl/o/mieszkanie-wroclaw-stare-miasto-ul-olawska-4-pokojowe-u8m2g5,https://s2.adresowa.pl/oi/2f/57/3ea8d6_7c0e_cover@2x-4-pokojowe-mieszkanie-wroclaw-stare-miasto-ul-olawska.webp
Wrocław Leśnica,ul. Dolnobrzeska,3,83,315000,3795,bez pośredników,,18,https://adresowo.pl/o/mieszkanie-wroclaw-lesnica-ul-dolnobrzeska-3-pokojowe-w3i0r9,https://s2.adresowa.pl/oi/44/47/3ea8a2_7643_cover@2x-3-pokojowe-mieszkanie-wroclaw-lesnica-ul-dolnobrzeska.webp
Wrocław,Psie Pole,2,55,760000,13818,bez pośredników,,5,https://adresowo.pl/o/mieszkanie-wroclaw-psie-pole-2-pokojowe-55-m2-c0k0o3,https://s2.adresowa.pl/oi/5f/20/3ea7e2_7ff2_cover@2x-2-pokojowe-mieszkanie-wroclaw-psie-pole.webp
Wrocław,,3,67,1233596,18412,Pośrednik,,1,https://adresowo.pl/o/mieszkanie-wroclaw-3-pokojowe-67-m2-j6l9e6,https://s2.adresowa.pl/oi/54/65/3d7bc2_9036_cover@2x-3-pokojowe-mieszkanie-wroclaw.webp
Wrocław Krzyki,ul. gen. Romualda Traugutta 103,1,15,299999,20000,Pośrednik,,6,https://adresowo.pl/o/mieszkanie-wroclaw-krzyki-ul-gen-romualda-traugutta-1-pokoj-m6q7o4,https://s2.adresowa.pl/oi/25/55/3d7894_dada_cover@2x-1-pokojowe-mieszkanie-wroclaw-krzyki-ul-gen-romualda-traugutta.webp
Wrocław Stare Miasto,ul. Kaszubska,1,28,498000,17786,bez pośredników,,8,https://adresowo.pl/o/mieszkanie-wroclaw-stare-miasto-ul-kaszubska-1-pokoj-l6r7m8,https://s2.adresowa.pl/oi/52/31/3ea7a8_a303_cover@2x-1-pokojowe-mieszkanie-wroclaw-stare-miasto-ul-kaszubska.webp
Wrocław Ołbin,ul. Stefana Żeromskiego,3,54,567000,10500,bez pośredników,,7,https://adresowo.pl/o/mieszkanie-wroclaw-olbin-ul-stefana-zeromskiego-3-pokojowe-c9l9w3,https://s2.adresowa.pl/oi/24/15/3ea2f2_b1de_cover@2x-3-pokojowe-mieszkanie-wroclaw-olbin-ul-stefana-zeromskiego.webp
Wrocław Szczepin,ul. Młodych Techników,2,41,589000,14366,bez pośredników,,13,https://adresowo.pl/o/mieszkanie-wroclaw-szczepin-ul-mlodych-technikow-2-pokojowe-t7d6h7,https://s2.adresowa.pl/oi/58/5b/3ea186_b1eb_cover@2x-2-pokojowe-mieszkanie-wroclaw-szczepin-ul-mlodych-technikow.webp
Wrocław Krzyki,ul. Wielka,1,41,499000,12171,Pośrednik,,7,https://adresowo.pl/o/mieszkanie-wroclaw-krzyki-ul-wielka-1-pokoj-y4g5z8,https://s2.adresowa.pl/oi/4a/2c/3d709c_f0cb_cover@2x-1-pokojowe-mieszkanie-wroclaw-krzyki-ul-wielka.webp
Wrocław Stare Miasto,ul. Podwale 82,3,83,2010000,24217,Pośrednik,,10,https://adresowo.pl/o/mieszkanie-wroclaw-stare-miasto-ul-podwale-3-pokojowe-e7o9a8,https://s2.adresowa.pl/oi/6a/6f/3d7098_4422_cover@2x-3-pokojowe-mieszkanie-wroclaw-stare-miasto-ul-podwale.webp
Wrocław,ul. Wałbrzyska,3,69,870000,12609,bez pośredników,,5,https://adresowo.pl/o/mieszkanie-wroclaw-ul-walbrzyska-3-pokojowe-g5w4k7,https://s2.adresowa.pl/oi/7f/1d/3ea080_8392_cover@2x-3-pokojowe-mieszkanie-wroclaw-ul-walbrzyska.webp
Wrocław Śródmieście,pl. Grunwaldzki,2,47,799000,17000,bez pośredników,,7,https://adresowo.pl/o/mieszkanie-wroclaw-srodmiescie-pl-grunwaldzki-2-pokojowe-z6f3l8,https://s2.adresowa.pl/oi/1b/46/3e9efe_d0b4_cover@2x-2-pokojowe-mieszkanie-wroclaw-srodmiescie-pl-grunwaldzki.webp
Wrocław,ul. Hugona Kołłątaja,2,45,575000,12778,bez pośredników,,4,https://adresowo.pl/o/mieszkanie-wroclaw-ul-hugona-kollataja-2-pokojowe-d0a8c9,https://s2.adresowa.pl/oi/2f/2e/3e9e96_e5d4_cover@2x-2-pokojowe-mieszkanie-wroclaw-ul-hugona-kollataja.webp
Wrocław Psie Pole,ul. Bierutowska,1,26,379000,14577,Pośrednik,,5,https://adresowo.pl/o/mieszkanie-wroclaw-psie-pole-ul-bierutowska-1-pokoj-f9v4s6,https://s2.adresowa.pl/oi/66/5f/3d708e_8db8_cover@2x-1-pokojowe-mieszkanie-wroclaw-psie-pole-ul-bierutowska.webp
Wrocław Krzyki,ul. Gwiaździsta,4,225,5997000,26653,Pośrednik,,15,https://adresowo.pl/o/mieszkanie-wroclaw-krzyki-ul-gwiazdzista-4-pokojowe-z8j5n6,https://s2.adresowa.pl/oi/2e/1b/3d708a_5cc2_cover@2x-4-pokojowe-mieszkanie-wroclaw-krzyki-ul-gwiazdzista.webp
Wrocław Partynice,ul. Kawalerzystów,3,65,849000,13062,bez pośredników,,16,https://adresowo.pl/o/mieszkanie-wroclaw-partynice-ul-kawalerzystow-3-pokojowe-n8b5n1,https://s2.adresowa.pl/oi/1c/5c/3e8692_978e_cover@2x-3-pokojowe-mieszkanie-wroclaw-partynice-ul-kawalerzystow.webp
Wrocław Gądów Mały,ul. Kwiska,4,63,850000,13492,bez pośredników,,7,https://adresowo.pl/o/mieszkanie-wroclaw-gadow-maly-ul-kwiska-4-pokojowe-v5q7z0,https://s2.adresowa.pl/oi/63/30/3e7120_95ba_cover@2x-4-pokojowe-mieszkanie-wroclaw-gadow-maly-ul-kwiska.webp
Wrocław,Leśnica,3,66,749000,11348,bez pośredników,,8,https://adresowo.pl/o/mieszkanie-wroclaw-lesnica-3-pokojowe-66-m2-f0z2t6,https://s2.adresowa.pl/oi/57/57/3e688e_d20c_cover@2x-3-pokojowe-mieszkanie-wroclaw-lesnica.webp
Wrocław Stare Miasto,ul. Podwale 82,1,28,690000,24643,Pośrednik,,14,https://adresowo.pl/o/mieszkanie-wroclaw-stare-miasto-ul-podwale-1-pokoj-i1r6d8,https://s2.adresowa.pl/oi/3e/5e/3d7088_e4da_cover@2x-1-pokojowe-mieszkanie-wroclaw-stare-miasto-ul-podwale.webp
Wrocław Stare Miasto,ul. gen. Romualda Traugutta 70,2,44,747000,16977,Pośrednik,,4,https://adresowo.pl/o/mieszkanie-wroclaw-stare-miasto-ul-gen-romualda-traugutta-2-pokojowe-k8e2i0,https://s2.adresowa.pl/oi/6d/1e/3d707c_69dd_cover@2x-2-pokojowe-mieszkanie-wroclaw-stare-miasto-ul-gen-romualda-traugutta.webp
Wrocław Stare Miasto,pl. Muzealny,3,64,1090000,17031,bez pośredników,,11,https://adresowo.pl/o/mieszkanie-wroclaw-stare-miasto-pl-muzealny-3-pokojowe-p1l8x6,https://s2.adresowa.pl/oi/71/3a/3e6748_d0dc_cover@2x-3-pokojowe-mieszkanie-wroclaw-stare-miasto-pl-muzealny.webp
Wrocław Fabryczna,ul. Mielecka,2,45,650000,14444,bez pośredników,,8,https://adresowo.pl/o/mieszkanie-wroclaw-fabryczna-ul-mielecka-2-pokojowe-n6p5r3,https://s2.adresowa.pl/oi/38/1b/3e6680_359a_cover@2x-2-pokojowe-mieszkanie-wroclaw-fabryczna-ul-mielecka.webp
Wrocław Krzyki,ul. gen. Antoniego Madalińskiego,3,65,1420000,21846,bez pośredników,,18,https://adresowo.pl/o/mieszkanie-wroclaw-krzyki-ul-gen-antoniego-madalinskiego-3-pokojowe-l9d6s4,https://s2.adresowa.pl/oi/50/6a/3e6300_8bc4_cover@2x-3-pokojowe-mieszkanie-wroclaw-krzyki-ul-gen-antoniego-madalinskiego.webp
Wrocław,ul. Bierutowska,2,52,739000,14212,Pośrednik,,5,https://adresowo.pl/o/mieszkanie-wroclaw-ul-bierutowska-2-pokojowe-k7b2c7,https://s2.adresowa.pl/oi/4e/5d/3d706c_a5a4_cover@2x-2-pokojowe-mieszkanie-wroclaw-ul-bierutowska.webp
Wrocław Krzyki,ul. Koreańska,3,108,947000,8769,Pośrednik,,14,https://adresowo.pl/o/mieszkanie-wroclaw-krzyki-ul-koreanska-3-pokojowe-h4k2u1,https://s2.adresowa.pl/oi/48/27/3d705e_6b1d_cover@2x-3-pokojowe-mieszkanie-wroclaw-krzyki-ul-koreanska.webp
Wrocław,Fabryczna,2,61,680000,11148,bez pośredników,,8,https://adresowo.pl/o/mieszkanie-wroclaw-fabryczna-2-pokojowe-61-m2-v2z8h5,https://s2.adresowa.pl/oi/2c/5f/3e5c34_db5a_cover@2x-2-pokojowe-mieszkanie-wroclaw-fabryczna.webp
Wrocław Krzyki,ul. Sudecka,2,40,1050000,26250,bez pośredników,,9,https://adresowo.pl/o/mieszkanie-wroclaw-krzyki-ul-sudecka-2-pokojowe-q3e4u8,https://s2.adresowa.pl/oi/14/46/3e550e_b6ea_cover@2x-2-pokojowe-mieszkanie-wroclaw-krzyki-ul-sudecka.webp
Wrocław Stare Miasto,ul. Piwna,2,33,577000,17485,bez pośredników,,5,https://adresowo.pl/o/mieszkanie-wroclaw-stare-miasto-ul-piwna-2-pokojowe-c2a6g1,https://s2.adresowa.pl/oi/1d/7d/3e4bba_96b7_cover@2x-2-pokojowe-mieszkanie-wroclaw-stare-miasto-ul-piwna.webp
Wrocław Stare Miasto,ul. Trzemeska,2,33,710000,21515,Pośrednik,,13,https://adresowo.pl/o/mieszkanie-wroclaw-stare-miasto-ul-trzemeska-2-pokojowe-a1i9c0,https://s2.adresowa.pl/oi/53/1c/3d6a02_4df3_cover@2x-2-pokojowe-mieszkanie-wroclaw-stare-miasto-ul-trzemeska.webp
Wrocław,Psie Pole,2,43,539990,12558,Pośrednik,,14,https://adresowo.pl/o/mieszkanie-wroclaw-psie-pole-2-pokojowe-43-m2-c6g8y3,https://s2.adresowa.pl/oi/18/14/3d6896_bac0_cover@2x-2-pokojowe-mieszkanie-wroclaw-psie-pole.webp
Wrocław,Psie Pole,2,35,480000,13714,bez pośredników,,8,https://adresowo.pl/o/mieszkanie-wroclaw-psie-pole-2-pokojowe-35-m2-x6x3t2,https://s2.adresowa.pl/oi/2f/15/3e4b9c_ec2e_cover@2x-2-pokojowe-mieszkanie-wroclaw-psie-pole.webp
Wrocław Stare Miasto,ul. Joachima Lelewela,2,35,637000,18200,bez pośredników,,3,https://adresowo.pl/o/mieszkanie-wroclaw-stare-miasto-ul-joachima-lelewela-2-pokojowe-c3a1a6,https://s2.adresowa.pl/oi/7d/64/3e4b92_a0f3_cover@2x-2-pokojowe-mieszkanie-wroclaw-stare-miasto-ul-joachima-lelewela.webp
Wrocław Krzyki,ul. gen. Kazimierza Pułaskiego,3,75,1000000,13333,bez pośredników,,19,https://adresowo.pl/o/mieszkanie-wroclaw-krzyki-ul-gen-kazimierza-pulaskiego-3-pokojowe-s0g3b1,https://s2.adresowa.pl/oi/61/7d/3e4874_ae16_cover@2x-3-pokojowe-mieszkanie-wroclaw-krzyki-ul-gen-kazimierza-pulaskiego.webp
Wrocław Ołtaszyn,ul. Obrońców Poczty Gdańskiej,3,49,690000,14082,Pośrednik,,19,https://adresowo.pl/o/mieszkanie-wroclaw-oltaszyn-ul-obroncow-poczty-gdanskiej-3-pokojowe-w2a9r5,https://s2.adresowa.pl/oi/65/2b/3d685e_3d18_cover@2x-3-pokojowe-mieszkanie-wroclaw-oltaszyn-ul-obroncow-poczty-gdanskiej.webp
Wrocław Huby,ul. Gliniana,2,47,544998,11596,Pośrednik,,26,https://adresowo.pl/o/mieszkanie-wroclaw-huby-ul-gliniana-2-pokojowe-b7s5s6,https://s2.adresowa.pl/oi/72/19/3d6852_f2e6_cover@2x-2-pokojowe-mieszkanie-wroclaw-huby-ul-gliniana.webp
Wrocław Śródmieście,ul. św. Antoniego,5,160,2370000,14812,bez pośredników,,19,https://adresowo.pl/o/mieszkanie-wroclaw-srodmiescie-ul-sw-antoniego-5-pokojowe-k6l5f5,https://s2.adresowa.pl/oi/3a/56/3e4084_8e3e_cover@2x-5-pokojowe-mieszkanie-wroclaw-srodmiescie-ul-sw-antoniego.webp
Wrocław,Gaj,3,63,678000,10762,bez pośredników,,1,https://adresowo.pl/o/mieszkanie-wroclaw-gaj-3-pokojowe-63-m2-e2f2x6,https://s2.adresowa.pl/oi/38/6d/3e407e_f7fd_cover@2x-3-pokojowe-mieszkanie-wroclaw-gaj.webp
Wrocław Tarnogaj,ul. Piękna,4,76,1130000,14868,bez pośredników,,4,https://adresowo.pl/o/mieszkanie-wroclaw-tarnogaj-ul-piekna-4-pokojowe-n4q3d5,https://s2.adresowa.pl/oi/73/74/3e3b9c_35b2_cover@2x-4-pokojowe-mieszkanie-wroclaw-tarnogaj-ul-piekna.webp
Wrocław,ul. Krzycka,2,59,738999,12525,Pośrednik,,14,https://adresowo.pl/o/mieszkanie-wroclaw-ul-krzycka-2-pokojowe-y7n9y0,https://s2.adresowa.pl/oi/25/2f/3d684c_f99a_cover@2x-2-pokojowe-mieszkanie-wroclaw-ul-krzycka.webp
Wrocław Stare Miasto,ul. Podwale,2,53,598998,11302,Pośrednik,,14,https://adresowo.pl/o/mieszkanie-wroclaw-stare-miasto-ul-podwale-2-pokojowe-w0r2c4,https://s2.adresowa.pl/oi/56/37/3d6848_ebd5_cover@2x-2-pokojowe-mieszkanie-wroclaw-stare-miasto-ul-podwale.webp
Wrocław Śródmieście,pl. Stanisława Staszica,3,53,590000,11132,bez pośredników,,8,https://adresowo.pl/o/mieszkanie-wroclaw-srodmiescie-pl-stanislawa-staszica-3-pokojowe-b1z1l6,https://s2.adresowa.pl/oi/1d/6d/3e38d8_f028_cover@2x-3-pokojowe-mieszkanie-wroclaw-srodmiescie-pl-stanislawa-staszica.webp
Wrocław Krzyki,ul. Komandorska,2,38,515000,13553,bez pośredników,,14,https://adresowo.pl/o/mieszkanie-wroclaw-krzyki-ul-komandorska-2-pokojowe-m5u3c3,https://s2.adresowa.pl/oi/6a/2b/3e3722_5e22_cover@2x-2-pokojowe-mieszkanie-wroclaw-krzyki-ul-komandorska.webp
Wrocław Krzyki,ul. Krakowska,4,80,1099999,13750,bez pośredników,,5,https://adresowo.pl/o/mieszkanie-wroclaw-krzyki-ul-krakowska-4-pokojowe-w9a1d3,https://s2.adresowa.pl/oi/57/52/3e3436_ebc9_cover@2x-4-pokojowe-mieszkanie-wroclaw-krzyki-ul-krakowska.webp
Wrocław Krzyki,ul. Drukarska,2,41,479999,11707,Pośrednik,,21,https://adresowo.pl/o/mieszkanie-wroclaw-krzyki-ul-drukarska-2-pokojowe-o5o5d8,https://s2.adresowa.pl/oi/24/6e/3d6814_dbda_cover@2x-2-pokojowe-mieszkanie-wroclaw-krzyki-ul-drukarska.webp
Wrocław,pl. Jana Pawła II,3,49,689000,14061,Pośrednik,,19,https://adresowo.pl/o/mieszkanie-wroclaw-pl-jana-pawla-ii-3-pokojowe-e9t9n5,https://s2.adresowa.pl/oi/23/5f/3d6812_eabf_cover@2x-3-pokojowe-mieszkanie-wroclaw-pl-jana-pawla-ii.webp
Wrocław,Krzyki,4,68,920000,13529,bez pośredników,,13,https://adresowo.pl/o/mieszkanie-wroclaw-krzyki-4-pokojowe-68-m2-w6h1s1,https://s2.adresowa.pl/oi/5c/2a/3e2248_3fee_cover@2x-4-pokojowe-mieszkanie-wroclaw-krzyki.webp
Wrocław Krzyki,ul. Wincentego Stysia,3,58,610000,10517,bez pośredników,,12,https://adresowo.pl/o/mieszkanie-wroclaw-krzyki-ul-wincentego-stysia-3-pokojowe-o8l4t1,https://s2.adresowa.pl/oi/67/4e/3e1a10_ca44_cover@2x-3-pokojowe-mieszkanie-wroclaw-krzyki-ul-wincentego-stysia.webp
Wrocław Psie Pole,ul. Sołtysowicka,3,60,800000,13333,bez pośredników,,8,https://adresowo.pl/o/mieszkanie-wroclaw-psie-pole-ul-soltysowicka-3-pokojowe-p8p4u1,https://s2.adresowa.pl/oi/7c/46/3e1898_f3ba_cover@2x-3-pokojowe-mieszkanie-wroclaw-psie-pole-ul-soltysowicka.webp
Wrocław Popowice,ul. Jelenia 40,2,41,658500,16061,Pośrednik,,20,https://adresowo.pl/o/mieszkanie-wroclaw-popowice-ul-jelenia-2-pokojowe-v0b7g5,https://s2.adresowa.pl/oi/38/16/3d6808_85c6_cover@2x-2-pokojowe-mieszkanie-wroclaw-popowice-ul-jelenia.webp
Wrocław Gądów Mały,ul. Balonowa 16,3,77,938990,12195,Pośrednik,,16,https://adresowo.pl/o/mieszkanie-wroclaw-gadow-maly-ul-balonowa-3-pokojowe-h8x0l0,https://s2.adresowa.pl/oi/64/5f/3d67f4_ae19_cover@2x-3-pokojowe-mieszkanie-wroclaw-gadow-maly-ul-balonowa.webp
Wrocław Grabiszyn,ul. Aleksandra Ostrowskiego,2,48,700000,14583,bez pośredników,,14,https://adresowo.pl/o/mieszkanie-wroclaw-grabiszyn-ul-aleksandra-ostrowskiego-2-pokojowe-l9v8e3,https://s2.adresowa.pl/oi/7a/56/3e1770_cbcc_cover@2x-2-pokojowe-mieszkanie-wroclaw-grabiszyn-ul-aleksandra-ostrowskiego.webp
Wrocław Ołtaszyn,ul. Obrońców Poczty Gdańskiej,3,86,1100000,12791,bez pośredników,,11,https://adresowo.pl/o/mieszkanie-wroclaw-oltaszyn-ul-obroncow-poczty-gdanskiej-3-pokojowe-d7a0u3,https://s2.adresowa.pl/oi/1a/64/3e1474_a4fa_cover@2x-3-pokojowe-mieszkanie-wroclaw-oltaszyn-ul-obroncow-poczty-gdanskiej.webp
Wrocław Śródmieście,ul. Świdnicka,3,51,689000,13510,bez pośredników,,5,https://adresowo.pl/o/mieszkanie-wroclaw-srodmiescie-ul-swidnicka-3-pokojowe-q8r0d3,https://s2.adresowa.pl/oi/26/29/3e0f6c_8b8c_cover@2x-3-pokojowe-mieszkanie-wroclaw-srodmiescie-ul-swidnicka.webp
Wrocław,ul. Szewska,1,33,494000,14970,Pośrednik,,19,https://adresowo.pl/o/mieszkanie-wroclaw-ul-szewska-1-pokoj-j7b9b9,https://s2.adresowa.pl/oi/5b/29/3d67e8_4e17_cover@2x-1-pokojowe-mieszkanie-wroclaw-ul-szewska.webp
Wrocław,Jagodno,3,65,790000,12154,Pośrednik,,17,https://adresowo.pl/o/mieszkanie-wroclaw-jagodno-3-pokojowe-65-m2-d7g8r6,https://s2.adresowa.pl/oi/19/4f/3d6040_e963_cover@2x-3-pokojowe-mieszkanie-wroclaw-jagodno.webp
Wrocław Krzyki,ul. gen. Józefa Haukego-Bosaka,2,53,480000,9057,bez pośredników,,11,https://adresowo.pl/o/mieszkanie-wroclaw-krzyki-ul-gen-jozefa-haukego-bosaka-2-pokojowe-t8h8t0,https://s2.adresowa.pl/oi/51/7f/3e04bc_70b6_cover@2x-2-pokojowe-mieszkanie-wroclaw-krzyki-ul-gen-jozefa-haukego-bosaka.webp
Wrocław Kleczków,ul. Lucjana Siemieńskiego,2,53,540000,10189,bez pośredników,,6,https://adresowo.pl/o/mieszkanie-wroclaw-kleczkow-ul-lucjana-siemienskiego-2-pokojowe-w0s5j2,https://s2.adresowa.pl/oi/25/44/3e0032_caf0_cover@2x-2-pokojowe-mieszkanie-wroclaw-kleczkow-ul-lucjana-siemienskiego.webp
Wrocław,Muchobór Wielki,3,59,740000,12542,bez pośredników,,9,https://adresowo.pl/o/mieszkanie-wroclaw-muchobor-wielki-3-pokojowe-59-m2-n1y6j7,https://s2.adresowa.pl/oi/29/39/3df99e_a3e8_cover@2x-3-pokojowe-mieszkanie-wroclaw-muchobor-wielki.webp
Wrocław Południe,ul. Wincentego Stysia 37,3,71,850000,11972,Pośrednik,,16,https://adresowo.pl/o/mieszkanie-wroclaw-poludnie-ul-wincentego-stysia-3-pokojowe-b6o6m4,https://s2.adresowa.pl/oi/19/6f/3d5f3a_5d3c_cover@2x-3-pokojowe-mieszkanie-wroclaw-poludnie-ul-wincentego-stysia.webp
Wrocław,Stoczniowa okolice/biuro z osobnym wejściem!,3,65,699999,10769,Pośrednik,,15,https://adresowo.pl/o/mieszkanie-wroclaw-stoczniowa-okolice-biuro-z-osobnym-wejsciem-3-pokojowe-a2c0r8,https://s2.adresowa.pl/oi/10/65/3d5940_2b81_cover@2x-3-pokojowe-mieszkanie-wroclaw-stoczniowa-okolice-biuro-z-osobnym-wejsciem-.webp
Wrocław Muchobór Wielki,ul. Stanisława Kunickiego,2,35,619000,17686,bez pośredników,,12,https://adresowo.pl/o/mieszkanie-wroclaw-muchobor-wielki-ul-stanislawa-kunickiego-2-pokojowe-i9y8s3,https://s2.adresowa.pl/oi/26/68/3df964_9f52_cover@2x-2-pokojowe-mieszkanie-wroclaw-muchobor-wielki-ul-stanislawa-kunickiego.webp
Wrocław Śródmieście,ul. Łęczycka,2,56,630000,11250,bez pośredników,,8,https://adresowo.pl/o/mieszkanie-wroclaw-srodmiescie-ul-leczycka-2-pokojowe-o9p9a6,https://s2.adresowa.pl/oi/23/5d/3de756_b9b2_cover@2x-2-pokojowe-mieszkanie-wroclaw-srodmiescie-ul-leczycka.webp
Wrocław Muchobór Mały,ul. Strzegomska,3,61,629000,10311,bez pośredników,,13,https://adresowo.pl/o/mieszkanie-wroclaw-muchobor-maly-ul-strzegomska-3-pokojowe-c6i0b6,https://s2.adresowa.pl/oi/25/21/3dd298_a789_cover@2x-3-pokojowe-mieszkanie-wroclaw-muchobor-maly-ul-strzegomska.webp
Wrocław,Śródmieście,1,26,355000,13654,Pośrednik,,6,https://adresowo.pl/o/mieszkanie-wroclaw-srodmiescie-1-pokoj-26-m2-t8u9l3,https://s2.adresowa.pl/oi/1c/76/3d4a10_403f_cover@2x-1-pokojowe-mieszkanie-wroclaw-srodmiescie.webp
Wrocław Klecina,ul. Marchewkowa,3,53,734900,13866,Pośrednik,,21,https://adresowo.pl/o/mieszkanie-wroclaw-klecina-ul-marchewkowa-3-pokojowe-j0a5q1,https://s2.adresowa.pl/oi/65/45/3d2ec2_a185_cover@2x-3-pokojowe-mieszkanie-wroclaw-klecina-ul-marchewkowa.webp
Wrocław Ołbin,ul. Wygodna,2,63,619000,9825,bez pośredników,,12,https://adresowo.pl/o/mieszkanie-wroclaw-olbin-ul-wygodna-2-pokojowe-j8j7k7,https://s2.adresowa.pl/oi/66/47/3dd284_a800_cover@2x-2-pokojowe-mieszkanie-wroclaw-olbin-ul-wygodna.webp
Wrocław Stabłowice,ul. Jodłowicka,4,69,839000,12159,bez pośredników,,11,https://adresowo.pl/o/mieszkanie-wroclaw-stablowice-ul-jodlowicka-4-pokojowe-y3x1l5,https://s2.adresowa.pl/oi/51/1f/3dd182_aad7_cover@2x-4-pokojowe-mieszkanie-wroclaw-stablowice-ul-jodlowicka.webp
Wrocław Nowy Dwór,ul. Budziszyńska,2,53,764000,14415,bez pośredników,,20,https://adresowo.pl/o/mieszkanie-wroclaw-nowy-dwor-ul-budziszynska-2-pokojowe-c9g1a9,https://s2.adresowa.pl/oi/3b/69/3dc852_8098_cover@2x-2-pokojowe-mieszkanie-wroclaw-nowy-dwor-ul-budziszynska.webp
Wrocław,Psie Pole,2,47,550000,11702,Pośrednik,,15,https://adresowo.pl/o/mieszkanie-wroclaw-psie-pole-2-pokojowe-47-m2-m5l0o6,https://s2.adresowa.pl/oi/7b/69/3d2276_7928_cover@2x-2-pokojowe-mieszkanie-wroclaw-psie-pole.webp
Wrocław Krzyki,ul. gen. Antoniego Madalińskiego,1,21,398000,18952,Pośrednik,,8,https://adresowo.pl/o/mieszkanie-wroclaw-krzyki-ul-gen-antoniego-madalinskiego-1-pokoj-i2r4b9,https://s2.adresowa.pl/oi/2a/25/3d1348_c731_cover@2x-1-pokojowe-mieszkanie-wroclaw-krzyki-ul-gen-antoniego-madalinskiego.webp
Wrocław Śródmieście,ul. Stefana Żeromskiego,2,54,649000,12019,bez pośredników,,13,https://adresowo.pl/o/mieszkanie-wroclaw-srodmiescie-ul-stefana-zeromskiego-2-pokojowe-i3r7l8,https://s2.adresowa.pl/oi/14/3e/3dc2ca_5288_cover@2x-2-pokojowe-mieszkanie-wroclaw-srodmiescie-ul-stefana-zeromskiego.webp
Wrocław Krzyki,ul. Widna,3,52,577000,11096,bez pośredników,,8,https://adresowo.pl/o/mieszkanie-wroclaw-krzyki-ul-widna-3-pokojowe-h4a7z3,https://s2.adresowa.pl/oi/5a/36/3db5e4_5ab9_cover@2x-3-pokojowe-mieszkanie-wroclaw-krzyki-ul-widna.webp
Wrocław Fabryczna,ul. Na Ostatnim Groszu,3,53,600000,11321,bez pośredników,,8,https://adresowo.pl/o/mieszkanie-wroclaw-fabryczna-ul-na-ostatnim-groszu-3-pokojowe-p8g0d3,https://s2.adresowa.pl/oi/56/5f/3db766_d103_cover@2x-3-pokojowe-mieszkanie-wroclaw-fabryczna-ul-na-ostatnim-groszu.webp
Wrocław Śródmieście,ul. Henryka Sienkiewicza,2,38,469900,12366,Pośrednik,,5,https://adresowo.pl/o/mieszkanie-wroclaw-srodmiescie-ul-henryka-sienkiewicza-2-pokojowe-m1f0x8,https://s2.adresowa.pl/oi/60/5a/3cf9f2_a7c5_cover@2x-2-pokojowe-mieszkanie-wroclaw-srodmiescie-ul-henryka-sienkiewicza.webp
Wrocław Krzyki,ul. Swobodna,2,37,489000,13216,Pośrednik,,5,https://adresowo.pl/o/mieszkanie-wroclaw-krzyki-ul-swobodna-2-pokojowe-u2w7t2,https://s2.adresowa.pl/oi/6f/44/3cf9cc_ba5a_cover@2x-2-pokojowe-mieszkanie-wroclaw-krzyki-ul-swobodna.webp
Wrocław Fabryczna,ul. Włókniarzy,2,47,699000,14872,bez pośredników,,22,https://adresowo.pl/o/mieszkanie-wroclaw-fabryczna-ul-wlokniarzy-2-pokojowe-o0f3w2,https://s2.adresowa.pl/oi/42/1f/3db4f6_bcab_cover@2x-2-pokojowe-mieszkanie-wroclaw-fabryczna-ul-wlokniarzy.webp
Wrocław Krzyki,ul. Mglista,2,45,717350,15941,bez pośredników,,18,https://adresowo.pl/o/mieszkanie-wroclaw-krzyki-ul-mglista-2-pokojowe-w6n6u0,https://s2.adresowa.pl/oi/61/3b/3dace2_6d47_cover@2x-2-pokojowe-mieszkanie-wroclaw-krzyki-ul-mglista.webp
Wrocław Śródmieście,ul. Bolesława Chrobrego,4,92,789000,8576,bez pośredników,,4,https://adresowo.pl/o/mieszkanie-wroclaw-srodmiescie-ul-boleslawa-chrobrego-4-pokojowe-y4j8c6,https://s2.adresowa.pl/oi/19/4d/3dac28_f714_cover@2x-4-pokojowe-mieszkanie-wroclaw-srodmiescie-ul-boleslawa-chrobrego.webp
Wrocław,ul. Kurkowa,2,36,519990,14444,Pośrednik,,15,https://adresowo.pl/o/mieszkanie-wroclaw-ul-kurkowa-2-pokojowe-e3v9q3,https://s2.adresowa.pl/oi/74/27/3cedb0_8fa3_cover@2x-2-pokojowe-mieszkanie-wroclaw-ul-kurkowa.webp
Wrocław Partynice,ul. gen. Stanisława Maczka,4,94,1550000,16489,Pośrednik,,18,https://adresowo.pl/o/mieszkanie-wroclaw-partynice-ul-gen-stanislawa-maczka-4-pokojowe-v0z2c6,https://s2.adresowa.pl/oi/1b/5f/3ce892_3574_cover@2x-4-pokojowe-mieszkanie-wroclaw-partynice-ul-gen-stanislawa-maczka.webp
Wrocław Fabryczna,ul. Pilczycka,2,37,370000,10000,bez pośredników,,5,https://adresowo.pl/o/mieszkanie-wroclaw-fabryczna-ul-pilczycka-2-pokojowe-p1n6e0,https://s2.adresowa.pl/oi/4b/1b/3d9eea_ab22_cover@2x-2-pokojowe-mieszkanie-wroclaw-fabryczna-ul-pilczycka.webp
Wrocław Stare Miasto,ul. Krawiecka,2,66,989000,14985,bez pośredników,,12,https://adresowo.pl/o/mieszkanie-wroclaw-stare-miasto-ul-krawiecka-2-pokojowe-d4l6g0,https://s2.adresowa.pl/oi/35/6d/3d9d12_f8e0_cover@2x-2-pokojowe-mieszkanie-wroclaw-stare-miasto-ul-krawiecka.webp
Wrocław Stare Miasto,pl. Ludwika Hirszfelda,3,62,699000,11274,bez pośredników,,12,https://adresowo.pl/o/mieszkanie-wroclaw-stare-miasto-pl-ludwika-hirszfelda-3-pokojowe-t4m4l6,https://s2.adresowa.pl/oi/28/7b/3d9c62_52e2_cover@2x-3-pokojowe-mieszkanie-wroclaw-stare-miasto-pl-ludwika-hirszfelda.webp
Wrocław Stare Miasto,ul. Krawiecka,2,56,890000,15893,Pośrednik,,28,https://adresowo.pl/o/mieszkanie-wroclaw-stare-miasto-ul-krawiecka-2-pokojowe-c2p2f2,https://s2.adresowa.pl/oi/18/20/3cd552_86d3_cover@2x-2-pokojowe-mieszkanie-wroclaw-stare-miasto-ul-krawiecka.webp
Wrocław,ul. Szybka 9,2,41,879000,21439,Pośrednik,,11,https://adresowo.pl/o/mieszkanie-wroclaw-ul-szybka-2-pokojowe-w2n7e0,https://s2.adresowa.pl/oi/6b/17/3cc928_28f3_cover@2x-2-pokojowe-mieszkanie-wroclaw-ul-szybka.webp
Wrocław Śródmieście,ul. Powstańców Śląskich,3,57,739000,12965,bez pośredników,,15,https://adresowo.pl/o/mieszkanie-wroclaw-srodmiescie-ul-powstancow-slaskich-3-pokojowe-y3r3q9,https://s2.adresowa.pl/oi/1e/72/3d9956_7f5c_cover@2x-3-pokojowe-mieszkanie-wroclaw-srodmiescie-ul-powstancow-slaskich.webp
Wrocław Biskupin,ul. Karola Olszewskiego,3,56,890000,15893,bez pośredników,,19,https://adresowo.pl/o/mieszkanie-wroclaw-biskupin-ul-karola-olszewskiego-3-pokojowe-y1j4o5,https://s2.adresowa.pl/oi/3a/24/3d9728_7072_cover@2x-3-pokojowe-mieszkanie-wroclaw-biskupin-ul-karola-olszewskiego.webp
Wrocław,Sępolno,3,59,999999,16949,bez pośredników,,10,https://adresowo.pl/o/mieszkanie-wroclaw-sepolno-3-pokojowe-59-m2-l7a3z1,https://s2.adresowa.pl/oi/41/33/3d8f54_f44e_cover@2x-3-pokojowe-mieszkanie-wroclaw-sepolno.webp
Wrocław,ul. Słowiańska,1,32,374000,11688,Pośrednik,,12,https://adresowo.pl/o/mieszkanie-wroclaw-ul-slowianska-1-pokoj-i0f7m1,https://s2.adresowa.pl/oi/20/23/3cb656_2e31_cover@2x-1-pokojowe-mieszkanie-wroclaw-ul-slowianska.webp
Wrocław Wojszyce,ul. Oboźna,3,61,698000,11443,Pośrednik,,15,https://adresowo.pl/o/mieszkanie-wroclaw-wojszyce-ul-obozna-3-pokojowe-n1a4k2,https://s2.adresowa.pl/oi/3c/72/3c86fe_6dc1_cover@2x-3-pokojowe-mieszkanie-wroclaw-wojszyce-ul-obozna.webp
Wrocław Krzyki,ul. Łódzka,3,82,790000,9634,bez pośredników,,5,https://adresowo.pl/o/mieszkanie-wroclaw-krzyki-ul-lodzka-3-pokojowe-r6c1l3,https://s2.adresowa.pl/oi/2e/43/3d7396_4034_cover@2x-3-pokojowe-mieszkanie-wroclaw-krzyki-ul-lodzka.webp
Wrocław,Śródmieście,2,53,599000,11302,bez pośredników,,20,https://adresowo.pl/o/mieszkanie-wroclaw-srodmiescie-2-pokojowe-53-m2-j7z7v6,https://s2.adresowa.pl/oi/59/21/3d808a_7714_cover@2x-2-pokojowe-mieszkanie-wroclaw-srodmiescie.webp
Wrocław Maślice,ul. Rędzińska,2,26,399000,15346,bez pośredników,,7,https://adresowo.pl/o/mieszkanie-wroclaw-maslice-ul-redzinska-2-pokojowe-m6f0n2,https://s2.adresowa.pl/oi/27/34/3d7a26_8ed6_cover@2x-2-pokojowe-mieszkanie-wroclaw-maslice-ul-redzinska.webp
Wrocław Śródmieście,ul. Słowiańska,4,63,640000,10159,Pośrednik,,15,https://adresowo.pl/o/mieszkanie-wroclaw-srodmiescie-ul-slowianska-4-pokojowe-a0h3n9,https://s2.adresowa.pl/oi/5a/67/3c6a60_a80d_cover@2x-4-pokojowe-mieszkanie-wroclaw-srodmiescie-ul-slowianska.webp
Wrocław Różanka,ul. Obornicka 77,2,49,610000,12449,Pośrednik,,17,https://adresowo.pl/o/mieszkanie-wroclaw-rozanka-ul-obornicka-2-pokojowe-f0i9t1,https://s2.adresowa.pl/oi/7b/1c/3c69a6_3053_cover@2x-2-pokojowe-mieszkanie-wroclaw-rozanka-ul-obornicka.webp
Wrocław Krzyki,ul. Powstańców Śląskich 52,1,38,479999,12632,bez pośredników,,61,https://adresowo.pl/o/mieszkanie-wroclaw-krzyki-ul-powstancow-slaskich-1-pokoj-k5c4g3,https://s2.adresowa.pl/oi/29/1d/3fafa2_4d35_cover@2x-1-pokojowe-mieszkanie-wroclaw-krzyki-ul-powstancow-slaskich.webp
Wrocław Krzyki,ul. Jerzego Kukuczki,4,89,1219000,13697,bez pośredników,,17,https://adresowo.pl/o/mieszkanie-wroclaw-krzyki-ul-jerzego-kukuczki-4-pokojowe-o0h5f9,https://s2.adresowa.pl/oi/3f/11/3d6ada_7157_cover@2x-4-pokojowe-mieszkanie-wroclaw-krzyki-ul-jerzego-kukuczki.webp
Wrocław Psie Pole,ul. Litewska,1,27,449000,16630,bez pośredników,,8,https://adresowo.pl/o/mieszkanie-wroclaw-psie-pole-ul-litewska-1-pokoj-g5l0n8,https://s2.adresowa.pl/oi/52/11/3d652e_d45d_cover@2x-1-pokojowe-mieszkanie-wroclaw-psie-pole-ul-litewska.webp
Wrocław Psie Pole,ul. Stoczniowa,3,53,789000,14887,bez pośredników,,8,https://adresowo.pl/o/mieszkanie-wroclaw-psie-pole-ul-stoczniowa-3-pokojowe-h5y8j8,https://s2.adresowa.pl/oi/13/4b/3d5c2e_d56b_cover@2x-3-pokojowe-mieszkanie-wroclaw-psie-pole-ul-stoczniowa.webp
Wrocław Stare Miasto,ul. św. Antoniego,4,95,1490000,15684,Pośrednik,,15,https://adresowo.pl/o/mieszkanie-wroclaw-stare-miasto-ul-sw-antoniego-4-pokojowe-s5z9q5,https://s2.adresowa.pl/oi/49/79/3c56c4_a923_cover@2x-4-pokojowe-mieszkanie-wroclaw-stare-miasto-ul-sw-antoniego.webp
Wrocław Krzyki,ul. Cukrowa,3,77,863000,11208,Pośrednik,,18,https://adresowo.pl/o/mieszkanie-wroclaw-krzyki-ul-cukrowa-3-pokojowe-b4o2y2,https://s2.adresowa.pl/oi/35/10/3c4524_caf7_cover@2x-3-pokojowe-mieszkanie-wroclaw-krzyki-ul-cukrowa.webp
Wrocław Krzyki,ul. Zaporoska,3,47,570000,12128,bez pośredników,,8,https://adresowo.pl/o/mieszkanie-wroclaw-krzyki-ul-zaporoska-3-pokojowe-j9d9u7,https://s2.adresowa.pl/oi/31/2a/3d5b4a_a808_cover@2x-3-pokojowe-mieszkanie-wroclaw-krzyki-ul-zaporoska.webp
Wrocław Stare Miasto,ul. Legnicka,4,115,1999000,17383,bez pośredników,,8,https://adresowo.pl/o/mieszkanie-wroclaw-stare-miasto-ul-legnicka-4-pokojowe-y0y7y9,https://s2.adresowa.pl/oi/5c/5a/3d5a6a_ca48_cover@2x-4-pokojowe-mieszkanie-wroclaw-stare-miasto-ul-legnicka.webp
Wrocław Śródmieście,ul. Jedności Narodowej,1,34,640000,18824,bez pośredników,,14,https://adresowo.pl/o/mieszkanie-wroclaw-srodmiescie-ul-jednosci-narodowej-1-pokoj-f6x2x4,https://s2.adresowa.pl/oi/1f/54/3d5986_fc7f_cover@2x-1-pokojowe-mieszkanie-wroclaw-srodmiescie-ul-jednosci-narodowej.webp
Wrocław,ul. Kościańska,2,55,715000,13000,Pośrednik,,16,https://adresowo.pl/o/mieszkanie-wroclaw-ul-koscianska-2-pokojowe-l3s0n7,https://s2.adresowa.pl/oi/74/79/3c2996_5880_cover@2x-2-pokojowe-mieszkanie-wroclaw-ul-koscianska.webp
Wrocław,Huby,3,55,1172704,21322,Pośrednik,,18,https://adresowo.pl/o/mieszkanie-wroclaw-huby-3-pokojowe-55-m2-g5l9o5,https://s2.adresowa.pl/oi/17/5e/3c105a_4366_cover@2x-3-pokojowe-mieszkanie-wroclaw-huby.webp
Wrocław Stare Miasto,pl. Jana Pawła II,2,40,780000,19500,bez pośredników,,15,https://adresowo.pl/o/mieszkanie-wroclaw-stare-miasto-pl-jana-pawla-ii-2-pokojowe-f1j8q7,https://s2.adresowa.pl/oi/5a/4e/3d48cc_39f8_cover@2x-2-pokojowe-mieszkanie-wroclaw-stare-miasto-pl-jana-pawla-ii.webp
Wrocław,Żerniki,3,76,833000,10961,bez pośredników,,1,https://adresowo.pl/o/mieszkanie-wroclaw-zerniki-3-pokojowe-76-m2-s4l8o2,https://s2.adresowa.pl/oi/5b/18/3d4596_e6ce_cover@2x-3-pokojowe-mieszkanie-wroclaw-zerniki.webp
Wrocław Krzyki,ul. gen. Ignacego Prądzyńskiego,2,51,850000,16667,bez pośredników,,10,https://adresowo.pl/o/mieszkanie-wroclaw-krzyki-ul-gen-ignacego-pradzynskiego-2-pokojowe-l9l2x4,https://s2.adresowa.pl/oi/11/75/3d4004_52db_cover@2x-2-pokojowe-mieszkanie-wroclaw-krzyki-ul-gen-ignacego-pradzynskiego.webp
Wrocław Krzyki,ul. Komandorska,3,63,849000,13476,Pośrednik,,16,https://adresowo.pl/o/mieszkanie-wroclaw-krzyki-ul-komandorska-3-pokojowe-v4w5q5,https://s2.adresowa.pl/oi/19/70/3c0eda_d0ce_cover@2x-3-pokojowe-mieszkanie-wroclaw-krzyki-ul-komandorska.webp
Wrocław Stare Miasto,ul. Hugona Kołłątaja 23,2,57,849849,14910,Pośrednik,,15,https://adresowo.pl/o/mieszkanie-wroclaw-stare-miasto-ul-hugona-kollataja-2-pokojowe-l6v6h5,https://s2.adresowa.pl/oi/2a/7b/3bf01a_4e4b_cover@2x-2-pokojowe-mieszkanie-wroclaw-stare-miasto-ul-hugona-kollataja.webp
Wrocław Krzyki,ul. Powstańców Śląskich,3,61,800000,13115,bez pośredników,,8,https://adresowo.pl/o/mieszkanie-wroclaw-krzyki-ul-powstancow-slaskich-3-pokojowe-p7w6l3,https://s2.adresowa.pl/oi/2d/10/3d3c74_ab23_cover@2x-3-pokojowe-mieszkanie-wroclaw-krzyki-ul-powstancow-slaskich.webp
Wrocław,,3,56,999000,17839,bez pośredników,,20,https://adresowo.pl/o/mieszkanie-wroclaw-3-pokojowe-56-m2-n6n8j9,https://s2.adresowa.pl/oi/50/77/3d398e_b61a_cover@2x-3-pokojowe-mieszkanie-wroclaw.webp
Wrocław Krzyki,ul. Powstańców Śląskich,5,84,1350000,16071,bez pośredników,,20,https://adresowo.pl/o/mieszkanie-wroclaw-krzyki-ul-powstancow-slaskich-5-pokojowe-p3o5u5,https://s2.adresowa.pl/oi/7c/7f/3d34e8_c7e6_cover@2x-5-pokojowe-mieszkanie-wroclaw-krzyki-ul-powstancow-slaskich.webp
Wrocław Krzyki,ul. Braterska,2,37,619000,16730,Pośrednik,,11,https://adresowo.pl/o/mieszkanie-wroclaw-krzyki-ul-braterska-2-pokojowe-g9e6w7,https://s2.adresowa.pl/oi/4e/33/3bdd7a_98d0_cover@2x-2-pokojowe-mieszkanie-wroclaw-krzyki-ul-braterska.webp
Wrocław Śródmieście,ul. Księcia Witolda,3,101,1500000,14851,Pośrednik,,15,https://adresowo.pl/o/mieszkanie-wroclaw-srodmiescie-ul-ksiecia-witolda-3-pokojowe-r0g5l7,https://s2.adresowa.pl/oi/33/78/3bb258_cc82_cover@2x-3-pokojowe-mieszkanie-wroclaw-srodmiescie-ul-ksiecia-witolda.webp
Wrocław Psie Pole,ul. Antoniego Słonimskiego,1,24,480000,20000,bez pośredników,,20,https://adresowo.pl/o/mieszkanie-wroclaw-psie-pole-ul-antoniego-slonimskiego-1-pokoj-u7s9h1,https://s2.adresowa.pl/oi/1b/27/3d34d4_7612_cover@2x-1-pokojowe-mieszkanie-wroclaw-psie-pole-ul-antoniego-slonimskiego.webp
Wrocław Psie Pole,ul. Rychtalska,2,50,779000,15580,bez pośredników,,12,https://adresowo.pl/o/mieszkanie-wroclaw-psie-pole-ul-rychtalska-2-pokojowe-m5m0o4,https://s2.adresowa.pl/oi/78/68/3d0858_a4ad_cover@2x-2-pokojowe-mieszkanie-wroclaw-psie-pole-ul-rychtalska.webp
Wrocław Śródmieście,ul. Ładna,3,71,860000,12113,bez pośredników,,20,https://adresowo.pl/o/mieszkanie-wroclaw-srodmiescie-ul-ladna-3-pokojowe-c2r5d4,https://s2.adresowa.pl/oi/20/75/3d03c8_f068_cover@2x-3-pokojowe-mieszkanie-wroclaw-srodmiescie-ul-ladna.webp
Wrocław,Osobowice,3,55,559000,10164,Pośrednik,,12,https://adresowo.pl/o/mieszkanie-wroclaw-osobowice-3-pokojowe-55-m2-y9j1e1,https://s2.adresowa.pl/oi/2a/49/3b8e36_671a_cover@2x-3-pokojowe-mieszkanie-wroclaw-osobowice.webp
Wrocław,ul. gen. Antoniego Madalińskiego,2,51,885000,17353,Pośrednik,,7,https://adresowo.pl/o/mieszkanie-wroclaw-ul-gen-antoniego-madalinskiego-2-pokojowe-d7e6c4,https://s2.adresowa.pl/oi/39/45/3b835a_2bdd_cover@2x-2-pokojowe-mieszkanie-wroclaw-ul-gen-antoniego-madalinskiego.webp
Wrocław Krzyki,ul. Wilcza,1,26,349000,13423,bez pośredników,,10,https://adresowo.pl/o/mieszkanie-wroclaw-krzyki-ul-wilcza-1-pokoj-d0d8a6,https://s2.adresowa.pl/oi/5d/35/3d023c_2b51_cover@2x-1-pokojowe-mieszkanie-wroclaw-krzyki-ul-wilcza.webp
Wrocław Krzyki,ul. Stacha Świstackiego,3,46,589000,12804,bez pośredników,,16,https://adresowo.pl/o/mieszkanie-wroclaw-krzyki-ul-stacha-swistackiego-3-pokojowe-d7k1a9,https://s2.adresowa.pl/oi/77/2f/3cf870_4a5c_cover@2x-3-pokojowe-mieszkanie-wroclaw-krzyki-ul-stacha-swistackiego.webp
Wrocław Śródmieście,ul. gen. Ignacego Prądzyńskiego,3,70,645000,9214,bez pośredników,,19,https://adresowo.pl/o/mieszkanie-wroclaw-srodmiescie-ul-gen-ignacego-pradzynskiego-3-pokojowe-z5k1f1,https://s2.adresowa.pl/oi/33/24/3ce17a_fa3b_cover@2x-3-pokojowe-mieszkanie-wroclaw-srodmiescie-ul-gen-ignacego-pradzynskiego.webp
Wrocław Muchobór Wielki,ul. Żwirki i Wigury,3,73,887000,12151,Pośrednik,,18,https://adresowo.pl/o/mieszkanie-wroclaw-muchobor-wielki-ul-zwirki-i-wigury-3-pokojowe-u1i7t7,https://s2.adresowa.pl/oi/7b/67/3b7306_f7cc_cover@2x-3-pokojowe-mieszkanie-wroclaw-muchobor-wielki-ul-zwirki-i-wigury.webp
Wrocław Stare Miasto,ul. Oławska,1,25,530000,21200,Pośrednik,,3,https://adresowo.pl/o/mieszkanie-wroclaw-stare-miasto-ul-olawska-1-pokoj-n7x7i3,https://s2.adresowa.pl/oi/1c/70/3b72d4_b898_cover@2x-1-pokojowe-mieszkanie-wroclaw-stare-miasto-ul-olawska.webp
Wrocław Stare Miasto,pl. Jana Pawła II,2,59,950000,16102,bez pośredników,,13,https://adresowo.pl/o/mieszkanie-wroclaw-stare-miasto-pl-jana-pawla-ii-2-pokojowe-a4b1m0,https://s2.adresowa.pl/oi/31/6a/3cdc14_93b8_cover@2x-2-pokojowe-mieszkanie-wroclaw-stare-miasto-pl-jana-pawla-ii.webp
Wrocław Muchobór Mały,ul. Strzegomska,2,33,460000,13939,bez pośredników,,13,https://adresowo.pl/o/mieszkanie-wroclaw-muchobor-maly-ul-strzegomska-2-pokojowe-v9e9f4,https://s2.adresowa.pl/oi/65/26/3cdbac_2e72_cover@2x-2-pokojowe-mieszkanie-wroclaw-muchobor-maly-ul-strzegomska.webp
Wrocław Brochów,ul. Boiskowa,1,44,699000,15886,bez pośredników,,18,https://adresowo.pl/o/mieszkanie-wroclaw-brochow-ul-boiskowa-1-pokoj-s7e0k8,https://s2.adresowa.pl/oi/54/4a/3cd2ac_b1dd_cover@2x-1-pokojowe-mieszkanie-wroclaw-brochow-ul-boiskowa.webp
Wrocław,ul. Powstańców Śląskich,2,53,679000,12811,Pośrednik,,15,https://adresowo.pl/o/mieszkanie-wroclaw-ul-powstancow-slaskich-2-pokojowe-o0u9a3,https://s2.adresowa.pl/oi/24/20/3b6456_5501_cover@2x-2-pokojowe-mieszkanie-wroclaw-ul-powstancow-slaskich.webp
Wrocław Stare Miasto,ul. Żytnia,2,35,520000,14857,Pośrednik,,13,https://adresowo.pl/o/mieszkanie-wroclaw-stare-miasto-ul-zytnia-2-pokojowe-u2v0g0,https://s2.adresowa.pl/oi/74/1d/3b4cba_6317_cover@2x-2-pokojowe-mieszkanie-wroclaw-stare-miasto-ul-zytnia.webp
Wrocław Śródmieście,pl. Grunwaldzki,3,58,749000,12914,bez pośredników,,8,https://adresowo.pl/o/mieszkanie-wroclaw-srodmiescie-pl-grunwaldzki-3-pokojowe-r7t3n3,https://s2.adresowa.pl/oi/42/1e/3ccc1c_544e_cover@2x-3-pokojowe-mieszkanie-wroclaw-srodmiescie-pl-grunwaldzki.webp
Wrocław Swojczyce,ul. Vasco da Gamy,2,42,769900,18331,bez pośredników,,23,https://adresowo.pl/o/mieszkanie-wroclaw-swojczyce-ul-vasco-da-gamy-2-pokojowe-s8f0d3,https://s2.adresowa.pl/oi/39/20/3cc52a_88a3_cover@2x-2-pokojowe-mieszkanie-wroclaw-swojczyce-ul-vasco-da-gamy.webp
Wrocław Śródmieście,ul. Henryka Sienkiewicza,3,60,750100,12502,bez pośredników,,11,https://adresowo.pl/o/mieszkanie-wroclaw-srodmiescie-ul-henryka-sienkiewicza-3-pokojowe-g4n3r4,https://s2.adresowa.pl/oi/4b/2d/3ca344_5dea_cover@2x-3-pokojowe-mieszkanie-wroclaw-srodmiescie-ul-henryka-sienkiewicza.webp
Wrocław Krzyki,ul. Żytnia,2,57,599000,10509,Pośrednik,,10,https://adresowo.pl/o/mieszkanie-wroclaw-krzyki-ul-zytnia-2-pokojowe-n3k8b8,https://s2.adresowa.pl/oi/18/36/3b4a48_8bd6_cover@2x-2-pokojowe-mieszkanie-wroclaw-krzyki-ul-zytnia.webp
Wrocław Krzyki,ul. Wandy,2,41,589000,14366,Pośrednik,,11,https://adresowo.pl/o/mieszkanie-wroclaw-krzyki-ul-wandy-2-pokojowe-x8m5y0,https://s2.adresowa.pl/oi/32/63/3b10ec_9504_cover@2x-2-pokojowe-mieszkanie-wroclaw-krzyki-ul-wandy.webp
Wrocław Fabryczna,ul. Żwirki i Wigury,2,54,675000,12500,bez pośredników,,15,https://adresowo.pl/o/mieszkanie-wroclaw-fabryczna-ul-zwirki-i-wigury-2-pokojowe-b3e7l1,https://s2.adresowa.pl/oi/43/72/3c977c_bb03_cover@2x-2-pokojowe-mieszkanie-wroclaw-fabryczna-ul-zwirki-i-wigury.webp
Wrocław Śródmieście,ul. Henryka Sienkiewicza,3,66,1249000,18924,bez pośredników,,20,https://adresowo.pl/o/mieszkanie-wroclaw-srodmiescie-ul-henryka-sienkiewicza-3-pokojowe-p8w8q4,https://s2.adresowa.pl/oi/1f/32/3c72ec_b14c_cover@2x-3-pokojowe-mieszkanie-wroclaw-srodmiescie-ul-henryka-sienkiewicza.webp
Wrocław Śródmieście,ul. gen. Józefa Bema,4,90,1100000,12222,bez pośredników,,8,https://adresowo.pl/o/mieszkanie-wroclaw-srodmiescie-ul-gen-jozefa-bema-4-pokojowe-g0e4j8,https://s2.adresowa.pl/oi/19/66/3c5f82_f326_cover@2x-4-pokojowe-mieszkanie-wroclaw-srodmiescie-ul-gen-jozefa-bema.webp
Wrocław Różanka,ul. Młynarska,2,36,659000,18306,Pośrednik,,15,https://adresowo.pl/o/mieszkanie-wroclaw-rozanka-ul-mlynarska-2-pokojowe-t5h7j3,https://s2.adresowa.pl/oi/29/16/3b0c80_6f74_cover@2x-2-pokojowe-mieszkanie-wroclaw-rozanka-ul-mlynarska.webp
Wrocław,ul. św. Mikołaja,2,62,777000,12532,Pośrednik,,13,https://adresowo.pl/o/mieszkanie-wroclaw-ul-sw-mikolaja-2-pokojowe-e4z4x5,https://s2.adresowa.pl/oi/5d/7d/3b0b96_5cab_cover@2x-2-pokojowe-mieszkanie-wroclaw-ul-sw-mikolaja.webp
Wrocław Krzyki,ul. gen. Ignacego Prądzyńskiego,3,65,990000,15231,bez pośredników,,13,https://adresowo.pl/o/mieszkanie-wroclaw-krzyki-ul-gen-ignacego-pradzynskiego-3-pokojowe-v6i9e1,https://s2.adresowa.pl/oi/21/58/3c5bca_34d6_cover@2x-3-pokojowe-mieszkanie-wroclaw-krzyki-ul-gen-ignacego-pradzynskiego.webp
Wrocław Krzyki,ul. Braterska,2,40,530000,13250,bez pośredników,,8,https://adresowo.pl/o/mieszkanie-wroclaw-krzyki-ul-braterska-2-pokojowe-t1p3n7,https://s2.adresowa.pl/oi/51/33/3c5a0e_e501_cover@2x-2-pokojowe-mieszkanie-wroclaw-krzyki-ul-braterska.webp
Wrocław Stare Miasto,ul. Staromłyńska,2,47,1180000,25106,bez pośredników,,15,https://adresowo.pl/o/mieszkanie-wroclaw-stare-miasto-ul-staromlynska-2-pokojowe-n6v9i3,https://s2.adresowa.pl/oi/55/57/3c5136_9cbd_cover@2x-2-pokojowe-mieszkanie-wroclaw-stare-miasto-ul-staromlynska.webp
Wrocław,Stare Miasto,3,80,1442520,18032,Pośrednik,,13,https://adresowo.pl/o/mieszkanie-wroclaw-stare-miasto-3-pokojowe-80-m2-y6m5v1,https://s2.adresowa.pl/oi/28/35/3b0b86_b709_cover@2x-3-pokojowe-mieszkanie-wroclaw-stare-miasto.webp
Wrocław Stare Miasto,ul. Pszenna,3,64,659000,10297,Pośrednik,,22,https://adresowo.pl/o/mieszkanie-wroclaw-stare-miasto-ul-pszenna-3-pokojowe-p4q0z4,https://s2.adresowa.pl/oi/26/7e/3af7a8_a674_cover@2x-3-pokojowe-mieszkanie-wroclaw-stare-miasto-ul-pszenna.webp
Wrocław Krzyki,ul. Aleksandra Hercena,3,73,895000,12260,bez pośredników,,20,https://adresowo.pl/o/mieszkanie-wroclaw-krzyki-ul-aleksandra-hercena-3-pokojowe-m2t1w3,https://s2.adresowa.pl/oi/52/3d/3c19e8_6be0_cover@2x-3-pokojowe-mieszkanie-wroclaw-krzyki-ul-aleksandra-hercena.webp
Wrocław Śródmieście,ul. Pomorska,2,41,530000,12927,bez pośredników,,8,https://adresowo.pl/o/mieszkanie-wroclaw-srodmiescie-ul-pomorska-2-pokojowe-l5j3b6,https://s2.adresowa.pl/oi/1a/1c/3c13ec_6c77_cover@2x-2-pokojowe-mieszkanie-wroclaw-srodmiescie-ul-pomorska.webp
Wrocław Biskupin,ul. Marcellego Bacciarellego,3,60,750000,12500,bez pośredników,,8,https://adresowo.pl/o/mieszkanie-wroclaw-biskupin-ul-marcellego-bacciarellego-3-pokojowe-x7v0t1,https://s2.adresowa.pl/oi/25/66/3c1332_c131_cover@2x-3-pokojowe-mieszkanie-wroclaw-biskupin-ul-marcellego-bacciarellego.webp
Wrocław Fabryczna,ul. Dziadoszańska,4,85,1050000,12353,Pośrednik,,15,https://adresowo.pl/o/mieszkanie-wroclaw-fabryczna-ul-dziadoszanska-4-pokojowe-y6j1o0,https://s2.adresowa.pl/oi/7b/7f/3ac988_ff65_cover@2x-4-pokojowe-mieszkanie-wroclaw-fabryczna-ul-dziadoszanska.webp
Wrocław,ul. Tadeusza Kościuszki,3,57,899000,15772,Pośrednik,,17,https://adresowo.pl/o/mieszkanie-wroclaw-ul-tadeusza-kosciuszki-3-pokojowe-y1o2j9,https://s2.adresowa.pl/oi/66/3d/3aaf6e_f3d9_cover@2x-3-pokojowe-mieszkanie-wroclaw-ul-tadeusza-kosciuszki.webp
Wrocław Psie Pole,ul. Rafała Wojaczka,3,63,900000,14286,bez pośredników,,8,https://adresowo.pl/o/mieszkanie-wroclaw-psie-pole-ul-rafala-wojaczka-3-pokojowe-l7b5o8,https://s2.adresowa.pl/oi/40/4f/3bfa8a_3ace_cover@2x-3-pokojowe-mieszkanie-wroclaw-psie-pole-ul-rafala-wojaczka.webp
Wrocław Maślice,ul. Królewiecka,4,80,1080270,13503,bez pośredników,,15,https://adresowo.pl/o/mieszkanie-wroclaw-maslice-ul-krolewiecka-4-pokojowe-e2j4z8,https://s2.adresowa.pl/oi/14/2f/3bf11c_c23b_cover@2x-4-pokojowe-mieszkanie-wroclaw-maslice-ul-krolewiecka.webp
Wrocław Śródmieście,ul. Marca Polo,2,47,907000,19298,bez pośredników,,8,https://adresowo.pl/o/mieszkanie-wroclaw-srodmiescie-ul-marca-polo-2-pokojowe-v0x1k4,https://s2.adresowa.pl/oi/23/37/3be8e2_6d66_cover@2x-2-pokojowe-mieszkanie-wroclaw-srodmiescie-ul-marca-polo.webp
Wrocław Krzyki,ul. Nyska,3,56,670000,11964,Pośrednik,,13,https://adresowo.pl/o/mieszkanie-wroclaw-krzyki-ul-nyska-3-pokojowe-h9f1y1,https://s2.adresowa.pl/oi/48/3f/3a352c_8371_cover@2x-3-pokojowe-mieszkanie-wroclaw-krzyki-ul-nyska.webp
Wrocław Stare Miasto,ul. Pawła Włodkowica,2,57,777000,13632,Pośrednik,,13,https://adresowo.pl/o/mieszkanie-wroclaw-stare-miasto-ul-pawla-wlodkowica-2-pokojowe-w2i7m3,https://s2.adresowa.pl/oi/47/55/3a218c_a8dc_cover@2x-2-pokojowe-mieszkanie-wroclaw-stare-miasto-ul-pawla-wlodkowica.webp
Wrocław Śródmieście,ul. Księcia Witolda,1,25,695000,27800,bez pośredników,,13,https://adresowo.pl/o/mieszkanie-wroclaw-srodmiescie-ul-ksiecia-witolda-1-pokoj-h3t0o1,https://s2.adresowa.pl/oi/5e/10/3be5b4_7fee_cover@2x-1-pokojowe-mieszkanie-wroclaw-srodmiescie-ul-ksiecia-witolda.webp
Wrocław Swojczyce,ul. Chałupnicza,3,79,1499000,18975,bez pośredników,,12,https://adresowo.pl/o/mieszkanie-wroclaw-swojczyce-ul-chalupnicza-3-pokojowe-s5f5j3,https://s2.adresowa.pl/oi/17/3c/3bda1c_c5ae_cover@2x-3-pokojowe-mieszkanie-wroclaw-swojczyce-ul-chalupnicza.webp
Wrocław Sępolno,ul. Marcina Kasprzaka,2,60,670000,11167,bez pośredników,,22,https://adresowo.pl/o/mieszkanie-wroclaw-sepolno-ul-marcina-kasprzaka-2-pokojowe-z0e4t6,https://s2.adresowa.pl/oi/29/4c/3b41f4_99f5_cover@2x-2-pokojowe-mieszkanie-wroclaw-sepolno-ul-marcina-kasprzaka.webp
Wrocław Krzyki,al. gen. Józefa Hallera,2,37,695000,18784,Pośrednik,,6,https://adresowo.pl/o/mieszkanie-wroclaw-krzyki-al-gen-jozefa-hallera-2-pokojowe-k5m4d7,https://s2.adresowa.pl/oi/41/3a/3a04a2_3bfd_cover@2x-2-pokojowe-mieszkanie-wroclaw-krzyki-al-gen-jozefa-hallera.webp
Wrocław Stare Miasto,ul. Długa,3,70,1270000,18143,Pośrednik,,11,https://adresowo.pl/o/mieszkanie-wroclaw-stare-miasto-ul-dluga-3-pokojowe-g8g1t2,https://s2.adresowa.pl/oi/72/22/3a0486_75f5_cover@2x-3-pokojowe-mieszkanie-wroclaw-stare-miasto-ul-dluga.webp
Wrocław Stare Miasto,ul. Oławska,1,28,520000,18571,bez pośredników,,1,https://adresowo.pl/o/mieszkanie-wroclaw-stare-miasto-ul-olawska-1-pokoj-v1q8t7,https://s2.adresowa.pl/oi/5e/33/3bbc2e_c1a9_cover@2x-1-pokojowe-mieszkanie-wroclaw-stare-miasto-ul-olawska.webp
Wrocław Zakrzów,ul. Zatorska,2,59,705000,11949,bez pośredników,,8,https://adresowo.pl/o/mieszkanie-wroclaw-zakrzow-ul-zatorska-2-pokojowe-l7b8e1,https://s2.adresowa.pl/oi/21/32/3bbcd2_b3b9_cover@2x-2-pokojowe-mieszkanie-wroclaw-zakrzow-ul-zatorska.webp
Wrocław Śródmieście,ul. Jedności Narodowej,5,80,990000,12375,bez pośredników,,9,https://adresowo.pl/o/mieszkanie-wroclaw-srodmiescie-ul-jednosci-narodowej-5-pokojowe-u2s0e8,https://s2.adresowa.pl/oi/75/5a/3b1c88_ccff_cover@2x-5-pokojowe-mieszkanie-wroclaw-srodmiescie-ul-jednosci-narodowej.webp
Wrocław,Ołbin,3,69,990000,14348,Pośrednik,,6,https://adresowo.pl/o/mieszkanie-wroclaw-olbin-3-pokojowe-69-m2-e7m2b9,https://s2.adresowa.pl/oi/7e/4c/39ffd8_4fc8_cover@2x-3-pokojowe-mieszkanie-wroclaw-olbin.webp
Wrocław Szczepin,ul. Stefana Czarnieckiego,3,57,635000,11140,Pośrednik,,13,https://adresowo.pl/o/mieszkanie-wroclaw-szczepin-ul-stefana-czarnieckiego-3-pokojowe-f3t4d4,https://s2.adresowa.pl/oi/7c/48/3931be_d1b7_cover@2x-3-pokojowe-mieszkanie-wroclaw-szczepin-ul-stefana-czarnieckiego.webp
Wrocław Śródmieście,ul. Pomorska,4,113,1149000,10168,bez pośredników,,7,https://adresowo.pl/o/mieszkanie-wroclaw-srodmiescie-ul-pomorska-4-pokojowe-g4p6a2,https://s2.adresowa.pl/oi/75/30/3b8274_4efb_cover@2x-4-pokojowe-mieszkanie-wroclaw-srodmiescie-ul-pomorska.webp
Wrocław,Śródmieście,2,52,630000,12115,bez pośredników,,4,https://adresowo.pl/o/mieszkanie-wroclaw-srodmiescie-2-pokojowe-52-m2-c6z7k0,https://s2.adresowa.pl/oi/28/19/3b7bde_660c_cover@2x-2-pokojowe-mieszkanie-wroclaw-srodmiescie.webp
Wrocław Stare Miasto,ul. Poznańska,2,48,575000,11979,bez pośredników,,7,https://adresowo.pl/o/mieszkanie-wroclaw-stare-miasto-ul-poznanska-2-pokojowe-l1s5h8,https://s2.adresowa.pl/oi/4a/69/3b5afc_5e26_cover@2x-2-pokojowe-mieszkanie-wroclaw-stare-miasto-ul-poznanska.webp
Wrocław Psie Pole,ul. Jugosłowiańska,3,54,610000,11296,Pośrednik,,14,https://adresowo.pl/o/mieszkanie-wroclaw-psie-pole-ul-jugoslowianska-3-pokojowe-r6y2y1,https://s2.adresowa.pl/oi/6c/1b/3891de_88e0_cover@2x-3-pokojowe-mieszkanie-wroclaw-psie-pole-ul-jugoslowianska.webp
Wrocław,,2,52,699000,13442,Pośrednik,,13,https://adresowo.pl/o/mieszkanie-wroclaw-2-pokojowe-52-m2-g5e2k0,https://s2.adresowa.pl/oi/12/27/3890ba_b7ec_cover@2x-2-pokojowe-mieszkanie-wroclaw.webp
Wrocław Popowice,ul. Legnicka,1,39,650000,16667,bez pośredników,,12,https://adresowo.pl/o/mieszkanie-wroclaw-popowice-ul-legnicka-1-pokoj-e9b7n3,https://s2.adresowa.pl/oi/36/7e/3b54fc_a79f_cover@2x-1-pokojowe-mieszkanie-wroclaw-popowice-ul-legnicka.webp
Wrocław,Leśnica,3,67,599000,8940,bez pośredników,,3,https://adresowo.pl/o/mieszkanie-wroclaw-lesnica-3-pokojowe-67-m2-k3j0e5,https://s2.adresowa.pl/oi/5b/3b/3b3d52_f959_cover@2x-3-pokojowe-mieszkanie-wroclaw-lesnica.webp
Wrocław Wojszyce,ul. Granitowa,4,92,1430000,15543,bez pośredników,,18,https://adresowo.pl/o/mieszkanie-wroclaw-wojszyce-ul-granitowa-4-pokojowe-k3p4u6,https://s2.adresowa.pl/oi/42/44/3b3c5c_6553_cover@2x-4-pokojowe-mieszkanie-wroclaw-wojszyce-ul-granitowa.webp
Wrocław Krzyki,ul. gen. Stefana Grota-Roweckiego,3,61,880000,14426,Pośrednik,,16,https://adresowo.pl/o/mieszkanie-wroclaw-krzyki-ul-gen-stefana-grota-roweckiego-3-pokojowe-b6h1q7,https://s2.adresowa.pl/oi/30/33/385b26_9eb9_cover@2x-3-pokojowe-mieszkanie-wroclaw-krzyki-ul-gen-stefana-grota-roweckiego.webp
Wrocław Krzyki,ul. Rybnicka,5,118,2700000,22881,Pośrednik,,23,https://adresowo.pl/o/mieszkanie-wroclaw-krzyki-ul-rybnicka-5-pokojowe-e2q3v7,https://s2.adresowa.pl/oi/2c/69/3842be_c7aa_cover@2x-5-pokojowe-mieszkanie-wroclaw-krzyki-ul-rybnicka.webp
Wrocław Kozanów,ul. Dzielna,3,47,699000,14872,bez pośredników,,8,https://adresowo.pl/o/mieszkanie-wroclaw-kozanow-ul-dzielna-3-pokojowe-f4z3i2,https://s2.adresowa.pl/oi/51/45/3b38e6_fd3a_cover@2x-3-pokojowe-mieszkanie-wroclaw-kozanow-ul-dzielna.webp
Wrocław Krzyki,ul. gen. Józefa Haukego-Bosaka,1,37,609000,16459,bez pośredników,,14,https://adresowo.pl/o/mieszkanie-wroclaw-krzyki-ul-gen-jozefa-haukego-bosaka-1-pokoj-i7a8c5,https://s2.adresowa.pl/oi/7f/23/3b36ac_4c92_cover@2x-1-pokojowe-mieszkanie-wroclaw-krzyki-ul-gen-jozefa-haukego-bosaka.webp
Wrocław Psie Pole,ul. Kaparowa,4,66,780000,11818,bez pośredników,,8,https://adresowo.pl/o/mieszkanie-wroclaw-psie-pole-ul-kaparowa-4-pokojowe-g4v1o6,https://s2.adresowa.pl/oi/5c/3c/3b1626_917a_cover@2x-4-pokojowe-mieszkanie-wroclaw-psie-pole-ul-kaparowa.webp
Wrocław Śródmieście,ul. gen. Władysława Sikorskiego,4,73,1990000,27260,Pośrednik,,14,https://adresowo.pl/o/mieszkanie-wroclaw-srodmiescie-ul-gen-wladyslawa-sikorskiego-4-pokojowe-c5h6b2,https://s2.adresowa.pl/oi/2b/77/38428a_ab75_cover@2x-4-pokojowe-mieszkanie-wroclaw-srodmiescie-ul-gen-wladyslawa-sikorskiego.webp
Wrocław Śródmieście,pl. św. Macieja,2,62,765000,12339,Pośrednik,,15,https://adresowo.pl/o/mieszkanie-wroclaw-srodmiescie-pl-sw-macieja-2-pokojowe-j3y5x7,https://s2.adresowa.pl/oi/63/6f/37d61c_be32_cover@2x-2-pokojowe-mieszkanie-wroclaw-srodmiescie-pl-sw-macieja.webp
Wrocław Sołtysowice,ul. Rafała Wojaczka,2,36,579000,16083,bez pośredników,,12,https://adresowo.pl/o/mieszkanie-wroclaw-soltysowice-ul-rafala-wojaczka-2-pokojowe-w8g3s5,https://s2.adresowa.pl/oi/24/46/3b0638_93b9_cover@2x-2-pokojowe-mieszkanie-wroclaw-soltysowice-ul-rafala-wojaczka.webp
Wrocław Krzyki,al. Dębowa,3,56,769000,13732,bez pośredników,,10,https://adresowo.pl/o/mieszkanie-wroclaw-krzyki-al-debowa-3-pokojowe-k9v7e9,https://s2.adresowa.pl/oi/3f/68/3afb54_cf18_cover@2x-3-pokojowe-mieszkanie-wroclaw-krzyki-al-debowa.webp
Wrocław Śródmieście,ul. Henryka Pobożnego,2,46,865000,18804,bez pośredników,,5,https://adresowo.pl/o/mieszkanie-wroclaw-srodmiescie-ul-henryka-poboznego-2-pokojowe-q9i9k0,https://s2.adresowa.pl/oi/36/51/3ae976_5e9e_cover@2x-2-pokojowe-mieszkanie-wroclaw-srodmiescie-ul-henryka-poboznego.webp
Wrocław,,2,46,450000,9783,Pośrednik,,9,https://adresowo.pl/o/mieszkanie-wroclaw-2-pokojowe-46-m2-u4y8a4,https://s2.adresowa.pl/oi/13/71/3791fc_fc40_cover@2x-2-pokojowe-mieszkanie-wroclaw.webp
Wrocław Śródmieście,ul. św. Wincentego,2,66,498000,7545,Pośrednik,,20,https://adresowo.pl/o/mieszkanie-wroclaw-srodmiescie-ul-sw-wincentego-2-pokojowe-w3a8w8,https://s2.adresowa.pl/oi/48/38/377b18_5cbe_cover@2x-2-pokojowe-mieszkanie-wroclaw-srodmiescie-ul-sw-wincentego.webp
Wrocław Ołtaszyn,ul. Motylkowa,5,98,1080000,11020,bez pośredników,,12,https://adresowo.pl/o/mieszkanie-wroclaw-oltaszyn-ul-motylkowa-5-pokojowe-s8n4j3,https://s2.adresowa.pl/oi/60/47/3ad336_81e3_cover@2x-5-pokojowe-mieszkanie-wroclaw-oltaszyn-ul-motylkowa.webp
Wrocław Śródmieście,ul. Balonowa,3,77,985000,12792,bez pośredników,,5,https://adresowo.pl/o/mieszkanie-wroclaw-srodmiescie-ul-balonowa-3-pokojowe-h2n1z1,https://s2.adresowa.pl/oi/46/47/3aadba_a4fe_cover@2x-3-pokojowe-mieszkanie-wroclaw-srodmiescie-ul-balonowa.webp
Wrocław Stare Miasto,ul. Odrzańska,1,30,620000,20667,bez pośredników,,8,https://adresowo.pl/o/mieszkanie-wroclaw-stare-miasto-ul-odrzanska-1-pokoj-f6g0a4,https://s2.adresowa.pl/oi/5b/2b/3a9fa8_3aab_cover@2x-1-pokojowe-mieszkanie-wroclaw-stare-miasto-ul-odrzanska.webp
Wrocław,Szczepin,3,63,598000,9492,Pośrednik,,17,https://adresowo.pl/o/mieszkanie-wroclaw-szczepin-3-pokojowe-63-m2-l6g4c2,https://s2.adresowa.pl/oi/52/36/37551c_7c66_cover@2x-3-pokojowe-mieszkanie-wroclaw-szczepin.webp
Wrocław Stare Miasto,ul. Tadeusza Zielińskiego,2,39,525000,13462,Pośrednik,,10,https://adresowo.pl/o/mieszkanie-wroclaw-stare-miasto-ul-tadeusza-zielinskiego-2-pokojowe-l1n8r4,https://s2.adresowa.pl/oi/5b/34/36af04_b452_cover@2x-2-pokojowe-mieszkanie-wroclaw-stare-miasto-ul-tadeusza-zielinskiego.webp
Wrocław Fabryczna,ul. Strzegomska,3,64,629000,9828,bez pośredników,,7,https://adresowo.pl/o/mieszkanie-wroclaw-fabryczna-ul-strzegomska-3-pokojowe-y4v5v5,https://s2.adresowa.pl/oi/66/64/3a7e2a_3678_cover@2x-3-pokojowe-mieszkanie-wroclaw-fabryczna-ul-strzegomska.webp
Wrocław Krzyki,ul. Wapienna,3,90,846000,9400,bez pośredników,,20,https://adresowo.pl/o/mieszkanie-wroclaw-krzyki-ul-wapienna-3-pokojowe-y6d4c8,https://s2.adresowa.pl/oi/4a/25/3a7c5c_9650_cover@2x-3-pokojowe-mieszkanie-wroclaw-krzyki-ul-wapienna.webp
Wrocław,Krzyki,2,80,1249000,15612,bez pośredników,,8,https://adresowo.pl/o/mieszkanie-wroclaw-krzyki-2-pokojowe-80-m2-s7j9c5,https://s2.adresowa.pl/oi/62/22/3a4b5e_5bbb_cover@2x-2-pokojowe-mieszkanie-wroclaw-krzyki.webp
Wrocław Jagodno,ul. Stanisława Drabika,3,65,780000,12000,Pośrednik,,15,https://adresowo.pl/o/mieszkanie-wroclaw-jagodno-ul-stanislawa-drabika-3-pokojowe-b3r8v0,https://s2.adresowa.pl/oi/12/79/35efb2_3122_cover@2x-3-pokojowe-mieszkanie-wroclaw-jagodno-ul-stanislawa-drabika.webp
Wrocław Krzyki,ul. Kryształowa,3,68,1199000,17632,Pośrednik,,15,https://adresowo.pl/o/mieszkanie-wroclaw-krzyki-ul-krysztalowa-3-pokojowe-z8i6g5,https://s2.adresowa.pl/oi/33/1a/345af0_293a_cover@2x-3-pokojowe-mieszkanie-wroclaw-krzyki-ul-krysztalowa.webp
Wrocław Psie Pole,ul. Bierutowska,2,32,261996,8187,bez pośredników,,11,https://adresowo.pl/o/mieszkanie-wroclaw-psie-pole-ul-bierutowska-2-pokojowe-n3t7k4,https://s2.adresowa.pl/oi/27/28/3a0252_b703_cover@2x-2-pokojowe-mieszkanie-wroclaw-psie-pole-ul-bierutowska.webp
Wrocław Psie Pole,ul. Bierutowska,1,18,255000,14167,bez pośredników,,4,https://adresowo.pl/o/mieszkanie-wroclaw-psie-pole-ul-bierutowska-1-pokoj-u3q1b2,https://s2.adresowa.pl/oi/2f/41/39f364_53a2_cover@2x-1-pokojowe-mieszkanie-wroclaw-psie-pole-ul-bierutowska.webp
Wrocław Ołtaszyn,ul. Obrońców Poczty Gdańskiej,3,79,960000,12152,bez pośredników,,9,https://adresowo.pl/o/mieszkanie-wroclaw-oltaszyn-ul-obroncow-poczty-gdanskiej-3-pokojowe-t1n2n9,https://s2.adresowa.pl/oi/6a/62/39e026_f7a0_cover@2x-3-pokojowe-mieszkanie-wroclaw-oltaszyn-ul-obroncow-poczty-gdanskiej.webp
Wrocław Śródmieście,ul. Trzebnicka,4,101,1149000,11376,Pośrednik,,11,https://adresowo.pl/o/mieszkanie-wroclaw-srodmiescie-ul-trzebnicka-4-pokojowe-l6w5l8,https://s2.adresowa.pl/oi/51/3f/33540c_e848_cover@2x-4-pokojowe-mieszkanie-wroclaw-srodmiescie-ul-trzebnicka.webp
Wrocław,Kozanów,3,66,749000,11348,Pośrednik,,10,https://adresowo.pl/o/mieszkanie-wroclaw-kozanow-3-pokojowe-66-m2-y6k2g6,https://s2.adresowa.pl/oi/65/4e/334076_7067_cover@2x-3-pokojowe-mieszkanie-wroclaw-kozanow.webp
Wrocław Stabłowice,ul. Łomnicka,3,56,731000,13054,bez pośredników,,15,https://adresowo.pl/o/mieszkanie-wroclaw-stablowice-ul-lomnicka-3-pokojowe-v1d6j4,https://s2.adresowa.pl/oi/29/20/39d4fe_288e_cover@2x-3-pokojowe-mieszkanie-wroclaw-stablowice-ul-lomnicka.webp
Wrocław Stare Miasto,pl. Jana Pawła II 13,2,64,1280000,20000,bez pośredników,,16,https://adresowo.pl/o/mieszkanie-wroclaw-stare-miasto-pl-jana-pawla-ii-2-pokojowe-g9h9x4,https://s2.adresowa.pl/oi/65/14/39c9d6_dc16_cover@2x-2-pokojowe-mieszkanie-wroclaw-stare-miasto-pl-jana-pawla-ii.webp
Wrocław Tarnogaj,ul. Nyska,3,89,740000,8315,bez pośredników,,6,https://adresowo.pl/o/mieszkanie-wroclaw-tarnogaj-ul-nyska-3-pokojowe-c6e5t9,https://s2.adresowa.pl/oi/7a/1a/39c12a_d0e0_cover@2x-3-pokojowe-mieszkanie-wroclaw-tarnogaj-ul-nyska.webp
Wrocław Stare Miasto,ul. Kolejowa,2,61,742920,12179,Pośrednik,,11,https://adresowo.pl/o/mieszkanie-wroclaw-stare-miasto-ul-kolejowa-2-pokojowe-w4c4j3,https://s2.adresowa.pl/oi/17/14/32e48a_cdf1_cover@2x-2-pokojowe-mieszkanie-wroclaw-stare-miasto-ul-kolejowa.webp
Wrocław Fabryczna,ul. Balonowa,2,47,565000,12021,Pośrednik,,16,https://adresowo.pl/o/mieszkanie-wroclaw-fabryczna-ul-balonowa-2-pokojowe-k4f4z3,https://s2.adresowa.pl/oi/11/6e/30b522_e819_cover@2x-2-pokojowe-mieszkanie-wroclaw-fabryczna-ul-balonowa.webp
Wrocław Krzyki,ul. Krynicka,4,70,720000,10286,bez pośredników,,10,https://adresowo.pl/o/mieszkanie-wroclaw-krzyki-ul-krynicka-4-pokojowe-e8u2r3,https://s2.adresowa.pl/oi/77/5d/39a17e_2842_cover@2x-4-pokojowe-mieszkanie-wroclaw-krzyki-ul-krynicka.webp
Wrocław,al. gen. Józefa Hallera,3,76,840000,11053,bez pośredników,,15,https://adresowo.pl/o/mieszkanie-wroclaw-al-gen-jozefa-hallera-3-pokojowe-v8w5f8,https://s2.adresowa.pl/oi/2d/53/399620_cfed_cover@2x-3-pokojowe-mieszkanie-wroclaw-al-gen-jozefa-hallera.webp
Wrocław Stabłowice,ul. Wełniana,4,65,1199000,18446,bez pośredników,,12,https://adresowo.pl/o/mieszkanie-wroclaw-stablowice-ul-welniana-4-pokojowe-g2n8r8,https://s2.adresowa.pl/oi/10/58/398f6a_a2b9_cover@2x-4-pokojowe-mieszkanie-wroclaw-stablowice-ul-welniana.webp
Wrocław Stare Miasto,rynek Ratusz,2,43,850000,19767,Pośrednik,,15,https://adresowo.pl/o/mieszkanie-wroclaw-stare-miasto-rynek-ratusz-2-pokojowe-b4s7c4,https://s2.adresowa.pl/oi/43/3e/2fee86_814b_cover@2x-2-pokojowe-mieszkanie-wroclaw-stare-miasto-rynek-ratusz.webp
Wrocław Krzyki,pl. Powstańców Śląskich,3,51,669000,13118,Pośrednik,,15,https://adresowo.pl/o/mieszkanie-wroclaw-krzyki-pl-powstancow-slaskich-3-pokojowe-j4x4w6,https://s2.adresowa.pl/oi/33/70/2cfcde_6088_cover@2x-3-pokojowe-mieszkanie-wroclaw-krzyki-pl-powstancow-slaskich.webp
Wrocław Zgorzelisko,ul. Poleska,2,52,649999,12500,bez pośredników,,8,https://adresowo.pl/o/mieszkanie-wroclaw-zgorzelisko-ul-poleska-2-pokojowe-z4v0o9,https://s2.adresowa.pl/oi/76/3c/398e98_d3e2_cover@2x-2-pokojowe-mieszkanie-wroclaw-zgorzelisko-ul-poleska.webp
Wrocław Kuźniki,ul. Hermanowska,2,43,510000,11860,bez pośredników,,19,https://adresowo.pl/o/mieszkanie-wroclaw-kuzniki-ul-hermanowska-2-pokojowe-p4i2t0,https://s2.adresowa.pl/oi/66/5e/396310_5316_cover@2x-2-pokojowe-mieszkanie-wroclaw-kuzniki-ul-hermanowska.webp
Wrocław Fabryczna,ul. Bystrzycka,5,82,870000,10610,bez pośredników,,12,https://adresowo.pl/o/mieszkanie-wroclaw-fabryczna-ul-bystrzycka-5-pokojowe-f0r0p7,https://s2.adresowa.pl/oi/2a/74/3950e8_4a12_cover@2x-5-pokojowe-mieszkanie-wroclaw-fabryczna-ul-bystrzycka.webp
Wrocław Fabryczna,ul. Władysława Zarembowicza,1,32,440000,13750,bez pośredników,,17,https://adresowo.pl/o/mieszkanie-wroclaw-fabryczna-ul-wladyslawa-zarembowicza-1-pokoj-f4o4w6,https://s2.adresowa.pl/oi/77/16/394d1a_5596_cover@2x-1-pokojowe-mieszkanie-wroclaw-fabryczna-ul-wladyslawa-zarembowicza.webp
Wrocław Fabryczna,ul. Icchaka Lejba Pereca,2,51,559000,10961,bez pośredników,,14,https://adresowo.pl/o/mieszkanie-wroclaw-fabryczna-ul-icchaka-lejba-pereca-2-pokojowe-o9z2q8,https://s2.adresowa.pl/oi/6d/41/38c270_673b_cover@2x-2-pokojowe-mieszkanie-wroclaw-fabryczna-ul-icchaka-lejba-pereca.webp
Wrocław Szczepin,ul. Ścinawska 4,3,50,674000,13480,bez pośredników,,32,https://adresowo.pl/o/mieszkanie-wroclaw-szczepin-ul-scinawska-3-pokojowe-p9h8s2,https://s2.adresowa.pl/oi/55/20/40e6aa_c9c9_cover@2x-3-pokojowe-mieszkanie-wroclaw-szczepin-ul-scinawska.webp
Wrocław Nowy Dwór,ul. Budziszyńska,3,64,674000,10531,bez pośredników,,1,https://adresowo.pl/o/mieszkanie-wroclaw-nowy-dwor-ul-budziszynska-3-pokojowe-n0u8i7,https://s2.adresowa.pl/oi/76/17/38bc12_4e32_cover@2x-3-pokojowe-mieszkanie-wroclaw-nowy-dwor-ul-budziszynska.webp
Wrocław Stare Miasto,ul. Grabiszyńska,1,25,439000,17560,bez pośredników,,20,https://adresowo.pl/o/mieszkanie-wroclaw-stare-miasto-ul-grabiszynska-1-pokoj-q5e5y3,https://s2.adresowa.pl/oi/6d/3f/389dea_71c4_cover@2x-1-pokojowe-mieszkanie-wroclaw-stare-miasto-ul-grabiszynska.webp
Wrocław Psie Pole,ul. Mulicka,1,35,469000,13400,bez pośredników,,8,https://adresowo.pl/o/mieszkanie-wroclaw-psie-pole-ul-mulicka-1-pokoj-t5c0n6,https://s2.adresowa.pl/oi/1b/5d/388c00_bb41_cover@2x-1-pokojowe-mieszkanie-wroclaw-psie-pole-ul-mulicka.webp
Wrocław Fabryczna,ul. Graniczna,3,74,1100000,14865,bez pośredników,,15,https://adresowo.pl/o/mieszkanie-wroclaw-fabryczna-ul-graniczna-3-pokojowe-z1r2f8,https://s2.adresowa.pl/oi/3c/66/3857c6_c831_cover@2x-3-pokojowe-mieszkanie-wroclaw-fabryczna-ul-graniczna.webp
Wrocław Szczepin,ul. Długa,2,43,899000,20907,bez pośredników,,19,https://adresowo.pl/o/mieszkanie-wroclaw-szczepin-ul-dluga-2-pokojowe-t2i1h1,https://s2.adresowa.pl/oi/4f/35/385730_85ca_cover@2x-2-pokojowe-mieszkanie-wroclaw-szczepin-ul-dluga.webp
Wrocław,ul. Franciszka Hynka,3,64,628000,9812,Pośrednik,,8,https://adresowo.pl/o/mieszkanie-wroclaw-ul-franciszka-hynka-3-pokojowe-s5v8r9,https://s2.adresowa.pl/oi/4b/52/385620_bbcc_cover@2x-3-pokojowe-mieszkanie-wroclaw-ul-franciszka-hynka.webp
Wrocław Stabłowice,ul. Łomnicka,2,51,675000,13235,bez pośredników,,10,https://adresowo.pl/o/mieszkanie-wroclaw-stablowice-ul-lomnicka-2-pokojowe-a0e9u2,https://s2.adresowa.pl/oi/22/70/37fb46_8c81_cover@2x-2-pokojowe-mieszkanie-wroclaw-stablowice-ul-lomnicka.webp
Wrocław Krzyki,ul. Wróbla,3,48,550000,11458,bez pośredników,,8,https://adresowo.pl/o/mieszkanie-wroclaw-krzyki-ul-wrobla-3-pokojowe-j8j0r3,https://s2.adresowa.pl/oi/55/31/37c4a2_71d7_cover@2x-3-pokojowe-mieszkanie-wroclaw-krzyki-ul-wrobla.webp
Wrocław Krzyki,ul. Hubska,1,38,589000,15500,bez pośredników,,17,https://adresowo.pl/o/mieszkanie-wroclaw-krzyki-ul-hubska-1-pokoj-w2r0f1,https://s2.adresowa.pl/oi/70/27/379342_a611_cover@2x-1-pokojowe-mieszkanie-wroclaw-krzyki-ul-hubska.webp
Wrocław Śródmieście,ul. Komuny Paryskiej,3,82,849000,10354,bez pośredników,,9,https://adresowo.pl/o/mieszkanie-wroclaw-srodmiescie-ul-komuny-paryskiej-3-pokojowe-m7f5d2,https://s2.adresowa.pl/oi/6d/47/377e6c_290e_cover@2x-3-pokojowe-mieszkanie-wroclaw-srodmiescie-ul-komuny-paryskiej.webp
Wrocław Śródmieście,ul. gen. Władysława Sikorskiego,1,27,1299999,48148,bez pośredników,,12,https://adresowo.pl/o/mieszkanie-wroclaw-srodmiescie-ul-gen-wladyslawa-sikorskiego-1-pokoj-p5f0z1,https://s2.adresowa.pl/oi/74/42/377baa_48e7_cover@2x-1-pokojowe-mieszkanie-wroclaw-srodmiescie-ul-gen-wladyslawa-sikorskiego.webp
Wrocław,pl. Tadeusza Kościuszki,3,66,935000,14167,bez pośredników,,8,https://adresowo.pl/o/mieszkanie-wroclaw-pl-tadeusza-kosciuszki-3-pokojowe-l2n4g6,https://s2.adresowa.pl/oi/7d/48/374046_d265_cover@2x-3-pokojowe-mieszkanie-wroclaw-pl-tadeusza-kosciuszki.webp
Wrocław Krzyki,al. Armii Krajowej,2,52,750000,14423,bez pośredników,,8,https://adresowo.pl/o/mieszkanie-wroclaw-krzyki-al-armii-krajowej-2-pokojowe-y0n2v7,https://s2.adresowa.pl/oi/5b/74/36f864_eb7f_cover@2x-2-pokojowe-mieszkanie-wroclaw-krzyki-al-armii-krajowej.webp
Wrocław Krzyki,ul. Zaporoska,4,66,790000,11970,bez pośredników,,20,https://adresowo.pl/o/mieszkanie-wroclaw-krzyki-ul-zaporoska-4-pokojowe-i5k7j0,https://s2.adresowa.pl/oi/13/27/36e6f2_c6a1_cover@2x-4-pokojowe-mieszkanie-wroclaw-krzyki-ul-zaporoska.webp
Wrocław Psie Pole,al. Poprzeczna,3,57,599000,10509,bez pośredników,,16,https://adresowo.pl/o/mieszkanie-wroclaw-psie-pole-al-poprzeczna-3-pokojowe-m4c6o8,https://s2.adresowa.pl/oi/58/40/36a236_f686_cover@2x-3-pokojowe-mieszkanie-wroclaw-psie-pole-al-poprzeczna.webp
Wrocław Sołtysowice,ul. Sołtysowicka,1,19,300000,15789,bez pośredników,,7,https://adresowo.pl/o/mieszkanie-wroclaw-soltysowice-ul-soltysowicka-1-pokoj-y1m3q7,https://s2.adresowa.pl/oi/33/4c/36a0d6_b196_cover@2x-1-pokojowe-mieszkanie-wroclaw-soltysowice-ul-soltysowicka.webp
Wrocław Śródmieście,ul. Benedyktyńska,3,64,790000,12344,bez pośredników,,15,https://adresowo.pl/o/mieszkanie-wroclaw-srodmiescie-ul-benedyktynska-3-pokojowe-z0n7e7,https://s2.adresowa.pl/oi/55/7c/3668c4_df3d_cover@2x-3-pokojowe-mieszkanie-wroclaw-srodmiescie-ul-benedyktynska.webp
Wrocław Stare Miasto,ul. gen. Karola Kniaziewicza,3,46,580000,12609,bez pośredników,,8,https://adresowo.pl/o/mieszkanie-wroclaw-stare-miasto-ul-gen-karola-kniaziewicza-3-pokojowe-e4i4a8,https://s2.adresowa.pl/oi/12/52/3661ae_8c94_cover@2x-3-pokojowe-mieszkanie-wroclaw-stare-miasto-ul-gen-karola-kniaziewicza.webp
Wrocław Śródmieście,ul. Cypriana Kamila Norwida,3,100,1190000,11900,bez pośredników,,8,https://adresowo.pl/o/mieszkanie-wroclaw-srodmiescie-ul-cypriana-kamila-norwida-3-pokojowe-h2l3c7,https://s2.adresowa.pl/oi/60/28/361470_a369_cover@2x-3-pokojowe-mieszkanie-wroclaw-srodmiescie-ul-cypriana-kamila-norwida.webp
Wrocław,Śródmieście,4,85,1313000,15447,bez pośredników,,18,https://adresowo.pl/o/mieszkanie-wroclaw-srodmiescie-4-pokojowe-85-m2-t4q0w8,https://s2.adresowa.pl/oi/71/12/35fbca_cd2e_cover@2x-4-pokojowe-mieszkanie-wroclaw-srodmiescie.webp
Wrocław Muchobór Wielki,ul. Graniczna,3,59,885000,15000,bez pośredników,,11,https://adresowo.pl/o/mieszkanie-wroclaw-muchobor-wielki-ul-graniczna-3-pokojowe-q4h2a2,https://s2.adresowa.pl/oi/5e/13/35f8ee_6300_cover@2x-3-pokojowe-mieszkanie-wroclaw-muchobor-wielki-ul-graniczna.webp
Wrocław,Stare Miasto,2,37,699000,18892,bez pośredników,,8,https://adresowo.pl/o/mieszkanie-wroclaw-stare-miasto-2-pokojowe-37-m2-n7v8z9,https://s2.adresowa.pl/oi/78/14/35c28c_de21_cover@2x-2-pokojowe-mieszkanie-wroclaw-stare-miasto.webp
Wrocław Swojczyce,ul. Marca Polo,2,53,970000,18302,bez pośredników,,14,https://adresowo.pl/o/mieszkanie-wroclaw-swojczyce-ul-marca-polo-2-pokojowe-s5h9x1,https://s2.adresowa.pl/oi/15/6c/35bc80_6ebf_cover@2x-2-pokojowe-mieszkanie-wroclaw-swojczyce-ul-marca-polo.webp
Wrocław Śródmieście,ul. Jedności Narodowej,3,78,931000,11936,bez pośredników,,10,https://adresowo.pl/o/mieszkanie-wroclaw-srodmiescie-ul-jednosci-narodowej-3-pokojowe-l9x1q6,https://s2.adresowa.pl/oi/38/34/358960_2bbd_cover@2x-3-pokojowe-mieszkanie-wroclaw-srodmiescie-ul-jednosci-narodowej.webp
Wrocław,Psie Pole,1,24,298000,12417,bez pośredników,,6,https://adresowo.pl/o/mieszkanie-wroclaw-psie-pole-1-pokoj-24-m2-g1h2l4,https://s2.adresowa.pl/oi/76/24/358850_f73e_cover@2x-1-pokojowe-mieszkanie-wroclaw-psie-pole.webp
Wrocław Śródmieście,ul. Marcina Kasprzaka,3,71,850000,11972,bez pośredników,,8,https://adresowo.pl/o/mieszkanie-wroclaw-srodmiescie-ul-marcina-kasprzaka-3-pokojowe-d0o2b6,https://s2.adresowa.pl/oi/67/6e/3579aa_ba6d_cover@2x-3-pokojowe-mieszkanie-wroclaw-srodmiescie-ul-marcina-kasprzaka.webp
Wrocław Śródmieście,ul. Joachima Lelewela,2,38,659000,17342,bez pośredników,,4,https://adresowo.pl/o/mieszkanie-wroclaw-srodmiescie-ul-joachima-lelewela-2-pokojowe-l4u3i4,https://s2.adresowa.pl/oi/7f/60/356d62_82cd_cover@2x-2-pokojowe-mieszkanie-wroclaw-srodmiescie-ul-joachima-lelewela.webp
Wrocław Śródmieście,ul. gen. Romualda Traugutta,3,96,870000,9062,bez pośredników,,8,https://adresowo.pl/o/mieszkanie-wroclaw-srodmiescie-ul-gen-romualda-traugutta-3-pokojowe-s2k5y3,https://s2.adresowa.pl/oi/4c/7d/34fe48_b546_cover@2x-3-pokojowe-mieszkanie-wroclaw-srodmiescie-ul-gen-romualda-traugutta.webp
Wrocław Zakrzów,ul. Zatorska,2,56,700000,12500,bez pośredników,,8,https://adresowo.pl/o/mieszkanie-wroclaw-zakrzow-ul-zatorska-2-pokojowe-o1d2l6,https://s2.adresowa.pl/oi/70/26/3491a0_73db_cover@2x-2-pokojowe-mieszkanie-wroclaw-zakrzow-ul-zatorska.webp
Wrocław Gajowice,ul. Icchaka Lejba Pereca,2,54,750000,13889,bez pośredników,,6,https://adresowo.pl/o/mieszkanie-wroclaw-gajowice-ul-icchaka-lejba-pereca-2-pokojowe-y9q4t4,https://s2.adresowa.pl/oi/27/71/3429a0_3159_cover@2x-2-pokojowe-mieszkanie-wroclaw-gajowice-ul-icchaka-lejba-pereca.webp
Wrocław Krzyki,ul. Rudolfa Weigla,2,42,660000,15714,bez pośredników,,12,https://adresowo.pl/o/mieszkanie-wroclaw-krzyki-ul-rudolfa-weigla-2-pokojowe-h2v6c1,https://s2.adresowa.pl/oi/60/1a/3405f0_f1df_cover@2x-2-pokojowe-mieszkanie-wroclaw-krzyki-ul-rudolfa-weigla.webp
Wrocław Księże Małe,ul. Chorzowska,3,50,589999,11800,bez pośredników,,9,https://adresowo.pl/o/mieszkanie-wroclaw-ksieze-male-ul-chorzowska-3-pokojowe-f0r9o5,https://s2.adresowa.pl/oi/2b/23/33f6ec_a8d8_cover@2x-3-pokojowe-mieszkanie-wroclaw-ksieze-male-ul-chorzowska.webp
Wrocław Fabryczna,ul. Szybowcowa,2,49,598000,12204,bez pośredników,,10,https://adresowo.pl/o/mieszkanie-wroclaw-fabryczna-ul-szybowcowa-2-pokojowe-c1c7j2,https://s2.adresowa.pl/oi/39/69/33e8f8_d348_cover@2x-2-pokojowe-mieszkanie-wroclaw-fabryczna-ul-szybowcowa.webp
Wrocław Stare Miasto,ul. Oławska,2,36,700000,19444,bez pośredników,,6,https://adresowo.pl/o/mieszkanie-wroclaw-stare-miasto-ul-olawska-2-pokojowe-h2i1t6,https://s2.adresowa.pl/oi/25/47/3383f8_626c_cover@2x-2-pokojowe-mieszkanie-wroclaw-stare-miasto-ul-olawska.webp
Wrocław Huby,ul. Gajowa,4,74,835000,11284,bez pośredników,,22,https://adresowo.pl/o/mieszkanie-wroclaw-huby-ul-gajowa-4-pokojowe-b9f7m4,https://s2.adresowa.pl/oi/73/43/32bcdc_ac12_cover@2x-4-pokojowe-mieszkanie-wroclaw-huby-ul-gajowa.webp
Wrocław Muchobór Wielki,ul. Rakietowa,2,50,615000,12300,bez pośredników,,8,https://adresowo.pl/o/mieszkanie-wroclaw-muchobor-wielki-ul-rakietowa-2-pokojowe-r3f6z0,https://s2.adresowa.pl/oi/23/61/326e52_d5cc_cover@2x-2-pokojowe-mieszkanie-wroclaw-muchobor-wielki-ul-rakietowa.webp
Wrocław Fabryczna,ul. Stefana Drzewieckiego,3,66,725000,10985,bez pośredników,,20,https://adresowo.pl/o/mieszkanie-wroclaw-fabryczna-ul-stefana-drzewieckiego-3-pokojowe-y2s0n1,https://s2.adresowa.pl/oi/42/3c/322244_f891_cover@2x-3-pokojowe-mieszkanie-wroclaw-fabryczna-ul-stefana-drzewieckiego.webp
Wrocław Śródmieście,ul. Księcia Witolda,1,25,630000,25200,bez pośredników,,18,https://adresowo.pl/o/mieszkanie-wroclaw-srodmiescie-ul-ksiecia-witolda-1-pokoj-d9n2l2,https://s2.adresowa.pl/oi/6a/4b/3143f4_8a4a_cover@2x-1-pokojowe-mieszkanie-wroclaw-srodmiescie-ul-ksiecia-witolda.webp
Wrocław Szczepin,ul. gen. Władysława Sikorskiego,2,29,800000,27586,bez pośredników,,15,https://adresowo.pl/o/mieszkanie-wroclaw-szczepin-ul-gen-wladyslawa-sikorskiego-2-pokojowe-t9p0f1,https://s2.adresowa.pl/oi/49/56/312e16_6554_cover@2x-2-pokojowe-mieszkanie-wroclaw-szczepin-ul-gen-wladyslawa-sikorskiego.webp
Wrocław Psie Pole,ul. Kowieńska,3,90,981763,10908,bez pośredników,,18,https://adresowo.pl/o/mieszkanie-wroclaw-psie-pole-ul-kowienska-3-pokojowe-r4n8e8,https://s2.adresowa.pl/oi/7e/72/31276e_daa1_cover@2x-3-pokojowe-mieszkanie-wroclaw-psie-pole-ul-kowienska.webp
Wrocław Krzyki,ul. Gajowa,6,134,1299000,9694,bez pośredników,,4,https://adresowo.pl/o/mieszkanie-wroclaw-krzyki-ul-gajowa-6-pokojowe-h3l0p0,https://s2.adresowa.pl/oi/4c/73/305bc0_a05e_cover@2x-6-pokojowe-mieszkanie-wroclaw-krzyki-ul-gajowa.webp
Wrocław Fabryczna,bulw. Dedala,2,40,770000,19250,bez pośredników,,11,https://adresowo.pl/o/mieszkanie-wroclaw-fabryczna-bulw-dedala-2-pokojowe-f8x8r3,https://s2.adresowa.pl/oi/37/7d/2ec7c4_f98b_cover@2x-2-pokojowe-mieszkanie-wroclaw-fabryczna-bulw-dedala.webp
Wrocław Stare Miasto,ul. Krawiecka,1,34,595000,17500,bez pośredników,,20,https://adresowo.pl/o/mieszkanie-wroclaw-stare-miasto-ul-krawiecka-1-pokoj-d8d6n3,https://s2.adresowa.pl/oi/78/64/2eb6de_869b_cover@2x-1-pokojowe-mieszkanie-wroclaw-stare-miasto-ul-krawiecka.webp
Wrocław Śródmieście,ul. Śrutowa,2,75,2290000,30533,bez pośredników,,20,https://adresowo.pl/o/mieszkanie-wroclaw-srodmiescie-ul-srutowa-2-pokojowe-u2z2e3,https://s2.adresowa.pl/oi/7d/54/2d885a_fdbf_cover@2x-2-pokojowe-mieszkanie-wroclaw-srodmiescie-ul-srutowa.webp
Wrocław Jagodno,ul. Igora Strawińskiego,2,40,560000,14000,bez pośredników,,8,https://adresowo.pl/o/mieszkanie-wroclaw-jagodno-ul-igora-strawinskiego-2-pokojowe-q6t8j4,https://s2.adresowa.pl/oi/73/33/2d1144_5e9f_cover@2x-2-pokojowe-mieszkanie-wroclaw-jagodno-ul-igora-strawinskiego.webp
Wrocław Krzyki,ul. Tadeusza Zielińskiego,1,27,399000,14778,bez pośredników,,14,https://adresowo.pl/o/mieszkanie-wroclaw-krzyki-ul-tadeusza-zielinskiego-1-pokoj-a0j3x6,https://s2.adresowa.pl/oi/31/33/2d0bb6_4d88_cover@2x-1-pokojowe-mieszkanie-wroclaw-krzyki-ul-tadeusza-zielinskiego.webp
Wrocław Muchobór Mały,ul. Melchiora Wańkowicza,2,50,780000,15600,bez pośredników,,13,https://adresowo.pl/o/mieszkanie-wroclaw-muchobor-maly-ul-melchiora-wankowicza-2-pokojowe-g5f2d5,https://s2.adresowa.pl/oi/22/79/2cafc6_9169_cover@2x-2-pokojowe-mieszkanie-wroclaw-muchobor-maly-ul-melchiora-wankowicza.webp
Wrocław Kozanów,ul. Mieczysława Orłowicza,1,17,257700,15159,bez pośredników,,6,https://adresowo.pl/o/mieszkanie-wroclaw-kozanow-ul-mieczyslawa-orlowicza-1-pokoj-b2x6t8,https://s2.adresowa.pl/oi/33/74/2c3894_6202_cover@2x-1-pokojowe-mieszkanie-wroclaw-kozanow-ul-mieczyslawa-orlowicza.webp
Wrocław Fabryczna,ul. Skrzydlata,3,85,1160000,13647,bez pośredników,,7,https://adresowo.pl/o/mieszkanie-wroclaw-fabryczna-ul-skrzydlata-3-pokojowe-l5x2q9,https://s2.adresowa.pl/oi/5e/13/29cfde_c057_cover@2x-3-pokojowe-mieszkanie-wroclaw-fabryczna-ul-skrzydlata.webp
Wrocław Stare Miasto,ul. Romana Dmowskiego,2,62,1290000,20806,bez pośredników,,11,https://adresowo.pl/o/mieszkanie-wroclaw-stare-miasto-ul-romana-dmowskiego-2-pokojowe-a8z1h0,https://s2.adresowa.pl/oi/6c/55/2995c6_d299_cover@2x-2-pokojowe-mieszkanie-wroclaw-stare-miasto-ul-romana-dmowskiego.webp
Wrocław Stare Miasto,ul. gen. Władysława Sikorskiego,3,52,1140000,21923,bez pośredników,,11,https://adresowo.pl/o/mieszkanie-wroclaw-stare-miasto-ul-gen-wladyslawa-sikorskiego-3-pokojowe-h5j6z6,https://s2.adresowa.pl/oi/75/56/2995a6_e0a4_cover@2x-3-pokojowe-mieszkanie-wroclaw-stare-miasto-ul-gen-wladyslawa-sikorskiego.webp
Wrocław Kleczków,ul. Kleczkowska,4,80,1660000,20750,bez pośredników,,12,https://adresowo.pl/o/mieszkanie-wroclaw-kleczkow-ul-kleczkowska-4-pokojowe-l0p9s7,https://s2.adresowa.pl/oi/2b/1a/29954e_f97c_cover@2x-4-pokojowe-mieszkanie-wroclaw-kleczkow-ul-kleczkowska.webp
Wrocław Kleczków,ul. Kleczkowska,2,55,1050000,19091,bez pośredników,,6,https://adresowo.pl/o/mieszkanie-wroclaw-kleczkow-ul-kleczkowska-2-pokojowe-a3n3u8,https://s2.adresowa.pl/oi/77/24/299534_c40a_cover@2x-2-pokojowe-mieszkanie-wroclaw-kleczkow-ul-kleczkowska.webp
Wrocław Kleczków,ul. Kleczkowska,2,39,740000,18974,bez pośredników,,11,https://adresowo.pl/o/mieszkanie-wroclaw-kleczkow-ul-kleczkowska-2-pokojowe-j9q1k2,https://s2.adresowa.pl/oi/69/7d/29950c_a20d_cover@2x-2-pokojowe-mieszkanie-wroclaw-kleczkow-ul-kleczkowska.webp
Wrocław Kleczków,ul. Kleczkowska,2,38,699000,18395,bez pośredników,,7,https://adresowo.pl/o/mieszkanie-wroclaw-kleczkow-ul-kleczkowska-2-pokojowe-t3k9u9,https://s2.adresowa.pl/oi/48/36/2994f2_7c27_cover@2x-2-pokojowe-mieszkanie-wroclaw-kleczkow-ul-kleczkowska.webp
Wrocław Stare Miasto,ul. św. Mikołaja,1,28,470000,16786,bez pośredników,,1,https://adresowo.pl/o/mieszkanie-wroclaw-stare-miasto-ul-sw-mikolaja-1-pokoj-h1c3c8,https://s2.adresowa.pl/oi/6d/1e/25a620_9824_cover@2x-1-pokojowe-mieszkanie-wroclaw-stare-miasto-ul-sw-mikolaja.webp
Wrocław Krzyki,ul. Łączności,3,63,860000,13651,bez pośredników,,11,https://adresowo.pl/o/mieszkanie-wroclaw-krzyki-ul-lacznosci-3-pokojowe-z2m1o5,https://s2.adresowa.pl/oi/76/46/207a94_5c00_cover@2x-3-pokojowe-mieszkanie-wroclaw-krzyki-ul-lacznosci.webp
Wrocław Stare Miasto,ul. Widok,3,75,749000,9987,bez pośredników,,17,https://adresowo.pl/o/mieszkanie-wroclaw-stare-miasto-ul-widok-3-pokojowe-c8j2n9,https://s2.adresowa.pl/oi/19/7c/1d00a8_4bf0_cover@2x-3-pokojowe-mieszkanie-wroclaw-stare-miasto-ul-widok.webp
Wrocław Gądów Mały,ul. Stefana Drzewieckiego,2,48,519000,10812,bez pośredników,,2,https://adresowo.pl/o/mieszkanie-wroclaw-gadow-maly-ul-stefana-drzewieckiego-2-pokojowe-k9b9p8,https://s2.adresowa.pl/oi/54/48/19aec1_5cf9_cover@2x-2-pokojowe-mieszkanie-wroclaw-gadow-maly-ul-stefana-drzewieckiego.webp
Wrocław Gądów Mały,ul. Stefana Drzewieckiego,1,56,750000,13393,bez pośredników,,23,https://adresowo.pl/o/mieszkanie-wroclaw-gadow-maly-ul-stefana-drzewieckiego-1-pokoj-y7q3o2,https://s2.adresowa.pl/oi/27/78/13f71d_9fe3_cover@2x-1-pokojowe-mieszkanie-wroclaw-gadow-maly-ul-stefana-drzewieckiego.webp
