locality,street,rooms,area,price_total_zl,price_sqm_zl,owner_type,date_posted,photo_count,url,image_url
Katowice Śródmieście,ul. Barbary,2,45,320000,7111,bez pośredników,,9,https://adresowo.pl/o/mieszkanie-katowice-srodmiescie-ul-barbary-2-pokojowe-a7l5j1,https://s2.adresowa.pl/oi/36/2f/324a66_d2f7_cover@2x-2-pokojowe-mieszkanie-katowice-srodmiescie-ul-barbary.webp
Katowice os. Tysiąclecia,ul. Piastów,2,43,419000,9744,bez pośredników,,8,https://adresowo.pl/o/mieszkanie-katowice-os-tysiaclecia-ul-piastow-2-pokojowe-g3y2q2,https://s2.adresowa.pl/oi/4e/6f/41422c_406f_cover@2x-2-pokojowe-mieszkanie-katowice-os-tysiaclecia-ul-piastow.webp
Katowice Zawodzie,al. Walentego Roździeńskiego,3,55,440000,8000,bez pośredników,,8,https://adresowo.pl/o/mieszkanie-katowice-zawodzie-al-walentego-rozdzienskiego-3-pokojowe-n0h6o6,https://s2.adresowa.pl/oi/62/31/41412e_94a8_cover@2x-3-pokojowe-mieszkanie-katowice-zawodzie-al-walentego-rozdzienskiego.webp
Katowice Dąb,ul. Bracka,2,40,zapytaj,,bez pośredników,,+74 podobne oferty,https://adresowo.pl/o/mieszkanie-katowice-dab-ul-bracka-2-pokojowe-h7h5f2,https://s2.adresowa.pl/development/674270/nowe-mieszkania-bracka-vita-625b_cover.jpg
Katowice Piotrowice,ul. Armii Krajowej,2,39,469000,12026,Pośrednik,,5,https://adresowo.pl/o/mieszkanie-katowice-piotrowice-ul-armii-krajowej-2-pokojowe-b6u6p5,https://s2.adresowa.pl/oi/30/3c/413fb4_347a_cover@2x-2-pokojowe-mieszkanie-katowice-piotrowice-ul-armii-krajowej.webp
Katowice Śródmieście,ul. ks. kard. Bolesława Kominka,2,38,389000,10237,Pośrednik,,10,https://adresowo.pl/o/mieszkanie-katowice-srodmiescie-ul-ks-kard-boleslawa-kominka-2-pokojowe-e6k7r1,https://s2.adresowa.pl/oi/3e/5a/413258_845f_cover@2x-2-pokojowe-mieszkanie-katowice-srodmiescie-ul-ks-kard-boleslawa-kominka.webp
Katowice Piotrowice,ul. Karola Szymanowskiego,3,61,639000,10475,bez pośredników,,12,https://adresowo.pl/o/mieszkanie-katowice-piotrowice-ul-karola-szymanowskiego-3-pokojowe-b0z7f9,https://s2.adresowa.pl/oi/12/62/4140e4_c0eb_cover@2x-3-pokojowe-mieszkanie-katowice-piotrowice-ul-karola-szymanowskiego.webp
Katowice Ligota,ul. Piotrowicka,2,54,619000,11463,bez pośredników,,11,https://adresowo.pl/o/mieszkanie-katowice-ligota-ul-piotrowicka-2-pokojowe-q2n9l3,https://s2.adresowa.pl/oi/7e/51/4140c0_3d15_cover@2x-2-pokojowe-mieszkanie-katowice-ligota-ul-piotrowicka.webp
Katowice Brynów,ul. Ceglana,2,36,zapytaj,,bez pośredników,,+39 podobnych ofert,https://adresowo.pl/o/mieszkanie-katowice-brynow-ul-ceglana-2-pokojowe-v7b4w3,https://s2.adresowa.pl/development/561699/nowe-mieszkania-ceglana-park-911c_cover.jpg
Katowice Brynów,ul. Nasypowa,2,37,525000,14189,Pośrednik,,13,https://adresowo.pl/o/mieszkanie-katowice-brynow-ul-nasypowa-2-pokojowe-i0c2h1,https://s2.adresowa.pl/oi/4b/2b/411fd6_a7f4_cover@2x-2-pokojowe-mieszkanie-katowice-brynow-ul-nasypowa.webp
Katowice Śródmieście,al. Wojciecha Korfantego,2,47,340000,7234,Pośrednik,,9,https://adresowo.pl/o/mieszkanie-katowice-srodmiescie-al-wojciecha-korfantego-2-pokojowe-x4w5v4,https://s2.adresowa.pl/oi/57/45/411da0_46ce_cover@2x-2-pokojowe-mieszkanie-katowice-srodmiescie-al-wojciecha-korfantego.webp
Katowice Ligota,ul. Warmińska,2,47,389000,8277,bez pośredników,,12,https://adresowo.pl/o/mieszkanie-katowice-ligota-ul-warminska-2-pokojowe-m2p0u7,https://s2.adresowa.pl/oi/54/24/41409a_8a63_cover@2x-2-pokojowe-mieszkanie-katowice-ligota-ul-warminska.webp
Katowice Ligota,ul. Koszalińska,1,31,330000,10645,bez pośredników,,13,https://adresowo.pl/o/mieszkanie-katowice-ligota-ul-koszalinska-1-pokoj-h2y0p9,https://s2.adresowa.pl/oi/3a/11/413fda_9680_cover@2x-1-pokojowe-mieszkanie-katowice-ligota-ul-koszalinska.webp
Katowice Dąb,ul. Bracka,3,58,zapytaj,,bez pośredników,,+33 podobne oferty,https://adresowo.pl/o/mieszkanie-katowice-dab-ul-bracka-3-pokojowe-w1c2p6,https://s2.adresowa.pl/development/674270/nowe-mieszkania-bracka-vita-625b_cover.jpg
Katowice Koszutka,ul. Morwowa,2,34,275000,8088,Pośrednik,,10,https://adresowo.pl/o/mieszkanie-katowice-koszutka-ul-morwowa-2-pokojowe-e6g9p2,https://s2.adresowa.pl/oi/2f/29/41033a_275a_cover@2x-2-pokojowe-mieszkanie-katowice-koszutka-ul-morwowa.webp
Katowice Piotrowice,ul. Sowia,3,89,829000,9315,Pośrednik,,27,https://adresowo.pl/o/mieszkanie-katowice-piotrowice-ul-sowia-3-pokojowe-i8q6q9,https://s2.adresowa.pl/oi/3b/27/40f696_8db6_cover@2x-3-pokojowe-mieszkanie-katowice-piotrowice-ul-sowia.webp
Katowice Muchowiec,ul. gen. Władysława Sikorskiego,2,44,379000,8614,bez pośredników,,9,https://adresowo.pl/o/mieszkanie-katowice-muchowiec-ul-gen-wladyslawa-sikorskiego-2-pokojowe-f4w4z8,https://s2.adresowa.pl/oi/10/60/413f94_47ec_cover@2x-2-pokojowe-mieszkanie-katowice-muchowiec-ul-gen-wladyslawa-sikorskiego.webp
Katowice,Brynów,2,45,660000,14667,bez pośredników,,6,https://adresowo.pl/o/mieszkanie-katowice-brynow-2-pokojowe-45-m2-v7e6b0,https://s2.adresowa.pl/oi/4a/5f/413ef8_f041_cover@2x-2-pokojowe-mieszkanie-katowice-brynow.webp
Katowice Brynów,ul. Ceglana,3,55,zapytaj,,bez pośredników,,+28 podobnych ofert,https://adresowo.pl/o/mieszkanie-katowice-brynow-ul-ceglana-3-pokojowe-t0n8b4,https://s2.adresowa.pl/development/561699/nowe-mieszkania-ceglana-park-911c_cover.jpg
Katowice Bogucice,ul. Karoliny,3,49,650000,13265,Pośrednik,,20,https://adresowo.pl/o/mieszkanie-katowice-bogucice-ul-karoliny-3-pokojowe-j0g4b5,https://s2.adresowa.pl/oi/69/6b/40e242_cb8e_cover@2x-3-pokojowe-mieszkanie-katowice-bogucice-ul-karoliny.webp
Katowice,ul. Braci Mniejszych,3,53,730000,13774,Pośrednik,,20,https://adresowo.pl/o/mieszkanie-katowice-ul-braci-mniejszych-3-pokojowe-v0f1g5,https://s2.adresowa.pl/oi/44/29/40e23e_2dd8_cover@2x-3-pokojowe-mieszkanie-katowice-ul-braci-mniejszych.webp
Katowice,Giszowiec,3,53,390000,7358,bez pośredników,,6,https://adresowo.pl/o/mieszkanie-katowice-giszowiec-3-pokojowe-53-m2-v5h4g5,https://s2.adresowa.pl/oi/10/12/413ae4_8cb1_cover@2x-3-pokojowe-mieszkanie-katowice-giszowiec.webp
Katowice Brynów,ul. Warzywna,2,37,300000,8108,bez pośredników,,8,https://adresowo.pl/o/mieszkanie-katowice-brynow-ul-warzywna-2-pokojowe-x5n9w0,https://s2.adresowa.pl/oi/6f/2b/413ac6_5524_cover@2x-2-pokojowe-mieszkanie-katowice-brynow-ul-warzywna.webp
Katowice Brynów,ul. Ceglana,1,33,zapytaj,,bez pośredników,,+1 podobna oferta,https://adresowo.pl/o/mieszkanie-katowice-brynow-ul-ceglana-1-pokoj-f6f9t9,https://s2.adresowa.pl/development/561699/nowe-mieszkania-ceglana-park-911c_cover.jpg
Katowice,ul. gen. Zygmunta Waltera Jankego,2,41,431000,10512,Pośrednik,,4,https://adresowo.pl/o/mieszkanie-katowice-ul-gen-zygmunta-waltera-jankego-2-pokojowe-s1q1j6,https://s2.adresowa.pl/oi/4d/5e/40c854_8138_cover@2x-2-pokojowe-mieszkanie-katowice-ul-gen-zygmunta-waltera-jankego.webp
Katowice,,4,62,800058,12904,Pośrednik,,5,https://adresowo.pl/o/mieszkanie-katowice-4-pokojowe-62-m2-r8n0x1,https://s2.adresowa.pl/oi/34/65/40c666_4fd2_cover@2x-4-pokojowe-mieszkanie-katowice.webp
Katowice Brynów,ul. Wróbli,5,161,1790000,11118,bez pośredników,,22,https://adresowo.pl/o/mieszkanie-katowice-brynow-ul-wrobli-5-pokojowe-n2e7q3,https://s2.adresowa.pl/oi/7d/38/412d14_f612_cover@2x-5-pokojowe-mieszkanie-katowice-brynow-ul-wrobli.webp
Katowice Piotrowice,ul. Jaworowa,3,64,483000,7547,bez pośredników,,7,https://adresowo.pl/o/mieszkanie-katowice-piotrowice-ul-jaworowa-3-pokojowe-n6o5p1,https://s2.adresowa.pl/oi/11/64/412d10_eaba_cover@2x-3-pokojowe-mieszkanie-katowice-piotrowice-ul-jaworowa.webp
Katowice Dąb,ul. Bracka,4,93,zapytaj,,bez pośredników,,+10 podobnych ofert,https://adresowo.pl/o/mieszkanie-katowice-dab-ul-bracka-4-pokojowe-l5l3s3,https://s2.adresowa.pl/development/674270/nowe-mieszkania-bracka-vita-625b_cover.jpg
Katowice,ul. Sokolska,2,29,418000,14414,Pośrednik,,4,https://adresowo.pl/o/mieszkanie-katowice-ul-sokolska-2-pokojowe-c6k1e2,https://s2.adresowa.pl/oi/40/1c/40c664_c5ff_cover@2x-2-pokojowe-mieszkanie-katowice-ul-sokolska.webp
Katowice,ul. Kazimiery Iłłakowiczówny,3,72,761200,10572,Pośrednik,,4,https://adresowo.pl/o/mieszkanie-katowice-ul-kazimiery-illakowiczowny-3-pokojowe-a5i5u3,https://s2.adresowa.pl/oi/30/76/40c662_2abb_cover@2x-3-pokojowe-mieszkanie-katowice-ul-kazimiery-illakowiczowny.webp
Katowice Bogucice,ul. Modrzewiowa,3,50,395000,7900,bez pośredników,,13,https://adresowo.pl/o/mieszkanie-katowice-bogucice-ul-modrzewiowa-3-pokojowe-a6o3e2,https://s2.adresowa.pl/oi/10/33/412bfc_5710_cover@2x-3-pokojowe-mieszkanie-katowice-bogucice-ul-modrzewiowa.webp
Katowice Dąbrówka Mała,ul. Józefa Grzegorzka,2,51,349000,6843,bez pośredników,,10,https://adresowo.pl/o/mieszkanie-katowice-dabrowka-mala-ul-jozefa-grzegorzka-2-pokojowe-t2b8s0,https://s2.adresowa.pl/oi/62/10/412b7c_70ba_cover@2x-2-pokojowe-mieszkanie-katowice-dabrowka-mala-ul-jozefa-grzegorzka.webp
Katowice Brynów,ul. Ceglana,4,97,zapytaj,,bez pośredników,,13,https://adresowo.pl/o/mieszkanie-katowice-brynow-ul-ceglana-4-pokojowe-e9k0i4,https://s2.adresowa.pl/development/561699/nowe-mieszkania-ceglana-park-911c_cover.jpg
Katowice,ul. Kazimiery Iłłakowiczówny,2,40,440600,11015,Pośrednik,,4,https://adresowo.pl/o/mieszkanie-katowice-ul-kazimiery-illakowiczowny-2-pokojowe-m2c3m7,https://s2.adresowa.pl/oi/43/7f/40c658_fc4e_cover@2x-2-pokojowe-mieszkanie-katowice-ul-kazimiery-illakowiczowny.webp
Katowice,ul. Mikołowska,4,81,1016375,12548,Pośrednik,,6,https://adresowo.pl/o/mieszkanie-katowice-ul-mikolowska-4-pokojowe-j9d8j9,https://s2.adresowa.pl/oi/33/5a/40c656_df78_cover@2x-4-pokojowe-mieszkanie-katowice-ul-mikolowska.webp
Katowice Śródmieście,ul. Słoneczna,2,43,589000,13698,bez pośredników,,10,https://adresowo.pl/o/mieszkanie-katowice-srodmiescie-ul-sloneczna-2-pokojowe-q2l9z7,https://s2.adresowa.pl/oi/64/6e/412b60_7046_cover@2x-2-pokojowe-mieszkanie-katowice-srodmiescie-ul-sloneczna.webp
Katowice Dąb,ul. Bracka,5,110,zapytaj,,bez pośredników,,+7 podobnych ofert,https://adresowo.pl/o/mieszkanie-katowice-dab-ul-bracka-5-pokojowe-f3d3g1,https://s2.adresowa.pl/development/674270/nowe-mieszkania-bracka-vita-625b_cover.jpg
Katowice,ul. gen. Zygmunta Waltera Jankego,3,60,640500,10675,Pośrednik,,4,https://adresowo.pl/o/mieszkanie-katowice-ul-gen-zygmunta-waltera-jankego-3-pokojowe-x7o4c8,https://s2.adresowa.pl/oi/7d/49/40c654_78dd_cover@2x-3-pokojowe-mieszkanie-katowice-ul-gen-zygmunta-waltera-jankego.webp
Katowice,Śródmieście,3,52,629000,12096,Pośrednik,,7,https://adresowo.pl/o/mieszkanie-katowice-srodmiescie-3-pokojowe-52-m2-a2p7n9,https://s2.adresowa.pl/oi/52/67/40c64e_b02d_cover@2x-3-pokojowe-mieszkanie-katowice-srodmiescie.webp
Katowice Śródmieście,ul. Barbary,2,45,320000,7111,bez pośredników,,9,https://adresowo.pl/o/mieszkanie-katowice-srodmiescie-ul-barbary-2-pokojowe-a7l5j1,https://s2.adresowa.pl/oi/36/2f/324a66_d2f7_cover@2x-2-pokojowe-mieszkanie-katowice-srodmiescie-ul-barbary.webp
Katowice Załęska Hałda,ul. Władysława Orkana,2,55,595000,10818,bez pośredników,,17,https://adresowo.pl/o/mieszkanie-katowice-zaleska-halda-ul-wladyslawa-orkana-2-pokojowe-o9s0u5,https://s2.adresowa.pl/oi/7a/70/412634_9fc3_cover@2x-2-pokojowe-mieszkanie-katowice-zaleska-halda-ul-wladyslawa-orkana.webp
Katowice Załęże,ul. Juliusza Zarębskiego,1,31,239000,7710,bez pośredników,,8,https://adresowo.pl/o/mieszkanie-katowice-zaleze-ul-juliusza-zarebskiego-1-pokoj-k2b5x2,https://s2.adresowa.pl/oi/6e/26/412442_8ec7_cover@2x-1-pokojowe-mieszkanie-katowice-zaleze-ul-juliusza-zarebskiego.webp
Katowice os. Tysiąclecia,ul. Tysiąclecia,2,37,419000,11324,bez pośredników,,8,https://adresowo.pl/o/mieszkanie-katowice-os-tysiaclecia-ul-tysiaclecia-2-pokojowe-j8p5b5,https://s2.adresowa.pl/oi/6a/5f/41226e_e731_cover@2x-2-pokojowe-mieszkanie-katowice-os-tysiaclecia-ul-tysiaclecia.webp
Katowice,ul. Kazimiery Iłłakowiczówny,3,56,566100,10109,Pośrednik,,4,https://adresowo.pl/o/mieszkanie-katowice-ul-kazimiery-illakowiczowny-3-pokojowe-m7e2n2,https://s2.adresowa.pl/oi/5b/2e/40c648_57a6_cover@2x-3-pokojowe-mieszkanie-katowice-ul-kazimiery-illakowiczowny.webp
Katowice,ul. Kazimiery Iłłakowiczówny,3,40,446300,11158,Pośrednik,,4,https://adresowo.pl/o/mieszkanie-katowice-ul-kazimiery-illakowiczowny-3-pokojowe-x7g2s6,https://s2.adresowa.pl/oi/72/65/40c644_6428_cover@2x-3-pokojowe-mieszkanie-katowice-ul-kazimiery-illakowiczowny.webp
Katowice Panewniki,ul. Panewnicka,3,61,620000,10164,bez pośredników,,11,https://adresowo.pl/o/mieszkanie-katowice-panewniki-ul-panewnicka-3-pokojowe-o8k0p0,https://s2.adresowa.pl/oi/1d/42/4121ba_2fd3_cover@2x-3-pokojowe-mieszkanie-katowice-panewniki-ul-panewnicka.webp
Katowice,ul. Bażantów,2,42,529000,12595,bez pośredników,,16,https://adresowo.pl/o/mieszkanie-katowice-ul-bazantow-2-pokojowe-w9b8k3,https://s2.adresowa.pl/oi/19/40/41218c_9111_cover@2x-2-pokojowe-mieszkanie-katowice-ul-bazantow.webp
Katowice,ul. Kępowa,2,46,640000,13913,bez pośredników,,14,https://adresowo.pl/o/mieszkanie-katowice-ul-kepowa-2-pokojowe-o5w6e9,https://s2.adresowa.pl/oi/59/79/41207e_9933_cover@2x-2-pokojowe-mieszkanie-katowice-ul-kepowa.webp
Katowice,ul. Starowiejska,2,33,354000,10727,Pośrednik,,6,https://adresowo.pl/o/mieszkanie-katowice-ul-starowiejska-2-pokojowe-c8k7o9,https://s2.adresowa.pl/oi/27/49/40b64a_5eae_cover@2x-2-pokojowe-mieszkanie-katowice-ul-starowiejska.webp
Katowice os. Witosa,ul. Obroki,2,45,359000,7978,Pośrednik,,7,https://adresowo.pl/o/mieszkanie-katowice-os-witosa-ul-obroki-2-pokojowe-c3j8y9,https://s2.adresowa.pl/oi/13/46/40af66_3844_cover@2x-2-pokojowe-mieszkanie-katowice-os-witosa-ul-obroki.webp
Katowice Dąb,ul. Błękitna,3,46,360000,7826,bez pośredników,,8,https://adresowo.pl/o/mieszkanie-katowice-dab-ul-blekitna-3-pokojowe-y2r9z0,https://s2.adresowa.pl/oi/7b/7e/412062_eba0_cover@2x-3-pokojowe-mieszkanie-katowice-dab-ul-blekitna.webp
Katowice,Zawodzie,3,53,599000,11302,bez pośredników,,8,https://adresowo.pl/o/mieszkanie-katowice-zawodzie-3-pokojowe-53-m2-p0d0i5,https://s2.adresowa.pl/oi/75/58/411f22_4e95_cover@2x-3-pokojowe-mieszkanie-katowice-zawodzie.webp
Katowice Muchowiec,ul. gen. Józefa Sowińskiego,2,42,349000,8310,bez pośredników,,8,https://adresowo.pl/o/mieszkanie-katowice-muchowiec-ul-gen-jozefa-sowinskiego-2-pokojowe-i3z6v2,https://s2.adresowa.pl/oi/71/19/411d70_3212_cover@2x-2-pokojowe-mieszkanie-katowice-muchowiec-ul-gen-jozefa-sowinskiego.webp
Katowice Śródmieście,ul. Starowiejska 2,2,31,365000,11774,Pośrednik,,8,https://adresowo.pl/o/mieszkanie-katowice-srodmiescie-ul-starowiejska-2-pokojowe-g3e8u4,https://s2.adresowa.pl/oi/27/2b/40a4c6_9d82_cover@2x-2-pokojowe-mieszkanie-katowice-srodmiescie-ul-starowiejska.webp
Katowice Józefowiec,ul. Słoneczna,2,51,449000,8804,Pośrednik,,6,https://adresowo.pl/o/mieszkanie-katowice-jozefowiec-ul-sloneczna-2-pokojowe-m0a6k0,https://s2.adresowa.pl/oi/24/15/40a22c_608e_cover@2x-2-pokojowe-mieszkanie-katowice-jozefowiec-ul-sloneczna.webp
Katowice Wełnowiec,ul. Bytkowska,3,54,540000,10000,bez pośredników,,8,https://adresowo.pl/o/mieszkanie-katowice-welnowiec-ul-bytkowska-3-pokojowe-e0w3r6,https://s2.adresowa.pl/oi/42/47/411c84_cca2_cover@2x-3-pokojowe-mieszkanie-katowice-welnowiec-ul-bytkowska.webp
Katowice,Załęże,2,35,269000,7686,bez pośredników,,8,https://adresowo.pl/o/mieszkanie-katowice-zaleze-2-pokojowe-35-m2-x4m1v7,https://s2.adresowa.pl/oi/5d/11/411a96_79d0_cover@2x-2-pokojowe-mieszkanie-katowice-zaleze.webp
Katowice os. Tysiąclecia,ul. Tysiąclecia,2,38,310000,8158,bez pośredników,,8,https://adresowo.pl/o/mieszkanie-katowice-os-tysiaclecia-ul-tysiaclecia-2-pokojowe-s9v4l7,https://s2.adresowa.pl/oi/57/24/411a12_b31b_cover@2x-2-pokojowe-mieszkanie-katowice-os-tysiaclecia-ul-tysiaclecia.webp
Katowice Janów,ul. Braci Woźniaków,3,54,350000,6481,Pośrednik,,15,https://adresowo.pl/o/mieszkanie-katowice-janow-ul-braci-wozniakow-3-pokojowe-y5j0m2,https://s2.adresowa.pl/oi/18/11/40941c_6e28_cover@2x-3-pokojowe-mieszkanie-katowice-janow-ul-braci-wozniakow.webp
Katowice,ul. Juliusza Słowackiego,1,28,320000,11429,Pośrednik,,6,https://adresowo.pl/o/mieszkanie-katowice-ul-juliusza-slowackiego-1-pokoj-u5u0e3,https://s2.adresowa.pl/oi/41/31/408d58_f530_cover@2x-1-pokojowe-mieszkanie-katowice-ul-juliusza-slowackiego.webp
Katowice,Śródmieście,1,30,349000,11633,bez pośredników,,8,https://adresowo.pl/o/mieszkanie-katowice-srodmiescie-1-pokoj-30-m2-p3u8h4,https://s2.adresowa.pl/oi/60/77/4117ba_5699_cover@2x-1-pokojowe-mieszkanie-katowice-srodmiescie.webp
Katowice os. Tysiąclecia,ul. Ułańska,3,63,650000,10317,bez pośredników,,8,https://adresowo.pl/o/mieszkanie-katowice-os-tysiaclecia-ul-ulanska-3-pokojowe-c7d4x4,https://s2.adresowa.pl/oi/71/4e/411592_3ab2_cover@2x-3-pokojowe-mieszkanie-katowice-os-tysiaclecia-ul-ulanska.webp
Katowice Załęska Hałda,ul. Brynowska,2,44,314000,7136,bez pośredników,,8,https://adresowo.pl/o/mieszkanie-katowice-zaleska-halda-ul-brynowska-2-pokojowe-p8k9x6,https://s2.adresowa.pl/oi/49/3b/411554_6179_cover@2x-2-pokojowe-mieszkanie-katowice-zaleska-halda-ul-brynowska.webp
Katowice,ul. Sokolska,2,44,499000,11341,Pośrednik,,4,https://adresowo.pl/o/mieszkanie-katowice-ul-sokolska-2-pokojowe-s1d2c2,https://s2.adresowa.pl/oi/65/19/408bc8_99f9_cover@2x-2-pokojowe-mieszkanie-katowice-ul-sokolska.webp
Katowice,Śródmieście,2,35,399999,11429,Pośrednik,,6,https://adresowo.pl/o/mieszkanie-katowice-srodmiescie-2-pokojowe-35-m2-g7v6e9,https://s2.adresowa.pl/oi/61/25/406e96_4302_cover@2x-2-pokojowe-mieszkanie-katowice-srodmiescie.webp
Katowice os. Tysiąclecia,al. Bolesława Krzywoustego,3,58,595000,10259,bez pośredników,,20,https://adresowo.pl/o/mieszkanie-katowice-os-tysiaclecia-al-boleslawa-krzywoustego-3-pokojowe-v5c5n9,https://s2.adresowa.pl/oi/52/10/4114d0_29e5_cover@2x-3-pokojowe-mieszkanie-katowice-os-tysiaclecia-al-boleslawa-krzywoustego.webp
Katowice Śródmieście,al. Wojciecha Korfantego,2,37,370000,10000,bez pośredników,,8,https://adresowo.pl/o/mieszkanie-katowice-srodmiescie-al-wojciecha-korfantego-2-pokojowe-c1d4e7,https://s2.adresowa.pl/oi/76/23/41149a_849d_cover@2x-2-pokojowe-mieszkanie-katowice-srodmiescie-al-wojciecha-korfantego.webp
Katowice Giszowiec,ul. Wojciecha,2,45,298000,6622,bez pośredników,,6,https://adresowo.pl/o/mieszkanie-katowice-giszowiec-ul-wojciecha-2-pokojowe-e1g7o1,https://s2.adresowa.pl/oi/51/7f/41147e_6c10_cover@2x-2-pokojowe-mieszkanie-katowice-giszowiec-ul-wojciecha.webp
Katowice Śródmieście,ul. ks. bp. Stanisława Adamskiego,1,36,299000,8306,Pośrednik,,5,https://adresowo.pl/o/mieszkanie-katowice-srodmiescie-ul-ks-bp-stanislawa-adamskiego-1-pokoj-d2w6i3,https://s2.adresowa.pl/oi/1e/50/40611a_6c41_cover@2x-1-pokojowe-mieszkanie-katowice-srodmiescie-ul-ks-bp-stanislawa-adamskiego.webp
Katowice Józefowiec,ul. Józefowska,3,63,599000,9508,Pośrednik,,15,https://adresowo.pl/o/mieszkanie-katowice-jozefowiec-ul-jozefowska-3-pokojowe-o0g8d3,https://s2.adresowa.pl/oi/36/7c/401564_fec9_cover@2x-3-pokojowe-mieszkanie-katowice-jozefowiec-ul-jozefowska.webp
Katowice os. Witosa,ul. Władysława Grabskiego,3,60,425000,7083,bez pośredników,,8,https://adresowo.pl/o/mieszkanie-katowice-os-witosa-ul-wladyslawa-grabskiego-3-pokojowe-h2y0n7,https://s2.adresowa.pl/oi/71/1f/41138c_f5a5_cover@2x-3-pokojowe-mieszkanie-katowice-os-witosa-ul-wladyslawa-grabskiego.webp
Katowice,os. Witosa,2,48,380000,7917,bez pośredników,,5,https://adresowo.pl/o/mieszkanie-katowice-os-witosa-2-pokojowe-48-m2-g9y7y7,https://s2.adresowa.pl/oi/45/1e/411258_b5e2_cover@2x-2-pokojowe-mieszkanie-katowice-os-witosa.webp
Katowice os. Tysiąclecia,ul. Bolesława Chrobrego,2,50,489000,9780,bez pośredników,,27,https://adresowo.pl/o/mieszkanie-katowice-os-tysiaclecia-ul-boleslawa-chrobrego-2-pokojowe-q0c9q0,https://s2.adresowa.pl/oi/63/51/411144_f7d2_cover@2x-2-pokojowe-mieszkanie-katowice-os-tysiaclecia-ul-boleslawa-chrobrego.webp
Katowice Bogucice,ul. Warszawska 66,2,38,426140,11214,Pośrednik,,18,https://adresowo.pl/o/mieszkanie-katowice-bogucice-ul-warszawska-2-pokojowe-f3c3s4,https://s2.adresowa.pl/oi/70/62/40010a_edcc_cover@2x-2-pokojowe-mieszkanie-katowice-bogucice-ul-warszawska.webp
Katowice Szopienice,ul. Morawa,1,29,235000,8103,Pośrednik,,9,https://adresowo.pl/o/mieszkanie-katowice-szopienice-ul-morawa-1-pokoj-f4n9n2,https://s2.adresowa.pl/oi/40/3b/3ff43c_5435_cover@2x-1-pokojowe-mieszkanie-katowice-szopienice-ul-morawa.webp
Katowice os. Witosa,ul. Michała Ossowskiego,3,60,540000,9000,bez pośredników,,14,https://adresowo.pl/o/mieszkanie-katowice-os-witosa-ul-michala-ossowskiego-3-pokojowe-q0g4l8,https://s2.adresowa.pl/oi/25/20/40bc88_8eb9_cover@2x-3-pokojowe-mieszkanie-katowice-os-witosa-ul-michala-ossowskiego.webp
Katowice Załęże,ul. Juliusza Zarębskiego,2,46,295000,6413,bez pośredników,,8,https://adresowo.pl/o/mieszkanie-katowice-zaleze-ul-juliusza-zarebskiego-2-pokojowe-x7b8z3,https://s2.adresowa.pl/oi/35/1e/410d86_e876_cover@2x-2-pokojowe-mieszkanie-katowice-zaleze-ul-juliusza-zarebskiego.webp
Katowice,Piotrowice,3,61,520000,8525,bez pośredników,,8,https://adresowo.pl/o/mieszkanie-katowice-piotrowice-3-pokojowe-61-m2-j0c1a2,https://s2.adresowa.pl/oi/12/60/410c16_78fb_cover@2x-3-pokojowe-mieszkanie-katowice-piotrowice.webp
Katowice,Nikiszowiec,3,58,524477,9043,Pośrednik,,6,https://adresowo.pl/o/mieszkanie-katowice-nikiszowiec-3-pokojowe-58-m2-l0x1d7,https://s2.adresowa.pl/oi/4f/27/3ff150_8b6c_cover@2x-3-pokojowe-mieszkanie-katowice-nikiszowiec.webp
Katowice,Śródmieście,3,64,1107400,17303,Pośrednik,,7,https://adresowo.pl/o/mieszkanie-katowice-srodmiescie-3-pokojowe-64-m2-o7j2j8,https://s2.adresowa.pl/oi/21/22/3ff148_9176_cover@2x-3-pokojowe-mieszkanie-katowice-srodmiescie.webp
Katowice Dąb,ul. Akacjowa,3,57,410000,7193,bez pośredników,,15,https://adresowo.pl/o/mieszkanie-katowice-dab-ul-akacjowa-3-pokojowe-b7s1o8,https://s2.adresowa.pl/oi/34/74/41083a_7697_cover@2x-3-pokojowe-mieszkanie-katowice-dab-ul-akacjowa.webp
Katowice Giszowiec,ul. Miła,3,61,428000,7016,bez pośredników,,16,https://adresowo.pl/o/mieszkanie-katowice-giszowiec-ul-mila-3-pokojowe-d2p8d9,https://s2.adresowa.pl/oi/1a/6a/41082c_db87_cover@2x-3-pokojowe-mieszkanie-katowice-giszowiec-ul-mila.webp
Katowice Śródmieście,ul. Stanisława Fliegera,4,120,999000,8325,bez pośredników,,8,https://adresowo.pl/o/mieszkanie-katowice-srodmiescie-ul-stanislawa-fliegera-4-pokojowe-a7t6u1,https://s2.adresowa.pl/oi/34/3b/410614_51d9_cover@2x-4-pokojowe-mieszkanie-katowice-srodmiescie-ul-stanislawa-fliegera.webp
Katowice,Nikiszowiec,2,39,398412,10216,Pośrednik,,5,https://adresowo.pl/o/mieszkanie-katowice-nikiszowiec-2-pokojowe-39-m2-z5j3j1,https://s2.adresowa.pl/oi/2a/57/3ff146_7d7a_cover@2x-2-pokojowe-mieszkanie-katowice-nikiszowiec.webp
Katowice,ul. Odrowążów 1,2,65,519000,7985,Pośrednik,,19,https://adresowo.pl/o/mieszkanie-katowice-ul-odrowazow-2-pokojowe-z6z2g3,https://s2.adresowa.pl/oi/23/30/3ff13e_7571_cover@2x-2-pokojowe-mieszkanie-katowice-ul-odrowazow.webp
Katowice Szopienice,ul. Morawa,2,39,340000,8718,bez pośredników,,8,https://adresowo.pl/o/mieszkanie-katowice-szopienice-ul-morawa-2-pokojowe-w0u4z6,https://s2.adresowa.pl/oi/4a/48/40fecc_3f56_cover@2x-2-pokojowe-mieszkanie-katowice-szopienice-ul-morawa.webp
Katowice,os. Tysiąclecia,2,37,385000,10405,bez pośredników,,8,https://adresowo.pl/o/mieszkanie-katowice-os-tysiaclecia-2-pokojowe-37-m2-v9d9y5,https://s2.adresowa.pl/oi/29/4a/40fcfa_50a1_cover@2x-2-pokojowe-mieszkanie-katowice-os-tysiaclecia.webp
Katowice Śródmieście,ul. Adama Mickiewicza,4,158,1582600,10016,bez pośredników,,8,https://adresowo.pl/o/mieszkanie-katowice-srodmiescie-ul-adama-mickiewicza-4-pokojowe-a4x5l7,https://s2.adresowa.pl/oi/46/30/40f56a_7a36_cover@2x-4-pokojowe-mieszkanie-katowice-srodmiescie-ul-adama-mickiewicza.webp
Katowice Śródmieście,ul. Barbary,2,37,663184,17924,Pośrednik,,4,https://adresowo.pl/o/mieszkanie-katowice-srodmiescie-ul-barbary-2-pokojowe-v6f2o8,https://s2.adresowa.pl/oi/70/6e/3ff12e_820a_cover@2x-2-pokojowe-mieszkanie-katowice-srodmiescie-ul-barbary.webp
Katowice Śródmieście,ul. Barbary,4,73,1092170,14961,Pośrednik,,5,https://adresowo.pl/o/mieszkanie-katowice-srodmiescie-ul-barbary-4-pokojowe-c3l6x6,https://s2.adresowa.pl/oi/63/68/3ff12a_3f14_cover@2x-4-pokojowe-mieszkanie-katowice-srodmiescie-ul-barbary.webp
Katowice Brynów,ul. Brynowska,2,44,330000,7500,bez pośredników,,10,https://adresowo.pl/o/mieszkanie-katowice-brynow-ul-brynowska-2-pokojowe-m2z1y1,https://s2.adresowa.pl/oi/31/48/40f1b8_7541_cover@2x-2-pokojowe-mieszkanie-katowice-brynow-ul-brynowska.webp
Katowice Brynów,ul. Mikołowska,2,37,350000,9459,bez pośredników,,8,https://adresowo.pl/o/mieszkanie-katowice-brynow-ul-mikolowska-2-pokojowe-x5p3p0,https://s2.adresowa.pl/oi/20/24/40ef88_455b_cover@2x-2-pokojowe-mieszkanie-katowice-brynow-ul-mikolowska.webp
Katowice Śródmieście,ul. ks. bp. Teodora Kubiny,3,47,419000,8915,bez pośredników,,11,https://adresowo.pl/o/mieszkanie-katowice-srodmiescie-ul-ks-bp-teodora-kubiny-3-pokojowe-u9p6i5,https://s2.adresowa.pl/oi/58/41/40ebbc_80e9_cover@2x-3-pokojowe-mieszkanie-katowice-srodmiescie-ul-ks-bp-teodora-kubiny.webp
Katowice Brynów,ul. Władysława Orkana,2,50,565000,11300,Pośrednik,,11,https://adresowo.pl/o/mieszkanie-katowice-brynow-ul-wladyslawa-orkana-2-pokojowe-a4t8s9,https://s2.adresowa.pl/oi/11/4f/3fb824_cf44_cover@2x-2-pokojowe-mieszkanie-katowice-brynow-ul-wladyslawa-orkana.webp
Katowice Śródmieście,ul. Teatralna 17,2,38,206000,5421,Pośrednik,,6,https://adresowo.pl/o/mieszkanie-katowice-srodmiescie-ul-teatralna-2-pokojowe-o4b5f1,https://s2.adresowa.pl/oi/35/5b/3fae20_6aea_cover@2x-2-pokojowe-mieszkanie-katowice-srodmiescie-ul-teatralna.webp
Katowice Śródmieście,ul. Jana Matejki,2,47,419000,8915,bez pośredników,,5,https://adresowo.pl/o/mieszkanie-katowice-srodmiescie-ul-jana-matejki-2-pokojowe-n7u6l9,https://s2.adresowa.pl/oi/3b/40/40ead0_e7af_cover@2x-2-pokojowe-mieszkanie-katowice-srodmiescie-ul-jana-matejki.webp
Katowice Bogucice,ul. ks. Franciszka Ścigały,3,52,509000,9788,bez pośredników,,16,https://adresowo.pl/o/mieszkanie-katowice-bogucice-ul-ks-franciszka-scigaly-3-pokojowe-s5g1x4,https://s2.adresowa.pl/oi/6e/6b/40e6bc_d471_cover@2x-3-pokojowe-mieszkanie-katowice-bogucice-ul-ks-franciszka-scigaly.webp
Katowice Piotrowice,ul. Marcina Radockiego,3,63,515000,8175,bez pośredników,,11,https://adresowo.pl/o/mieszkanie-katowice-piotrowice-ul-marcina-radockiego-3-pokojowe-t1x8w9,https://s2.adresowa.pl/oi/20/14/40e5ae_b41a_cover@2x-3-pokojowe-mieszkanie-katowice-piotrowice-ul-marcina-radockiego.webp
Katowice,Koszutka,2,39,449000,11513,Pośrednik,,5,https://adresowo.pl/o/mieszkanie-katowice-koszutka-2-pokojowe-39-m2-z4f1w3,https://s2.adresowa.pl/oi/3e/7a/3f8c30_a889_cover@2x-2-pokojowe-mieszkanie-katowice-koszutka.webp
Katowice,ul. Olimpijska,2,54,999000,18500,Pośrednik,,12,https://adresowo.pl/o/mieszkanie-katowice-ul-olimpijska-2-pokojowe-z6g6y0,https://s2.adresowa.pl/oi/6b/7f/3f7658_a780_cover@2x-2-pokojowe-mieszkanie-katowice-ul-olimpijska.webp
Katowice Śródmieście,ul. Uniwersytecka 29,2,37,410000,11081,bez pośredników,,14,https://adresowo.pl/o/mieszkanie-katowice-srodmiescie-ul-uniwersytecka-2-pokojowe-i0u8d4,https://s2.adresowa.pl/oi/3e/52/40e388_cb6e_cover@2x-2-pokojowe-mieszkanie-katowice-srodmiescie-ul-uniwersytecka.webp
Katowice Brynów,ul. Warzywna,2,50,480000,9600,bez pośredników,,8,https://adresowo.pl/o/mieszkanie-katowice-brynow-ul-warzywna-2-pokojowe-a9c2b5,https://s2.adresowa.pl/oi/41/12/40e0c4_2ccd_cover@2x-2-pokojowe-mieszkanie-katowice-brynow-ul-warzywna.webp
Katowice Śródmieście,al. Wojciecha Korfantego,2,38,359000,9447,bez pośredników,,8,https://adresowo.pl/o/mieszkanie-katowice-srodmiescie-al-wojciecha-korfantego-2-pokojowe-o6y4d4,https://s2.adresowa.pl/oi/55/15/40de6c_d952_cover@2x-2-pokojowe-mieszkanie-katowice-srodmiescie-al-wojciecha-korfantego.webp
Katowice,,3,58,465000,8017,Pośrednik,,9,https://adresowo.pl/o/mieszkanie-katowice-3-pokojowe-58-m2-a7a8n0,https://s2.adresowa.pl/oi/64/43/3f32ce_8ab7_cover@2x-3-pokojowe-mieszkanie-katowice.webp
Katowice Śródmieście,ul. Warszawska 67,2,47,499000,10617,Pośrednik,,9,https://adresowo.pl/o/mieszkanie-katowice-srodmiescie-ul-warszawska-2-pokojowe-n9r7e1,https://s2.adresowa.pl/oi/3e/44/3f254c_8a38_cover@2x-2-pokojowe-mieszkanie-katowice-srodmiescie-ul-warszawska.webp
Katowice Dąbrówka Mała,al. Walentego Roździeńskiego,3,62,439000,7081,bez pośredników,,10,https://adresowo.pl/o/mieszkanie-katowice-dabrowka-mala-al-walentego-rozdzienskiego-3-pokojowe-i2c1r8,https://s2.adresowa.pl/oi/5d/2a/40ddc4_8179_cover@2x-3-pokojowe-mieszkanie-katowice-dabrowka-mala-al-walentego-rozdzienskiego.webp
Katowice,Muchowiec,1,30,335000,11167,bez pośredników,,20,https://adresowo.pl/o/mieszkanie-katowice-muchowiec-1-pokoj-30-m2-j8y8h0,https://s2.adresowa.pl/oi/3f/5d/40dbc4_8318_cover@2x-1-pokojowe-mieszkanie-katowice-muchowiec.webp
Katowice os. Tysiąclecia,ul. Piastów,2,37,374000,10108,bez pośredników,,8,https://adresowo.pl/o/mieszkanie-katowice-os-tysiaclecia-ul-piastow-2-pokojowe-s6o1n4,https://s2.adresowa.pl/oi/22/56/40da7e_7d90_cover@2x-2-pokojowe-mieszkanie-katowice-os-tysiaclecia-ul-piastow.webp
Katowice Koszutka,ul. Michała Grażyńskiego 13,2,41,330000,8049,Pośrednik,,15,https://adresowo.pl/o/mieszkanie-katowice-koszutka-ul-michala-grazynskiego-2-pokojowe-x5a5o7,https://s2.adresowa.pl/oi/34/48/3f1df4_5571_cover@2x-2-pokojowe-mieszkanie-katowice-koszutka-ul-michala-grazynskiego.webp
Katowice Śródmieście,ul. Juliusza Słowackiego,2,40,439999,11000,Pośrednik,,6,https://adresowo.pl/o/mieszkanie-katowice-srodmiescie-ul-juliusza-slowackiego-2-pokojowe-a5g7m3,https://s2.adresowa.pl/oi/18/5f/3efbd4_4ddf_cover@2x-2-pokojowe-mieszkanie-katowice-srodmiescie-ul-juliusza-slowackiego.webp
Katowice Dolina Trzech Stawów,ul. Graniczna,1,30,357000,11900,bez pośredników,,16,https://adresowo.pl/o/mieszkanie-katowice-dolina-trzech-stawow-ul-graniczna-1-pokoj-f0k8e8,https://s2.adresowa.pl/oi/35/43/40d77c_ed69_cover@2x-1-pokojowe-mieszkanie-katowice-dolina-trzech-stawow-ul-graniczna.webp
Katowice,Wełnowiec,4,67,536000,8000,bez pośredników,,8,https://adresowo.pl/o/mieszkanie-katowice-welnowiec-4-pokojowe-67-m2-h9o0v0,https://s2.adresowa.pl/oi/4c/6b/40d9c2_52d6_cover@2x-4-pokojowe-mieszkanie-katowice-welnowiec.webp
Katowice Wełnowiec,ul. Józefowska,3,62,419000,6758,bez pośredników,,13,https://adresowo.pl/o/mieszkanie-katowice-welnowiec-ul-jozefowska-3-pokojowe-r4y8t2,https://s2.adresowa.pl/oi/38/66/40d5a8_7099_cover@2x-3-pokojowe-mieszkanie-katowice-welnowiec-ul-jozefowska.webp
Katowice Załęże,ul. Jana Wyplera,4,56,324000,5786,Pośrednik,,6,https://adresowo.pl/o/mieszkanie-katowice-zaleze-ul-jana-wyplera-4-pokojowe-e0g7g4,https://s2.adresowa.pl/oi/57/2f/3efbd0_89b3_cover@2x-4-pokojowe-mieszkanie-katowice-zaleze-ul-jana-wyplera.webp
Katowice Bogucice,ul. Katowicka,2,33,129000,3909,Pośrednik,,3,https://adresowo.pl/o/mieszkanie-katowice-bogucice-ul-katowicka-2-pokojowe-h0u1l2,https://s2.adresowa.pl/oi/39/65/3efbc2_9411_cover@2x-2-pokojowe-mieszkanie-katowice-bogucice-ul-katowicka.webp
Katowice Bogucice,ul. Wincentego Wajdy,3,63,575000,9127,bez pośredników,,14,https://adresowo.pl/o/mieszkanie-katowice-bogucice-ul-wincentego-wajdy-3-pokojowe-m3f0p6,https://s2.adresowa.pl/oi/2b/59/40d4d6_9b70_cover@2x-3-pokojowe-mieszkanie-katowice-bogucice-ul-wincentego-wajdy.webp
Katowice Dąb,al. Wojciecha Korfantego,2,42,696000,16571,bez pośredników,,20,https://adresowo.pl/o/mieszkanie-katowice-dab-al-wojciecha-korfantego-2-pokojowe-b8u8q9,https://s2.adresowa.pl/oi/42/2d/40d1fa_9541_cover@2x-2-pokojowe-mieszkanie-katowice-dab-al-wojciecha-korfantego.webp
Katowice,Piotrowice,1,26,309000,11885,bez pośredników,,8,https://adresowo.pl/o/mieszkanie-katowice-piotrowice-1-pokoj-26-m2-z9c1n5,https://s2.adresowa.pl/oi/3c/1e/40cfb0_d28a_cover@2x-1-pokojowe-mieszkanie-katowice-piotrowice.webp
Katowice Piotrowice,ul. Północna 27,3,45,419000,9311,Pośrednik,,12,https://adresowo.pl/o/mieszkanie-katowice-piotrowice-ul-polnocna-3-pokojowe-o2c0l2,https://s2.adresowa.pl/oi/43/6a/3ef846_61bd_cover@2x-3-pokojowe-mieszkanie-katowice-piotrowice-ul-polnocna.webp
Katowice Załęże,ul. Gliwicka,1,36,139000,3861,Pośrednik,,3,https://adresowo.pl/o/mieszkanie-katowice-zaleze-ul-gliwicka-1-pokoj-g8s9e5,https://s2.adresowa.pl/oi/56/40/3e906e_f97e_cover@2x-1-pokojowe-mieszkanie-katowice-zaleze-ul-gliwicka.webp
Katowice os. Witosa,ul. Norberta Barlickiego,2,49,449000,9163,bez pośredników,,16,https://adresowo.pl/o/mieszkanie-katowice-os-witosa-ul-norberta-barlickiego-2-pokojowe-q9n5v2,https://s2.adresowa.pl/oi/52/73/40c53e_ceec_cover@2x-2-pokojowe-mieszkanie-katowice-os-witosa-ul-norberta-barlickiego.webp
Katowice Wełnowiec,ul. Bytkowska,2,46,500000,10870,bez pośredników,,12,https://adresowo.pl/o/mieszkanie-katowice-welnowiec-ul-bytkowska-2-pokojowe-p2a7q9,https://s2.adresowa.pl/oi/6a/53/40c472_d388_cover@2x-2-pokojowe-mieszkanie-katowice-welnowiec-ul-bytkowska.webp
Katowice Giszowiec,ul. Kolista,3,75,575000,7667,bez pośredników,,8,https://adresowo.pl/o/mieszkanie-katowice-giszowiec-ul-kolista-3-pokojowe-w5r6n6,https://s2.adresowa.pl/oi/36/20/40c2d6_6eec_cover@2x-3-pokojowe-mieszkanie-katowice-giszowiec-ul-kolista.webp
Katowice,ul. Zabrska 15,1,27,554000,20519,Pośrednik,,5,https://adresowo.pl/o/mieszkanie-katowice-ul-zabrska-1-pokoj-b4j9q7,https://s2.adresowa.pl/oi/65/23/3e8a1e_3ba3_cover@2x-1-pokojowe-mieszkanie-katowice-ul-zabrska.webp
Katowice,ul. Zabrska 15,3,51,972000,19059,Pośrednik,,10,https://adresowo.pl/o/mieszkanie-katowice-ul-zabrska-3-pokojowe-g5l8v2,https://s2.adresowa.pl/oi/7b/63/3e89e6_d0e9_cover@2x-3-pokojowe-mieszkanie-katowice-ul-zabrska.webp
Katowice,Ligota,2,47,520000,11064,bez pośredników,,10,https://adresowo.pl/o/mieszkanie-katowice-ligota-2-pokojowe-47-m2-d2q9m1,https://s2.adresowa.pl/oi/7d/51/40c2ac_4136_cover@2x-2-pokojowe-mieszkanie-katowice-ligota.webp
Katowice Dąb,ul. Jabłoniowa,2,44,449000,10205,bez pośredników,,5,https://adresowo.pl/o/mieszkanie-katowice-dab-ul-jabloniowa-2-pokojowe-g4l9d2,https://s2.adresowa.pl/oi/27/3c/40c22c_5c92_cover@2x-2-pokojowe-mieszkanie-katowice-dab-ul-jabloniowa.webp
Katowice Muchowiec,ul. Szybowcowa,2,51,749000,14686,bez pośredników,,14,https://adresowo.pl/o/mieszkanie-katowice-muchowiec-ul-szybowcowa-2-pokojowe-n6l0l0,https://s2.adresowa.pl/oi/27/4a/40c056_fa2a_cover@2x-2-pokojowe-mieszkanie-katowice-muchowiec-ul-szybowcowa.webp
Katowice Panewniki,ul. Bałtycka,3,55,649000,11800,Pośrednik,,21,https://adresowo.pl/o/mieszkanie-katowice-panewniki-ul-baltycka-3-pokojowe-o0b9m1,https://s2.adresowa.pl/oi/65/71/3e67ac_67d8_cover@2x-3-pokojowe-mieszkanie-katowice-panewniki-ul-baltycka.webp
Katowice Janów,ul. Zamkowa,3,45,309000,6867,Pośrednik,,13,https://adresowo.pl/o/mieszkanie-katowice-janow-ul-zamkowa-3-pokojowe-e5c5q2,https://s2.adresowa.pl/oi/45/15/3e64a0_a14c_cover@2x-3-pokojowe-mieszkanie-katowice-janow-ul-zamkowa.webp
Katowice Śródmieście,ul. Konstantego Damrota 6,1,26,399000,15346,bez pośredników,,15,https://adresowo.pl/o/mieszkanie-katowice-srodmiescie-ul-konstantego-damrota-1-pokoj-a2q5k8,https://s2.adresowa.pl/oi/53/54/40bddc_398f_cover@2x-1-pokojowe-mieszkanie-katowice-srodmiescie-ul-konstantego-damrota.webp
Katowice Brynów,ul. Karola Adwentowicza,2,48,389000,8104,bez pośredników,,19,https://adresowo.pl/o/mieszkanie-katowice-brynow-ul-karola-adwentowicza-2-pokojowe-a5p1i2,https://s2.adresowa.pl/oi/40/48/40bd1c_7f39_cover@2x-2-pokojowe-mieszkanie-katowice-brynow-ul-karola-adwentowicza.webp
Katowice Dąb,ul. Tomasza Kotlarza,2,34,336000,9882,bez pośredników,,10,https://adresowo.pl/o/mieszkanie-katowice-dab-ul-tomasza-kotlarza-2-pokojowe-k3b7a0,https://s2.adresowa.pl/oi/4e/7b/40b4c2_6529_cover@2x-2-pokojowe-mieszkanie-katowice-dab-ul-tomasza-kotlarza.webp
Katowice,,3,50,345000,6900,Pośrednik,,20,https://adresowo.pl/o/mieszkanie-katowice-3-pokojowe-50-m2-h1n6r6,https://s2.adresowa.pl/oi/2b/30/3e3a54_8ad5_cover@2x-3-pokojowe-mieszkanie-katowice.webp
Katowice,ul. Karoliny,2,31,381000,12290,Pośrednik,,4,https://adresowo.pl/o/mieszkanie-katowice-ul-karoliny-2-pokojowe-q3i1x4,https://s2.adresowa.pl/oi/6c/60/3ddd92_4e33_cover@2x-2-pokojowe-mieszkanie-katowice-ul-karoliny.webp
Katowice Muchowiec,ul. Ignacego Paderewskiego,2,40,588990,14725,bez pośredników,,2,https://adresowo.pl/o/mieszkanie-katowice-muchowiec-ul-ignacego-paderewskiego-2-pokojowe-o6j1j4,https://s2.adresowa.pl/oi/2c/30/40b816_a38a_cover@2x-2-pokojowe-mieszkanie-katowice-muchowiec-ul-ignacego-paderewskiego.webp
Katowice,Załęże,2,65,470000,7231,bez pośredników,,8,https://adresowo.pl/o/mieszkanie-katowice-zaleze-2-pokojowe-65-m2-f8v9c4,https://s2.adresowa.pl/oi/6b/12/40af14_cb0b_cover@2x-2-pokojowe-mieszkanie-katowice-zaleze.webp
Katowice Piotrowice,ul. Szewska,3,63,565000,8968,bez pośredników,,19,https://adresowo.pl/o/mieszkanie-katowice-piotrowice-ul-szewska-3-pokojowe-n0h7c2,https://s2.adresowa.pl/oi/5a/16/40ad8a_66ad_cover@2x-3-pokojowe-mieszkanie-katowice-piotrowice-ul-szewska.webp
Katowice,ul. Cisowa,2,37,415000,11216,Pośrednik,,4,https://adresowo.pl/o/mieszkanie-katowice-ul-cisowa-2-pokojowe-g2u1v2,https://s2.adresowa.pl/oi/53/27/3ddd70_7328_cover@2x-2-pokojowe-mieszkanie-katowice-ul-cisowa.webp
Katowice,ul. Bolesława Chrobrego 31,2,50,403949,8079,Pośrednik,,21,https://adresowo.pl/o/mieszkanie-katowice-ul-boleslawa-chrobrego-2-pokojowe-s4y6d9,https://s2.adresowa.pl/oi/59/53/3dc6ea_7ee1_cover@2x-2-pokojowe-mieszkanie-katowice-ul-boleslawa-chrobrego.webp
Katowice Muchowiec,ul. gen. Władysława Sikorskiego,2,43,477000,11093,bez pośredników,,10,https://adresowo.pl/o/mieszkanie-katowice-muchowiec-ul-gen-wladyslawa-sikorskiego-2-pokojowe-k3i2p6,https://s2.adresowa.pl/oi/15/74/40aca6_e54b_cover@2x-2-pokojowe-mieszkanie-katowice-muchowiec-ul-gen-wladyslawa-sikorskiego.webp
Katowice Śródmieście,ul. Zabrska,1,36,880000,24444,bez pośredników,,10,https://adresowo.pl/o/mieszkanie-katowice-srodmiescie-ul-zabrska-1-pokoj-g6d3q5,https://s2.adresowa.pl/oi/5f/33/40ab72_4804_cover@2x-1-pokojowe-mieszkanie-katowice-srodmiescie-ul-zabrska.webp
Katowice,Piotrowice,3,47,349000,7426,bez pośredników,,7,https://adresowo.pl/o/mieszkanie-katowice-piotrowice-3-pokojowe-47-m2-x5l2h9,https://s2.adresowa.pl/oi/1a/17/40a99c_e217_cover@2x-3-pokojowe-mieszkanie-katowice-piotrowice.webp
Katowice,ul. Armii Krajowej,2,39,489000,12538,Pośrednik,,3,https://adresowo.pl/o/mieszkanie-katowice-ul-armii-krajowej-2-pokojowe-c5b9k8,https://s2.adresowa.pl/oi/7a/6f/3db11a_7965_cover@2x-2-pokojowe-mieszkanie-katowice-ul-armii-krajowej.webp
Katowice,ul. Ignacego Paderewskiego,2,38,446000,11737,Pośrednik,,4,https://adresowo.pl/o/mieszkanie-katowice-ul-ignacego-paderewskiego-2-pokojowe-g5o1o7,https://s2.adresowa.pl/oi/29/72/3da9ac_3c77_cover@2x-2-pokojowe-mieszkanie-katowice-ul-ignacego-paderewskiego.webp
Katowice Kostuchna,ul. Bażantów,2,68,770000,11324,bez pośredników,,11,https://adresowo.pl/o/mieszkanie-katowice-kostuchna-ul-bazantow-2-pokojowe-m8e5n1,https://s2.adresowa.pl/oi/36/78/40a6a4_496e_cover@2x-2-pokojowe-mieszkanie-katowice-kostuchna-ul-bazantow.webp
Katowice os. Tysiąclecia,ul. Tysiąclecia,3,58,585000,10086,bez pośredników,,17,https://adresowo.pl/o/mieszkanie-katowice-os-tysiaclecia-ul-tysiaclecia-3-pokojowe-u2o1v5,https://s2.adresowa.pl/oi/4d/31/40a55a_7638_cover@2x-3-pokojowe-mieszkanie-katowice-os-tysiaclecia-ul-tysiaclecia.webp
Katowice Śródmieście,ul. Zabrska,1,36,685000,19028,bez pośredników,,20,https://adresowo.pl/o/mieszkanie-katowice-srodmiescie-ul-zabrska-1-pokoj-z0l1w9,https://s2.adresowa.pl/oi/7b/36/409af4_a22b_cover@2x-1-pokojowe-mieszkanie-katowice-srodmiescie-ul-zabrska.webp
Katowice,ul. Leopolda,4,205,3794000,18507,Pośrednik,,8,https://adresowo.pl/o/mieszkanie-katowice-ul-leopolda-4-pokojowe-s8i2t7,https://s2.adresowa.pl/oi/1d/51/3da9a6_a106_cover@2x-4-pokojowe-mieszkanie-katowice-ul-leopolda.webp
Katowice,ul. gen. Zygmunta Waltera Jankego,2,41,431000,10512,Pośrednik,,4,https://adresowo.pl/o/mieszkanie-katowice-ul-gen-zygmunta-waltera-jankego-2-pokojowe-j7d1u5,https://s2.adresowa.pl/oi/62/46/3da970_accf_cover@2x-2-pokojowe-mieszkanie-katowice-ul-gen-zygmunta-waltera-jankego.webp
Katowice Wełnowiec,ul. Słoneczna,2,52,500000,9615,bez pośredników,,11,https://adresowo.pl/o/mieszkanie-katowice-welnowiec-ul-sloneczna-2-pokojowe-k5s2v7,https://s2.adresowa.pl/oi/58/7b/409a7a_4006_cover@2x-2-pokojowe-mieszkanie-katowice-welnowiec-ul-sloneczna.webp
Katowice Wełnowiec,ul. Jana Dekerta,2,50,358000,7160,bez pośredników,,7,https://adresowo.pl/o/mieszkanie-katowice-welnowiec-ul-jana-dekerta-2-pokojowe-r7q9c7,https://s2.adresowa.pl/oi/48/4d/409a40_c06c_cover@2x-2-pokojowe-mieszkanie-katowice-welnowiec-ul-jana-dekerta.webp
Katowice,Ligota,2,38,320000,8421,bez pośredników,,8,https://adresowo.pl/o/mieszkanie-katowice-ligota-2-pokojowe-38-m2-c6c0v5,https://s2.adresowa.pl/oi/2e/3a/4099ce_6b7b_cover@2x-2-pokojowe-mieszkanie-katowice-ligota.webp
Katowice,ul. gen. Zygmunta Waltera Jankego,1,29,314000,10828,Pośrednik,,4,https://adresowo.pl/o/mieszkanie-katowice-ul-gen-zygmunta-waltera-jankego-1-pokoj-r8f9b9,https://s2.adresowa.pl/oi/4d/66/3da968_c3f5_cover@2x-1-pokojowe-mieszkanie-katowice-ul-gen-zygmunta-waltera-jankego.webp
Katowice Śródmieście,ul. Gliwicka,2,32,405000,12656,Pośrednik,,4,https://adresowo.pl/o/mieszkanie-katowice-srodmiescie-ul-gliwicka-2-pokojowe-n2u6a6,https://s2.adresowa.pl/oi/3e/40/3da942_7f2a_cover@2x-2-pokojowe-mieszkanie-katowice-srodmiescie-ul-gliwicka.webp
Katowice Ochojec,ul. Ziołowa,1,35,320000,9143,bez pośredników,,8,https://adresowo.pl/o/mieszkanie-katowice-ochojec-ul-ziolowa-1-pokoj-c8m0h5,https://s2.adresowa.pl/oi/53/67/40980a_3c55_cover@2x-1-pokojowe-mieszkanie-katowice-ochojec-ul-ziolowa.webp
Katowice Muchowiec,ul. gen. Kazimierza Pułaskiego,4,70,1249000,17843,bez pośredników,,21,https://adresowo.pl/o/mieszkanie-katowice-muchowiec-ul-gen-kazimierza-pulaskiego-4-pokojowe-d3n0d1,https://s2.adresowa.pl/oi/5e/5e/4097e0_8c14_cover@2x-4-pokojowe-mieszkanie-katowice-muchowiec-ul-gen-kazimierza-pulaskiego.webp
Katowice os. Tysiąclecia,ul. Bolesława Chrobrego,4,72,590000,8194,bez pośredników,,8,https://adresowo.pl/o/mieszkanie-katowice-os-tysiaclecia-ul-boleslawa-chrobrego-4-pokojowe-h3h4y7,https://s2.adresowa.pl/oi/5e/2f/408f28_f4a6_cover@2x-4-pokojowe-mieszkanie-katowice-os-tysiaclecia-ul-boleslawa-chrobrego.webp
Katowice,ul. Karoliny,2,38,375000,9868,Pośrednik,,5,https://adresowo.pl/o/mieszkanie-katowice-ul-karoliny-2-pokojowe-h7g2v9,https://s2.adresowa.pl/oi/77/2f/3da92a_c4a3_cover@2x-2-pokojowe-mieszkanie-katowice-ul-karoliny.webp
Katowice,ul. Karoliny,3,46,586000,12739,Pośrednik,,5,https://adresowo.pl/o/mieszkanie-katowice-ul-karoliny-3-pokojowe-v8b4o0,https://s2.adresowa.pl/oi/3d/6c/3da922_2da4_cover@2x-3-pokojowe-mieszkanie-katowice-ul-karoliny.webp
Katowice Śródmieście,ul. Barbary,2,45,320000,7111,bez pośredników,,9,https://adresowo.pl/o/mieszkanie-katowice-srodmiescie-ul-barbary-2-pokojowe-a7l5j1,https://s2.adresowa.pl/oi/36/2f/324a66_d2f7_cover@2x-2-pokojowe-mieszkanie-katowice-srodmiescie-ul-barbary.webp
Katowice Ligota,ul. Koszalińska,1,38,320000,8421,bez pośredników,,9,https://adresowo.pl/o/mieszkanie-katowice-ligota-ul-koszalinska-1-pokoj-v3z3q6,https://s2.adresowa.pl/oi/7a/4b/408d66_3046_cover@2x-1-pokojowe-mieszkanie-katowice-ligota-ul-koszalinska.webp
Katowice os. Witosa,ul. Piotra Bardowskiego,3,56,800000,14286,bez pośredników,,16,https://adresowo.pl/o/mieszkanie-katowice-os-witosa-ul-piotra-bardowskiego-3-pokojowe-f4i0g2,https://s2.adresowa.pl/oi/10/7c/408b34_5847_cover@2x-3-pokojowe-mieszkanie-katowice-os-witosa-ul-piotra-bardowskiego.webp
Katowice Bogucice,ul. Henryka Mikołaja Góreckiego,3,55,1115000,20273,bez pośredników,,10,https://adresowo.pl/o/mieszkanie-katowice-bogucice-ul-henryka-mikolaja-goreckiego-3-pokojowe-s3l9m2,https://s2.adresowa.pl/oi/5c/70/408b60_9ae3_cover@2x-3-pokojowe-mieszkanie-katowice-bogucice-ul-henryka-mikolaja-goreckiego.webp
Katowice,,4,80,906000,11325,Pośrednik,,3,https://adresowo.pl/o/mieszkanie-katowice-4-pokojowe-80-m2-w3h2q9,https://s2.adresowa.pl/oi/7f/41/3da91a_a358_cover@2x-4-pokojowe-mieszkanie-katowice.webp
Katowice Śródmieście,ul. Gliwicka,2,30,400000,13333,Pośrednik,,4,https://adresowo.pl/o/mieszkanie-katowice-srodmiescie-ul-gliwicka-2-pokojowe-i4x0r7,https://s2.adresowa.pl/oi/1a/56/3da8aa_4b0c_cover@2x-2-pokojowe-mieszkanie-katowice-srodmiescie-ul-gliwicka.webp
Katowice Ligota,ul. Zielonogórska,2,34,390000,11471,bez pośredników,,9,https://adresowo.pl/o/mieszkanie-katowice-ligota-ul-zielonogorska-2-pokojowe-s8d0n7,https://s2.adresowa.pl/oi/1c/25/408852_604c_cover@2x-2-pokojowe-mieszkanie-katowice-ligota-ul-zielonogorska.webp
Katowice,ul. Pijarska,2,48,589000,12271,bez pośredników,,8,https://adresowo.pl/o/mieszkanie-katowice-ul-pijarska-2-pokojowe-e2o5i1,https://s2.adresowa.pl/oi/1b/36/4085b8_3d7a_cover@2x-2-pokojowe-mieszkanie-katowice-ul-pijarska.webp
Katowice Szopienice,ul. gen. Józefa Hallera,2,25,255000,10200,bez pośredników,,12,https://adresowo.pl/o/mieszkanie-katowice-szopienice-ul-gen-jozefa-hallera-2-pokojowe-l9u8g0,https://s2.adresowa.pl/oi/65/52/40828e_3a5a_cover@2x-2-pokojowe-mieszkanie-katowice-szopienice-ul-gen-jozefa-hallera.webp
Katowice,ul. Ignacego Paderewskiego,3,51,665548,13050,Pośrednik,,4,https://adresowo.pl/o/mieszkanie-katowice-ul-ignacego-paderewskiego-3-pokojowe-h9b3m8,https://s2.adresowa.pl/oi/39/39/3da8a2_d1c7_cover@2x-3-pokojowe-mieszkanie-katowice-ul-ignacego-paderewskiego.webp
Katowice,ul. Śląska,3,68,845000,12426,Pośrednik,,6,https://adresowo.pl/o/mieszkanie-katowice-ul-slaska-3-pokojowe-z9x5c8,https://s2.adresowa.pl/oi/3a/61/3da894_8d79_cover@2x-3-pokojowe-mieszkanie-katowice-ul-slaska.webp
Katowice Szopienice,ul. Przedwiośnie,2,47,385000,8191,bez pośredników,,13,https://adresowo.pl/o/mieszkanie-katowice-szopienice-ul-przedwiosnie-2-pokojowe-q1u5k0,https://s2.adresowa.pl/oi/74/76/407d26_d57a_cover@2x-2-pokojowe-mieszkanie-katowice-szopienice-ul-przedwiosnie.webp
Katowice Zawodzie,ul. Racławicka,2,46,299000,6500,bez pośredników,,1,https://adresowo.pl/o/mieszkanie-katowice-zawodzie-ul-raclawicka-2-pokojowe-b7o1f6,https://s2.adresowa.pl/oi/49/33/407b08_48da_cover@2x-2-pokojowe-mieszkanie-katowice-zawodzie-ul-raclawicka.webp
Katowice,Piotrowice,4,69,800000,11594,bez pośredników,,8,https://adresowo.pl/o/mieszkanie-katowice-piotrowice-4-pokojowe-69-m2-v6h1p5,https://s2.adresowa.pl/oi/1e/3d/4078dc_73d1_cover@2x-4-pokojowe-mieszkanie-katowice-piotrowice.webp
Katowice,ul. Śląska,2,27,337000,12481,Pośrednik,,4,https://adresowo.pl/o/mieszkanie-katowice-ul-slaska-2-pokojowe-d3x2f0,https://s2.adresowa.pl/oi/50/67/3da890_eae2_cover@2x-2-pokojowe-mieszkanie-katowice-ul-slaska.webp
Katowice,ul. Śląska,3,96,1446000,15062,Pośrednik,,5,https://adresowo.pl/o/mieszkanie-katowice-ul-slaska-3-pokojowe-s2u8e1,https://s2.adresowa.pl/oi/4d/7d/3da88c_d227_cover@2x-3-pokojowe-mieszkanie-katowice-ul-slaska.webp
Katowice Szopienice,ul. Wiosny Ludów,2,34,305000,8971,bez pośredników,,16,https://adresowo.pl/o/mieszkanie-katowice-szopienice-ul-wiosny-ludow-2-pokojowe-f2s0i5,https://s2.adresowa.pl/oi/2b/1b/407680_f166_cover@2x-2-pokojowe-mieszkanie-katowice-szopienice-ul-wiosny-ludow.webp
Katowice Giszowiec,ul. Wojciecha,2,43,370000,8605,bez pośredników,,8,https://adresowo.pl/o/mieszkanie-katowice-giszowiec-ul-wojciecha-2-pokojowe-o1d1g3,https://s2.adresowa.pl/oi/26/68/4075f8_52e7_cover@2x-2-pokojowe-mieszkanie-katowice-giszowiec-ul-wojciecha.webp
Katowice Wełnowiec,ul. Józefowska,3,62,629000,10145,bez pośredników,,17,https://adresowo.pl/o/mieszkanie-katowice-welnowiec-ul-jozefowska-3-pokojowe-g4b5w5,https://s2.adresowa.pl/oi/7b/6f/40756e_9ffe_cover@2x-3-pokojowe-mieszkanie-katowice-welnowiec-ul-jozefowska.webp
Katowice,ul. Graniczna,4,82,1434945,17499,Pośrednik,,5,https://adresowo.pl/o/mieszkanie-katowice-ul-graniczna-4-pokojowe-c5j5z3,https://s2.adresowa.pl/oi/6a/34/3da756_84de_cover@2x-4-pokojowe-mieszkanie-katowice-ul-graniczna.webp
Katowice,ul. Leopolda,4,84,840000,10000,Pośrednik,,5,https://adresowo.pl/o/mieszkanie-katowice-ul-leopolda-4-pokojowe-c5b8z9,https://s2.adresowa.pl/oi/5a/43/3da752_ee6e_cover@2x-4-pokojowe-mieszkanie-katowice-ul-leopolda.webp
Katowice Brynów,ul. Wincentego Pola,3,58,460000,7931,bez pośredników,,17,https://adresowo.pl/o/mieszkanie-katowice-brynow-ul-wincentego-pola-3-pokojowe-r5q2p4,https://s2.adresowa.pl/oi/40/3d/407330_b22c_cover@2x-3-pokojowe-mieszkanie-katowice-brynow-ul-wincentego-pola.webp
Katowice Giszowiec,ul. Adama,2,51,335000,6569,bez pośredników,,1,https://adresowo.pl/o/mieszkanie-katowice-giszowiec-ul-adama-2-pokojowe-f4t4b7,https://s2.adresowa.pl/oi/5d/2e/4071de_58d3_cover@2x-2-pokojowe-mieszkanie-katowice-giszowiec-ul-adama.webp
Katowice Brynów,ul. Wróbli,5,116,1325000,11422,bez pośredników,,8,https://adresowo.pl/o/mieszkanie-katowice-brynow-ul-wrobli-5-pokojowe-t9g4w0,https://s2.adresowa.pl/oi/3e/46/406aa6_3803_cover@2x-5-pokojowe-mieszkanie-katowice-brynow-ul-wrobli.webp
Katowice Józefowiec,ul. Józefowska,3,62,479000,7726,Pośrednik,,19,https://adresowo.pl/o/mieszkanie-katowice-jozefowiec-ul-jozefowska-3-pokojowe-n3q0o2,https://s2.adresowa.pl/oi/20/50/3d9dc2_2927_cover@2x-3-pokojowe-mieszkanie-katowice-jozefowiec-ul-jozefowska.webp
Katowice Janów,ul. Zamkowa,3,52,388000,7462,Pośrednik,,7,https://adresowo.pl/o/mieszkanie-katowice-janow-ul-zamkowa-3-pokojowe-d4j0l7,https://s2.adresowa.pl/oi/28/38/3d6d84_7881_cover@2x-3-pokojowe-mieszkanie-katowice-janow-ul-zamkowa.webp
Katowice Śródmieście,al. Wojciecha Korfantego,3,46,335000,7283,bez pośredników,,14,https://adresowo.pl/o/mieszkanie-katowice-srodmiescie-al-wojciecha-korfantego-3-pokojowe-d5s1z1,https://s2.adresowa.pl/oi/6a/7b/40672c_b19b_cover@2x-3-pokojowe-mieszkanie-katowice-srodmiescie-al-wojciecha-korfantego.webp
Katowice Wełnowiec,ul. Bytkowska,2,46,592800,12887,bez pośredników,,7,https://adresowo.pl/o/mieszkanie-katowice-welnowiec-ul-bytkowska-2-pokojowe-n1y7p0,https://s2.adresowa.pl/oi/2d/53/406766_73e4_cover@2x-2-pokojowe-mieszkanie-katowice-welnowiec-ul-bytkowska.webp
Katowice,ul. Pogodna,2,48,290000,6042,bez pośredników,,8,https://adresowo.pl/o/mieszkanie-katowice-ul-pogodna-2-pokojowe-k5d6d2,https://s2.adresowa.pl/oi/7f/6d/406658_4055_cover@2x-2-pokojowe-mieszkanie-katowice-ul-pogodna.webp
Katowice Ochojec,ul. Marcina Radockiego,3,75,650000,8667,Pośrednik,,12,https://adresowo.pl/o/mieszkanie-katowice-ochojec-ul-marcina-radockiego-3-pokojowe-e4e1a6,https://s2.adresowa.pl/oi/12/18/3d6d7a_3f11_cover@2x-3-pokojowe-mieszkanie-katowice-ochojec-ul-marcina-radockiego.webp
Katowice Załęże,ul. Wincentego Janasa,1,29,288000,9931,Pośrednik,,15,https://adresowo.pl/o/mieszkanie-katowice-zaleze-ul-wincentego-janasa-1-pokoj-z1k2o4,https://s2.adresowa.pl/oi/78/43/3cc34a_85d9_cover@2x-1-pokojowe-mieszkanie-katowice-zaleze-ul-wincentego-janasa.webp
Katowice Śródmieście,ul. 18 Sierpnia,1,41,339000,8268,bez pośredników,,8,https://adresowo.pl/o/mieszkanie-katowice-srodmiescie-ul-18-sierpnia-1-pokoj-t3p9t2,https://s2.adresowa.pl/oi/6e/2a/40627a_28b0_cover@2x-1-pokojowe-mieszkanie-katowice-srodmiescie-ul-18-sierpnia.webp
Katowice Śródmieście,ul. 3 Maja,2,39,380000,9744,bez pośredników,,11,https://adresowo.pl/o/mieszkanie-katowice-srodmiescie-ul-3-maja-2-pokojowe-t8t1r4,https://s2.adresowa.pl/oi/11/40/405cec_849a_cover@2x-2-pokojowe-mieszkanie-katowice-srodmiescie-ul-3-maja.webp
Katowice Śródmieście,ul. Księcia Józefa Poniatowskiego,3,58,472000,8138,bez pośredników,,8,https://adresowo.pl/o/mieszkanie-katowice-srodmiescie-ul-ksiecia-jozefa-poniatowskiego-3-pokojowe-o5o7k8,https://s2.adresowa.pl/oi/6f/42/4055da_a7a0_cover@2x-3-pokojowe-mieszkanie-katowice-srodmiescie-ul-ksiecia-jozefa-poniatowskiego.webp
Katowice Panewniki,ul. Panewnicka,3,50,470000,9400,Pośrednik,,9,https://adresowo.pl/o/mieszkanie-katowice-panewniki-ul-panewnicka-3-pokojowe-q1j1b4,https://s2.adresowa.pl/oi/5e/68/3ca182_2b71_cover@2x-3-pokojowe-mieszkanie-katowice-panewniki-ul-panewnicka.webp
Katowice Śródmieście,ul. Warszawska,2,29,339000,11690,Pośrednik,,12,https://adresowo.pl/o/mieszkanie-katowice-srodmiescie-ul-warszawska-2-pokojowe-i4e9v9,https://s2.adresowa.pl/oi/25/2e/3c82d2_5a99_cover@2x-2-pokojowe-mieszkanie-katowice-srodmiescie-ul-warszawska.webp
Katowice Bogucice,ul. Sandomierska,2,49,449000,9163,bez pośredników,,7,https://adresowo.pl/o/mieszkanie-katowice-bogucice-ul-sandomierska-2-pokojowe-k8t3s7,https://s2.adresowa.pl/oi/31/17/40517e_aad8_cover@2x-2-pokojowe-mieszkanie-katowice-bogucice-ul-sandomierska.webp
Katowice Brynów,ul. Rzepakowa,2,44,589000,13386,bez pośredników,,20,https://adresowo.pl/o/mieszkanie-katowice-brynow-ul-rzepakowa-2-pokojowe-r2m0j1,https://s2.adresowa.pl/oi/7f/60/4041c2_614d_cover@2x-2-pokojowe-mieszkanie-katowice-brynow-ul-rzepakowa.webp
Katowice Kostuchna,ul. Zdzisława Hierowskiego,2,70,749000,10700,bez pośredników,,17,https://adresowo.pl/o/mieszkanie-katowice-kostuchna-ul-zdzislawa-hierowskiego-2-pokojowe-w4g0c3,https://s2.adresowa.pl/oi/6c/6b/403ff8_5cfd_cover@2x-2-pokojowe-mieszkanie-katowice-kostuchna-ul-zdzislawa-hierowskiego.webp
Katowice Muchowiec,ul. Francuska,3,91,1399000,15374,Pośrednik,,7,https://adresowo.pl/o/mieszkanie-katowice-muchowiec-ul-francuska-3-pokojowe-o1l9n8,https://s2.adresowa.pl/oi/3c/1b/3c5b50_d0dc_cover@2x-3-pokojowe-mieszkanie-katowice-muchowiec-ul-francuska.webp
Katowice Śródmieście,pl. Oddziałów Młodzieży Powstańczej,3,74,395000,5338,Pośrednik,,9,https://adresowo.pl/o/mieszkanie-katowice-srodmiescie-pl-oddzialow-mlodziezy-powstanczej-3-pokojowe-o7a6t6,https://s2.adresowa.pl/oi/3f/5f/3c5b48_f3fe_cover@2x-3-pokojowe-mieszkanie-katowice-srodmiescie-pl-oddzialow-mlodziezy-powstanczej.webp
Katowice,Śródmieście,2,44,902000,20500,bez pośredników,,8,https://adresowo.pl/o/mieszkanie-katowice-srodmiescie-2-pokojowe-44-m2-g9i2e2,https://s2.adresowa.pl/oi/32/7e/403526_7ab4_cover@2x-2-pokojowe-mieszkanie-katowice-srodmiescie.webp
Katowice os. Tysiąclecia,ul. Ułańska,1,39,360000,9231,bez pośredników,,23,https://adresowo.pl/o/mieszkanie-katowice-os-tysiaclecia-ul-ulanska-1-pokoj-y5c2m5,https://s2.adresowa.pl/oi/10/71/403252_f833_cover@2x-1-pokojowe-mieszkanie-katowice-os-tysiaclecia-ul-ulanska.webp
Katowice Załęska Hałda,ul. Brynowska,3,67,479000,7149,bez pośredników,,12,https://adresowo.pl/o/mieszkanie-katowice-zaleska-halda-ul-brynowska-3-pokojowe-w6d0m8,https://s2.adresowa.pl/oi/55/1e/40278a_3146_cover@2x-3-pokojowe-mieszkanie-katowice-zaleska-halda-ul-brynowska.webp
Katowice Śródmieście,ul. Barbary,1,25,299000,11960,Pośrednik,,6,https://adresowo.pl/o/mieszkanie-katowice-srodmiescie-ul-barbary-1-pokoj-q4s2a8,https://s2.adresowa.pl/oi/2a/5a/3bd91a_ee94_cover@2x-1-pokojowe-mieszkanie-katowice-srodmiescie-ul-barbary.webp
Katowice,ul. Gliwicka,3,45,299999,6667,Pośrednik,,6,https://adresowo.pl/o/mieszkanie-katowice-ul-gliwicka-3-pokojowe-q8s9t1,https://s2.adresowa.pl/oi/5c/31/3bd918_ab87_cover@2x-3-pokojowe-mieszkanie-katowice-ul-gliwicka.webp
Katowice,Koszutka,3,58,519000,8948,bez pośredników,,8,https://adresowo.pl/o/mieszkanie-katowice-koszutka-3-pokojowe-58-m2-c4v3r8,https://s2.adresowa.pl/oi/44/2f/40239c_98eb_cover@2x-3-pokojowe-mieszkanie-katowice-koszutka.webp
Katowice Piotrowice,ul. Bażantów,3,48,610000,12708,bez pośredników,,11,https://adresowo.pl/o/mieszkanie-katowice-piotrowice-ul-bazantow-3-pokojowe-u6t1r1,https://s2.adresowa.pl/oi/45/77/402268_be97_cover@2x-3-pokojowe-mieszkanie-katowice-piotrowice-ul-bazantow.webp
Katowice,os. Tysiąclecia,1,28,280000,10000,bez pośredników,,1,https://adresowo.pl/o/mieszkanie-katowice-os-tysiaclecia-1-pokoj-28-m2-u1s4i4,https://s2.adresowa.pl/oi/68/68/40204a_54d5_cover@2x-1-pokojowe-mieszkanie-katowice-os-tysiaclecia.webp
Katowice Dolina Trzech Stawów,ul. Szybowcowa,4,88,1190000,13523,Pośrednik,,33,https://adresowo.pl/o/mieszkanie-katowice-dolina-trzech-stawow-ul-szybowcowa-4-pokojowe-s2e7y9,https://s2.adresowa.pl/oi/43/52/3b8468_e49c_cover@2x-4-pokojowe-mieszkanie-katowice-dolina-trzech-stawow-ul-szybowcowa.webp
Katowice Śródmieście,ul. Juliusza Słowackiego,1,28,320000,11429,Pośrednik,,8,https://adresowo.pl/o/mieszkanie-katowice-srodmiescie-ul-juliusza-slowackiego-1-pokoj-w5d4q2,https://s2.adresowa.pl/oi/36/70/3b075c_bc36_cover@2x-1-pokojowe-mieszkanie-katowice-srodmiescie-ul-juliusza-slowackiego.webp
Katowice Bogucice,ul. ks. Franciszka Blachnickiego,3,61,659000,10803,bez pośredników,,28,https://adresowo.pl/o/mieszkanie-katowice-bogucice-ul-ks-franciszka-blachnickiego-3-pokojowe-g0o1d4,https://s2.adresowa.pl/oi/65/68/401896_bf22_cover@2x-3-pokojowe-mieszkanie-katowice-bogucice-ul-ks-franciszka-blachnickiego.webp
Katowice Wełnowiec,ul. Bytkowska,4,73,1300000,17808,bez pośredników,,15,https://adresowo.pl/o/mieszkanie-katowice-welnowiec-ul-bytkowska-4-pokojowe-j1f5k4,https://s2.adresowa.pl/oi/34/46/4010c4_8906_cover@2x-4-pokojowe-mieszkanie-katowice-welnowiec-ul-bytkowska.webp
Katowice Dąb,ul. Dębowa,2,52,399000,7673,bez pośredników,,5,https://adresowo.pl/o/mieszkanie-katowice-dab-ul-debowa-2-pokojowe-a8f7r7,https://s2.adresowa.pl/oi/68/25/400244_333d_cover@2x-2-pokojowe-mieszkanie-katowice-dab-ul-debowa.webp
Katowice Józefowiec,ul. prof. Jana Mikusińskiego,2,42,473000,11262,Pośrednik,,9,https://adresowo.pl/o/mieszkanie-katowice-jozefowiec-ul-prof-jana-mikusinskiego-2-pokojowe-u1n6p9,https://s2.adresowa.pl/oi/5c/43/3af128_2b0e_cover@2x-2-pokojowe-mieszkanie-katowice-jozefowiec-ul-prof-jana-mikusinskiego.webp
Katowice,ul. Starowiejska,2,31,399100,12874,Pośrednik,,7,https://adresowo.pl/o/mieszkanie-katowice-ul-starowiejska-2-pokojowe-t2m1p7,https://s2.adresowa.pl/oi/56/72/39aa22_daa0_cover@2x-2-pokojowe-mieszkanie-katowice-ul-starowiejska.webp
Katowice Piotrowice,ul. Marcina Radockiego,3,62,509000,8210,bez pośredników,,13,https://adresowo.pl/o/mieszkanie-katowice-piotrowice-ul-marcina-radockiego-3-pokojowe-y4h5z6,https://s2.adresowa.pl/oi/2d/1b/3ffb6e_8e9f_cover@2x-3-pokojowe-mieszkanie-katowice-piotrowice-ul-marcina-radockiego.webp
Katowice Dąbrówka Mała,ul. Józefa Grzegorzka,3,59,549000,9305,bez pośredników,,12,https://adresowo.pl/o/mieszkanie-katowice-dabrowka-mala-ul-jozefa-grzegorzka-3-pokojowe-c9q6z0,https://s2.adresowa.pl/oi/4d/21/3ff7cc_4223_cover@2x-3-pokojowe-mieszkanie-katowice-dabrowka-mala-ul-jozefa-grzegorzka.webp
Katowice Zarzecze,ul. Tunelowa,3,59,750000,12712,bez pośredników,,8,https://adresowo.pl/o/mieszkanie-katowice-zarzecze-ul-tunelowa-3-pokojowe-m0b1e8,https://s2.adresowa.pl/oi/71/4b/3feb6c_a85b_cover@2x-3-pokojowe-mieszkanie-katowice-zarzecze-ul-tunelowa.webp
Katowice,ul. Starowiejska,2,28,346075,12360,Pośrednik,,6,https://adresowo.pl/o/mieszkanie-katowice-ul-starowiejska-2-pokojowe-q0u7v5,https://s2.adresowa.pl/oi/48/2f/39aa1e_4f5d_cover@2x-2-pokojowe-mieszkanie-katowice-ul-starowiejska.webp
Katowice Ochojec,ul. Tyska,2,56,630000,11250,Pośrednik,,18,https://adresowo.pl/o/mieszkanie-katowice-ochojec-ul-tyska-2-pokojowe-o7f9l6,https://s2.adresowa.pl/oi/46/21/397d14_c26c_cover@2x-2-pokojowe-mieszkanie-katowice-ochojec-ul-tyska.webp
Katowice Śródmieście,ul. Zabrska,1,35,550000,15714,bez pośredników,,8,https://adresowo.pl/o/mieszkanie-katowice-srodmiescie-ul-zabrska-1-pokoj-w4r1y7,https://s2.adresowa.pl/oi/56/46/3fe5c2_7388_cover@2x-1-pokojowe-mieszkanie-katowice-srodmiescie-ul-zabrska.webp
Katowice Koszutka,ul. Wierzbowa,2,39,350000,8974,bez pośredników,,8,https://adresowo.pl/o/mieszkanie-katowice-koszutka-ul-wierzbowa-2-pokojowe-p8t8j7,https://s2.adresowa.pl/oi/5e/1f/3fdc52_39e1_cover@2x-2-pokojowe-mieszkanie-katowice-koszutka-ul-wierzbowa.webp
Katowice Śródmieście,ul. Tadeusza Kościuszki,4,125,869000,6952,bez pośredników,,8,https://adresowo.pl/o/mieszkanie-katowice-srodmiescie-ul-tadeusza-kosciuszki-4-pokojowe-z0h2w3,https://s2.adresowa.pl/oi/70/51/3fdbea_daef_cover@2x-4-pokojowe-mieszkanie-katowice-srodmiescie-ul-tadeusza-kosciuszki.webp
Katowice Śródmieście,ul. Warszawska,2,27,325000,12037,Pośrednik,,13,https://adresowo.pl/o/mieszkanie-katowice-srodmiescie-ul-warszawska-2-pokojowe-i2c3r3,https://s2.adresowa.pl/oi/50/55/388ad2_738c_cover@2x-2-pokojowe-mieszkanie-katowice-srodmiescie-ul-warszawska.webp
Katowice,Śródmieście,3,80,649000,8112,Pośrednik,,14,https://adresowo.pl/o/mieszkanie-katowice-srodmiescie-3-pokojowe-80-m2-o2z7m1,https://s2.adresowa.pl/oi/54/6b/3854d2_5048_cover@2x-3-pokojowe-mieszkanie-katowice-srodmiescie.webp
Katowice Szopienice,ul. Pogodna,1,51,299999,5882,bez pośredników,,7,https://adresowo.pl/o/mieszkanie-katowice-szopienice-ul-pogodna-1-pokoj-f4v1l4,https://s2.adresowa.pl/oi/76/72/3fdbe2_e4b8_cover@2x-1-pokojowe-mieszkanie-katowice-szopienice-ul-pogodna.webp
Katowice,Koszutka,3,61,610000,10000,bez pośredników,,8,https://adresowo.pl/o/mieszkanie-katowice-koszutka-3-pokojowe-61-m2-j4b6a6,https://s2.adresowa.pl/oi/67/6c/3fd6c8_8b1f_cover@2x-3-pokojowe-mieszkanie-katowice-koszutka.webp
Katowice,Bogucice,2,43,860000,20000,bez pośredników,,8,https://adresowo.pl/o/mieszkanie-katowice-bogucice-2-pokojowe-43-m2-p1n1b6,https://s2.adresowa.pl/oi/63/7a/3fd618_bcc8_cover@2x-2-pokojowe-mieszkanie-katowice-bogucice.webp
Katowice Śródmieście,ul. Krzywa,3,41,449000,10951,Pośrednik,,9,https://adresowo.pl/o/mieszkanie-katowice-srodmiescie-ul-krzywa-3-pokojowe-x2i3l0,https://s2.adresowa.pl/oi/58/48/38317a_b15d_cover@2x-3-pokojowe-mieszkanie-katowice-srodmiescie-ul-krzywa.webp
Katowice Śródmieście,ul. Tadeusza Kościuszki,2,53,566000,10679,Pośrednik,,10,https://adresowo.pl/o/mieszkanie-katowice-srodmiescie-ul-tadeusza-kosciuszki-2-pokojowe-z6n9l0,https://s2.adresowa.pl/oi/42/1c/37bda2_b5b7_cover@2x-2-pokojowe-mieszkanie-katowice-srodmiescie-ul-tadeusza-kosciuszki.webp
Katowice Muchowiec,ul. gen. Józefa Sowińskiego,1,32,345000,10781,bez pośredników,,7,https://adresowo.pl/o/mieszkanie-katowice-muchowiec-ul-gen-jozefa-sowinskiego-1-pokoj-r4c5h7,https://s2.adresowa.pl/oi/27/71/3fd1d8_cfd0_cover@2x-1-pokojowe-mieszkanie-katowice-muchowiec-ul-gen-jozefa-sowinskiego.webp
Katowice Załęska Hałda,ul. Wincentego Pola,1,27,235000,8704,bez pośredników,,6,https://adresowo.pl/o/mieszkanie-katowice-zaleska-halda-ul-wincentego-pola-1-pokoj-d3t7x9,https://s2.adresowa.pl/oi/52/40/3fcd52_307d_cover@2x-1-pokojowe-mieszkanie-katowice-zaleska-halda-ul-wincentego-pola.webp
Katowice Nikiszowiec,ul. Antoniego Czechowa,2,62,729000,11758,bez pośredników,,5,https://adresowo.pl/o/mieszkanie-katowice-nikiszowiec-ul-antoniego-czechowa-2-pokojowe-x2s1q5,https://s2.adresowa.pl/oi/4c/73/3fca54_42e7_cover@2x-2-pokojowe-mieszkanie-katowice-nikiszowiec-ul-antoniego-czechowa.webp
Katowice Ochojec,ul. Krótka,3,75,482000,6427,Pośrednik,,17,https://adresowo.pl/o/mieszkanie-katowice-ochojec-ul-krotka-3-pokojowe-a3s0l5,https://s2.adresowa.pl/oi/34/2e/351306_f4a4_cover@2x-3-pokojowe-mieszkanie-katowice-ochojec-ul-krotka.webp
Katowice Śródmieście,ul. Stefana Batorego,3,65,368000,5662,Pośrednik,,6,https://adresowo.pl/o/mieszkanie-katowice-srodmiescie-ul-stefana-batorego-3-pokojowe-w7r0m8,https://s2.adresowa.pl/oi/51/36/33ead2_d289_cover@2x-3-pokojowe-mieszkanie-katowice-srodmiescie-ul-stefana-batorego.webp
Katowice,Wełnowiec,2,47,390000,8298,bez pośredników,,4,https://adresowo.pl/o/mieszkanie-katowice-welnowiec-2-pokojowe-47-m2-x5k2z6,https://s2.adresowa.pl/oi/6b/28/3fc85c_7820_cover@2x-2-pokojowe-mieszkanie-katowice-welnowiec.webp
Katowice Kostuchna,ul. Bażantów,2,85,1250000,14706,bez pośredników,,11,https://adresowo.pl/o/mieszkanie-katowice-kostuchna-ul-bazantow-2-pokojowe-t4y0d0,https://s2.adresowa.pl/oi/29/51/3fc786_a929_cover@2x-2-pokojowe-mieszkanie-katowice-kostuchna-ul-bazantow.webp
Katowice Piotrowice,ul. Rzepakowa,2,43,469302,10914,bez pośredników,,8,https://adresowo.pl/o/mieszkanie-katowice-piotrowice-ul-rzepakowa-2-pokojowe-d2d8i0,https://s2.adresowa.pl/oi/14/2e/3fba88_f99b_cover@2x-2-pokojowe-mieszkanie-katowice-piotrowice-ul-rzepakowa.webp
Katowice Śródmieście,ul. Krzywa,1,29,324000,11172,Pośrednik,,6,https://adresowo.pl/o/mieszkanie-katowice-srodmiescie-ul-krzywa-1-pokoj-u8c4w2,https://s2.adresowa.pl/oi/20/3e/33d5aa_d960_cover@2x-1-pokojowe-mieszkanie-katowice-srodmiescie-ul-krzywa.webp
Katowice Śródmieście,ul. Krzywa,2,28,340000,12143,Pośrednik,,15,https://adresowo.pl/o/mieszkanie-katowice-srodmiescie-ul-krzywa-2-pokojowe-s5y4v2,https://s2.adresowa.pl/oi/5b/36/32790c_faa6_cover@2x-2-pokojowe-mieszkanie-katowice-srodmiescie-ul-krzywa.webp
Katowice Bogucice,ul. Modrzewiowa,4,73,560000,7671,bez pośredników,,9,https://adresowo.pl/o/mieszkanie-katowice-bogucice-ul-modrzewiowa-4-pokojowe-p7j6l9,https://s2.adresowa.pl/oi/1a/5c/3fb1ee_3206_cover@2x-4-pokojowe-mieszkanie-katowice-bogucice-ul-modrzewiowa.webp
Katowice Dąb,ul. ks. Piotra Ściegiennego,3,52,465000,8942,bez pośredników,,20,https://adresowo.pl/o/mieszkanie-katowice-dab-ul-ks-piotra-sciegiennego-3-pokojowe-e9w8r6,https://s2.adresowa.pl/oi/2e/45/3fa794_8329_cover@2x-3-pokojowe-mieszkanie-katowice-dab-ul-ks-piotra-sciegiennego.webp
Katowice Murcki,ul. Pawła Kołodzieja,2,50,349000,6980,bez pośredników,,7,https://adresowo.pl/o/mieszkanie-katowice-murcki-ul-pawla-kolodzieja-2-pokojowe-i4l7i7,https://s2.adresowa.pl/oi/78/1a/3f9fc4_869b_cover@2x-2-pokojowe-mieszkanie-katowice-murcki-ul-pawla-kolodzieja.webp
Katowice Śródmieście,ul. Andrzeja Mielęckiego,3,71,479000,6746,Pośrednik,,9,https://adresowo.pl/o/mieszkanie-katowice-srodmiescie-ul-andrzeja-mieleckiego-3-pokojowe-i7g0s6,https://s2.adresowa.pl/oi/21/17/3166c6_6e4d_cover@2x-3-pokojowe-mieszkanie-katowice-srodmiescie-ul-andrzeja-mieleckiego.webp
Katowice,ul. Adama Mickiewicza,4,115,859000,7470,Pośrednik,,12,https://adresowo.pl/o/mieszkanie-katowice-ul-adama-mickiewicza-4-pokojowe-q0v2r6,https://s2.adresowa.pl/oi/51/33/2f7b50_7619_cover@2x-4-pokojowe-mieszkanie-katowice-ul-adama-mickiewicza.webp
Katowice Wełnowiec,ul. Józefowska,1,35,269000,7686,bez pośredników,,6,https://adresowo.pl/o/mieszkanie-katowice-welnowiec-ul-jozefowska-1-pokoj-g7z2a8,https://s2.adresowa.pl/oi/5b/31/3f9f90_39ef_cover@2x-1-pokojowe-mieszkanie-katowice-welnowiec-ul-jozefowska.webp
Katowice Zarzecze,ul. Konrada Swinarskiego,3,48,575000,11979,bez pośredników,,8,https://adresowo.pl/o/mieszkanie-katowice-zarzecze-ul-konrada-swinarskiego-3-pokojowe-w1k7e6,https://s2.adresowa.pl/oi/68/3b/3f971e_c36b_cover@2x-3-pokojowe-mieszkanie-katowice-zarzecze-ul-konrada-swinarskiego.webp
Katowice,os. Tysiąclecia,1,38,399000,10500,bez pośredników,,19,https://adresowo.pl/o/mieszkanie-katowice-os-tysiaclecia-1-pokoj-38-m2-p1d1e7,https://s2.adresowa.pl/oi/52/70/3f8578_eff8_cover@2x-1-pokojowe-mieszkanie-katowice-os-tysiaclecia.webp
Katowice Śródmieście,ul. Jana Kochanowskiego,4,98,749000,7643,Pośrednik,,15,https://adresowo.pl/o/mieszkanie-katowice-srodmiescie-ul-jana-kochanowskiego-4-pokojowe-m4v5f9,https://s2.adresowa.pl/oi/41/6c/2f5f80_ff6a_cover@2x-4-pokojowe-mieszkanie-katowice-srodmiescie-ul-jana-kochanowskiego.webp
Katowice Śródmieście,ul. Mikołaja Kopernika,2,49,390000,7959,Pośrednik,,14,https://adresowo.pl/o/mieszkanie-katowice-srodmiescie-ul-mikolaja-kopernika-2-pokojowe-s4p3u5,https://s2.adresowa.pl/oi/61/65/2de888_e4f9_cover@2x-2-pokojowe-mieszkanie-katowice-srodmiescie-ul-mikolaja-kopernika.webp
Katowice Zawodzie,al. Walentego Roździeńskiego,3,59,449000,7610,bez pośredników,,19,https://adresowo.pl/o/mieszkanie-katowice-zawodzie-al-walentego-rozdzienskiego-3-pokojowe-e5r0p9,https://s2.adresowa.pl/oi/1a/34/3f835e_acc7_cover@2x-3-pokojowe-mieszkanie-katowice-zawodzie-al-walentego-rozdzienskiego.webp
Katowice Śródmieście,ul. Opolska,1,27,390000,14444,bez pośredników,,7,https://adresowo.pl/o/mieszkanie-katowice-srodmiescie-ul-opolska-1-pokoj-w2s7r7,https://s2.adresowa.pl/oi/48/7b/3f81e6_6cbe_cover@2x-1-pokojowe-mieszkanie-katowice-srodmiescie-ul-opolska.webp
Katowice Bogucice,ul. Leopolda Markiefki,3,60,475000,7917,bez pośredników,,10,https://adresowo.pl/o/mieszkanie-katowice-bogucice-ul-leopolda-markiefki-3-pokojowe-h8y8b1,https://s2.adresowa.pl/oi/72/7e/3f8124_30b4_cover@2x-3-pokojowe-mieszkanie-katowice-bogucice-ul-leopolda-markiefki.webp
Katowice Śródmieście,pl. dr. Józefa Rostka,5,148,1200000,8108,Pośrednik,,19,https://adresowo.pl/o/mieszkanie-katowice-srodmiescie-pl-dr-jozefa-rostka-5-pokojowe-h6u7m2,https://s2.adresowa.pl/oi/59/67/2d4078_963e_cover@2x-5-pokojowe-mieszkanie-katowice-srodmiescie-pl-dr-jozefa-rostka.webp
Katowice Śródmieście,ul. Jana Kochanowskiego,3,111,895000,8063,Pośrednik,,11,https://adresowo.pl/o/mieszkanie-katowice-srodmiescie-ul-jana-kochanowskiego-3-pokojowe-i0o7s6,https://s2.adresowa.pl/oi/26/6f/2b89bc_67a6_cover@2x-3-pokojowe-mieszkanie-katowice-srodmiescie-ul-jana-kochanowskiego.webp
Katowice Śródmieście,pl. Wolności,3,88,699999,7955,bez pośredników,,12,https://adresowo.pl/o/mieszkanie-katowice-srodmiescie-pl-wolnosci-3-pokojowe-k5m8t9,https://s2.adresowa.pl/oi/3f/60/3f8050_5c6c_cover@2x-3-pokojowe-mieszkanie-katowice-srodmiescie-pl-wolnosci.webp
Katowice Kostuchna,ul. Bażantów,1,26,330000,12692,bez pośredników,,8,https://adresowo.pl/o/mieszkanie-katowice-kostuchna-ul-bazantow-1-pokoj-n9j2g1,https://s2.adresowa.pl/oi/5e/7c/3f7b90_8291_cover@2x-1-pokojowe-mieszkanie-katowice-kostuchna-ul-bazantow.webp
Katowice Załęże,ul. 18 Sierpnia,3,58,355000,6121,bez pośredników,,10,https://adresowo.pl/o/mieszkanie-katowice-zaleze-ul-18-sierpnia-3-pokojowe-c9j2s9,https://s2.adresowa.pl/oi/70/4f/3f7b88_c51c_cover@2x-3-pokojowe-mieszkanie-katowice-zaleze-ul-18-sierpnia.webp
Katowice Ligota,ul. Władysława Orkana,3,47,493500,10500,bez pośredników,,13,https://adresowo.pl/o/mieszkanie-katowice-ligota-ul-wladyslawa-orkana-3-pokojowe-n4a5u6,https://s2.adresowa.pl/oi/36/54/3f7484_cdc5_cover@2x-3-pokojowe-mieszkanie-katowice-ligota-ul-wladyslawa-orkana.webp
Katowice,pl. Oddziałów Młodzieży Powstańczej,3,105,769000,7324,Pośrednik,,7,https://adresowo.pl/o/mieszkanie-katowice-pl-oddzialow-mlodziezy-powstanczej-3-pokojowe-i9h1m2,https://s2.adresowa.pl/oi/4a/3c/2b89b2_5845_cover@2x-3-pokojowe-mieszkanie-katowice-pl-oddzialow-mlodziezy-powstanczej.webp
Katowice os. Tysiąclecia,ul. Piastów,2,36,395000,10972,bez pośredników,,6,https://adresowo.pl/o/mieszkanie-katowice-os-tysiaclecia-ul-piastow-2-pokojowe-c1x0j0,https://s2.adresowa.pl/oi/74/6f/3f70bc_f575_cover@2x-2-pokojowe-mieszkanie-katowice-os-tysiaclecia-ul-piastow.webp
Katowice Dolina Trzech Stawów,ul. gen. Władysława Sikorskiego,2,53,995000,18774,bez pośredników,,14,https://adresowo.pl/o/mieszkanie-katowice-dolina-trzech-stawow-ul-gen-wladyslawa-sikorskiego-2-pokojowe-a7w8y5,https://s2.adresowa.pl/oi/43/6c/3f6726_6d14_cover@2x-2-pokojowe-mieszkanie-katowice-dolina-trzech-stawow-ul-gen-wladyslawa-sikorskiego.webp
Katowice Ligota,ul. Braci Mniejszych,2,47,650000,13830,bez pośredników,,8,https://adresowo.pl/o/mieszkanie-katowice-ligota-ul-braci-mniejszych-2-pokojowe-m8g6a6,https://s2.adresowa.pl/oi/12/1d/3f64a0_c2f8_cover@2x-2-pokojowe-mieszkanie-katowice-ligota-ul-braci-mniejszych.webp
Katowice Śródmieście,ul. Zabrska,2,42,649000,15452,bez pośredników,,10,https://adresowo.pl/o/mieszkanie-katowice-srodmiescie-ul-zabrska-2-pokojowe-x4u4x8,https://s2.adresowa.pl/oi/77/5e/3f5e5c_7976_cover@2x-2-pokojowe-mieszkanie-katowice-srodmiescie-ul-zabrska.webp
Katowice,Zawodzie,2,52,425000,8173,bez pośredników,,8,https://adresowo.pl/o/mieszkanie-katowice-zawodzie-2-pokojowe-52-m2-g6z9d3,https://s2.adresowa.pl/oi/2f/17/3f5a08_8f1c_cover@2x-2-pokojowe-mieszkanie-katowice-zawodzie.webp
Katowice,Janów,2,47,220000,4681,bez pośredników,,7,https://adresowo.pl/o/mieszkanie-katowice-janow-2-pokojowe-47-m2-n6t4t4,https://s2.adresowa.pl/oi/3c/1c/3f552a_425e_cover@2x-2-pokojowe-mieszkanie-katowice-janow.webp
Katowice Śródmieście,ul. ks. Piotra Skargi,4,77,825000,10714,bez pośredników,,11,https://adresowo.pl/o/mieszkanie-katowice-srodmiescie-ul-ks-piotra-skargi-4-pokojowe-l9a3l3,https://s2.adresowa.pl/oi/4f/2f/3f536a_b958_cover@2x-4-pokojowe-mieszkanie-katowice-srodmiescie-ul-ks-piotra-skargi.webp
Katowice,ul. Mikołowska,2,37,385000,10405,bez pośredników,,8,https://adresowo.pl/o/mieszkanie-katowice-ul-mikolowska-2-pokojowe-l2o1h8,https://s2.adresowa.pl/oi/1b/37/3f4d56_b069_cover@2x-2-pokojowe-mieszkanie-katowice-ul-mikolowska.webp
Katowice Ligota,ul. Emerytalna,3,63,699000,11095,bez pośredników,,20,https://adresowo.pl/o/mieszkanie-katowice-ligota-ul-emerytalna-3-pokojowe-x2b1i3,https://s2.adresowa.pl/oi/15/1f/3f4bb6_2c6e_cover@2x-3-pokojowe-mieszkanie-katowice-ligota-ul-emerytalna.webp
Katowice Dąb,ul. Macieja Ledóchowskiego,2,50,399000,7980,bez pośredników,,8,https://adresowo.pl/o/mieszkanie-katowice-dab-ul-macieja-ledochowskiego-2-pokojowe-w5m0z8,https://s2.adresowa.pl/oi/38/31/3f447a_86af_cover@2x-2-pokojowe-mieszkanie-katowice-dab-ul-macieja-ledochowskiego.webp
Katowice Ligota,ul. Braci Mniejszych,4,64,710000,11094,bez pośredników,,17,https://adresowo.pl/o/mieszkanie-katowice-ligota-ul-braci-mniejszych-4-pokojowe-u3j6a6,https://s2.adresowa.pl/oi/6c/66/3f43bc_5655_cover@2x-4-pokojowe-mieszkanie-katowice-ligota-ul-braci-mniejszych.webp
Katowice,Piotrowice,2,56,395000,7054,bez pośredników,,6,https://adresowo.pl/o/mieszkanie-katowice-piotrowice-2-pokojowe-56-m2-i9e1z6,https://s2.adresowa.pl/oi/6e/43/3f4238_a57c_cover@2x-2-pokojowe-mieszkanie-katowice-piotrowice.webp
Katowice Śródmieście,ul. Zabrska,2,43,480000,11163,bez pośredników,,7,https://adresowo.pl/o/mieszkanie-katowice-srodmiescie-ul-zabrska-2-pokojowe-o6v5c9,https://s2.adresowa.pl/oi/6e/40/3f3b46_ec7e_cover@2x-2-pokojowe-mieszkanie-katowice-srodmiescie-ul-zabrska.webp
Katowice Zawodzie,ul. Karola Marcinkowskiego,1,34,500000,14706,bez pośredników,,6,https://adresowo.pl/o/mieszkanie-katowice-zawodzie-ul-karola-marcinkowskiego-1-pokoj-s8r9z2,https://s2.adresowa.pl/oi/27/5b/3f300c_6c3e_cover@2x-1-pokojowe-mieszkanie-katowice-zawodzie-ul-karola-marcinkowskiego.webp
Katowice os. Witosa,ul. Obroki,2,48,419000,8729,bez pośredników,,17,https://adresowo.pl/o/mieszkanie-katowice-os-witosa-ul-obroki-2-pokojowe-j9t2v5,https://s2.adresowa.pl/oi/5e/5f/3f2d44_54c4_cover@2x-2-pokojowe-mieszkanie-katowice-os-witosa-ul-obroki.webp
Katowice,Giszowiec,3,70,530000,7571,bez pośredników,,8,https://adresowo.pl/o/mieszkanie-katowice-giszowiec-3-pokojowe-70-m2-d0w4z9,https://s2.adresowa.pl/oi/34/22/3f29da_b4b9_cover@2x-3-pokojowe-mieszkanie-katowice-giszowiec.webp
Katowice Wełnowiec,ul. Bytkowska,2,42,556140,13241,bez pośredników,,12,https://adresowo.pl/o/mieszkanie-katowice-welnowiec-ul-bytkowska-2-pokojowe-t9q3v2,https://s2.adresowa.pl/oi/63/48/3f2996_d130_cover@2x-2-pokojowe-mieszkanie-katowice-welnowiec-ul-bytkowska.webp
Katowice Muchowiec,ul. gen. Kazimierza Pułaskiego,3,59,799000,13542,bez pośredników,,15,https://adresowo.pl/o/mieszkanie-katowice-muchowiec-ul-gen-kazimierza-pulaskiego-3-pokojowe-y8x7b0,https://s2.adresowa.pl/oi/61/5c/3f284c_80e3_cover@2x-3-pokojowe-mieszkanie-katowice-muchowiec-ul-gen-kazimierza-pulaskiego.webp
Katowice Giszowiec,ul. Miła,3,60,460000,7667,bez pośredników,,8,https://adresowo.pl/o/mieszkanie-katowice-giszowiec-ul-mila-3-pokojowe-u4a8n6,https://s2.adresowa.pl/oi/74/26/3f17da_390c_cover@2x-3-pokojowe-mieszkanie-katowice-giszowiec-ul-mila.webp
Katowice,Nikiszowiec,3,68,698000,10265,bez pośredników,,8,https://adresowo.pl/o/mieszkanie-katowice-nikiszowiec-3-pokojowe-68-m2-v4n7s9,https://s2.adresowa.pl/oi/24/2d/3efd4a_c4c6_cover@2x-3-pokojowe-mieszkanie-katowice-nikiszowiec.webp
Katowice Śródmieście,ul. Barbary,2,45,320000,7111,bez pośredników,,9,https://adresowo.pl/o/mieszkanie-katowice-srodmiescie-ul-barbary-2-pokojowe-a7l5j1,https://s2.adresowa.pl/oi/36/2f/324a66_d2f7_cover@2x-2-pokojowe-mieszkanie-katowice-srodmiescie-ul-barbary.webp
Katowice Śródmieście,al. Walentego Roździeńskiego,3,59,523600,8875,bez pośredników,,20,https://adresowo.pl/o/mieszkanie-katowice-srodmiescie-al-walentego-rozdzienskiego-3-pokojowe-j7n7e9,https://s2.adresowa.pl/oi/2d/53/3efa2a_3909_cover@2x-3-pokojowe-mieszkanie-katowice-srodmiescie-al-walentego-rozdzienskiego.webp
Katowice Szopienice,ul. Pogodna,2,35,260000,7429,bez pośredników,,20,https://adresowo.pl/o/mieszkanie-katowice-szopienice-ul-pogodna-2-pokojowe-j2r9d7,https://s2.adresowa.pl/oi/7b/71/3ef986_5a36_cover@2x-2-pokojowe-mieszkanie-katowice-szopienice-ul-pogodna.webp
Katowice Dąb,ul. Bukowa,1,36,260000,7222,bez pośredników,,5,https://adresowo.pl/o/mieszkanie-katowice-dab-ul-bukowa-1-pokoj-z0g2q2,https://s2.adresowa.pl/oi/1f/37/3ef3c6_702e_cover@2x-1-pokojowe-mieszkanie-katowice-dab-ul-bukowa.webp
Katowice,Zawodzie,3,56,490000,8750,bez pośredników,,8,https://adresowo.pl/o/mieszkanie-katowice-zawodzie-3-pokojowe-56-m2-u9y0a8,https://s2.adresowa.pl/oi/56/31/3eec26_7077_cover@2x-3-pokojowe-mieszkanie-katowice-zawodzie.webp
Katowice Śródmieście,ul. Henryka Dąbrowskiego,3,102,780000,7647,bez pośredników,,8,https://adresowo.pl/o/mieszkanie-katowice-srodmiescie-ul-henryka-dabrowskiego-3-pokojowe-x6r9u2,https://s2.adresowa.pl/oi/73/11/3eea9e_e590_cover@2x-3-pokojowe-mieszkanie-katowice-srodmiescie-ul-henryka-dabrowskiego.webp
Katowice Koszutka,ul. Misjonarzy Oblatów MN,3,66,519000,7864,bez pośredników,,11,https://adresowo.pl/o/mieszkanie-katowice-koszutka-ul-misjonarzy-oblatow-mn-3-pokojowe-d3c3v7,https://s2.adresowa.pl/oi/37/35/3ee53a_5623_cover@2x-3-pokojowe-mieszkanie-katowice-koszutka-ul-misjonarzy-oblatow-mn.webp
Katowice os. Witosa,ul. Wincentego Witosa,2,30,239000,7967,bez pośredników,,5,https://adresowo.pl/o/mieszkanie-katowice-os-witosa-ul-wincentego-witosa-2-pokojowe-o5s7y1,https://s2.adresowa.pl/oi/63/16/3eda2e_e9d1_cover@2x-2-pokojowe-mieszkanie-katowice-os-witosa-ul-wincentego-witosa.webp
Katowice Koszutka,ul. Klonowa,5,153,2190000,14314,bez pośredników,,10,https://adresowo.pl/o/mieszkanie-katowice-koszutka-ul-klonowa-5-pokojowe-j7m9z7,https://s2.adresowa.pl/oi/3c/2d/3ed3c4_ed46_cover@2x-5-pokojowe-mieszkanie-katowice-koszutka-ul-klonowa.webp
Katowice Piotrowice,ul. Malinowa,2,50,375000,7500,bez pośredników,,8,https://adresowo.pl/o/mieszkanie-katowice-piotrowice-ul-malinowa-2-pokojowe-d9v9r0,https://s2.adresowa.pl/oi/2f/6d/3ec298_8aec_cover@2x-2-pokojowe-mieszkanie-katowice-piotrowice-ul-malinowa.webp
Katowice Zawodzie,al. Walentego Roździeńskiego,2,59,499000,8458,bez pośredników,,16,https://adresowo.pl/o/mieszkanie-katowice-zawodzie-al-walentego-rozdzienskiego-2-pokojowe-q4h4f0,https://s2.adresowa.pl/oi/21/3a/3ec13c_cf53_cover@2x-2-pokojowe-mieszkanie-katowice-zawodzie-al-walentego-rozdzienskiego.webp
Katowice Śródmieście,ul. ks. bp. Arkadiusza Lisieckiego,2,47,490000,10426,bez pośredników,,6,https://adresowo.pl/o/mieszkanie-katowice-srodmiescie-ul-ks-bp-arkadiusza-lisieckiego-2-pokojowe-m0v0a1,https://s2.adresowa.pl/oi/3f/31/3eac08_36f7_cover@2x-2-pokojowe-mieszkanie-katowice-srodmiescie-ul-ks-bp-arkadiusza-lisieckiego.webp
Katowice Śródmieście,ul. Francuska,1,29,270000,9310,bez pośredników,,13,https://adresowo.pl/o/mieszkanie-katowice-srodmiescie-ul-francuska-1-pokoj-n8e5k2,https://s2.adresowa.pl/oi/62/48/3ea952_b668_cover@2x-1-pokojowe-mieszkanie-katowice-srodmiescie-ul-francuska.webp
Katowice Śródmieście,ul. Adama Mickiewicza,3,54,924000,17111,bez pośredników,,7,https://adresowo.pl/o/mieszkanie-katowice-srodmiescie-ul-adama-mickiewicza-3-pokojowe-i6f8g9,https://s2.adresowa.pl/oi/2f/1a/3e8d7c_8462_cover@2x-3-pokojowe-mieszkanie-katowice-srodmiescie-ul-adama-mickiewicza.webp
Katowice,Śródmieście,2,41,350000,8537,bez pośredników,,6,https://adresowo.pl/o/mieszkanie-katowice-srodmiescie-2-pokojowe-41-m2-l3r7k5,https://s2.adresowa.pl/oi/19/2d/3e8b42_6565_cover@2x-2-pokojowe-mieszkanie-katowice-srodmiescie.webp
Katowice Śródmieście,ul. ks. Piotra Skargi,1,29,421238,14525,bez pośredników,,1,https://adresowo.pl/o/mieszkanie-katowice-srodmiescie-ul-ks-piotra-skargi-1-pokoj-b8a3z9,https://s2.adresowa.pl/oi/1a/3f/3e83fc_3871_cover@2x-1-pokojowe-mieszkanie-katowice-srodmiescie-ul-ks-piotra-skargi.webp
Katowice Bogucice,ul. Olimpijska,3,67,1000000,14925,bez pośredników,,12,https://adresowo.pl/o/mieszkanie-katowice-bogucice-ul-olimpijska-3-pokojowe-g6t3b3,https://s2.adresowa.pl/oi/39/66/3e79ce_c126_cover@2x-3-pokojowe-mieszkanie-katowice-bogucice-ul-olimpijska.webp
Katowice Dąb,ul. Johna Baildona,4,144,2100000,14583,bez pośredników,,20,https://adresowo.pl/o/mieszkanie-katowice-dab-ul-johna-baildona-4-pokojowe-v9a9j8,https://s2.adresowa.pl/oi/13/64/3e746a_46b7_cover@2x-4-pokojowe-mieszkanie-katowice-dab-ul-johna-baildona.webp
Katowice,Ligota,2,52,739000,14212,bez pośredników,,12,https://adresowo.pl/o/mieszkanie-katowice-ligota-2-pokojowe-52-m2-j0i5l5,https://s2.adresowa.pl/oi/4f/10/3e5bd4_e4f5_cover@2x-2-pokojowe-mieszkanie-katowice-ligota.webp
Katowice Brynów,ul. Cyranek,4,118,1440000,12203,bez pośredników,,20,https://adresowo.pl/o/mieszkanie-katowice-brynow-ul-cyranek-4-pokojowe-o8y5g5,https://s2.adresowa.pl/oi/3e/71/3e51bc_60c8_cover@2x-4-pokojowe-mieszkanie-katowice-brynow-ul-cyranek.webp
Katowice Giszowiec,ul. Adama,3,61,520000,8525,bez pośredników,,9,https://adresowo.pl/o/mieszkanie-katowice-giszowiec-ul-adama-3-pokojowe-k4g7d7,https://s2.adresowa.pl/oi/5c/47/3e3912_d5ae_cover@2x-3-pokojowe-mieszkanie-katowice-giszowiec-ul-adama.webp
Katowice Kostuchna,ul. Jana Kściuczyka,2,30,269000,8967,bez pośredników,,7,https://adresowo.pl/o/mieszkanie-katowice-kostuchna-ul-jana-ksciuczyka-2-pokojowe-t6e1m2,https://s2.adresowa.pl/oi/17/55/3e2ef2_cb4f_cover@2x-2-pokojowe-mieszkanie-katowice-kostuchna-ul-jana-ksciuczyka.webp
Katowice Janów,ul. Zamkowa,2,38,249000,6553,bez pośredników,,8,https://adresowo.pl/o/mieszkanie-katowice-janow-ul-zamkowa-2-pokojowe-q1m8k3,https://s2.adresowa.pl/oi/3d/19/3e275c_70c2_cover@2x-2-pokojowe-mieszkanie-katowice-janow-ul-zamkowa.webp
Katowice,os. Tysiąclecia,2,44,334000,7591,bez pośredników,,13,https://adresowo.pl/o/mieszkanie-katowice-os-tysiaclecia-2-pokojowe-44-m2-w5w4y3,https://s2.adresowa.pl/oi/74/14/3e273c_6340_cover@2x-2-pokojowe-mieszkanie-katowice-os-tysiaclecia.webp
Katowice Dąbrówka Mała,ul. Deszczowa,2,38,261000,6868,bez pośredników,,8,https://adresowo.pl/o/mieszkanie-katowice-dabrowka-mala-ul-deszczowa-2-pokojowe-m0d7w7,https://s2.adresowa.pl/oi/2d/3b/3e1d24_e177_cover@2x-2-pokojowe-mieszkanie-katowice-dabrowka-mala-ul-deszczowa.webp
Katowice Śródmieście,ul. Strzelecka,1,27,403000,14926,bez pośredników,,1,https://adresowo.pl/o/mieszkanie-katowice-srodmiescie-ul-strzelecka-1-pokoj-b4l5l7,https://s2.adresowa.pl/oi/77/65/3e13f8_a853_cover@2x-1-pokojowe-mieszkanie-katowice-srodmiescie-ul-strzelecka.webp
Katowice Kostuchna,ul. Bażantów,3,71,850000,11972,bez pośredników,,8,https://adresowo.pl/o/mieszkanie-katowice-kostuchna-ul-bazantow-3-pokojowe-j0q8c1,https://s2.adresowa.pl/oi/20/57/3dfdd4_fd7b_cover@2x-3-pokojowe-mieszkanie-katowice-kostuchna-ul-bazantow.webp
Katowice Śródmieście,ul. Olimpijska,2,47,890000,18936,bez pośredników,,20,https://adresowo.pl/o/mieszkanie-katowice-srodmiescie-ul-olimpijska-2-pokojowe-d7c2v2,https://s2.adresowa.pl/oi/36/70/3df39a_5773_cover@2x-2-pokojowe-mieszkanie-katowice-srodmiescie-ul-olimpijska.webp
Katowice Śródmieście,ul. Juliusza Słowackiego,3,61,600000,9836,bez pośredników,,10,https://adresowo.pl/o/mieszkanie-katowice-srodmiescie-ul-juliusza-slowackiego-3-pokojowe-s7p0k4,https://s2.adresowa.pl/oi/33/6e/3df24e_5df8_cover@2x-3-pokojowe-mieszkanie-katowice-srodmiescie-ul-juliusza-slowackiego.webp
Katowice Śródmieście,ul. Juliusza Słowackiego,10,273,2700000,9890,bez pośredników,,6,https://adresowo.pl/o/mieszkanie-katowice-srodmiescie-ul-juliusza-slowackiego-10-pokojowe-e6k7y6,https://s2.adresowa.pl/oi/29/66/3df24c_44b3_cover@2x-10-pokojowe-mieszkanie-katowice-srodmiescie-ul-juliusza-slowackiego.webp
Katowice Ligota,ul. Emerytalna,1,31,356500,11500,bez pośredników,,8,https://adresowo.pl/o/mieszkanie-katowice-ligota-ul-emerytalna-1-pokoj-r6d3h6,https://s2.adresowa.pl/oi/23/40/3de694_4cbb_cover@2x-1-pokojowe-mieszkanie-katowice-ligota-ul-emerytalna.webp
Katowice Giszowiec,ul. Wojciecha,3,43,499999,11628,bez pośredników,,19,https://adresowo.pl/o/mieszkanie-katowice-giszowiec-ul-wojciecha-3-pokojowe-n1p1g8,https://s2.adresowa.pl/oi/75/32/3de41c_65c6_cover@2x-3-pokojowe-mieszkanie-katowice-giszowiec-ul-wojciecha.webp
Katowice Dolina Trzech Stawów,ul. Szybowcowa,3,77,1267000,16455,bez pośredników,,18,https://adresowo.pl/o/mieszkanie-katowice-dolina-trzech-stawow-ul-szybowcowa-3-pokojowe-l6t2m2,https://s2.adresowa.pl/oi/66/1f/3dc86c_54f5_cover@2x-3-pokojowe-mieszkanie-katowice-dolina-trzech-stawow-ul-szybowcowa.webp
Katowice Wełnowiec,ul. ks. Piotra Ściegiennego,3,56,660000,11786,bez pośredników,,5,https://adresowo.pl/o/mieszkanie-katowice-welnowiec-ul-ks-piotra-sciegiennego-3-pokojowe-e5k8h1,https://s2.adresowa.pl/oi/64/2e/3dbd82_f563_cover@2x-3-pokojowe-mieszkanie-katowice-welnowiec-ul-ks-piotra-sciegiennego.webp
Katowice Zawodzie,ul. Łączna,4,70,499000,7129,bez pośredników,,20,https://adresowo.pl/o/mieszkanie-katowice-zawodzie-ul-laczna-4-pokojowe-h2o6v1,https://s2.adresowa.pl/oi/18/61/3d8022_fc95_cover@2x-4-pokojowe-mieszkanie-katowice-zawodzie-ul-laczna.webp
Katowice os. Tysiąclecia,al. Bolesława Krzywoustego,4,135,1590000,11778,bez pośredników,,3,https://adresowo.pl/o/mieszkanie-katowice-os-tysiaclecia-al-boleslawa-krzywoustego-4-pokojowe-l7h0a5,https://s2.adresowa.pl/oi/71/57/3d6478_2f86_cover@2x-4-pokojowe-mieszkanie-katowice-os-tysiaclecia-al-boleslawa-krzywoustego.webp
Katowice Dąb,ul. Johna Baildona,3,74,915000,12365,bez pośredników,,16,https://adresowo.pl/o/mieszkanie-katowice-dab-ul-johna-baildona-3-pokojowe-u3c3c8,https://s2.adresowa.pl/oi/42/4c/3d4f84_3074_cover@2x-3-pokojowe-mieszkanie-katowice-dab-ul-johna-baildona.webp
Katowice Muchowiec,ul. Ignacego Paderewskiego,3,64,790000,12344,bez pośredników,,15,https://adresowo.pl/o/mieszkanie-katowice-muchowiec-ul-ignacego-paderewskiego-3-pokojowe-o1n3q8,https://s2.adresowa.pl/oi/79/1a/3d401a_9fc3_cover@2x-3-pokojowe-mieszkanie-katowice-muchowiec-ul-ignacego-paderewskiego.webp
Katowice,Szopienice,1,28,225000,8036,bez pośredników,,8,https://adresowo.pl/o/mieszkanie-katowice-szopienice-1-pokoj-28-m2-u2k8s0,https://s2.adresowa.pl/oi/34/1b/3d3948_9de1_cover@2x-1-pokojowe-mieszkanie-katowice-szopienice.webp
Katowice Brynów,ul. Ceglana,3,57,677000,11877,bez pośredników,,10,https://adresowo.pl/o/mieszkanie-katowice-brynow-ul-ceglana-3-pokojowe-s3l2g0,https://s2.adresowa.pl/oi/39/6d/3d34c6_443e_cover@2x-3-pokojowe-mieszkanie-katowice-brynow-ul-ceglana.webp
Katowice,ul. gen. Kazimierza Pułaskiego,3,62,720000,11613,bez pośredników,,4,https://adresowo.pl/o/mieszkanie-katowice-ul-gen-kazimierza-pulaskiego-3-pokojowe-p2c8o4,https://s2.adresowa.pl/oi/55/45/3d24c2_503f_cover@2x-3-pokojowe-mieszkanie-katowice-ul-gen-kazimierza-pulaskiego.webp
Katowice Ligota,ul. Koszalińska,3,63,360000,5714,bez pośredników,,6,https://adresowo.pl/o/mieszkanie-katowice-ligota-ul-koszalinska-3-pokojowe-f2k7f2,https://s2.adresowa.pl/oi/30/66/3d0f6c_4287_cover@2x-3-pokojowe-mieszkanie-katowice-ligota-ul-koszalinska.webp
Katowice Kostuchna,ul. Jana Kściuczyka,3,90,940000,10444,bez pośredników,,13,https://adresowo.pl/o/mieszkanie-katowice-kostuchna-ul-jana-ksciuczyka-3-pokojowe-z5l5d9,https://s2.adresowa.pl/oi/2e/47/3d0c2a_7378_cover@2x-3-pokojowe-mieszkanie-katowice-kostuchna-ul-jana-ksciuczyka.webp
Katowice,Śródmieście,4,97,2370000,24433,bez pośredników,,13,https://adresowo.pl/o/mieszkanie-katowice-srodmiescie-4-pokojowe-97-m2-m7g3p0,https://s2.adresowa.pl/oi/7b/72/3cf8c4_6c0c_cover@2x-4-pokojowe-mieszkanie-katowice-srodmiescie.webp
Katowice Muchowiec,ul. gen. Kazimierza Pułaskiego,4,67,1230000,18358,bez pośredników,,17,https://adresowo.pl/o/mieszkanie-katowice-muchowiec-ul-gen-kazimierza-pulaskiego-4-pokojowe-j4r9b0,https://s2.adresowa.pl/oi/16/5d/3cd50a_992e_cover@2x-4-pokojowe-mieszkanie-katowice-muchowiec-ul-gen-kazimierza-pulaskiego.webp
Katowice Śródmieście,ul. Zabrska,1,29,520000,17931,bez pośredników,,8,https://adresowo.pl/o/mieszkanie-katowice-srodmiescie-ul-zabrska-1-pokoj-g8n9q5,https://s2.adresowa.pl/oi/59/41/3cb2bc_3779_cover@2x-1-pokojowe-mieszkanie-katowice-srodmiescie-ul-zabrska.webp
Katowice os. Witosa,ul. Walerego Sławka,4,84,689000,8202,bez pośredników,,3,https://adresowo.pl/o/mieszkanie-katowice-os-witosa-ul-walerego-slawka-4-pokojowe-p8v7m9,https://s2.adresowa.pl/oi/5f/7e/3c8a1e_b0d4_cover@2x-4-pokojowe-mieszkanie-katowice-os-witosa-ul-walerego-slawka.webp
Katowice Murcki,pl. Jana Kasprowicza,2,41,198000,4829,bez pośredników,,12,https://adresowo.pl/o/mieszkanie-katowice-murcki-pl-jana-kasprowicza-2-pokojowe-k3j6f7,https://s2.adresowa.pl/oi/1f/1a/3c8756_c975_cover@2x-2-pokojowe-mieszkanie-katowice-murcki-pl-jana-kasprowicza.webp
Katowice Załęże,ul. Gliwicka,2,57,329000,5772,bez pośredników,,8,https://adresowo.pl/o/mieszkanie-katowice-zaleze-ul-gliwicka-2-pokojowe-f3a9i8,https://s2.adresowa.pl/oi/7f/4c/3c637a_721b_cover@2x-2-pokojowe-mieszkanie-katowice-zaleze-ul-gliwicka.webp
Katowice Śródmieście,ul. Stawowa,6,120,1790000,14917,bez pośredników,,1,https://adresowo.pl/o/mieszkanie-katowice-srodmiescie-ul-stawowa-6-pokojowe-x9z6l8,https://s2.adresowa.pl/oi/6d/19/3c5e30_90f3_cover@2x-6-pokojowe-mieszkanie-katowice-srodmiescie-ul-stawowa.webp
Katowice,Załęże,3,60,400000,6667,bez pośredników,,8,https://adresowo.pl/o/mieszkanie-katowice-zaleze-3-pokojowe-60-m2-e2p0z3,https://s2.adresowa.pl/oi/52/46/3c5b0c_55a2_cover@2x-3-pokojowe-mieszkanie-katowice-zaleze.webp
Katowice Koszutka,ul. Alfonsa Górnika,1,32,360000,11250,bez pośredników,,17,https://adresowo.pl/o/mieszkanie-katowice-koszutka-ul-alfonsa-gornika-1-pokoj-l5r3v6,https://s2.adresowa.pl/oi/47/4c/3c481e_7105_cover@2x-1-pokojowe-mieszkanie-katowice-koszutka-ul-alfonsa-gornika.webp
Katowice Zawodzie,al. Walentego Roździeńskiego,3,63,480000,7619,bez pośredników,,11,https://adresowo.pl/o/mieszkanie-katowice-zawodzie-al-walentego-rozdzienskiego-3-pokojowe-w5y0q2,https://s2.adresowa.pl/oi/67/4c/3c3b8e_8609_cover@2x-3-pokojowe-mieszkanie-katowice-zawodzie-al-walentego-rozdzienskiego.webp
Katowice,ul. Bytkowska,3,64,690000,10781,bez pośredników,,8,https://adresowo.pl/o/mieszkanie-katowice-ul-bytkowska-3-pokojowe-x2u9m5,https://s2.adresowa.pl/oi/1d/5f/3c3910_d704_cover@2x-3-pokojowe-mieszkanie-katowice-ul-bytkowska.webp
Katowice Bogucice,ul. Henryka Mikołaja Góreckiego,3,79,1298000,16430,bez pośredników,,15,https://adresowo.pl/o/mieszkanie-katowice-bogucice-ul-henryka-mikolaja-goreckiego-3-pokojowe-q5f1r0,https://s2.adresowa.pl/oi/6b/12/3c1cb2_8903_cover@2x-3-pokojowe-mieszkanie-katowice-bogucice-ul-henryka-mikolaja-goreckiego.webp
Katowice Muchowiec,ul. Francuska,3,78,1147000,14705,bez pośredników,,11,https://adresowo.pl/o/mieszkanie-katowice-muchowiec-ul-francuska-3-pokojowe-h4u3l5,https://s2.adresowa.pl/oi/21/57/3bf388_cd0b_cover@2x-3-pokojowe-mieszkanie-katowice-muchowiec-ul-francuska.webp
Katowice Śródmieście,ul. Sokolska,2,36,599999,16667,bez pośredników,,8,https://adresowo.pl/o/mieszkanie-katowice-srodmiescie-ul-sokolska-2-pokojowe-t0r5w6,https://s2.adresowa.pl/oi/4f/48/3bf1ce_5431_cover@2x-2-pokojowe-mieszkanie-katowice-srodmiescie-ul-sokolska.webp
Katowice Piotrowice,ul. Rzepakowa,3,57,650000,11404,bez pośredników,,2,https://adresowo.pl/o/mieszkanie-katowice-piotrowice-ul-rzepakowa-3-pokojowe-b5r7f1,https://s2.adresowa.pl/oi/34/72/3bdc26_aeb2_cover@2x-3-pokojowe-mieszkanie-katowice-piotrowice-ul-rzepakowa.webp
Katowice Szopienice,ul. Osiedlowa,3,63,399000,6333,bez pośredników,,8,https://adresowo.pl/o/mieszkanie-katowice-szopienice-ul-osiedlowa-3-pokojowe-a7n7q2,https://s2.adresowa.pl/oi/11/53/3bc146_2781_cover@2x-3-pokojowe-mieszkanie-katowice-szopienice-ul-osiedlowa.webp
Katowice Koszutka,al. Wojciecha Korfantego,2,49,420000,8571,bez pośredników,,16,https://adresowo.pl/o/mieszkanie-katowice-koszutka-al-wojciecha-korfantego-2-pokojowe-m8c7w5,https://s2.adresowa.pl/oi/5b/20/3b8052_9745_cover@2x-2-pokojowe-mieszkanie-katowice-koszutka-al-wojciecha-korfantego.webp
Katowice Śródmieście,ul. Stanisława Moniuszki,2,43,580000,13488,bez pośredników,,6,https://adresowo.pl/o/mieszkanie-katowice-srodmiescie-ul-stanislawa-moniuszki-2-pokojowe-k5y4v2,https://s2.adresowa.pl/oi/47/38/3b3e82_f854_cover@2x-2-pokojowe-mieszkanie-katowice-srodmiescie-ul-stanislawa-moniuszki.webp
Katowice Śródmieście,ul. Raciborska,5,96,670000,6979,bez pośredników,,5,https://adresowo.pl/o/mieszkanie-katowice-srodmiescie-ul-raciborska-5-pokojowe-m4l0h4,https://s2.adresowa.pl/oi/61/5a/3b36e6_f418_cover@2x-5-pokojowe-mieszkanie-katowice-srodmiescie-ul-raciborska.webp
Katowice Ligota,ul. Harcerska,3,60,499000,8317,bez pośredników,,8,https://adresowo.pl/o/mieszkanie-katowice-ligota-ul-harcerska-3-pokojowe-x5i0b2,https://s2.adresowa.pl/oi/70/21/3b2d4c_dce2_cover@2x-3-pokojowe-mieszkanie-katowice-ligota-ul-harcerska.webp
Katowice,ul. Gliwicka,2,49,279000,5694,bez pośredników,,9,https://adresowo.pl/o/mieszkanie-katowice-ul-gliwicka-2-pokojowe-s3n0s1,https://s2.adresowa.pl/oi/29/20/3b2ca6_5d11_cover@2x-2-pokojowe-mieszkanie-katowice-ul-gliwicka.webp
Katowice,ul. Panewnicka,3,55,450000,8182,bez pośredników,,9,https://adresowo.pl/o/mieszkanie-katowice-ul-panewnicka-3-pokojowe-m3g6v4,https://s2.adresowa.pl/oi/4d/40/3b1dac_71ff_cover@2x-3-pokojowe-mieszkanie-katowice-ul-panewnicka.webp
Katowice Szopienice,ul. Józefy Kantorówny,3,83,439000,5289,bez pośredników,,7,https://adresowo.pl/o/mieszkanie-katowice-szopienice-ul-jozefy-kantorowny-3-pokojowe-g5d3e1,https://s2.adresowa.pl/oi/2b/59/3b1334_c5f4_cover@2x-3-pokojowe-mieszkanie-katowice-szopienice-ul-jozefy-kantorowny.webp
Katowice Panewniki,ul. Kijowska,2,53,399000,7528,bez pośredników,,17,https://adresowo.pl/o/mieszkanie-katowice-panewniki-ul-kijowska-2-pokojowe-l8p0e4,https://s2.adresowa.pl/oi/6f/3d/3ab34a_e1ab_cover@2x-2-pokojowe-mieszkanie-katowice-panewniki-ul-kijowska.webp
Katowice,ul. Gliwicka,2,49,299000,6102,bez pośredników,,6,https://adresowo.pl/o/mieszkanie-katowice-ul-gliwicka-2-pokojowe-b1s2e9,https://s2.adresowa.pl/oi/41/38/3a774c_d281_cover@2x-2-pokojowe-mieszkanie-katowice-ul-gliwicka.webp
Katowice Załęże,ul. Gliwicka,2,34,140000,4118,bez pośredników,,4,https://adresowo.pl/o/mieszkanie-katowice-zaleze-ul-gliwicka-2-pokojowe-n2o6s1,https://s2.adresowa.pl/oi/58/1c/3a7740_df31_cover@2x-2-pokojowe-mieszkanie-katowice-zaleze-ul-gliwicka.webp
Katowice Szopienice,ul. Przelotowa,2,35,146680,4191,bez pośredników,,5,https://adresowo.pl/o/mieszkanie-katowice-szopienice-ul-przelotowa-2-pokojowe-m1w7h1,https://s2.adresowa.pl/oi/56/78/3a773c_4b1b_cover@2x-2-pokojowe-mieszkanie-katowice-szopienice-ul-przelotowa.webp
Katowice Załęże,ul. Gliwicka,1,24,109000,4542,bez pośredników,,6,https://adresowo.pl/o/mieszkanie-katowice-zaleze-ul-gliwicka-1-pokoj-v9b9m2,https://s2.adresowa.pl/oi/39/43/3a773a_9727_cover@2x-1-pokojowe-mieszkanie-katowice-zaleze-ul-gliwicka.webp
Katowice Śródmieście,ul. Józefa Lompy,4,139,997000,7173,bez pośredników,,18,https://adresowo.pl/o/mieszkanie-katowice-srodmiescie-ul-jozefa-lompy-4-pokojowe-z9s8q9,https://s2.adresowa.pl/oi/46/35/3a6fc2_f692_cover@2x-4-pokojowe-mieszkanie-katowice-srodmiescie-ul-jozefa-lompy.webp
Katowice,Ligota,3,55,430000,7818,bez pośredników,,8,https://adresowo.pl/o/mieszkanie-katowice-ligota-3-pokojowe-55-m2-c6s3q5,https://s2.adresowa.pl/oi/1a/40/3a6c0c_c17b_cover@2x-3-pokojowe-mieszkanie-katowice-ligota.webp
Katowice Dąb,ul. Bukowa,1,36,249000,6917,bez pośredników,,1,https://adresowo.pl/o/mieszkanie-katowice-dab-ul-bukowa-1-pokoj-r0t5f2,https://s2.adresowa.pl/oi/53/24/3a5722_e393_cover@2x-1-pokojowe-mieszkanie-katowice-dab-ul-bukowa.webp
Katowice Bogucice,ul. Henryka Mikołaja Góreckiego,1,30,500000,16667,bez pośredników,,11,https://adresowo.pl/o/mieszkanie-katowice-bogucice-ul-henryka-mikolaja-goreckiego-1-pokoj-a0f2c2,https://s2.adresowa.pl/oi/38/49/3a0fc6_3c62_cover@2x-1-pokojowe-mieszkanie-katowice-bogucice-ul-henryka-mikolaja-goreckiego.webp
Katowice Szopienice,ul. Przelotowa,2,36,220000,6111,bez pośredników,,10,https://adresowo.pl/o/mieszkanie-katowice-szopienice-ul-przelotowa-2-pokojowe-v1u9i8,https://s2.adresowa.pl/oi/7f/4c/389428_415a_cover@2x-2-pokojowe-mieszkanie-katowice-szopienice-ul-przelotowa.webp
Katowice Bogucice,ul. Uniwersytecka,3,48,599000,12479,bez pośredników,,3,https://adresowo.pl/o/mieszkanie-katowice-bogucice-ul-uniwersytecka-3-pokojowe-v3k6n3,https://s2.adresowa.pl/oi/2e/43/387fc0_4289_cover@2x-3-pokojowe-mieszkanie-katowice-bogucice-ul-uniwersytecka.webp
Katowice,os. Tysiąclecia,2,28,460000,16429,bez pośredników,,8,https://adresowo.pl/o/mieszkanie-katowice-os-tysiaclecia-2-pokojowe-28-m2-x6t6t8,https://s2.adresowa.pl/oi/76/56/386a3e_c4d1_cover@2x-2-pokojowe-mieszkanie-katowice-os-tysiaclecia.webp
Katowice Śródmieście,ul. Władysława Stanisława Reymonta,1,15,210000,14000,bez pośredników,,20,https://adresowo.pl/o/mieszkanie-katowice-srodmiescie-ul-wladyslawa-stanislawa-reymonta-1-pokoj-x7u9i6,https://s2.adresowa.pl/oi/66/4b/37f96a_b8e8_cover@2x-1-pokojowe-mieszkanie-katowice-srodmiescie-ul-wladyslawa-stanislawa-reymonta.webp
Katowice,ul. Pawła Edmunda Strzeleckiego,2,37,279900,7565,bez pośredników,,7,https://adresowo.pl/o/mieszkanie-katowice-ul-pawla-edmunda-strzeleckiego-2-pokojowe-o7h6p3,https://s2.adresowa.pl/oi/78/49/37ef00_f18e_cover@2x-2-pokojowe-mieszkanie-katowice-ul-pawla-edmunda-strzeleckiego.webp
Katowice,Zawodzie,4,49,525000,10714,bez pośredników,,12,https://adresowo.pl/o/mieszkanie-katowice-zawodzie-4-pokojowe-49-m2-j6f6z6,https://s2.adresowa.pl/oi/2e/37/37e97a_b1c5_cover@2x-4-pokojowe-mieszkanie-katowice-zawodzie.webp
Katowice Szopienice,ul. Przelotowa,1,35,154000,4400,bez pośredników,,8,https://adresowo.pl/o/mieszkanie-katowice-szopienice-ul-przelotowa-1-pokoj-v9u0n8,https://s2.adresowa.pl/oi/6e/4e/378396_fed2_cover@2x-1-pokojowe-mieszkanie-katowice-szopienice-ul-przelotowa.webp
Katowice Bogucice,ul. Nowa,2,32,300000,9375,bez pośredników,,5,https://adresowo.pl/o/mieszkanie-katowice-bogucice-ul-nowa-2-pokojowe-e1x9y5,https://s2.adresowa.pl/oi/2a/29/36b616_8f00_cover@2x-2-pokojowe-mieszkanie-katowice-bogucice-ul-nowa.webp
Katowice Ochojec,ul. Marcina Radockiego,1,38,350000,9211,bez pośredników,,20,https://adresowo.pl/o/mieszkanie-katowice-ochojec-ul-marcina-radockiego-1-pokoj-m8j6z6,https://s2.adresowa.pl/oi/49/76/36b230_5589_cover@2x-1-pokojowe-mieszkanie-katowice-ochojec-ul-marcina-radockiego.webp
Katowice os. Tysiąclecia,ul. Tysiąclecia,2,50,399000,7980,bez pośredników,,8,https://adresowo.pl/o/mieszkanie-katowice-os-tysiaclecia-ul-tysiaclecia-2-pokojowe-k5i5i6,https://s2.adresowa.pl/oi/30/72/354096_9d66_cover@2x-2-pokojowe-mieszkanie-katowice-os-tysiaclecia-ul-tysiaclecia.webp
Katowice Śródmieście,ul. Warszawska,3,104,650000,6250,bez pośredników,,13,https://adresowo.pl/o/mieszkanie-katowice-srodmiescie-ul-warszawska-3-pokojowe-p8f8y9,https://s2.adresowa.pl/oi/69/57/34f30a_fc1a_cover@2x-3-pokojowe-mieszkanie-katowice-srodmiescie-ul-warszawska.webp
Katowice Brynów,ul. Rolna,2,34,250000,7353,bez pośredników,,13,https://adresowo.pl/o/mieszkanie-katowice-brynow-ul-rolna-2-pokojowe-h4n5r3,https://s2.adresowa.pl/oi/57/55/34655c_83bd_cover@2x-2-pokojowe-mieszkanie-katowice-brynow-ul-rolna.webp
Katowice os. Tysiąclecia,ul. Chorzowska,2,43,669000,15558,bez pośredników,,5,https://adresowo.pl/o/mieszkanie-katowice-os-tysiaclecia-ul-chorzowska-2-pokojowe-i1k8k9,https://s2.adresowa.pl/oi/75/4b/33947e_781a_cover@2x-2-pokojowe-mieszkanie-katowice-os-tysiaclecia-ul-chorzowska.webp
Katowice Muchowiec,ul. Szybowcowa,3,72,1086061,15084,bez pośredników,,20,https://adresowo.pl/o/mieszkanie-katowice-muchowiec-ul-szybowcowa-3-pokojowe-e9w9q4,https://s2.adresowa.pl/oi/73/51/3325f8_4a92_cover@2x-3-pokojowe-mieszkanie-katowice-muchowiec-ul-szybowcowa.webp
Katowice Dąb,pl. Bolesława Chrobrego,2,50,405000,8100,bez pośredników,,8,https://adresowo.pl/o/mieszkanie-katowice-dab-pl-boleslawa-chrobrego-2-pokojowe-k0p4m9,https://s2.adresowa.pl/oi/41/5e/32f17e_37b7_cover@2x-2-pokojowe-mieszkanie-katowice-dab-pl-boleslawa-chrobrego.webp
Katowice Ligota,ul. Ostrawska,3,47,636000,13532,bez pośredników,,6,https://adresowo.pl/o/mieszkanie-katowice-ligota-ul-ostrawska-3-pokojowe-w4p5k6,https://s2.adresowa.pl/oi/7c/3b/2cba8c_29f0_cover@2x-3-pokojowe-mieszkanie-katowice-ligota-ul-ostrawska.webp
Katowice Giszowiec,ul. Wojciecha,3,53,387000,7302,bez pośredników,,5,https://adresowo.pl/o/mieszkanie-katowice-giszowiec-ul-wojciecha-3-pokojowe-a9t7p7,https://s2.adresowa.pl/oi/27/6c/2b38ce_5ca4_cover@2x-3-pokojowe-mieszkanie-katowice-giszowiec-ul-wojciecha.webp
Katowice Śródmieście,ul. Zabrska,1,43,399000,9279,bez pośredników,,6,https://adresowo.pl/o/mieszkanie-katowice-srodmiescie-ul-zabrska-1-pokoj-o6v7a6,https://s2.adresowa.pl/oi/24/32/292020_f9b1_cover@2x-1-pokojowe-mieszkanie-katowice-srodmiescie-ul-zabrska.webp
Katowice Śródmieście,ul. Tadeusza Kościuszki,3,71,465000,6549,bez pośredników,,18,https://adresowo.pl/o/mieszkanie-katowice-srodmiescie-ul-tadeusza-kosciuszki-3-pokojowe-w1u8d4,https://s2.adresowa.pl/oi/33/5e/27e5b2_f1f7_cover@2x-3-pokojowe-mieszkanie-katowice-srodmiescie-ul-tadeusza-kosciuszki.webp
Katowice Koszutka,ul. Brzozowa,6,140,860000,6143,bez pośredników,,30,https://adresowo.pl/o/mieszkanie-katowice-koszutka-ul-brzozowa-6-pokojowe-m0h4x7,https://s2.adresowa.pl/oi/59/33/20aa52_aa6a_cover@2x-6-pokojowe-mieszkanie-katowice-koszutka-ul-brzozowa.webp
Katowice Śródmieście,ul. Barbary,2,45,320000,7111,bez pośredników,,9,https://adresowo.pl/o/mieszkanie-katowice-srodmiescie-ul-barbary-2-pokojowe-a7l5j1,https://s2.adresowa.pl/oi/36/2f/324a66_d2f7_cover@2x-2-pokojowe-mieszkanie-katowice-srodmiescie-ul-barbary.webp
Katowice os. Tysiąclecia,ul. Piastów,2,43,419000,9744,bez pośredników,,8,https://adresowo.pl/o/mieszkanie-katowice-os-tysiaclecia-ul-piastow-2-pokojowe-g3y2q2,https://s2.adresowa.pl/oi/4e/6f/41422c_406f_cover@2x-2-pokojowe-mieszkanie-katowice-os-tysiaclecia-ul-piastow.webp
Katowice Zawodzie,al. Walentego Roździeńskiego,3,55,440000,8000,bez pośredników,,8,https://adresowo.pl/o/mieszkanie-katowice-zawodzie-al-walentego-rozdzienskiego-3-pokojowe-n0h6o6,https://s2.adresowa.pl/oi/62/31/41412e_94a8_cover@2x-3-pokojowe-mieszkanie-katowice-zawodzie-al-walentego-rozdzienskiego.webp
Katowice Dąb,ul. Bracka,2,40,zapytaj,,bez pośredników,,+74 podobne oferty,https://adresowo.pl/o/mieszkanie-katowice-dab-ul-bracka-2-pokojowe-h7h5f2,https://s2.adresowa.pl/development/674270/nowe-mieszkania-bracka-vita-625b_cover.jpg
Katowice Piotrowice,ul. Armii Krajowej,2,39,469000,12026,Pośrednik,,5,https://adresowo.pl/o/mieszkanie-katowice-piotrowice-ul-armii-krajowej-2-pokojowe-b6u6p5,https://s2.adresowa.pl/oi/30/3c/413fb4_347a_cover@2x-2-pokojowe-mieszkanie-katowice-piotrowice-ul-armii-krajowej.webp
Katowice Śródmieście,ul. ks. kard. Bolesława Kominka,2,38,389000,10237,Pośrednik,,10,https://adresowo.pl/o/mieszkanie-katowice-srodmiescie-ul-ks-kard-boleslawa-kominka-2-pokojowe-e6k7r1,https://s2.adresowa.pl/oi/3e/5a/413258_845f_cover@2x-2-pokojowe-mieszkanie-katowice-srodmiescie-ul-ks-kard-boleslawa-kominka.webp
Katowice Piotrowice,ul. Karola Szymanowskiego,3,61,639000,10475,bez pośredników,,12,https://adresowo.pl/o/mieszkanie-katowice-piotrowice-ul-karola-szymanowskiego-3-pokojowe-b0z7f9,https://s2.adresowa.pl/oi/12/62/4140e4_c0eb_cover@2x-3-pokojowe-mieszkanie-katowice-piotrowice-ul-karola-szymanowskiego.webp
Katowice Ligota,ul. Piotrowicka,2,54,619000,11463,bez pośredników,,11,https://adresowo.pl/o/mieszkanie-katowice-ligota-ul-piotrowicka-2-pokojowe-q2n9l3,https://s2.adresowa.pl/oi/7e/51/4140c0_3d15_cover@2x-2-pokojowe-mieszkanie-katowice-ligota-ul-piotrowicka.webp
Katowice Brynów,ul. Ceglana,2,36,zapytaj,,bez pośredników,,+39 podobnych ofert,https://adresowo.pl/o/mieszkanie-katowice-brynow-ul-ceglana-2-pokojowe-v7b4w3,https://s2.adresowa.pl/development/561699/nowe-mieszkania-ceglana-park-911c_cover.jpg
Katowice Brynów,ul. Nasypowa,2,37,525000,14189,Pośrednik,,13,https://adresowo.pl/o/mieszkanie-katowice-brynow-ul-nasypowa-2-pokojowe-i0c2h1,https://s2.adresowa.pl/oi/4b/2b/411fd6_a7f4_cover@2x-2-pokojowe-mieszkanie-katowice-brynow-ul-nasypowa.webp
Katowice Śródmieście,al. Wojciecha Korfantego,2,47,340000,7234,Pośrednik,,9,https://adresowo.pl/o/mieszkanie-katowice-srodmiescie-al-wojciecha-korfantego-2-pokojowe-x4w5v4,https://s2.adresowa.pl/oi/57/45/411da0_46ce_cover@2x-2-pokojowe-mieszkanie-katowice-srodmiescie-al-wojciecha-korfantego.webp
Katowice Ligota,ul. Warmińska,2,47,389000,8277,bez pośredników,,12,https://adresowo.pl/o/mieszkanie-katowice-ligota-ul-warminska-2-pokojowe-m2p0u7,https://s2.adresowa.pl/oi/54/24/41409a_8a63_cover@2x-2-pokojowe-mieszkanie-katowice-ligota-ul-warminska.webp
Katowice Ligota,ul. Koszalińska,1,31,330000,10645,bez pośredników,,13,https://adresowo.pl/o/mieszkanie-katowice-ligota-ul-koszalinska-1-pokoj-h2y0p9,https://s2.adresowa.pl/oi/3a/11/413fda_9680_cover@2x-1-pokojowe-mieszkanie-katowice-ligota-ul-koszalinska.webp
Katowice Dąb,ul. Bracka,3,58,zapytaj,,bez pośredników,,+33 podobne oferty,https://adresowo.pl/o/mieszkanie-katowice-dab-ul-bracka-3-pokojowe-w1c2p6,https://s2.adresowa.pl/development/674270/nowe-mieszkania-bracka-vita-625b_cover.jpg
Katowice Koszutka,ul. Morwowa,2,34,275000,8088,Pośrednik,,10,https://adresowo.pl/o/mieszkanie-katowice-koszutka-ul-morwowa-2-pokojowe-e6g9p2,https://s2.adresowa.pl/oi/2f/29/41033a_275a_cover@2x-2-pokojowe-mieszkanie-katowice-koszutka-ul-morwowa.webp
Katowice Piotrowice,ul. Sowia,3,89,829000,9315,Pośrednik,,27,https://adresowo.pl/o/mieszkanie-katowice-piotrowice-ul-sowia-3-pokojowe-i8q6q9,https://s2.adresowa.pl/oi/3b/27/40f696_8db6_cover@2x-3-pokojowe-mieszkanie-katowice-piotrowice-ul-sowia.webp
Katowice Muchowiec,ul. gen. Władysława Sikorskiego,2,44,379000,8614,bez pośredników,,9,https://adresowo.pl/o/mieszkanie-katowice-muchowiec-ul-gen-wladyslawa-sikorskiego-2-pokojowe-f4w4z8,https://s2.adresowa.pl/oi/10/60/413f94_47ec_cover@2x-2-pokojowe-mieszkanie-katowice-muchowiec-ul-gen-wladyslawa-sikorskiego.webp
Katowice,Brynów,2,45,660000,14667,bez pośredników,,6,https://adresowo.pl/o/mieszkanie-katowice-brynow-2-pokojowe-45-m2-v7e6b0,https://s2.adresowa.pl/oi/4a/5f/413ef8_f041_cover@2x-2-pokojowe-mieszkanie-katowice-brynow.webp
Katowice Brynów,ul. Ceglana,3,55,zapytaj,,bez pośredników,,+28 podobnych ofert,https://adresowo.pl/o/mieszkanie-katowice-brynow-ul-ceglana-3-pokojowe-t0n8b4,https://s2.adresowa.pl/development/561699/nowe-mieszkania-ceglana-park-911c_cover.jpg
Katowice Bogucice,ul. Karoliny,3,49,650000,13265,Pośrednik,,20,https://adresowo.pl/o/mieszkanie-katowice-bogucice-ul-karoliny-3-pokojowe-j0g4b5,https://s2.adresowa.pl/oi/69/6b/40e242_cb8e_cover@2x-3-pokojowe-mieszkanie-katowice-bogucice-ul-karoliny.webp
Katowice,ul. Braci Mniejszych,3,53,730000,13774,Pośrednik,,20,https://adresowo.pl/o/mieszkanie-katowice-ul-braci-mniejszych-3-pokojowe-v0f1g5,https://s2.adresowa.pl/oi/44/29/40e23e_2dd8_cover@2x-3-pokojowe-mieszkanie-katowice-ul-braci-mniejszych.webp
Katowice,Giszowiec,3,53,390000,7358,bez pośredników,,6,https://adresowo.pl/o/mieszkanie-katowice-giszowiec-3-pokojowe-53-m2-v5h4g5,https://s2.adresowa.pl/oi/10/12/413ae4_8cb1_cover@2x-3-pokojowe-mieszkanie-katowice-giszowiec.webp
Katowice Brynów,ul. Warzywna,2,37,300000,8108,bez pośredników,,8,https://adresowo.pl/o/mieszkanie-katowice-brynow-ul-warzywna-2-pokojowe-x5n9w0,https://s2.adresowa.pl/oi/6f/2b/413ac6_5524_cover@2x-2-pokojowe-mieszkanie-katowice-brynow-ul-warzywna.webp
Katowice Brynów,ul. Ceglana,1,33,zapytaj,,bez pośredników,,+1 podobna oferta,https://adresowo.pl/o/mieszkanie-katowice-brynow-ul-ceglana-1-pokoj-f6f9t9,https://s2.adresowa.pl/development/561699/nowe-mieszkania-ceglana-park-911c_cover.jpg
Katowice,ul. gen. Zygmunta Waltera Jankego,2,41,431000,10512,Pośrednik,,4,https://adresowo.pl/o/mieszkanie-katowice-ul-gen-zygmunta-waltera-jankego-2-pokojowe-s1q1j6,https://s2.adresowa.pl/oi/4d/5e/40c854_8138_cover@2x-2-pokojowe-mieszkanie-katowice-ul-gen-zygmunta-waltera-jankego.webp
Katowice,,4,62,800058,12904,Pośrednik,,5,https://adresowo.pl/o/mieszkanie-katowice-4-pokojowe-62-m2-r8n0x1,https://s2.adresowa.pl/oi/34/65/40c666_4fd2_cover@2x-4-pokojowe-mieszkanie-katowice.webp
Katowice Brynów,ul. Wróbli,5,161,1790000,11118,bez pośredników,,22,https://adresowo.pl/o/mieszkanie-katowice-brynow-ul-wrobli-5-pokojowe-n2e7q3,https://s2.adresowa.pl/oi/7d/38/412d14_f612_cover@2x-5-pokojowe-mieszkanie-katowice-brynow-ul-wrobli.webp
Katowice Piotrowice,ul. Jaworowa,3,64,483000,7547,bez pośredników,,7,https://adresowo.pl/o/mieszkanie-katowice-piotrowice-ul-jaworowa-3-pokojowe-n6o5p1,https://s2.adresowa.pl/oi/11/64/412d10_eaba_cover@2x-3-pokojowe-mieszkanie-katowice-piotrowice-ul-jaworowa.webp
Katowice Dąb,ul. Bracka,4,93,zapytaj,,bez pośredników,,+10 podobnych ofert,https://adresowo.pl/o/mieszkanie-katowice-dab-ul-bracka-4-pokojowe-l5l3s3,https://s2.adresowa.pl/development/674270/nowe-mieszkania-bracka-vita-625b_cover.jpg
Katowice,ul. Sokolska,2,29,418000,14414,Pośrednik,,4,https://adresowo.pl/o/mieszkanie-katowice-ul-sokolska-2-pokojowe-c6k1e2,https://s2.adresowa.pl/oi/40/1c/40c664_c5ff_cover@2x-2-pokojowe-mieszkanie-katowice-ul-sokolska.webp
Katowice,ul. Kazimiery Iłłakowiczówny,3,72,761200,10572,Pośrednik,,4,https://adresowo.pl/o/mieszkanie-katowice-ul-kazimiery-illakowiczowny-3-pokojowe-a5i5u3,https://s2.adresowa.pl/oi/30/76/40c662_2abb_cover@2x-3-pokojowe-mieszkanie-katowice-ul-kazimiery-illakowiczowny.webp
Katowice Bogucice,ul. Modrzewiowa,3,50,395000,7900,bez pośredników,,13,https://adresowo.pl/o/mieszkanie-katowice-bogucice-ul-modrzewiowa-3-pokojowe-a6o3e2,https://s2.adresowa.pl/oi/10/33/412bfc_5710_cover@2x-3-pokojowe-mieszkanie-katowice-bogucice-ul-modrzewiowa.webp
Katowice Dąbrówka Mała,ul. Józefa Grzegorzka,2,51,349000,6843,bez pośredników,,10,https://adresowo.pl/o/mieszkanie-katowice-dabrowka-mala-ul-jozefa-grzegorzka-2-pokojowe-t2b8s0,https://s2.adresowa.pl/oi/62/10/412b7c_70ba_cover@2x-2-pokojowe-mieszkanie-katowice-dabrowka-mala-ul-jozefa-grzegorzka.webp
Katowice Brynów,ul. Ceglana,4,97,zapytaj,,bez pośredników,,13,https://adresowo.pl/o/mieszkanie-katowice-brynow-ul-ceglana-4-pokojowe-e9k0i4,https://s2.adresowa.pl/development/561699/nowe-mieszkania-ceglana-park-911c_cover.jpg
Katowice,ul. Kazimiery Iłłakowiczówny,2,40,440600,11015,Pośrednik,,4,https://adresowo.pl/o/mieszkanie-katowice-ul-kazimiery-illakowiczowny-2-pokojowe-m2c3m7,https://s2.adresowa.pl/oi/43/7f/40c658_fc4e_cover@2x-2-pokojowe-mieszkanie-katowice-ul-kazimiery-illakowiczowny.webp
Katowice,ul. Mikołowska,4,81,1016375,12548,Pośrednik,,6,https://adresowo.pl/o/mieszkanie-katowice-ul-mikolowska-4-pokojowe-j9d8j9,https://s2.adresowa.pl/oi/33/5a/40c656_df78_cover@2x-4-pokojowe-mieszkanie-katowice-ul-mikolowska.webp
Katowice Śródmieście,ul. Słoneczna,2,43,589000,13698,bez pośredników,,10,https://adresowo.pl/o/mieszkanie-katowice-srodmiescie-ul-sloneczna-2-pokojowe-q2l9z7,https://s2.adresowa.pl/oi/64/6e/412b60_7046_cover@2x-2-pokojowe-mieszkanie-katowice-srodmiescie-ul-sloneczna.webp
Katowice Dąb,ul. Bracka,5,110,zapytaj,,bez pośredników,,+7 podobnych ofert,https://adresowo.pl/o/mieszkanie-katowice-dab-ul-bracka-5-pokojowe-f3d3g1,https://s2.adresowa.pl/development/674270/nowe-mieszkania-bracka-vita-625b_cover.jpg
Katowice,ul. gen. Zygmunta Waltera Jankego,3,60,640500,10675,Pośrednik,,4,https://adresowo.pl/o/mieszkanie-katowice-ul-gen-zygmunta-waltera-jankego-3-pokojowe-x7o4c8,https://s2.adresowa.pl/oi/7d/49/40c654_78dd_cover@2x-3-pokojowe-mieszkanie-katowice-ul-gen-zygmunta-waltera-jankego.webp
Katowice,Śródmieście,3,52,629000,12096,Pośrednik,,7,https://adresowo.pl/o/mieszkanie-katowice-srodmiescie-3-pokojowe-52-m2-a2p7n9,https://s2.adresowa.pl/oi/52/67/40c64e_b02d_cover@2x-3-pokojowe-mieszkanie-katowice-srodmiescie.webp
Katowice Śródmieście,ul. Barbary,2,45,320000,7111,bez pośredników,,9,https://adresowo.pl/o/mieszkanie-katowice-srodmiescie-ul-barbary-2-pokojowe-a7l5j1,https://s2.adresowa.pl/oi/36/2f/324a66_d2f7_cover@2x-2-pokojowe-mieszkanie-katowice-srodmiescie-ul-barbary.webp
Katowice os. Tysiąclecia,ul. Piastów,2,43,419000,9744,bez pośredników,,8,https://adresowo.pl/o/mieszkanie-katowice-os-tysiaclecia-ul-piastow-2-pokojowe-g3y2q2,https://s2.adresowa.pl/oi/4e/6f/41422c_406f_cover@2x-2-pokojowe-mieszkanie-katowice-os-tysiaclecia-ul-piastow.webp
Katowice Zawodzie,al. Walentego Roździeńskiego,3,55,440000,8000,bez pośredników,,8,https://adresowo.pl/o/mieszkanie-katowice-zawodzie-al-walentego-rozdzienskiego-3-pokojowe-n0h6o6,https://s2.adresowa.pl/oi/62/31/41412e_94a8_cover@2x-3-pokojowe-mieszkanie-katowice-zawodzie-al-walentego-rozdzienskiego.webp
Katowice Dąb,ul. Bracka,2,40,zapytaj,,bez pośredników,,+74 podobne oferty,https://adresowo.pl/o/mieszkanie-katowice-dab-ul-bracka-2-pokojowe-h7h5f2,https://s2.adresowa.pl/development/674270/nowe-mieszkania-bracka-vita-625b_cover.jpg
Katowice Piotrowice,ul. Armii Krajowej,2,39,469000,12026,Pośrednik,,5,https://adresowo.pl/o/mieszkanie-katowice-piotrowice-ul-armii-krajowej-2-pokojowe-b6u6p5,https://s2.adresowa.pl/oi/30/3c/413fb4_347a_cover@2x-2-pokojowe-mieszkanie-katowice-piotrowice-ul-armii-krajowej.webp
Katowice Śródmieście,ul. ks. kard. Bolesława Kominka,2,38,389000,10237,Pośrednik,,10,https://adresowo.pl/o/mieszkanie-katowice-srodmiescie-ul-ks-kard-boleslawa-kominka-2-pokojowe-e6k7r1,https://s2.adresowa.pl/oi/3e/5a/413258_845f_cover@2x-2-pokojowe-mieszkanie-katowice-srodmiescie-ul-ks-kard-boleslawa-kominka.webp
Katowice Piotrowice,ul. Karola Szymanowskiego,3,61,639000,10475,bez pośredników,,12,https://adresowo.pl/o/mieszkanie-katowice-piotrowice-ul-karola-szymanowskiego-3-pokojowe-b0z7f9,https://s2.adresowa.pl/oi/12/62/4140e4_c0eb_cover@2x-3-pokojowe-mieszkanie-katowice-piotrowice-ul-karola-szymanowskiego.webp
Katowice Ligota,ul. Piotrowicka,2,54,619000,11463,bez pośredników,,11,https://adresowo.pl/o/mieszkanie-katowice-ligota-ul-piotrowicka-2-pokojowe-q2n9l3,https://s2.adresowa.pl/oi/7e/51/4140c0_3d15_cover@2x-2-pokojowe-mieszkanie-katowice-ligota-ul-piotrowicka.webp
Katowice Brynów,ul. Ceglana,2,36,zapytaj,,bez pośredników,,+39 podobnych ofert,https://adresowo.pl/o/mieszkanie-katowice-brynow-ul-ceglana-2-pokojowe-v7b4w3,https://s2.adresowa.pl/development/561699/nowe-mieszkania-ceglana-park-911c_cover.jpg
Katowice Brynów,ul. Nasypowa,2,37,525000,14189,Pośrednik,,13,https://adresowo.pl/o/mieszkanie-katowice-brynow-ul-nasypowa-2-pokojowe-i0c2h1,https://s2.adresowa.pl/oi/4b/2b/411fd6_a7f4_cover@2x-2-pokojowe-mieszkanie-katowice-brynow-ul-nasypowa.webp
Katowice Śródmieście,al. Wojciecha Korfantego,2,47,340000,7234,Pośrednik,,9,https://adresowo.pl/o/mieszkanie-katowice-srodmiescie-al-wojciecha-korfantego-2-pokojowe-x4w5v4,https://s2.adresowa.pl/oi/57/45/411da0_46ce_cover@2x-2-pokojowe-mieszkanie-katowice-srodmiescie-al-wojciecha-korfantego.webp
Katowice Ligota,ul. Warmińska,2,47,389000,8277,bez pośredników,,12,https://adresowo.pl/o/mieszkanie-katowice-ligota-ul-warminska-2-pokojowe-m2p0u7,https://s2.adresowa.pl/oi/54/24/41409a_8a63_cover@2x-2-pokojowe-mieszkanie-katowice-ligota-ul-warminska.webp
Katowice Ligota,ul. Koszalińska,1,31,330000,10645,bez pośredników,,13,https://adresowo.pl/o/mieszkanie-katowice-ligota-ul-koszalinska-1-pokoj-h2y0p9,https://s2.adresowa.pl/oi/3a/11/413fda_9680_cover@2x-1-pokojowe-mieszkanie-katowice-ligota-ul-koszalinska.webp
Katowice Dąb,ul. Bracka,3,58,zapytaj,,bez pośredników,,+33 podobne oferty,https://adresowo.pl/o/mieszkanie-katowice-dab-ul-bracka-3-pokojowe-w1c2p6,https://s2.adresowa.pl/development/674270/nowe-mieszkania-bracka-vita-625b_cover.jpg
Katowice Koszutka,ul. Morwowa,2,34,275000,8088,Pośrednik,,10,https://adresowo.pl/o/mieszkanie-katowice-koszutka-ul-morwowa-2-pokojowe-e6g9p2,https://s2.adresowa.pl/oi/2f/29/41033a_275a_cover@2x-2-pokojowe-mieszkanie-katowice-koszutka-ul-morwowa.webp
Katowice Piotrowice,ul. Sowia,3,89,829000,9315,Pośrednik,,27,https://adresowo.pl/o/mieszkanie-katowice-piotrowice-ul-sowia-3-pokojowe-i8q6q9,https://s2.adresowa.pl/oi/3b/27/40f696_8db6_cover@2x-3-pokojowe-mieszkanie-katowice-piotrowice-ul-sowia.webp
Katowice Muchowiec,ul. gen. Władysława Sikorskiego,2,44,379000,8614,bez pośredników,,9,https://adresowo.pl/o/mieszkanie-katowice-muchowiec-ul-gen-wladyslawa-sikorskiego-2-pokojowe-f4w4z8,https://s2.adresowa.pl/oi/10/60/413f94_47ec_cover@2x-2-pokojowe-mieszkanie-katowice-muchowiec-ul-gen-wladyslawa-sikorskiego.webp
Katowice,Brynów,2,45,660000,14667,bez pośredników,,6,https://adresowo.pl/o/mieszkanie-katowice-brynow-2-pokojowe-45-m2-v7e6b0,https://s2.adresowa.pl/oi/4a/5f/413ef8_f041_cover@2x-2-pokojowe-mieszkanie-katowice-brynow.webp
Katowice Brynów,ul. Ceglana,3,55,zapytaj,,bez pośredników,,+28 podobnych ofert,https://adresowo.pl/o/mieszkanie-katowice-brynow-ul-ceglana-3-pokojowe-t0n8b4,https://s2.adresowa.pl/development/561699/nowe-mieszkania-ceglana-park-911c_cover.jpg
Katowice Bogucice,ul. Karoliny,3,49,650000,13265,Pośrednik,,20,https://adresowo.pl/o/mieszkanie-katowice-bogucice-ul-karoliny-3-pokojowe-j0g4b5,https://s2.adresowa.pl/oi/69/6b/40e242_cb8e_cover@2x-3-pokojowe-mieszkanie-katowice-bogucice-ul-karoliny.webp
Katowice,ul. Braci Mniejszych,3,53,730000,13774,Pośrednik,,20,https://adresowo.pl/o/mieszkanie-katowice-ul-braci-mniejszych-3-pokojowe-v0f1g5,https://s2.adresowa.pl/oi/44/29/40e23e_2dd8_cover@2x-3-pokojowe-mieszkanie-katowice-ul-braci-mniejszych.webp
Katowice,Giszowiec,3,53,390000,7358,bez pośredników,,6,https://adresowo.pl/o/mieszkanie-katowice-giszowiec-3-pokojowe-53-m2-v5h4g5,https://s2.adresowa.pl/oi/10/12/413ae4_8cb1_cover@2x-3-pokojowe-mieszkanie-katowice-giszowiec.webp
Katowice Brynów,ul. Warzywna,2,37,300000,8108,bez pośredników,,8,https://adresowo.pl/o/mieszkanie-katowice-brynow-ul-warzywna-2-pokojowe-x5n9w0,https://s2.adresowa.pl/oi/6f/2b/413ac6_5524_cover@2x-2-pokojowe-mieszkanie-katowice-brynow-ul-warzywna.webp
Katowice Brynów,ul. Ceglana,1,33,zapytaj,,bez pośredników,,+1 podobna oferta,https://adresowo.pl/o/mieszkanie-katowice-brynow-ul-ceglana-1-pokoj-f6f9t9,https://s2.adresowa.pl/development/561699/nowe-mieszkania-ceglana-park-911c_cover.jpg
Katowice,ul. gen. Zygmunta Waltera Jankego,2,41,431000,10512,Pośrednik,,4,https://adresowo.pl/o/mieszkanie-katowice-ul-gen-zygmunta-waltera-jankego-2-pokojowe-s1q1j6,https://s2.adresowa.pl/oi/4d/5e/40c854_8138_cover@2x-2-pokojowe-mieszkanie-katowice-ul-gen-zygmunta-waltera-jankego.webp
Katowice,,4,62,800058,12904,Pośrednik,,5,https://adresowo.pl/o/mieszkanie-katowice-4-pokojowe-62-m2-r8n0x1,https://s2.adresowa.pl/oi/34/65/40c666_4fd2_cover@2x-4-pokojowe-mieszkanie-katowice.webp
Katowice Brynów,ul. Wróbli,5,161,1790000,11118,bez pośredników,,22,https://adresowo.pl/o/mieszkanie-katowice-brynow-ul-wrobli-5-pokojowe-n2e7q3,https://s2.adresowa.pl/oi/7d/38/412d14_f612_cover@2x-5-pokojowe-mieszkanie-katowice-brynow-ul-wrobli.webp
Katowice Piotrowice,ul. Jaworowa,3,64,483000,7547,bez pośredników,,7,https://adresowo.pl/o/mieszkanie-katowice-piotrowice-ul-jaworowa-3-pokojowe-n6o5p1,https://s2.adresowa.pl/oi/11/64/412d10_eaba_cover@2x-3-pokojowe-mieszkanie-katowice-piotrowice-ul-jaworowa.webp
Katowice Dąb,ul. Bracka,4,93,zapytaj,,bez pośredników,,+10 podobnych ofert,https://adresowo.pl/o/mieszkanie-katowice-dab-ul-bracka-4-pokojowe-l5l3s3,https://s2.adresowa.pl/development/674270/nowe-mieszkania-bracka-vita-625b_cover.jpg
Katowice,ul. Sokolska,2,29,418000,14414,Pośrednik,,4,https://adresowo.pl/o/mieszkanie-katowice-ul-sokolska-2-pokojowe-c6k1e2,https://s2.adresowa.pl/oi/40/1c/40c664_c5ff_cover@2x-2-pokojowe-mieszkanie-katowice-ul-sokolska.webp
Katowice,ul. Kazimiery Iłłakowiczówny,3,72,761200,10572,Pośrednik,,4,https://adresowo.pl/o/mieszkanie-katowice-ul-kazimiery-illakowiczowny-3-pokojowe-a5i5u3,https://s2.adresowa.pl/oi/30/76/40c662_2abb_cover@2x-3-pokojowe-mieszkanie-katowice-ul-kazimiery-illakowiczowny.webp
Katowice Bogucice,ul. Modrzewiowa,3,50,395000,7900,bez pośredników,,13,https://adresowo.pl/o/mieszkanie-katowice-bogucice-ul-modrzewiowa-3-pokojowe-a6o3e2,https://s2.adresowa.pl/oi/10/33/412bfc_5710_cover@2x-3-pokojowe-mieszkanie-katowice-bogucice-ul-modrzewiowa.webp
Katowice Dąbrówka Mała,ul. Józefa Grzegorzka,2,51,349000,6843,bez pośredników,,10,https://adresowo.pl/o/mieszkanie-katowice-dabrowka-mala-ul-jozefa-grzegorzka-2-pokojowe-t2b8s0,https://s2.adresowa.pl/oi/62/10/412b7c_70ba_cover@2x-2-pokojowe-mieszkanie-katowice-dabrowka-mala-ul-jozefa-grzegorzka.webp
Katowice Brynów,ul. Ceglana,4,97,zapytaj,,bez pośredników,,13,https://adresowo.pl/o/mieszkanie-katowice-brynow-ul-ceglana-4-pokojowe-e9k0i4,https://s2.adresowa.pl/development/561699/nowe-mieszkania-ceglana-park-911c_cover.jpg
Katowice,ul. Kazimiery Iłłakowiczówny,2,40,440600,11015,Pośrednik,,4,https://adresowo.pl/o/mieszkanie-katowice-ul-kazimiery-illakowiczowny-2-pokojowe-m2c3m7,https://s2.adresowa.pl/oi/43/7f/40c658_fc4e_cover@2x-2-pokojowe-mieszkanie-katowice-ul-kazimiery-illakowiczowny.webp
Katowice,ul. Mikołowska,4,81,1016375,12548,Pośrednik,,6,https://adresowo.pl/o/mieszkanie-katowice-ul-mikolowska-4-pokojowe-j9d8j9,https://s2.adresowa.pl/oi/33/5a/40c656_df78_cover@2x-4-pokojowe-mieszkanie-katowice-ul-mikolowska.webp
Katowice Śródmieście,ul. Słoneczna,2,43,589000,13698,bez pośredników,,10,https://adresowo.pl/o/mieszkanie-katowice-srodmiescie-ul-sloneczna-2-pokojowe-q2l9z7,https://s2.adresowa.pl/oi/64/6e/412b60_7046_cover@2x-2-pokojowe-mieszkanie-katowice-srodmiescie-ul-sloneczna.webp
Katowice Dąb,ul. Bracka,5,110,zapytaj,,bez pośredników,,+7 podobnych ofert,https://adresowo.pl/o/mieszkanie-katowice-dab-ul-bracka-5-pokojowe-f3d3g1,https://s2.adresowa.pl/development/674270/nowe-mieszkania-bracka-vita-625b_cover.jpg
Katowice,ul. gen. Zygmunta Waltera Jankego,3,60,640500,10675,Pośrednik,,4,https://adresowo.pl/o/mieszkanie-katowice-ul-gen-zygmunta-waltera-jankego-3-pokojowe-x7o4c8,https://s2.adresowa.pl/oi/7d/49/40c654_78dd_cover@2x-3-pokojowe-mieszkanie-katowice-ul-gen-zygmunta-waltera-jankego.webp
Katowice,Śródmieście,3,52,629000,12096,Pośrednik,,7,https://adresowo.pl/o/mieszkanie-katowice-srodmiescie-3-pokojowe-52-m2-a2p7n9,https://s2.adresowa.pl/oi/52/67/40c64e_b02d_cover@2x-3-pokojowe-mieszkanie-katowice-srodmiescie.webp
Katowice Śródmieście,ul. Barbary,2,45,320000,7111,bez pośredników,,9,https://adresowo.pl/o/mieszkanie-katowice-srodmiescie-ul-barbary-2-pokojowe-a7l5j1,https://s2.adresowa.pl/oi/36/2f/324a66_d2f7_cover@2x-2-pokojowe-mieszkanie-katowice-srodmiescie-ul-barbary.webp
Katowice os. Tysiąclecia,ul. Piastów,2,43,419000,9744,bez pośredników,,8,https://adresowo.pl/o/mieszkanie-katowice-os-tysiaclecia-ul-piastow-2-pokojowe-g3y2q2,https://s2.adresowa.pl/oi/4e/6f/41422c_406f_cover@2x-2-pokojowe-mieszkanie-katowice-os-tysiaclecia-ul-piastow.webp
Katowice Zawodzie,al. Walentego Roździeńskiego,3,55,440000,8000,bez pośredników,,8,https://adresowo.pl/o/mieszkanie-katowice-zawodzie-al-walentego-rozdzienskiego-3-pokojowe-n0h6o6,https://s2.adresowa.pl/oi/62/31/41412e_94a8_cover@2x-3-pokojowe-mieszkanie-katowice-zawodzie-al-walentego-rozdzienskiego.webp
Katowice Dąb,ul. Bracka,2,40,zapytaj,,bez pośredników,,+74 podobne oferty,https://adresowo.pl/o/mieszkanie-katowice-dab-ul-bracka-2-pokojowe-h7h5f2,https://s2.adresowa.pl/development/674270/nowe-mieszkania-bracka-vita-625b_cover.jpg
Katowice Piotrowice,ul. Armii Krajowej,2,39,469000,12026,Pośrednik,,5,https://adresowo.pl/o/mieszkanie-katowice-piotrowice-ul-armii-krajowej-2-pokojowe-b6u6p5,https://s2.adresowa.pl/oi/30/3c/413fb4_347a_cover@2x-2-pokojowe-mieszkanie-katowice-piotrowice-ul-armii-krajowej.webp
Katowice Śródmieście,ul. ks. kard. Bolesława Kominka,2,38,389000,10237,Pośrednik,,10,https://adresowo.pl/o/mieszkanie-katowice-srodmiescie-ul-ks-kard-boleslawa-kominka-2-pokojowe-e6k7r1,https://s2.adresowa.pl/oi/3e/5a/413258_845f_cover@2x-2-pokojowe-mieszkanie-katowice-srodmiescie-ul-ks-kard-boleslawa-kominka.webp
Katowice Piotrowice,ul. Karola Szymanowskiego,3,61,639000,10475,bez pośredników,,12,https://adresowo.pl/o/mieszkanie-katowice-piotrowice-ul-karola-szymanowskiego-3-pokojowe-b0z7f9,https://s2.adresowa.pl/oi/12/62/4140e4_c0eb_cover@2x-3-pokojowe-mieszkanie-katowice-piotrowice-ul-karola-szymanowskiego.webp
Katowice Ligota,ul. Piotrowicka,2,54,619000,11463,bez pośredników,,11,https://adresowo.pl/o/mieszkanie-katowice-ligota-ul-piotrowicka-2-pokojowe-q2n9l3,https://s2.adresowa.pl/oi/7e/51/4140c0_3d15_cover@2x-2-pokojowe-mieszkanie-katowice-ligota-ul-piotrowicka.webp
Katowice Brynów,ul. Ceglana,2,36,zapytaj,,bez pośredników,,+39 podobnych ofert,https://adresowo.pl/o/mieszkanie-katowice-brynow-ul-ceglana-2-pokojowe-v7b4w3,https://s2.adresowa.pl/development/561699/nowe-mieszkania-ceglana-park-911c_cover.jpg
Katowice Brynów,ul. Nasypowa,2,37,525000,14189,Pośrednik,,13,https://adresowo.pl/o/mieszkanie-katowice-brynow-ul-nasypowa-2-pokojowe-i0c2h1,https://s2.adresowa.pl/oi/4b/2b/411fd6_a7f4_cover@2x-2-pokojowe-mieszkanie-katowice-brynow-ul-nasypowa.webp
Katowice Śródmieście,al. Wojciecha Korfantego,2,47,340000,7234,Pośrednik,,9,https://adresowo.pl/o/mieszkanie-katowice-srodmiescie-al-wojciecha-korfantego-2-pokojowe-x4w5v4,https://s2.adresowa.pl/oi/57/45/411da0_46ce_cover@2x-2-pokojowe-mieszkanie-katowice-srodmiescie-al-wojciecha-korfantego.webp
Katowice Ligota,ul. Warmińska,2,47,389000,8277,bez pośredników,,12,https://adresowo.pl/o/mieszkanie-katowice-ligota-ul-warminska-2-pokojowe-m2p0u7,https://s2.adresowa.pl/oi/54/24/41409a_8a63_cover@2x-2-pokojowe-mieszkanie-katowice-ligota-ul-warminska.webp
Katowice Ligota,ul. Koszalińska,1,31,330000,10645,bez pośredników,,13,https://adresowo.pl/o/mieszkanie-katowice-ligota-ul-koszalinska-1-pokoj-h2y0p9,https://s2.adresowa.pl/oi/3a/11/413fda_9680_cover@2x-1-pokojowe-mieszkanie-katowice-ligota-ul-koszalinska.webp
Katowice Dąb,ul. Bracka,3,58,zapytaj,,bez pośredników,,+33 podobne oferty,https://adresowo.pl/o/mieszkanie-katowice-dab-ul-bracka-3-pokojowe-w1c2p6,https://s2.adresowa.pl/development/674270/nowe-mieszkania-bracka-vita-625b_cover.jpg
Katowice Koszutka,ul. Morwowa,2,34,275000,8088,Pośrednik,,10,https://adresowo.pl/o/mieszkanie-katowice-koszutka-ul-morwowa-2-pokojowe-e6g9p2,https://s2.adresowa.pl/oi/2f/29/41033a_275a_cover@2x-2-pokojowe-mieszkanie-katowice-koszutka-ul-morwowa.webp
Katowice Piotrowice,ul. Sowia,3,89,829000,9315,Pośrednik,,27,https://adresowo.pl/o/mieszkanie-katowice-piotrowice-ul-sowia-3-pokojowe-i8q6q9,https://s2.adresowa.pl/oi/3b/27/40f696_8db6_cover@2x-3-pokojowe-mieszkanie-katowice-piotrowice-ul-sowia.webp
Katowice Muchowiec,ul. gen. Władysława Sikorskiego,2,44,379000,8614,bez pośredników,,9,https://adresowo.pl/o/mieszkanie-katowice-muchowiec-ul-gen-wladyslawa-sikorskiego-2-pokojowe-f4w4z8,https://s2.adresowa.pl/oi/10/60/413f94_47ec_cover@2x-2-pokojowe-mieszkanie-katowice-muchowiec-ul-gen-wladyslawa-sikorskiego.webp
Katowice,Brynów,2,45,660000,14667,bez pośredników,,6,https://adresowo.pl/o/mieszkanie-katowice-brynow-2-pokojowe-45-m2-v7e6b0,https://s2.adresowa.pl/oi/4a/5f/413ef8_f041_cover@2x-2-pokojowe-mieszkanie-katowice-brynow.webp
Katowice Brynów,ul. Ceglana,3,55,zapytaj,,bez pośredników,,+28 podobnych ofert,https://adresowo.pl/o/mieszkanie-katowice-brynow-ul-ceglana-3-pokojowe-t0n8b4,https://s2.adresowa.pl/development/561699/nowe-mieszkania-ceglana-park-911c_cover.jpg
Katowice Bogucice,ul. Karoliny,3,49,650000,13265,Pośrednik,,20,https://adresowo.pl/o/mieszkanie-katowice-bogucice-ul-karoliny-3-pokojowe-j0g4b5,https://s2.adresowa.pl/oi/69/6b/40e242_cb8e_cover@2x-3-pokojowe-mieszkanie-katowice-bogucice-ul-karoliny.webp
Katowice,ul. Braci Mniejszych,3,53,730000,13774,Pośrednik,,20,https://adresowo.pl/o/mieszkanie-katowice-ul-braci-mniejszych-3-pokojowe-v0f1g5,https://s2.adresowa.pl/oi/44/29/40e23e_2dd8_cover@2x-3-pokojowe-mieszkanie-katowice-ul-braci-mniejszych.webp
Katowice,Giszowiec,3,53,390000,7358,bez pośredników,,6,https://adresowo.pl/o/mieszkanie-katowice-giszowiec-3-pokojowe-53-m2-v5h4g5,https://s2.adresowa.pl/oi/10/12/413ae4_8cb1_cover@2x-3-pokojowe-mieszkanie-katowice-giszowiec.webp
Katowice Brynów,ul. Warzywna,2,37,300000,8108,bez pośredników,,8,https://adresowo.pl/o/mieszkanie-katowice-brynow-ul-warzywna-2-pokojowe-x5n9w0,https://s2.adresowa.pl/oi/6f/2b/413ac6_5524_cover@2x-2-pokojowe-mieszkanie-katowice-brynow-ul-warzywna.webp
Katowice Brynów,ul. Ceglana,1,33,zapytaj,,bez pośredników,,+1 podobna oferta,https://adresowo.pl/o/mieszkanie-katowice-brynow-ul-ceglana-1-pokoj-f6f9t9,https://s2.adresowa.pl/development/561699/nowe-mieszkania-ceglana-park-911c_cover.jpg
Katowice,ul. gen. Zygmunta Waltera Jankego,2,41,431000,10512,Pośrednik,,4,https://adresowo.pl/o/mieszkanie-katowice-ul-gen-zygmunta-waltera-jankego-2-pokojowe-s1q1j6,https://s2.adresowa.pl/oi/4d/5e/40c854_8138_cover@2x-2-pokojowe-mieszkanie-katowice-ul-gen-zygmunta-waltera-jankego.webp
Katowice,,4,62,800058,12904,Pośrednik,,5,https://adresowo.pl/o/mieszkanie-katowice-4-pokojowe-62-m2-r8n0x1,https://s2.adresowa.pl/oi/34/65/40c666_4fd2_cover@2x-4-pokojowe-mieszkanie-katowice.webp
Katowice Brynów,ul. Wróbli,5,161,1790000,11118,bez pośredników,,22,https://adresowo.pl/o/mieszkanie-katowice-brynow-ul-wrobli-5-pokojowe-n2e7q3,https://s2.adresowa.pl/oi/7d/38/412d14_f612_cover@2x-5-pokojowe-mieszkanie-katowice-brynow-ul-wrobli.webp
Katowice Piotrowice,ul. Jaworowa,3,64,483000,7547,bez pośredników,,7,https://adresowo.pl/o/mieszkanie-katowice-piotrowice-ul-jaworowa-3-pokojowe-n6o5p1,https://s2.adresowa.pl/oi/11/64/412d10_eaba_cover@2x-3-pokojowe-mieszkanie-katowice-piotrowice-ul-jaworowa.webp
Katowice Dąb,ul. Bracka,4,93,zapytaj,,bez pośredników,,+10 podobnych ofert,https://adresowo.pl/o/mieszkanie-katowice-dab-ul-bracka-4-pokojowe-l5l3s3,https://s2.adresowa.pl/development/674270/nowe-mieszkania-bracka-vita-625b_cover.jpg
Katowice,ul. Sokolska,2,29,418000,14414,Pośrednik,,4,https://adresowo.pl/o/mieszkanie-katowice-ul-sokolska-2-pokojowe-c6k1e2,https://s2.adresowa.pl/oi/40/1c/40c664_c5ff_cover@2x-2-pokojowe-mieszkanie-katowice-ul-sokolska.webp
Katowice,ul. Kazimiery Iłłakowiczówny,3,72,761200,10572,Pośrednik,,4,https://adresowo.pl/o/mieszkanie-katowice-ul-kazimiery-illakowiczowny-3-pokojowe-a5i5u3,https://s2.adresowa.pl/oi/30/76/40c662_2abb_cover@2x-3-pokojowe-mieszkanie-katowice-ul-kazimiery-illakowiczowny.webp
Katowice Bogucice,ul. Modrzewiowa,3,50,395000,7900,bez pośredników,,13,https://adresowo.pl/o/mieszkanie-katowice-bogucice-ul-modrzewiowa-3-pokojowe-a6o3e2,https://s2.adresowa.pl/oi/10/33/412bfc_5710_cover@2x-3-pokojowe-mieszkanie-katowice-bogucice-ul-modrzewiowa.webp
Katowice Dąbrówka Mała,ul. Józefa Grzegorzka,2,51,349000,6843,bez pośredników,,10,https://adresowo.pl/o/mieszkanie-katowice-dabrowka-mala-ul-jozefa-grzegorzka-2-pokojowe-t2b8s0,https://s2.adresowa.pl/oi/62/10/412b7c_70ba_cover@2x-2-pokojowe-mieszkanie-katowice-dabrowka-mala-ul-jozefa-grzegorzka.webp
Katowice Brynów,ul. Ceglana,4,97,zapytaj,,bez pośredników,,13,https://adresowo.pl/o/mieszkanie-katowice-brynow-ul-ceglana-4-pokojowe-e9k0i4,https://s2.adresowa.pl/development/561699/nowe-mieszkania-ceglana-park-911c_cover.jpg
Katowice,ul. Kazimiery Iłłakowiczówny,2,40,440600,11015,Pośrednik,,4,https://adresowo.pl/o/mieszkanie-katowice-ul-kazimiery-illakowiczowny-2-pokojowe-m2c3m7,https://s2.adresowa.pl/oi/43/7f/40c658_fc4e_cover@2x-2-pokojowe-mieszkanie-katowice-ul-kazimiery-illakowiczowny.webp
Katowice,ul. Mikołowska,4,81,1016375,12548,Pośrednik,,6,https://adresowo.pl/o/mieszkanie-katowice-ul-mikolowska-4-pokojowe-j9d8j9,https://s2.adresowa.pl/oi/33/5a/40c656_df78_cover@2x-4-pokojowe-mieszkanie-katowice-ul-mikolowska.webp
Katowice Śródmieście,ul. Słoneczna,2,43,589000,13698,bez pośredników,,10,https://adresowo.pl/o/mieszkanie-katowice-srodmiescie-ul-sloneczna-2-pokojowe-q2l9z7,https://s2.adresowa.pl/oi/64/6e/412b60_7046_cover@2x-2-pokojowe-mieszkanie-katowice-srodmiescie-ul-sloneczna.webp
Katowice Dąb,ul. Bracka,5,110,zapytaj,,bez pośredników,,+7 podobnych ofert,https://adresowo.pl/o/mieszkanie-katowice-dab-ul-bracka-5-pokojowe-f3d3g1,https://s2.adresowa.pl/development/674270/nowe-mieszkania-bracka-vita-625b_cover.jpg
Katowice,ul. gen. Zygmunta Waltera Jankego,3,60,640500,10675,Pośrednik,,4,https://adresowo.pl/o/mieszkanie-katowice-ul-gen-zygmunta-waltera-jankego-3-pokojowe-x7o4c8,https://s2.adresowa.pl/oi/7d/49/40c654_78dd_cover@2x-3-pokojowe-mieszkanie-katowice-ul-gen-zygmunta-waltera-jankego.webp
Katowice,Śródmieście,3,52,629000,12096,Pośrednik,,7,https://adresowo.pl/o/mieszkanie-katowice-srodmiescie-3-pokojowe-52-m2-a2p7n9,https://s2.adresowa.pl/oi/52/67/40c64e_b02d_cover@2x-3-pokojowe-mieszkanie-katowice-srodmiescie.webp
