locality,street,rooms,area,price_total_zl,price_sqm_zl,owner_type,date_posted,photo_count,url,image_url,city_district,full_address,floor,year_built,building_type,price_per_sqm_detailed,description_text,has_basement,has_parking,kitchen_type,window_type,ownership_type,equipment,latitude,longitude
Katowice Śródmieście,ul. Barbary,2,45,320000,7111,bez pośredników,,9,https://adresowo.pl/o/mieszkanie-katowice-srodmiescie-ul-barbary-2-pokojowe-a7l5j1,https://s2.adresowa.pl/oi/36/2f/324a66_d2f7_cover@2x-2-pokojowe-mieszkanie-katowice-srodmiescie-ul-barbary.webp,Katowice Śródmieście,Barbary,parter,1970,kamienica,,"Mieszkanie składa się z 2 pokoi: pokój dzienny, sypialnia, kuchnia, łazienka (wyremontowana z kabiną prysznicową), przedpokoju. Mieszkanie po remoncie (parkiet, kafle, odmalowane ściany); wymienione wszystkie instalacje oraz okna; nowa kuchnia wraz ze sprzętem kuchennym (płyta, zlew z baterią, lodówka); ogrzewanie własne gazowe. W bliskim sąsiedztwie znajduje się: - sklep, - Akademia Wychowania Fizycznego, - przystanek autobusowy oraz tramwajowy. Przed kamienicą znajdują się miejsca parkingowe.",,,,,własność,Wyposażenie: lodówka,50.250999,19.006001
Katowice os. Tysiąclecia,ul. Piastów,2,43,419000,9744,bez pośredników,,8,https://adresowo.pl/o/mieszkanie-katowice-os-tysiaclecia-ul-piastow-2-pokojowe-g3y2q2,https://s2.adresowa.pl/oi/4e/6f/41422c_406f_cover@2x-2-pokojowe-mieszkanie-katowice-os-tysiaclecia-ul-piastow.webp,Katowice os. Tysiąclecia,Piastów,4,,blok,,"Witam, Na sprzedaż mieszkanie narożne 43.40 m² z wyodrębnioną własnością i założoną księgą wieczystą, ulokowane na Osiedlu Tysiąclecia w Katowicach. Piętro 4. Budynek oczywiście z dwoma windami. Do mieszkania posiadam operat wykonany przez biegłego sądowego z wskazaną wartością mieszkania, dlatego cena nie jest urwana z kosmosu. Od osoby prywatnej, żadnych pośredników. Bardzo dobra lokalizacja w otoczeniu przystanków komunikacji miejskiej, szkół, przedszkoli, sklepów oraz Parku Śląskiego. Okna z widokiem na Park Śląski. Mieszkanie pierwsze na klatce schodowej, bez bezpośredniego sąsiada za ścianą, co daje dodatkowy komfort. Mieszkanie sąsiaduje bezpośrednio tylko z suszarnią. Przedpokój, łazienka, salon, sypialnia z balkonem oraz duża, ustawna kuchnia. Ogrzewanie centralne z budynku. Dodatkowo do użytku jest osobna, zamykana piwnica. Parking ze szlabanem dla mieszkańców. Mieszkanie czynszowe, ewentualnie możliwość założenia własnego zrzeszenia z innymi lokatorami, ponieważ jest wyodrębniona własność. Mieszkanie po remoncie, m.in.: - cała instalacja elektryczna, gazowa, kanalizacyjna. - drzwi antywłamaniowe. - piecyk gazowy (ciepła woda). - płyty regipsowe z gładziami. - malowane na biało. - nowe panele z listwami przypodłogowymi. - kafelki w łazience. Mieszkanie jednym słowem gotowe do aranżacji pod siebie. Osoby chętne mogą zobaczyć mieszkanie na dniu otwartym w każdą niedzielę (godzina do umówienia telefonicznie). Dla osoby zdecydowanej przedstawię 68-stronicowy operat ze zdjęciami z remontu i pełną ekspertyzą niezależnego biegłego sądowego. Cena do delikatnej negocjacji. Więcej zdjęć chętnie wyślę na e-mail. Zapraszam do kontaktu w razie pytań. W ogłoszeniu podany numer do Agnieszki. Ewentualnie numer do Rafał (2 nr kontaktowy)",tak,,,,,,50.274619,18.986287
Katowice Zawodzie,al. Walentego Roździeńskiego,3,55,440000,8000,bez pośredników,,8,https://adresowo.pl/o/mieszkanie-katowice-zawodzie-al-walentego-rozdzienskiego-3-pokojowe-n0h6o6,https://s2.adresowa.pl/oi/62/31/41412e_94a8_cover@2x-3-pokojowe-mieszkanie-katowice-zawodzie-al-walentego-rozdzienskiego.webp,Katowice Zawodzie,Walentego Roździeńskiego,24,1980,blok,,"Na sprzedaż przestronne i jasne mieszkanie o powierzchni 55 m², położone przy Al. Roździeńskiego w Katowicach, na popularnym osiedlu Gwiazdy. Mieszkanie znajduje się na 24. piętrze, dzięki czemu oferuje piękny, panoramiczny widok na Katowice i okolicę. W skład mieszkania wchodzą: 2 sypialnie, salon, osobna kuchnia, łazienka, osobne WC. Dodatkowym atutem jest komórka lokatorska znajdująca się bezpośrednio obok mieszkania, co zapewnia wygodny i łatwy dostęp do dodatkowej przestrzeni do przechowywania. Wnętrza są jasne, przestronne i funkcjonalne, dzięki czemu mieszkanie daje wiele możliwości aranżacyjnych i może być dostosowane zarówno do potrzeb rodziny, jak i inwestora. Osiedle Gwiazdy to lokalizacja zapewniająca wygodny dostęp do infrastruktury miejskiej. W najbliższej okolicy znajdują się: liczne sklepy i punkty usługowe, uczelnie, przystanki komunikacji miejskiej, tereny zielone, parki i place zabaw. Mieszkanie sprawdzi się również jako inwestycja. Mieszkanie przez około 10 lat było wynajmowane i przez cały ten okres nie było problemu ze znalezieniem najemców. Lokalizacja oraz układ mieszkania sprawiają, że może być interesującą propozycją również dla osób poszukujących nieruchomości pod wynajem. Zapraszam do kontaktu i obejrzenia mieszkania na żywo po wcześniejszym umówieniu się na dogodny dla obu stron termin.",tak,,osobna,,własność,,50.270233,19.06107
Katowice Dąb,ul. Bracka,2,40,zapytaj,,bez pośredników,,+74 podobne oferty,https://adresowo.pl/o/mieszkanie-katowice-dab-ul-bracka-2-pokojowe-h7h5f2,https://s2.adresowa.pl/development/674270/nowe-mieszkania-bracka-vita-625b_cover.jpg,Katowice Dąb,Bracka,6,2028,blok,,"Nowe mieszkanie 2-pokojowe o powierzchni 40,31 m² w inwestycji Bracka Vita dewelopera DEVELIA, na 6 piętrze w budynku 20 pod adresem ul. Bracka 20, Katowice Dąb. Planowany termin oddania to III kwartał 2028 roku. Bracka Vita Bracka Vita to nowoczesna inwestycja mieszkaniowa przy ul. Brackiej 20 w katowickiej dzielnicy Dąb, w sąsiedztwie Parku Śląskiego. Projekt łączy miejski charakter lokalizacji z bliskością zieleni, a architektura nawiązuje do industrialnej historii dawnej Huty Baildon. W pierwszym etapie zaplanowano około 132 mieszkań o powierzchni od ok. 38 do ok. 110 m², z układami od 2 do 5 pokoi. Atuty inwestycji: • Sąsiedztwo Parku Śląskiego i terenów zielonych. • Loggie lub tarasy oraz duże, dobrze doświetlone okna. • Zielone patia z ogrodem sensorycznym i strefami rekreacji. • Dogodna komunikacja – tramwaj, DTŚ i ścieżki rowerowe. • Lokale usługowe na terenie inwestycji. • Bliskość Silesia City Center, Spodka i Stadionu Śląskiego. Terminy realizacji: III/IV kw. 2028r. Niniejszy materiał nie stanowi oferty w rozumieniu Kodeksu cywilnego i ma charakter wyłącznie informacyjny. Szczegóły inwestycji oraz pełna oferta dostępne są na stronie internetowej: https://develia.pl/pl/",,,aneks,,własność,Wyposażenie: internet,50.269253,18.993573
Katowice Piotrowice,ul. Armii Krajowej,2,39,469000,12026,Pośrednik,,5,https://adresowo.pl/o/mieszkanie-katowice-piotrowice-ul-armii-krajowej-2-pokojowe-b6u6p5,https://s2.adresowa.pl/oi/30/3c/413fb4_347a_cover@2x-2-pokojowe-mieszkanie-katowice-piotrowice-ul-armii-krajowej.webp,Katowice Piotrowice,Armii Krajowej,parter,,blok,,"Na sprzedaż: jasne i funkcjonalne mieszkanie z balkonem – Katowice, ul. Armii Krajowej. Szukasz komfortowego mieszkania w spokojnej, a jednocześnie świetnie skomunikowanej części Katowice? Ta oferta może być dokładnie tym, czego potrzebujesz – zarówno do zamieszkania, jak i jako pewna inwestycja pod wynajem. Najważniejsze informacje: - Powierzchnia: 38,5 m² - Stan prawny: pełna własność - Dostępność: od zaraz - Klucze w biurze – szybkie prezentacje Funkcjonalny układ: - ustawna sypialnia – idealna dla pary lub najemcy - salon z aneksem kuchennym i wyjściem na balkon - łazienka z WC - duży balkon z widokiem na zieleń Mieszkanie jest jasne, dobrze doświetlone i daje duże możliwości aranżacyjne. Dodatkowym atutem jest świetlik w kuchni. Standard i udogodnienia: - zadbany blok - czysta klatka schodowa zabezpieczona domofonem - kameralne osiedle ze szlabanem - liczne miejsca postojowe dla mieszkańców Koszty: - niski czynsz - dodatkowo: tylko prąd Największe atuty: - ostatnie piętro – cisza i brak sąsiadów nad głową - świetny układ – maksymalne wykorzystanie przestrzeni - dużo światła dziennego - idealne pod inwestycję – duży popyt na wynajem w tej okolicy - spokojna okolica z zielenią Lokalizacja:Ulica Armii Krajowej to jedna z bardziej komfortowych lokalizacji do życia w Katowicach. W pobliżu znajdziesz: - sklepy i markety - przystanki komunikacji miejskiej - szkoły i usługi - tereny rekreacyjne Zadzwoń i umów się na prezentację Treść ogłoszenia nie stanowi oferty handlowej w rozumieniu przepisów Kodeksu Cywilnego i może ulec zmianie. Notus Finanse S.A.",,,,plastikowe,,,50.198484,18.977377
Katowice Śródmieście,ul. ks. kard. Bolesława Kominka,2,38,389000,10237,Pośrednik,,10,https://adresowo.pl/o/mieszkanie-katowice-srodmiescie-ul-ks-kard-boleslawa-kominka-2-pokojowe-e6k7r1,https://s2.adresowa.pl/oi/3e/5a/413258_845f_cover@2x-2-pokojowe-mieszkanie-katowice-srodmiescie-ul-ks-kard-boleslawa-kominka.webp,Katowice Śródmieście,ks. kard. Bolesława Kominka,1,,blok,,"Katowice Centrum ul. Kominka // 2 pokoje + balkon + piwnica Doskonałe pod wynajem jak i do zamieszkania WE SPEAK ENGLISH Mamy przyjemność zaprezentować Państwu ofertę 2 pokojowego mieszkania do wejścia w centrum Katowic. Mieszkanie znajduje się na 1 piętrze w 10 piętrowym bloku po termomodernizacji z windą przy ulicy Bolesława Kominka. MIESZKANIE SKŁADA SIĘ Z: - dwóch niezależnych pokoi - oddzielnej, widnej kuchni - łazienki z wc Dodatkowo do mieszkania przynależy piwnica. STANDARD/INORMACJE DODATKOWE: - Możliwość zakupu na kredyt - Mieszkanie z założoną księgą wieczystą - Odświeżone pokoje i parkiety, w pełni umeblowane i wyposażone, nie wymaga nakładów finansowych - Centralne ogrzewanie - Ciepła woda z piecyka gazowego - Okna PCV od strony cichego podwórka - Wymienione piony wodno - kanalizacyjne, ocieplony blok - Czynsz: ok. 800zł z zaliczkami na CO, wodę, fundusz remontowy przy zamieszkujących 2 osobach - Zarządca SM ""Górnik"" UWAGA: Dla wszystkich naszych klientów którzy zdecydują się na zakup nieruchomości mamy prezent w postaci karty rabatowej firmy Bel-Pol LOKALIZACJA: Kilka minut pieszo od AWF, ASP, UE - idealna lokalizacja dla studentów. Lokalizacja świetnie skomunikowana z pozostałymi częściami Katowic, jak i z miastami ościennymi - blisko wyjazdu na A4. W najbliższej okolicy pełna infrastruktura handlowo-usługowa oraz miejsca do wypoczynku - min. Park Kościuszki. KREDYT Niezależni doradcy kredytowi, z którymi współpracujemy pomagają we wszelkich formalnościach związanych z uzyskaniem kredytu na zakup nieruchomości. Bezpłatna konsultacja, sprawdzenie zdolności, przedstawienie najkorzystniejszych opcji spośród ofert różnych banków. Przeprowadzimy cały proces realizacji kredytu i zakupu nieruchomości. Zapraszamy do kontaktu! Treść niniejszego ogłoszenia nie stanowi oferty handlowej w rozumieniu Kodeksu Cywilnego.",,,,,własność,,50.264892,19.023782
Katowice Piotrowice,ul. Karola Szymanowskiego,3,61,639000,10475,bez pośredników,,12,https://adresowo.pl/o/mieszkanie-katowice-piotrowice-ul-karola-szymanowskiego-3-pokojowe-b0z7f9,https://s2.adresowa.pl/oi/12/62/4140e4_c0eb_cover@2x-3-pokojowe-mieszkanie-katowice-piotrowice-ul-karola-szymanowskiego.webp,Katowice Piotrowice,Karola Szymanowskiego,1,,blok,,"Dom posiada dwa odrębne, nowoczesne, świeżo wyremontowane mieszkania, przestronną klatkę schodową z drzwiami antywłamaniowymi, a także dwie odrębne, duże komórki lokatorskie po jednej dla każdego mieszkania i poddasze użytkowe na wyłączność dla mieszkania z tego ogłoszenia, a także miejsca parkingowe na ogrodzonym terenie przypisane do każdego z mieszkań. Teren budynku jest ogrodzony, monitorowany. Mieszkanie jest wykończone w wysokim standardzie, umeblowanie pozwala na wprowadzenie się bez ponoszenia dodatkowych kosztów. Energooszczędne ogrzewanie podłogowe, oświetlenie led. Świetna lokalizacja - cisza i spokój, dużo zieleni, a jednocześnie bliskość sklepów, przedszkoli, poczty, przychodni i przystanków autobusowych.",tak,,,plastikowe,własność,,50.206338,18.966798
Katowice Ligota,ul. Piotrowicka,2,54,619000,11463,bez pośredników,,11,https://adresowo.pl/o/mieszkanie-katowice-ligota-ul-piotrowicka-2-pokojowe-q2n9l3,https://s2.adresowa.pl/oi/7e/51/4140c0_3d15_cover@2x-2-pokojowe-mieszkanie-katowice-ligota-ul-piotrowicka.webp,Katowice Ligota,Piotrowicka,parter,,blok,,"Największym atutem nieruchomości jest prywatny ogród o powierzchni około 50 m², dostępny bezpośrednio z mieszkania. Duże przeszklenia i wyjście na taras sprawiają, że część mieszkalna naturalnie łączy się z ogrodem. To propozycja dla osób, które chcą mieszkać w mieście, a jednocześnie mieć własną zieloną przestrzeń do wypoczynku. Mieszkanie jest obecnie nieumeblowane, dzięki czemu nowy właściciel może od razu zaaranżować wnętrze według własnych potrzeb. Kuchnia jest wyposażona w zabudowę oraz sprzęt AGD - kuchenkę z piekarnikiem, okap i zmywarkę. Łazienka jest przestronna, utrzymana w neutralnej szaro-białej kolorystyce. Znajduje się w niej duża kabina prysznicowa, umywalka z szafką, lustro, wysoka szafka oraz grzejnik drabinkowy. Do mieszkania przynależą również komórka lokatorska o powierzchni ok. 4 m² oraz miejsce postojowe w garażu podziemnym. Najważniejsze informacje: - powierzchnia mieszkania: ok. 54 m² - parter - prywatny ogród: ok. 50 m² - taras i bezpośrednie wyjście do ogrodu - duże przeszklenia - wyposażona kuchnia - duża łazienka z kabiną prysznicową - komórka lokatorska ok. 4 m² - miejsce postojowe w garażu podziemnym - Osiedle Książęce, Katowice - mieszkanie dostępne do własnej aranżacji Ogród jest częściowo osłonięty zielenią. Można urządzić w nim strefę wypoczynkową z meblami ogrodowymi, miejsce do grillowania czy bezpieczną przestrzeń dla dziecka. Mieszkanie może być dobrym rozwiązaniem zarówno do zamieszkania, jak i jako nieruchomość inwestycyjna pod wynajem. Cena mieszkania: 619 000 zł Miejsce w garażu podziemnym: w cenie Komórka lokatorska: w cenie Zapraszam do kontaktu i umówienia prezentacji.",tak,tak,,drewniane,własność,"Wyposażenie: kuchenkę, piekarnik, zmywarkę",50.226083,18.969948
Katowice Brynów,ul. Ceglana,2,36,zapytaj,,bez pośredników,,+39 podobnych ofert,https://adresowo.pl/o/mieszkanie-katowice-brynow-ul-ceglana-2-pokojowe-v7b4w3,https://s2.adresowa.pl/development/561699/nowe-mieszkania-ceglana-park-911c_cover.jpg,Katowice Brynów,Ceglana,1,2027,blok,,"Nowe mieszkanie 2-pokojowe o powierzchni 36,50 m² w inwestycji Ceglana Park dewelopera DEVELIA, na 1 piętrze pod adresem ul. Ceglana, Katowice Brynów. Planowany termin oddania to I kwartał 2027 roku. Ceglana Park – zielone osiedle w sercu Katowic Ceglana Park to inwestycja, która łączy wygodę miejskiego życia z bliskością natury. Niska zabudowa, tereny zielone i starannie zaprojektowane przestrzenie wspólne tworzą kameralne miejsce, w którym można komfortowo mieszkać, odpoczywać i cieszyć się spokojem na co dzień. Atuty inwestycji: - Niemal 50% osiedla stanowią tereny zielone - Tężnia solankowa, staw i alejki spacerowe - Place zabaw i przestrzenie rekreacyjne - Niska zabudowa i kameralny charakter inwestycji - Bliskość Parku Kościuszki i Katowickiego Parku Leśnego - Dogodna komunikacja z centrum Katowic Terminy realizacji: Etap 7 – IV kwartał 2025 Etap 8 – I kwartał 2027 Etap 9 – I kwartał 2027 ________________________________________ Niniejszy materiał nie stanowi oferty w rozumieniu Kodeksu cywilnego i ma charakter wyłącznie informacyjny. Szczegóły inwestycji oraz pełna oferta dostępne są na stronie internetowej: https://develia.pl/pl/",,,,,własność,Wyposażenie: internet,50.244218,19.016307
Katowice Brynów,ul. Nasypowa,2,37,525000,14189,Pośrednik,,13,https://adresowo.pl/o/mieszkanie-katowice-brynow-ul-nasypowa-2-pokojowe-i0c2h1,https://s2.adresowa.pl/oi/4b/2b/411fd6_a7f4_cover@2x-2-pokojowe-mieszkanie-katowice-brynow-ul-nasypowa.webp,Katowice Brynów,Nasypowa,3,2019,apartamentowiec,,"Apartament Katowice Brynów 2 pokoje, podziemny garaż Mieszkanie o powierzchni 37,77m2 usytuowane na 3 piętrze 4 piętrowego apartamentowca (dostępna winda) w dzielnicy Brynów ul. Nasypowa (osiedle monitorowane). Budynek z 2019r. Mieszkanie składa się z salonu z aneksem kuchennym, sypialni, przedpokoju, łazienki z umywalką, prysznicem i toaletą oraz balkonu. Na podłogach panele. Ściany w gładziach. Łazienka w płytkach i glazurze. Mieszkanie w pełni umeblowane i wyposażone; Salon: sofa z funkcją spania, stolik kawowy, szafka RTV, 2 szafki z witryną Sypialnia: łóżko dwuosobowe, duża szafa, 2 szafki nocne Kuchnia: płyta ceramiczna, piekarnik, lodówka z zamrażarką, zmywarka, stół, 4 krzesła). Łazienka: kabina prysznicowa, podwieszana toaleta, pralka, szafka. Centralne ogrzewanie i ciepła woda z sieci miejskiej. Mieszkanie bez gazu. Do mieszkania przynależy miejsce postojowe w podziemnej hali garażowej. Czynsz z opłatą za garaż 610,-zł. Do mieszkania przynależy miejsce postojowe w podziemnym parkingu w cenie 50.000,-zł. Bardzo dobre skomunikowanie z centrum Katowic oraz z drogami wylotowymi z miasta (trasa w kierunku na Wisłę i Cieszyn oraz autostrada Kraków - Wrocław). Blisko przystanki miejskich autobusów i tramwaju (Centrum Przesiadkowe Brynów). W pobliżu sklepy osiedlowe, markety (Stokrotka, Aldi) i galeria Libero. W niedalekiej odległości tereny rekreacyjne: Park Kościuszki (ok. 1.900 m), Katowicki Park Leśny (ok. 900m). Powyższa oferta nie stanowi oferty handlowej w rozumieniu przepisów Kodeksu Cywilnego oraz innych właściwych przepisów prawnych i winna być interpretowana wyłącznie jak informacja",,tak,aneks,plastikowe,własność,"Wyposażenie: lodówka, piekarnik, pralka, tv, zmywarka",50.228005,18.990314
Katowice Śródmieście,al. Wojciecha Korfantego,2,47,340000,7234,Pośrednik,,9,https://adresowo.pl/o/mieszkanie-katowice-srodmiescie-al-wojciecha-korfantego-2-pokojowe-x4w5v4,https://s2.adresowa.pl/oi/57/45/411da0_46ce_cover@2x-2-pokojowe-mieszkanie-katowice-srodmiescie-al-wojciecha-korfantego.webp,Katowice Śródmieście,Wojciecha Korfantego,11,,kamienica,,"Katowice Centrum Korfantego - Superjednostka | 2 pokoje | 47 m2 + balkon ! + Parking + Portier + Obsługa techniczna 24/7 WE SPEAK ENGLISH TOP LOKALIZACJA! DOSKONAŁE POD WYNAJEM! Zapraszamy do zapoznania się z ofertą 2 pokojowego mieszkania z balkonem zlokalizowanego w katowickiej Superjednostce przy al. Korfantego. Mieszkanie o powierzchni 47 m2 znajduje się na 11 piętrze w 15 piętrowym ocieplonym bloku z czterema windami. MIESZKANIE SKŁADA SIĘ Z: - Przechodniego salonu z wyjściem na balkon - Mniejszego pokoju - Kuchni - Przedpokoju - pomieszczenia pełniącego funkcję garderoby - Komórki w mieszkaniu - Łazienki z wc + balkonu Parking dla mieszkańców zabezpieczony szlabanem (wjazd na kartę magnetyczną) SZCZEGOŁY OFERTY: - Możliwość zakupu na kredyt! - Wymaga remontu - Ogrzewanie z sieci miejskiej - Ciepła woda podgrzewana piecykiem gazowym - Wymienione piony wodno-kanalizacyjne - Czynsz: ok. 800 zł ( z zaliczkami m.in. na CO i wodę) - Budynek ocieplony- po termomodernizacji - Topowa lokalizacja! Mieszkania chętnie wynajmowane przez studentów LOKALIZACJA: Ścisłe centrum miasta, bliskość uczelni i punktów handlowo-usługowych. Dodatkowo, Katowice to dynamiczne rozwijające się miasto pełne możliwości kultura, rozrywka, edukacja i świetna komunikacja z innymi częściami regionu. Mieszkanie w tym miejscu to doskonała inwestycja. MOGĄ PAŃSTWO LICZYĆ NA: - bezpłatną konsultacje z niezależnym doradcą kredytowym; - bezpieczeństwo transakcji; - pomoc w załatwieniu formalności i skompletowaniu dokumentów niezbędnych do transakcji; - współpracę z najlepszymi notariuszami. Nasza firma specjalizuje się w kompleksowej obsłudze zarówno Polaków jak i obcokrajowców. Jesteśmy z Państwem na każdym etapie procesu zakupu, sprzedaży czy wynajmu nieruchomości począwszy od wyboru oferty i jej prezentacji po finalizację transakcji i przekazanie nieruchomości nowym właścicielom. KREDYT Niezależni doradcy kredytowi, z którymi współpracujemy pomagają we wszelkich formalnościach związanych z uzyskaniem kredytu na zakup nieruchomości. Bezpłatna konsultacja, sprawdzenie zdolności, przedstawienie najkorzystniejszych opcji spośród ofert różnych banków. Przeprowadzimy cały proces realizacji kredytu i zakupu nieruchomości. Zapraszamy do kontaktu! Treść niniejszego ogłoszenia nie stanowi oferty handlowej w rozumieniu Kodeksu Cywilnego.",,,,,własność,,50.26355,19.02113
Katowice Ligota,ul. Warmińska,2,47,389000,8277,bez pośredników,,12,https://adresowo.pl/o/mieszkanie-katowice-ligota-ul-warminska-2-pokojowe-m2p0u7,https://s2.adresowa.pl/oi/54/24/41409a_8a63_cover@2x-2-pokojowe-mieszkanie-katowice-ligota-ul-warminska.webp,Katowice Ligota,Warmińska,1,,blok,,"Na sprzedaż funkcjonalne, 2-pokojowe mieszkanie o powierzchni 47,47 m², położone przy ul. Warmińskiej w Katowicach-Ligocie, nieopodal ul. Medyków i Śląskiego Uniwersytetu Medycznego. Mieszkanie znajduje się na bardzo wygodnym 1. piętrze niskiego, 4-piętrowego bloku po termomodernizacji. Dużymi atutami nieruchomości są balkon, dwa niezależne pokoje, osobna kuchnia z oknem, łazienka z oknem, ogrzewanie miejskie oraz funkcjonalny układ pomieszczeń. UKŁAD MIESZKANIA Na powierzchnię 47,47 m² składają się: - przestronny salon z bezpośrednim wyjściem na balkon, - drugi, ustawny pokój, - osobna, widna kuchnia z oknem, - łazienka z WC i oknem, - przedpokój z miejscem do przechowywania. Do mieszkania przynależy również piwnica. Mieszkanie ma funkcjonalny układ, a duże okna zapewniają dostęp naturalnego światła. Z okien rozciąga się widok na zieleń. STAN MIESZKANIA Mieszkanie jest w stanie użytkowym i może być zamieszkane od razu, jednocześnie daje nowemu właścicielowi możliwość stopniowej modernizacji i aranżacji według własnych potrzeb. Ogrzewanie miejskie. Budynek przeszedł termomodernizację. OPŁATY Opłaty administracyjne wynoszą obecnie około 828 zł miesięcznie i obejmują m.in. fundusz remontowy oraz zaliczkę na centralne ogrzewanie. Opłaty za wodę oraz gospodarowanie odpadami zależą od zużycia i liczby zgłoszonych osób. LOKALIZACJA Mieszkanie znajduje się przy ul. Warmińskiej w Katowicach-Ligocie, nieopodal ul. Medyków, Śląskiego Uniwersytetu Medycznego oraz szpitali klinicznych. Lokalizacja jest dogodna zarówno dla osób szukających mieszkania dla siebie, jak i dla kupujących rozważających w przyszłości wynajem nieruchomości. W pobliżu znajdują się sklepy, punkty usługowe, przystanki komunikacji miejskiej oraz stacja kolejowa Katowice Ligota. Niedaleko znajdują się również tereny zielone i Lasy Panewnickie. NAJWAŻNIEJSZE INFORMACJE Powierzchnia: 47,47 m² Liczba pokoi: 2 Piętro: 1/4 Balkon: tak Piwnica: tak Kuchnia: osobna, z oknem Łazienka: z WC i oknem Ogrzewanie: miejskie Budynek: po termomodernizacji Winda: brak Opłaty administracyjne: ok. 828 zł Stan: użytkowy, z możliwością modernizacji Stan prawny: spółdzielcze własnościowe prawo do lokalu CENA: 389 000 zł ok. 8 216 zł/m² Zapraszam do kontaktu i umówienia się na prezentację mieszkania.",tak,,osobna,,spółdzielcze własnościowe,,50.222477,18.960456
Katowice Ligota,ul. Koszalińska,1,31,330000,10645,bez pośredników,,13,https://adresowo.pl/o/mieszkanie-katowice-ligota-ul-koszalinska-1-pokoj-h2y0p9,https://s2.adresowa.pl/oi/3a/11/413fda_9680_cover@2x-1-pokojowe-mieszkanie-katowice-ligota-ul-koszalinska.webp,Katowice Ligota,Koszalińska,1,2015,blok,,"Oferuję na sprzedaż mieszkanie o powierzchni 31 m² w Ligocie-Panewnikach. Znajduje się na pierwszym piętrze dziesięciopiętrowego bloku z wielkiej płyty - pełna termoizolacja ścian bloku wykonana w zeszłym roku. Mieszkanie jest w stanie do zamieszkania i zawiera niezbędne wyposażenie, w tym meble, pralkę, lodówkę oraz kuchenkę. Do dyspozycji jest również balkon oraz piwnica. W budynku jest winda, a ogrzewanie miejskie zapewnia komfort w zimowe dni. Mieszkanie znajduje się w niebywale cichej i spokojnej okolicy. Bardzo blisko do Uniwersytetu Medycznego, akademików UŚ, w pobliżu park Zadole, trasa drogowa ""Wiślanka"", bardzo dobrze skomunikowane autobusowo z centrum miasta, blisko przedszkole, szkoła podstawowa i liceum. Mieszkanie było remontowane kilka lat temu - aktualnie nie wymaga wkładu finansowego. Lokalizacja jest bardzo atrakcyjna. W pobliżu znajdują się liczne sklepy oraz punkty usługowe. Do dyspozycji są: - przystanki komunikacji miejskiej - szkoły podstawowe i przedszkola - parki i tereny zielone, takie jak Plac Miast Partnerskich - restauracje oraz kawiarnie, w tym Bar RIWIERA i Cafe Bordo. To idealne miejsce dla osób ceniących wygodę i dostęp do wszelkich udogodnień. Nie przegap tej okazji! Skontaktuj się, aby umówić się na prezentację. UWAGA - mieszkanie będzie dostępne do zamieszkania od grudnia 2026r.",tak,,,plastikowe,własność,"Wyposażenie: kuchenkę, lodówkę, pralkę",50.2236,18.972203
Katowice Dąb,ul. Bracka,3,58,zapytaj,,bez pośredników,,+33 podobne oferty,https://adresowo.pl/o/mieszkanie-katowice-dab-ul-bracka-3-pokojowe-w1c2p6,https://s2.adresowa.pl/development/674270/nowe-mieszkania-bracka-vita-625b_cover.jpg,Katowice Dąb,Bracka,15,2028,blok,,"Nowe mieszkanie 3-pokojowe o powierzchni 58,47 m² w inwestycji Bracka Vita dewelopera DEVELIA, na 15 piętrze w budynku 20 pod adresem ul. Bracka 20, Katowice Dąb. Planowany termin oddania to III kwartał 2028 roku. Bracka Vita Bracka Vita to nowoczesna inwestycja mieszkaniowa przy ul. Brackiej 20 w katowickiej dzielnicy Dąb, w sąsiedztwie Parku Śląskiego. Projekt łączy miejski charakter lokalizacji z bliskością zieleni, a architektura nawiązuje do industrialnej historii dawnej Huty Baildon. W pierwszym etapie zaplanowano około 132 mieszkań o powierzchni od ok. 38 do ok. 110 m², z układami od 2 do 5 pokoi. Atuty inwestycji: • Sąsiedztwo Parku Śląskiego i terenów zielonych. • Loggie lub tarasy oraz duże, dobrze doświetlone okna. • Zielone patia z ogrodem sensorycznym i strefami rekreacji. • Dogodna komunikacja – tramwaj, DTŚ i ścieżki rowerowe. • Lokale usługowe na terenie inwestycji. • Bliskość Silesia City Center, Spodka i Stadionu Śląskiego. Terminy realizacji: III/IV kw. 2028r. Niniejszy materiał nie stanowi oferty w rozumieniu Kodeksu cywilnego i ma charakter wyłącznie informacyjny. Szczegóły inwestycji oraz pełna oferta dostępne są na stronie internetowej: https://develia.pl/pl/",,,aneks,,własność,Wyposażenie: internet,50.269253,18.993573
Katowice Koszutka,ul. Morwowa,2,34,275000,8088,Pośrednik,,10,https://adresowo.pl/o/mieszkanie-katowice-koszutka-ul-morwowa-2-pokojowe-e6g9p2,https://s2.adresowa.pl/oi/2f/29/41033a_275a_cover@2x-2-pokojowe-mieszkanie-katowice-koszutka-ul-morwowa.webp,Katowice Koszutka,Morwowa,3,1969,blok,,"Katowice Koszutka ul. Morwowa / Wierzbowa - 2 pokoje / 34m2 WE SPEAK ENGLISH ŚWIETNA LOKALIZACJA IDEALNE ZARÓWNO POD WYNAJEM JAK I DO ZAMIESZKANIA Zapraszamy do zapoznania się z ofertą 2 pokojowego mieszkania o powierzchni 34 m2, w najatrakcyjniejszej dzielnicy Katowic - Koszutce. Nieruchomość znajduje się na 3 piętrze w 4 piętrowym, kameralnym bloku przy ulicy Morwowej / Wierzbowej. SKŁADA SIĘ Z: - salonu z wejściem do sypialni i kuchni - częściowo otwartej kuchni - łazienki z wc - przedpokoju DODATKOWO Do mieszkania przynależy piwnica. SZCZEGÓŁY OFERTY - Możliwość zakupu na kredyt - Mieszkanie ustawne i jasne - Wymienione piony wodno-kanalizacyjne - Mieszkanie z dużym potencjałem aranżacyjnym i inwestycyjnym - Okna PCV - Na podłogach nowe panele - Nowe drzwi wejściowe - Centralne ogrzewanie - Świeżo odmalowane, łazienka (bez glazury do skucia) i kuchnia do wykończenia - Ciepła woda z piecyka gazowego - Czynsz: 560zł z zaliczkami na CO i fundusz remontowy LOKALIZACJA Świetna lokalizacja! Wszędzie blisko! W pobliżu przystanki tramwajowe i autobusowe, spodek, sklepy, przychodnia, targowisko, szkoły, uczelnie, komfortowy wyjazd na DTŚ w kierunku Chorzowa i Sosnowca. MOGĄ PAŃSTWO LICZYĆ NA: - bezpłatną konsultację z niezależnym doradcą kredytowym; - bezpieczeństwo transakcji; - pomoc w załatwieniu formalności i skompletowaniu dokumentów niezbędnych do transakcji; - współpracę z najlepszymi notariuszami. Nasza firma specjalizuje się w kompleksowej obsłudze zarówno Polaków jak i obcokrajowców. Jesteśmy z Państwem na każdym etapie procesu zakupu, sprzedaży czy wynajmu nieruchomości począwszy od wyboru oferty i jej prezentacji po finalizację transakcji i przekazanie nieruchomości nowym właścicielom. KREDYT Niezależni doradcy kredytowi, z którymi współpracujemy pomagają we wszelkich formalnościach związanych z uzyskaniem kredytu na zakup nieruchomości. Bezpłatna konsultacja, sprawdzenie zdolności, przedstawienie najkorzystniejszych opcji spośród ofert różnych banków. Przeprowadzimy cały proces realizacji kredytu i zakupu nieruchomości. Zapraszamy na prezentację! Treść niniejszego ogłoszenia nie stanowi oferty handlowej w rozumieniu Kodeksu Cywilnego.",,,,plastikowe,własność,,50.27209,19.03024
Katowice Piotrowice,ul. Sowia,3,89,829000,9315,Pośrednik,,27,https://adresowo.pl/o/mieszkanie-katowice-piotrowice-ul-sowia-3-pokojowe-i8q6q9,https://s2.adresowa.pl/oi/3b/27/40f696_8db6_cover@2x-3-pokojowe-mieszkanie-katowice-piotrowice-ul-sowia.webp,Katowice Piotrowice,Sowia,1,2011,apartamentowiec,,"Na sprzedaż 3-pokojowe mieszkanie położone na zamkniętym, kameralnym osiedlu Miłe Zacisze przy ul. Sowiej w Katowicach. Lokal znajduje się na 1. piętrze niskiego budynku, składającego się jedynie z parteru i piętra. Okna wychodzą na trzy strony świata: południe, zachód oraz wschód, dzięki czemu mieszkanie jest dobrze doświetlone o różnych porach dnia. MIESZKANIE: Powierzchnia lokalu wynosi 83,26 m² . W jego skład wchodzą: duży salon połączony z aneksem kuchennym i częścią jadalnianą, sypialnia z prywatną łazienką wyposażoną w wannę, mały pokój, który może pełnić funkcję pokoju dziecięcego, gabinetu lub pokoju gościnnego, druga łazienka z kabiną prysznicową, przedpokój z miejscem do przechowywania. Z salonu prowadzi wyjście na balkon typu loggia ( 7,31 m² ). Drewniane panele zapewniają większą prywatność i osłonę przed intensywnym słońcem, a wielkość balkonu pozwala stworzyć tutaj przyjemną strefę wypoczynkową. Mieszkanie jest funkcjonalnie podzielone na część dzienną i prywatną. Duży salon stanowi centralną część wnętrza, natomiast sypialnia z własną łazienką zapewnia domownikom wygodę na co dzień. Jego układ, metraż oraz dwie łazienki dają bardzo dobrą bazę do stworzenia wnętrza dopasowanego do własnych potrzeb. DODATKOWE ATUTY okna na trzy strony świata: południe, zachód i wschód, rolety zewnętrzne, ogrzewanie podłogowe oraz grzejniki, balkon typu loggia, dwie łazienki dwie komórki lokatorskie - jedna tuż obok mieszkania, druga w hali garażowej, miejsce postojowe w hali garażowej, 1 i zarazem ostatnie piętro - niska zabudowa (kameralny budynek) i tylko cztery mieszkania w klatce schodowej, zamknięte osiedle. OPŁATY Czynsz administracyjny wynosi 1 371,41 zł i obejmuje m.in. zaliczki na centralne ogrzewanie, wodę, wywóz odpadów dla trzech osób oraz fundusz remontowy. CENA Cena mieszkania: 829 000 zł Miejsce postojowe w hali garażowej: 40 000 zł Łączna cena nieruchomości wraz z miejscem postojowym wynosi 869 000 zł. Zakup miejsca postojowego jest obligatoryjny. OSIEDLE I OTOCZENIE Miłe Zacisze to zamknięte osiedle położone w spokojnej części południowych Katowic, w otoczeniu niskiej zabudowy i domów jednorodzinnych. To propozycja dla osób, które chcą mieszkać z dala od ścisłego centrum, a jednocześnie zachować dostęp do miejskiej infrastruktury. W najbliższym otoczeniu znajdują się sklepy, punkty usługowe, placówki edukacyjne i przystanki komunikacji miejskiej. Dużym atutem dla rodzin jest położony niedaleko rozbudowany plac zabaw. Okolica sprzyja również spacerom i codziennemu wypoczynkowi. Zapraszam do kontaktu i umówienia prezentacji mieszkania. Oferta na wyłączność. Kupujący nie płaci prowizji - wynagrodzenie biura nieruchomości pokrywa Sprzedający. Pośrednik odpowiedzialny zawodowo za wykonanie umowy pośrednictwa: Monika Biały (licencja nr: 28989)",tak,tak,,plastikowe,własność,,50.199049,18.964424
Katowice Muchowiec,ul. gen. Władysława Sikorskiego,2,44,379000,8614,bez pośredników,,9,https://adresowo.pl/o/mieszkanie-katowice-muchowiec-ul-gen-wladyslawa-sikorskiego-2-pokojowe-f4w4z8,https://s2.adresowa.pl/oi/10/60/413f94_47ec_cover@2x-2-pokojowe-mieszkanie-katowice-muchowiec-ul-gen-wladyslawa-sikorskiego.webp,Katowice Muchowiec,gen. Władysława Sikorskiego,9,1976,blok,,"Sprzedaję mieszkanie o powierzchni 44 m² na 9. piętrze w bloku z wielkiej płyty. Nieruchomość jest w dobrym stanie, gotowa do zamieszkania. W wyposażeniu znajdziesz meble, lodówkę, kuchenkę oraz piekarnik. Mieszkanie ma balkon, piwnicę i oddzielną kuchnię. W budynku znajduje się winda oraz domofon. Lokalizacja to Osiedle Paderewskiego-Muchowiec w Katowicach. W okolicy znajdują się: - sklepy spożywcze oraz Centrum Handlowe ""3 Stawy"" - parki i tereny zielone - przystanki komunikacji miejskiej - szkoły podstawowe - żłobki i przedszkola Dzięki bliskości transportu publicznego, dojazd do centrum Katowic jest szybki i wygodny. W okolicy są również miejsca do aktywnego wypoczynku oraz usługi zdrowotne. Zapraszam do kontaktu, aby umówić się na prezentację mieszkania! !!! BEZ POŚREDNIKÓW !!!",tak,,osobna,plastikowe,,"Wyposażenie: kuchenkę, lodówkę, piekarnik",50.252394,19.037553
Katowice,Brynów,2,45,660000,14667,bez pośredników,,6,https://adresowo.pl/o/mieszkanie-katowice-brynow-2-pokojowe-45-m2-v7e6b0,https://s2.adresowa.pl/oi/4a/5f/413ef8_f041_cover@2x-2-pokojowe-mieszkanie-katowice-brynow.webp,Katowice Brynów,,3,2020,apartamentowiec,,"Mieszkanie 45m2 z dużym balkonem 6m2 i pięknym widokiem na staw na osiedlu Ceglana Park. Mieszkanie jest umeblowane. Do wykupienia również miejsce postojowe w garażu podziemnym za 55000 zł. Jest to jedna księga wieczysta - mieszkanie + garaż. Sprzedaż bez pośredników i prowizji. Biurom nieruchomości serdecznie dziękuję, więc szkoda czasu. W razie pytań proszę dzwonić/pisać.",,tak,,,,,50.236363,18.993464
Katowice Brynów,ul. Ceglana,3,55,zapytaj,,bez pośredników,,+28 podobnych ofert,https://adresowo.pl/o/mieszkanie-katowice-brynow-ul-ceglana-3-pokojowe-t0n8b4,https://s2.adresowa.pl/development/561699/nowe-mieszkania-ceglana-park-911c_cover.jpg,Katowice Brynów,Ceglana,parter,2027,blok,,"Nowe mieszkanie 3-pokojowe o powierzchni 55,74 m² w inwestycji Ceglana Park dewelopera DEVELIA, na parterze pod adresem ul. Ceglana, Katowice Brynów. Planowany termin oddania to I kwartał 2027 roku. Ceglana Park – zielone osiedle w sercu Katowic Ceglana Park to inwestycja, która łączy wygodę miejskiego życia z bliskością natury. Niska zabudowa, tereny zielone i starannie zaprojektowane przestrzenie wspólne tworzą kameralne miejsce, w którym można komfortowo mieszkać, odpoczywać i cieszyć się spokojem na co dzień. Atuty inwestycji: - Niemal 50% osiedla stanowią tereny zielone - Tężnia solankowa, staw i alejki spacerowe - Place zabaw i przestrzenie rekreacyjne - Niska zabudowa i kameralny charakter inwestycji - Bliskość Parku Kościuszki i Katowickiego Parku Leśnego - Dogodna komunikacja z centrum Katowic Terminy realizacji: Etap 7 – IV kwartał 2025 Etap 8 – I kwartał 2027 Etap 9 – I kwartał 2027 ________________________________________ Niniejszy materiał nie stanowi oferty w rozumieniu Kodeksu cywilnego i ma charakter wyłącznie informacyjny. Szczegóły inwestycji oraz pełna oferta dostępne są na stronie internetowej: https://develia.pl/pl/",,,,,własność,Wyposażenie: internet,50.244218,19.016307
Katowice Bogucice,ul. Karoliny,3,49,650000,13265,Pośrednik,,20,https://adresowo.pl/o/mieszkanie-katowice-bogucice-ul-karoliny-3-pokojowe-j0g4b5,https://s2.adresowa.pl/oi/69/6b/40e242_cb8e_cover@2x-3-pokojowe-mieszkanie-katowice-bogucice-ul-karoliny.webp,Katowice Bogucice,Karoliny,4,2021,blok,,"Eastate ma przyjemność zaoferować 3 pokojowe mieszkanie na Os. Karoliny. LOKALIZACJA: Największym atutem Os. Karoliny jest świetnie skomunikowana lokalizacja zapewniająca sprawny dostęp do centrum Katowic oraz najważniejszych punktów aglomeracji. W najbliższej okolicy znajduje się wszystko, czego potrzeba na co dzień – sklepy (Biedronka 100m), usługi, komunikacja miejska oraz miejsca sprzyjające aktywnemu wypoczynkowi MIESZKANIE I BUDYNEK: Oferowany lokal to komfortowe mieszkanie o powierzchni blisko 50 m², oferujące funkcjonalny układ 3 pokoi, w tym przestronny salon z aneksem kuchennym oraz wyjściem na duży balkon. Do dyspozycji mieszkańców jest również nowoczesna łazienka z wanną z funkcją prysznicu. Mieszkanie znajduje się na 4. piętrze w 7-piętrowym budynku z windą, wybudowanym w 2021 roku, na zamkniętym i zadbanym osiedlu. Lokal jest w pełni wyposażony w sprzęt AGD i gotowy do wprowadzenia. Dużym atutem jest położenie budynku jako ostatniego w zabudowie – okna nie wychodzą bezpośrednio na sąsiednie bloki, co zapewnia większą prywatność, poczucie przestrzeni i kameralną atmosferę. Ciepła woda jaki ogrzewanie - miejskie. Opłaty wliczone w czynsz Ze względu na układ jak i lokalizację mieszkanie będzie idealnym wyborem dla rodziny lub jako inwestycja. Mieszkania na tym osiedlu cieszą się dużą popularnością na rynku najmów długoterminowych. FINANSE: Cena - 650 000 PLN Czynsz - 750zł W Eastate Agency wspieramy klientów w sprzedaży, wynajmie i poszukiwaniach nieruchomości - zarówno na rynku wtórnym, pierwotnym, jak i komercyjnym. Pomagamy także w wyborze nieruchomości inwestycyjnych - pod wynajem lub długoterminowe lokowanie kapitału. Zajmujemy się również zarządzaniem najmem, a klientom finansującym zakup kredytem umożliwiamy bezpłatny kontakt z doradcą kredytowym.",,,,plastikowe,własność,,50.271128,19.038643
Katowice,ul. Braci Mniejszych,3,53,730000,13774,Pośrednik,,20,https://adresowo.pl/o/mieszkanie-katowice-ul-braci-mniejszych-3-pokojowe-v0f1g5,https://s2.adresowa.pl/oi/44/29/40e23e_2dd8_cover@2x-3-pokojowe-mieszkanie-katowice-ul-braci-mniejszych.webp,Katowice ,Braci Mniejszych,parter,2017,blok,,"Eastate ma przyjemność zaoferować 3 pokojowe mieszkanie z dużym ogródkiem. LOKALIZACJA: Os Franciszkańskie to lokalizacja która zapewnia doskonałe połączenie bliskości terenów zielonych z wygodnym dostępem do centrum Katowic – w sąsiedztwie znajdują się Las Panewnicki, ścieżki spacerowe i rowerowe oraz pełna infrastruktura handlowo-usługowa. Dodatkowym atutem jest szybki dojazd do autostrady A4 i dróg krajowych, a także dogodna komunikacja z centrum miasta i okolicznymi dzielnicami. MIESZKANIE I BUDYNEK: Oferowany lokal to funkcjonalne i w pełni wyposażone mieszkanie o powierzchni blisko 54 m², usytuowane na parterze nowoczesnego, 5-piętrowego budynku. Lokal składa się z salonu z aneksem kuchennym, dwóch niezależnych sypialni oraz łazienki. Mieszkanie jest w pełni umeblowane i po delikatnym odświeżeniu gotowe do zamieszkania. Kuchnia została wykonana w zabudowie i wyposażona w kompletny sprzęt AGD, a liczne szafy i zabudowy zapewniają dużą ilość miejsca do przechowywania, dzięki czemu przestrzeń jest wyjątkowo funkcjonalna. Do mieszkania przynależy komórka lokatorska, idealna do przechowywania rowerów, sprzętu sportowego czy sezonowych rzeczy. Największym atutem nieruchomości jest prywatny ogród o powierzchni ponad 100 m², ogrodzony. To doskonałe miejsce do wypoczynku, spotkań z rodziną i przyjaciółmi, zabawy z dziećmi czy relaksu przy porannej kawie, oferujące komfort porównywalny z własnym domem przy zachowaniu wszystkich zalet mieszkania. Prze budynkiem dostępna jest duża ilość ogólnodostępnych miejsc parkingowych FINANSE: Cena - 730 000PLN Czynsz - ok 1000-1100zł W Eastate Agency wspieramy klientów w sprzedaży, wynajmie i poszukiwaniach nieruchomości - zarówno na rynku wtórnym, pierwotnym, jak i komercyjnym. Pomagamy także w wyborze nieruchomości inwestycyjnych - pod wynajem lub długoterminowe lokowanie kapitału. Zajmujemy się również zarządzaniem najmem, a klientom finansującym zakup kredytem umożliwiamy bezpłatny kontakt z doradcą kredytowym.",tak,,,plastikowe,własność,,50.23196,18.964056
Katowice,Giszowiec,3,53,390000,7358,bez pośredników,,6,https://adresowo.pl/o/mieszkanie-katowice-giszowiec-3-pokojowe-53-m2-v5h4g5,https://s2.adresowa.pl/oi/10/12/413ae4_8cb1_cover@2x-3-pokojowe-mieszkanie-katowice-giszowiec.webp,Katowice Giszowiec,,1,,blok,,"Oferuję na sprzedaż mieszkanie o powierzchni 53,43 m², usytuowane na pierwszym piętrze bloku. Wnętrze utrzymane w jasnych kolorach, co sprawia, że jest przestronne i przyjemne. Mieszkanie jest do własnej aranżacji, co daje Ci możliwość stworzenia wymarzonej przestrzeni.",,,,,,,50.223999,19.065001
Katowice Brynów,ul. Warzywna,2,37,300000,8108,bez pośredników,,8,https://adresowo.pl/o/mieszkanie-katowice-brynow-ul-warzywna-2-pokojowe-x5n9w0,https://s2.adresowa.pl/oi/6f/2b/413ac6_5524_cover@2x-2-pokojowe-mieszkanie-katowice-brynow-ul-warzywna.webp,Katowice Brynów,Warzywna,parter,1963,blok,,"Bez pośredników! 300 tys. Na sprzedaż: Katowice Brynów Na sprzedaż 35m2 plus piwnica 2m2 w świetnej lokalizacji. Salon z aneksem kuchennym plus sypialnia. W mieszkaniu zostają wszystkie sprzęty AGD: lodówka, zmywarka, płyta indukcyjna, piekarnik oraz pralka. Mieszkanie znajduje się w cichej i zielonej okolicy przy pętli Brynowskiej. Mieszkanie jasne, przytulne, 7 lat temu przyszło generalny remont, łącznie z wymianą wszystkich instalacji. Ogrzewanie elektryczne na maty infra red. Obecnie został złożony wniosek do wspólnoty aby zamontować klimatyzatora z funkcją grzania. Parking tylko dla mieszkańców wspólnoty. Nigdy nie ma problemów z miejscem. Na piechotę: Lidl, Libero, Park Kościuszki, Muchowiec, Czynsz jedyne 270 zł Fliperom i biurom nieruchomości dziękuję! Zaprasza do kontaktu Małgorzata Kaczmarczyk",tak,tak,aneks,plastikowe,własność,"Wyposażenie: lodówka, piekarnik, pralka, zmywarka",50.224969,18.997003
Katowice Brynów,ul. Ceglana,1,33,zapytaj,,bez pośredników,,+1 podobna oferta,https://adresowo.pl/o/mieszkanie-katowice-brynow-ul-ceglana-1-pokoj-f6f9t9,https://s2.adresowa.pl/development/561699/nowe-mieszkania-ceglana-park-911c_cover.jpg,Katowice Brynów,Ceglana,2,2027,blok,,"Nowe mieszkanie 1-pokojowe o powierzchni 33,90 m² w inwestycji Ceglana Park dewelopera DEVELIA, na 2 piętrze pod adresem ul. Ceglana, Katowice Brynów. Planowany termin oddania to I kwartał 2027 roku. Ceglana Park – zielone osiedle w sercu Katowic Ceglana Park to inwestycja, która łączy wygodę miejskiego życia z bliskością natury. Niska zabudowa, tereny zielone i starannie zaprojektowane przestrzenie wspólne tworzą kameralne miejsce, w którym można komfortowo mieszkać, odpoczywać i cieszyć się spokojem na co dzień. Atuty inwestycji: - Niemal 50% osiedla stanowią tereny zielone - Tężnia solankowa, staw i alejki spacerowe - Place zabaw i przestrzenie rekreacyjne - Niska zabudowa i kameralny charakter inwestycji - Bliskość Parku Kościuszki i Katowickiego Parku Leśnego - Dogodna komunikacja z centrum Katowic Terminy realizacji: Etap 7 – IV kwartał 2025 Etap 8 – I kwartał 2027 Etap 9 – I kwartał 2027 ________________________________________ Niniejszy materiał nie stanowi oferty w rozumieniu Kodeksu cywilnego i ma charakter wyłącznie informacyjny. Szczegóły inwestycji oraz pełna oferta dostępne są na stronie internetowej: https://develia.pl/pl/",,,,,własność,Wyposażenie: internet,50.244218,19.016307
Katowice,ul. gen. Zygmunta Waltera Jankego,2,41,431000,10512,Pośrednik,,4,https://adresowo.pl/o/mieszkanie-katowice-ul-gen-zygmunta-waltera-jankego-2-pokojowe-s1q1j6,https://s2.adresowa.pl/oi/4d/5e/40c854_8138_cover@2x-2-pokojowe-mieszkanie-katowice-ul-gen-zygmunta-waltera-jankego.webp,Katowice ,gen. Zygmunta Waltera Jankego,3,2027,apartamentowiec,,"Nowoczesne mieszkania w zielonej i spokojnej części Katowic Zamieszkaj w miejscu, które łączy komfort życia w mieście z bliskością natury. Kameralna zabudowa, dużo zieleni oraz spokojne otoczenie tworzą idealne warunki zarówno do życia, jak i odpoczynku po pracy. To propozycja dla osób ceniących równowagę między wygodą a prywatnością. Dostępne są również lokale nieprezentowane w sieci. Atuty inwestycji:- Kameralne osiedle o nowoczesnej architekturze - Funkcjonalne układy mieszkań o zróżnicowanych metrażach - Duże przeszklenia zapewniające dobre doświetlenie wnętrz - Wysoki standard części wspólnych - Strefa dla mieszkańców (relaks / praca) - Siłownia i przestrzeń fitness - Sala zabaw dla dzieci oraz plac zabaw - Lokale usługowe na terenie osiedla - Garaż podziemny oraz miejsca naziemne - Monitoring i podwyższony standard bezpieczeństwa - Możliwość instalacji ładowarek do samochodów elektrycznych - Pełna dostępność (windy, brak barier architektonicznych) Lokalizacja i otoczenie:- Spokojna, zielona dzielnica - Bliskość terenów leśnych i rekreacyjnych - Idealne miejsce dla osób aktywnych oraz rodzin - Kameralne sąsiedztwo, z dala od miejskiego zgiełku Komunikacja i infrastruktura:- Szybki dojazd do centrum miasta - Dobry dostęp do głównych dróg - Rozwinięta infrastruktura w pobliżu (sklepy, szkoły, usługi) - Wygodne połączenie z innymi częściami miasta Filip Masłowski",,tak,,,,,50.208376,18.973749
Katowice,,4,62,800058,12904,Pośrednik,,5,https://adresowo.pl/o/mieszkanie-katowice-4-pokojowe-62-m2-r8n0x1,https://s2.adresowa.pl/oi/34/65/40c666_4fd2_cover@2x-4-pokojowe-mieszkanie-katowice.webp,Katowice,,4,2026,apartamentowiec,,"Na sprzedaż funkcjonalne mieszkanie o powierzchni 62 m², położone w nowoczesnej inwestycji w Katowicach. Przemyślany układ obejmuje jasny salon z aneksem kuchennym, ustawną sypialnię, pokój, łazienkę oraz funkcjonalny korytarz. Dodatkowym atutem mieszkania jest balkon. Rozkład pomieszczeń:- salon z aneksem kuchennym - sypialnia - pokój - pokój - łazienka - druga łazienka - korytarz Jednym z największych atutów inwestycji jest jej znakomita lokalizacja. Kilkunastominutowy spacer pozwala dotrzeć na katowicki Rynek – centrum miejskich wydarzeń kulturalnych, rozrywki i życia społecznego. Zaledwie 4 minuty jazdy dzielą mieszkańców od autostrady A4, zapewniającej szybki dojazd do głównych kierunków podróży krajowych i europejskich. W podobnym czasie można dotrzeć do Drogowej Trasy Średnicowej, umożliwiającej sprawne przemieszczanie się po Katowicach i całej aglomeracji. W bezpośrednim sąsiedztwie znajduje się również popularna Dolina Trzech Stawów. Rozległe tereny zielone, stawy, ścieżki spacerowe i trasy rowerowe tworzą doskonałe warunki do rekreacji, aktywnego wypoczynku oraz relaksu na świeżym powietrzu. Odbywają się tam także liczne wydarzenia kulturalne i rekreacyjne. To doskonała propozycja dla singla, pary lub inwestora poszukującego nowoczesnej nieruchomości w dobrze skomunikowanej części Katowic, blisko centrum i terenów zielonych. Prezentowane mieszkanie to tylko jedna z wielu atrakcyjnych propozycji dostępnych w tej inwestycji. W sprzedaży znajdują się lokale o różnych metrażach, układach i liczbie pokoi, dzięki czemu mogę dopasować ofertę. Cena: 800 058 zł. Brak Prowizji! Brak podatku PCC! Współpraca ze mną to: - brak kosztów - profesjonalne doradztwo - wiele ofert dostępnych w jednym miejscu - jestem dostępny dla Państwa na każdym etapie transakcji - nasi eksperci finansowi mogą od razu dobrać Państwu najkorzystniejszy kredyt Zapraszam do kontaktu i umówienia prezentacji. Mieszkanie oferowane jest w stanie deweloperskim. Przedstawione wizualizacje mają charakter poglądowy i prezentują przykładową możliwość aranżacji wnętrza. Materiały wykorzystano we współpracy z Quality Investment. NOTUS Finanse S.A. występuje w charakterze pośrednika w obrocie nieruchomościami. Powyższa oferta ma charakter informacyjny i nie stanowi oferty handlowej w rozumieniu art. 66 § 1 Kodeksu cywilnego. Notus Finanse S.A.",tak,tak,aneks,plastikowe,,,50.264892,19.023782
Katowice Brynów,ul. Wróbli,5,161,1790000,11118,bez pośredników,,22,https://adresowo.pl/o/mieszkanie-katowice-brynow-ul-wrobli-5-pokojowe-n2e7q3,https://s2.adresowa.pl/oi/7d/38/412d14_f612_cover@2x-5-pokojowe-mieszkanie-katowice-brynow-ul-wrobli.webp,Katowice Brynów,Wróbli,1,2008,blok,,"Na sprzedaż przestronne, komfortowe mieszkanie w luksusowej dzielnicy Katowic, położonej w sercu Osiedla Ptasiego. Mieszkanie usytuowane jest na 1. piętrze budynku z 2008 roku i oferuje wyjątkowy standard życia w jednej z najbardziej pożądanych lokalizacji w Katowicach. 2 miejsca garażowe w cenie nieruchomości. Podstawowe informacje o nieruchomości: Powierzchnia: 161,72 m² Liczba pokoi: 5 + 3 łazienki + 2 garderoby + balkon (z dostępem z 3 pokoi i jadalni) Atuty: mieszkanie idealne, zaprojektowane dla rodziny z dziećmi, podzielone na 3 strefy, przemyślany rozkład. Rozkład pomieszczeń: Przestronny salon z jadalnią oraz otwartą kuchnią w zabudowie na wymiar, z wyjściem na balkon/taras - idealny do wypoczynku. Sypialnia główna (master bedroom) z prywatną łazienką oraz garderobą. Dwie sypialnie aktualnie zaaranżowane na pokoje dziecięce, zaprojektowane z myślą o komforcie najmłodszych mieszkańców. Urocza łazienka sąsiadująca z pokojami dziecięcymi, wyposażona w wannę. Garderoba dziecięca umieszczona naprzeciwko pokoi dziecięcych. Garderoba ogólna umieszczona tuż przy wejściu do mieszkania. Przestronny korytarz, który może pełnić funkcję miejsca do zabawy lub dodatkowej strefy użytkowej. Przestrzeń zaprojektowana z myślą o rodzinach z dziećmi. To wyjątkowe mieszkanie łączy w sobie elegancję, funkcjonalność i świetną lokalizację. Jeśli marzysz o życiu w sercu Katowic, w otoczeniu zieleni (Park Kościuszki oraz Park Stachonia/ Muchowiec), prestiżowej architektury i bogatej infrastruktury, jest to oferta dla Ciebie. Dodatkowe informacje: Czynsz administracyjny: 2.000 zł. Lokalizacja i infrastruktura: Mieszkanie jest doskonale skomunikowane - w bezpośrednim sąsiedztwie znajduje się przystanek linii tramwajowych, co zapewnia szybki dostęp do centrum miasta oraz okolic Katowic. Dodatkowo bliski wylot na obwodnicę Katowic oraz A4, co pozwala na wygodny dojazd w inne rejony aglomeracji i poza nią. W okolicy znajdują się renomowane szkoły i przedszkola, a także place zabaw, liczne punkty usługowe, sklepy, restauracje i szpital. Mieszkańcy Osiedla Ptasiego mogą korzystać z licznych terenów rekreacyjnych, ścieżek rowerowych oraz zieleni miejskiej. Przedstawiona oferta nie jest ofertą handlową w rozumieniu przepisów prawa, lecz ma charakter informacyjny.",,tak,aneks,plastikowe,własność,,50.234777,19.005244
Katowice Piotrowice,ul. Jaworowa,3,64,483000,7547,bez pośredników,,7,https://adresowo.pl/o/mieszkanie-katowice-piotrowice-ul-jaworowa-3-pokojowe-n6o5p1,https://s2.adresowa.pl/oi/11/64/412d10_eaba_cover@2x-3-pokojowe-mieszkanie-katowice-piotrowice-ul-jaworowa.webp,Katowice Piotrowice,Jaworowa,1,1964,blok,,"Oferuję na sprzedaż przestronne mieszkanie w spokojnej okolicy Piotrowice-Ochojec w Katowicach na ul. Jaworowej w zamkniętym osiedlu (2 budynki) o powierzchni 64,19 m². Zlokalizowane jest na pierwszym piętrze czteropiętrowego bloku. W skład wyposażenia wchodzą: meble, pralka, zmywarka, lodówka, kuchenka, piekarnik oraz telewizor. Dodatkowym atutem jest balkon oraz piwnica. Mieszkanie nadaje się do zamieszkania, ale ogólnie wymaga remontu, gdyż jest to mieszkanie po babci. Układ mieszkania to 3 niezależne pokoje i oddzielna kuchnia, przedpokój, łazienka wraz z WC, balkon oraz piwnica. W okolicy dostępne są: - sklepy spożywcze, w tym Żabka i Kaufland, Biedronka - liczne kawiarnie i restauracje - placówki edukacyjne, w tym szkoły podstawowe oraz licea - przystanki komunikacji miejskiej, co zapewnia szybki dojazd w różne części miasta. Zainwestuj w to mieszkanie i ciesz się komfortowym życiem w atrakcyjnej lokalizacji. Skontaktuj się ze mną, aby umówić się na prezentację!",tak,,osobna,plastikowe,,"Wyposażenie: kuchenka, lodówka, piekarnik, pralka, telewizor, zmywarka",50.210185,18.986755
Katowice Dąb,ul. Bracka,4,93,zapytaj,,bez pośredników,,+10 podobnych ofert,https://adresowo.pl/o/mieszkanie-katowice-dab-ul-bracka-4-pokojowe-l5l3s3,https://s2.adresowa.pl/development/674270/nowe-mieszkania-bracka-vita-625b_cover.jpg,Katowice Dąb,Bracka,11,2028,kamienica,,"Nowe mieszkanie 4-pokojowe o powierzchni 93,39 m² w inwestycji Bracka Vita dewelopera DEVELIA, na 11 piętrze w budynku 20 pod adresem ul. Bracka 20, Katowice Dąb. Planowany termin oddania to III kwartał 2028 roku. Bracka Vita Bracka Vita to nowoczesna inwestycja mieszkaniowa przy ul. Brackiej 20 w katowickiej dzielnicy Dąb, w sąsiedztwie Parku Śląskiego. Projekt łączy miejski charakter lokalizacji z bliskością zieleni, a architektura nawiązuje do industrialnej historii dawnej Huty Baildon. W pierwszym etapie zaplanowano około 132 mieszkań o powierzchni od ok. 38 do ok. 110 m², z układami od 2 do 5 pokoi. Atuty inwestycji: • Sąsiedztwo Parku Śląskiego i terenów zielonych. • Loggie lub tarasy oraz duże, dobrze doświetlone okna. • Zielone patia z ogrodem sensorycznym i strefami rekreacji. • Dogodna komunikacja – tramwaj, DTŚ i ścieżki rowerowe. • Lokale usługowe na terenie inwestycji. • Bliskość Silesia City Center, Spodka i Stadionu Śląskiego. Terminy realizacji: III/IV kw. 2028r. Niniejszy materiał nie stanowi oferty w rozumieniu Kodeksu cywilnego i ma charakter wyłącznie informacyjny. Szczegóły inwestycji oraz pełna oferta dostępne są na stronie internetowej: https://develia.pl/pl/",,,aneks,,własność,Wyposażenie: internet,50.269253,18.993573
Katowice,ul. Sokolska,2,29,418000,14414,Pośrednik,,4,https://adresowo.pl/o/mieszkanie-katowice-ul-sokolska-2-pokojowe-c6k1e2,https://s2.adresowa.pl/oi/40/1c/40c664_c5ff_cover@2x-2-pokojowe-mieszkanie-katowice-ul-sokolska.webp,Katowice ,Sokolska,11,,apartamentowiec,,"MIESZKANIE, KTÓRE MOŻE ZARABIAĆ NA SIEBIE Na sprzedaż funkcjonalne mieszkanie w świetnej cenie, z bardzo dużym potencjałem inwestycyjnym. Układ lokalu daje możliwość wydzielenia dwóch niezależnych pokoi, dzięki czemu nieruchomość może zyskać zupełnie nową funkcję — zarówno jako mieszkanie dla dwóch osób, jak i lokal przygotowany z myślą o wynajmie. To propozycja dla inwestora, który szuka nieruchomości w miejscu, gdzie lokalizacja pracuje na wartość mieszkania. W bezpośrednim otoczeniu znajdziesz wszystko, czego oczekuje najemca: komunikację miejską, sklepy, restauracje, usługi, biura, uczelnie, rozrywkę oraz tereny spacerowe. Do najważniejszych punktów centralnej części miasta można dotrzeć pieszo, a świetnie rozwinięta komunikacja pozwala szybko przemieszczać się również po całej aglomeracji. Dodatkowym atutem jest sama inwestycja — nowoczesna architektura, przestrzenie wspólne, klub mieszkańca, rozbudowana infrastruktura rowerowa, lokale usługowe oraz rozwiązania typu smart home. Projekt przewiduje 341 mieszkań i jest obecnie w zaawansowanym etapie realizacji. Dostępne są również inne oferty niepublikowane w sieci. DLACZEGO WARTO? • możliwość stworzenia dwóch pokoi z jednego mieszkania • atrakcyjna cena zakupu • lokalizacja idealna pod wynajem • bliskość centrum i komunikacji • ogromna liczba punktów usługowych i gastronomicznych w okolicy • sąsiedztwo biur, uczelni i miejskich atrakcji • nowoczesny budynek i części wspólne • balkon lub taras • rozwiązania smart home • rozbudowana infrastruktura rowerowa • potencjał zarówno pod wynajem długoterminowy, jak i dla osoby szukającej mieszkania w centrum To nie jest po prostu mieszkanie do kupienia. To nieruchomość, którą można dobrze zaplanować. To nie tylko piękne apartamenty, ale także wyjątkowa infrastruktura zaprojektowana z myślą o Twoim komforcie. Zapraszam do kontaktu -przygotuję ofertę na miarę Twoich oczekiwań. Filip Masłowski",,tak,,,,,50.265275,19.018708
Katowice,ul. Kazimiery Iłłakowiczówny,3,72,761200,10572,Pośrednik,,4,https://adresowo.pl/o/mieszkanie-katowice-ul-kazimiery-illakowiczowny-3-pokojowe-a5i5u3,https://s2.adresowa.pl/oi/30/76/40c662_2abb_cover@2x-3-pokojowe-mieszkanie-katowice-ul-kazimiery-illakowiczowny.webp,Katowice ,Kazimiery Iłłakowiczówny,1,,apartamentowiec,,"Zamieszkaj bliżej centrum ale nadal żyj wygodnie z dala od zgiełku miasta. Są takie miejsca, w których po prostu dobrze się mieszka. Gdzie rano masz wszystko, czego potrzebujesz na wyciągnięcie ręki, a wieczorem możesz zwolnić i odpocząć od miejskiego zgiełku. Nowoczesna inwestycja, przemyślana przestrzeń i lokalizacja, która pozwala połączyć wygodę życia blisko centrum z dostępem do zieleni, komunikacji i miejskich atrakcji. To propozycja dla osób, które chcą połączyć nowoczesne budownictwo, wygodę codziennego życia i świetną lokalizację blisko centrum Katowic. Mieszkania posiadają balkony, loggie, tarasy lub prywatne ogródki, a w każdym budynku zaplanowano garaż podziemny, komórki lokatorskie, rowerownię oraz cichobieżne windy. Dużym atutem jest również zagospodarowana przestrzeń pomiędzy budynkami oraz strefa wypoczynkowa. Architektura części wspólnych nawiązuje stylistycznie do charakterystycznych detali śląskich kamienic. Dostępne lokale w różnych metrażach niepublikowanych na stronach. KOMFORT NA CO DZIEŃ:- Na terenie inwestycji przewidziano m.in.: - garaż podziemny - miejsca postojowe - komórki lokatorskie - rowerownię - cichobieżne windy - videodomofony - monitoring - balkony, loggie, tarasy lub ogródki - strefę wypoczynkową - lokale usługowe w ramach inwestycji LOKALIZACJA – JEDEN Z NAJWIĘKSZYCH ATUTÓW- 2 minuty – pętla tramwajowa - 2 minuty – Spodek - 3 minuty – centrum sportowe i fitness - 5 minut – Silesia City Center - 5 minut – sklep spożywczy - 6 minut – Park Wełnowiecki - 7 minut – szkoła podstawowa - 7 minut – Dworzec Główny PKP Katowice - 14 minut – Park Śląski To bardzo dobra propozycja zarówno dla osób szukających własnego mieszkania w Katowicach, jak i dla inwestorów. Bliskość centrum, Spodka, komunikacji tramwajowej, uczelni, biur, galerii handlowej oraz terenów rekreacyjnych daje szerokie możliwości wykorzystania mieszkania – od komfortowego lokum dla singla lub pary, po mieszkanie rodzinne czy nieruchomość przeznaczoną pod wynajem. To nie tylko piękne apartamenty, ale także wyjątkowa infrastruktura zaprojektowana z myślą o Twoim komforcie. Zapraszam do kontaktu -przygotuję ofertę na miarę Twoich oczekiwań. Filip Masłowski",,tak,,,,,50.273471,19.0205
Katowice Bogucice,ul. Modrzewiowa,3,50,395000,7900,bez pośredników,,13,https://adresowo.pl/o/mieszkanie-katowice-bogucice-ul-modrzewiowa-3-pokojowe-a6o3e2,https://s2.adresowa.pl/oi/10/33/412bfc_5710_cover@2x-3-pokojowe-mieszkanie-katowice-bogucice-ul-modrzewiowa.webp,Katowice Bogucice,Modrzewiowa,3,1979,blok,,"Oferuję na sprzedaż 3-pokojowe mieszkanie o powierzchni 50,2 m2, położone w doskonałej lokalizacji przy ul. Modrzewiowej w Katowicach-Bogucicach. Spokojne, zielone osiedle z dużą ilością miejsc parkingowych. Mieszkanie do remontu. Blok po termomodernizacji, zarządzany przez Wspólnotę. Blok z domofonem. Piętro 3/4, bez windy. Mieszkanie składa się z przestronnego przedpokoju, salonu z balkonem, dwóch sypialni z możliwością urządzenia domowego biura, oddzielnej kuchni oraz łazienki, która kilka lat temu przeszła generalny remont i nie wymaga natychmiastowych nakładów finansowych. Wszystkie okna PCV w bardzo dobrym stanie. Do lokalu przynależy spora, sucha piwnica. Mieszkanie bardzo jasne, okna skierowane na wschód i zachód. Czynsz z zaliczką na wodę, ogrzewanie i opłatą za wywóz śmieci około 700 zł/mc. Lokalizacja blisko Spodka, w odległości dłuższego spaceru. Zakup od właściciela, brak prowizji. Zapraszam do oglądania.",tak,,osobna,plastikowe,własność,,50.270624,19.032581
Katowice Dąbrówka Mała,ul. Józefa Grzegorzka,2,51,349000,6843,bez pośredników,,10,https://adresowo.pl/o/mieszkanie-katowice-dabrowka-mala-ul-jozefa-grzegorzka-2-pokojowe-t2b8s0,https://s2.adresowa.pl/oi/62/10/412b7c_70ba_cover@2x-2-pokojowe-mieszkanie-katowice-dabrowka-mala-ul-jozefa-grzegorzka.webp,Katowice Dąbrówka Mała,Józefa Grzegorzka,3,1980,blok,,"Oferuję na sprzedaż mieszkanie o powierzchni 51,28 m² w Dąbrówce Małej. Znajduje się na 3. piętrze w bloku z lat 80-tych. Mieszkanie jest w stanie do zamieszkania/odświeżenia, posiada balkon, piwnicę oraz miejsce parkingowe. Ogrzewanie miejskie zapewnia komfort w zimie. Dąbrówka Mała to spokojna dzielnica Katowic z dobrze rozwiniętą infrastrukturą. W pobliżu znajdują się: - sklepy spożywcze, w tym supermarket ""Home Concept"" - tereny zielone, w tym ""Park w Dąbrówce"" - przystanki autobusowe, co ułatwia komunikację z innymi częściami miasta. W okolicy są także szkoły, przedszkola i miejsca do aktywnego spędzania czasu. To idealne miejsce dla osób szukających spokoju, ale z dobrym dostępem do miasta. Zainwestuj w to mieszkanie już dziś i ciesz się wygodą życia w Dąbrówce Małej!",tak,tak,,plastikowe,własność,,50.278806,19.065622
Katowice Brynów,ul. Ceglana,4,97,zapytaj,,bez pośredników,,13,https://adresowo.pl/o/mieszkanie-katowice-brynow-ul-ceglana-4-pokojowe-e9k0i4,https://s2.adresowa.pl/development/561699/nowe-mieszkania-ceglana-park-911c_cover.jpg,Katowice Brynów,Ceglana,4,2026,kamienica,,"Nowe mieszkanie 4-pokojowe o powierzchni 97,61 m² w inwestycji Ceglana Park dewelopera DEVELIA, na 4 piętrze pod adresem ul. Ceglana, Katowice Brynów. Planowany termin oddania to I kwartał 2026 roku. Ceglana Park – zielone osiedle w sercu Katowic Ceglana Park to inwestycja, która łączy wygodę miejskiego życia z bliskością natury. Niska zabudowa, tereny zielone i starannie zaprojektowane przestrzenie wspólne tworzą kameralne miejsce, w którym można komfortowo mieszkać, odpoczywać i cieszyć się spokojem na co dzień. Atuty inwestycji: - Niemal 50% osiedla stanowią tereny zielone - Tężnia solankowa, staw i alejki spacerowe - Place zabaw i przestrzenie rekreacyjne - Niska zabudowa i kameralny charakter inwestycji - Bliskość Parku Kościuszki i Katowickiego Parku Leśnego - Dogodna komunikacja z centrum Katowic Terminy realizacji: Etap 7 – IV kwartał 2025 Etap 8 – I kwartał 2027 Etap 9 – I kwartał 2027 ________________________________________ Niniejszy materiał nie stanowi oferty w rozumieniu Kodeksu cywilnego i ma charakter wyłącznie informacyjny. Szczegóły inwestycji oraz pełna oferta dostępne są na stronie internetowej: https://develia.pl/pl/",,,,,własność,Wyposażenie: internet,50.244218,19.016307
Katowice,ul. Kazimiery Iłłakowiczówny,2,40,440600,11015,Pośrednik,,4,https://adresowo.pl/o/mieszkanie-katowice-ul-kazimiery-illakowiczowny-2-pokojowe-m2c3m7,https://s2.adresowa.pl/oi/43/7f/40c658_fc4e_cover@2x-2-pokojowe-mieszkanie-katowice-ul-kazimiery-illakowiczowny.webp,Katowice ,Kazimiery Iłłakowiczówny,parter,2026,apartamentowiec,,"Zamieszkaj bliżej centrum ale nadal żyj wygodnie z dala od zgiełku miasta. Są takie miejsca, w których po prostu dobrze się mieszka. Gdzie rano masz wszystko, czego potrzebujesz na wyciągnięcie ręki, a wieczorem możesz zwolnić i odpocząć od miejskiego zgiełku. Nowoczesna inwestycja, przemyślana przestrzeń i lokalizacja, która pozwala połączyć wygodę życia blisko centrum z dostępem do zieleni, komunikacji i miejskich atrakcji. To propozycja dla osób, które chcą połączyć nowoczesne budownictwo, wygodę codziennego życia i świetną lokalizację blisko centrum Katowic. Mieszkania posiadają balkony, loggie, tarasy lub prywatne ogródki, a w każdym budynku zaplanowano garaż podziemny, komórki lokatorskie, rowerownię oraz cichobieżne windy. Dużym atutem jest również zagospodarowana przestrzeń pomiędzy budynkami oraz strefa wypoczynkowa. Architektura części wspólnych nawiązuje stylistycznie do charakterystycznych detali śląskich kamienic. Dostępne lokale w różnych metrażach niepublikowanych na stronach. KOMFORT NA CO DZIEŃ:- Na terenie inwestycji przewidziano m.in.: - garaż podziemny - miejsca postojowe - komórki lokatorskie - rowerownię - cichobieżne windy - videodomofony - monitoring - balkony, loggie, tarasy lub ogródki - strefę wypoczynkową - lokale usługowe w ramach inwestycji LOKALIZACJA – JEDEN Z NAJWIĘKSZYCH ATUTÓW- 2 minuty – pętla tramwajowa - 2 minuty – Spodek - 3 minuty – centrum sportowe i fitness - 5 minut – Silesia City Center - 5 minut – sklep spożywczy - 6 minut – Park Wełnowiecki - 7 minut – szkoła podstawowa - 7 minut – Dworzec Główny PKP Katowice - 14 minut – Park Śląski To bardzo dobra propozycja zarówno dla osób szukających własnego mieszkania w Katowicach, jak i dla inwestorów. Bliskość centrum, Spodka, komunikacji tramwajowej, uczelni, biur, galerii handlowej oraz terenów rekreacyjnych daje szerokie możliwości wykorzystania mieszkania – od komfortowego lokum dla singla lub pary, po mieszkanie rodzinne czy nieruchomość przeznaczoną pod wynajem. To nie tylko piękne apartamenty, ale także wyjątkowa infrastruktura zaprojektowana z myślą o Twoim komforcie. Zapraszam do kontaktu -przygotuję ofertę na miarę Twoich oczekiwań. Filip Masłowski",,tak,,,,,50.273471,19.0205
Katowice,ul. Mikołowska,4,81,1016375,12548,Pośrednik,,6,https://adresowo.pl/o/mieszkanie-katowice-ul-mikolowska-4-pokojowe-j9d8j9,https://s2.adresowa.pl/oi/33/5a/40c656_df78_cover@2x-4-pokojowe-mieszkanie-katowice-ul-mikolowska.webp,Katowice ,Mikołowska,3,2026,apartamentowiec,,"Na sprzedaż funkcjonalne mieszkanie o powierzchni 81,31 m², położone w nowoczesnej inwestycji osiedle Paderewskiego w Katowicach. Przemyślany układ obejmuje jasny salon z aneksem kuchennym, ustawną sypialnię, pokój, łazienkę oraz funkcjonalny korytarz. Dodatkowym atutem mieszkania dwa tarasy, loggia. Rozkład pomieszczeń:- salon z aneksem kuchennym - sypialnia - pokój - pokój - dwie łazienki - korytarz Jednym z największych atutów inwestycji jest jej znakomita lokalizacja. Kilkunastominutowy spacer pozwala dotrzeć na Katowicki Rynek – centrum miejskich wydarzeń kulturalnych, rozrywki i życia społecznego. Zaledwie 4 minuty jazdy dzielą mieszkańców od autostrady A4, zapewniającej szybki dojazd do głównych kierunków podróży krajowych i europejskich. W podobnym czasie można dotrzeć do Drogowej Trasy Średnicowej, umożliwiającej sprawne przemieszczanie się po Katowicach i całej aglomeracji. To doskonała propozycja dla singla, pary lub inwestora poszukującego nowoczesnej nieruchomości w dobrze skomunikowanej części Katowic, blisko centrum i terenów zielonych. Prezentowane mieszkanie to tylko jedna z wielu atrakcyjnych propozycji dostępnych w tej inwestycji. W sprzedaży znajdują się lokale o różnych metrażach, układach i liczbie pokoi, dzięki czemu mogę dopasować ofertę. Cena: 1 016 375 zł. Brak Prowizji! Brak podatku PCC! Współpraca ze mną to: - brak kosztów - profesjonalne doradztwo - wiele ofert dostępnych w jednym miejscu - jestem dostępny dla Państwa na każdym etapie transakcji - nasi eksperci finansowi mogą od razu dobrać Państwu najkorzystniejszy kredyt Zapraszam do kontaktu i umówienia prezentacji. Mieszkanie oferowane jest w stanie deweloperskim. Przedstawione wizualizacje mają charakter poglądowy i prezentują przykładową możliwość aranżacji wnętrza. Materiały wykorzystano we współpracy z Quality Investment. NOTUS Finanse S.A. występuje w charakterze pośrednika w obrocie nieruchomościami. Powyższa oferta ma charakter informacyjny i nie stanowi oferty handlowej w rozumieniu art. 66 § 1 Kodeksu cywilnego. Notus Finanse S.A.",tak,tak,aneks,plastikowe,,,50.251072,19.003907
Katowice Śródmieście,ul. Słoneczna,2,43,589000,13698,bez pośredników,,10,https://adresowo.pl/o/mieszkanie-katowice-srodmiescie-ul-sloneczna-2-pokojowe-q2l9z7,https://s2.adresowa.pl/oi/64/6e/412b60_7046_cover@2x-2-pokojowe-mieszkanie-katowice-srodmiescie-ul-sloneczna.webp,Katowice Śródmieście,Słoneczna,1,2023,apartamentowiec,,"Sprzedam bezpośrednio 2-pokojowe mieszkanie o powierzchni 43,19 m², położone na 1. piętrze inwestycji Słoneczne Tarasy. Mieszkanie jest wykończone, umeblowane i wyposażone w sprzęt AGD. Było wynajmowane przez zaledwie 2 lata. To propozycja zarówno dla osób szukających własnego mieszkania, jak i kupujących z myślą o wynajmie. UKŁAD MIESZKANIA: • przestronny salon z aneksem kuchennym, • oddzielna sypialnia, • łazienka z wanną i szklanym parawanem, • przedpokój, • balkon o powierzchni 3,82 m², dostępny z salonu i sypialni. Balkon stanowi dodatkową powierzchnię, niewliczoną w metraż mieszkania. WYKOŃCZENIE I WYPOSAŻENIE: Wnętrze urządzono w spójnej kolorystyce, łączącej szarości z elementami drewnopodobnymi. Duże przeszklenia zapewniają dostęp do naturalnego światła. Kuchnia posiada zabudowę do sufitu, podświetlenie blatu oraz sprzęt AGD, w tym płytę grzewczą, piekarnik i kuchenkę mikrofalową. W salonie znajdują się narożnik, stolik kawowy oraz szafka RTV. Łazienka wyposażona jest w wannę z funkcją prysznica i szklanym parawanem, umywalkę z szafką, podwieszane WC oraz pralkę. Umeblowanie i wyposażenie oferowane wraz z mieszkaniem są uwzględnione w cenie. LOKALIZACJA: Słoneczne Tarasy to lokalizacja zapewniająca wygodny dostęp do centrum Katowic, komunikacji miejskiej, sklepów i punktów usługowych. W okolicy znajdują się m.in. Silesia City Center oraz przystanki autobusowe i tramwajowe. DODATKOWE INFORMACJE: • powierzchnia mieszkania: 43,19 m², • liczba pokoi: 2, • piętro: 1, • balkon: 3,82 m², • brak przynależnego miejsca parkingowego i komórki lokatorskiej, • sprzedaż bezpośrednio od właściciela. Cena: 589 000 zł - do negocjacji. Zapraszam do kontaktu i obejrzenia mieszkania.",tak,,aneks,plastikowe,własność,"Wyposażenie: kuchenkę, piekarnik, pralkę, tv",50.276304,19.015926
Katowice Dąb,ul. Bracka,5,110,zapytaj,,bez pośredników,,+7 podobnych ofert,https://adresowo.pl/o/mieszkanie-katowice-dab-ul-bracka-5-pokojowe-f3d3g1,https://s2.adresowa.pl/development/674270/nowe-mieszkania-bracka-vita-625b_cover.jpg,Katowice Dąb,Bracka,9,2028,blok,,"Nowe mieszkanie 5-pokojowe o powierzchni 110,99 m² w inwestycji Bracka Vita dewelopera DEVELIA, na 9 piętrze w budynku 20 pod adresem ul. Bracka 20, Katowice Dąb. Planowany termin oddania to III kwartał 2028 roku. Bracka Vita Bracka Vita to nowoczesna inwestycja mieszkaniowa przy ul. Brackiej 20 w katowickiej dzielnicy Dąb, w sąsiedztwie Parku Śląskiego. Projekt łączy miejski charakter lokalizacji z bliskością zieleni, a architektura nawiązuje do industrialnej historii dawnej Huty Baildon. W pierwszym etapie zaplanowano około 132 mieszkań o powierzchni od ok. 38 do ok. 110 m², z układami od 2 do 5 pokoi. Atuty inwestycji: • Sąsiedztwo Parku Śląskiego i terenów zielonych. • Loggie lub tarasy oraz duże, dobrze doświetlone okna. • Zielone patia z ogrodem sensorycznym i strefami rekreacji. • Dogodna komunikacja – tramwaj, DTŚ i ścieżki rowerowe. • Lokale usługowe na terenie inwestycji. • Bliskość Silesia City Center, Spodka i Stadionu Śląskiego. Terminy realizacji: III/IV kw. 2028r. Niniejszy materiał nie stanowi oferty w rozumieniu Kodeksu cywilnego i ma charakter wyłącznie informacyjny. Szczegóły inwestycji oraz pełna oferta dostępne są na stronie internetowej: https://develia.pl/pl/",,,aneks,,własność,Wyposażenie: internet,50.269253,18.993573
Katowice,ul. gen. Zygmunta Waltera Jankego,3,60,640500,10675,Pośrednik,,4,https://adresowo.pl/o/mieszkanie-katowice-ul-gen-zygmunta-waltera-jankego-3-pokojowe-x7o4c8,https://s2.adresowa.pl/oi/7d/49/40c654_78dd_cover@2x-3-pokojowe-mieszkanie-katowice-ul-gen-zygmunta-waltera-jankego.webp,Katowice ,gen. Zygmunta Waltera Jankego,parter,2019,apartamentowiec,,"Nowoczesne mieszkania w zielonej i spokojnej części Katowic Zamieszkaj w miejscu, które łączy komfort życia w mieście z bliskością natury. Kameralna zabudowa, dużo zieleni oraz spokojne otoczenie tworzą idealne warunki zarówno do życia, jak i odpoczynku po pracy. To propozycja dla osób ceniących równowagę między wygodą a prywatnością. Dostępne są również lokale nieprezentowane w sieci. Atuty inwestycji:- Kameralne osiedle o nowoczesnej architekturze - Funkcjonalne układy mieszkań o zróżnicowanych metrażach - Duże przeszklenia zapewniające dobre doświetlenie wnętrz - Wysoki standard części wspólnych - Strefa dla mieszkańców (relaks / praca) - Siłownia i przestrzeń fitness - Sala zabaw dla dzieci oraz plac zabaw - Lokale usługowe na terenie osiedla - Garaż podziemny oraz miejsca naziemne - Monitoring i podwyższony standard bezpieczeństwa - Możliwość instalacji ładowarek do samochodów elektrycznych - Pełna dostępność (windy, brak barier architektonicznych) Lokalizacja i otoczenie:- Spokojna, zielona dzielnica - Bliskość terenów leśnych i rekreacyjnych - Idealne miejsce dla osób aktywnych oraz rodzin - Kameralne sąsiedztwo, z dala od miejskiego zgiełku Komunikacja i infrastruktura:- Szybki dojazd do centrum miasta - Dobry dostęp do głównych dróg - Rozwinięta infrastruktura w pobliżu (sklepy, szkoły, usługi) - Wygodne połączenie z innymi częściami miasta Filip Masłowski",,tak,,,,,50.208376,18.973749
Katowice,Śródmieście,3,52,629000,12096,Pośrednik,,7,https://adresowo.pl/o/mieszkanie-katowice-srodmiescie-3-pokojowe-52-m2-a2p7n9,https://s2.adresowa.pl/oi/52/67/40c64e_b02d_cover@2x-3-pokojowe-mieszkanie-katowice-srodmiescie.webp,Katowice Śródmieście,,6,2025,apartamentowiec,,"Na sprzedaż funkcjonalne mieszkanie o powierzchni 52m², położone w nowoczesnej inwestycji w centrum Katowic. Przemyślany układ obejmuje jasny salon z aneksem kuchennym, ustawną sypialnię, pokój, łazienkę oraz funkcjonalny korytarz. Rozkład pomieszczeń:- salon z aneksem kuchennym - sypialnia - pokój - łazienka - korytarz Jednym z największych atutów inwestycji jest jej znakomita lokalizacja. Kilkunastominutowy spacer pozwala dotrzeć na Katowicki Rynek – centrum miejskich wydarzeń kulturalnych, rozrywki i życia społecznego. Zaledwie 2 minuty jazdy dzielą mieszkańców od autostrady A4, zapewniającej szybki dojazd do głównych kierunków podróży krajowych i europejskich. W podobnym czasie można dotrzeć do Drogowej Trasy Średnicowej, umożliwiającej sprawne przemieszczanie się po Katowicach i całej aglomeracji. To doskonała propozycja dla singla, pary lub inwestora poszukującego nowoczesnej nieruchomości w dobrze skomunikowanej części Katowic, blisko centrum i terenów zielonych. Prezentowane mieszkanie to tylko jedna z wielu atrakcyjnych propozycji dostępnych w tej inwestycji. W sprzedaży znajdują się lokale o różnych metrażach, układach i liczbie pokoi, dzięki czemu mogę dopasować ofertę. Cena: 629 000 zł. Brak Prowizji! Brak podatku PCC! Współpraca ze mną to: - brak kosztów - profesjonalne doradztwo - wiele ofert dostępnych w jednym miejscu - jestem dostępny dla Państwa na każdym etapie transakcji - nasi eksperci finansowi mogą od razu dobrać Państwu najkorzystniejszy kredyt Zapraszam do kontaktu i umówienia prezentacji. Mieszkanie oferowane jest w stanie deweloperskim. Przedstawione wizualizacje mają charakter poglądowy i prezentują przykładową możliwość aranżacji wnętrza. Materiały wykorzystano we współpracy z Quality Investment. NOTUS Finanse S.A. występuje w charakterze pośrednika w obrocie nieruchomościami. Powyższa oferta ma charakter informacyjny i nie stanowi oferty handlowej w rozumieniu art. 66 § 1 Kodeksu cywilnego. Notus Finanse S.A.",,tak,aneks,plastikowe,,,50.257,19.017099
Katowice Śródmieście,ul. Barbary,2,45,320000,7111,bez pośredników,,9,https://adresowo.pl/o/mieszkanie-katowice-srodmiescie-ul-barbary-2-pokojowe-a7l5j1,https://s2.adresowa.pl/oi/36/2f/324a66_d2f7_cover@2x-2-pokojowe-mieszkanie-katowice-srodmiescie-ul-barbary.webp,Katowice Śródmieście,Barbary,parter,1970,kamienica,,"Mieszkanie składa się z 2 pokoi: pokój dzienny, sypialnia, kuchnia, łazienka (wyremontowana z kabiną prysznicową), przedpokoju. Mieszkanie po remoncie (parkiet, kafle, odmalowane ściany); wymienione wszystkie instalacje oraz okna; nowa kuchnia wraz ze sprzętem kuchennym (płyta, zlew z baterią, lodówka); ogrzewanie własne gazowe. W bliskim sąsiedztwie znajduje się: - sklep, - Akademia Wychowania Fizycznego, - przystanek autobusowy oraz tramwajowy. Przed kamienicą znajdują się miejsca parkingowe.",,,,,własność,Wyposażenie: lodówka,50.250999,19.006001
Katowice Załęska Hałda,ul. Władysława Orkana,2,55,595000,10818,bez pośredników,,17,https://adresowo.pl/o/mieszkanie-katowice-zaleska-halda-ul-wladyslawa-orkana-2-pokojowe-o9s0u5,https://s2.adresowa.pl/oi/7a/70/412634_9fc3_cover@2x-2-pokojowe-mieszkanie-katowice-zaleska-halda-ul-wladyslawa-orkana.webp,Katowice Załęska Hałda,Władysława Orkana,2,,apartamentowiec,,"Dzień dobry, Na sprzedaż oferuję komfortowe i funkcjonalne mieszkanie o powierzchni 55,45 m². Mieszkanie składa się z: - dwóch pokoi, - łazienki, - przestronnego balkonu o powierzchni 7,11 mkw. Lokal wyróżnia się praktycznym układem pomieszczeń, który zapewnia wygodę codziennego użytkowania i daje szerokie możliwości aranżacyjne. Wyposażenie mieszkania: - klimatyzacja, - kompletnie wyposażona kuchnia w dobrej jakości sprzęty AGD, - liczne zabudowy stolarskie w sypialni i w przedpokoju. Dodatkowo w przedpokoju wygospodarowane, zamknięte zabudową pomieszczenie gospodarcze. Apartament zlokalizowany jest od strony południowo-zachodniej (bez widoku na sąsiednie budynki). Położony na drugim piętrze w budynku z windą. Cicha i spokojna okolica. Teren zamykany i całodobowo strzeżony. Do mieszkania przynależne miejsce postojowe w garażu podziemnym, dodatkowo płatne w kwocie 55 tys. złotych. Obecnie mieszkanie jest wynajęte do dnia 31.10.26, przy czym istnieje możliwość wcześniejszego zakończenia umowy najmu. W przypadku zainteresowania mieszkanie będzie udostępnione do oględzin. Sprzedaż tylko i wyłącznie bezpośrednia, bez jakichkolwiek opłat. Serdecznie Państwa zapraszam do kontaktu w celu uzyskania wszelkich interesujących Państwa kwestii oraz ustalenia terminu prezentacji nieruchomości. Pośrednikom oraz agencjom nieruchomości dziękuję za zainteresowanie i proszę o niekontaktowanie się w sprawie oferty. Pozdrawiam",,tak,,plastikowe,własność,Wyposażenie: klimatyzacja,50.22961,18.988011
Katowice Załęże,ul. Juliusza Zarębskiego,1,31,239000,7710,bez pośredników,,8,https://adresowo.pl/o/mieszkanie-katowice-zaleze-ul-juliusza-zarebskiego-1-pokoj-k2b5x2,https://s2.adresowa.pl/oi/6e/26/412442_8ec7_cover@2x-1-pokojowe-mieszkanie-katowice-zaleze-ul-juliusza-zarebskiego.webp,Katowice Załęże,Juliusza Zarębskiego,parter,,kamienica,,"Witam. Na sprzedaż kawalerka o powierzchni 31,12 m² w Katowicach ul. Zarębskiego. Mieszkanie jest cały czas wynajmowane i nigdy nie było problemów z osobami chętnymi do wynajmu tego mieszkania. Sprzedam razem z meblami i wyposażeniem. Mieszkanie znajduje się na parterze kamienicy. Składa się: Z przedpokoju, oddzielnej kuchni, salonu i łazienki z WC. Stan lokalu oceniam jako dobry, było kupione pod wynajem i cały czas jest wynajmowane do tej pory. Cena: 239 tys. do rozsądnej negocjacji. Czynsz: Około 770 zł do wspólnoty mieszkaniowej (w tym zaliczka na wodę, fundusz remontowy). Ogrzewanie miejskie, ciepła woda z sieci. Pod kamienicą można bez problemu znaleźć miejsce parkingowe. Drzwi wejściowe z domofonem. Sąsiedzi - spoko. Lokalizacja: Bardzo wygodna i łatwa lokalizacja. Dojazd komunikacją do centrum Katowic 5-7 min. W pobliżu szkoła, przedszkole, sklepy spożywcze, supermarkety, kościół, przystanki tramwajowe. Oferta od właściciela prywatnego nieruchomości.",,tak,osobna,,,,50.263548,18.998306
Katowice os. Tysiąclecia,ul. Tysiąclecia,2,37,419000,11324,bez pośredników,,8,https://adresowo.pl/o/mieszkanie-katowice-os-tysiaclecia-ul-tysiaclecia-2-pokojowe-j8p5b5,https://s2.adresowa.pl/oi/6a/5f/41226e_e731_cover@2x-2-pokojowe-mieszkanie-katowice-os-tysiaclecia-ul-tysiaclecia.webp,Katowice os. Tysiąclecia,Tysiąclecia,6,1970,blok,,"Na sprzedaż 2-pokojowe mieszkanie o powierzchni 37,8 m², położone przy ul. Tysiąclecia w Katowicach, na osiedlu Tysiąclecia. Mieszkanie przeszło generalny remont w 2025 roku. Wymieniona została instalacja elektryczna, gazowa oraz wodno-kanalizacyjna. Całość została wykończona w neutralnym stylu, dzięki czemu mieszkanie można łatwo urządzić według własnego gustu. Mieszkanie znajduje się na 6 piętrze w 13-piętrowym budynku. Układ mieszkania: Na 37,8 m² znajdują się: • salon • sypialnia • kuchnia • łazienka z WC • przedpokój • balkon Kuchnia: Kuchnia pozostaje do własnej aranżacji. Wszystkie niezbędne przyłącza zostały już przygotowane, a układ zabudowy został zaplanowany tak, aby można było wygodnie urządzić ją według własnych potrzeb. Łazienka: Łazienka jest w pełni wykończona. Znajduje się w niej prysznic typu walk-in, WC oraz miejsce przygotowane pod pralkę. Woda podgrzewana jest piecykiem gazowym. Standard mieszkania: Generalny remont został wykonany w 2025 roku. W mieszkaniu wymieniono: • instalację elektryczną • instalację gazową • instalację wodno-kanalizacyjną Na podłogach znajdują się wysokiej jakości panele oraz kafelki. Zamontowane zostały drzwi marki DRE i Porta. Budynek i dodatkowe informacje: • piętro 6 z 13 • balkon • piwnica przynależna do mieszkania • centralne ogrzewanie • okna PCV • budynek po termomodernizacji • parking pod blokiem zabezpieczony szlabanem • mieszkanie dostępne od zaraz Stan prawny: Mieszkanie posiada księgę wieczystą i nie jest obciążone zadłużeniem. Jeden właściciel. Lokalizacja: Osiedle Tysiąclecia to dobrze skomunikowana część Katowic, z dostępem do sklepów, punktów usługowych, komunikacji miejskiej oraz terenów zielonych. Dużym atutem jest bliskość Parku Śląskiego, który zapewnia wiele możliwości spacerów i aktywnego spędzania czasu. Cena: Cena podlega niewielkiej negocjacji. Mieszkanie dostępne od zaraz. Ogłoszenie jest prywatne. Nie jestem zainteresowana współpracą z pośrednikami.",tak,,,plastikowe,własność,Wyposażenie: pralkę,50.278957,18.972461
Katowice,ul. Kazimiery Iłłakowiczówny,3,56,566100,10109,Pośrednik,,4,https://adresowo.pl/o/mieszkanie-katowice-ul-kazimiery-illakowiczowny-3-pokojowe-m7e2n2,https://s2.adresowa.pl/oi/5b/2e/40c648_57a6_cover@2x-3-pokojowe-mieszkanie-katowice-ul-kazimiery-illakowiczowny.webp,Katowice ,Kazimiery Iłłakowiczówny,parter,,apartamentowiec,,"Zamieszkaj bliżej centrum ale nadal żyj wygodnie z dala od zgiełku miasta. Są takie miejsca, w których po prostu dobrze się mieszka. Gdzie rano masz wszystko, czego potrzebujesz na wyciągnięcie ręki, a wieczorem możesz zwolnić i odpocząć od miejskiego zgiełku. Nowoczesna inwestycja, przemyślana przestrzeń i lokalizacja, która pozwala połączyć wygodę życia blisko centrum z dostępem do zieleni, komunikacji i miejskich atrakcji. To propozycja dla osób, które chcą połączyć nowoczesne budownictwo, wygodę codziennego życia i świetną lokalizację blisko centrum Katowic. Mieszkania posiadają balkony, loggie, tarasy lub prywatne ogródki, a w każdym budynku zaplanowano garaż podziemny, komórki lokatorskie, rowerownię oraz cichobieżne windy. Dużym atutem jest również zagospodarowana przestrzeń pomiędzy budynkami oraz strefa wypoczynkowa. Architektura części wspólnych nawiązuje stylistycznie do charakterystycznych detali śląskich kamienic. Dostępne lokale w różnych metrażach niepublikowanych na stronach. KOMFORT NA CO DZIEŃ:- Na terenie inwestycji przewidziano m.in.: - garaż podziemny - miejsca postojowe - komórki lokatorskie - rowerownię - cichobieżne windy - videodomofony - monitoring - balkony, loggie, tarasy lub ogródki - strefę wypoczynkową - lokale usługowe w ramach inwestycji LOKALIZACJA – JEDEN Z NAJWIĘKSZYCH ATUTÓW- 2 minuty – pętla tramwajowa - 2 minuty – Spodek - 3 minuty – centrum sportowe i fitness - 5 minut – Silesia City Center - 5 minut – sklep spożywczy - 6 minut – Park Wełnowiecki - 7 minut – szkoła podstawowa - 7 minut – Dworzec Główny PKP Katowice - 14 minut – Park Śląski To bardzo dobra propozycja zarówno dla osób szukających własnego mieszkania w Katowicach, jak i dla inwestorów. Bliskość centrum, Spodka, komunikacji tramwajowej, uczelni, biur, galerii handlowej oraz terenów rekreacyjnych daje szerokie możliwości wykorzystania mieszkania – od komfortowego lokum dla singla lub pary, po mieszkanie rodzinne czy nieruchomość przeznaczoną pod wynajem. To nie tylko piękne apartamenty, ale także wyjątkowa infrastruktura zaprojektowana z myślą o Twoim komforcie. Zapraszam do kontaktu -przygotuję ofertę na miarę Twoich oczekiwań. Filip Masłowski",,tak,,,,,50.273471,19.0205
Katowice,ul. Kazimiery Iłłakowiczówny,3,40,446300,11158,Pośrednik,,4,https://adresowo.pl/o/mieszkanie-katowice-ul-kazimiery-illakowiczowny-3-pokojowe-x7g2s6,https://s2.adresowa.pl/oi/72/65/40c644_6428_cover@2x-3-pokojowe-mieszkanie-katowice-ul-kazimiery-illakowiczowny.webp,Katowice ,Kazimiery Iłłakowiczówny,2,,apartamentowiec,,"Zamieszkaj bliżej centrum ale nadal żyj wygodnie z dala od zgiełku miasta. Są takie miejsca, w których po prostu dobrze się mieszka. Gdzie rano masz wszystko, czego potrzebujesz na wyciągnięcie ręki, a wieczorem możesz zwolnić i odpocząć od miejskiego zgiełku. Nowoczesna inwestycja, przemyślana przestrzeń i lokalizacja, która pozwala połączyć wygodę życia blisko centrum z dostępem do zieleni, komunikacji i miejskich atrakcji. To propozycja dla osób, które chcą połączyć nowoczesne budownictwo, wygodę codziennego życia i świetną lokalizację blisko centrum Katowic. Mieszkania posiadają balkony, loggie, tarasy lub prywatne ogródki, a w każdym budynku zaplanowano garaż podziemny, komórki lokatorskie, rowerownię oraz cichobieżne windy. Dużym atutem jest również zagospodarowana przestrzeń pomiędzy budynkami oraz strefa wypoczynkowa. Architektura części wspólnych nawiązuje stylistycznie do charakterystycznych detali śląskich kamienic. Dostępne lokale w różnych metrażach niepublikowanych na stronach. KOMFORT NA CO DZIEŃ:- Na terenie inwestycji przewidziano m.in.: - garaż podziemny - miejsca postojowe - komórki lokatorskie - rowerownię - cichobieżne windy - videodomofony - monitoring - balkony, loggie, tarasy lub ogródki - strefę wypoczynkową - lokale usługowe w ramach inwestycji LOKALIZACJA – JEDEN Z NAJWIĘKSZYCH ATUTÓW- 2 minuty – pętla tramwajowa - 2 minuty – Spodek - 3 minuty – centrum sportowe i fitness - 5 minut – Silesia City Center - 5 minut – sklep spożywczy - 6 minut – Park Wełnowiecki - 7 minut – szkoła podstawowa - 7 minut – Dworzec Główny PKP Katowice - 14 minut – Park Śląski To bardzo dobra propozycja zarówno dla osób szukających własnego mieszkania w Katowicach, jak i dla inwestorów. Bliskość centrum, Spodka, komunikacji tramwajowej, uczelni, biur, galerii handlowej oraz terenów rekreacyjnych daje szerokie możliwości wykorzystania mieszkania – od komfortowego lokum dla singla lub pary, po mieszkanie rodzinne czy nieruchomość przeznaczoną pod wynajem. To nie tylko piękne apartamenty, ale także wyjątkowa infrastruktura zaprojektowana z myślą o Twoim komforcie. Zapraszam do kontaktu -przygotuję ofertę na miarę Twoich oczekiwań. Filip Masłowski",,tak,,,,,50.273471,19.0205
Katowice Panewniki,ul. Panewnicka,3,61,620000,10164,bez pośredników,,11,https://adresowo.pl/o/mieszkanie-katowice-panewniki-ul-panewnicka-3-pokojowe-o8k0p0,https://s2.adresowa.pl/oi/1d/42/4121ba_2fd3_cover@2x-3-pokojowe-mieszkanie-katowice-panewniki-ul-panewnicka.webp,Katowice Panewniki,Panewnicka,3,1985,blok,,"Na sprzedaż funkcjonalne 3-pokojowe mieszkanie z oddzielną kuchnią, łazienką i WC o powierzchni 61,40 m² z balkonem i piwnicą, położone na 3 (ostatnim) piętrze w bloku z lat 80. Mieszkanie do zamieszkania (ew. odświeżenia) Instalacje: - elektryczna w miedzi w b.dobrym stanie (nowa w kuchni i łazience) - wodna wymieniona w 2025r. - gazowa częściowo wymieniona (łazienka) Ściany i podłogi w dobrym stanie, łazienka i WC osobno (po remoncie w 2025r.), kuchnia w zabudowie, drzwi wymienione skrzydła, wszędzie panele na podłogach, na ścianach gładzie lub tapeta (duży pokój i kuchnia). Szczegóły mieszkania: Powierzchnia: 61,40 m² Układ: 3 niezależne pokoje, osobna kuchnia, łazienka, WC Piętro: 3 z 3 Balkon Piwnica Ogrzewanie: miejskie Woda: Junkers (nowy z 2025r) Czynsz z wodą i ogrzewaniem ok. 1200zł Na wyposażeniu: zmywarka, piekarnik, kuchenka gazowa, szafa rozsuwana w przedpokoju, szafa narożna, meblościanka RTV, Lokalizacja i okolica: Mieszkanie znajduje się w spokojnej, zielonej części Ligoty-Panewniki - dookoła Las, blisko sklepy, przedszkola, szkoły, dobra komunikacja miejska.",tak,,osobna,plastikowe,spółdzielcze własnościowe,"Wyposażenie: kuchenka, piekarnik, tv, zmywarka",50.22878,18.93528
Katowice,ul. Bażantów,2,42,529000,12595,bez pośredników,,16,https://adresowo.pl/o/mieszkanie-katowice-ul-bazantow-2-pokojowe-w9b8k3,https://s2.adresowa.pl/oi/19/40/41218c_9111_cover@2x-2-pokojowe-mieszkanie-katowice-ul-bazantow.webp,Katowice ,Bażantów,5,2021,blok,,"2 pokoje | 42 m² | balkon | garaż | Bażantowo Cena mieszkania: 529 000 zł Do sprzedaży funkcjonalne, 2-pokojowe mieszkanie o powierzchni 42m², położone na 5 piętrze nowoczesnego budynku przy ul. Bażantów 26 w Katowicach, na Osiedlu Bażantowo z widokiem w kierunku lasu. Budynek został oddany do użytkowania w 2021 roku. Mieszkanie składa się z salonu z aneksem kuchennym, przedpokoju, niezależnej sypialni oraz łazienki. Do dyspozycji właściciela jest również balkon (4m2). Podłoga wyłożona drewnianym parkietem, wszystkie zabudowy meblowe wykonane na wymiar przez stolarza z wysokiej jakości materiałów, bardzo dobry sprzęt AGD i RTV. W łazience pralka i suszarka, w zabudowie meblowej ukryta szuflada na pranie. Zabudowa meblowa od strony drzwi wejściowych ma miejsce do przechowywania z półkami oraz haczykami. Całe mieszkanie było zaprojektowane przez architekta wnętrz dzięki czemu jest bardzo dużo miejsca do przechowywania. Mieszkanie sprzedawane jest z całym pokazanym na zdjęciach wyposażeniem (bez dekoracji). Do mieszkania przypisane jest konkretne, wydzielone miejsce postojowe, znajdujące się na poziomie -1 garażu podziemnego. Miejsce jest wyjątkowe, ponieważ jako jedyne w hali jest wydzielone od innych. Na ścianie jest zamontowany hak na powieszenie rowerów. Na miejscu bez problemu mieści się samochód SUV KIA Stinger. Cena miejsca postojowego jest uwzględniona w kwocie. Budynek jest wyposażony w windę. Na terenie osiedla znajduje się również ogólnodostępny parking naziemny, a w najbliższym otoczeniu dostępna jest rozwinięta infrastruktura handlowo-usługowa. Osiedle jest zamykane szlabanem. Najważniejsze informacje: - cena mieszkania: 529 000 zł - powierzchnia: 42 m² - 2 pokoje: salon z aneksem kuchennym + niezależna sypialnia - piętro: 5 - balkon 4m2 - osobne miejsce postojowe w garażu podziemnym - winda - rok budowy: 2021 - odrębna własność z księgą wieczystą - Dostępne od zaraz.",,tak,aneks,plastikowe,własność,"Wyposażenie: pralka, suszarka, tv",50.200923,18.986716
Katowice,ul. Kępowa,2,46,640000,13913,bez pośredników,,14,https://adresowo.pl/o/mieszkanie-katowice-ul-kepowa-2-pokojowe-o5w6e9,https://s2.adresowa.pl/oi/59/79/41207e_9933_cover@2x-2-pokojowe-mieszkanie-katowice-ul-kepowa.webp,Katowice ,Kępowa,2,2019,apartamentowiec,,"Na sprzedaż jasne, funkcjonalne mieszkanie o powierzchni ok. 46,5 m², położone przy ul. Kępowej 46 w Katowicach-Brynowie. Lokal znajduje się na 1 piętrze niskiego, trzypiętrowego budynku z 2019 roku. Oferta bezpośrednio od właściciela - kupujący nie płaci prowizji. Niewielkie, zamknięte osiedle Jednym z największych atutów nieruchomości jest wyjątkowy charakter osiedla. Cała inwestycja liczy zaledwie około 60 mieszkań, natomiast w budynku, w którym znajduje się oferowany lokal, mieści się tylko 11 mieszkań. Niska zabudowa, niewielka liczba mieszkań oraz zamknięty teren zapewniają większą prywatność i spokój. Osiedle jest nowoczesne, zadbane i otoczone głównie niską zabudową jednorodzinną. To propozycja dla osób, które chcą mieszkać blisko centrum Katowic, ale jednocześnie uniknąć dużych, gęsto zabudowanych, głośnych osiedli. Mieszkanie Lokal ma powierzchnię ok. 46,5 m², do której nie jest wliczony balkon o powierzchni około 3 m². Mieszkanie składa się z: - przestronnego i dobrze doświetlonego salonu z wyjściem na balkon, - otwartej kuchni połączonej z częścią dzienną, - sypialni z wydzieloną garderobą, - łazienki, - przedpokoju z miejscem do przechowywania. Południowa ekspozycja sprawia, że mieszkanie jest słoneczne i dobrze doświetlone przez większą część dnia. Funkcjonalny układ pozwala wygodnie wykorzystać dostępną przestrzeń. Lokal jest zadbany i sprzedawany z wyposażeniem, dzięki czemu można wprowadzić się bez konieczności ponoszenia dużych dodatkowych kosztów. Lokalizacja Nieruchomość znajduje się w bardzo dobrej części Katowic - na Brynowie, w spokojnym otoczeniu niskiej zabudowy jednorodzinnej. W pobliżu znajdują się tereny zielone, rekreacyjne i spacerowe. Do Parku Kościuszki można dotrzeć w około 5-10 minut spacerem. To lokalizacja pozwalająca połączyć wygodę życia w mieście z łatwym dostępem do zieleni i miejsc aktywnego wypoczynku. W najbliższej okolicy dostępne są: - sklepy, w tym Biedronka i Kaufland, - punkty usługowe, - siłownia, - przychodnie i apteki, - szkoły i przedszkola, - tereny spacerowe i rekreacyjne. Osiedle jest dobrze skomunikowane z centrum Katowic - zarówno samochodem, jak i komunikacją miejską. Dodatkowym atutem jest szybki wyjazd na autostradę A4 oraz dogodne połączenie z innymi miastami aglomeracji. Miejsce postojowe Do mieszkania przypisane jest dedykowane zewnętrzne miejsce postojowe znajdujące się na zamkniętym terenie osiedla. Wjazd odbywa się przez bramę sterowaną pilotem. Cena miejsca postojowego: 20 000 zł. Koszty i warunki sprzedaży - cena mieszkania: 640 000 zł, - cena miejsca postojowego: 20 000 zł, - czynsz administracyjny: około 900 zł miesięcznie, - sprzedaż bezpośrednio od właściciela, - kupujący nie płaci prowizji. Czynsz obejmuje między innymi ogrzewanie, wodę, odbiór odpadów oraz utrzymanie części wspólnych. Zapraszam do kontaktu i umówienia prezentacji mieszkania. Niniejsze ogłoszenie ma charakter informacyjny i nie stanowi oferty handlowej w rozumieniu art. 66 § 1 Kodeksu cywilnego.",,tak,aneks,plastikowe,własność,,50.236859,18.991307
Katowice,ul. Starowiejska,2,33,354000,10727,Pośrednik,,6,https://adresowo.pl/o/mieszkanie-katowice-ul-starowiejska-2-pokojowe-c8k7o9,https://s2.adresowa.pl/oi/27/49/40b64a_5eae_cover@2x-2-pokojowe-mieszkanie-katowice-ul-starowiejska.webp,Katowice ,Starowiejska,3,,kamienica,,"OGLOSZENIE BIURA SPRZEDAŻY Nowe, wyposażone mieszkania na sprzedaż w pięknej, odrestaurowanej kamienicy w ścisłym centrum. Top lokalizacja do zamieszkania i pod inwestycję. Starowiejska 2 - prestiżowy, adres z historią w nowoczesnej odsłonie. GOTOWIEC INWESTYCYJNY; WYSOKA STOPA ZWROTU ZE WZGLĘDU NA DWA POKOJE NA MAŁYM METRAŻU W TOP LOKALIZACJI Szukasz większego/mniejszego miezkania? mamy również inne mieszkania w tym budynku a także w innych lokalizacjach w Śródmieściu Katowic. Skontaktuj się ze mną po więcej szczegółów W CENIE PODANEJ W OGŁOSZENIU OTRZYMUJESZ NOWE, WYKOŃCZONE POD KLUCZ MIESZKANIE WYKOŃCZONE W WYSOKIM STANDARDZIE I WYPOSAŻONE.GOTOWE DO ZAMIESZKANIA. INFORMACJE O MIESZKANIU: -UKŁAD: mieszkanie składa się z: salonu z aneksem kuchennym, sypialni, łazienki z kabiną prysznicową oraz przedpokoju Możliwość dokupienia komórki lokatorskiej/piwnicy STANDARD: -Mieszkania: wykończone w wysokim standardzie I w pełni wyposażone (kuchnia na wymiar wykonana przez stolarza + AGD, meble ruchome itd.) Budynek: Mieszkanie znajduje się w pięknie odrestaurowanej, zabytkowej kamienicy przy ul. Starowiejskiej 2 w Katowicach, która przeszła kompleksową rewitalizację pod ścisłym nadzorem konserwatora zabytków. Dzięki temu udało się zachować jej niepowtarzalny, historyczny charakter, jednocześnie nadając budynkowi nowoczesny standard odpowiadający oczekiwaniom współczesnych mieszkańców. Rewitalizacja budynku: Rewitalizacja objęła cały budynek: od wymiany wszystkich instalacji, przez odnowienie części wspólnych, elewacji i klatek schodowych, aż po stworzenie całkowicie nowych, funkcjonalnych mieszkań. To idealne połączenie klimatu zabytkowej architektury z komfortem nowoczesnego budownictwa miejsce, w którym historia spotyka się z najwyższą jakością wykonania. TOP LOKALIZACJA INWESTYCYJNA ZARÓWNO POD NAJEM DŁUGOTERMINOWY JAK I KRÓTKOTERMINOWY: W najbliższej odległości pełna infrastruktura, dobra komunikacja (tramwaje, autobusy, dworzec PKP i PKS) oraz niezbętne punkty usługowe. Ponadto w pobliżu znajdują się: -Rynek Główny: 2 min pieszo -Galeria Katowicka: 5 minut pieszo -Strefa Kultury (NOSPR, MCK, Muzeum Śląskie): 15 minut pieszo Kupujesz mieszkanie pod najem? Możliwość obsługi najmu w promocyjnej cenie - zadzwoń i zapytaj o szczegóły! Finansujesz mieszkanie kredytem? Nasz doradca finansowy NIEODPŁATNIE znajdzie dla Ciebie odpowiednią ofertę i pomoże w przejściu przez procedurę kredytową W razie pytań zapraszam do kontaktu: WE SPEAK ENGLISH (YOU CAN ALSO CONTACT ON WHATSAPP) Martyna Jagielska email: tel. Treść niniejszego ogłoszenia nie stanowi oferty handlowej w rozumieniu Kodeksu Cywilnego.",,,,,własność,,50.25804,19.02749
Katowice os. Witosa,ul. Obroki,2,45,359000,7978,Pośrednik,,7,https://adresowo.pl/o/mieszkanie-katowice-os-witosa-ul-obroki-2-pokojowe-c3j8y9,https://s2.adresowa.pl/oi/13/46/40af66_3844_cover@2x-2-pokojowe-mieszkanie-katowice-os-witosa-ul-obroki.webp,Katowice os. Witosa,Obroki,1,1965,blok,,"Katowice os. Witosa ul. Obroki - 45 m2 // 2 pokoje + balkon WE SPEAK ENGLISH Zapraszamy do zapoznania się z ofertą nieruchomości zlokalizowanej na katowickim osiedlu Witosa przy ul. Obroki. Rozkładowe 2 pokojowe mieszkanie o powierzchni 45 m2 znajduje się na 1 piętrze w 4 piętrowym bloku. W SKŁAD MIESZKANIA WCHODZĄ: - salon z wyjściem na balkon i widokiem na zielony skwerek - sypialnia - przestronna, widna kuchnia - przedpokój - łazienka z wc Dodatkowo do mieszkania przynależy piwnica SZCZEGÓŁY OFERTY: - Mieszkanie z założoną Księgą Wieczystą - Możliwość zakupu na kredyt! - Remontowane w 2020 roku - obecnie do odświeżenia/remontu - Centralne Ogrzewanie - Ciepła woda z piecyka gazowego - Okna PCV - Na podłogach panele - Blok po termomodernizacji - Czynsz: ok. 750zł z zaliczkami min. na CO, wodę, fundusz remontowy/ 1 os. - Zarządzane przez wspólnotę UWAGA: Dla wszystkich naszych klientów którzy zdecydują się na zakup nieruchomości mamy prezent w postaci karty rabatowej firmy Bel-Pol LOKALIZACJA Jedna z najbardziej poszukiwanych lokalizacji- Osiedle Witosa, posiada dobrze rozwiniętą infrastrukturę znajdują się tu sklepy spożywcze, punkty usługowe, apteki, szkoły oraz placówki medyczne. W odległości 2 minut pieszo przystanek autobusowy, dojazd do centrum zajmuje ok. 20 min. W sąsiedztwie las i staw Kozubek. Bardzo dobry dojazd do TDŚ oraz A4. Nie czekaj, zainwestuj w swoje przyszłe miejsce na ziemi już dziś! Zadzwoń i umów się na prezentację mieszkania, aby przekonać się o jego atutach na własne oczy. To oferta, która nie może umknąć Twojej uwadze! MOGĄ PAŃSTWO LICZYĆ NA: - bezpłatną konsultację z niezależnym doradcą kredytowym; - bezpieczeństwo transakcji; - pomoc w załatwieniu formalności i skompletowaniu dokumentów niezbędnych do transakcji; - współpracę z najlepszymi notariuszami. Nasza firma specjalizuje się w kompleksowej obsłudze zarówno Polaków jak i obcokrajowców. Jesteśmy z Państwem na każdym etapie procesu zakupu, sprzedaży czy wynajmu nieruchomości począwszy od wyboru oferty i jej prezentacji po finalizację transakcji i przekazanie nieruchomości nowym właścicielom. KREDYT Niezależni doradcy kredytowi, z którymi współpracujemy pomagają we wszelkich formalnościach związanych z uzyskaniem kredytu na zakup nieruchomości. Bezpłatna konsultacja, sprawdzenie zdolności, przedstawienie najkorzystniejszych opcji spośród ofert różnych banków. Przeprowadzimy cały proces realizacji kredytu i zakupu nieruchomości. Zapraszamy do kontaktu! Treść niniejszego ogłoszenia nie stanowi oferty handlowej w rozumieniu Kodeksu Cywilnego.",,,,,własność,,50.26739,18.96606
Katowice Dąb,ul. Błękitna,3,46,360000,7826,bez pośredników,,8,https://adresowo.pl/o/mieszkanie-katowice-dab-ul-blekitna-3-pokojowe-y2r9z0,https://s2.adresowa.pl/oi/7b/7e/412062_eba0_cover@2x-3-pokojowe-mieszkanie-katowice-dab-ul-blekitna.webp,Katowice Dąb,Błękitna,2,,blok,,"3 pokoje, rynek wtórny, pełna własność, do zamieszkania/odświeżenia/remontu. Budynek ocieplony, okna PCV, piwnica. Katowice, ul. Błękitna. Zielona, zaciszna okolica, tuż przy Silesia City Center. W pobliżu sklepy, przedszkole, szkoła, ośrodek zdrowia, przystanek komunikacji miejskiej. Blisko centrum, Parku Śląskiego. Media i czynsz: Czynsz wraz z opłatami (SM): ok. 745 zł/msc (czynsz zawiera: woda, c.o., fundusz remontowy, eksploatacja budynku, śmieci, opłata za wodomierze). Podgrzanie wody: piecyk gazowy Ariston 2024. Ogrzewanie: miejskie (opomiarowane - co roku zwroty). Gaz ziemny | Prąd | Kanalizacja. Internet (światłowodowy) / TV kablowa: Orange, T-mobile, Play, RFC. Widna kuchnia | Parking: naziemny przy budynku. Nieruchomość w dobrym stanie technicznym, którą urządzisz tak jak sobie życzysz.",tak,,,plastikowe,własność,"Wyposażenie: internet, tv",50.272846,19.010561
Katowice,Zawodzie,3,53,599000,11302,bez pośredników,,8,https://adresowo.pl/o/mieszkanie-katowice-zawodzie-3-pokojowe-53-m2-p0d0i5,https://s2.adresowa.pl/oi/75/58/411f22_4e95_cover@2x-3-pokojowe-mieszkanie-katowice-zawodzie.webp,Katowice Zawodzie,,20,,blok,,"PREMIUM | 3 pokoje | 53 m² | 20. piętro | Widok na Beskidy | Po remoncie | Wchodzisz i mieszkasz Na sprzedaż nowo wyremontowane 3-pokojowe mieszkanie o powierzchni 53 m², położone na 20. piętrze Osiedla Gwiazdy w Katowicach. Mieszkanie zostało wykończone w najwyższym standardzie, z dbałością o detale i jakość zastosowanych materiałów. Link do filmu pod strona dewelopera. Największe atuty: 20. piętro i wyjątkowy, panoramiczny widok na Beskidy 53 m² | 3 pokoje osobna kuchnia nowoczesna łazienka i osobne WC komórka lokatorska To propozycja dla osób, które szukają gotowego, nowoczesnego mieszkania bez konieczności przeprowadzania remontu, a jednocześnie zależy im na dobrej lokalizacji i wyjątkowym widoku. Osiedle Gwiazdy - świetna lokalizacja W pobliżu znajdują się Uniwersytet Śląski, Uniwersytet Ekonomiczny, Strefa Kultury (NOSPR, MCK, Muzeum Śląskie), sklepy, restauracje, tereny rekreacyjne oraz komunikacja miejska. Dogodny dojazd do centrum Katowic, DTŚ i A4. Połączenie wysokiego standardu, 20. piętra i widoku na Beskidy sprawia, że jest to mieszkanie naprawdę wyjątkowe. Sprzedaż bezpośrednio od właściciela. Zapraszam do kontaktu i obejrzenia mieszkania.",tak,,osobna,,,,50.259998,19.052999
Katowice Muchowiec,ul. gen. Józefa Sowińskiego,2,42,349000,8310,bez pośredników,,8,https://adresowo.pl/o/mieszkanie-katowice-muchowiec-ul-gen-jozefa-sowinskiego-2-pokojowe-i3z6v2,https://s2.adresowa.pl/oi/71/19/411d70_3212_cover@2x-2-pokojowe-mieszkanie-katowice-muchowiec-ul-gen-jozefa-sowinskiego.webp,Katowice Muchowiec,gen. Józefa Sowińskiego,9,,blok,,"Mieszkanie 2 pokoje z balkonem | 3 Stawy | Paderewskiego | do remontu Na sprzedaż 2-pokojowe mieszkanie o powierzchni 42,91 m² wraz z balkonem i piwnicą, położone przy ul. Sowińskiego na osiedlu Paderewskiego w Katowicach. Mieszkanie znajduje się na 9. piętrze z windą. Lokal jest do remontu, co daje możliwość urządzenia go według własnej aranżacji. Najważniejsze informacje: * powierzchnia: 42,91 m² * 2 pokoje * 9. piętro * balkon * piwnica * blok ocieplony * parking przed blokiem * zielona okolica * blisko Doliny Trzech Stawów * dobra komunikacja miejska * dobra lokalizacja zarówno do zamieszkania, jak i pod wynajem Dużym atutem mieszkania jest położenie na osiedlu Paderewskiego - w otoczeniu zieleni, a jednocześnie z dogodnym dostępem do centrum Katowic. W pobliżu znajdują się tereny spacerowe i rekreacyjne, sklepy, punkty usługowe oraz komunikacja miejska. Wyposażenie: * pralka * lodówka * kuchenka gazowa * Piecyg gazowy do podgrzewania wody * meble mogą pozostać w mieszkaniu lub zostać usunięte przed sprzedażą Sprzedaż bezpośrednio przez osobę prywatną. Certyfikat energetyczny w trakcie realizacji. Zapraszam do kontaktu. Marta",tak,,,,,"Wyposażenie: kuchenka, lodówka, pralka",50.246126,19.032053
Katowice Śródmieście,ul. Starowiejska 2,2,31,365000,11774,Pośrednik,,8,https://adresowo.pl/o/mieszkanie-katowice-srodmiescie-ul-starowiejska-2-pokojowe-g3e8u4,https://s2.adresowa.pl/oi/27/2b/40a4c6_9d82_cover@2x-2-pokojowe-mieszkanie-katowice-srodmiescie-ul-starowiejska.webp,Katowice Śródmieście,Starowiejska 2,4,,kamienica,,"Nowe, wyposażone mieszkania na sprzedaż w pięknej, odrestaurowanej kamienicy w ścisłym centrum. Top lokalizacja do zamieszkania i pod inwestycję. Starowiejska 2 - prestiżowy, adres z historią w nowoczesnej odsłonie. W CENIE PODANEJ W OGŁOSZENIU OTRZYMUJESZ NOWE, WYKOŃCZONE POD KLUCZ MIESZKANIE WYKOŃCZONE W WYSOKIM STANDARDZIE I WYPOSAŻONE.GOTOWE DO ZAMIESZKANIA. INFORMACJE O MIESZKANIU: -UKŁAD: mieszkanie składa się z: salonu z aneksem kuchennym, sypialni, łazienki z kabiną prysznicową oraz przedpokoju Możliwość dokupienia komórki lokatorskiej/piwnicy STANDARD: -Mieszkania: wykończone w wysokim standardzie I w pełni wyposażone (kuchnia na wymiar wykonana przez stolarza + AGD, meble ruchome itd.) -Budynek: Mieszkanie znajduje się w pięknie odrestaurowanej, zabytkowej kamienicy w Katowicach, która przeszła kompleksową rewitalizację pod ścisłym nadzorem konserwatora zabytków. Dzięki temu udało się zachować jej niepowtarzalny, historyczny charakter, jednocześnie nadając budynkowi nowoczesny standard odpowiadający oczekiwaniom współczesnych mieszkańców. Rewitalizacja budynku: Rewitalizacja objęła cały budynek: od wymiany wszystkich instalacji, przez odnowienie części wspólnych, elewacji i klatek schodowych, aż po stworzenie całkowicie nowych, funkcjonalnych mieszkań. To idealne połączenie klimatu zabytkowej architektury z komfortem nowoczesnego budownictwa miejsce, w którym historia spotyka się z najwyższą jakością wykonania. TOP LOKALIZACJA INWESTYCYJNA ZARÓWNO POD NAJEM DŁUGOTERMINOWY JAK I KRÓTKOTERMINOWY: W najbliższej odległości pełna infrastruktura, dobra komunikacja (tramwaje, autobusy, dworzec PKP i PKS) oraz niezbętne punkty usługowe. Ponadto w pobliżu znajdują się: -Rynek Główny: 2 min pieszo -Galeria Katowicka: 5 minut pieszo -Strefa Kultury (NOSPR, MCK, Muzeum Śląskie): 15 minut pieszo Kupujesz mieszkanie pod najem? Możliwość obsługi najmu w promocyjnej cenie - zadzwoń i zapytaj o szczegóły! Finansujesz mieszkanie kredytem? Nasz doradca finansowy NIEODPŁATNIE znajdzie dla Ciebie odpowiednią ofertę i pomoże w przejściu przez procedurę kredytową Treść niniejszego ogłoszenia nie stanowi oferty handlowej w rozumieniu Kodeksu Cywilnego.",,,,,własność,,50.25805,19.02018
Katowice Józefowiec,ul. Słoneczna,2,51,449000,8804,Pośrednik,,6,https://adresowo.pl/o/mieszkanie-katowice-jozefowiec-ul-sloneczna-2-pokojowe-m0a6k0,https://s2.adresowa.pl/oi/24/15/40a22c_608e_cover@2x-2-pokojowe-mieszkanie-katowice-jozefowiec-ul-sloneczna.webp,Katowice Józefowiec,Słoneczna,parter,1976,blok,,"Katowice Wełnowiec / Józefowiec ul. Słoneczna - 2 pokoje // 51 m2 + balkon // PARKING Blisko Centrum! Możliwość zakupu na kredyt! Oferujemy na sprzedaż mieszkanie po generalnym remoncie na katowickim Józefowcu przy ul. Słonecznej. Mieszkanie znajduje się na parterze w 4 piętrowym bloku po termomodernizacji. MIESZKANIE SKŁADA SIĘ Z: - salonu z wyjściem na balkon - sypialni - przestronnej kuchni z miejscem na jadalnię - łazienki z wc - przedpokoju + balkonu DODATKOWO Do mieszkania przynależy piwnica. Parking tylko dla mieszkańców zamykany szlabanem. STANDARD / INFORMACJE DODATKOWE Możliwość zakupu na kredyt Jasne i ustawne, Możliwość pozostawienia mebli oraz sprzętu AGD (obecnie wyniesione na czas remontu) Czynsz: ok. 1000zł z zaliczkami min, na CO, wodę, śmieci/ 2 osoby Wymienione instalacje elektryczna, wodna oraz piony Okna PCV, Ogrzewanie miejskie Woda podgrzewana piecykiem gazowym Duży, przeszklony balkon po renowacji Zarządzane przez spółdzielnię Górnik LOKALIZACJA: Bardzo atrakcyjnie zmodernizowane i zagospodarowane osiedle. Na osiedlu pełna infrastruktura handlowo-usługowa (sklepy, szkoły, żłobek, przedszkola, przychodnie, place zabaw). Blisko Silesia City Center i Park Śląski. Bardzo dobra komunikacja z centrum Katowic. 20 minut spacerem do Spodka, NOSPR, Katowickiej Strefy Kultury. Skontaktuj się z nami i umów się na bezpłatną prezentację mieszkania. Pamiętaj, że ceny nieruchomości w większości przypadków podlegają negocjacji. Zapraszamy do kontaktu! Treść niniejszego ogłoszenia nie stanowi oferty handlowej w rozumieniu Kodeksu Cywilnego.",,,,,własność,,50.27576,19.012
Katowice Wełnowiec,ul. Bytkowska,3,54,540000,10000,bez pośredników,,8,https://adresowo.pl/o/mieszkanie-katowice-welnowiec-ul-bytkowska-3-pokojowe-e0w3r6,https://s2.adresowa.pl/oi/42/47/411c84_cca2_cover@2x-3-pokojowe-mieszkanie-katowice-welnowiec-ul-bytkowska.webp,Katowice Wełnowiec,Bytkowska,3,2023,blok,,"Na sprzedaż oferuję zadbane i w pełni wyposażone mieszkanie o powierzchni 54 m², położone przy ul. Bytkowskiej w Katowicach (Wełnowiec). Do mieszkania przynależy duża piwnica o powierzchni 6 m². To propozycja dla osób, które szukają gotowego do zamieszkania mieszkania w jednej z najbardziej zielonych części Katowic - Park Śląski zaczyna się praktycznie obok bloku. Najważniejsze atuty: - 54 m² + piwnica 6 m² - 3. piętro w 4-piętrowym, ocieplonym budynku z cegły - salon z aneksem kuchennym i wyjściem na balkon - pełna własność z księgą wieczystą - ogrzewanie miejskie - wspólnota mieszkaniowa - rowerownia i suszarnia w budynku - liczne miejsca parkingowe pod blokiem (planowany montaż szlabanu) - mieszkanie sprzedawane z wyposażeniem Rozkład pomieszczeń: - przestronny salon z aneksem kuchennym, - sypialnia z pojemną szafą IKEA PAX (2 m), - pokój dziecięcy z szafą, komodą, - łazienka z kabiną typu walk-in, - przedpokój z bardzo dużą, praktyczną szafą. Wyposażenie: W cenie pozostaje większość wyposażenia widocznego na zdjęciach, m.in. zabudowa kuchenna wraz ze sprzętem AGD (lodówka, zmywarka, piekarnik, pralka oraz trójfazowa płyta indukcyjna), a także wybrane meble, dzięki czemu mieszkanie jest gotowe do wprowadzenia. Lokalizacja: Jednym z największych atutów jest położenie. Z okien rozciąga się otwarty widok na wschodni horyzont, dzięki czemu każdego ranka można podziwiać piękne wschody słońca. W bezpośrednim sąsiedztwie znajdują się Park Śląski, ścieżki rowerowe, sklepy, szkoły, przedszkola oraz przystanki komunikacji miejskiej, zapewniające szybki dojazd do centrum Katowic i miast ościennych. Zapraszam do kontaktu i umówienia się na prezentację.",tak,,aneks,,własność,"Wyposażenie: lodówka, piekarnik, pralka, zmywarka",50.288226,19.00632
Katowice,Załęże,2,35,269000,7686,bez pośredników,,8,https://adresowo.pl/o/mieszkanie-katowice-zaleze-2-pokojowe-35-m2-x4m1v7,https://s2.adresowa.pl/oi/5d/11/411a96_79d0_cover@2x-2-pokojowe-mieszkanie-katowice-zaleze.webp,Katowice Załęże,,4,,blok,,"Mieszkanie z potencjałem - stwórz wnętrze dokładnie według własnego pomysłu. Na sprzedaż 2-pokojowe mieszkanie o powierzchni 35,83 m², położone na 4. piętrze w 4-piętrowym budynku bez windy. Mieszkanie jest przeznaczone do remontu, dzięki czemu nowy właściciel ma możliwość stworzenia wnętrza od podstaw i zaaranżowania go zgodnie z własnym stylem, potrzebami i oczekiwaniami. To ciekawa propozycja zarówno dla osób szukających własnego mieszkania, jak i dla inwestorów. Funkcjonalny układ Mieszkanie składa się z: * dwóch pokoi, * oddzielnej kuchni, * łazienki z WC, * przedpokoju. Do mieszkania przysługuje również prawo do korzystania z piwnicy, zapewniającej dodatkową przestrzeń do przechowywania. Stwórz mieszkanie po swojemu Nieruchomość daje dużą swobodę aranżacyjną. Stan mieszkania pozwala zaplanować remont według własnych potrzeb, bez konieczności dostosowywania się do wcześniejszej aranżacji. Możesz stworzyć nowoczesne, funkcjonalne wnętrze dopasowane do własnego stylu lub przygotować mieszkanie z myślą o wynajmie. Zielona okolica i Park Śląski Jednym z największych atutów nieruchomości jest lokalizacja w zielonej okolicy, w pobliżu Parku Śląskiego. To doskonałe miejsce dla osób, które chcą mieć dostęp do terenów rekreacyjnych, spacerowych i rowerowych, a jednocześnie korzystać z miejskiej infrastruktury. W pobliżu znajdują się również sklepy, punkty usługowe oraz przystanek komunikacji miejskiej. Dogodna komunikacja Lokalizacja zapewnia sprawny dostęp do komunikacji miejskiej oraz wygodny dojazd do okolicznych miejscowości, m.in. Chorzowa i Gliwic. Jeśli szukasz mieszkania, które możesz urządzić dokładnie tak, jak chcesz - ta nieruchomość daje Ci taką możliwość. Zapraszam do kontaktu w celu uzyskania szczegółowych informacji oraz umówienia prezentacji.",tak,,osobna,,,,50.265435,18.988001
Katowice os. Tysiąclecia,ul. Tysiąclecia,2,38,310000,8158,bez pośredników,,8,https://adresowo.pl/o/mieszkanie-katowice-os-tysiaclecia-ul-tysiaclecia-2-pokojowe-s9v4l7,https://s2.adresowa.pl/oi/57/24/411a12_b31b_cover@2x-2-pokojowe-mieszkanie-katowice-os-tysiaclecia-ul-tysiaclecia.webp,Katowice os. Tysiąclecia,Tysiąclecia,1,,blok,,"Dzień dobry. Mam do sprzedania mieszkanie na os. 1000 lecia 21. Ustawne 2 pokoje, kuchnia i łazienka z WC. Bardzo dobra lokalizacja, blisko do Parku Śląskiego i całej aglomeracji. Mieszkanie do własnej aranżacji lub odnowienia. Zapraszam do kontaktu.",,,,,,,50.277172,18.979055
Katowice Janów,ul. Braci Woźniaków,3,54,350000,6481,Pośrednik,,15,https://adresowo.pl/o/mieszkanie-katowice-janow-ul-braci-wozniakow-3-pokojowe-y5j0m2,https://s2.adresowa.pl/oi/18/11/40941c_6e28_cover@2x-3-pokojowe-mieszkanie-katowice-janow-ul-braci-wozniakow.webp,Katowice Janów,Braci Woźniaków,3,1978,blok,,"Jasne, dwustronne i rozkładowe 3-pokojowe mieszkanie z widokiem na zieleń – Katowice, Janów-Nikiszowiec (ul. Braci Woźniaków) Mieszkanie:- Powierzchnia i układ: 57,76 m² – w pełni rozkładowy, dwustronny układ obejmujący 3 niezależne pokoje, w tym przestronny salon z wyjściem na balkon, osobną kuchnię, łazienkę oraz przedpokój z dużą szafą w zabudowie. - Ekspozycja na strony świata: Idealne doświetlenie przez cały dzień – salon od strony południowo-zachodniej (piękne popołudniowe słońce i relaksujący widok na zieleń) oraz dwie sypialnie od strony północno-wschodniej (łagodne poranne światło). - Położenie: 3. piętro w kameralnym, 4-piętrowym bloku. - Stan nieruchomości: Do własnej aranżacji / remontu – doskonała baza, aby urządzić wnętrze w 100% pod swój gust i potrzeby. - Media: Ogrzewanie z sieci miejskiej (C.O.), woda podgrzewana piecykiem gazowym (Junkers), przyłącze gazu do kuchenki. - Dodatkowo: Kuchnia wyposażona w kuchenkę i zmywarkę. 2 piwnice przynależne do mieszkania. Budynek:- Blok z 1978 roku, położony w ostatniej linii zabudowy, co zapewnia ciszę, prywatność i brak okien sąsiadów tuż naprzeciwko. - Kameralna atmosfera – tylko 2 mieszkania na piętrze. Lokalizacja:- Okolica i rekreacja: Spokojna, zielona część dzielnicy. W pobliżu znajduje się popularny Park Bolina ze stawem i alejkami spacerowymi, a także tereny leśne sprzyjające aktywności na świeżym powietrzu. - Sport i kultura: W bliskim zasięgu działa lodowisko i hala sportowa Jantor (MOSiR) oraz klimatyczny, zabytkowy Nikiszowiec z urokliwymi kawiarniami i restauracjami. - Potencjał inwestycyjny: W bezpośrednim sąsiedztwie (na terenie dawnej KWK Wieczorek) powstaje prestiżowy HUB Gamingowo-Technologiczny, co dynamicznie zwiększy atrakcyjność całej okolicy, - Pełna infrastruktura: W promieniu kilku minut pieszo dostępne są przedszkola, szkoły, sklepy spożywcze, punkty usługowe oraz apteki. - Dla zmotoryzowanych: Brak problemów z parkowaniem – bardzo duża liczba ogólnodostępnych miejsc postojowych bezpośrednio pod budynkiem. Dogodny dojazd do centrum Katowic (ok. 10–15 minut) oraz szybki wylot na trasę DK86, A4 i DTŚ. - Komunikacja miejska: Kilka minut spacerem do przystanków autobusowych zapewniających sprawny dojazd do Śródmieścia i sąsiednich dzielnic. Opłaty:- Czynsz: Niski czynsz podstawowy wynoszący jedynie 625 zł / miesiąc. Dodatkowo dochodzą zaliczki na wodę (według wskazań wodomierza) oraz opłata za gospodarowanie odpadami komunalnymi (w zależności od liczby zameldowanych osób). Dodatkowe informacje:- Stan prawny: Pełna własność Szukasz przestronnego, słonecznego mieszkania z widokiem na zieleń, które zaaranżujesz według własnego projektu? Zapraszam do kontaktu i obejrzenia nieruchomości na żywo!",tak,,,plastikowe,,"Wyposażenie: kuchenkę, zmywarkę",50.233438,19.06652
Katowice,ul. Juliusza Słowackiego,1,28,320000,11429,Pośrednik,,6,https://adresowo.pl/o/mieszkanie-katowice-ul-juliusza-slowackiego-1-pokoj-u5u0e3,https://s2.adresowa.pl/oi/41/31/408d58_f530_cover@2x-1-pokojowe-mieszkanie-katowice-ul-juliusza-slowackiego.webp,Katowice ,Juliusza Słowackiego,3,,kamienica,,"Nowa, niższa cena Nowe, wyposażone mieszkanie po remoncie generalnym na sprzedaż. Nieruchomość zlokalizowana w zadbanej kamienicy w Śródmieściu Katowic na ul. Słowackiego-tuż obok Galerii Katowickiej. Szukasz większego/mniejszego miezkania? mamy również na sprzedaż inne mieszkania w Śródmieściu - wszystkie po remoncie generalnym, z pełnym wyposażeniem. Skontaktuj się ze mną po więcej szczegółów INFORMACJE O NIERUCHOMOŚCI: UKŁAD MIESZKANIA: salon z jadalnią i widokiem na reprezentacyjną ulicę Słowackiego osobna kuchnia łazienka z kabiną prysznicową Cena obejmuje generalny remont wraz z wymianą wszystkich instalacji oraz umeblowaniem i wyposażeniem AGD , w tym indukcja, pralka, zmywarka itd.Mieszkanie gotowe do zamieszkania lub wynajęcia NISKIE KOSZTY UTRZYMANIA LOKALIZACJA: Świetna lokalizacja inwestycyjna nadająca się idealnie pod najem Długo oraz Krótko-Terminowy typu Booking, Airbnb itp. W najbliższej odległości pełna infrastruktura, dobra komunikacja (tramwaje, autobusy, dworzec PKP i PKS) oraz niezbętne punkty usługowe. Ponadto w pobliżu znajdują się Rynek Główny: 5 minut pieszo Galeria Katowicka: 3 minut pieszo Galeria Supersam: 2 minuty pieszo Uniwersytet Śląski: 10 minut pieszo BUDYNEK: Mieszkanie znajduje się w zadbanej kamienicy. Jeśli więc marzysz o zamieszkaniu lub zainwestowaniu w nieruchomość z historią w top lokalizacji, to ta oferta jest dla Ciebie. Zabudowa oraz wszystkie meble i sprzęty są zawarte w cenie mieszkania. Kupujesz mieszkanie pod najem? Możliwość obsługi najmu w promocyjnej cenie - zadzwoń i zapytaj o szczegóły! Finansujesz mieszkanie kredytem? Nasz doradca finansowy znajdzie dla Ciebie odpowiednią ofertę i pomoże w przejściu przez procedurę kredytową W razie pytań zapraszam do kontaktu: WE SPEAK ENGLISH (YOU CAN ALSO CONTACT ON WHATSAPP) Treść niniejszego ogłoszenia nie stanowi oferty handlowej w rozumieniu Kodeksu Cywilnego.",,,,,własność,"Wyposażenie: pralka, zmywarka",50.26207,19.01876
Katowice,Śródmieście,1,30,349000,11633,bez pośredników,,8,https://adresowo.pl/o/mieszkanie-katowice-srodmiescie-1-pokoj-30-m2-p3u8h4,https://s2.adresowa.pl/oi/60/77/4117ba_5699_cover@2x-1-pokojowe-mieszkanie-katowice-srodmiescie.webp,Katowice Śródmieście,,2,2021,kamienica,,"Sprzedam kawalerkę bez pośredników, która znajduje się w centrum Katowic na 2. piętrze. Mieszkanie o powierzchni 30,15 m², wyposażone i umeblowane w wysokim standardzie, nie wymaga żadnych wkładów finansowych. Mieszkanie wyposażone jest w klimatyzację, która ma funkcję chłodzenia i grzania. W budynku również znajduje się pralnia i rowerownia. Ogólnodostępna jest także nowoczesna winda. Budynek został zbudowany od podstaw w nowej technologii, oddany do użytku w 2021 r. Bardzo dobra lokalizacja do dworca PKP i Galerii Katowickiej 450 m, dworzec autobusowy 750 m, Uniwersytet Śląski 900 m. Obok znajdują się liczne sklepy i kawiarnie. Cena: 349 000.",,,,,,,50.257,19.017099
Katowice os. Tysiąclecia,ul. Ułańska,3,63,650000,10317,bez pośredników,,8,https://adresowo.pl/o/mieszkanie-katowice-os-tysiaclecia-ul-ulanska-3-pokojowe-c7d4x4,https://s2.adresowa.pl/oi/71/4e/411592_3ab2_cover@2x-3-pokojowe-mieszkanie-katowice-os-tysiaclecia-ul-ulanska.webp,Katowice os. Tysiąclecia,Ułańska,parter,,blok,,"Sprzedam mieszkanie w Katowicach na ul. Ułańskiej 16. Przy wejściu do Parku Śląskiego z pięknym widokiem w zacisznym miejscu. Mieszkanie 63 m2 z komórką lokatorską bezpośrednio przy mieszkaniu o wielkości około 4 m2. Mieszkanie po generalnym remoncie z nowymi wylewkami, ścianami, instalacją wodną, kanalizacyjną oraz elektryczną. W skład mieszkania do sprzedania wchodzi wszelka zabudowa pod wymiar, szafy, sprzęty RTV i AGD wysokiej klasy i wszystko w pełni sprawne. W łazience pralko-suszarka, która również zostaje. Do mieszkania należy również balkon. Mieszkanie parter na 2 kondygnacji. W razie pytań pozostaję do dyspozycji. W razie potrzeby mogę podesłać więcej zdjęć.",tak,,,,,"Wyposażenie: suszarka, tv",50.285888,18.966521
Katowice Załęska Hałda,ul. Brynowska,2,44,314000,7136,bez pośredników,,8,https://adresowo.pl/o/mieszkanie-katowice-zaleska-halda-ul-brynowska-2-pokojowe-p8k9x6,https://s2.adresowa.pl/oi/49/3b/411554_6179_cover@2x-2-pokojowe-mieszkanie-katowice-zaleska-halda-ul-brynowska.webp,Katowice Załęska Hałda,Brynowska,10,,blok,,"Oferuję sprzedaż mieszkania w Katowicach - Brynów ul. Brynowska. Mieszkanie składa się z dwóch pokoi, przedpokoju, kuchni i łazienki - razem 44,80m2. X piętro w XI piętrowym budynku, dwie windy, jedna duża. Balkon z pięknym widokiem na panoramę Brynowa i góry, ekspozycja okien południowo-zachodnia, słoneczna. Ogrzewanie miejskie, podzielniki ciepła. Na piętrze rowerownia. Spokojna okolica, z pełną niezbędną infrastrukturą: sklepy Biedronka, Stokrotka, Obi, Żabka, Kaufland, Aldi, Lidl. Siłownia, biblioteka miejska, pizzeria, myjnia samochodowa - minutę drogi piechotą. Basen Brynów w odległości 3 przystanków tramwajem, spacerkiem 25 minut. Przystanek autobusowy pod blokiem, tramwajowy 5 minut piechotą. Szybki dojazd do centrum Katowic - 4 przystanki autobusem. W okolicy wyższe uczelnie AWF, ASP, Medyk. Blisko do parku Kościuszki 10 minut piechotą, oraz Katowickiego Parku Leśnego 15 minut piechotą. Mieszkanie nie wymaga remontu a jedynie odświeżenia - malowania. W przyszłym roku przewidywana termomodernizacja. Cicha, spokojna okolica.",,,,,,,50.236019,18.994866
Katowice,ul. Sokolska,2,44,499000,11341,Pośrednik,,4,https://adresowo.pl/o/mieszkanie-katowice-ul-sokolska-2-pokojowe-s1d2c2,https://s2.adresowa.pl/oi/65/19/408bc8_99f9_cover@2x-2-pokojowe-mieszkanie-katowice-ul-sokolska.webp,Katowice ,Sokolska,1,2026,apartamentowiec,,"Mieszkania w nowoczesnym, wyróżniającym się budynku w samym centrum Katowic - trzy kaskadowe budynki z usługowym parterem i funkcjonalnymi układami mieszkań. Oferta obejmuje szeroki wybór metraży, od kompaktowych kawalerek po przestronne apartamenty dla rodzin. Lokalizacja zapewnia wygodny dostęp do usług, restauracji i komunikacji miejskiej. Brak prowizji oraz brak podatku PCC. Układ od dewelopera to tylko propozycja, w tym dokładnie mieszkaniu można z łatwością wydzielić drugi pokój. Ważne informacje: - Dostępne metraże: 27 - 126 m² (od 1 do 5 pokoi) - Garaż podziemny - ogródki z widokiem na park - Dostępne komórki lokatorskie - Duży balkon - Lokalizacja w samym centrum Katowic Wykonawcą inwestycji jest profesjonalny i renomowany deweloper działający wiele lat na rynku oferujący nowoczesne mieszkania w atrakcyjnych lokalizacjach, wyróżniający się dobrą relacją jakości do ceny. Nadal dostępny jest szeroki wybór mieszkań Zadzwoń lub napisz - umówimy prezentację i dopasujemy mieszkanie do Państwa potrzeb. Współpraca ze mną to: - brak kosztów - profesjonalne doradztwo - wiele ofert dostępnych w jednym miejscu - jestem dostępny dla Państwa na każdym etapie transakcji - nasi eksperci finansowi mogą od razu dobrać Państwu najkorzystniejszy kredyt Zdjęcia to wizualizacja, gotowych projektów przygotowanych przez firmę Quality Investment zajmującą się wykończeniem mieszkań. NOTUS Finanse S.A. występuje w charakterze pośrednika w obrocie nieruchomościami. Przedstawiona oferta cenowa ma wyłącznie charakter informacyjny i nie stanowi oferty handlowej w rozumieniu art. 66 1 kodeksu cywilnego. Notus Finanse S.A.",,tak,aneks,plastikowe,własność,,50.265275,19.018708
Katowice,Śródmieście,2,35,399999,11429,Pośrednik,,6,https://adresowo.pl/o/mieszkanie-katowice-srodmiescie-2-pokojowe-35-m2-g7v6e9,https://s2.adresowa.pl/oi/61/25/406e96_4302_cover@2x-2-pokojowe-mieszkanie-katowice-srodmiescie.webp,Katowice Śródmieście,,4,,blok,,"INWESTYCJA POD WYNAJEM LUB NA START 34m | 2 pokoje | stan deweloperski / pod klucz piętro 4/6 z windą MIESZKANIE MA PRAWIE 5M WYSOKOŚCI I AŻ 2,50M NA ANTRESOLI! Na sprzedaż funkcjonalne mieszkanie o powierzchni 34 m, położone w jednej z najbardziej atrakcyjnych lokalizacji Katowic w samym Śródmieściu. ATUTY MIESZKANIA rynek pierwotny stan deweloperski z możliwością wykończenia mieszkania funkcjonalny układ z pokojem dziennym i aneksem kuchennym wysoka, przestronna antresola wysokie wnętrze nowoczesny standard inwestycji ZREWITALIZOWANY BUDYNEK: Mieszkanie znajduje się w pięknie odrestaurowanym budynku, który otrzymuje nowe życie i zostaje przekształcony w nowoczesną inwestycję mieszkaniową. Budynek został kompleksowo poddany rewitalizacji, a dla komfortu mieszkańców przewidziano m.in. windę oraz dodatkowe przestrzenie do przechowywania. Inwestycja jest obecnie na ukończeniu. LOKALIZACJA : Jednym z największych atutów nieruchomości jest lokalizacja. Mieszkanie znajduje się w Śródmieściu Katowic, dzięki czemu wiele najważniejszych punktów miasta znajduje się w zasięgu krótkiego spaceru. W pobliżu znajdziesz m.in.: Rynek Dworzec PKP i Galerię Katowicką Spodek uczelnie wyższe restauracje, kawiarnie i sklepy komunikację miejską biura i centra biznesowe To lokalizacja, która świetnie sprawdza się zarówno do codziennego życia, jak i pod wynajem długoterminowy lub krótkoterminowy. Funkcjonalny metraż i centralna lokalizacja sprawiają, że mieszkanie jest ciekawą propozycją dla: singla lub pary szukającej mieszkania w samym sercu miasta rodziców kupujących mieszkanie dla dziecka studiującego w Katowicach inwestora szukającego nieruchomości pod wynajem osoby chcącej ulokować kapitał w nieruchomości w centrum miasta WYKOŃCZENIE POD KLUCZ Nie chcesz zajmować się remontem? Na życzenie możemy zorganizować kompleksowe wykończenie mieszkania pod klucz. Zapraszam do kontaktu Treść niniejszego ogłoszenia nie stanowi oferty handlowej w rozumieniu Kodeksu Cywilnego.",,,,,,,50.25278,19.0139
Katowice os. Tysiąclecia,al. Bolesława Krzywoustego,3,58,595000,10259,bez pośredników,,20,https://adresowo.pl/o/mieszkanie-katowice-os-tysiaclecia-al-boleslawa-krzywoustego-3-pokojowe-v5c5n9,https://s2.adresowa.pl/oi/52/10/4114d0_29e5_cover@2x-3-pokojowe-mieszkanie-katowice-os-tysiaclecia-al-boleslawa-krzywoustego.webp,Katowice os. Tysiąclecia,Bolesława Krzywoustego,1,2010,,,"Wyjątkowy apartament 58,7 m2 przy Parku Śląskim w Katowicach (osiedle Tysiąclecia). Na sprzedaż urokliwy, gotowy do zamieszkania od zaraz apartament o powierzchni 58,7 m2, zlokalizowany w nowym budownictwie na cenionym osiedlu Tysiąclecia w Katowicach, tuż przy granicy z Chorzowem. To idealna propozycja dla osób ceniących bliskość natury, komfort oraz wysoki standard wykończenia. Najważniejsze atutu apartamentu: Lokalizacja tuż przy Parku Śląskim: zaledwie kilka kroków od słynnej ""Żyrafy"" i głównego wejścia do parku - idealne miejsce na spacery, aktywność fizyczną i wypoczynek. Wysoki standard wykończenia: na podłogach we wszystkich pokojach znajduje się szlachetny parkiet dębowy. W łazience i w przedpokoju zamontowano komfortowe ogrzewanie podłogowe. Całość uzupełniają eleganckie, drewniane drzwi wewnętrzne w delikatnie stylizowanym charakterze. Gotowy do zamieszkania: mieszkanie nie wymaga żadnych nakładów finansowych - możesz spakować walizki i wprowadzić się od zaraz. Prywatne miejsce parkingowe: bezpieczeństwo i wygoda parkowania na terenie zamkniętym. Rozkład pomieszczeń: Przestronny salon z aneksem kuchennym - w pełni wyposażona kuchnia (płyta indukcyjna, piekarnik elektryczny, zmywarka oraz chłodziarko-zamrażarka w zabudowie) oddzielona od strefy dziennej drzwiami przeszklonymi zasuwanymi. Dwie przytulne sypialnie idealne jako pokój główny oraz gabinet lub pokój dla dziecka. Elegancka łazienka z toaletą. Duża loggia - wspaniałe miejsce na poranną kawę z widokiem na zagospodarowaną zielenią okolicę na tarasie. Cena: 595.000 zł, powierzchnia: 58,7 m2 Proszę o kontakt pod numerami telefonów.",,tak,aneks,,,"Wyposażenie: piekarnik, zmywarka",50.275683,18.976918
Katowice Śródmieście,al. Wojciecha Korfantego,2,37,370000,10000,bez pośredników,,8,https://adresowo.pl/o/mieszkanie-katowice-srodmiescie-al-wojciecha-korfantego-2-pokojowe-c1d4e7,https://s2.adresowa.pl/oi/76/23/41149a_849d_cover@2x-2-pokojowe-mieszkanie-katowice-srodmiescie-al-wojciecha-korfantego.webp,Katowice Śródmieście,Wojciecha Korfantego,8,,blok,,"Na sprzedaż dwupokojowe mieszkanie o powierzchni 37 m², położone na 8. piętrze Superjednostki w centrum Katowic. Mieszkanie posiada duży balkon z widokiem na Spodek od strony wschodniej. Najważniejsze atuty: - 8 piętro w Superjednostce - winda zatrzymująca się bezpośrednio na piętrze - duży balkon z widokiem na Spodek - mieszkanie umeblowane i wyposażone - spółdzielcze własnościowe prawo do lokalu - parking pod blokiem - monitoring i ochrona w budynku - czynsz ok. 850 zł miesięcznie, w tym zaliczka na ogrzewanie i wodę - nowa zmywarka - nowy piecyk gazowy Junkers - wymieniona instalacja wodno-kanalizacyjna - wymieniona instalacja elektryczna Układ mieszkania: Mieszkanie składa się z: - przestronnego salonu - sypialni - oddzielnej kuchni - łazienki z WC - balkonu Lokalizacja: Lokalizacja nie wymaga dodatkowej reklamy - Spodek, Strefa Kultury, Rynek, komunikacja miejska, sklepy, restauracje, szkoły i uczelnie znajdują się w zasięgu krótkiego spaceru. Mieszkanie świetnie sprawdzi się zarówno jako własne lokum, jak i inwestycja na wynajem. Cena: 370 000 zł - do negocjacji Zapraszam do kontaktu i na prezentację mieszkania. Niniejsze ogłoszenie nie stanowi oferty w rozumieniu art. 66 Kodeksu cywilnego.",,,osobna,plastikowe,spółdzielcze własnościowe,Wyposażenie: zmywarka,50.2779,19.021306
Katowice Giszowiec,ul. Wojciecha,2,45,298000,6622,bez pośredników,,6,https://adresowo.pl/o/mieszkanie-katowice-giszowiec-ul-wojciecha-2-pokojowe-e1g7o1,https://s2.adresowa.pl/oi/51/7f/41147e_6c10_cover@2x-2-pokojowe-mieszkanie-katowice-giszowiec-ul-wojciecha.webp,Katowice Giszowiec,Wojciecha,parter,1970,blok,,"Na sprzedaż mieszkanie 2 pokojowe położone w Katowicach - Giszowcu, przy ul. Wojciecha o powierzchni 45 m2 usytuowane na parterze + piwnica. Mieszkanie składa się z: - przedpokój - pokój - salon - łazienka z WC - kuchnia z meblami - piwnica Ogrzewanie centralne oraz ciepła woda z sieci miejskiej, okna plastikowe. Budynek z wielkiej płyty z lat 70 - tych po termomodernizacji z podjazdem dla niepełnosprawnych. W pobliżu znajduje się szkoła oraz sklepy.",tak,,,,,,50.22183,19.062632
Katowice Śródmieście,ul. ks. bp. Stanisława Adamskiego,1,36,299000,8306,Pośrednik,,5,https://adresowo.pl/o/mieszkanie-katowice-srodmiescie-ul-ks-bp-stanislawa-adamskiego-1-pokoj-d2w6i3,https://s2.adresowa.pl/oi/1e/50/40611a_6c41_cover@2x-1-pokojowe-mieszkanie-katowice-srodmiescie-ul-ks-bp-stanislawa-adamskiego.webp,Katowice Śródmieście,ks. bp. Stanisława Adamskiego,2,,blok,,"Katowice Centrum ul. Adamskiego// 1 pokój + piwnica WE SPEAK ENGLISH Mamy przyjemność zaprezentować Państwu ofertę przestronnej kawalerki w centrum Katowic. Mieszkanie znajduje się na 2 piętrze w 3 piętrowym bloku przy ulicy Adamskiego. MIESZKANIE SKŁADA SIĘ Z: - dużego salonu - przestronnej, oddzielnej, widnej kuchni - łazienki z wc Dodatkowo do mieszkania przynależy piwnica. STANDARD/INORMACJE DODATKOWE: - Możliwość zakupu na kredyt - Mieszkanie z założoną księgą wieczystą - Do odświeżenia lub remontu - Ciepła woda i ogrzewanie z sieci miejskiej - Wymienione piony wodno - kanalizacyjne - Zarządzane przez wspólnotę - Czynsz: 836zł z zaliczkami na CO, wodę, fundusz remontowy przy zamieszkującej 1 osobie UWAGA: Dla wszystkich naszych klientów którzy zdecydują się na zakup nieruchomości mamy prezent w postaci karty rabatowej firmy Bel-Pol LOKALIZACJA: Kilka minut pieszo od AWF, ASP, UE - idealna lokalizacja dla studentów. Lokalizacja świetnie skomunikowana z pozostałymi częściami Katowic, jak i z miastami ościennymi - blisko wyjazdu na A4. W najbliższej okolicy pełna infrastruktura handlowo-usługowa oraz miejsca do wypoczynku - min. Park Kościuszki. KREDYT Niezależni doradcy kredytowi, z którymi współpracujemy pomagają we wszelkich formalnościach związanych z uzyskaniem kredytu na zakup nieruchomości. Bezpłatna konsultacja, sprawdzenie zdolności, przedstawienie najkorzystniejszych opcji spośród ofert różnych banków. Przeprowadzimy cały proces realizacji kredytu i zakupu nieruchomości. Zapraszamy do kontaktu! Treść niniejszego ogłoszenia nie stanowi oferty handlowej w rozumieniu Kodeksu Cywilnego.",,,,,własność,,50.252841,19.002337
Katowice Józefowiec,ul. Józefowska,3,63,599000,9508,Pośrednik,,15,https://adresowo.pl/o/mieszkanie-katowice-jozefowiec-ul-jozefowska-3-pokojowe-o0g8d3,https://s2.adresowa.pl/oi/36/7c/401564_fec9_cover@2x-3-pokojowe-mieszkanie-katowice-jozefowiec-ul-jozefowska.webp,Katowice Józefowiec,Józefowska,6,1980,blok,,"Katowice Józefowiec ul. Józefowska - 3 pokoje // 63 m2 + DODADKOWE POMIESZCZENIE (ok. 3 m. kw) + balkon Blisko Centrum! Możliwość zakupu na kredyt! Oferujemy na sprzedaż ustawne, wykończone w wysokim standardzie mieszkanie na katowickim Józefowcu przy ul. Józefowskiej. Mieszkanie znajduje się na 6 piętrze w 11 piętrowym bloku po termomodernizacji z dwiema windami. MIESZKANIE SKŁADA SIĘ Z: - salonu z balkonem - 3 sypialni - oddzielnej, widnej kuchni - łazienki - wc - przedpokoju - dodatkowego pomieszczenia + balkonu DODATKOWO Do mieszkania przynależy piwnica STANDARD / INFORMACJE DODATKOWE Możliwość zakupu na kredyt Mieszkanie z założoną księgą wieczystą Jasne, dobrze doświetlone, środkowe - ciepłe Nie wymaga dużych nakładów finansowych W pełni wyposażone i wykończone materiałami wysokiej jakości Rozbudowane oświetlenie LED Na podłogach parkiet dębowy świeżo wycyklinowany Dodatkowy, zamykany przedsionek idealny na garderobę Czynsz: ok. 1000zł Po wymianie instalacji elektrycznej, wodno-kanalizacyjnej, gazowej Ogrzewanie miejskie Woda podgrzewana piecykiem gazowym Mieszkaniem zarządza Spółdzielnia KSM. LOKALIZACJA: Mieszkanie na zielonym i spokojnym osiedlu, świetnie skomunikowanym z centrum Katowic, dojazd zajmuje dosłownie kilka minut. W pobliżu sklepy, przychodnie, punkty usługowe, przedszkole, żłobek, szkoły, siłownia, restauracje, Park Śląski, SCC, przystanki komunikacji miejskiej. Skontaktuj się z nami i umów się na bezpłatną prezentację mieszkania. Pamiętaj, że ceny nieruchomości w większości przypadków podlegają negocjacji. Na stronie internetowej naszego biura znajdą Państwo również oferty, które nie są publikowane na portalach. Zapraszamy do kontaktu! Treść niniejszego ogłoszenia nie stanowi oferty handlowej w rozumieniu Kodeksu Cywilnego.",,,,,własność,Wyposażenie: internet,50.28255,19.01423
Katowice os. Witosa,ul. Władysława Grabskiego,3,60,425000,7083,bez pośredników,,8,https://adresowo.pl/o/mieszkanie-katowice-os-witosa-ul-wladyslawa-grabskiego-3-pokojowe-h2y0n7,https://s2.adresowa.pl/oi/71/1f/41138c_f5a5_cover@2x-3-pokojowe-mieszkanie-katowice-os-witosa-ul-wladyslawa-grabskiego.webp,Katowice os. Witosa,Władysława Grabskiego,4,,blok,,"3 pokoje z balkonem i klimatyzacją | 60 m² | Os. Witosa | Wszystko pod ręką! 425 000 zł MIESZKANIE Z POTENCJAŁEM W MIEJSCU, GDZIE WYGODNIE SIĘ ŻYJE! Szukasz mieszkania, które urządzisz dokładnie tak, jak chcesz, a jednocześnie zależy Ci na dobrej lokalizacji i wygodzie codziennego życia? Mam do zaoferowania 3-pokojowe mieszkanie o powierzchni 60,01 m², położone przy ul. Grabskiego na osiedlu Witosa w Katowicach. To propozycja dla osób, które chcą stworzyć własną, wymarzoną przestrzeń, nie rezygnując z wygód dobrze rozwiniętego osiedla. PRZESTRZEŃ, KTÓRĄ URZĄDZISZ PO SWOJEMU Mieszkanie znajduje się na 4. piętrze w 8-piętrowym budynku z windą. Do dyspozycji przyszłego właściciela są: • 3 pokoje dające wiele możliwości aranżacji, • oddzielna kuchnia, • balkon, • klimatyzacja, • piwnica i komórka lokatorska. W budynku znajduje się również wózkownia. Mieszkanie jest do remontu, co daje możliwość stworzenia wnętrza idealnie dopasowanego do własnego stylu życia. OSIEDLE WITOSA - WSZYSTKO POD RĘKĄ! W okolicy znajdują się żłobki, przedszkola, szkoła, przychodnie oraz sklepy Biedronka i Lidl. Liczne połączenia autobusowe zapewniają wygodny dojazd do centrum Katowic. Dodatkowym atutem jest szybki dojazd do autostrady A4 i Drogowej Trasy Średnicowej (DTŚ), ułatwiający poruszanie się po całej aglomeracji. NAJWAŻNIEJSZE INFORMACJE Lokalizacja: Katowice, os. Witosa, ul. Grabskiego Powierzchnia: 60,01 m² Liczba pokoi: 3 Piętro: 4 z 8 Winda: tak Kuchnia: oddzielna Balkon: tak Klimatyzacja: tak Dodatkowo: piwnica, komórka lokatorska, wózkownia Stan mieszkania: do remontu Forma własności: spółdzielcze własnościowe prawo do lokalu Opłaty miesięczne: około 900 zł Dostępność: od zaraz CENA: 425 000 ZŁ Sprzedaż bezpośrednio od właściciela. Jeżeli szukasz mieszkania, które możesz urządzić według własnego pomysłu, w lokalizacji zapewniającej wygodę codziennego życia - zapraszam do kontaktu! Chętnie odpowiem na pytania i umówię się na prezentację mieszkania.",tak,,osobna,,spółdzielcze własnościowe,Wyposażenie: klimatyzacja,50.262939,18.965958
Katowice,os. Witosa,2,48,380000,7917,bez pośredników,,5,https://adresowo.pl/o/mieszkanie-katowice-os-witosa-2-pokojowe-48-m2-g9y7y7,https://s2.adresowa.pl/oi/45/1e/411258_b5e2_cover@2x-2-pokojowe-mieszkanie-katowice-os-witosa.webp,Katowice os. Witosa,,1,,blok,,"Sprzedam M3 na osiedlu Witosa. Mieszkanie dwupokojowe: salon oraz sypialnia, przedpokój, łazienka, osobno toaleta oraz kuchnia. Mieszkanie jest tylko częściowo umeblowane, co ułatwi nabywcy aranżację. Mieszkanie ciepłe, otoczenie spokojne. Zapraszam do środka, by przekonać się, że to mieszkanie to to…",,,osobna,,,,50.261526,18.971001
Katowice os. Tysiąclecia,ul. Bolesława Chrobrego,2,50,489000,9780,bez pośredników,,27,https://adresowo.pl/o/mieszkanie-katowice-os-tysiaclecia-ul-boleslawa-chrobrego-2-pokojowe-q0c9q0,https://s2.adresowa.pl/oi/63/51/411144_f7d2_cover@2x-2-pokojowe-mieszkanie-katowice-os-tysiaclecia-ul-boleslawa-chrobrego.webp,Katowice os. Tysiąclecia,Bolesława Chrobrego,6,1973,blok,,"Nowoczesne 2 Pokoje | Przy Parku| BEZ PROWIZJI | Tysiąclecie Katowice, os. Tysiąclecia, ul. Chrobrego - Bez pośredników. Na sprzedaż mieszkanie przy ul. Chrobrego 13 na osiedlu Tysiąclecia w Katowicach. Mieszkanie składa się z 2 pokoi, oddzielnej widnej kuchni, korytarza, łazienki, balkonu wzdłuż całej długości mieszkania, oraz komórki lokatorskiej. Do użytku mieszkańców udostępniona jest również suszarnia. Mieszkanie przeszło kapitalny remont od A do Z w 2022 roku i jest utrzymane w bardzo dobrym stanie. Mieszkanie ma zachodnią ekspozycję, dzięki czemu jest bardzo dobrze doświetlone w godzinach popołudniowych i wieczornych. Dużym atutem jest również jego położenie – brak bezpośrednich sąsiadów przy mieszkaniu, co zapewnia większą prywatność i spokój. Najważniejsze informacje: 2 Pokoje 49,5 m² 6. piętro zachodnia ekspozycja brak bezpośrednich sąsiadów mieszkanie ciepłe i dobrze doświetlone kapitalny remont 2022 komórka lokatorska Nagłośnienie sufitowe i oświetlenie wyłącznie LED Przygotowane pod montaż klimatyzacji atrakcyjna lokalizacja na os. Tysiąclecia parking za szlabanem Mieszkanie jest gotowe do zamieszkania bez konieczności przeprowadzania dodatkowych prac remontowych i gotowe do wprowadzenia.Kompletnie wyposażone we wszystkie niezbędne meble/sprzęty AGD. Tereny wokół mieszkania to przede wszystkim bliskość Parku Kultury i Wypoczynku, terenów sportowych (Stadion Śląski, ścieżki rowerowe, basen oraz staw Maroko)oraz liczne szkoły, przedszkola, przychodnie, sklepy i przystanki autobusowe i tramwajowe. To także szybki dojazd do Chorzowa, centrum Katowic i głównych dróg aglomeracji: Autostrada A4, DTŚ, DK79, ulica Chorzowska prowadząca do śródmieścia Katowic. Sprzedaż bez pośredników - kupujący nie ponosi żadnych dodatkowych kosztów. Zapraszam do kontaktu i obejrzenia mieszkania. Chętnie odpowiem również na wszystkie pytania telefonicznie. Wszelkie biura pośrednictwa uprzejmie proszę o nienawiązywanie kontaktu.",tak,tak,osobna,plastikowe,własność,,50.281031,18.970039
Katowice Bogucice,ul. Warszawska 66,2,38,426140,11214,Pośrednik,,18,https://adresowo.pl/o/mieszkanie-katowice-bogucice-ul-warszawska-2-pokojowe-f3c3s4,https://s2.adresowa.pl/oi/70/62/40010a_edcc_cover@2x-2-pokojowe-mieszkanie-katowice-bogucice-ul-warszawska.webp,Katowice Bogucice,Warszawska 66,1,2026,kamienica,,"BEZ PROWIZJI ! BEZ PODATKU PCC ! ZAKUP OD DEWELOPERA ! Do sprzedaży! NOWY BUDYNEK w Centrum Miasta! W ramach naszej inwestycji oferujemy łącznie 38 mieszkań 1- i 2-pokojowych, a na parterze usytuowany jest przestronny lokal użytkowy z witrynami. Mieszkanie z charakterem w sercu Katowic - Dudy Gracza 2 Szukasz mieszkania, które wyróżnia się architekturą, lokalizacją i potencjałem inwestycyjnym? Ta oferta jest dla osób, które cenią niepowtarzalny klimat historycznych kamienic połączony z komfortem nowoczesnego budownictwa. Na sprzedaż, w ogłoszeniu , funkcjonalne 2-pokojowe mieszkanie o powierzchni 38,74 m², położone w prestiżowej inwestycji Dudy Gracza 2 przy ul. Warszawskiej 66 / Dudy Gracza 2 w ścisłym centrum Katowic. Lokal zostanie oddany w stanie deweloperskim, co daje możliwość aranżacji wnętrza zgodnie z własnym stylem i potrzebami. Inwestycja powstaje w ramach kompleksowej rewitalizacji zabytkowej kamienicy z zachowaniem jej historycznego charakteru oraz zastosowaniem nowoczesnych rozwiązań technicznych. Atuty mieszkania 38,74 m² doskonale zaprojektowanej przestrzeni, salon z aneksem kuchennym, ustawna sypialnia o nietypowym, klimatycznym kształcie, funkcjonalna łazienka, balkon, stan deweloperski - możliwość indywidualnej aranżacji, idealne zarówno do zamieszkania, jak i pod wynajem. Nietypowy układ mieszkania sprawia, że wnętrze ma wyjątkowy charakter. Zwężająca się sypialnia doskonale nadaje się do stworzenia przytulnej strefy wypoczynku z miejscem do pracy lub dużą zabudową garderobianą, a część dzienna pozostaje przestronna i komfortowa. Dudy Gracza 2 - inwestycja z duszą Dudy Gracza 2 to wyjątkowy projekt przebudowy ponad 100-letniej kamienicy, realizowany przez dewelopera z ponad 30-letnim doświadczeniem w odnawianiu historycznych budynków. Połączenie oryginalnej architektury z nowoczesnym standardem wykonania tworzy niepowtarzalne miejsce do życia i inwestowania. Lokalizacja, która pracuje na wartość nieruchomości Położenie w ścisłym centrum Katowic zapewnia szybki dostęp do wszystkiego, co najważniejsze: Rynku i Strefy Kultury, Uniwersytetu Śląskiego i uczelni wyższych, dworca PKP oraz komunikacji miejskiej, restauracji, kawiarni i sklepów, centrów biznesowych i biurowych. To lokalizacja idealna zarówno dla osób pracujących w centrum miasta, studentów, jak i inwestorów poszukujących nieruchomości o wysokim potencjale najmu. Dlaczego warto? ✔ wyjątkowa, odrestaurowana kamienica z historią, ✔ nowoczesny standard w zabytkowym budynku, ✔ doskonała lokalizacja w centrum Katowic, ✔ wysoki potencjał wzrostu wartości nieruchomości, ✔ atrakcyjna oferta dla inwestorów i osób kupujących pierwsze mieszkanie. Zdjęcia przedstawiają autentyczne, odnowione klatki schodowe oraz lokal pokazowy , usytuowany na parterze budynku. Wizualizacje przedstawiają możliwości aranżacyjne lokalu na sprzedaż. Zapraszam do kontaktu oraz na prezentację inwestycji Dudy Gracza 2 - miejsca, w którym historia spotyka współczesny komfort. Winnerz Nieruchomości to zespół profesjonalnych agentów, którzy specjalizują się w sprzedaży i wynajmie nieruchomości. Jeżeli ogłoszenie nie spełnia Państwa oczekiwań zapraszamy do kontaktu telefonicznego lub na naszą stronę [www] ___________________________________________________________ Jako Agencja Pośrednictwa w Obrocie Nieruchomościami pobieramy prowizję. As an Real Estate Agency we charge a commission. ___________________________________________________________ Niniejsze ogłoszenie jest wyłącznie informacją i nie stanowi oferty w rozumieniu art. 66 1 Kodeksu Cywilnego. This announcement is not a commercial offer in the understanding of Art.66 1 of the Civil Code.",,,,,własność,,50.257688,19.035797
Katowice Szopienice,ul. Morawa,1,29,235000,8103,Pośrednik,,9,https://adresowo.pl/o/mieszkanie-katowice-szopienice-ul-morawa-1-pokoj-f4n9n2,https://s2.adresowa.pl/oi/40/3b/3ff43c_5435_cover@2x-1-pokojowe-mieszkanie-katowice-szopienice-ul-morawa.webp,Katowice Szopienice,Morawa,4,,blok,,"Katowice Szopienice ul. Morawa - 29 m2 / 1 pokój + piwnica // DO WEJŚCIA Cena do negocjacji We speak english Mamy przyjemność zaprezentować 1 pokojowe mieszkanie o powierzchni 29 m2 zlokalizowane na 4 piętrze w 10 piętrowym bloku w Katowicach Szopienicach przy ul. Morawa. W skład mieszkania wchodzą: - salon - otwarta kuchnia - łazienka z wc - przedpokój DODATKOWO Do mieszkania przynależy piwnica (ok. 4 m2). SZCZEGÓŁY OFERTY - Mieszkanie z założoną Księgą Wieczystą - Możliwość zakupu na kredyt - Mieszkanie jasne i przestronne do zamieszkania - Wyposażenie i umeblowanie w cenie - Piękny widok na zieleń i staw - Okna drewniane (wymieniane przez spółdzielnię) o ekspozycji wschodniej - Ogrzewanie i ciepła woda miejskie - Wymienione piony wodno - kanalizacyjne - Blok po termomodernizacji z dwiema windami - Zamykany korytarz na piętrze dla 2 mieszkań - Zarządca : Katowicka Spółdzielnia Mieszkaniowa - Czynsz: 740zł z zaliczkami na CO, wodę, śmieci, fundusz remontowy / 1 os. LOKALIZACJA Osiedle jest zlokalizowane w wyjątkowo spokojnej, malowniczej i zielonej okolicy, otoczone drzewami, łąkami i stawami. Jednocześnie znajduje się blisko autostrady i trasy szybkiego ruchu umożliwiającej szybki dojazd do centrum Katowic. W okolicy znajduje się szkoła, poczta, basen oraz galerie handlowe. PRZYSTANEK Szopienice Morawa - ok. 200 metrów Nie czekaj, zainwestuj w swoje przyszłe miejsce na ziemi już dziś! Zadzwoń i umów się na prezentację mieszkania, aby przekonać się o jego atutach na własne oczy. To oferta, która nie może umknąć Twojej uwadze! MOGĄ PAŃSTWO LICZYĆ NA: - bezpłatną konsultację z niezależnym doradcą kredytowym; - bezpieczeństwo transakcji; - pomoc w załatwieniu formalności i skompletowaniu dokumentów niezbędnych do transakcji; - współpracę z najlepszymi notariuszami. Nasza firma specjalizuje się w kompleksowej obsłudze zarówno Polaków jak i obcokrajowców. Jesteśmy z Państwem na każdym etapie procesu zakupu, sprzedaży czy wynajmu nieruchomości począwszy od wyboru oferty i jej prezentacji po finalizację transakcji i przekazanie nieruchomości nowym właścicielom. KREDYT Niezależni doradcy kredytowi, z którymi współpracujemy pomagają we wszelkich formalnościach związanych z uzyskaniem kredytu na zakup nieruchomości. Bezpłatna konsultacja, sprawdzenie zdolności, przedstawienie najkorzystniejszych opcji spośród ofert różnych banków. Przeprowadzimy cały proces realizacji kredytu i zakupu nieruchomości. Zapraszamy do kontaktu! Treść niniejszego ogłoszenia nie stanowi oferty handlowej w rozumieniu Kodeksu Cywilnego.",,,,,własność,,50.26577,19.10564
Katowice os. Witosa,ul. Michała Ossowskiego,3,60,540000,9000,bez pośredników,,14,https://adresowo.pl/o/mieszkanie-katowice-os-witosa-ul-michala-ossowskiego-3-pokojowe-q0g4l8,https://s2.adresowa.pl/oi/25/20/40bc88_8eb9_cover@2x-3-pokojowe-mieszkanie-katowice-os-witosa-ul-michala-ossowskiego.webp,Katowice os. Witosa,Michała Ossowskiego,6,1983,blok,,"Wyjątkowe 3 pokoje z widokiem na park! 60,01 m², klimatyzacja, umeblowane Na sprzedaż komfortowe, przestronne i w pełni funkcjonalne 3-pokojowe mieszkanie o powierzchni 60,01 m². Lokalizacja łączy w sobie wygodę życia blisko miejskiej infrastruktury z unikalnym dostępem do strefy zieleni. To idealna propozycja dla rodzin, par lub jako bezpieczna inwestycja pod wynajem. Główne atuty mieszkania: • Gotowe do zamieszkania: Wnętrza są w pełni umeblowane. W cenie nieruchomości pozostają wysokiej jakości, przemyślane meble w stałej zabudowie, które gwarantują mnóstwo miejsca do przechowywania i nadają wnętrzu nowoczesny, spójny charakter. • Klimatyzacja: W mieszkaniu zamontowano nowoczesną klimatyzację, która zapewnia idealną temperaturę i komfort termiczny przez cały rok, zwłaszcza w upalne, letnie dni. • Balkon z widokiem na park: Brak sąsiadujących okien naprzeciwko gwarantuje prywatność, ciszę oraz piękny, relaksujący widok o każdej porze roku. • Dodatkowa przestrzeń: Do mieszkania przynależy piwnica, która doskonale sprawdzi się do przechowywania rowerów, wózków czy rzeczy sezonowych. Komórka na półpiętrze. Doskonała lokalizacja i infrastruktura: Nieruchomość znajduje się w rejonie doskonale skomunikowanym i samowystarczalnym. W bezpośrednim sąsiedztwie (w odległości zaledwie kilku minut spacerem) znajdują się: • Szkoła podstawowa oraz publiczne i prywatne przedszkola – idealne rozwiązanie dla rodziców, pozwalające zaoszczędzić czas na codziennych dojazdach. • Liczne sklepy spożywcze, markety oraz punkty usługowe, które zaspokoją wszystkie codzienne potrzeby. • Park tuż pod blokiem, oferujący place zabaw, ścieżki spacerowe i biegowe. Mieszkanie nie wymaga nakładów finansowych na start, jest jasne, dwustronne i bardzo ustawne. Zapraszamy do kontaktu w celu uzyskania szczegółowych informacji oraz umówienia się na prezentację mieszkania na żywo. Dostępne od lutego 2027",tak,,osobna,plastikowe,spółdzielcze własnościowe,Wyposażenie: klimatyzacja,50.25838,18.977357
Katowice Załęże,ul. Juliusza Zarębskiego,2,46,295000,6413,bez pośredników,,8,https://adresowo.pl/o/mieszkanie-katowice-zaleze-ul-juliusza-zarebskiego-2-pokojowe-x7b8z3,https://s2.adresowa.pl/oi/35/1e/410d86_e876_cover@2x-2-pokojowe-mieszkanie-katowice-zaleze-ul-juliusza-zarebskiego.webp,Katowice Załęże,Juliusza Zarębskiego,parter,1900,kamienica,,"Bezpośrednio od właściciela mieszkanie przy ul. Zarębskiego o powierzchni 46,53 m2 znajduje się na parterze i składa się z: Kuchni Salonu Sypialni Oraz łazienki z toaletą i prysznicem walk-in. Kamienica przeszła generalny remont w 2014 roku - wymienione zostały wszystkie instalacje, wyremontowano mieszkania i części wspólne, a familok, poza odnowioną elewacją, zyskał częściowe ocieplenie. Mieszkanie jest umeblowane - w kuchni, poza zabudową kuchenną, lodówka, mikrofalówka , czajnik, zmywarka i kuchenka elektryczna z piekarnikiem, w salonie stoł z krzesłami, kanapa, szafa oraz biurko i krzesło, w sypialni łóżko z materacem, szafa, komoda i szafka nocna. W łazience jest pralka DANE TECHNICZNE: - woda oraz ogrzewanie z sieci miejskiej rozliczane w czynszu, - domofon LOKALIZACJA: Niecałe 2 km od centrum Katowic, 1,8 km od Galerii Katowickiej. Przystanek tramwajowy i autobusowy: ok. 200 metrów oraz ok 1 km do stacji kolejowej Załęże).Ok 1,5 km do Parku Śląskiego. Koszty: Czynsz do wspólnoty 933,14 zł (zawiera zaliczkę na wodę i centralne ogrzewanie na 2 osoby) + prąd osobno.",,,,,własność,"Wyposażenie: kuchenka, lodówka, mikrofalówka, piekarnik, pralka, zmywarka",50.262583,18.997452
Katowice,Piotrowice,3,61,520000,8525,bez pośredników,,8,https://adresowo.pl/o/mieszkanie-katowice-piotrowice-3-pokojowe-61-m2-j0c1a2,https://s2.adresowa.pl/oi/12/60/410c16_78fb_cover@2x-3-pokojowe-mieszkanie-katowice-piotrowice.webp,Katowice Piotrowice,,4,1980,blok,,"Na sprzedaż jasne i funkcjonalne 3-pokojowe mieszkanie z oddzielną kuchnią o powierzchni 61,28 m² z balkonem i piwnicą, położone na 4 (ostatnim) piętrze w zadbanym bloku z lat 80. Mieszkanie po generalnym remoncie - zostały wymienione wszystkie instalacje (elektryczna, wod-kan, gaz), ściany i podłogi są świeżo wykończone, łazienka i WC osobno, kuchnia do własnej aranżacji, nowa stolarka drzwiowa. Szczegóły mieszkania: Powierzchnia: 61,28 m² Układ: 3 niezależne pokoje, osobna kuchnia, łazienka, WC Piętro: 4 z 4 Balkon: 5,6 m² Piwnica: 6,4 m² Ogrzewanie: miejskie Woda: miejska Ekspozycja okien: zachód i północ Lokalizacja i okolica: Mieszkanie znajduje się w spokojnej, zielonej części Piotrowic, świetnie skomunikowanej z centrum Katowic. W najbliższej okolicy: * sklepy, piekarnie, warzywniak - wszystko w zasięgu kilku minut spaceru * duży pasaż handlowy z różnorodnymi punktami usługowymi * przystanki autobusowe, stacja kolejowa niedaleko * dobry dojazd do centrum Katowic, autostrady A4 i DTŚ * miejski kompleks sportowy z boiskiem i bieżnią * kryty basen, idealny dla miłośników aktywności przez cały rok * Park Zadole z tężnią solankową - idealne miejsce na relaks, spacery. * place zabaw i tereny zielone. 520.000,00 zł do negocjacji.",tak,,osobna,,,,50.206001,18.983
Katowice,Nikiszowiec,3,58,524477,9043,Pośrednik,,6,https://adresowo.pl/o/mieszkanie-katowice-nikiszowiec-3-pokojowe-58-m2-l0x1d7,https://s2.adresowa.pl/oi/4f/27/3ff150_8b6c_cover@2x-3-pokojowe-mieszkanie-katowice-nikiszowiec.webp,Katowice Nikiszowiec,,parter,2025,apartamentowiec,,"Na sprzedaż mieszkanie 3-pokojowe o powierzchni 58,93 m² z ogródkiem o powierzchni 22,60 m², położone na kameralnym osiedlu w prestiżowej i klimatycznej dzielnicy Katowice – Nikiszowiec. Układ pomieszczeń:- Salon z aneksem kuchennym – jasna, przestronna strefa dzienna z wyjściem do prywatnego ogródka. - Pokój – 11,60 m² – idealny jako komfortowa sypialnia. - Pokój – 9,95 m² – doskonały na pokój dziecka, gabinet lub pokój gościnny. - Łazienka – 5,41 m² – przestrzeń przygotowana do aranżacji według własnych potrzeb. - Przedpokój – 11,58 m² – z miejscem na pojemne szafy w zabudowie. Funkcjonalny układ mieszkania:- przestronny salon z aneksem kuchennym - ustawna sypialnia zapewniająca komfort i prywatność, - łazienka - funkcjonalny przedpokój z przestrzenią na zabudowę, - ogródek, Atuty inwestycji:- kameralne, nowoczesne osiedle. - Zielone strefy wypoczynku stworzone z myślą o mieszkańcach. - Plac zabaw dla najmłodszych. - Infrastruktura rowerowa sprzyjająca aktywnemu stylowi życia. - Garaże podziemne oraz miejsca postojowe. - Wysoka jakość wykonania i nowoczesne rozwiązania architektoniczne. Doskonała lokalizacja Mieszkanie znajduje się w spokojnej, zielonej części Katowic – Nikiszowca, cenionej za wyjątkowy klimat oraz świetne połączenie z centrum miasta.- około 12 minut do ścisłego centrum Katowic, - szybki dojazd do autostrady A4, DK86 oraz DTŚ, - w pobliżu sklepy, szkoły, przedszkola, punkty usługowe i przystanki komunikacji miejskiej, - liczne tereny zielone i rekreacyjne w zasięgu krótkiego spaceru. To doskonała propozycja zarówno dla singla, pary, młodej rodziny, jak również dla osób szukających bezpiecznej inwestycji pod wynajem. Atrakcyjna lokalizacja i funkcjonalny układ mieszkania gwarantują wysoki potencjał inwestycyjny. Cena 524 477 zł Kupujący nie płaci podatku PCC ani prowizji! Zapraszam do kontaktu i umówienia prezentacji Małgorzata Masternak",,tak,aneks,plastikowe,,,50.24317,19.08331
Katowice,Śródmieście,3,64,1107400,17303,Pośrednik,,7,https://adresowo.pl/o/mieszkanie-katowice-srodmiescie-3-pokojowe-64-m2-o7j2j8,https://s2.adresowa.pl/oi/21/22/3ff148_9176_cover@2x-3-pokojowe-mieszkanie-katowice-srodmiescie.webp,Katowice Śródmieście,,1,2017,apartamentowiec,,"Nowoczesny apartament 3 pokojowy z balkonem – komfort i funkcjonalność dla całej rodziny Na sprzedaż przestronny apartament o powierzchni 64 m² położony w nowoczesnej inwestycji zaprojektowanej z myślą o komforcie mieszkańców. Przemyślany układ obejmuje jasny salon z aneksem kuchennym, dwie ustawne sypialnie,garderoba oraz funkcjonalny hol. Duże przeszklenia doskonale doświetlają wnętrza. Inwestycja została wykonana z materiałów o wysokich parametrach izolacyjnych, dzięki czemu mieszkanie jest energooszczędne i dobrze wyciszone. O komfort mieszkańców dba ogrzewanie podłogowe w całym lokalu oraz ogrzewanie i ciepła woda z miejskiej sieci. Do dyspozycji mieszkańców przygotowano garaż podziemny, komórki lokatorskie, rowerownię oraz wózkownię. Rozkład pomieszczeń: - salon z aneksem kuchennym – 20,74 m², - sypialnia – 13,00 m², - pokój – 11,72 m², - łazienka – 4,78 m², - pralnia – 2,74 m², - korytarz – 11,03 m². Powierzchnia mieszkania: 64,00 m² Balkon: 6,36 m² Dodatkowym atutem jest możliwość zakupu miejsca postojowego w garażu podziemnym:- miejsce pojedyncze – 49 000 zł, - miejsce rodzinne – 78 000 zł. Zapraszam do kontaktu i umówienia prezentacji. Małgorzata Masternak",,tak,,,,,50.257,19.017099
Katowice Dąb,ul. Akacjowa,3,57,410000,7193,bez pośredników,,15,https://adresowo.pl/o/mieszkanie-katowice-dab-ul-akacjowa-3-pokojowe-b7s1o8,https://s2.adresowa.pl/oi/34/74/41083a_7697_cover@2x-3-pokojowe-mieszkanie-katowice-dab-ul-akacjowa.webp,Katowice Dąb,Akacjowa,2,1970,blok,,"Oferuję mieszkanie na sprzedaż o powierzchni 57,77 m² zlokalizowane w czteropiętrowym bloku przy ulicy Akacjowej na drugim piętrze. Mieszkanie jest w stanie do remontu. W salonie są do dyspozycji dwa duże okna, które wpuszczają dużo naturalnego światła i zapewniają widok na miasto. W skład mieszkania wchodzą balkon oraz piwnica . Łazienka wyposażona jest w wannę, umywalkę i toaletę. Mieszkanie jest wyposażone w centralne ogrzewanie miejskie Lokal znajduje się w ocieplonym i odnowionym budynku z estetyczną klatką schodową. Przed budynkiem są darmowe miejsca parkingowe dla mieszkańców. Jest możliwość korzystania z garażu przy bloku Mieszkanie jest dobrze skomunikowane. Blisko do Silesia City Center (restauracje, rozrywka, zakupy) oraz Parku Śląskiego - idealnego miejsca na rekreację i weekendowy odpoczynek . Wokół znajduje się pełna infrastruktura: sklepy, punkty usługowe, oraz przystanki komunikacji miejskiej. Niedaleko znajduje się węzeł drogowy DK79 i autostrady A4, oraz możliwość dojazdu zarówno do ścisłego centrum Katowic, jak i miast ościennych (Chorzów, Gliwice, Mikołów). Mieszkanie znajduje się bardzo blisko Parku Śląskiego, Wesołego Miasteczka. Świadectwo energetyczne będzie dołączone Zapraszam do kontaktu i umówienia się na prezentację!",tak,tak,osobna,plastikowe,spółdzielcze własnościowe,,50.272267,18.993961
Katowice Giszowiec,ul. Miła,3,61,428000,7016,bez pośredników,,16,https://adresowo.pl/o/mieszkanie-katowice-giszowiec-ul-mila-3-pokojowe-d2p8d9,https://s2.adresowa.pl/oi/1a/6a/41082c_db87_cover@2x-3-pokojowe-mieszkanie-katowice-giszowiec-ul-mila.webp,Katowice Giszowiec,Miła,2,1980,blok,,"Na sprzedaż przestronne, 3-pokojowe mieszkanie o powierzchni 62,47 m² wraz z piwnicą, położone przy ul. Miłej w Katowicach, w zielonej części Giszowca. Mieszkanie znajduje się na 2 piętrze w 4-piętrowym budynku z lat 80., posiada balkon i piwnicę oraz dodatkową komórkę lokatorską. To propozycja dla osób, które szukają dużego, funkcjonalnego mieszkania z możliwością urządzenia go całkowicie według własnego pomysłu. Na powierzchnię składają się: - 3 pokoje, - osobna kuchnia, - łazienka, - osobne WC, - duży przedpokój, - balkon. Duży potencjał aranżacyjny Mieszkanie jest do remontu, dlatego nowy właściciel może zaplanować wnętrze od podstaw, bez konieczności dostosowywania się do wcześniejszych aranżacji. Duża powierzchnia i trzy niezależne pokoje dają wiele możliwości urządzenia przestrzeni - zarówno dla rodziny, jak i osób potrzebujących dodatkowego pokoju do pracy lub własnego hobby. Zielona okolica Giszowca i wygodna lokalizacja Jednym z dużych atutów mieszkania jest jego położenie. Z okien rozciąga się widok na zieleń oraz plac zabaw, dzięki czemu mieszkanie nie jest bezpośrednio otoczone innymi budynkami. Nieruchomość znajduje się w dobrze zagospodarowanej części Giszowca, gdzie wszystko, czego potrzeba na co dzień, jest w zasięgu ręki. W pobliżu znajdują się sklepy, punkty usługowe, szkoły i przedszkola, apteki, przychodnie oraz przystanki komunikacji miejskiej. Zaletą lokalizacji jest również bliskość terenów zielonych i rekreacyjnych, charakterystycznych dla Giszowca. To dobre miejsce zarówno dla osób ceniących spokojne otoczenie, jak i dla tych, którzy na co dzień dojeżdżają do innych części Katowic. Informacje techniczne i atuty nieruchomości: - powierzchnia: 62,47 m² wraz z piwnicą - 3 niezależne pokoje - osobna kuchnia - łazienka + osobne WC - duży przedpokój - balkon - piwnica - 2 piętro w 4-piętrowym budynku - budynek z lat 80. - ogrzewanie miejskie - ciepła i zimna woda z sieci miejskiej - księga wieczysta - zielony widok z okna, plac zabaw w bezpośrednim otoczeniu - spokojna lokalizacja na Giszowcu - mieszkanie do remontu OGŁOSZENIE PRYWATNE. Zapraszam do kontaktu i obejrzenia nieruchomości. Nie jestem zainteresowana współpracą z biurami nieruchomości ani pośrednikami. Proszę o uszanowanie tej prośby.",tak,,osobna,plastikowe,własność,,50.224959,19.072405
Katowice Śródmieście,ul. Stanisława Fliegera,4,120,999000,8325,bez pośredników,,8,https://adresowo.pl/o/mieszkanie-katowice-srodmiescie-ul-stanislawa-fliegera-4-pokojowe-a7t6u1,https://s2.adresowa.pl/oi/34/3b/410614_51d9_cover@2x-4-pokojowe-mieszkanie-katowice-srodmiescie-ul-stanislawa-fliegera.webp,Katowice Śródmieście,Stanisława Fliegera,3,1993,blok,,"Mieszkanie zlokalizowane jest przy ul. Fliegera w Katowicach, w dzielnicy Śródmieście, około 2 km od rynku i około 600 m od Parku Kościuszki. W pobliżu dostępna jest pełna infrastruktura miejska, a położenie zapewnia dogodny dojazd do centrum oraz głównych tras wylotowych, m.in. A4 i DK86. Lokal znajduje się na 3., najwyższym piętrze budynku z 1993 roku. Budynek nie posiada windy. Mieszkanie Łączna powierzchnia mieszkalna na dwóch poziomach wynosi 120 m². Ekspozycja na kilka stron świata, dobrze doświetlone. Wymaga lekkiego odświeżenia. Pierwszy poziom: • salon z kuchnią, wyspą i pełną zabudową AGD - ok. 35 m², • balkon - ok. 11 m², ekspozycja południowa, • sypialnia - ok. 15 m² z łazienka i garderobą/gabinetem, • strefa wejściowa z zabudową szaf, • toaleta, • schody prowadzące na drugi poziom. Drugi poziom: • sypialnia - ok. 20 m² z wyjściem na taras, • taras - ok. 34 m², ekspozycja południowa, • pokój kąpielowy z wanną, prysznicem i sauną, • hol z wyjściem na taras. Ogrzewanie oraz ciepła woda pochodzą z sieci miejskiej. Do mieszkania przynależą indywidualne, przestrzenne miejsce parkingowe w garażu pod budynkiem oraz komórka lokatorska o powierzchni ok. 10 m². Aktualny czynsz to 2200 zł (SM Górnik). Cena 999 000 zł - cena całkowita za mieszkanie wraz z miejscem parkingowym w garażu i komórką lokatorską. Przy powierzchni mieszkalnej 120 m² oznacza to 8 325 zł/m². Jest to bardzo atrakcyjna cena za m², szczególnie biorąc pod uwagę, że w cenie całego pakietu znajduje się również ok. 34 m² tarasu, balkon ok. 11 m², indywidualne miejsce parkingowe w garażu pod budynkiem oraz ok. 10 m² komórki lokatorskiej. Sprzedaż wyłącznie w całości. Zdjęcia Wszystkie zdjęcia w ogłoszeniu są autentyczne i przedstawiają rzeczywisty wygląd mieszkania. Nie zostały wygenerowane ani zmodyfikowane przy użyciu AI. Więcej zdjęć dostępnych na zapytanie. Współpraca z agencjami Akceptujemy współpracę z agencjami, jednak nie na zasadzie wyłączności.",tak,tak,aneks,,,,50.25058,19.006921
Katowice,Nikiszowiec,2,39,398412,10216,Pośrednik,,5,https://adresowo.pl/o/mieszkanie-katowice-nikiszowiec-2-pokojowe-39-m2-z5j3j1,https://s2.adresowa.pl/oi/2a/57/3ff146_7d7a_cover@2x-2-pokojowe-mieszkanie-katowice-nikiszowiec.webp,Katowice Nikiszowiec,,2,,apartamentowiec,,"Na sprzedaż funkcjonalne mieszkanie o powierzchni 39 m² znajduje się na II piętrze nowoczesnego budynku w jednej z najbardziej klimatycznych części Katowic – Nikiszowcu. To miejsce, które łączy wyjątkowy charakter historycznej dzielnicy z nowoczesną infrastrukturą i komfortem codziennego życia. Funkcjonalny układ mieszkania:- przestronny salon z aneksem kuchennym - ustawna sypialnia zapewniająca komfort i prywatność, - łazienka - funkcjonalny przedpokój z przestrzenią na zabudowę, - duży balkon o powierzchni 5,74 m². Atuty inwestycji:- kameralne, nowoczesne osiedle. - Zielone strefy wypoczynku stworzone z myślą o mieszkańcach. - Plac zabaw dla najmłodszych. - Infrastruktura rowerowa sprzyjająca aktywnemu stylowi życia. - Garaże podziemne oraz miejsca postojowe. - Wysoka jakość wykonania i nowoczesne rozwiązania architektoniczne. Doskonała lokalizacja Mieszkanie znajduje się w spokojnej, zielonej części Katowic – Nikiszowca, cenionej za wyjątkowy klimat oraz świetne połączenie z centrum miasta.- około 12 minut do ścisłego centrum Katowic, - szybki dojazd do autostrady A4, DK86 oraz DTŚ, - w pobliżu sklepy, szkoły, przedszkola, punkty usługowe i przystanki komunikacji miejskiej, - liczne tereny zielone i rekreacyjne w zasięgu krótkiego spaceru. To doskonała propozycja zarówno dla singla, pary, młodej rodziny, jak również dla osób szukających bezpiecznej inwestycji pod wynajem. Atrakcyjna lokalizacja i funkcjonalny układ mieszkania gwarantują wysoki potencjał inwestycyjny. Cena 398 412 zł Kupujący nie płaci podatku PCC ani prowizji! Zapraszam do kontaktu i umówienia prezentacji Małgorzata Masternak",,tak,aneks,plastikowe,,,50.24317,19.08331
Katowice,ul. Odrowążów 1,2,65,519000,7985,Pośrednik,,19,https://adresowo.pl/o/mieszkanie-katowice-ul-odrowazow-2-pokojowe-z6z2g3,https://s2.adresowa.pl/oi/23/30/3ff13e_7571_cover@2x-2-pokojowe-mieszkanie-katowice-ul-odrowazow.webp,Katowice ,Odrowążów 1,1,1917,kamienica,,"Jeśli marzysz o mieszkaniu w jednej z najbardziej rozpoznawalnych dzielnic Katowic, z wyjątkową ceglaną architekturą, zielonymi dziedzińcami i niepowtarzalnym klimatem, ta oferta zasługuje na Twoją uwagę. Na sprzedaż oferujemy mieszkanie o powierzchni 65 m² , położone na 1 piętrze zabytkowej kamienicy przy ul. Odrowążów 1 . Układ mieszkania Powierzchnia mieszkania zapewnia wygodę zarówno dla pary, jak i rodziny. W skład mieszkania wchodzą: przestronny duży pokój z wydzieloną strefą wypoczynkową oraz miejscem do pracy lub nauki, duża ustawna sypialnia, oddzielna, duża kuchnia z miejscem do spożywania posiłków i wyjściem na balkon, łazienka przedpokój Do mieszkania przynależą: balkon piwnica komórka lokatorska Przed budynkiem znajdują się ogólnodostępne miejsca parkingowe dla mieszkańców. Stan techniczny Mieszkanie jest zadbane i funkcjonalne, jednak nowy właściciel będzie miał możliwość dostosowania części wnętrz do własnych potrzeb i gustu. Łazienka oraz przedpokój zostały wyremontowane około 1,5 roku temu , dzięki czemu najważniejsze prace w tej części mieszkania są już wykonane. Kuchnia oraz ściany w pokojach wymagają odświeżenia lub remontu , co daje przyszłemu właścicielowi możliwość stworzenia wnętrza odpowiadającego własnym oczekiwaniom, bez konieczności ingerowania w układ pomieszczeń. Lokalizacja Nikiszowiec od lat przyciąga osoby ceniące wyjątkową architekturę i niepowtarzalną atmosferę. To miejsce, które żyje przez cały rok - pełne restauracji, kawiarni, galerii oraz wydarzeń kulturalnych. W pobliżu znajdują się: sklepy, w tym nowo otwarty Lidl, szkoły i przedszkola przystanki komunikacji miejskiej, liczne ścieżki rowerowe, tereny spacerowe i rekreacyjne. W bezpośrednim sąsiedztwie realizowana jest jedna z największych inwestycji w Katowicach - Hub Gamingowo-Technologiczny , który powstaje na terenach dawnej KWK „Wieczorek”. To projekt obejmujący rewitalizację historycznych zabudowań oraz stworzenie nowoczesnej przestrzeni dla firm z branży nowych technologii, IT, gamingu i e-sportu. Docelowo znajdą się tam m.in. powierzchnie biurowe, laboratoria, przestrzenie coworkingowe oraz zaplecze edukacyjne i konferencyjne. Inwestycja ma stać się nowym centrum innowacji i jednym z najważniejszych projektów rozwojowych miasta. Dla właściciela mieszkania oznacza to nie tylko wygodne miejsce do życia, ale również lokalizację o dużym potencjale wzrostu atrakcyjności i wartości w kolejnych latach. Dlaczego warto? funkcjonalny układ z dużą, oddzielną kuchnią i balkonem, łazienka i przedpokój po remoncie (ok. 1,5 roku temu), możliwość urządzenia kuchni według własnego projektu, 65 m² na 1 piętrze, balkon, piwnica i komórka lokatorska, ogrzewanie miejskie, parking pod budynkiem, zabytkowa część Nikiszowca, lokalizacja w sąsiedztwie powstającego Hubu Gamingowo-Technologicznego - jednej z największych inwestycji rozwojowych w Katowicach. Cena: 519 000 zł Zapraszamy do kontaktu oraz umówienia prezentacji. Pośrednik odpowiedzialny zawodowo za wykonanie umowy pośrednictwa: Monika Biały (licencja nr: 28989)",,,,plastikowe,własność,,50.242125,19.08292
Katowice Szopienice,ul. Morawa,2,39,340000,8718,bez pośredników,,8,https://adresowo.pl/o/mieszkanie-katowice-szopienice-ul-morawa-2-pokojowe-w0u4z6,https://s2.adresowa.pl/oi/4a/48/40fecc_3f56_cover@2x-2-pokojowe-mieszkanie-katowice-szopienice-ul-morawa.webp,Katowice Szopienice,Morawa,1,1980,blok,,"Na sprzedaż bez pośredników oferuję 2-pokojowe mieszkanie, położone przy ul. Morawa 91C w Katowicach (10 piętrowy blok z 1980roku) – w wyjątkowej lokalizacji, tuż przy terenach rekreacyjnych i stawie Morawa. Budynek przeszedł w ubiegłym roku termomodernizację – został ocieplony oraz odświeżony poprzez malowanie elewacji. To propozycja dla osoby, która zamiast kupować mieszkanie urządzone „pod kogoś”, chce stworzyć własne wnętrze od podstaw, dokładnie według swoich potrzeb i gustu. Najważniejsze atuty mieszkania: 2 niezależne pokoje 1. piętro blok z windą balkon piwnica ogrzewanie miejskie prąd i gaz mieszkanie do remontu / własnej aranżacji blok po remoncie spokojna i zielona okolica staw Morawa praktycznie na wyciągnięcie ręki LOKALIZACJA – największy atut Tutaj naprawdę kupujesz nie tylko 39 m², ale również otoczenie. Mieszkanie znajduje się w spokojnej części Katowic, w bezpośrednim sąsiedztwie stawu Morawa oraz kompleksu terenów zielonych i rekreacyjnych. To świetne miejsce dla osób, które chcą po pracy wyjść z domu na spacer, pobiegać, pojeździć na rowerze czy po prostu odpocząć nad wodą. W ostatnich latach okolica zyskała również nową infrastrukturę rekreacyjną – m.in. odnowione kąpielisko, alejki pieszo-rowerowe, miejsca wypoczynku, plac zabaw, siłownię plenerową i inne udogodnienia. To zdecydowanie jeden z tych adresów w Katowicach, gdzie połączenie miasta i natury jest wyjątkowo dobrze widoczne. Czynsz wynosi około 900 zł miesięcznie przy 3 osobach. W czynszu znajdują się m.in. zaliczki na ogrzewanie, wywóz odpadów oraz pozostałe opłaty administracyjne. MOŻLIWA ZAMIANA NA WIĘKSZE Rozważę również zamianę mieszkania na większe, najchętniej 3-pokojowe w Katowicach. Interesuje mnie przede wszystkim mieszkanie znajdujące się w spokojnej i zielonej okolicy. Możliwa dopłata z mojej strony – wysokość do indywidualnego uzgodnienia w zależności od proponowanego mieszkania. CENA: 340 000 zł Zapraszam osoby zainteresowane zakupem lub zamianą do kontaktu i obejrzenia mieszkania. Jeżeli szukasz mieszkania w Katowicach, ale nie chcesz mieszkać w gęstej zabudowie i zależy Ci na zieleni, wodzie, balkonie i spokojnym otoczeniu, warto zobaczyć tę nieruchomość na żywo. Takie położenie trudno odtworzyć remontem – lokal można wyremontować, ale lokalizacji już nie.",tak,,,,,,50.265933,19.103099
Katowice,os. Tysiąclecia,2,37,385000,10405,bez pośredników,,8,https://adresowo.pl/o/mieszkanie-katowice-os-tysiaclecia-2-pokojowe-37-m2-v9d9y5,https://s2.adresowa.pl/oi/29/4a/40fcfa_50a1_cover@2x-2-pokojowe-mieszkanie-katowice-os-tysiaclecia.webp,Katowice os. Tysiąclecia,,7,,blok,,"2 pokoje, 37,78 m², 7. piętro - 3 minuty pieszo do Parku Śląskiego. Mieszkanie w dobrym stanie, gotowe do wprowadzenia, w budynku z kilkoma windami. Siódme piętro, w połowie wysokości bloku - okna wychodzą na zieleń. Ekspozycja zachodnia, zawsze jest słonecznie, niesamowite różowo-pomarańczowe zachody słońca. Lokalizacja jest tu najmocniejsza. Do Parku Śląskiego idzie się kilka minut pieszo, bez przechodzenia przez ruchliwą ulicę. Staw Maroko, ścieżki spacerowe, rowerowe, rolkowe - wszystko w zasięgu krótkiego spaceru. Z balkonu widać zieleń i kawałek stawu. Układ: salon połączony z kuchnią, osobna sypialnia, łazienka, przedpokój, długi balkon. Stan: salon i sypialnia utrzymane w jasnej, spokojnej kolorystyce - panele, białe ściany, dekoracyjna sztukateria na ścianie telewizyjnej. Kuchnia w zabudowie: białe fronty w połysku, wyspa z płytą indukcyjną i miejscem do jedzenia, piekarnik, lodówka w zabudowie. Balkon z siatką zabezpieczającą. Mieszkanie jest czyste i zadbane, można się wprowadzić od razu. Okolica: pełna infrastruktura osiedla - sklepy, szkoły, przychodnie, targ. Najbliższy sklep jest... w tym samym bloku :). Kilka metrów dalej mnóstwo innych sklepów, piekarnia, kawiarnia, warzywniaki. Do centrum Katowic kilkanaście minut komunikacją miejską. Do Silesii 8 minut autem i 9 min komunikacją. Przystanek autobusowy dokładnie pod blokiem, tramwajowy kilka minut pieszo dalej. Parking: teren osiedla zamknięty szlabanem, wjazd na identyfikator przypisany do mieszkańca. Miejsca ogólnodostępne dla mieszkańców, bez opłat dodatkowych. Sprzedaję, bo się przeprowadzam. Termin wydania do uzgodnienia. Księga wieczysta czysta, bez hipoteki. Oferta bezpośrednio od właściciela - kupujący nie płaci prowizji. 385 000 zł",,,aneks,,,"Wyposażenie: lodówka, piekarnik",50.278957,18.974086
Katowice Śródmieście,ul. Adama Mickiewicza,4,158,1582600,10016,bez pośredników,,8,https://adresowo.pl/o/mieszkanie-katowice-srodmiescie-ul-adama-mickiewicza-4-pokojowe-a4x5l7,https://s2.adresowa.pl/oi/46/30/40f56a_7a36_cover@2x-4-pokojowe-mieszkanie-katowice-srodmiescie-ul-adama-mickiewicza.webp,Katowice Śródmieście,Adama Mickiewicza,3,2011,kamienica,,"Na sprzedaż przestronne i słoneczne mieszkanie położone przy ul. Mickiewicza 21, w centrum Katowic. Lokal znajduje się na 3. piętrze czterokondygnacyjnej, modernistycznej kamienicy z lat 30. Budynek wyposażony jest w windę. Najważniejsze informacje: powierzchnia: 158,26 m² liczba pokoi: 5 wysokość pomieszczeń: około 3 m oryginalny parkiet dębowy własne ogrzewanie gazowe piec dwufunkcyjny mieszkanie bezczynszowe winda w budynku Duża powierzchnia, wysokie wnętrza i funkcjonalny układ sprawiają, że lokal nadaje się zarówno do zamieszkania, jak i do wykorzystania na biuro, kancelarię, pracownię lub gabinety. Sprzedaż bezpośrednia, bez pośredników. Cena: 10 000 zł/m² Cena całkowita: 1 582 600 zł",,,,,,,50.262558,19.015695
Katowice Śródmieście,ul. Barbary,2,37,663184,17924,Pośrednik,,4,https://adresowo.pl/o/mieszkanie-katowice-srodmiescie-ul-barbary-2-pokojowe-v6f2o8,https://s2.adresowa.pl/oi/70/6e/3ff12e_820a_cover@2x-2-pokojowe-mieszkanie-katowice-srodmiescie-ul-barbary.webp,Katowice Śródmieście,Barbary,parter,,apartamentowiec,,"Na sprzedaż przestronny apartament o powierzchni 37 m² położony w nowoczesnej inwestycji zaprojektowanej z myślą o komforcie mieszkańców. Przemyślany układ obejmuje jasny salon z aneksem kuchennym, dwie ustawne sypialnie, garderobę oraz funkcjonalny hol. Duże przeszklenia doskonale doświetlają wnętrza. Inwestycja została wykonana z materiałów o wysokich parametrach izolacyjnych, dzięki czemu mieszkanie jest energooszczędne i dobrze wyciszone. O komfort mieszkańców dba ogrzewanie podłogowe w całym lokalu oraz ogrzewanie i ciepła woda z miejskiej sieci. Do dyspozycji mieszkańców przygotowano garaż podziemny, komórki lokatorskie, rowerownię oraz wózkownię. Rozkład pomieszczeń: Rozkład pomieszczeń- salon z aneksem kuchennym – 15,90 m², - sypialnia – 13,18 m², - łazienka – 4,51 m², - przedpokój – 3,05 m². Powierzchnia mieszkania: 37 m² Ogródek: 20,62 m² Dodatkowym atutem jest możliwość zakupu miejsca postojowego w garażu podziemnym:- miejsce pojedyncze – 49 000 zł, - miejsce rodzinne – 78 000 zł. Zapraszam do kontaktu i umówienia prezentacji. Małgorzata Masternak",,tak,,,,,50.257,19.017099
Katowice Śródmieście,ul. Barbary,4,73,1092170,14961,Pośrednik,,5,https://adresowo.pl/o/mieszkanie-katowice-srodmiescie-ul-barbary-4-pokojowe-c3l6x6,https://s2.adresowa.pl/oi/63/68/3ff12a_3f14_cover@2x-4-pokojowe-mieszkanie-katowice-srodmiescie-ul-barbary.webp,Katowice Śródmieście,Barbary,parter,,apartamentowiec,,"Nowoczesny apartament 4-pokojowy z ogródkiem – komfort i funkcjonalność dla całej rodziny Na sprzedaż przestronny apartament o powierzchni 73,30 m² z prywatnym ogródkiem o powierzchni 15,87 m², położony w nowoczesnej inwestycji zaprojektowanej z myślą o komforcie mieszkańców. Przemyślany układ obejmuje jasny salon z aneksem kuchennym, trzy ustawne sypialnie, dwie łazienki oraz funkcjonalny hol. Duże przeszklenia doskonale doświetlają wnętrza, a ogródek. Inwestycja została wykonana z materiałów o wysokich parametrach izolacyjnych, dzięki czemu mieszkanie jest energooszczędne i dobrze wyciszone. O komfort mieszkańców dba ogrzewanie podłogowe w całym lokalu oraz ogrzewanie i ciepła woda z miejskiej sieci PEC. Do dyspozycji mieszkańców przygotowano garaż podziemny, komórki lokatorskie, rowerownię oraz wózkownię. Rozkład pomieszczeń:- salon z aneksem kuchennym – 19,33 m², - sypialnia – 13,40 m², - pokój – 12,36 m², - pokój – 10,95 m², - łazienka – 5,16 m², - druga łazienka – 2,73 m², - komunikacja – 9,37 m². Dodatkowym atutem jest możliwość zakupu miejsca postojowego w garażu podziemnym:- miejsce pojedyncze – 49 000 zł, - miejsce rodzinne – 78 000 zł. Zapraszam do kontaktu i umówienia prezentacji. Małgorzata Masternak",,tak,,,,,50.257,19.017099
Katowice Brynów,ul. Brynowska,2,44,330000,7500,bez pośredników,,10,https://adresowo.pl/o/mieszkanie-katowice-brynow-ul-brynowska-2-pokojowe-m2z1y1,https://s2.adresowa.pl/oi/31/48/40f1b8_7541_cover@2x-2-pokojowe-mieszkanie-katowice-brynow-ul-brynowska.webp,Katowice Brynów,Brynowska,5,1976,blok,,"KATOWICE UL. BRYNOWSKA Na sprzedaż bez pośredników oferuję 2-pokojowe mieszkanie o powierzchni 44,8 m², usytuowane na V piętrze wieżowca z dwiema nowoczesnymi windami. Mieszkanie jest gotowe do zamieszkania z pełnym wyposażeniem (meble, szafy przesuwane, sprzęt AGD, telewizor, nowoczesna łazienka), dostępne od zaraz. Opis mieszkania: • powierzchnia 44,8 m² • dwa niezależne pokoje • funkcjonalny układ pomieszczeń • drzwi wejściowe wygłuszone • balkon w salonie • wschodnia ekspozycja okien • okna PCV • ogrzewanie z sieci miejskiej • ciepła woda z piecyka gazowego - serwisowany Junkers • dwie nowoczesne windy w tym jedna duża • wyremontowana klatka schodowa • parking przeznaczony dla mieszkańców przed budynkiem. Brynów to dzielnica Katowic z dużą ilością zieleni i świetnie skomunikowana. Znakomita lokalizacja mieszkania powoduje, iż dystans do przystanków autobusowych to zaledwie od 50 do 200 metrów, natomiast do przystanku tramwajowego to 350 metrów. Centrum Przesiadkowe Brynów oddalone o 900 m. Wszystko to umożliwia szybki dojazd do centrum Katowic i sąsiednich miast nie tylko samochodem. Spacer do Parku Kościuszki zajmuje natomiast zaledwie 15 minut. W bliskiej odległości są sklepy: Aldi (250m) Biedronka i OBI (500m) i w nieco dalszej Kaufland, Lidl, E.Leclerc, Galeria Libero (mniej niż 1,8 km). W bezpośredniej okolicy są także przedszkole, szkoły, restauracje, kawiarnie, punkty gastronomiczne, kluby fitness, place zabaw, przychodnie, apteki i liczne punkty usługowe. Miesięczny czynsz obejmujący fundusz remontowy, termoizolacyjny i eksploatacyjny oraz koszty centralnego ogrzewania wynosi około 830 zł. Koszty pozostałych mediów (prąd, woda, gaz) oraz wywozu śmieci to około 300 zł.",,,,plastikowe,,Wyposażenie: telewizor,50.236019,18.994866
Katowice Brynów,ul. Mikołowska,2,37,350000,9459,bez pośredników,,8,https://adresowo.pl/o/mieszkanie-katowice-brynow-ul-mikolowska-2-pokojowe-x5p3p0,https://s2.adresowa.pl/oi/20/24/40ef88_455b_cover@2x-2-pokojowe-mieszkanie-katowice-brynow-ul-mikolowska.webp,Katowice Brynów,Mikołowska,9,,blok,,"Sprzedam dwupokojowe umeblowane mieszkanie, wyposażone w sprzęt AGD (pralka, kuchenka gazowa, piekarnik, lodówka). Mieszkanie o powierzchni 37 m2 jest bardzo funkcjonalne. Znajduje się na 9 piętrze. Mieszkanie składa się z salonu, sypialni, kuchni, łazienki, przedpokoju i balkonu. Atutem mieszkania jest jasny, przestronny salon z balkonem oraz z dużą zabudowaną szafą. POnadto oddzielna, kuchnia w zabudowie oraz sypialnia z zabudowaną szafą i łóżkiem. W mieszkaniu wyremontowana jest łazienka oraz kuchnia, podłoga w przedpokoju, wymienione zostały drzwi zewnętrzne. W najbliższym czasie zamontowane zostaną nowe drzwi wewnętrzne wraz z ościeżnicami. Do mieszkania przynależy piwnica. Mieszkanie posiada bardzo dobrą lokalizację, przez ostatnich kilka lat było bezproblemowo wynajmowane. Oferta prywatna (bez pośredników). Zapraszam do oglądania lokalu.",tak,,osobna,,,"Wyposażenie: kuchenka, lodówka, piekarnik, pralka",50.245186,18.996278
Katowice Śródmieście,ul. ks. bp. Teodora Kubiny,3,47,419000,8915,bez pośredników,,11,https://adresowo.pl/o/mieszkanie-katowice-srodmiescie-ul-ks-bp-teodora-kubiny-3-pokojowe-u9p6i5,https://s2.adresowa.pl/oi/58/41/40ebbc_80e9_cover@2x-3-pokojowe-mieszkanie-katowice-srodmiescie-ul-ks-bp-teodora-kubiny.webp,Katowice Śródmieście,ks. bp. Teodora Kubiny,1,1970,blok,,"Sprzedaję 3-pokojowe mieszkanie przy ul. Kubiny 5 w Katowicach, położone na 1. piętrze. Mieszkanie ma ok. 50 m² faktycznie użytkowanej przestrzeni. W akcie widnieje 47 m² - dodatkowe ok. 3 m² stanowi obecnie część powiększonej kuchni. Do mieszkania przynależy również piwnica. Cena: 419 000 zł - do rozsądnej negocjacji. Największym atutem mieszkania jest dla mnie lokalizacja. Jest cicho, zielono i spokojnie, a jednocześnie do centrum Katowic jest około 1,5 km. W pobliżu są uczelnie, komunikacja miejska, sklepy i wszystko, co potrzebne na co dzień. Przedszkole znajduje się w sąsiednim budynku, a przed blokiem jest zielony ogródek dostępny dla mieszkańców. Mieszkanie jest odświeżone, zadbane i gotowe do zamieszkania od zaraz. Jest w dobrym stanie technicznym, a wszystkie instalacje są sprawne. Nie jest umeblowane, natomiast pozostaje w nim stała zabudowa wraz ze sprzętem AGD. W kuchni są szafki oraz zmywarka, pralka i lodówka - sprzęty są sprawne i w bardzo dobrym stanie. W przedpokoju zostają również pojemne szafy w zabudowie. Lokalizacja: - przedszkole - w sąsiednim budynku, - ASP - ok. 400 m / 5 min pieszo, - AWF - ok. 500-700 m / 7-10 min pieszo, - Uniwersytet Ekonomiczny - w dogodnej odległości, - Dworzec PKP, Galeria Katowicka i centrum - kilka minut komunikacją miejską, - szybki dojazd do autostrady A4. W pobliżu znajdują się także sklepy, punkty usługowe, apteki i przystanki komunikacji miejskiej. Moim zdaniem mieszkanie bardzo dobrze sprawdzi się zarówno do wygodnego życia, jak i jako inwestycja pod wynajem - szczególnie ze względu na bliskość centrum, uczelni i komunikacji. Sprzedaż bezpośrednio przez właścicielkę. Jeśli nie odbiorę, oddzwonię. Ewentualnie proszę o wiadomość sms, zadzwonię. Pośrednikom dziękuję.",tak,,,plastikowe,,"Wyposażenie: lodówka, pralka, zmywarka",50.252669,19.003459
Katowice Brynów,ul. Władysława Orkana,2,50,565000,11300,Pośrednik,,11,https://adresowo.pl/o/mieszkanie-katowice-brynow-ul-wladyslawa-orkana-2-pokojowe-a4t8s9,https://s2.adresowa.pl/oi/11/4f/3fb824_cf44_cover@2x-2-pokojowe-mieszkanie-katowice-brynow-ul-wladyslawa-orkana.webp,Katowice Brynów,Władysława Orkana,1,2008,apartamentowiec,,"Powierzchnia i układ: 50,25 m² (łączna powierzchnia wraz z przynależną komórką lokatorską). Niezwykle przytulne i funkcjonalne mieszkanie usytuowane na 1. piętrze w kameralnym apartamentowcu z 2008 roku. Z salonu wychodzi się na przyjemny balkon. Położenie: Na prestiżowym, zamkniętym i strzeżonym osiedlu Ligota Park. Całodobowa ochrona oraz rozbudowany monitoring zapewniają mieszkańcom poczucie bezpieczeństwa, spokój i wysoki komfort codziennego życia. Stan nieruchomości: Nieruchomość po generalnym remoncie w 2019 roku – gotowa do wprowadzenia bez dodatkowych nakładów finansowych! W cenie nieruchomości pozostaje pełne wyposażenie i umeblowanie (widoczne na zdjęciach), w tym zabudowa kuchenna wraz ze sprzętem AGD (pralka, zmywarka, lodówka, kuchenka, piekarnik). Dla zapewnienia wyjątkowego komfortu cieplnego w całym mieszkaniu (za wyjątkiem sypialni) zainstalowano ogrzewanie podłogowe. Dodatkowo: Do mieszkania przynależy pojemna komórka lokatorska w piwnicy (w cenie) oraz wygodne miejsce postojowe w garażu podziemnym (możliwość zakupu w cenie 40 000 zł). Lokalizacja – Katowice, Brynów / Ligota Park (ul. Władysława Orkana)- Okolica: Jedna z najbardziej poszukiwanych lokalizacji w Katowicach. Osiedle bezpośrednio sąsiaduje z Akademią Śląską. Tuż obok znajduje się również park – idealne miejsce na spacer i odpoczynek. - Infrastruktura: W bezpośrednim sąsiedztwie znajduje się kompletna infrastruktura miejska:- Sklepy: Kaufland, Lewiatan, Stokrotka - Restauracje i kawiarnie: Bistro A nóż widelec, Susharnia, Kurczak z Rożna - Edukacja: Przedszkola, szkoły oraz uczelnia wyższa tuż obok - Komunikacja: W pobliżu znajdują się przystanki komunikacji miejskiej, gwarantujące sprawny i szybki dojazd do ścisłego centrum Katowic oraz sąsiednich dzielnic. Dodatkowe informacje:- Stan prawny: Pełna własność, czysta księga wieczysta - Cena: 565 000 zł + 40 000 zł za miejsce w garażu podziemnym Jeśli chcesz zobaczyć ten lokal na żywo lub masz dodatkowe pytania – zapraszam do kontaktu!",tak,,,plastikowe,własność,"Wyposażenie: kuchenka, lodówka, piekarnik, pralka, zmywarka",50.230357,18.986144
Katowice Śródmieście,ul. Teatralna 17,2,38,206000,5421,Pośrednik,,6,https://adresowo.pl/o/mieszkanie-katowice-srodmiescie-ul-teatralna-2-pokojowe-o4b5f1,https://s2.adresowa.pl/oi/35/5b/3fae20_6aea_cover@2x-2-pokojowe-mieszkanie-katowice-srodmiescie-ul-teatralna.webp,Katowice Śródmieście,Teatralna 17,6,,blok,,"Wyjątkowa okazja inwestycyjna w centrum Katowic - lokal do adaptacji na mieszkanie Opis nieruchomości Na sprzedaż lokal stanowiący część nieruchomości wspólnej Wspólnoty Mieszkaniowej, położony w doskonałej lokalizacji - przy ul. Teatralnej 17 w Katowicach , zaledwie kilka minut spacerem od Rynku. Obecnie lokal pełni funkcję suszarni i pralni , jednak zgodnie z opracowanym operatem został przeznaczony do adaptacji na lokal mieszkalny lub użytkowy , co czyni go atrakcyjną propozycją dla inwestorów. To doskonała okazja dla osób poszukujących nieruchomości z potencjałem wzrostu wartości w ścisłym centrum miasta. Najważniejsze atuty ✅ prestiżowa lokalizacja w centrum Katowic ✅ możliwość adaptacji na mieszkanie lub lokal użytkowy ✅ budynek wielorodzinny ✅ świetna propozycja inwestycyjna ✅ doskonała komunikacja miejska ✅ w pobliżu uczelnie, biura, restauracje, sklepy i instytucje kultury Lokalizacja Ul. Teatralna to jedna z najbardziej pożądanych lokalizacji w Katowicach. W najbliższym otoczeniu znajdują się: Rynek Dworzec PKP Galeria Katowicka Strefa Kultury Spodek Uniwersytet Śląski liczne restauracje i kawiarnie przystanki autobusowe i tramwajowe Lokalizacja zapewnia bardzo duży potencjał zarówno pod wynajem długoterminowy, jak i działalność gospodarczą. Informacje dodatkowe lokal obecnie pełni funkcję suszarni i pralni - wysokość pomieszczenia 2,33 - 2,36 m. pomieszczenie suszarni usytuowane jest na 6 piętrze drugi pomieszczenie - pralnia - usytuowane na 5,5 piętrze sprzedaż obejmuje lokal przeznaczony do adaptacji zgodnie z obowiązującymi procedurami i wymaganymi uzgodnieniami, szczegółowa dokumentacja oraz operat szacunkowy dostępne do wglądu. Zapraszam do kontaktu w celu uzyskania szczegółowych informacji oraz umówienia prezentacji. Pośrednik odpowiedzialny zawodowo za wykonanie umowy pośrednictwa: Karolina Niedźwiedzka (licencja nr: 6910)",,,,,własność,,50.259855,19.025477
Katowice Śródmieście,ul. Jana Matejki,2,47,419000,8915,bez pośredników,,5,https://adresowo.pl/o/mieszkanie-katowice-srodmiescie-ul-jana-matejki-2-pokojowe-n7u6l9,https://s2.adresowa.pl/oi/3b/40/40ead0_e7af_cover@2x-2-pokojowe-mieszkanie-katowice-srodmiescie-ul-jana-matejki.webp,Katowice Śródmieście,Jana Matejki,1,,kamienica,,"Na sprzedaż 2-pokojowe mieszkanie o powierzchni 47,86 m2 z indywidualnym, zamykanym garażem w podwórku, położone przy ul. Jana Matejki w Katowicach. Mieszkanie znajduje się na 1 piętrze w 5-piętrowym budynku i składa się z 2 pokoi, kuchni, spiżarni, łazienki i przedpokoju. Atutem nieruchomości jest indywidualny, zamykany garaż znajdujący się na terenie podwórka. Czynsz ok. 600 zł miesięcznie.",,tak,,,,,50.258869,19.014165
Katowice Bogucice,ul. ks. Franciszka Ścigały,3,52,509000,9788,bez pośredników,,16,https://adresowo.pl/o/mieszkanie-katowice-bogucice-ul-ks-franciszka-scigaly-3-pokojowe-s5g1x4,https://s2.adresowa.pl/oi/6e/6b/40e6bc_d471_cover@2x-3-pokojowe-mieszkanie-katowice-bogucice-ul-ks-franciszka-scigaly.webp,Katowice Bogucice,ks. Franciszka Ścigały,3,1978,blok,,"*NIE WSPÓŁPRACUJĘ Z BIURAMI NIERUCHOMOŚCI, SPRZEDAŻ BEZPOŚREDNIA* Sprzedam bezpośrednio widne trzypokojowe mieszkanie z balkonem o pow. 52,06m2 + piwnica 3,7m2 w Katowicach, Bogucicach, os. Ścigały. Mieszkanie w bloku z 1978roku na 3 piętrze w 4-piętrowym bloku. Do mieszkania przynależy balkon o pow. ok 3m2 oraz piwnica 3,7m2. Wejście do klatki zabezpieczone domofonem. Blok po termomodernizacji i remoncie balkonów. W 2021 roku przeprowadzono generalny remont mieszkania. Lokal jest gotowy do zamieszkania bez konieczności przeprowadzania dodatkowych prac. Układ mieszkania: -3 niezależne pokoje -osobna widna kuchnia -łazienka z WC -przedpokój -balkon (wyjście na balkon z salonu) -ekspozycja wschód-zachód Pomieszczenia są jasne i funkcjonalne a układ mieszkania pozwala na wygodne wykorzystanie całej powierzchni. Generalny remont w 2021roku, w ramach którego wykonano: -nową instalację elektryczną (miedziana) -nową instalację wod-kan + wymiana pionu -nową instalację gazową (miedziana) -nowe okna -nowe kaloryfery -remont łazienki -remont kuchni -wylewki w całym mieszkaniu + nowe panele i gres -gładzie na ścianach -podwieszane sufity -drzwi wewnętrzne oraz zewnętrzne -balkon wykafelkowany z siatką ochronną (kot, ptaki) Mieszkanie jest zadbane, stale użytkowane. Nosi niewielkie ślady użytkowania. Wyposażenie w cenie mieszkania: -zabudowa kuchenna -sprzęt AGD (lodówka, piekarnik, płyta gazowa, zmywarka) zabudowa sypialni PAX -meble w salonie (bez sofy) -pojemna szafa z przesuwnymi drzwiami -garderoba -zabudowa łazienkowa -rolety okienne dzień-noc Cena: 509.000zł do rozsądnej negocjacji. Budynek i koszty: -blok po termomodernizacji -ciepła woda z piecyka gazowego -ogrzewanie miejskie z podzielnikami -piwnica 3,7m2 -parking z dużą ilością ogólnodostępnych miejsc przed i za budynkiem -czynsz około 970zł (w tym zaliczka na wodę 6m3, śmieci, fundusz remontowy, ogrzewanie) Informacje formalne: -pełna własność -księga wieczysta -zaświadczenie o wniesieniu opłaty przekształceniowej gruntów -świadectwo energetyczne Mieszkanie dostępne w przeciągu 2 tygodni. Lokalizacja: Mieszkanie znajduje się w Katowicach, dzielnica Bogucice, 4 min. autem do Spodka. W bezpośrednim sąsiedztwie znajduje się Szpital Bonifratrów, sklepy, szkoły, przedszkola, park Bogucki, przystanki autobusowe, Biedronka, Aldi oraz Lidl. Mieszkanie świetnie skomunikowane z Centrum Katowic oraz głównymi drogami dojazdowymi do ościennych miast. Zapraszam do kontaktu telefonicznego, nie odpowiadam na wiadomości SMS.",tak,,osobna,plastikowe,własność,"Wyposażenie: lodówka, piekarnik, zmywarka",50.266418,19.038893
Katowice Piotrowice,ul. Marcina Radockiego,3,63,515000,8175,bez pośredników,,11,https://adresowo.pl/o/mieszkanie-katowice-piotrowice-ul-marcina-radockiego-3-pokojowe-t1x8w9,https://s2.adresowa.pl/oi/20/14/40e5ae_b41a_cover@2x-3-pokojowe-mieszkanie-katowice-piotrowice-ul-marcina-radockiego.webp,Katowice Piotrowice,Marcina Radockiego,3,1986,blok,,"Na sprzedaż 3-pokojowe mieszkanie o powierzchni 63 m², zlokalizowane na 3. piętrze w zadbanym bloku po termomodernizacji. Nieruchomość mieści się w zielonej i spokojnej części Katowic (Piotrowice), łącząc komfort przestrzeni z doskonałą infrastrukturą miejską. Mieszkanie wyróżnia się bardzo nowoczesnym i funkcjonalnym układem z otwartą strefą dzienną – jest jasne, dwustronne, zawiera przestronny salon połączony z funkcjonalnym aneksem kuchennym, 2 niezależne i ustawne pokoje (sypialnie), łazienkę oraz osobne WC. Trzecie piętro – zapewnia optymalne doświetlenie wnętrz przez cały dzień oraz ładny widok na zielone otoczenie. Dodatkowa przestrzeń: Do mieszkania przynależy komórka lokatorska na półpiętrze (idealna na wózek, rowery lub rzadziej używane rzeczy) oraz piwnica. Mieszkanie jest czyste, zadbane i gotowe do zamieszkania lub lekkiego odświeżenia. W pokojach na podłogach panele, w przedpokoju praktyczne, ciemne płytki. Okna PCV wyposażone w rolety. Lokalizacja: Ulica Marcina Radockiego gwarantuje wysoki komfort codziennego życia. W najbliższym otoczeniu budynku znajduje się szkoła, przedszkole, sklepy, w pobliżu las i rezerwat przyrody Ochojec. Pod blokiem znajdują się liczne, ogólnodostępne miejsca parkingowe dla mieszkańców. Zapraszam do kontaktu.",tak,,aneks,plastikowe,własność,,50.205218,18.98452
Katowice,Koszutka,2,39,449000,11513,Pośrednik,,5,https://adresowo.pl/o/mieszkanie-katowice-koszutka-2-pokojowe-39-m2-z4f1w3,https://s2.adresowa.pl/oi/3e/7a/3f8c30_a889_cover@2x-2-pokojowe-mieszkanie-katowice-koszutka.webp,Katowice Koszutka,,4,,blok,,"Na sprzedaż jasne i funkcjonalne mieszkanie z balkonem oraz widokiem na Park Śląski . Lokal po generalnym remoncie. Wykończony z dbałością o każdy detal, z wykorzystaniem wysokiej jakości materiałów oraz w ponadczasowym, nowoczesnym stylu. DUŻYM ATUTEM MIESZKANIA JEST PARKING TYLKO DLA MIESZKAŃCÓW POD BUDYNKIEM ZA SZLABANEM Z mieszkania jest piękny widok na Park Śląski, który zapewnia dużo zieleni za oknem i wyjątkowy klimat. Dzięki dużym oknom wnętrza są doskonale doświetlone przez cały dzień. Układ mieszkania: Mieszkanie składa się z: -przestronnego salonu ze strefą sypialnianą oraz wyjściem na balkon, -dużej, jasnej kuchni z jadalnią, wyposażonej w komplet nowego sprzętu AGD, -nowoczesnej łazienki z prysznicem Budynek: Mieszkanie znajduje się w niskim, czteropiętrowym, zadbanym bloku po termomodernizacji. Osiedle otacza dużo zieleni. Pomiędzy budynkami znajdują się starannie zagospodarowane tereny zielone z licznymi drzewami i miejscami do odpoczynku, co tworzy spokojną i przyjazną przestrzeń do życia. Najważniejsze atuty: - mieszkanie po generalnym remoncie - nowoczesne i ponadczasowe wykończenie, - jasne, dobrze doświetlone wnętrza, - parking - widok na Park Śląski, Idealne zarówno do zamieszkania, jak i pod inwestycję Doskonała lokalizacja: Nieruchomość jest świetnie skomunikowana z centrum Katowic i pozostałymi miastami aglomeracji. W pobliżu znajdują się przystanki tramwajowe i autobusowe, dzięki którym w kilka minut można dotrzeć do centrum. W niedalekiej odległości znajduje się również Galeria Silesia City Center.Dodatkowym atutem jest szybki wyjazd na autostradę A4 oraz DTŚ . Dojazd do głównych tras zajmuje zaledwie około 3 minuty. Zapraszam do kontaktu i umówienia prezentacji! Martyna Jagielska Treść niniejszego ogłoszenia nie stanowi oferty handlowej w rozumieniu Kodeksu Cywilnego.",,tak,,,,,50.272442,19.017649
Katowice,ul. Olimpijska,2,54,999000,18500,Pośrednik,,12,https://adresowo.pl/o/mieszkanie-katowice-ul-olimpijska-2-pokojowe-z6g6y0,https://s2.adresowa.pl/oi/6b/7f/3f7658_a780_cover@2x-2-pokojowe-mieszkanie-katowice-ul-olimpijska.webp,Katowice ,Olimpijska,25,,apartamentowiec,,"Marzysz o mieszkaniu z widokiem na całe Katowice? Zapraszam do zapoznania się z naszą ofertą nieruchomości. Oferujemy na sprzedaż luksusowy apartament o powierzchni 54,27m2 zlokalizowany na 25 piętrze inwestycji ATAL Olimpijska. Najważniejsze atuty nieruchomości: cisza, prywatność i spektakularny widok na panoramę miasta- przestronny salon z aneksem kuchennym, sypialnia oraz łazienka - panoramiczne przeszklenia - nowoczesny system klimatyzacji (woda lodowa) oraz rekuperacja sterowana systemem KaController - miejsce postojowe w garażu podziemnym - dostęp do strefy wypoczynkowej z tv na tarasie widokowym na 36 piętrze z widokiem na panoramę miasta z innej perspektywy - całodobowa ochrona, reprezentacyjne lobby - niski czynsz (około 800zł) Lokalizacja:- apartament zlokalizowany jest w samym sercu Katowic, prestiżowej strefie kultury co zapewnia łatwy dostęp do wielu atrakcji miasta. Bliskość Spodka, kin, teatru, siłowni i parków to gwarancja miło spędzonego wolnego czasu. - w pobliżu znajdują się też kawiarnie, restauracje, sklepy, szkoła, przedszkole, apteka , przystanek autobusowy - oferta dotyczy stanu deweloperskiego nieruchomości Bezpieczne transakcje za naszym pośrednictwem: - darmowa pomoc przy uzyskaniu najkorzystniejszego kredytu na rynku - prewencyjne warunki opłat i terminy u Notariusza - pełne bezpieczeństwo kupna i sprzedaży - kompleksowe wsparcie podczas całego procesu transakcji Zapraszamy do prezentacji. Szczegóły oferty w biurze Oświęcim Rynek Główny 20 Edyta Fiet tel. [numer]",tak,tak,,plastikowe,własność,Wyposażenie: tv,50.266945,19.029106
Katowice Śródmieście,ul. Uniwersytecka 29,2,37,410000,11081,bez pośredników,,14,https://adresowo.pl/o/mieszkanie-katowice-srodmiescie-ul-uniwersytecka-2-pokojowe-i0u8d4,https://s2.adresowa.pl/oi/3e/52/40e388_cb6e_cover@2x-2-pokojowe-mieszkanie-katowice-srodmiescie-ul-uniwersytecka.webp,Katowice Śródmieście,Uniwersytecka 29,5,1968,blok,,"Mieszkanie znajduje się w idealnej lokalizacji, wszędzie blisko, plac zabaw dla dzieci, do tego dwa parkingi ze szlabanem do dyspozycji dla lokatorów. Bardzo dobrze ulokowane, dookoła zielono, centrum rozrywki, fajnie przerobiona kopalnia, centrum uniwersytetu śląskiego, kilka biurowców, centrum Katowic, spodek. Blok po kapitalnym remoncie, łącznie z termoizolacją, Młode windy, osobowe i jedna towarowa. Znajduje się na idealnym piętrze, ponad większością budynków, a nie jest narażone na mocne wiatry. Dwa pokoje, kuchnia, łazienka z centralnym korytarzem, do tego mamy widną kuchnię i piwnicę. Cały czas na wynajmie, bardzo chodliwe, nigdy nie miałem z tym problemu. Zdjęcia przedstawiają faktyczny stan, nic nie jest retuszowane ani wizualizacja. Mieszkanie jest już dostępne, jestem jedynym właścicielem, nie ma nikogo zameldowanego. Czynsz podany jako stałe obciążenia dla spółdzielni, dochodzą opłaty zależne od zużycia, za odpady, zimną wodę i ścieki, Centralne ogrzewanie. To świetna oferta zarówno dla studentów, jak i osób pracujących w centrum. Jestem właścicielem tego mieszkania. Mieszkanie spółdzielcze własnościowe.",tak,,osobna,drewniane,spółdzielcze własnościowe,,50.262334,19.029785
Katowice Brynów,ul. Warzywna,2,50,480000,9600,bez pośredników,,8,https://adresowo.pl/o/mieszkanie-katowice-brynow-ul-warzywna-2-pokojowe-a9c2b5,https://s2.adresowa.pl/oi/41/12/40e0c4_2ccd_cover@2x-2-pokojowe-mieszkanie-katowice-brynow-ul-warzywna.webp,Katowice Brynów,Warzywna,parter,2008,blok,,"Do sprzedaży świeżo wyremontowane mieszkanie (50m^2) w Katowicach. Zielone oraz spokojne osiedle Brynów. Składa się z dużego eksponowanego na południowy zachód pokoju dziennego z aneksem kuchennym, dużej sypialni i łazienki. Mieszkanie urządzone we współczesnej, minimalistycznej stylistyce. Jest gotowe do zamieszkania lub jako inwestycja gotowa pod wynajem. Atuty: - wyciszona sypialnia (podwójnymi płytami akustycznymi oraz pianką dźwiękochłonną) dla zwiększenia komfortu - w pełni wyposażona kuchnia (nowa) - płyta indukcyjna, zmywarka, lodówka, piekarnik - ekspozycja na trzy strony świata gwarantująca naturalne oświetlenie przez cały dzień - rolety antywłamaniowe - kameralny blok z 6 mieszkaniami - w bezpośrednim sąsiedztwie wyłącznie niska zabudowa - duża piwnica z oknem (około 9m^2), nadająca się jako warsztat lub świetną przestrzeń magazynową - dostęp do współdzielonego strychu, na którym również można przechowywać rzeczy! - ogród (możliwość zawarcia umowy ze wspólnotą o dzierżawę ok. 100m^2) Komunikacja: - 3 min pieszo do Centrum Przesiadkowego Brynów (tramwaje/autobusy) - 7 min pieszo do Katowickiego Parku Leśnego Informacje: - woda podgrzewana przez bojler elektryczny (80L) - ogrzewanie podłogowe - nowa instalacja - miejsca parkingowe (bezpłatne) obok budynku - Zarządzanie przez Wspólnotę - czynsz administracyjny na poziomie 420 PLN Oferta bezpośrednia. Proszę pośredników i biura nieruchomości o nietelefonowanie. Powyższa oferta nie stanowi oferty handlowej w rozumieniu art. 66 § 1 kodeksu cywilnego oraz innych właściwych przepisów prawnych.",tak,,aneks,plastikowe,własność,"Wyposażenie: lodówka, piekarnik, zmywarka",50.224969,18.997003
Katowice Śródmieście,al. Wojciecha Korfantego,2,38,359000,9447,bez pośredników,,8,https://adresowo.pl/o/mieszkanie-katowice-srodmiescie-al-wojciecha-korfantego-2-pokojowe-o6y4d4,https://s2.adresowa.pl/oi/55/15/40de6c_d952_cover@2x-2-pokojowe-mieszkanie-katowice-srodmiescie-al-wojciecha-korfantego.webp,Katowice Śródmieście,Wojciecha Korfantego,9,,blok,,"LOKALIZACJA: Katowice, ul. Korfantego - świetne mieszkanie jako inwestycja pod wynajem. Z widokiem na Spodek i dużym balkonem. Samo centrum miasta - chętnie wynajmowane mieszkania przez studentów lub młode pary. Komunikacja: tramwaj, autobus, kolej, autostrada. Infrastruktura miasta w zasięgu ręki. MIESZKANIE: Położone na 9-tym piętrze. Ustawne 2 pokoje, umeblowane i odświeżone mieszkanie. Na 34m2 mamy: - kuchnię z piecykiem i rozkładanym stołem - salon z kanapą rogową i biurkiem oraz wyjściem na balkon - bardzo duży balkon z cudnym widokiem na Spodek - sypialnię - łazienkę z wanną i prysznicem - hol z wielką szafą. Superjednostka: - portier - parking - obsługa techniczna dostępna 24/7. Czynsz z zaliczkami na media ok. 700 PLN (wzrósł przez niedawny remont). CENA: 359 000 PLN. Mieszkanie było wynajmowane przez ostatnie 10 lat z wielkim powodzeniem - zwykle w przeciągu miesiąca znajdowało nowego lokatora. Dla nowego właściciela istnieje możliwość podzielenia się wzorami umów najmu oraz poradami na najem w Superjednostce.",,,,,,,50.2779,19.021306
Katowice,,3,58,465000,8017,Pośrednik,,9,https://adresowo.pl/o/mieszkanie-katowice-3-pokojowe-58-m2-a7a8n0,https://s2.adresowa.pl/oi/64/43/3f32ce_8ab7_cover@2x-3-pokojowe-mieszkanie-katowice.webp,Katowice,,4,,blok,,"Zapraszam Cię do zapoznania się z ofertą sprzedaży mieszkania położonego na osiedlu Tysiąclecia w Katowicach — w wyjątkowo zielonej i dobrze skomunikowanej części miasta. Mieszkanie o powierzchni 56,80 m² składa się z trzech ustawnych pokoi, jasnej kuchni, łazienki z WC oraz praktycznej komórki. Do lokalu przynależy również piwnica, zapewniająca dodatkową przestrzeń do przechowywania. Dużym atutem nieruchomości jest jej lokalizacja — w bezpośrednim sąsiedztwie terenów rekreacyjnych. W kilka minut spacerem można dotrzeć nad staw Maroko oraz do Parku Śląskiego, idealnych miejsc na odpoczynek, sport i spędzanie czasu na świeżym powietrzu. Jednocześnie szybki dojazd do centrum Katowic oraz miast ościennych sprawia, że jest to świetna propozycja zarówno dla osób pracujących w mieście, jak i inwestorów szukających nieruchomości pod wynajem. Podstawowe informacje: - pow. 58,60m2 - IVp./XIVp - blok - 3 pokoje - salon, sypialnia, biuro - balkon - jasna kuchnia - łazienka z WC - komórka lokatorska - piwnica Media: - CO miejskie - ciepła woda z piecyka gazowego - energia elektryczna - gaz Stan techniczny: - okna PCV starszego typu - na podłogach panele i płytki ceramiczne - łazienka w glazurze i terakota na podłodze - kuchnia zabudowana meblami Cena sprzedaży 465 000,- zł Zapraszam do kontaktu i umówienia prezentacji mieszkania.",,,osobna,plastikowe,,,50.264892,19.023782
Katowice Śródmieście,ul. Warszawska 67,2,47,499000,10617,Pośrednik,,9,https://adresowo.pl/o/mieszkanie-katowice-srodmiescie-ul-warszawska-2-pokojowe-n9r7e1,https://s2.adresowa.pl/oi/3e/44/3f254c_8a38_cover@2x-2-pokojowe-mieszkanie-katowice-srodmiescie-ul-warszawska.webp,Katowice Śródmieście,Warszawska 67,1,,kamienica,,"Wyjątkowy loft z antresolą | wysokie sufity| oryginalna cegła | belki | po generalnym remoncie | Parking I Warszawska 67 Szukasz mieszkania z charakterem, które łączy klimat zabytkowej kamienicy z nowoczesnym wykończeniem? Ta nieruchomość to prawdziwy loft, który zachwyca przestrzenią, światłem i niepowtarzalnym stylem. Na sprzedaż wyjątkowe, 2-pokojowe mieszkanie z antresolą, zlokalizowane w pięknie odrestaurowanej kamienicy przy ul. Warszawskiej 67 w Katowicach. Już od wejścia uwagę przyciągają oryginalna cegła, zachowane drewniane belki stropowe oraz imponująca wysokość pomieszczeń aż 4 metry, dzięki czemu wnętrze jest niezwykle przestronne i pełne naturalnego światła. Antresola doskonale sprawdza się jako komfortowa sypialnia lub dodatkowa przestrzeń do relaksu, nadając mieszkaniu prawdziwy loftowy charakter. NAJWAŻNIEJSZE ATUTY NIERUCHOMOŚCI: - mieszkanie po generalnym remoncie, - wymienione wszystkie instalacje, -nowa kuchnia wykonana na wymiar przez stolarza, -pełne wyposażenie oraz nowy sprzęt AGD, - gotowe do zamieszkania bez żadnych nakładów finansowych, PONADTO: - cicha ekspozycja od strony zadbanego wewnętrznego dziedzińca, - prywatny parking dla mieszkańców za zamykaną bramą. LOKALIZACJA: Ulica Warszawska to jedna z najbardziej cenionych lokalizacji w centrum Katowic. W bezpośrednim sąsiedztwie znajdują się restauracje, kawiarnie, sklepy, komunikacja miejska, uczelnie oraz dworce PKP i autobusowy. To miejsce idealne zarówno do zamieszkania, jak i jako inwestycja pod wynajem. BUDYNEK: Odrestaurowana kamienica łączy historyczny charakter z komfortem nowoczesnego budownictwa, oferując mieszkańcom wyjątkowy klimat. DLA KOGO? To mieszkanie będzie doskonałym wyborem dla osób ceniących design, przestrzeń i klimat loftowych wnętrz, a także dla inwestorów poszukujących atrakcyjnej nieruchomości w ścisłym centrum Katowic. Jeżeli marzysz o wyjątkowym lofcie w zabytkowej kamienicy, gotowym do zamieszkania od zaraz zapraszam do kontaktu i umówienia prezentacji. Finansujesz mieszkanie kredytem? Nasz doradca kredytowy pomoże Ci w przejściu przez proces uzyskania kredytu i dobierze korzystną ofertę. Treść niniejszego ogłoszenia nie stanowi oferty handlowej w rozumieniu Kodeksu Cywilnego.",,tak,,plastikowe,własność,,50.25831,19.029
Katowice Dąbrówka Mała,al. Walentego Roździeńskiego,3,62,439000,7081,bez pośredników,,10,https://adresowo.pl/o/mieszkanie-katowice-dabrowka-mala-al-walentego-rozdzienskiego-3-pokojowe-i2c1r8,https://s2.adresowa.pl/oi/5d/2a/40ddc4_8179_cover@2x-3-pokojowe-mieszkanie-katowice-dabrowka-mala-al-walentego-rozdzienskiego.webp,Katowice Dąbrówka Mała,Walentego Roździeńskiego,22,1980,blok,,"Na sprzedaż bezpośrednio od właściciela, 3-pokojowe mieszkanie o powierzchni 62m2. Nieruchomość zlokalizowana jest na Osiedlu Gwiazdy w Katowicach. Mieszkanie posiada ogromny potencjał aranżacyjny i jest gotowe do wykończenia według gustu i potrzeb, idealne zarówno dla rodziny, jak i jako inwestycja pod wynajem. Główne atuty nieruchomości: - Świetny układ i doświetlenie: trzy ustawne, bardzo słoneczne pokoje, osobny salon/pokój gościnny, osobna jasna kuchnia, przedpokój oraz dla pełnego komfortu rozdzielona łazienka z toaletą; - Niezwykły widok: Mieszkanie usytuowane z ekspozycją na północno-zachodnią część Katowic, co zapewnia niesamowitą panoramę miasta i piękne zachody słońca; - Wysoki poziom bezpieczeństwa: Budynek znajduje się pod zarządem Spółdzielni Mieszkaniowej i posiada całodobową ochronę z portiernią; - Dodatkowa przestrzeń: Do mieszkania przynależy pojemna komórka lokatorska o powierzchni ok 4m2 (1,90m x 2,25m) idealna np. na rowery. Doskonała lokalizacja - wszędzie blisko: Osiedle Gwiazdy to jedna z najlepiej skomunikowanych i samowystarczalnych lokalizacji w Katowicach. 1. Uczelnie: Kilka minut pieszo od Uniwersytetu Śląskiego i Uniwersytetu Ekonomicznego. 2. Komunikacja: Świetny i szybki dostęp do centrum Katowic, ścieżek rowerowych, przystanków tramwajowych i autobusowych, szybki wjazd na dojazdówki (DTŚ i A4). 3. Infrastruktura: W bezpośrednim sąsiedztwie sklepy, punkty usługowe, szkoły, przedszkola oraz tereny rekreacyjne (Dolina Trzech Stawów). Zapraszam do kontaktu i obejrzenia mieszkania na żywo.",tak,,osobna,plastikowe,własność,,50.270233,19.06107
Katowice,Muchowiec,1,30,335000,11167,bez pośredników,,20,https://adresowo.pl/o/mieszkanie-katowice-muchowiec-1-pokoj-30-m2-j8y8h0,https://s2.adresowa.pl/oi/3f/5d/40dbc4_8318_cover@2x-1-pokojowe-mieszkanie-katowice-muchowiec.webp,Katowice Muchowiec,,8,,blok,,"Uwaga! Sprzedaż bezpośrednia. Nie jestem zainteresowany współpracą z pośrednikami, proszę nie dzwonić! Oferuję na sprzedaż gotową do zamieszkania, w pełni wyposażoną kawalerkę o powierzchni 30,5 m2. Mieszkanie jest doskonale położone, bardzo jasne, z ładnym widokiem, okna skierowane na zachód. Znajduje się na 8. piętrze w bloku 11-piętrowym. Blok po termomodernizacji. Mieszkanie ma bardzo funkcjonalny układ. Pokój ma wydzielone strefy do spania, nauki, wypoczynku oraz wyjście na balkon. Na całość składają się jeszcze osobna kuchnia, przedpokój i łazienka. Do mieszkania przynależy także piwnica. Wszystkie pomieszczenia są urządzone w bardzo przemyślany sposób. W kuchni zabudowa na zamówienie. Oferowany jest pełen zestaw szafek - górne otwierane teleskopowo, na dole wysuwane szuflady oraz kilka cargo. Także półki na napoje, dodatkowy wysuwany blat. Na wyposażeniu również pełnowymiarowa zmywarka i piekarnik zabudowane w słupku, lodówka, szklana płyta gazowa, okap. Oświetlenie ledowe pod szafkami i w specjalnej zabudowie podsufitowej. Dekoracyjnym i funkcjonalnym elementem są szklane drzwi przesuwne do kuchni chowające się w ścianie. W salonie dodają uroku podświetlone, zabudowane półki. W oknach rolety dzień/noc. W przedpokoju znajduje się dwudrzwiowa szafa z przesuwnymi drzwiami typu Komandor. Wnętrze szafy wyjątkowo funkcjonalnie zaaranżowane. W łazience jest nowoczesny piecyk gazowy Junkers, akrylowa wanna, dobrej klasy meble łazienkowe (szafka pod umywalkę i słupek), lustro z podświetleniem, składana suszarka naścienna, pralka otwierana od góry, WC. Zewnętrzne drzwi antywłamaniowe. Zamykany korytarz lokatorski. Bardzo zadbane części wspólne oraz otoczenie budynku. Mieszkanie przechodziło remont w 2017, w tym wymienione wszystkie instalacje. W 2022 było odświeżane: malowanie, drobne poprawki. Pod blokiem duża ilość miejsc parkingowych tylko dla mieszkańców, obowiązuje specjalna karta. Zapewniony jest nadzór firmy parkingowej. Brak problemów z parkowaniem. Czynsz ok. 580 zł (razem z wodą i ogrzewaniem). W pobliżu: - 2 węzły na autostradzie, bezproblemowy wyjazd z osiedla, - szkoła podstawowa, liceum, trzy przedszkola i żłobek, - uczelnie: Uniwersytet Śląski, Uniwersytet Ekonomiczny, Akademia Muzyczna, Politechnika Śląska, AWF, Uniwersytet Medyczny, - przystanki autobusowe, - ogromny park/kompleks leśny - Dolina Trzech Stawów, - przychodnie NFZ, Luxmed i Medicover, - Lidl, w trakcie budowy Stokrotka, - wiele punktów usługowych: krawiec, szewc, optyk, kwiaciarnia, piekarnia, - do 10 minut pieszo Galeria Handlowa 3 Stawy, - liczne restauracje, - do 20 minut pieszo dworzec PKP i rynek w Katowicach, - place zabaw, boiska, basen. Zapraszam do bezpośredniego kontaktu.",tak,,osobna,plastikowe,,"Wyposażenie: lodówka, piekarnik, pralka, suszarka, zmywarka",50.248001,19.033001
Katowice os. Tysiąclecia,ul. Piastów,2,37,374000,10108,bez pośredników,,8,https://adresowo.pl/o/mieszkanie-katowice-os-tysiaclecia-ul-piastow-2-pokojowe-s6o1n4,https://s2.adresowa.pl/oi/22/56/40da7e_7d90_cover@2x-2-pokojowe-mieszkanie-katowice-os-tysiaclecia-ul-piastow.webp,Katowice os. Tysiąclecia,Piastów,8,1970,blok,,"Informacja dla Agentów Nieruchomości - nie jesteśmy zainteresowani współpracą Na sprzedaż zadbane, ciepłe i przytulne 2-pokojowe mieszkanie o powierzchni 37,6 m2 (bez balkonu), położone przy ul. Piastów 22 w Katowicach na osiedlu Tysiąclecia. Okna na południowy wschód - latem mieszkanie się nie nagrzewa, a zimą jest jasne. Lokal jest odświeżony, gotowy do zamieszkania od zaraz – idealny dla singla, pary, małej rodziny, studenta lub jako pewna inwestycja pod wynajem. Mieszkanie składa się z dwóch pokoi, kuchni otwartej na salon, łazienki oraz balkonu. Budynek i jego otoczenie są zadbane i bezpieczne, wejście do bloku oraz na klatkę zabezpieczone jest domofonem. Do dyspozycji mieszkańców pozostaje wspólna suszarnia. Spokojni i uprzejmi sąsiedzi, a wjazd pod blok możliwy jest po podniesieniu szlabanu. Prawo do lokalu: spółdzielcze własnościowe. Mieszkanie jest wolne od hipoteki i innych obciążeń. Czynsz dla rodziny z dziećmi wynosi ok. 550 zł miesięcznie, co jest dużym atutem Osiedla Tysiąclecia. Świetna lokalizacja - Około 30m od stawu Maroko – pomosty wędkarskie, siłownia plenerowa, kajak polo i stanica harcerska. - Blisko głównego wejścia do Parku Śląskiego Zoo oraz Legendii. - Bardzo dobry dojazd do centrum Katowic, DTŚ i autostrady. - Przystanki autobusowe, w tym w pobliżu bloku, oraz tramwaje umożliwiają wygodne dojazdy do centrum, uczelni i innych miast aglomeracji. Dogodna lokalizacja dla studentów oraz osób pracujących w centrum Katowic – szybki dojazd komunikacją miejską i samochodem. W niedalekiej odległości Silesia City Center, sklepy wielkopowierzchniowe oraz markety budowlane. W pobliżu żłobki, przedszkola, szkoły, biblioteka, przychodnie, dom kultury, sklepy i apteki. Około 500 m do posterunku policji oraz Miejskiego Domu Kultury. Połączenie zieleni i rekreacji z pełną infrastrukturą miejską, dobrą komunikacją oraz niskimi kosztami utrzymania sprawia, że jest to wygodne miejsce do życia i atrakcyjna propozycja inwestycyjna. Zapraszam do kontaktu i na prezentację mieszkania.",,,,,spółdzielcze własnościowe,,50.272705,18.984035
Katowice Koszutka,ul. Michała Grażyńskiego 13,2,41,330000,8049,Pośrednik,,15,https://adresowo.pl/o/mieszkanie-katowice-koszutka-ul-michala-grazynskiego-2-pokojowe-x5a5o7,https://s2.adresowa.pl/oi/34/48/3f1df4_5571_cover@2x-2-pokojowe-mieszkanie-katowice-koszutka-ul-michala-grazynskiego.webp,Katowice Koszutka,Michała Grażyńskiego 13,6,1989,blok,,"Mieszkanie z balkonem i pięknym widokiem – 41 m², Katowice Koszutka Na sprzedaż mieszkanie o powierzchni 41 m², położone na szóstym piętrze zadbanego i estetycznego budynku w doskonale skomunikowanej części Katowic – na Koszutce. To propozycja dla osób, które szukają nieruchomości z dużym potencjałem i chcą urządzić wnętrze dokładnie według własnego pomysłu. Mieszkanie wymaga generalnego remontu, co daje pełną swobodę w zaplanowaniu nowego układu, stylistyki oraz funkcjonalności pomieszczeń. Dużym atutem nieruchomości jest balkon oraz piękny, otwarty widok z szóstego piętra. Zachodnia ekspozycja okien zapewnia dużo naturalnego światła, szczególnie w godzinach popołudniowych i wieczornych. W mieszkaniu zamontowano nowe, solidne drzwi wejściowe marki Delta Okna oraz drzwi wewnętrzne mają około dziesięciu lat. Pozostałe elementy wyposażenia i wykończenia należy potraktować jako przeznaczone do remontu lub wymiany. Najważniejsze atuty: – powierzchnia około 42 m², – szóste piętro, – balkon, – piękny i rozległy widok, – jasne wnętrza i zachodnia ekspozycja okien, – nowe drzwi wejściowe Delta, – możliwość stworzenia mieszkania według własnej koncepcji, – zadbany i dobrze prezentujący się budynek, – świetna lokalizacja na Koszutce. Lokalizacja zapewnia bardzo wygodne połączenie z centrum Katowic oraz pozostałymi dzielnicami miasta. W bliskiej odległości znajdują się przystanki ramwajowe i autobusowe, a także stacja kolejowa. To doskonałe miejsce zarówno dla osób poruszających się komunikacją miejską, jak i samochodem. Członkowie spółdzielni mają możliwość parkowania samochodów w sąsiedztwie budynku. Dodatkowym rozwiązaniem jest możliwość korzystania z katowickiej karty mieszkańca, uprawniającej do preferencyjnego parkowania w strefie Koszutka – zgodnie z aktualnymi zasadami miasta. Mieszkanie sprawdzi się jako pierwsza nieruchomość, lokal dla pary, inwestycja pod wynajem lub projekt remontowy z dużym potencjałem wzrostu wartości. Mieszkanie do generalnego remontu – gotowe na nową historię i aranżację dopasowaną do przyszłego właściciela. Wysprzątane bez mebli gotowe do wejscia.",,,osobna,plastikowe,spółdzielcze własnościowe,,50.266063,19.019554
Katowice Śródmieście,ul. Juliusza Słowackiego,2,40,439999,11000,Pośrednik,,6,https://adresowo.pl/o/mieszkanie-katowice-srodmiescie-ul-juliusza-slowackiego-2-pokojowe-a5g7m3,https://s2.adresowa.pl/oi/18/5f/3efbd4_4ddf_cover@2x-2-pokojowe-mieszkanie-katowice-srodmiescie-ul-juliusza-slowackiego.webp,Katowice Śródmieście,Juliusza Słowackiego,1,,kamienica,,"Na sprzedaż piękne, jasne mieszkanie po remoncie generalnym. Wykończone w wysokim standardzie pod klucz w top lokalizacji - w samym Centrum Katowic. INFORMACJE OGÓLNE: Mieszkanie dwupokojowe po remoncie generalnym. Nieruchomość zapropojektowana przez architekta z dbałością o szczegóły. Wykończone materiałami najwyższej jakości. W tym między innymi: - Nowoczesna i funkcjonalna kuchnia robiona na zamówienie - Klimatyczne wnętrza - Wysoki potencjał najmu - Unikalny charakter - Pełne wyposażenie: meble oraz sprzęt AGD - Odsłonięta oryginalna cegła, która dodaje wnętrzu charakteru W CENIE PODANEJ W OGŁOSZENIU OTRZYMUJESZ NOWE, WYKOŃCZONE POD KLUCZ MIESZKANIE WYKOŃCZONE W WYSOKIM STANDARDZIE I WYPOSAŻONE.GOTOWE DO ZAMIESZKANIA. UKŁAD: Mieszkanie składa się z dwóch pokoi : salonu z jadalnią od strony ul. Słowackiego sypialni z widokiem na urokliwe podwórko osobnej kuchni łazienki z prysznicem przestronnego przedpokoju BUDYNEK: Jedna z najbardziej klimatycznych lokalizacji w centrum Katowic. Historyczna kamienica z początku XX wieku, wyróżniająca się elegancką architekturą i charakterystycznymi zielonymi oknami. To idealne miejsce dla osób ceniących miejski styl życia, architekturę z duszą oraz nieruchomości o ponadczasowym charakterze. To idealne połączenie zabytkowego klimatu z doskonałą lokalizacją. PRESTIŻOWA LOKALIZACJA: Mieszkanie znajduje się przy ul. Słowackiego- w samym sercu Katowic. W zasięgu kilku minut spacerem znajdują się: -Rynek -Dworzec PKP -Galeria Katowicka oraz liczne restauracje, kawiarnie, sklepy spożywcze i punkty usługowe. Ponadto lokalizacja ta jest doskonale skomunikowana. Blisko znajdują się przystanki tramwajowe, autobusowe a także dworzec PKP oraz PKS. Ponadto kilka minut od mieszkania znajduje się wyjazd na: -autostradę A4 -DTŚ To jedna z najbardziej pożądanych lokalizacji w Katowicach idealna zarówno do zamieszkania, jak i pod inwestycję na wynajem. SZUKASZ MIESZKANIA POD WYNAJEM? Doradzimy Ci w kwestii zakupu odpowiedniej nieruchomości i pomożemy w zarządzaniu najmem. KUPUJESZ MIESZKANIE NA KREDYT?. Nasz doradca kredytowy pomoże Ci w znalezieniu najlepszej oferty kredytu. Dopasowanej do Twoich potrzeb. Po więcej informacji zapraszam do kontaktu Treść niniejszego ogłoszenia nie stanowi oferty handlowej w rozumieniu Kodeksu Cywilnego.",,,,,własność,,50.261472,19.016581
Katowice Dolina Trzech Stawów,ul. Graniczna,1,30,357000,11900,bez pośredników,,16,https://adresowo.pl/o/mieszkanie-katowice-dolina-trzech-stawow-ul-graniczna-1-pokoj-f0k8e8,https://s2.adresowa.pl/oi/35/43/40d77c_ed69_cover@2x-1-pokojowe-mieszkanie-katowice-dolina-trzech-stawow-ul-graniczna.webp,Katowice Dolina Trzech Stawów,Graniczna,6,1970,blok,,"Na sprzedaż bezpośrednio od właściciela: jasna, funkcjonalna i w pełni wyremontowana kawalerka o powierzchni 30,5 m², usytuowana na 6. piętrze w budynku z windą przy ul. Granicznej 53B (Osiedle Paderewskiego w Katowicach). Mieszkanie posiada wschodnią ekspozycję, dzięki czemu wnętrze jest doskonale doświetlone, a latem nie nagrzewa się tak bardzo. Z okien rozpościera się widok na zieleń. Mieszkanie jest umeblowane, gotowe do zamieszkania od zaraz – nie wymaga dodatkowych nakładów finansowych. Zdjęcia stanu faktycznego. ZALETY, ROZKŁAD, WYPOSAŻENIE: - Stan: Mieszkanie gotowe do zamieszkania, remont w 2024 r. obejmujący: wymianę podłogi i malowanie ścian; blok ocieplony w 2021 r.; wymienione piony wod-kan. - Strefa dzienna: Jasny salon ze skórzaną sofą, stolikiem kawowym oraz stołem jadalnianym/do pracy przy oknie. - Strefa sypialniana: Przytulna, wydzielona wnęka z pełnowymiarowym 2-osobowym łóżkiemi i oświetleniem. - Aneks kuchenny: Pełna zabudowa z kompletnym wyposażeniem AGD (lodówka, zmywarka, piekarnik elektryczny, płyta gazowa, zabudowana pralka - wymieniana w 2024 r.). - Łazienka: Wykafelkowana, z wygodną kabiną prysznicową, WC i umywalką. - Przedpokój: Pojemna szafa w zabudowie. - Balkon z widokiem na Dolinę 3 Stawów. - Piwnica przynależna do mieszkania. - Bezpłatna osiedlowa karta parkingowa dla właściciela. LOKALIZACJA – OS. PADEREWSKIEGO: Jedna z najbardziej poszukiwanych i cenionych dzielnic Katowic: - Rekreacja: 5 minut pieszo do Doliny Trzech Stawów (ścieżki rowerowe, rolki, stawy). - Infrastruktura: W budynku obok piekarnia i sklep spożywczy. W najbliższym sąsiedztwie: Biedronka, Lidl, CH Trzy Stawy, Przychodnia NFZ, Lux Med, Medicover, apteki - Komunikacja: Przystanek autobusowy 3 min od klatki. Dojazd do Dworca PKP / Centrum Katowic to zaledwie 7-10 minut (lub 25 min spacerem). Świetny wylot na A4 i DTŚ. FINANSE: - Cena: 357 000 zł (do negocjacji) - Forma własności: Odrębna własność z Księgą Wieczystą. - Czynsz z ogrzewaniem: ok. 500 zł / m-c + media (woda, prąd, gaz, śmieci) - Internet (osiedlowy dostawca - możliwość przepisania umowy) ok. 70 zł / m-c Sprzedaż bezpośrednia! Zapraszam do kontaktu i na prezentację mieszkania.",tak,,aneks,plastikowe,własność,"Wyposażenie: internet, lodówka, piekarnik, pralka, zmywarka",50.248982,19.035539
Katowice,Wełnowiec,4,67,536000,8000,bez pośredników,,8,https://adresowo.pl/o/mieszkanie-katowice-welnowiec-4-pokojowe-67-m2-h9o0v0,https://s2.adresowa.pl/oi/4c/6b/40d9c2_52d6_cover@2x-4-pokojowe-mieszkanie-katowice-welnowiec.webp,Katowice Wełnowiec,,2,2023,blok,,"Oferuję na sprzedaż mieszkanie o powierzchni 67 m² (4pokoje + wnęka), usytuowane na drugim piętrze bloku. Wnętrze jest jasne, dzięki dużym oknom. W salonie znajduje się przestronny balkon, idealny na relaks po pracy. Łazienka ma nowoczesne wykończenie z prysznicem. Wszystkie pomieszczenia charakteryzują się przyjemną kolorystyką ścian, co sprawia, że mieszkanie jest przytulne. Lokalizacja w urbanistycznej dzielnicy zapewnia dostęp do wszelkich udogodnień. Bardzo blisko znajduje się chorzowski park. To świetna okazja dla osób szukających przestrzeni do życia. Do mieszkania przynależy również piwnica. Zapraszam do kontaktu, aby umówić się na prezentację!",tak,,,,,,50.280998,19.011
Katowice Wełnowiec,ul. Józefowska,3,62,419000,6758,bez pośredników,,13,https://adresowo.pl/o/mieszkanie-katowice-welnowiec-ul-jozefowska-3-pokojowe-r4y8t2,https://s2.adresowa.pl/oi/38/66/40d5a8_7099_cover@2x-3-pokojowe-mieszkanie-katowice-welnowiec-ul-jozefowska.webp,Katowice Wełnowiec,Józefowska,10,1980,blok,,"Cześć, ma do sprzedania mieszkanie! Józefowska 114, Wełnowiec-Józefowiec, Katowice 🏠 Słoneczne, zorientowane na południe, przy dobrej pogodzie widać góry ⛰️☀️ Można zrobić po swojemu od zera, łącznie z otworzeniem salonu albo salonem przejściowym ( widziałam podobne mieszkania przerobione na nowoczesne :) 🪴🎨🛋️) Pokoje: gościnny z balkonem, dwie sypialnie, toaleta i łazienka osobno, kuchnia, oiwnica ok 2m2, metraż łącznie z piwnicą około 62m2 🗺️🚌🏫 Bezpośrednio pod blokiem: parking, Paczkomat, stokrotka, żabka, szpital, plac zabaw, autobus 30, 296, 110 itd. Blisko: szkoły, przedszkole, przystanek tramwajowy, przychodnia i park Chorzowski (jedyny w swoim rodzaju, jak wiemy. W nim nowoczesne kąpielisko, zoo, park rozrywki, tereny zielone, kolejka, planetarium...😍🌊🛝🎢🦓🌲🌳) 🏷️Cena 419 000 do negocjacji Powierzchnia: 62 m² Liczba pokoi: 3 Ogrzewanie: miejskie Piętro: 10/11 Czynsz: 1200 zł/miesiąc Stan wykończenia: do remontu Rynek: wtórny Forma własności: pełna własność Dostępne od: brak informacji (dogadamy się, obecnie nikt tam nie mieszka na stałe ) Typ ogłoszeniodawcy: prywatny Informacje dodatkowe: balkon, piwnica, winda Rok budowy: 1970-1979 Winda: tak (nowa) Rodzaj zabudowy: blok Materiał budynku: wielka płyta Okna: plastikowe Zabezpieczenia: domofon / wideofon Media: telewizja kablowa, internet Show quoted text",tak,,osobna,plastikowe,własność,Wyposażenie: internet,50.28469,19.012157
Katowice Załęże,ul. Jana Wyplera,4,56,324000,5786,Pośrednik,,6,https://adresowo.pl/o/mieszkanie-katowice-zaleze-ul-jana-wyplera-4-pokojowe-e0g7g4,https://s2.adresowa.pl/oi/57/2f/3efbd0_89b3_cover@2x-4-pokojowe-mieszkanie-katowice-zaleze-ul-jana-wyplera.webp,Katowice Załęże,Jana Wyplera,1,,kamienica,,"Na sprzedaż w pełni funkcjonujący gotowiec inwestycyjny w Katowicach dzielnica Załęże, ul. Wyplera. Mieszkanie działa w modelu najmu na 4 niezależne pokoje ze strefą wspólną. Nieruchomość sprzedawana jest razem z najemcami, dzięki czemu nowy właściciel przejmuje działający biznes generujący przychód od pierwszego dnia po zakupie. Najważniejsze informacje: gotowiec inwestycyjny mieszkanie po remoncie z pełnym wyposażeniem mieszkanie inwestycyjne 4 niezależne pokoje mieszkanie wynajęte sprzedaż z najemcami ROI: 10% kamienica świetna lokalizacja inwestycyjna Aktualny podział najmu: Każdy z pokoi jest obecnie wynajęty za 700zł x 4 pokoje = 2800zł Dlaczego ta inwestycja? Kupujesz nieruchomość, która już pracuje i zarabia. Bez remontów, bez organizowania najmu, bez szukania lokatorów i bez dodatkowych kosztów na start. To gotowy produkt inwestycyjny zarówno dla początkującego inwestora, jak i osoby rozbudowującej portfel nieruchomości. Lokalizacja: Ogromnym atutem nieruchomości jest lokalizacja, która zapewnia bardzo duże zainteresowanie najemców. W pobliżu: centrum Katowic szybki wyjazd na A4 Silesia City Center Park Śląski komunikacja miejska uczelnie, sklepy i punkty usługowe Lokalizacja idealna pod wynajem dla: studentów młodych osób pracujących pracowników korporacyjnych osób pracujących w centrum Katowic Zapraszam do kontaktu i na prezentację Tel. [numer] Treść niniejszego ogłoszenia nie stanowi oferty handlowej w rozumieniu Kodeksu Cywilnego.",,,,,własność,,50.267132,18.981616
Katowice Bogucice,ul. Katowicka,2,33,129000,3909,Pośrednik,,3,https://adresowo.pl/o/mieszkanie-katowice-bogucice-ul-katowicka-2-pokojowe-h0u1l2,https://s2.adresowa.pl/oi/39/65/3efbc2_9411_cover@2x-2-pokojowe-mieszkanie-katowice-bogucice-ul-katowicka.webp,Katowice Bogucice,Katowicka,3,,kamienica,,"Na sprzedaż: mieszkanie w kamienicy przy ul. Nowej w Katowicach- Bogucicach. Jest to idealna propozycja inwestycyjna zarówno pod wynajem, jak i dalszą odsprzedaż. UKŁAD MIESZKANIA: -dwóch pokoi -kuchni -łazienki -przedpokoju STAN MIESZKANIA: Lokal wymaga remontu, jednak dzięki atrakcyjnej cenie stanowi świetną bazę pod inwestycję. LOKALIZACJA: Ogromnym atutem nieruchomości jest lokalizacja: szybki dojazd do centrum Katowic, dobra komunikacja miejska oraz bliskość uczelni, sklepów i punktów usługowych sprawiają, że mieszkanie doskonale sprawdzi się pod wynajem dla studentów lub młodych osób prpracujących. POTENCJAŁ INWESTYCYJNY: Układ mieszkania pozwala zarówno na wynajem całego lokalu, jak i wynajem na pokoje, co daje możliwość uzyskania atrakcyjnej stopy zwrotu z inwestycji. To również bardzo dobra opcja dla inwestora szukającego mieszkania do remontu i dalszą sprzedaż z zyskiem. Świetna lokalizacja, funkcjonalny układ i duży potencjał inwestycyjny sprawiają, że jest to oferta warta uwagi. Po więcej informacji zapraszam do kontaktu: Martyna Jagielska Treść niniejszego ogłoszenia nie stanowi oferty handlowej w rozumieniu Kodeksu Cywilnego.",,,,,własność,,50.26881,19.039073
Katowice Bogucice,ul. Wincentego Wajdy,3,63,575000,9127,bez pośredników,,14,https://adresowo.pl/o/mieszkanie-katowice-bogucice-ul-wincentego-wajdy-3-pokojowe-m3f0p6,https://s2.adresowa.pl/oi/2b/59/40d4d6_9b70_cover@2x-3-pokojowe-mieszkanie-katowice-bogucice-ul-wincentego-wajdy.webp,Katowice Bogucice,Wincentego Wajdy,5,1982,blok,,"Mieszkanie na sprzedaż Opis nieruchomości Katowice-Bogucice / ul. Wajdy / 63 m2 / 3 pokoje / balkon / 2 windy / wspólna komórka / suszarnia / piwnica / dostępne od 1. grudnia 2026 Trzypokojowe, rozkładowe mieszkanie z widną kuchnią, położone w Bogucicach w pobliżu przystanku autobusowego na ul. Katowickiej, 10 minut od przystanku tramwajowego na Koszutce. MIESZKANIE Mieszkanie widne, dwustronne, z oknami od strony zachodniej (pokoje) i północnej (kuchnia), dzięki czemu jest dobrze doświetlone przez cały dzień, a w upalne dni łatwo można je przewietrzyć. Przemyślany, rozkładowy układ obejmuje trzy niezależne ustawne pokoje, widną kuchnię (z oknem), łazienkę, osobne WC oraz dwa przestronne przedpokoje. Standard dobry - okna PCV, na podłodze położone panele, w łazience glazura i terakota. Do mieszkania przynależy balkon, część komórki, suszarni oraz piwnica. BUDYNEK Budynek z lat 80-tych, z 2 windami i po termomodernizacji. Klatki schodowe zadbane. Domofon. LOKALIZACJA Mieszkanie położone jest w dogodnej komunikacyjnie lokalizacji, szybki dojazd do DTŚ, DK86 oraz A4, zaledwie kilka minut spacerem od przystanku autobusowego oraz 10 minut od przystanku tramwajowego co zapewnia sprawną komunikację z różnymi częściami aglomeracji. Mimo bliskości głównych arterii okolica pozostaje zaskakująco cicha i spokojna. Dodatkowym atutem mieszkania jest przyjemny, otwarty widok z okien. Duża ilość zieleni, wysokie drzewa oraz brak zabudowy bezpośrednio naprzeciwko sprawiają, że wnętrza dają poczucie przestrzeni i prywatności. Miłośnicy aktywnego wypoczynku docenią wyjątkową liczbę terenów rekreacyjnych. W bezpośredniej okolicy znajdują się osiedlowe sklepy, markety oraz pełna infrastruktura niezbędna do wygodnego życia. Rodziny z dziećmi docenią bezpieczne otoczenie. W pobliżu znajdują się przedszkola i szkoły.",tak,,osobna,plastikowe,własność,,50.271129,19.036828
Katowice Dąb,al. Wojciecha Korfantego,2,42,696000,16571,bez pośredników,,20,https://adresowo.pl/o/mieszkanie-katowice-dab-al-wojciecha-korfantego-2-pokojowe-b8u8q9,https://s2.adresowa.pl/oi/42/2d/40d1fa_9541_cover@2x-2-pokojowe-mieszkanie-katowice-dab-al-wojciecha-korfantego.webp,Katowice Dąb,Wojciecha Korfantego,1,2024,blok,,"Sprzedam mieszkanie PREMIUM na pierwszym piętrze w nowym bloku. Mieszkanie wyposażone w SMARTHOME. Powierzchnia wynosi 42 m². Mieszkanie jest w pełni wyposażone, co zapewnia komfortowe warunki do zamieszkania. W skład wyposażenia wchodzą: meble, pralka, zmywarka, lodówka, kuchenka, piekarnik 3w1 (piekarnik, mikrofala, airfry), zabudowany express do kawy firmy Bosch. Zabudowa kuchenna, blaty oraz zlew wykonane z kamienia. Wszystkie materiały nowe, jakości premium. Kanapa w salonie rozkładana z wygodnym systemem włoskim. Żaluzje w oknach. Mieszkanie z klimatyzacją. Do ceny mieszkania należy doliczyć koszt miejsca postojowego w garażu podziemnym w kwocie 45 000 zł. Mieszkanie zlokalizowane blisko centrum (tj. 1,8 km) w dzielnicy Koszutka w Katowicach. W sąsiedztwie mieszkania pętla tramwajowa. W okolicy znajdziesz wiele udogodnień: - kawiarnie i restauracje - parki do wypoczynku (np. Park Wełnowiecki) - szkoły oraz uczelnie wyższe (np. Uniwersytet Śląski) - przystanki komunikacji miejskiej (np. Wełnowiec Poczta)",,tak,,plastikowe,własność,"Wyposażenie: kuchenka, lodówka, piekarnik, pralka, zmywarka",50.275512,19.025281
Katowice,Piotrowice,1,26,309000,11885,bez pośredników,,8,https://adresowo.pl/o/mieszkanie-katowice-piotrowice-1-pokoj-26-m2-z9c1n5,https://s2.adresowa.pl/oi/3c/1e/40cfb0_d28a_cover@2x-1-pokojowe-mieszkanie-katowice-piotrowice.webp,Katowice Piotrowice,,6,,blok,,"Mieszkanie znajduje się na VI piętrze budynku z windą i monitoringiem. UKŁAD I WYPOSAŻENIE Mieszkanie składa się z: - salonu z aneksem kuchennym (rozkładana sofa, 2 szafy, komoda, zmywarka, płyta indukcyjna, piekarnik, lodówka), - łazienki z prysznicem i pralką, - balkonu. SPOKOJNA I DOBRZE SKOMUNIKOWANA LOKALIZACJA W okolicy znajdują się: - przystanek Ochojec Szpital - ok. 200 m - piekarnia - ok. 400 m - Galeria Libero - ok. 2,4 km - Las Murckowski - w pobliżu Dodatkowym atutem jest planowany przystanek tramwajowy przy budynku. BUDYNEK ogrzewanie miejskie oraz ciepła woda z sieci. OPŁATY czynsz ok. 800 zł/mies. (w tym ryczałt za media, śmieci dla 1 osoby oraz opłaty do wspólnoty). Prywatne miejsce postojowe przy budynku w cenie. Bezpośrednio od właściciela. Mieszkanie świetnie sprawdzi się również jako inwestycja pod wynajem (obecnie zamieszkiwane przez najemcę). Zapraszam do kontaktu tel. W razie nieodebrania telefonu proszę o SMS - oddzwonię.",,tak,aneks,,,"Wyposażenie: lodówka, piekarnik, zmywarka",50.206001,18.983
Katowice Piotrowice,ul. Północna 27,3,45,419000,9311,Pośrednik,,12,https://adresowo.pl/o/mieszkanie-katowice-piotrowice-ul-polnocna-3-pokojowe-o2c0l2,https://s2.adresowa.pl/oi/43/6a/3ef846_61bd_cover@2x-3-pokojowe-mieszkanie-katowice-piotrowice-ul-polnocna.webp,Katowice Piotrowice,Północna 27,4,,blok,,"3 pokoje po generalnym remoncie | 45,45 m² | balkon | wszystko nowe Na sprzedaż 3-pokojowe mieszkanie o powierzchni 45,45 m², położone na 4. piętrze. Mieszkanie przeszło generalny remont i jest gotowe do wprowadzenia od zaraz - wszystko jest nowe i nie wymaga żadnych dodatkowych nakładów finansowych. To idealna propozycja dla osób, które szukają funkcjonalnego mieszkania w nowoczesnym standardzie i chcą uniknąć kosztownych remontów. Najważniejsze atuty: - generalny remont wykonany od podstaw - nowe instalacje - brak instalacji gazowej - mieszkanie w pełni bezpieczne i nowoczesne - funkcjonalny układ 3 pokoi - balkon - nowa zabudowa kuchenna - pojemne szafy w przedpokoju - jasne i bardzo dobrze doświetlone wnętrza - gotowe do zamieszkania od zaraz Mieszkanie zostało urządzone w ponadczasowej, neutralnej kolorystyce. Jasne ściany, drewnopodobne elementy i nowoczesne wykończenie tworzą przytulną przestrzeń, którą łatwo dopasować do własnego stylu. W skład mieszkania wchodzą: salon dwie niezależne sypialnie kuchnia łazienka przedpokój z zabudowanymi szafami balkon Generalny remont objął m.in.: wymianę instalacji nowe podłogi nowe drzwi nową zabudowę kuchenną nowe oświetlenie odświeżenie i wykończenie całego mieszkania w jednolitym standardzie. Mieszkanie jest gotowe do zamieszkania od pierwszego dnia - wystarczy wnieść swoje meble i się wprowadzić. Lokalizacja: Katowice, ul. Północna 27 Cena: 419 000 zł Zapraszam do kontaktu i umówienia prezentacji. Pośrednik odpowiedzialny zawodowo za wykonanie umowy pośrednictwa: Karolina Niedźwiedzka (licencja nr: 6910)",,,,plastikowe,,,50.21262,18.978456
Katowice Załęże,ul. Gliwicka,1,36,139000,3861,Pośrednik,,3,https://adresowo.pl/o/mieszkanie-katowice-zaleze-ul-gliwicka-1-pokoj-g8s9e5,https://s2.adresowa.pl/oi/56/40/3e906e_f97e_cover@2x-1-pokojowe-mieszkanie-katowice-zaleze-ul-gliwicka.webp,Katowice Załęże,Gliwicka,1,,kamienica,,"Do sprzedania duża kawalerka z możliwością podzielenia na dwa pokoje. Mieszkanie znajduje się w doskonałej lokalizacji- kilka minut samochodem od Centrum Katowic, wjazdu na autostradę A4 a także Parku Śląskiego. Mieszkanie idealnie sprawdzi się jako inwestycja pod wynajem lub do sprzedaży po remoncie. Nieruchomość znajduje się od strony cichego , zadbanego podwórka UKŁAD: Mieszkanie składa się z: - łazienki z oknem - kuchni - dużego pokoju Mieszkanie w stanie do remontu. Pełna własność. Zapraszam do kontaktu telefonicznego: Tel. [numer] Treść niniejszego ogłoszenia nie stanowi oferty handlowej w rozumieniu Kodeksu Cywilnego. Treść niniejszego ogłoszenia nie stanowi oferty handlowej w rozumieniu Kodeksu Cywilnego.",,,,,własność,,50.268234,18.984056
Katowice os. Witosa,ul. Norberta Barlickiego,2,49,449000,9163,bez pośredników,,16,https://adresowo.pl/o/mieszkanie-katowice-os-witosa-ul-norberta-barlickiego-2-pokojowe-q9n5v2,https://s2.adresowa.pl/oi/52/73/40c53e_ceec_cover@2x-2-pokojowe-mieszkanie-katowice-os-witosa-ul-norberta-barlickiego.webp,Katowice os. Witosa,Norberta Barlickiego,8,1986,blok,,"OGŁOSZENIE PRYWATNE - POŚREDNIKOM I BIUROM NIERUCHOMOŚCI ZDECYDOWANIE DZIĘKUJĘ. NIE JESTEM ZAINTERESOWANA WSPÓŁPRACĄ. Przestronne, jasne mieszkanie o powierzchni 49 m², zlokalizowane na 8. piętrze zadbanego bloku przy ul. Barlickiego 21A w Katowicach. Mieszkanie jest gotowe do wprowadzenia. Najważniejsze informacje: - Cena: 450 000 zł (do rozsądnej negocjacji) - Powierzchnia: 49 m² - Liczba pokoi: 2 - Piętro: 8/10 (budynek z windą) - Czynsz: ok. 800 PLN - Dostępność: od 1 października 2026 r. - Pomieszczenia dodatkowe: balkon oraz przynależna piwnica - Budynek: oddany do użytku w 1986 r., po przeprowadzonej w 2021 r. termomodernizacji (docieplenie elewacji) Z okien na 8. piętrze rozpościera się panorama osiedla z widokiem na pobliskie tereny zielone. Układ pomieszczeń: - Salon (18,63 m²): Jasna przestrzeń z nowoczesnym wykończeniem i zainstalowaną klimatyzacją (funkcja chłodzenia i ogrzewania). - Sypialnia (10,20 m²): Ustawny pokój z miejscem na strefę do pracy i wypoczynku. - Kuchnia (6,55 m²): Oddzielna, z funkcjonalną zabudową i pięknym widokiem na okoliczną zieleń. - Łazienka (3,75 m²): Nowocześnie wykończona, wyposażona w wannę. - Przedpokój (7,63 m²): Przestronny korytarz z pojemną szafą. - Osobne WC: Pomieszczenie przygotowane do własnej aranżacji (pozostawione do wykończenia przez nowego nabywcę ze względu na zmianę planów sprzedażowych). Stan techniczny i wyposażenie: W latach 2024-2025 mieszkanie przeszło gruntowny remont. Wykonano podwieszane sufity, wymieniono instalację elektryczną w pokojach oraz zamontowano wydajną klimatyzację. Wnętrza (poza toaletą) są kompletnie zaaranżowane, utrzymane w spójnym, nowoczesnym stylu i gotowe do użytkowania. W ramach wyposażenia pozostaje stała zabudowa kuchenna oraz zabudowana szafa w przedpokoju, a z urządzeń AGD/RTV: pralka, lodówka, kuchenka, piekarnik oraz telewizor. Kwestia pozostawienia mebli ruchomych jest do uzgodnienia z kupującym - na przykład łóżko podwójne w sypialni, które zostało zakupione w 2024 roku, również może pozostać w mieszkaniu. Lokalizacja (os. Witosa, Katowice): Osiedle Witosa to doskonale skomunikowana i zielona część Katowic, zapewniająca pełną infrastrukturę miejską w zasięgu spaceru. - Natura i rekreacja: Tuż obok znajduje się Park Załęski i Plac Świętego Herberta - doskonałe miejsca na spacery i wycieczki rowerowe. Na osiedlu nie brakuje również zadbanych parków, skwerów i placów zabaw. - Zakupy i usługi: W bezpośrednim sąsiedztwie znajdują się dyskonty (Biedronka, Lidl), liczne sklepy osiedlowe (np. Żabka, Rabat, Spar), piekarnie oraz apteki. - Edukacja: Bardzo blisko do żłobków, przedszkoli oraz szkoły podstawowej, co czyni lokalizację idealną dla rodzin. - Kultura: Prężnie działający Miejski Dom Kultury (MDK) oferuje bogaty wybór zajęć. - Komunikacja: Przystanki autobusowe zapewniają szybki dojazd do centrum Katowic. Lokalizacja gwarantuje również błyskawiczny wyjazd na autostradę A4 oraz drogową trasę średnicową (DTŚ), co ułatwia podróżowanie po całej aglomeracji.",tak,,,,,"Wyposażenie: kuchenka, lodówka, piekarnik, pralka, telewizor, tv",50.257174,18.967492
Katowice Wełnowiec,ul. Bytkowska,2,46,500000,10870,bez pośredników,,12,https://adresowo.pl/o/mieszkanie-katowice-welnowiec-ul-bytkowska-2-pokojowe-p2a7q9,https://s2.adresowa.pl/oi/6a/53/40c472_d388_cover@2x-2-pokojowe-mieszkanie-katowice-welnowiec-ul-bytkowska.webp,Katowice Wełnowiec,Bytkowska,3,2019,blok,,"Mamy do sprzedania mieszkanie w bardzo dobrej lokalizacji Katowic, ulica Bytkowska. Jesteśmy pierwszym właścicielem, mieszkanie było zakupione jako inwestycyjne i przez wiele lat było zamieszkiwane przez jedną rodzinę. W tej lokalizacji jest duże zapotrzebowanie na mieszkania pod wynajem, bliskość parku Śląskiego, szkół, sklepów oraz łatwość dojazdu do centrum Katowic czy miast ościennych, zarówno autem lub komunikacją miejską jest dużym atutem. Lokal ma relatywnie niskie opłaty do wspólnoty mieszkaniowej. Mieszkanie nadaje się idealnie jako inwestycja lub na cele własne. Okolica jest przestrzenna, nie ma problemu z zaparkowaniem dodatkowych samochodów. Mieszkanie składa się z dwóch jasnych pokojów (strona zachodnia), kuchni połączonej z salonem, przestronnej łazienki. Duży balkon zapewni miły czas w letnie wieczory. W podziemiu znajduje się miejsce parkingowe wraz z komórką lokatorską zaraz przy miejscu parkingowym. Dodatkowo w hali garażowej znajduje się ogólnodostępne pomieszczenie na rowery czy wózki. Sprzedaż bezpośrednia, brak prowizji pośrednika. Zapraszam do kontaktu.",tak,tak,,plastikowe,własność,,50.288226,19.00632
Katowice Giszowiec,ul. Kolista,3,75,575000,7667,bez pośredników,,8,https://adresowo.pl/o/mieszkanie-katowice-giszowiec-ul-kolista-3-pokojowe-w5r6n6,https://s2.adresowa.pl/oi/36/20/40c2d6_6eec_cover@2x-3-pokojowe-mieszkanie-katowice-giszowiec-ul-kolista.webp,Katowice Giszowiec,Kolista,1,1979,blok,,"Sprzedam przestronne mieszkanie własnościowe o powierzchni 75 m² na 1 piętrze. Bardzo funkcjonalne - do każdego pokoju oddzielne wejście z dużego przedpokoju, 3 szafy przesuwne. Małe, kameralne osiedle, oddzielone poza głównym giszowcem. W pobliżu znajduje się szkoła, przedszkole (15 min), jak liczne sklepy, np. LIDL (10 min). Przy domu przebiega ścieżka rowerowa łącząca Brynow, Park Dolina Trzech Stawów aż po Nikiszowiec. Z osiedla dobra komunikacja z Centrum Katowic. Mieszkanie posiada duży balkon 2x4, ogrzewanie miejskie. UWAGA: Możliwość kupienia garażu murowanego na osiedlu (100m).",,tak,,,,,50.227194,19.059177
Katowice,ul. Zabrska 15,1,27,554000,20519,Pośrednik,,5,https://adresowo.pl/o/mieszkanie-katowice-ul-zabrska-1-pokoj-b4j9q7,https://s2.adresowa.pl/oi/65/23/3e8a1e_3ba3_cover@2x-1-pokojowe-mieszkanie-katowice-ul-zabrska.webp,Katowice ,Zabrska 15,15,2025,apartamentowiec,,"Na sprzedaż wyjątkowy apartament typu studio o powierzchni 27,72 m², położony na 15. piętrze prestiżowej inwestycji Global Apartments przy ul. Zabrskiej 15 w samym centrum Katowic. To idealna propozycja dla osób ceniących nowoczesny styl życia, wysoki standard wykończenia oraz doskonałą lokalizację. Apartament został urządzony z dbałością o każdy detal, z wykorzystaniem materiałów i sprzętów wysokiej klasy, tworząc elegancką i komfortową przestrzeń gotową do zamieszkania lub dalszego wynajmu inwestycyjnego. Najważniejsze atuty nieruchomości: • powierzchnia 27,72 m² • 15. piętro z pięknym widokiem na panoramę Katowice • balkon • wysoki standard wykończenia • nowoczesna i funkcjonalna aranżacja wnętrza • wysokiej klasy sprzęt AGD i wyposażenie • apartament gotowy do zamieszkania • doskonała inwestycja pod wynajem krótko- i długoterminowy • cena: 554 000 zł Global Apartments to jedna z najbardziej prestiżowych inwestycji mieszkaniowych w Katowicach. Budynek wyróżnia się nowoczesną architekturą, eleganckimi częściami wspólnymi oraz wysokim komfortem życia. Do dyspozycji mieszkańców pozostają m.in. reprezentacyjne lobby z recepcją, monitoring, ochrona, nowoczesne windy oraz parking podziemny. Lokalizacja w ścisłym centrum miasta zapewnia szybki dostęp do restauracji, kawiarni, galerii handlowych, centrów biznesowych oraz komunikacji miejskiej. To doskonałe miejsce zarówno do życia, jak i jako pewna inwestycja w jednej z najbardziej pożądanych lokalizacji w Katowicach. Apartament sprzedawany jest w stanie gotowym do zamieszkania — bez konieczności ponoszenia dodatkowych nakładów finansowych. Możliwość zakupu miejsca postojowego - 50 000 zł Wynagrodzenie dla biura ustalane jest indywidualnie. BRAK PCC ! Zapraszam do kontaktu oraz umówienia prezentacji. Pośrednik odpowiedzialny zawodowo za wykonanie umowy pośrednictwa: Karolina Niedźwiedzka (licencja nr: 6910)",,,,,,,50.262926,19.012773
Katowice,ul. Zabrska 15,3,51,972000,19059,Pośrednik,,10,https://adresowo.pl/o/mieszkanie-katowice-ul-zabrska-3-pokojowe-g5l8v2,https://s2.adresowa.pl/oi/7b/63/3e89e6_d0e9_cover@2x-3-pokojowe-mieszkanie-katowice-ul-zabrska.webp,Katowice ,Zabrska 15,16,2025,apartamentowiec,,"Na sprzedaż wyjątkowy apartament o powierzchni 51,12 m², położony na 16. piętrze prestiżowej inwestycji Global Apartments przy ul. Zabrskiej 15 w samym sercu Katowic. To propozycja dla osób, które cenią nowoczesny design, wysoki standard wykończenia oraz spektakularny widok na panoramę miasta. Apartament został urządzony z dbałością o każdy detal — wykorzystano materiały i sprzęty wysokiej klasy, tworząc elegancką i komfortową przestrzeń do życia. Najważniejsze atuty nieruchomości: • 51,12 m² funkcjonalnie zaprojektowanej przestrzeni • 16. piętro z imponującym widokiem na Katowice • balkon z panoramą miasta • wysoki standard wykończenia • wysokiej klasy sprzęt AGD i wyposażenie • miejsce postojowe w garażu podziemnym • komórka lokatorska • nowoczesny apartamentowiec premium Global Apartments to jedna z najbardziej rozpoznawalnych i pożądanych inwestycji mieszkaniowych w centrum Katowic. Budynek wyróżnia się nowoczesną architekturą, eleganckimi częściami wspólnymi oraz komfortem codziennego życia. Do dyspozycji mieszkańców pozostają m.in. reprezentacyjne lobby z recepcją, monitoring, ochrona, nowoczesne windy oraz parking podziemny. Lokalizacja zapewnia doskonałą komunikację i dostęp do pełnej infrastruktury miejskiej — w bezpośrednim sąsiedztwie znajdują się restauracje, kawiarnie, sklepy, centra biznesowe, obiekty kulturalne oraz tereny rekreacyjne. To idealne miejsce zarówno do zamieszkania, jak i jako inwestycja premium w dynamicznie rozwijającym się centrum Katowic. Apartament gotowy do zamieszkania bez dodatkowych nakładów finansowych. Miejsce postojowe i komórka lokatorska dodatkowo płatne: Miejsce postojowe 50 000 zł Komórka lokatorska 20 000 zł Wynagrodzenie dla biura ustalane indywidulanie. BRAK PCC Zapraszam do kontaktu i umówienia prezentacji. Pośrednik odpowiedzialny zawodowo za wykonanie umowy pośrednictwa: Karolina Niedźwiedzka (licencja nr: 6910)",,tak,,,własność,,50.262926,19.012708
Katowice,Ligota,2,47,520000,11064,bez pośredników,,10,https://adresowo.pl/o/mieszkanie-katowice-ligota-2-pokojowe-47-m2-d2q9m1,https://s2.adresowa.pl/oi/7d/51/40c2ac_4136_cover@2x-2-pokojowe-mieszkanie-katowice-ligota.webp,Katowice Ligota,,3,,blok,,"Dzień dobry, Na sprzedaż oferuję mieszkanie o powierzchni 47 m², położone w spokojnej i zielonej części Katowic - Ligocie-Panewnikach. Blok znajduje się w bezpośrednim sąsiedztwie lasu, a do parku Zadole można dojść spacerem w zaledwie kilka minut. Okolica jest cicha i bardzo dobrze skomunikowana z resztą aglomeracji. Przystanek autobusowy znajduje się dosłownie 2 minuty od bloku, skąd bez problemu można dojechać do węzła przesiadkowego. Dużym atutem jest również bliskość infrastruktury sportowej - w okolicy znajdują się basen, korty tenisowe oraz ośrodek sportowy MOSiR. Szkoła i przedszkole oddalone są o około 5 minut spacerem. Mieszkanie przeszło generalny remont 3 lata temu. W ramach remontu została wymieniona cała instalacja elektryczna oraz wodno-kanalizacyjna. Położono nowe tynki, posadzki i sufity, a dodatkowo zamontowana została klimatyzacja. Wszystkie prace zostały wykonane z myślą o własnym użytkowaniu, dlatego postawiliśmy na solidne materiały i sprawdzone rozwiązania. W mieszkaniu pozostaje zabudowa stała: - kuchnia w zabudowie, - pojemna szafa w sypialni, - meble łazienkowe. Dodatkowo w cenie pozostają: - stół kuchenny - szafka RTV, - rama łóżka wraz z stelażem. Wyposażenie AGD: - lodówka Samsung Bespoke, - płyta indukcyjna Bosch, - zmywarka Samsung, - piekarnik Samsung, - pralka Samsung. Do mieszkania przynależy piwnica. W budynku do dyspozycji mieszkańców znajduje się również wspólna suszarnia. Nie jestem zainteresowany współpracą z agencjami nieruchomości ani pośrednikami.",tak,,,drewniane,własność,"Wyposażenie: klimatyzacja, lodówka, piekarnik, pralka, tv, zmywarka",50.226002,18.971001
Katowice Dąb,ul. Jabłoniowa,2,44,449000,10205,bez pośredników,,5,https://adresowo.pl/o/mieszkanie-katowice-dab-ul-jabloniowa-2-pokojowe-g4l9d2,https://s2.adresowa.pl/oi/27/3c/40c22c_5c92_cover@2x-2-pokojowe-mieszkanie-katowice-dab-ul-jabloniowa.webp,Katowice Dąb,Jabłoniowa,2,,blok,,"Katowice | ul. Jabłoniowa 41 | 44,7 m² Szukasz mieszkania, do którego możesz wprowadzić się bez kosztownego remontu? Ta oferta jest właśnie dla Ciebie. Na sprzedaż mieszkanie o powierzchni 44,7 m², po generalnym remoncie. Wymienione zostały instalacje elektryczne oraz wodno-kanalizacyjne, wykonano nową kuchnię i łazienkę. Wszystko zostało przygotowane z myślą o wygodnym użytkowaniu przez długie lata. - 2 piętro - Piwnica 7 m² - Blok i klatka schodowa po remoncie - Parking za szlabanem wyłącznie dla mieszkańców - Świetna lokalizacja z szybkim dojazdem do centrum Katowic Ważne: zdjęcia w ogłoszeniu są wizualizacjami aktualnie tworzonego projektu aranżacji mieszkania i przedstawiają planowany wygląd wnętrza. Mieszkanie idealnie sprawdzi się zarówno dla osób szukających własnego lokum, jak i jako pewna inwestycja pod wynajem. Cena: 449 000 zł Zapraszam do kontaktu.",tak,,,,,,50.275107,19.004558
Katowice Muchowiec,ul. Szybowcowa,2,51,749000,14686,bez pośredników,,14,https://adresowo.pl/o/mieszkanie-katowice-muchowiec-ul-szybowcowa-2-pokojowe-n6l0l0,https://s2.adresowa.pl/oi/27/4a/40c056_fa2a_cover@2x-2-pokojowe-mieszkanie-katowice-muchowiec-ul-szybowcowa.webp,Katowice Muchowiec,Szybowcowa,7,2024,apartamentowiec,,"Sprzedam apartament o wysokim standardzie, zaprojektowany przez architekta, wyposażony oraz do zamieszkania. Nieruchomość znajduję się na 8 kondygnacji (7 piętrze - ostatnim) w inwestycji Francuska Park przy ul. Szybowcowej w dzielnicy Osiedle Paderewskiego - Muchowiec. Klimatyzowany apartament o powierzchni użytkowej 51,11 m2 o ekspozycji południowo-zachodniej, na którą składa się: - salon z aneksem kuchennym oraz wyjściem na balkon, - sypialnia, - garderoba, - łazienka z wanną oraz prysznicem, - przedpokój. Meble oraz stałe zabudowy w całym apartamencie zostały wykonane na wymiar przez stolarza. Wyposażenie AGD z takich firm jak SAMSUNG, BEKO. W mieszkaniu zamontowana jest klimatyzacja firmy Rotenso sterowana również przy pomocy aplikacji. Wszystkie grzejniki w mieszkaniu zostały wymienione na pełno funkcyjne o wyglądzie designerskim. Apartament został wykończony wysokiej jakości materiałami. Drzwi wew. firmy POL-SKONE. Do mieszkania przynależy dodatkowo miejsce postojowe w hali garażowej w cenie 50 tyś. zł. oraz komórka lokatorska w cenie 15 tyś. zł. Doskonała komunikacja miejska zapewnia szybki dostęp do centrum miasta oraz innych dzielnic. W bliskim sąsiedztwie znajdują się liczne sklepy, restauracje oraz placówki edukacyjne.",tak,tak,aneks,plastikowe,własność,Wyposażenie: klimatyzacja,50.243589,19.030054
Katowice Panewniki,ul. Bałtycka,3,55,649000,11800,Pośrednik,,21,https://adresowo.pl/o/mieszkanie-katowice-panewniki-ul-baltycka-3-pokojowe-o0b9m1,https://s2.adresowa.pl/oi/65/71/3e67ac_67d8_cover@2x-3-pokojowe-mieszkanie-katowice-panewniki-ul-baltycka.webp,Katowice Panewniki,Bałtycka,2,2019,apartamentowiec,,"EASTATE ma przyjemność zaprezentować komfortowe, nowoczesne mieszkanie z dużym tarasem w zielonych Katowickich Panewnikach. LOKALIZACJA: Ulica Bałtycka w dzielnicy Panewniki to spokojna, zielona okolica z niską zabudową i szybkim dostępem do lasów oraz infrastruktury miejskiej. Daje to poczucie prywatności bez rezygnowania z wygody życia w mieście. Warto tu mieszkać, ponieważ łączy ciszę i bezpieczeństwo z dobrą komunikacją, bliskością uczelni, sklepów oraz terenów rekreacyjnych sprzyjających codziennemu odpoczynkowi. MIESZKANIE: Oferowany lokal to komfortowe, w pełni urządzone mieszkanie o powierzchni 56 m², zaprojektowane z myślą o wygodzie i funkcjonalności. Lokal składa się z trzech ustawnych pokoi, przestronnego holu oraz dużej łazienki. Serce mieszkania stanowi jasny salon połączony z widną kuchnią zapewniającą poczucie przestrzeni. Do mieszkania przynależy zarówno balkon, jak i duży taras - idealne miejsca do relaksu i spędzania czasu na świeżym powietrzu. Nieruchomość została wykończona w wysokim standardzie, z dbałością o detale. Jest w pełni umeblowana i wyposażona w sprzęt AGD oraz funkcjonalne meble, co pozwala na natychmiastowe wprowadzenie się bez dodatkowych nakładów finansowych. Ogromnym atutem jest możliwość dokupienia miejsca w hali garażowej pod budynkiem. BUDYNEK: Budynek to kameralny, dwupiętrowy apartamentowiec z 2019 roku, wybudowany przez renomowanego dewelopera Dombud, cieszącego się bardzo dobrą opinią na rynku nieruchomości. Inwestycja wyróżnia się nowoczesną architekturą oraz wysoką jakością wykonania części wspólnych. Niewielka liczba kondygnacji zapewnia mieszkańcom większą prywatność i komfort życia. Obiekt posiada własną kotłownię gazową, co przekłada się na efektywne ogrzewanie oraz stosunkowo niskie koszty eksploatacyjne. Mieszkanie zlokalizowane jest na drugim, ostatnim piętrze budynku, który wyposażony jest w windę, co znacząco podnosi wygodę codziennego użytkowania. FINANSE: Cena - 649 000 PLN Miesięczne opłaty z wodą i ogrzewaniem 750 PLN Opcjonalne miejsce w hali garażowej - 50 000 PLN W Eastate Agency wspieramy klientów w sprzedaży, wynajmie i poszukiwaniach nieruchomości - zarówno na rynku wtórnym, pierwotnym, jak i komercyjnym. Pomagamy także w wyborze nieruchomości inwestycyjnych - pod wynajem lub długoterminowe lokowanie kapitału. Zajmujemy się również zarządzaniem najmem, a klientom finansującym zakup kredytem umożliwiamy bezpłatny kontakt z doradcą kredytowym.",,,aneks,plastikowe,własność,,50.223173,18.941328
Katowice Janów,ul. Zamkowa,3,45,309000,6867,Pośrednik,,13,https://adresowo.pl/o/mieszkanie-katowice-janow-ul-zamkowa-3-pokojowe-e5c5q2,https://s2.adresowa.pl/oi/45/15/3e64a0_a14c_cover@2x-3-pokojowe-mieszkanie-katowice-janow-ul-zamkowa.webp,Katowice Janów,Zamkowa,1,1975,blok,,"Przytulne i funkcjonalne 3-pokojowe mieszkanie na spokojnym Janowie w Katowicach Mieszkanie: - Powierzchnia i układ: 45,46 m² obejmujące aż 3 pokoje z czego jeden z balkonem (co czyni układ niezwykle praktycznym dla par lub rodzin) oraz zamykaną kuchnię z oknem - Położenie: 1. wysokie piętro w 4-piętrowym bloku - Stan nieruchomości: Do zamieszkania lub odświeżenia - w zależności od własnych preferencji. - Instalacje: Założona nowa instalacja elektryczna (w miedzi) oraz wymienione piony wod-kan - Media: Woda ciepła i ogrzewanie z sieci miejskiej (C.O.), gaz doprowadzony do kuchenki. - Dodatkowo: Do mieszkania przynależy piwnica. Mieszkańcy mają również dostęp do zamykanej wózkowni. Budynek: - Mieszkanie mieści się w zadbanym bloku, który przeszedł termomodernizację oraz remont balkonów. Lokalizacja - Katowice, Janów-Nikiszowiec: - Okolica: Spokojna i zielona dzielnica z unikalnym klimatem. 15 minut spacerem do Parku Bolina - Dla zmotoryzowanych: Ogólnodostępne miejsca parkingowe pod blokiem oraz szybki dojazd do centrum Katowic - ok 15 minut - Komunikacja miejska: W odległości do 10 minut spacerem znajduje się kilkanaście przystanków autobusowych Opłaty: - Czynsz: 1212 zł/ 1 os. - kwota ta zawiera opłaty eksploatacyjne ok 560 zł + zaliczki na C.O., wodę zimną i jej podgrzanie + gospodarowanie odpadami + dobrowolne ubezpieczenie mieszkania. Dodatkowe informacje: - Stan prawny: Mieszkanie spółdzielczo własnościowe z możliwością założenia księgi wieczystej oraz późniejszego przekształcenia w pełną własność. Jeśli chcesz zobaczyć ten lokal na żywo lub masz dodatkowe pytania - zapraszam do kontaktu!",tak,,osobna,plastikowe,,,50.241752,19.092633
Katowice Śródmieście,ul. Konstantego Damrota 6,1,26,399000,15346,bez pośredników,,15,https://adresowo.pl/o/mieszkanie-katowice-srodmiescie-ul-konstantego-damrota-1-pokoj-a2q5k8,https://s2.adresowa.pl/oi/53/54/40bddc_398f_cover@2x-1-pokojowe-mieszkanie-katowice-srodmiescie-ul-konstantego-damrota.webp,Katowice Śródmieście,Konstantego Damrota 6,3,1920,kamienica,,"KONSTANTEGO DAMROTA RESIDENCE 26,13 m² | 3 PIĘTRO | CENTRUM KATOWIC | BEZ POŚREDNIKÓW Na sprzedaż wyjątkowe mieszkanie o powierzchni 26,13 m², położone na 3. piętrze odrestaurowanej kamienicy Konstantego Damrota Residence przy ul. Konstantego Damrota 6 w Katowicach. Sprzedaż bezpośrednia – bez pośredników i bez prowizji. Mieszkanie znajduje się w ścisłym centrum Katowic, tuż obok ul. Mariackiej, a jednocześnie jest bardzo ciche i zapewnia komfortowe warunki do odpoczynku. MIESZKANIE Lokal przeszedł generalny remont i jest gotowy do natychmiastowego zamieszkania. Wymieniono m.in.: • instalację elektryczną, • instalację wodno-kanalizacyjną, • podłogi, • drzwi, • wyrównano ściany. Kuchnia, zabudowa łazienki oraz szafa zostały wykonane na indywidualne zamówienie. Cała przestrzeń została zaprojektowana tak, aby maksymalnie wykorzystać każdy metr. UKŁAD: • salon z otwartą kuchnią, • łazienka z WC, • przedpokój, • panoramiczny, przeszklony wykusz z wydzielonym miejscem do spania. Wykusz jest ciekawym i bardzo funkcjonalnym elementem mieszkania, pozwalającym wygodnie oddzielić strefę sypialnianą od części dziennej. KONSTANTEGO DAMROTA RESIDENCE Odrestaurowana historyczna kamienica łączy charakter dawnej architektury z nowoczesnym standardem. Budynek położony jest w spokojnym otoczeniu, w pobliżu zielonego skweru i kościoła, a jednocześnie kilka kroków od tętniącej życiem ul. Mariackiej. LOKALIZACJA Ścisłe centrum Katowic – Śródmieście. W najbliższej okolicy znajdują się restauracje, kawiarnie, sklepy, punkty usługowe oraz miejsca rozrywki. To idealne miejsce dla osób, które chcą mieć centrum miasta na wyciągnięcie ręki, ale po wejściu do mieszkania cieszyć się ciszą i spokojem. CZYNSZ Czynsz administracyjny: około 400 zł miesięcznie. W czynszu zawarte są m.in.: • centralne ogrzewanie, • zaliczka na ciepłą i zimną wodę, • eksploatacja, • fundusz remontowy, • wywóz nieczystości – 1 osoba. STAN PRAWNY Własnościowe prawo do lokalu z księgą wieczystą. Brak obciążeń. NAJWAŻNIEJSZE ATUTY ✔ 26,13 m² ✔ 3 piętro ✔ Konstantego Damrota Residence ✔ ścisłe centrum Katowic ✔ sąsiedztwo ul. Mariackiej ✔ odrestaurowana kamienica ✔ generalny remont ✔ wysoki standard wykończenia ✔ meble wykonane na wymiar ✔ panoramiczny wykusz z miejscem do spania ✔ bardzo ciche mieszkanie ✔ gotowe do zamieszkania ✔ czynsz ok. 400 zł ✔ KW bez obciążeń ✔ sprzedaż bez pośredników i prowizji Mieszkanie idealne zarówno do zamieszkania, jak i jako inwestycja pod wynajem. Zapraszam do kontaktu oraz na prezentację. kontakt emial Dla Państwa wygody udostępniam również możliwość kontaktu przez WhatsApp",,,aneks,plastikowe,własność,,50.25694,19.031534
Katowice Brynów,ul. Karola Adwentowicza,2,48,389000,8104,bez pośredników,,19,https://adresowo.pl/o/mieszkanie-katowice-brynow-ul-karola-adwentowicza-2-pokojowe-a5p1i2,https://s2.adresowa.pl/oi/40/48/40bd1c_7f39_cover@2x-2-pokojowe-mieszkanie-katowice-brynow-ul-karola-adwentowicza.webp,Katowice Brynów,Karola Adwentowicza,9,1980,blok,,"Mam do sprzedania mieszkanie 48,27 m2 na 9 piętrze blok z dwoma nowymi windami; stan do liftingu ( ewentualnie po odmalowaniu gotowe do zamieszkania ) blok w 2026 przeszedł kompleksową termomodernizację wraz z modernizacją instalacji centralnego ogrzewania, blok ocieplony w tym roku z nową elewacją 2 pokoje; osobna kuchnia łazienka przedpokój oraz pokój - duza garderoba. Mieszkanie jasne doświetlone, bardzo ciche; widok z okna na zieleń, dookoła tylko niska zabudowa, dobry dojazd do centrum; 2,5 km od śląskiego uniwersytetu medycznego Sprzedaż bezpośrednią przez właściciela. Biura nieruchomości uprzejmie proszę o niedzwonienie.",,,osobna,plastikowe,spółdzielcze własnościowe,,50.230166,18.979081
Katowice Dąb,ul. Tomasza Kotlarza,2,34,336000,9882,bez pośredników,,10,https://adresowo.pl/o/mieszkanie-katowice-dab-ul-tomasza-kotlarza-2-pokojowe-k3b7a0,https://s2.adresowa.pl/oi/4e/7b/40b4c2_6529_cover@2x-2-pokojowe-mieszkanie-katowice-dab-ul-tomasza-kotlarza.webp,Katowice Dąb,Tomasza Kotlarza,2,1975,blok,,"Sprzedam mieszkanie blisko parku Śląskiego z szybkim dojazdem do centrum. Lokalizacja: Katowice ul Kotlarza Mieszkanie po generalnym remoncie: nowa instalacja elektryczna, wodna i kanalizacyjna. Wymienione drzwi, podwieszane sufity, nowe podłogi. W pełni wyposażona łazienka wraz z prysznicem, umywalką osobne WC Bardzo dogodny układ, przestronne, wydzielona część sypialna, kuchnia, mało miejsca poświęcone na komunikacje. Oferta PRYWATNA bez kosztów prowizji Zadbany blok po termomodernizacji z domofonem Mieszkanie znajduje się w niskim bloku Pomieszczenia dodatkowe: balkon i piwnica Centralne ogrzewanie Doskonała lokalizacja wszędzie blisko, w okolicy: - centra handlowe, - Park Śląski - puby i restauracje - tereny zielone: plac zabaw, boiska, - szkoły i przedszkola, - sklepy spożywcze, apteka, salony piękności. 34m2 Cena 349 tys zł Kontakt tel Agencjom nieruchomości dziękuję.",tak,,osobna,,własność,,50.279624,19.008501
Katowice,,3,50,345000,6900,Pośrednik,,20,https://adresowo.pl/o/mieszkanie-katowice-3-pokojowe-50-m2-h1n6r6,https://s2.adresowa.pl/oi/2b/30/3e3a54_8ad5_cover@2x-3-pokojowe-mieszkanie-katowice.webp,Katowice,,3,,blok,,"Ważne: - Kupujący nie ponosi jakichkolwiek kosztów obsługi LAB Home, nie płaci prowizji! - Mieszkanie o krok od Parku Śląskiego. Przeznaczone do generalnego remontu z pełną swobodą aranżacji. IMPRESJA Wychodzisz na balkon z kubkiem gorącej kawy, a twoim zaspanym oczom powoli ukazuje się spory fragment katowickiej panoramy. Bezchmurne niebo sprawia, że gdzieś na horyzoncie dostrzegasz także delikatny, niemal nierzeczywisty zarys Beskidów. Taki widok nie zdarza się codziennie i nie o każdej porze roku, lecz ty go masz dość często na wyciągnięcie ręki. Wystarczy, że otworzysz drzwi balkonowe. Chociaż mieszkanie w katowickim Józefowcu przeznaczone jest do generalnego remontu, trudno odmówić mu możliwości. W końcu każde arcydzieło na początku było jedynie pustą kartką papieru. Czyż nie można powiedzieć tego samego o mieszkaniach? To, co dziś wydaje się surowe i niedokończone, z odpowiednią wizją i zaangażowaniem może stać się miejscem, które włożoną w nie pracę i energię odda z nawiązką. Nie można narzekać także na sąsiadów. Jednym z nich jest bowiem sam Park Śląski. Chodzą pogłoski, że gościnności ma aż nadto. Potrafi przyjąć zarówno tych, którzy szukają wyciszenia, jak i tych pragnących spędzić dzień aktywnie. I choć jest tak blisko, za każdym razem daje poczucie, jakby było się gdzieś dalej. Trochę poza miastem, na szybkich wakacjach, na które nie trzeba niecierpliwie wyczekiwać do lata. Mówią, że kiedy rzucisz się w te zielone, sąsiedzkie objęcia, na chwilę ponownie zmieniasz się w zaledwie kilkuletniego człowieka poszukującego przygód wśród labiryntu zarośli i dopatrującego się znaczenia w każdym skrawku ziemi. Nie pozostaje więc nic, jak tylko dopić resztkę kawy, rzucić ostatnie spojrzenie na rozciągającą się panoramę i udać się na spotkanie z sąsiadem. Zazwyczaj jeździsz do niego rowerem, ale dziś postanawiasz pobiec. Niech się trochę zaskoczy. ATUTY Słoneczne i jasne wnętrze dzięki narożnemu położeniu mieszkania Pełna swoboda aranżacji - możliwość stworzenia przytulnej i osobliwej przystani wedle własnych potrzeb Usytuowanie budynku skutecznie odgradzające od ulicznego hałasu Bezpieczne i zielone osiedle gwarantujące poczucie odprężenia i swobody Otoczenie przyjazne rodzinie - place zabaw, szkoła i przedszkole w zasięgu krótkiego spaceru (bez konieczności przechodzenia przez ruchliwe ulice) Zakupy i podstawowe usługi „po drodze” do domu (sklepy spożywcze, apteka, piekarnie) Jedno z największych zielonych serc regionu, Park Śląski w odległości spaceru - stały dostęp do tras biegowych, malowniczych przestrzeni i wydarzeń kulturowych W Parku i na osiedlu doskonała przestrzeń na pielęgnację sportowego ducha: jogging, jazdę na rowerze i rolkach Tuż przy bloku tereny przyjazne psiakom, które ucieszą nie tylko czworonożnych przyjaciół, ale pomogą zacieśnić więzy z ich właścicielami Niskie koszty zużycia mediów, co pozytywnie przekłada się na koszty utrzymania Rozłożenie opłat w czasie bez nieprzyjemnych zaskoczeń finansowych podczas zimy Duża piwnica - niezbędna przestrzeń do przechowywania np. roweru, sprzętu sezonowego i innych mniej lub bardziej potrzebnych szpargałów Dogodny dostęp do komunikacji miejskiej i dojazd do centrum w zaledwie 12 minut LOKALIZACJA Mieszkanie znajduje się w zielonej i bezpiecznej dzielnicy Katowic - Józefowcu . Wszelkie troski i potrzeby życia codziennego zaspokoić można tuż po wyjściu z klatki. Mimo życia z dala od zgiełku centrum, dojazd do niego zajmuje jedynie ok. 12 minut. Jako że nie samymi Katowicami człowiek żyje, w każdej chwili możemy wybrać się do okolicznych lub dalej usytuowanych miejscowości : - Na chorzowskim rynku znajdziemy się w ok. 10 minut przejeżdżając ok. 5 kilometrów; - Na rynek w Gliwicach dojedziemy w ok. 27 minut pokonując 27 kilometrów; - Na rynek w Sosnowcu dotrzemy w ok. 18 minut przejeżdżając ok. 13 kilometrów; - W Tarnowskich Górach znajdziemy się w ok. 35 minut po przejechaniu 28 kilometrów; - Odetchnąć w Beskidach, np. w Ustroniu możemy już po 1 godzinie i 25 minutach oraz 80 kilometrach jazdy; - Gdybyśmy jednak zechcieli wyruszyć nieco lub wyraźnie dalej, na lotnisko w Pyrzowicach dojedziemy w ok. 35 minut (ok. 25 kilometrów). W promieniu 5-10 spacerem znajdziemy wszystko, czego codzienności pilnie potrzeba : • Do sklepów i piekarni trafimy niemalże od razu po wyjściu z klatki. Najbliższa Żabka znajduje się tuż pod blokiem, a zaledwie minutę dalej stoi Livio. Świeże pieczywo nabędziemy w okolicznych piekarniach (Kłosie lub Ziarenku) w ok. 5 minut. Po większe zakupy można wybrać się do Lidla: taki spacer zajmie ok. 10 minut. • W bliskiej odległości znajdują się także punkty gastronomiczne. Zaledwie 5 min dzieli nas od Jugo Grill, serwującego grillowane posiłki. Wystarczy także 10 minut spaceru (albo ok. 3 minuty jazdy), by usiąść przy obiedzie w Barze Kardamon albo Restauracji Tramontana. • W okolicy usytuowane są trzy apteki, a najbliższa z nich (DOZ) zlokalizowana jest zaledwie 300 m dalej (3 min spacerem). Tuż obok niej znajduje się wielospecjalistyczne centrum medyczne holsäMED. Oferuje zarówno poradnie NFZ, jak i możliwość wizyt prywatnych. • Szkoła Podstawowa nr 19 im. Wojciecha Korfantego znajduje się 450 m od domu (6 minut spacerem). W okolicy znajdziemy też przedszkola, z czego droga do najbliższego (Przedszkole nr 73 im. Misia Uszatka) zajmie nam ok. 600 m (2 min jazdy, tudzież 9 min spacerem). • Jeśli jednak czegoś zabraknie, z pewnością znajdzie się to w Silesia City Center (ok. 1,4 km i 4 min jazdy samochodem) - jednym z najlepiej wyposażonych centrów handlowych w regionie. Zrobimy tu zarówno codzienne zakupy spożywcze w Carrefourze, jak i kompleksowe zakupy odzieżowe, sportowe czy sezonowe - od ubrań i obuwia, przez sprzęt sportowy (m.in. Decathlon), po elektronikę, akcesoria domowe czy wyposażenie wnętrz. Na miejscu możemy przebierać w szerokiej ofercie gastronomicznej (restauracje sieciowe i kawiarnie), a także wybrać się do kina Helios. • W pobliżu znajduje się mnóstwo miejsc rekreacyjnych i wypoczynkowych. W Parku Wełnowieckim znaleźć można m.in. plac zabaw, wielofunkcyjne boisko czy wybieg dla psów. To także świetne miejsce do aktywności fizycznych. Dojście do parku zajmuje ok. 20 minut, a jazda ok. 6. Uroków Parku Śląskiego nie da się zamknąć jednak w kilku zdaniach - oferuje wachlarz atrakcji i każdy z pewnością znajdzie coś dla siebie . Żeby dotrzeć granicy parku wystarczy 15 minut spaceru albo 6 minut biegu. Najlepszy sąsiad w okolicy przygotował niemałe atrakcje w swoich nie-takich-znowu-skromnych progach: • Na Górze Parkowej przycupnęło Planetarium Śląskie , w którym można trafić na zapierające dech w piersiach pokazy, ciekawe ekspozycje, a nawet doświadczyć symulacji lotu w kosmos. • Koniecznie trzeba złożyć wizytę (równie gościnnej co reszta parku) Elce . Elka życzliwie zawiezie przybyłych od Stadionu Śląskiego do Wesołego Miasteczka, tudzież od Wesołego Miasteczka do Planetarium Śląskiego. To najdłuższa kolej nizinna w Europie, umożliwiająca podziwianie malowniczej panoramy parku z lotu ptaka. • Największe wydarzenia sportowe i muzyczne odbywają się na Stadionie Śląskim , ochrzczonym niegdyś mianem „kotła czarownic”. Poza koncertami i zawodami czarownice zezwalają również na organizację różnych targów i konferencji. • Sympatycy Kraju Kwitnącej Wiśni z pewnością znajdą swój raj na ziemi w Ogrodzie Japońskim . Czeka tam wodospad z przeszklonym tarasem i wiśniowy sad. Równie baśniowo jest w Rosarium , gdzie tysiące róż w sezonie tworzą barwny i pachnący obrazek. • W upalne dni ochłody warto poszukać na Kąpielisku Fala . To perfekcyjny kompleks dla rodzin, w którym każdy znajdzie coś dla siebie. Fala oferuje aż 5 basenów z podgrzewaną wodą, generator fal, więżę skokową oraz wodny plac zabaw dla dzieci. • W sercu Parku Śląskiego znajdziemy plenerową Galerię Rzeźby Śląskiej oraz Restaurację Łania , której receptury oparte są na kuchni staropolskiej i myśliwskiej. • Na przysłowiowe leżenie plackiem najlepsze są Pola Marsowe . Poza oddaniem się rozrywce w postaci nicnierobienia, można urządzić tam piknik, opalać się albo przeczytać w końcu od lat odkładaną na później książkę. Na Polach Marsowych odbywają się także imprezy sezonowe i wydarzenia muzyczne. • Najmłodszych szczególnie zadowoli Śląski Ogród Zoologiczny skrywający kotlinę dinozaurów z kilkunastoma betonowymi modelami prehistorycznych gadów. Wśród mieszkańców ogrodu wyróżnić można ukochane przez dzieci pingwiny, lemury, pandy czy akwarium z rybami. • Na terenie parku znajdują się także znakomite trasy dla biegaczy i rowerzystów. Wygląda na to, że pogłoski nie mijają się z prawdą i Park Śląski jest w istocie przemiłym sąsiadem. Nie trzeba zawracać sobie głowy kolejnością korzystania z wszelkich jego dobroci, jako że - całe szczęście - zawsze jest u siebie, gotowy otworzyć przed gośćmi drzwi. UKŁAD POMIESZCZEŃ Mieszkanie - 50,7 m² Balkon - 3,6 m² Piwnica - 8,5 m² Pomieszczenia i ich ułożenie: - przedpokój prowadzący do wszystkich innych pomieszczeń, - pokój 1 - duży, salon z balkonem skierowanym na południowy wschód i dodatkowym oknem na prostopadłej ścianie - 16,5 m², - pokój 2 - z oknem na północny zachód - 9,5 m², - pokój 3 - z oknem na północny zachód - 6,1 m², - kuchnia - z oknem na północny zachód - 4,5 m², - łazienka z wanną - 3,1 m², - WC. Mieszkanie trzypokojowe z oddzielną kuchnią, położone na trzecim piętrze w budynku pięciokondygnacyjnym. Posiada balkon z widokiem na spory fragment panoramy Katowic (w okresie od późnej jesieni do wczesnej wiosny), a także przynależną piwnicę o dużej powierzchni. Wejście do klatki zabezpieczone jest domofonem. Zarządcą budynku jest Katowicka Spółdzielnia Mieszkaniowa. UŻYTE MATERIAŁY I WYPOSAŻENIE Budynek wzniesiony w technologii płyty żelbetowej w 1972 roku. W roku 2015 został poddany kompletnej termomodernizacji oraz remontowi klatki schodowej, która posada obecnie estetyczny wygląd. Ściany zewnętrzne ocieplono styropianem o grubości ok. 14 cm i wykończono tynkiem akrylowym, a dach dodatkowo zaizolowano warstwą styropianu o grubości ok. 15 cm, co przekłada się na efektywność energetyczną budynku. Mieszkanie wymaga gruntownego remontu, co łatwo umożliwia całkowite dopasowanie go do swoich potrzeb. Drzwi wejściowe wyposażono w zamek Gerda. W mieszkaniu znajdują się okna dwuszybowe w drewnianej oprawie, natomiast w kuchni - okna plastikowe. Instalację wodną utrzymano w dobrym stanie i gotowa jest do dalszego użytkowania, instalacja gazowa funkcjonuje również bez zastrzeżeń i wraz z innymi jest poddawana regularnym przeglądom. Należy jednak poważnie rozważyć wymianę instalacji elektrycznej. W łazience znajduje się przepływowy piecyk gazowy Junkers. Ogrzewanie realizowane jest z sieci miejskiej i rozprowadzane za pomocą grzejników wyposażonych w zawory termostatyczne. System jest opomiarowany, dzięki czemu rozliczenie odbywa się na podstawie rzeczywistego zużycia, dając realny wpływ na wysokość rachunków. Czynsz wynosi 712 zł W kwocie tej mieszczą się - opłaty za CO, wodę i ścieki oraz śmieci (35,20 zł / 1 os.) Zużycie prądu i gazu Średnie zużycie obecne tych mediów na przykładzie analogicznych mieszkań 4 sąsiadów z 2, 3 i 4 lokatorami wynosi: - prąd - ok. 215 zł średnio miesięcznie, - gaz - ok. 235 zł średnio miesięcznie. STANDARDOWE I DODATKOWE WSPARCIE Dbamy o komfort na każdym etapie procesu sprzedaży i bezpieczeństwo transakcji dla każdej ze stron. Pomagamy w dopełnieniu formalności wiążących się ze zbyciem lub nabyciem nieruchomości. Ułatwiamy otrzymanie kredytu na nieruchomość. Nasi partnerzy potrafią zaskoczyć skutecznością w pozyskaniu finansowania na dom! *** Jeśli marzy Ci się zaadoptowanie pustego mieszkania i tchnięcie życia w jego skromne progi, być może odnalazłeś właśnie towarzysza na lata. Wymaga czasu, zaangażowania i odrobiny wyobraźni (jak na samotne ściany przystało) - ale w zamian daje coś znacznie trwalszego niż gotowe rozwiązania. Satysfakcję z miejsca stworzonego po swojemu. Takiego, które z czasem zaczyna pracować na Ciebie. A kiedy już wypełnisz tę przestrzeń własnym rytmem, zostanie jeszcze jedno: sąsiedztwo. Zielone, rozległe i zawsze otwarte. Park Śląski nie musi się przedstawiać - wystarczy przecież, że wyjdziesz z domu. Coś nam mówi, że to wszystko naprawdę już na Ciebie czeka. Dariusz Borowiak ----- LAB Home Skuteczne i kreatywne pośrednictwo w obrocie nieruchomościami",,,,plastikowe,,,50.279648,19.010683
Katowice,ul. Karoliny,2,31,381000,12290,Pośrednik,,4,https://adresowo.pl/o/mieszkanie-katowice-ul-karoliny-2-pokojowe-q3i1x4,https://s2.adresowa.pl/oi/6c/60/3ddd92_4e33_cover@2x-2-pokojowe-mieszkanie-katowice-ul-karoliny.webp,Katowice ,Karoliny,4,2028,apartamentowiec,,"Nowoczesne mieszkanie w rozwijającej się części Katowic – idealne połączenie miasta, spokoju i inwestycyjnego potencjału. Na sprzedaż mieszkanie zlokalizowane w Katowicach – w inwestycji, która wyróżnia się nie tylko nowoczesnym podejściem do budownictwa, ale przede wszystkim lokalizacją z ogromnym potencjałem na przyszłość. To miejsce, które dziś daje wygodę życia w mieście, a jutro może tylko zyskiwać na wartości. To jedna z tych dzielnic Katowic, które przechodzą realną transformację – łączą industrialny charakter z nową, świeżą zabudową i coraz lepszą infrastrukturą. W efekcie powstaje przestrzeń idealna zarówno do życia, jak i pod inwestycję. Dużym atutem jest bliskość terenów zielonych oraz przestrzeni otwartych – dzięki temu możesz odpocząć od miejskiego tempa, nie rezygnując z jego zalet. Dostępne są również inne oferty niepublikowane w sieci. To propozycja dla osób, które: - chcą kupić mieszkanie w dobrej cenie na start - szukają inwestycji z potencjałem wzrostu wartości - chcą mieszkać blisko centrum, ale nie w jego ścisłym zgiełku UDOGODNIENIA INWESTYCJI: - windy w budynkach - miejsca postojowe - zagospodarowane części wspólne - tereny zielone na osiedlu - plac zabaw - infrastruktura dla rowerów - Smart Home - pakiet antysmogowy (filtry powietrza) LOKALIZACJA: - szybki dojazd do centrum Katowic (kilka minut) - bardzo dobra komunikacja miejska - łatwy dostęp do głównych tras (DTŚ, A4) - sklepy, usługi i punkty handlowe w pobliżu Edukacja: - szybki dojazd do uczelni (Uniwersytet Śląski, Akademia Ekonomiczna) - szkoły i przedszkola w okolicy OTOCZENIE I REKREACJA: - tereny zielone i przestrzenie spacerowe w pobliżu - spokojniejsza część miasta z dostępem do natury - ścieżki rowerowe i miejsca do aktywności - idealne miejsce do życia dla osób ceniących balans STANDARD I JAKOŚĆ: - nowoczesna architektura - wysoki standard części wspólnych - duże przeszklenia – dobre doświetlenie - przemyślany, funkcjonalny układ - jakość wykonania dopasowana do aktualnych standardów Lokalizacja zapewnia ciszę, prywatność oraz wygodny dostęp do infrastruktury miejskiej. Mieszkanie dostępne od zaraz. *Treść niniejszego ogłoszenia nie stanowi oferty handlowej w rozumieniu Kodeksu Cywilnego. Filip Masłowski",,tak,aneks,,,,50.271557,19.040236
Katowice Muchowiec,ul. Ignacego Paderewskiego,2,40,588990,14725,bez pośredników,,2,https://adresowo.pl/o/mieszkanie-katowice-muchowiec-ul-ignacego-paderewskiego-2-pokojowe-o6j1j4,https://s2.adresowa.pl/oi/2c/30/40b816_a38a_cover@2x-2-pokojowe-mieszkanie-katowice-muchowiec-ul-ignacego-paderewskiego.webp,Katowice Muchowiec,Ignacego Paderewskiego,6,2026,blok,,"Nowe mieszkanie z piękną panoramą miasta (Dasta Investment) Na sprzedaż wyjątkowe mieszkanie zlokalizowane przy ul. Paderewskiego 29, położone na 6. piętrze w inwestycji cenionego dewelopera Dasta Investment. Najważniejsze atuty: - Ekspozycja: Południowo-zachodnia - mieszkanie jest doskonale doświetlone przez cały dzień. - Widok: Piękna, nieprzesłonięta panorama miasta z 6. piętra. - Forma sprzedaży: Cesja umowy deweloperskiej. - Termin odbioru: Grudzień 2026 r. - Miejsce w garażu: Dodatkowo płatne 50 000 zł. Oferta prywatna: Sprzedaję jako osoba prywatna (nie jestem fliperem ani biurem nieruchomości), co gwarantuje brak dodatkowych prowizji. Zapraszam do kontaktu w celu uzyskania szczegółowych informacji.",,tak,,,,,50.254755,19.039886
Katowice,Załęże,2,65,470000,7231,bez pośredników,,8,https://adresowo.pl/o/mieszkanie-katowice-zaleze-2-pokojowe-65-m2-f8v9c4,https://s2.adresowa.pl/oi/6b/12/40af14_cb0b_cover@2x-2-pokojowe-mieszkanie-katowice-zaleze.webp,Katowice Załęże,,3,,kamienica,,"Wyremontowane mieszkanie na katowickim Zależu, blisko biurowców na Dębie jak i do Punktu 44. Przestronne, jasne. Dodatkowa powierzchnia do przechowywania to pawlacz. Piwnica również należy do mieszkania. Antresola w jednym z pokoi dodaje również dodatkowej przestrzeni do spania. Mieszkanie ma mały balkon, kuchnię połączoną z jadalnią i pralnią. Ogrzewanie gazowe, grzejniki. Sprzedaż od stycznia 2027.",tak,,,,,,50.265435,18.988001
Katowice Piotrowice,ul. Szewska,3,63,565000,8968,bez pośredników,,19,https://adresowo.pl/o/mieszkanie-katowice-piotrowice-ul-szewska-3-pokojowe-n0h7c2,https://s2.adresowa.pl/oi/5a/16/40ad8a_66ad_cover@2x-3-pokojowe-mieszkanie-katowice-piotrowice-ul-szewska.webp,Katowice Piotrowice,Szewska,2,1979,blok,,"Na sprzedaż oferuję komfortowe trzypokojowe mieszkanie o powierzchni 63,41 m², zlokalizowane na drugim piętrze w czteropiętrowym bloku przy ul. Szewskiej w Katowicach. Lokal jest świeżo odmalowany i gotowy do wprowadzenia. Wejście do klatki schodowej jest zabezpieczone domofonem. Układ pomieszczeń obejmuje trzy niezależne pokoje z wyjściem na duży balkon, osobną kuchnię, łazienkę oraz osobne WC po remoncie. W pokojach na podłogach położone są panele. W przedpokoju oraz kuchni zamontowano sufity podwieszane z oświetleniem punktowym. Drzwi wewnętrzne oraz zewnętrzne są nowoczesne i w bardzo dobrym stanie. Całe mieszkanie wyposażone jest w kaloryfery nowego typu, co przekłada się na lepsze zagospodarowanie przestrzeni pod parapetami. W cenie nieruchomości pozostaje stała zabudowa kuchenna wraz z lodówką i sprzętem AGD. Ogrzewanie oraz zimna woda pochodzą z sieci miejskiej. W łazience zamontowano nowy piecyk gazowy do podgrzewania wody. Do lokalu przynależy prywatna piwnica. Nieruchomość znajduje się w spokojnej okolicy z pełną infrastrukturą (sklepy, szkoły, przedszkola, komunikacja miejska). Mieszkanie jest wolne od zaraz. W najbliższej lokalizacji znajdują się: - szpital wielospecjalistyczny wraz z przychodnią, - przedszkole, szkoła podstawowa oraz średnia, - kościół, sklepy. Koszty utrzymania: Czynsz dla 3 osób (z zaliczką na wodę, ogrzewanie miejskie, wywóz śmieci) wynosi około 1000 zł. W razie pytań zapraszam do kontaktu w godzinach popołudniowych (od godziny 17:00).",tak,,osobna,plastikowe,własność,,50.209532,18.981058
Katowice,ul. Cisowa,2,37,415000,11216,Pośrednik,,4,https://adresowo.pl/o/mieszkanie-katowice-ul-cisowa-2-pokojowe-g2u1v2,https://s2.adresowa.pl/oi/53/27/3ddd70_7328_cover@2x-2-pokojowe-mieszkanie-katowice-ul-cisowa.webp,Katowice ,Cisowa,4,2026,apartamentowiec,,"Komfort życia w mieście, szybki dojazd i przestrzeń do odpoczynku po pracy. Na sprzedaż nowoczesne, 2-pokojowe mieszkanie o powierzchni 37 m², zlokalizowane w Katowicach — w dynamicznie rozwijającej się części miasta, która łączy miejski styl życia z codzienną wygodą. Oferta w cenie promocyjnej – idealna zarówno do zamieszkania, jak i pod inwestycję To miejsce, w którym wszystko masz pod ręką — pracę, rozrywkę, komunikację i przestrzeń do życia. Mieszkanie położone jest na 4 piętrze w budynku z windą, co zapewnia komfort i dobrą ekspozycję. Balkon stanowi idealne miejsce na poranną kawę lub wieczorny relaks — z dala od miejskiego zgiełku, ale w jego centrum. UDOGODNIENIA INWESTYCJI: - budynek wyposażony w windy - miejsca postojowe naziemne i podziemne - uporządkowane części wspólne - strefy zieleni i przestrzeń do relaksu - plac zabaw - infrastruktura dla rowerów - możliwość instalacji systemu smart home - pakiet antysmogowy (filtry powietrza) To jedna z tych lokalizacji, które realnie ułatwiają życie: - szybki dojazd do centrum Katowic – kilka minut - bardzo dobry dostęp do komunikacji miejskiej - wygodny wyjazd na główne trasy (DTŚ, A4) - pełna infrastruktura w pobliżu – sklepy, restauracje, usługi Edukacja: - blisko uczelni wyższych (Uniwersytet Śląski, Politechnika Śląska – szybki dojazd) - szkoły i przedszkola w okolicy OTOCZENIE I REKREACJA: - tereny zielone i miejsca spacerowe w pobliżu - szybki dostęp do parków i stref rekreacyjnych - ścieżki rowerowe i infrastruktura sportowa - idealne połączenie życia miejskiego i przestrzeni do odpoczynku To miejsce daje balans — możesz żyć dynamicznie, ale odpoczywać wtedy, kiedy tego potrzebujesz. Mieszkanie dostępne od zaraz. *Treść niniejszego ogłoszenia nie stanowi oferty handlowej w rozumieniu Kodeksu Cywilnego. Filip Masłowski",,tak,,plastikowe,,,50.277419,19.024134
Katowice,ul. Bolesława Chrobrego 31,2,50,403949,8079,Pośrednik,,21,https://adresowo.pl/o/mieszkanie-katowice-ul-boleslawa-chrobrego-2-pokojowe-s4y6d9,https://s2.adresowa.pl/oi/59/53/3dc6ea_7ee1_cover@2x-2-pokojowe-mieszkanie-katowice-ul-boleslawa-chrobrego.webp,Katowice ,Bolesława Chrobrego 31,3,1980,blok,,"TYLKO U NAS ! W NASZYM BIURZE ! Na sprzedaż 2-pokojowe mieszkanie o powierzchni 50,5 m², zlokalizowane na 3. piętrze przy ul. Chrobrego 31 w Katowicach. Nieruchomość z dużym potencjałem aranżacyjnym – idealna zarówno dla inwestora, jak i osób szukających mieszkania do własnej adaptacji. Najważniejsze informacje: ✔ powierzchnia: 50,5 m² ✔ piętro: 3 ✔ 2 niezależne pokoje ✔ oddzielna kuchnia ✔ łazienka ✔ spiżarnia / garderoba ✔ balkon z widokiem na Park Śląski ✔ piwnica ✔ dostęp do suszarni na piętrze ✔ możliwość parkowania za szlabanem Stan mieszkania: Lokal do remontu – daje pełną swobodę aranżacji i możliwość podniesienia wartości nieruchomości. Atuty mieszkania: - * funkcjonalny, ustawny układ pomieszczeń - * balkon z widokiem na zieleń (Park Śląski) - * dobre doświetlenie wnętrz - * spokojne sąsiedztwo Lokalizacja – duży atut nieruchomości: Mieszkanie położone jest w zielonej i dobrze skomunikowanej części Katowic, tuż przy Parku Śląskim – jednym z największych parków miejskich w Europie. W najbliższej okolicy: ✔ tereny rekreacyjne, ścieżki rowerowe, miejsca spacerowe ✔ sklepy, punkty usługowe ✔ szkoły i przedszkola ✔ przystanki komunikacji miejskiej ✔ szybki dojazd do centrum Katowic oraz miast ościennych Stan prawny: spółdzielcze właśnościowe prawo z KW Dostępność: od zaraz Klucze w biurze – szybkie prezentacje To idealne miejsce dla osób ceniących równowagę między naturą a miejskim stylem życia. Zapraszam do kontaktu i na prezentację Agnieszka Maier",,,,plastikowe,,,50.28333,18.972793
Katowice Muchowiec,ul. gen. Władysława Sikorskiego,2,43,477000,11093,bez pośredników,,10,https://adresowo.pl/o/mieszkanie-katowice-muchowiec-ul-gen-wladyslawa-sikorskiego-2-pokojowe-k3i2p6,https://s2.adresowa.pl/oi/15/74/40aca6_e54b_cover@2x-2-pokojowe-mieszkanie-katowice-muchowiec-ul-gen-wladyslawa-sikorskiego.webp,Katowice Muchowiec,gen. Władysława Sikorskiego,7,1989,blok,,"Na sprzedaż funkcjonalne, 2-pokojowe mieszkanie o powierzchni 43 m², położone w top lokalizacji 3 stawów na 7. piętrze. Lokal posiada dwa niezależne, nieprzechodnie pokoje, zapewniające komfort i prywatność. Dużym atutem jest balkon oraz dobre doświetlenie mieszkania w godzinach porannych. Dzięki temu, że słońce nie operuje bezpośrednio w oknach przez cały dzień, mieszkanie nie nagrzewa się nadmiernie. Pomimo bliskości głównych tras komunikacyjnych, w mieszkaniu nie słychać uciążliwego hałasu autostrady. Nieruchomość znajduje się w bardzo dobrze skomunikowanej i rozwiniętej części Katowic, z szybkim dostępem do centrum, sklepów, punktów usługowych, komunikacji miejskiej oraz terenów rekreacyjnych. To doskonała lokalizacja zarówno do zamieszkania, jak i pod inwestycję na wynajem. Do mieszkania przynależy piwnica, a parking dostępny jest pod budynkiem. Agencjom nieruchomości oraz pośrednikom dziękuję za kontakt. Proszę o niekontaktowanie się w sprawie tej oferty.",tak,,,plastikowe,własność,,50.252394,19.037553
Katowice Śródmieście,ul. Zabrska,1,36,880000,24444,bez pośredników,,10,https://adresowo.pl/o/mieszkanie-katowice-srodmiescie-ul-zabrska-1-pokoj-g6d3q5,https://s2.adresowa.pl/oi/5f/33/40ab72_4804_cover@2x-1-pokojowe-mieszkanie-katowice-srodmiescie-ul-zabrska.webp,Katowice Śródmieście,Zabrska,22,2024,apartamentowiec,,"Do sprzedaży ekskluzywny apartament wykończony pod klucz o powierzchni 36,18 m² na 22. piętrze nowego, 26-kondygnacyjnego budynku w samym sercu Katowic w jednej z najbardziej prestiżowych inwestycji. To komfortowa przestrzeń typu studio, w której strefa sypialna została elegancko wydzielona przeszklonymi panelami - rozwiązanie łączące otwarty, nowoczesny układ z prywatnością sypialni. Wnętrze wykończone z dbałością o każdy detal i przy użyciu wysokiej jakości materiałów. Nowoczesne meble wykonane na wymiar z przemyślanym każdym szczegółem dla maksymalnego komfortu użytkowania. Duże, wysokie okna zapewniają naturalne doświetlenie oraz widok na panoramę miasta, a zamontowane zaciemniające zasłony sterowane pilotem oraz zdalnie pozwalają na pełną kontrolę światła. Do mieszkania przynależy miejsce parkingowe w podziemnej hali garażowej. Budynek oferuje mieszkańcom całodobową recepcję z ochroną, całodobowy monitoring, ogród na dachu z widokiem na miasto, stanowiący wyjątkową przestrzeń do wypoczynku oraz rowerownię - idealne rozwiązanie dla osób ceniących wygodę, bezpieczeństwo i aktywny styl życia w centrum miasta. Cena nieruchomości wraz z wyposażeniem: 880.000 zł. Miejsce postojowe w garażu: 50.000 zł. Zapraszam do kontaktu i umówienia prezentacji - oferta bezpośrednio od właściciela.",,tak,,,własność,,50.262517,19.013151
Katowice,Piotrowice,3,47,349000,7426,bez pośredników,,7,https://adresowo.pl/o/mieszkanie-katowice-piotrowice-3-pokojowe-47-m2-x5l2h9,https://s2.adresowa.pl/oi/1a/17/40a99c_e217_cover@2x-3-pokojowe-mieszkanie-katowice-piotrowice.webp,Katowice Piotrowice,,9,,blok,,"Prywatnie i bez prowizji: jasne mieszkanie 47,37 m² | Katowice-Piotrowice Cena: 349 000 zł Czynsz administracyjny: 807 zł Liczba pokoi: 2+mały gabinet Stan: do zamieszkania Opis nieruchomości Sprzedam bezpośrednio, bez prowizji, jasne i zadbane mieszkanie o powierzchni 47,37 m² w Katowicach-Piotrowicach. Mieszkanie znajduje się na 9. piętrze w 10-piętrowym bloku. Dużym atutem jest południowa wystawa, bardzo dobre doświetlenie oraz otwarta panorama na okolicę. Budynek jest po termomodernizacji, posiada dwie nowe windy i domofon. Mieszkanie pierwotnie składało się z dwóch pokoi oraz dużej, słonecznej kuchni z jadalnią. Obecnie część kuchni została wydzielona lekką ścianką działową i pełni funkcję dodatkowego gabinetu - idealnego do pracy zdalnej lub jako mała pracownia. Ściankę można łatwo zdemontować, przywracając dużą kuchnię z dwoma oknami. To daje możliwość dopasowania układu do własnych potrzeb. Rzut mieszkania znajduje się w galerii. Informacje techniczne • Podłogi: zadbany parkiet w pokojach, kafle w kuchni i łazience. • Zabudowa: pojemne szafy wnękowe wykonane na wymiar. • Łazienka: drzwi przesuwne optymalizujące przestrzeń. • Ogrzewanie: miejskie. • Ciepła woda: piecyk gazowy. • Dodatkowo: piwnica ok. 4 m² oraz dostęp do zamykanej komórki lokatorskiej na piętrze. Opłaty i lokalizacja Czynsz administracyjny: 807 zł - w tym m.in. fundusz remontowy, eksploatacja, winda i opłata stała za CO. Spokojna i zielona część Piotrowic. Duży parking dla mieszkańców. W bezpośrednim sąsiedztwie znajdują się sklepy, punkty usługowe, szkoły i przystanki autobusowe z szybkim dojazdem do centrum Katowic. Mieszkanie wolne od zaraz. Zapraszam na prezentację.",tak,,,,,,50.206001,18.983
Katowice,ul. Armii Krajowej,2,39,489000,12538,Pośrednik,,3,https://adresowo.pl/o/mieszkanie-katowice-ul-armii-krajowej-2-pokojowe-c5b9k8,https://s2.adresowa.pl/oi/7a/6f/3db11a_7965_cover@2x-2-pokojowe-mieszkanie-katowice-ul-armii-krajowej.webp,Katowice ,Armii Krajowej,4,,apartamentowiec,,"TYLKO U NAS !!! W NASZYM BIURZE !!!! Na sprzedaż: jasne i funkcjonalne mieszkanie z balkonem – Katowice, ul. Armii Krajowej. Szukasz komfortowego mieszkania w spokojnej, a jednocześnie świetnie skomunikowanej części Katowice? Ta oferta może być dokładnie tym, czego potrzebujesz – zarówno do zamieszkania, jak i jako pewna inwestycja pod wynajem. Najważniejsze informacje: - Powierzchnia: 38,5 m² - Piętro: 4 (ostatnie) - Cena: 489 000 zł - Stan prawny: pełna własność - Dostępność: od zaraz - Klucze w biurze – szybkie prezentacje Funkcjonalny układ: - ustawna sypialnia – idealna dla pary lub najemcy - salon z aneksem kuchennym i wyjściem na balkon - łazienka z WC - duży balkon z widokiem na zieleń Mieszkanie jest jasne, dobrze doświetlone i daje duże możliwości aranżacyjne. Dodatkowym atutem jest świetlik w kuchni. Standard i udogodnienia: - zadbany blok - czysta klatka schodowa zabezpieczona domofonem - kameralne osiedle ze szlabanem - liczne miejsca postojowe dla mieszkańców Koszty: - niski czynsz - dodatkowo: tylko prąd Największe atuty: - ostatnie piętro – cisza i brak sąsiadów nad głową - świetny układ – maksymalne wykorzystanie przestrzeni - dużo światła dziennego - idealne pod inwestycję – duży popyt na wynajem w tej okolicy - spokojna okolica z zielenią Lokalizacja:Ulica Armii Krajowej to jedna z bardziej komfortowych lokalizacji do życia w Katowicach. W pobliżu znajdziesz: - sklepy i markety - przystanki komunikacji miejskiej - szkoły i usługi - tereny rekreacyjne Agnieszka Maier",tak,,,,,,50.198484,18.977377
Katowice,ul. Ignacego Paderewskiego,2,38,446000,11737,Pośrednik,,4,https://adresowo.pl/o/mieszkanie-katowice-ul-ignacego-paderewskiego-2-pokojowe-g5o1o7,https://s2.adresowa.pl/oi/29/72/3da9ac_3c77_cover@2x-2-pokojowe-mieszkanie-katowice-ul-ignacego-paderewskiego.webp,Katowice ,Ignacego Paderewskiego,1,2026,apartamentowiec,,"Mieszkanie 2-pokojowe z Balkonem w Katowicach, w jednej z najlepszych lokalizacji - blisko centrum, uczelni oraz terenów rekreacyjnych. Inwestycja znajduje się w bezpośrednim sąsiedztwie Doliny Trzech Stawów - jednego z najchętniej wybieranych miejsc do spacerów, biegania i rekreacji. Dodatkowym atutem jest bardzo dobry dojazd do centrum oraz bliskość komunikacji miejskiej i uczelni. Dostępne są mieszkania o powierzchniach od 25 do 82 m², w układach od 1 do 4 pokoi. Ceny rozpoczynają się od 378 000 zł, a ceny za m² już od 11 500 zł. Ważne informacje: - Wysoki standard deweloperski - Bardzo duże przeszklenia i szerokie balkony - Miejsca postojowe w garażu do każdego mieszkania - Stacja ładowania samochodów elektrycznych - Rowerownia i myjka dla psów - Klub mieszkańca ze strefą coworkingową To inwestycja, która świetnie sprawdzi się zarówno dla osób szukających idealnego miejsca do życia, jak i dla inwestorów. Mieszkania w tej lokalizacji cieszą się dużym zainteresowaniem najemców, co przekłada się na stabilny wynajem. Brak prowizji oraz brak podatku PCC. Zadzwoń lub napisz — umówimy prezentację i sprawdzimy, które mieszkanie będzie najlepiej pasować do Państwa oczekiwań. Współpraca ze mną to: - brak kosztów - profesjonalne doradztwo - wiele ofert dostępnych w jednym miejscu - jestem dostępny dla Państwa na każdym etapie transakcji - nasi eksperci finansowi mogą od razu dobrać Państwu najkorzystniejszy kredyt NOTUS Finanse S.A. występuje w charakterze pośrednika w obrocie nieruchomościami. Przedstawiona oferta cenowa ma wyłącznie charakter informacyjny i nie stanowi oferty handlowej w rozumieniu art. 66¹ kodeksu cywilnego. Notus Finanse S.A.",,tak,aneks,plastikowe,własność,,50.25302,19.039001
Katowice Kostuchna,ul. Bażantów,2,68,770000,11324,bez pośredników,,11,https://adresowo.pl/o/mieszkanie-katowice-kostuchna-ul-bazantow-2-pokojowe-m8e5n1,https://s2.adresowa.pl/oi/36/78/40a6a4_496e_cover@2x-2-pokojowe-mieszkanie-katowice-kostuchna-ul-bazantow.webp,Katowice Kostuchna,Bażantów,1,2006,apartamentowiec,,"Jeżeli lubisz otwarte przestrzenie, designerskie wnętrza, widok na zachód słońca oraz ciszę za oknem, to właśnie ten apartament jest dla Ciebie! Jego designerskie wnętrze przemawia do ludzi aktywnych, ceniących nietuzinkowość, ekologię, naturę i jest poparte dobrą jakością i doskonałym wykonaniem. Apartament jest położony na 1 i 2 kondygnacji w 4-piętrowym budynku, z usytuowaniem południowym. Bardzo jasne wnętrze z otwartymi pomieszczeniami na obu poziomach i widokiem na zachód słońca dodaje mu romantyzmu, a nawet skłania do marzeń. Nieruchomość składa się z: - apartamentu - 68,40 m2: poziom pierwszy: (salon z kuchnią, garderoba, łazienka), poziom drugi: (sypialnia z otwartym gabinetem, przestrzenna łazienka) - balkonu - 5,40 m2 - balkon jest ocieniony markizą - komórki lokatorskiej - 12,40 m2 - wyposażonej w pralkę, zlew techniczny oraz bojler, a także w sześciodrzwiową szafę na sprzęt sportowy oraz rzeczy przechowywane sezonowo. Komórka pomieści rowery, narty, kajaki, supy i co sobie tylko można zamarzyć! - miejsca postojowego w przyziemiu (do dokupienia) Cała zabudowa kuchenna, szafy i łazienki robione na wymiar i doskonale spasowane: - kuchnia: zabudowa kuchenna - płyta drewniana, lodówka z zamrażarką Liebherr, płyta indukcyjna Whirlpool, piekarnik, okap, zmywarka Bosch, - wszystkie szafy robione na wymiar z forniru połączonego z lnem, - podłoga - francuska deska lita chapell w kolorze postarzanego dębu, - łazienki - szafki wykonane na wymiar, biały montaż z wyższej półki. Apartament w sprzedaży bezpośredniej! Otoczenie: Zakupy i usługi codzienne: - Centrum Handlowe Bażantowo: Carrefour, Empik, Rossmann, winiarnia, sklep AGD, Żabka - Pełne zaplecze usługowe: apteka, piekarnia, bankomat, salony fryzjerskie i kosmetyczne, joga, pilates, optyk, pralnia, biuro podróży, kwiaciarnia. Gastronomia z najwyższej półki: - La Tavola: doskonała włoska restauracja, idealna na rodzinny obiad czy wieczorną kolację. - Kofeina Bistro by Pilawski: miejsce na poranną kawę, świeże śniadania i szybki lunch. - Różnorodne smaki: W najbliższym sąsiedztwie znajdziesz również świetne Hirado Sushi, rzemieślnicze lody oraz La Colacione - miejsce na kawkę i włoskie specjały. Sport i Rekreacja: - Kompleks Bażantowo Sport: jeden z najnowocześniejszych obiektów na Śląsku, który zawiera: rozbudowaną siłownię i strefę fitness, basen oraz strefę saun, korty do tenisa i squasha, kręgielnię i bilard. - Tereny zielone i trasy rowerowe: bezpośredni dostęp do ścieżek biegowych i rowerowych, ciągnących się przez zielone południe Katowic. Edukacja i Zdrowie: - Opieka medyczna: Centra Medyczne: Signum, InCorpore i Medicover. - Szkoła Pijarska: Prestiżowy kompleks edukacyjny. - Opieka weterynaryjna: iVET - przychodnia weterynaryjna. Apartament doskonale wpisuje się w potrzeby osób, które cenią sobie przestrzeń w mieszkaniu i ciszę w otoczeniu. Z jego okien rozpościera się widok na zieleń, niską zabudową domów jednorodzinnych i jest położony na zamkniętym osiedlu bez hałasu ulicznego. Wygodne otoczenie, pełna infrastruktura i prestiżowe sąsiedztwo to argumenty, które dodatkowo podnoszą wartość tego miejsca.",tak,tak,aneks,drewniane,własność,"Wyposażenie: lodówka, piekarnik, pralkę, zmywarka",50.198801,18.984622
Katowice os. Tysiąclecia,ul. Tysiąclecia,3,58,585000,10086,bez pośredników,,17,https://adresowo.pl/o/mieszkanie-katowice-os-tysiaclecia-ul-tysiaclecia-3-pokojowe-u2o1v5,https://s2.adresowa.pl/oi/4d/31/40a55a_7638_cover@2x-3-pokojowe-mieszkanie-katowice-os-tysiaclecia-ul-tysiaclecia.webp,Katowice os. Tysiąclecia,Tysiąclecia,9,1964,blok,,"Na sprzedaż przestronne, w pełni wykończone mieszkanie o powierzchni 58,9 m², składające się z 3 pokoi (w tym salon przechodni), w pełni wyremontowane w 2021 roku. W trakcie generalnego remontu wymieniono całą instalację elektryczną, wodną i gazową, a ściany i sufity wykończono karton-gipsem, co zapewnia gładkie, równe powierzchnie w każdym pomieszczeniu. W pokojach na podłogach ułożono panele w klasyczny wzór jodełki, wszystkie pozostałe pomieszczenia mają kafle. Mieszkanie jest zamieszkane i użytkowane na bieżąco, dlatego miejscami wymaga lekkiego odświeżenia (np. malowania, wymiany kilku listew pp). Kluczowe atuty: - Generalny remont w 2021 roku - instalacje elektryczna, wodna i gazowa wymienione od podstaw. - Wykończenie na bazie kartonu-gipsu - równe ściany i sufity. - Panele podłogowe ułożone w jodełkę. - Duże przeszklenia - dobrze doświetlone wnętrza. - Wysokie piętro - piękny widok. - Funkcjonalny rozkład - 3 pokoje, w tym salon przechodni. - Rozbudowana zabudowa meblowa (szafy w holu, w pokojach i regał w salonie) - dużo miejsca na przechowywanie. Wszystkie meble robione na zamówienie i na wymiar przez stolarza. - Osobne pomieszczenie gospodarcze na pralkę/suszarkę. - Do mieszkania przynależy piwnica - dodatkowa przestrzeń na przechowywanie. Lokalizacja: - 500 m do Parku Śląskiego. - W odległości 500 m: dwa żłobki, szkoła podstawowa, przedszkole, sklepy spożywcze, piekarnie, przychodnia NFZ. Opłaty: - Czynsz z zaliczką na wodę i CO2 - 1026 zł. Informacje dodatkowe: - Blok wybudowany w latach 70. - Spółdzielnia mieszkaniowa ""Piast"". - Stan prawny nieruchomości: hipoteka, uregulowanie zobowiązania w standardowej procedurze przy transakcji. Proszę agentów i agencje nieruchomości o niekontaktowanie się z ofertami współpracy przy marketingu czy wystawianiu nieruchomości.",tak,,osobna,,własność,"Wyposażenie: pralkę, suszarkę",50.278885,18.972803
Katowice Śródmieście,ul. Zabrska,1,36,685000,19028,bez pośredników,,20,https://adresowo.pl/o/mieszkanie-katowice-srodmiescie-ul-zabrska-1-pokoj-z0l1w9,https://s2.adresowa.pl/oi/7b/36/409af4_a22b_cover@2x-1-pokojowe-mieszkanie-katowice-srodmiescie-ul-zabrska.webp,Katowice Śródmieście,Zabrska,19,2025,apartamentowiec,,"Na sprzedaż mieszkanie o powierzchni 36,77 m2, znajdujące się na 19. piętrze apartamentowca Global Apartments. Mieszkanie jest nowe, nigdy nie zamieszkałe i wykończone wysokiej jakości materiałami z dbałością o szczegóły: - szafa na wymiar w przedpokoju wraz ze staranną zabudową ściany w kolorze drzwi, - zabudowa kuchenna z pełnym wyposażeniem, - sprzęt AGD: pralka, zmywarka, lodówka, kuchenka i piekarnik, okap kuchenny, - pełnowymiarowe tapicerowane łóżko oddzielone od salonu ścianką z lameli, - dyskretny, beżowy kaloryfer, - panoramiczne okna, - klimatyzacja. Miejsce parkingowe w garażu w cenie mieszkania! Sprzedaż na podstawie Faktury VAT - brak PCC. Cena brutto! Lokalizacja w Śródmieściu zapewnia dostęp do pełnej oferty miasta Katowice.",,tak,,,własność,"Wyposażenie: klimatyzacja, kuchenka, lodówka, piekarnik, pralka, zmywarka",50.262517,19.013151
Katowice,ul. Leopolda,4,205,3794000,18507,Pośrednik,,8,https://adresowo.pl/o/mieszkanie-katowice-ul-leopolda-4-pokojowe-s8i2t7,https://s2.adresowa.pl/oi/1d/51/3da9a6_a106_cover@2x-4-pokojowe-mieszkanie-katowice-ul-leopolda.webp,Katowice ,Leopolda,9,2027,blok,,"LOFT W CHMURACH - czyli miasto u stóp. Na sprzedaż unikatowy, trzypiętowy loft o powierzchni 205 m2, znajdujący się na samym szczycie budynku, z panoramicznym widokiem na miasto. Przestrzeń z imponującym prześwitem, trzema poziomami i tarasami na każdym piętrze, oferuje wyjątkowe połączenie światła i nowoczesnej architektury. Ta nieruchomość, to wyjątkowe połączenie tętniącego życiem miasta z odprężającą i ożywczą zielenią parku, który stanowi esencję i jest sercem całego projektu. Mieszkania o zróżnicowanych metrażach od 41,94 m², lokale 2,3,4 i nawet 5 pokojowe oraz przestronne apartamenty o powierzchni nawet do ok. 200 m². Każdy lokal będzie posiadać balkon/loggię lub taras jako prywatną zieloną przestrzeń do relaksu i wypoczynku. Stanowi przy tym niezwykle atrakcyjne wizualnie rozwiązanie architektoniczne z wysuwającą się na pierwszy plan zieloną elewacją, kolorową i odpowiednio zaprojektowaną kompozycją roślin, a także winnicą znajdującą się na dachu. Atuty inwestycji:- strefa wypoczynkowa, park w centrum inwestycji - stojaki zewnętrzne na rowery - stanowiska naprawcze dla rowerów - zielony taras na dachu - miejsce do ładowania pojazdów elektrycznych - balkony/loggie, tarasy, ogródki - miejsca postojowe i garaż podziemny - komórki lokatorskie Lokalizacja:- 2 min przystanek autobusowy - 7 min supermarket, IKEA - 12 – 14 min szkoła podstawowa, przedszkole - 6 min ośrodek zdrowia - 6 min centrum sportowe i fitness - 18 min Park Śląski, Legendia - 7 min centrum - Rynek - 9 min Silesia City Center - 15 min Dworzec PKP Katowice Posiadam również oferty mieszkań nieopublikowanych w sieci. Dopasujemy ofertę do Twoich potrzeb. Filip Masłowski",,,aneks,plastikowe,,,50.271862,19.045119
Katowice,ul. gen. Zygmunta Waltera Jankego,2,41,431000,10512,Pośrednik,,4,https://adresowo.pl/o/mieszkanie-katowice-ul-gen-zygmunta-waltera-jankego-2-pokojowe-j7d1u5,https://s2.adresowa.pl/oi/62/46/3da970_accf_cover@2x-2-pokojowe-mieszkanie-katowice-ul-gen-zygmunta-waltera-jankego.webp,Katowice ,gen. Zygmunta Waltera Jankego,2,2027,apartamentowiec,,"Nowoczesne mieszkania w zielonej i spokojnej części Katowic Zamieszkaj w miejscu, które łączy komfort życia w mieście z bliskością natury. Kameralna zabudowa, dużo zieleni oraz spokojne otoczenie tworzą idealne warunki zarówno do życia, jak i odpoczynku po pracy. To propozycja dla osób ceniących równowagę między wygodą a prywatnością. Dostępne są również lokale nieprezentowane w sieci. Atuty inwestycji: - Kameralne osiedle o nowoczesnej architekturze - Funkcjonalne układy mieszkań o zróżnicowanych metrażach - Duże przeszklenia zapewniające dobre doświetlenie wnętrz - Wysoki standard części wspólnych - Strefa dla mieszkańców (relaks / praca) - Siłownia i przestrzeń fitness - Sala zabaw dla dzieci oraz plac zabaw - Lokale usługowe na terenie osiedla - Garaż podziemny oraz miejsca naziemne - Monitoring i podwyższony standard bezpieczeństwa - Możliwość instalacji ładowarek do samochodów elektrycznych - Pełna dostępność (windy, brak barier architektonicznych) Lokalizacja i otoczenie: - Spokojna, zielona dzielnica - Bliskość terenów leśnych i rekreacyjnych - Idealne miejsce dla osób aktywnych oraz rodzin - Kameralne sąsiedztwo, z dala od miejskiego zgiełku Komunikacja i infrastruktura: - Szybki dojazd do centrum miasta - Dobry dostęp do głównych dróg - Rozwinięta infrastruktura w pobliżu (sklepy, szkoły, usługi) - Wygodne połączenie z innymi częściami miasta Filip Masłowski",,,,,,,50.208376,18.973749
Katowice Wełnowiec,ul. Słoneczna,2,52,500000,9615,bez pośredników,,11,https://adresowo.pl/o/mieszkanie-katowice-welnowiec-ul-sloneczna-2-pokojowe-k5s2v7,https://s2.adresowa.pl/oi/58/7b/409a7a_4006_cover@2x-2-pokojowe-mieszkanie-katowice-welnowiec-ul-sloneczna.webp,Katowice Wełnowiec,Słoneczna,parter,1970,blok,,"Na sprzedaż 2-pokojowe mieszkanie o powierzchni 52 m², położone na parterze 4-piętrowego bloku po termomodernizacji przy ul. Słonecznej w Katowicach, w dzielnicy Wełnowiec-Józefowiec. Mieszkanie jest gotowe do zamieszkania, dzięki czemu nowy właściciel może korzystać z niego bez konieczności przeprowadzania generalnego remontu. Ogrzewanie miejskie. Czynsz ok. 900 zł/msc zawierający zaliczkę na wodę oraz ogrzewanie. Lokal o powierzchni 52 m² składa się z: - dwóch niezależnych pokoi, - osobnej kuchni z częścią jadalnianą, - łazienki, - przedpokoju. Do mieszkania przynależą również balkon oraz piwnica. Funkcjonalny układ pomieszczeń sprawia, że mieszkanie dobrze sprawdzi się zarówno dla pary, jak i rodziny. Dwa niezależne pokoje umożliwiają wygodne wydzielenie części dziennej i sypialnianej, a osobna kuchnia z jadalnią zapewnia dodatkową, praktyczną przestrzeń do wspólnych posiłków. Mieszkanie znajduje się w dzielnicy Wełnowiec-Józefowiec, w północnej części Katowic. Lokalizacja zapewnia dostęp do infrastruktury potrzebnej na co dzień, w tym sklepów, punktów usługowych, placówek edukacyjnych oraz komunikacji miejskiej. Położenie mieszkania sprawia, że jest to propozycja warta uwagi zarówno dla osób szukających wygodnego mieszkania na własne potrzeby, jak i dla inwestora zainteresowanego nieruchomością pod wynajem. Mieszkanie będzie dostępne od 1 października 2026 roku. Zapraszam do kontaktu w celu uzyskania dodatkowych informacji oraz umówienia terminu prezentacji.",tak,,osobna,plastikowe,własność,,50.276304,19.015926
Katowice Wełnowiec,ul. Jana Dekerta,2,50,358000,7160,bez pośredników,,7,https://adresowo.pl/o/mieszkanie-katowice-welnowiec-ul-jana-dekerta-2-pokojowe-r7q9c7,https://s2.adresowa.pl/oi/48/4d/409a40_c06c_cover@2x-2-pokojowe-mieszkanie-katowice-welnowiec-ul-jana-dekerta.webp,Katowice Wełnowiec,Jana Dekerta,1,1960,blok,,"Szukasz przytulnego, pełnego naturalnego światła mieszkania w cichej i zielonej części Katowic? Ta wyjątkowa oferta przy ul. Dekerta łączy w sobie urok kameralnej zabudowy, przemyślany układ pomieszczeń oraz niespotykanie niskie koszty utrzymania. Nieruchomość o powierzchni 50 m² usytuowana jest na poszukiwanym, 1. piętrze w zaledwie dwupiętrowym budownictwie. To idealna propozycja dla rodziny z dziećmi, pary poszukującej swojej pierwszej przestrzeni lub inwestora pod bezproblemowy wynajem. Wnętrze dopasowane do Twoich potrzeb Dwustronny rozkład Wschód - Zachód sprawia, że mieszkanie jest pięknie doświetlone przez cały dzień, jasne i przewiewne. Komfort termiczny i akustyczny gwarantują nowoczesne okna wymienione 5 lat temu. W skład mieszkania wchodzą: Przestronny salon - idealny do wspólnego wypoczynku, z miejscem na strefę relaksu i duży stół jadalniany. Drugi pokój (sypialnia / pokój dziecięcy) z bezpośrednim wyjściem na balkon - kameralne miejsce na poranną kawę lub chwilę z książką na świeżym powietrzu. Osobna, jasna kuchnia z oknem, w której wygodnie przygotujesz codzienne posiłki. Praktyczna garderoba - ogromne ułatwienie w organizacji przestrzeni (z możliwością wyburzenia, jeśli zechcesz dodatkowo powiększyć sąsiadujący pokój). Łazienka z wanną - idealna na relaksujące kąpiele po długim dniu. Przedpokój zapewniający swobodną komunikację między wszystkimi pomieszczeniami. Stan lokalu pozwala na zamieszkanie od razu lub na spokojne odświeżenie i zaaranżowanie wnętrza według własnego stylu. Energooszczędność i bezkonkurencyjna przestrzeń Do mieszkania przynależy wyjątkowo duża piwnica, w której bez trudu przechowasz rowery, wózek czy sprzęt sezonowy. Mieszkańcy mają również dostęp do ogólnodostępnego strychu, z którego korzystają zaledwie 3 lokale w klatce. Budynek przeszedł pełną termomodernizację, co w połączeniu z nowymi oknami daje doskonałą izolację cieplną. Rachunki za ogrzewanie gazowe w najzimniejszych miesiącach sięgają zaledwie ok. 300 zł/mc. Dla zwolenników innych rozwiązań istnieje możliwość podłączenia do miejskiej sieci CO. Ulica Dekerta to cichy, bezpieczny zakątek z pełną infrastrukturą ""na wyciągnięcie ręki"". W bezpośrednim sąsiedztwie znajdują się żłobek, przedszkole, szkoły podstawowe oraz osiedlowe sklepy. Miejsce jest świetnie skomunikowane z centrum Katowic i miastami ościennymi. Ogromnym plusem jest także duża liczba bezpłatnych miejsc parkingowych bezpośrednio pod budynkiem. Czynsz: ok. 700 zł (wyliczony dla rodziny 4-osobowej; zawiera zaliczki na wodę, śmieci i fundusz remontowy) Forma własności: Pełna własność z Księgą Wieczystą (bez obciążeń) Serdecznie zapraszam na prezentację nieruchomości na żywo - to mieszkanie ma naprawdę wyjątkowy klimat! Nie zwlekaj! Umów się na prezentację i przekonaj się, że to miejsce jest dla Ciebie!",tak,,osobna,plastikowe,własność,,50.284556,19.015179
Katowice,Ligota,2,38,320000,8421,bez pośredników,,8,https://adresowo.pl/o/mieszkanie-katowice-ligota-2-pokojowe-38-m2-c6c0v5,https://s2.adresowa.pl/oi/2e/3a/4099ce_6b7b_cover@2x-2-pokojowe-mieszkanie-katowice-ligota.webp,Katowice Ligota,,parter,,blok,,"Sprzedam słoneczne dwupokojowe mieszkanie w pięknej, zielonej i spokojnej okolicy Katowice Ligota. Mieszkanie składa się z dwóch pokoi, przedpokoju, osobnej kuchni oraz łazienki. W mieszkaniu jest centralne ogrzewanie, ogrzewanie wody jest gazowe. Kontakt wyłącznie telefoniczny pod podanym w ogłoszeniu numerem telefonu",,,osobna,,,,50.226002,18.971001
Katowice,ul. gen. Zygmunta Waltera Jankego,1,29,314000,10828,Pośrednik,,4,https://adresowo.pl/o/mieszkanie-katowice-ul-gen-zygmunta-waltera-jankego-1-pokoj-r8f9b9,https://s2.adresowa.pl/oi/4d/66/3da968_c3f5_cover@2x-1-pokojowe-mieszkanie-katowice-ul-gen-zygmunta-waltera-jankego.webp,Katowice ,gen. Zygmunta Waltera Jankego,1,2027,apartamentowiec,,"Nowoczesne mieszkania w zielonej i spokojnej części Katowic Zamieszkaj w miejscu, które łączy komfort życia w mieście z bliskością natury. Kameralna zabudowa, dużo zieleni oraz spokojne otoczenie tworzą idealne warunki zarówno do życia, jak i odpoczynku po pracy. To propozycja dla osób ceniących równowagę między wygodą a prywatnością. Dostępne są również lokale nieprezentowane w sieci. Atuty inwestycji: - Kameralne osiedle o nowoczesnej architekturze - Funkcjonalne układy mieszkań o zróżnicowanych metrażach - Duże przeszklenia zapewniające dobre doświetlenie wnętrz - Wysoki standard części wspólnych - Strefa dla mieszkańców (relaks / praca) - Siłownia i przestrzeń fitness - Sala zabaw dla dzieci oraz plac zabaw - Lokale usługowe na terenie osiedla - Garaż podziemny oraz miejsca naziemne - Monitoring i podwyższony standard bezpieczeństwa - Możliwość instalacji ładowarek do samochodów elektrycznych - Pełna dostępność (windy, brak barier architektonicznych) Lokalizacja i otoczenie: - Spokojna, zielona dzielnica - Bliskość terenów leśnych i rekreacyjnych - Idealne miejsce dla osób aktywnych oraz rodzin - Kameralne sąsiedztwo, z dala od miejskiego zgiełku Komunikacja i infrastruktura: - Szybki dojazd do centrum miasta - Dobry dostęp do głównych dróg - Rozwinięta infrastruktura w pobliżu (sklepy, szkoły, usługi) - Wygodne połączenie z innymi częściami miasta Filip Masłowski",,,aneks,plastikowe,,,50.208376,18.973749
Katowice Śródmieście,ul. Gliwicka,2,32,405000,12656,Pośrednik,,4,https://adresowo.pl/o/mieszkanie-katowice-srodmiescie-ul-gliwicka-2-pokojowe-n2u6a6,https://s2.adresowa.pl/oi/3e/40/3da942_7f2a_cover@2x-2-pokojowe-mieszkanie-katowice-srodmiescie-ul-gliwicka.webp,Katowice Śródmieście,Gliwicka,3,2026,apartamentowiec,,"Mieszkanie z potencjałem do wynajęcia. Inwestycja w centrum miasta. Przedstawiam ofertę funkcjonalnego mieszkania, zlokalizowanego w ścisłym centrum - Katowice na wyciągnięcie ręki. Największym atutem mieszkania jest układ, który umożliwia wydzielenie dwóch niezależnych pokoi, co czyni je ciekawą propozycją inwestycyjną. Ponad 200 nowoczesnych apartamentów, zaprojektowanych w duchu minimalistycznej elegancji. Jasne barwy i drewniane akcenty tworzą przytulne, harmonijne wnętrza. Ponadczasowa bryła, duże przeszklenia oraz przestronne tarasy i balkony wypełnią mieszkania naturalnym światłem i otworzą je na panoramę Katowic. Apartamenty zlokalizowane są w doskonale skomunikowanej części miasta, tuż przy nowoczesnych centrach biznesowych, oferując idealną równowagę między miejską dynamiką, a codziennym komfortem. Dodatkowym atutem inwestycji będzie nowoczesna siłownia dostępna dla mieszkańców, która umożliwi aktywny tryb życia bez konieczności opuszczania budynku. Dostępne lokale w różnych metrażach niepublikowanych na stronach. Atuty inwestycji: - Lokalizacja przy kultowym Spodku, doskonała komunikacja, - Bogata infrastruktura w najbliższym sąsiedztwie, - Balkony, tarasy, wysokie okna - Nowoczesna, kameralna siłownia dostępna wyłącznie dla mieszkańców inwestycji - dwa poziomy parkingowe Dlaczego warto? - potencjał inwestycyjny - rosnący popyt na mieszkania w centrum miasta. - blisko kluczowych punktów miasta. - stały wzrost liczby eventów tematycznych w Katowicach. - wielofunkcyjny potencjał lokalu To nie tylko piękne apartamenty, ale także wyjątkowa infrastruktura zaprojektowana z myślą o Twoim komforcie. Zapraszam do kontaktu -przygotuję ofertę na miarę Twoich oczekiwań. Filip Masłowski",,,,plastikowe,,,50.26737,18.98591
Katowice Ochojec,ul. Ziołowa,1,35,320000,9143,bez pośredników,,8,https://adresowo.pl/o/mieszkanie-katowice-ochojec-ul-ziolowa-1-pokoj-c8m0h5,https://s2.adresowa.pl/oi/53/67/40980a_3c55_cover@2x-1-pokojowe-mieszkanie-katowice-ochojec-ul-ziolowa.webp,Katowice Ochojec,Ziołowa,9,,blok,,"Na sprzedaż jasna i funkcjonalna kawalerka o powierzchni 35,16 m², położona na 9. piętrze budynku przy ul. Ziołowej 43 w Katowicach - Ochojcu. To mieszkanie dla osoby, która chce zamieszkać od razu bez konieczności przeprowadzania remontu, ale również bardzo ciekawa propozycja pod inwestycję na wynajem. NAJWIĘKSZE ATUTY: * 35,16 m² powierzchni mieszkania * w tym 1,61 m² prywatnej komórki lokatorskiej * 9. piętro: piękny, szeroki widok na okoliczne dzielnice i miasta * balkon * duże okna i bardzo dobre doświetlenie * niezależna kuchnia: duży atut jak na kawalerkę * łazienka * 2 pojemne szafy - w przedpokoju oraz duża szafa lustrzana w pokoju * klimatyzacja: na gwarancji, z pełnym serwisem * mieszkanie świeżo malowane * winda * ogrodzony teren budynku * pewny, dostępny parking * czynsz ok. 750 zł + prąd LOKALIZACJA Ochojec to świetne połączenie miejskiej wygody z bliskością natury. W bezpośrednim sąsiedztwie znajdują się tereny zielone i leśne, które sprzyjają spacerom, bieganiu i aktywnemu wypoczynkowi. W pobliżu znajdują się sklepy spożywcze, piekarnia, punkty usługowe, restauracje, szkoły i przedszkola, a także placówki medyczne. Dużym atutem jest również komunikacja miejska - najbliższe przystanki znajdują się zaledwie kilkaset metrów od budynku. Lokalizacja zapewnia także wygodny dostęp do głównych tras, dzięki czemu sprawnie można przemieszczać się po Katowicach i aglomeracji. To miejsce, w którym po pracy można wrócić do spokojnej, zielonej okolicy, a jednocześnie mieć wszystko, czego potrzeba na co dzień, w zasięgu ręki. IDEALNA DO ZAMIESZKANIA LUB POD INWESTYCJĘ Mieszkanie nie wymaga dodatkowych nakładów na start - jest urządzone, świeżo pomalowane i gotowe do użytkowania. Klimatyzacja na gwarancji oraz funkcjonalny układ dodatkowo podnoszą komfort. Dzięki lokalizacji, metrażowi, balkonowi, niezależnej kuchni i pełnej infrastrukturze nieruchomość może być świetną opcją zarówno dla singla lub pary, jak i jako mieszkanie inwestycyjne pod wynajem. Jeżeli szukasz kawalerki z dużym balkonem, pięknym widokiem, klimatyzacją i zielenią za oknem - warto zobaczyć ją na żywo. - Katowice, Ochojec - ul. Ziołowa 43 - 35,16 m² w tym komórka lokatorska 1,61 m² - 9. piętro | winda | balkon - klimatyzacja na gwarancji - ogrodzony teren + parking",tak,,,,,Wyposażenie: klimatyzacja,50.210592,18.995563
Katowice Muchowiec,ul. gen. Kazimierza Pułaskiego,4,70,1249000,17843,bez pośredników,,21,https://adresowo.pl/o/mieszkanie-katowice-muchowiec-ul-gen-kazimierza-pulaskiego-4-pokojowe-d3n0d1,https://s2.adresowa.pl/oi/5e/5e/4097e0_8c14_cover@2x-4-pokojowe-mieszkanie-katowice-muchowiec-ul-gen-kazimierza-pulaskiego.webp,Katowice Muchowiec,gen. Kazimierza Pułaskiego,4,2020,blok,,"Na sprzedaż wyjątkowe, w pełni wykończone, komfortowe mieszkanie w inwestycji Twoja Dolina Trzy Stawy, z bezpośrednim i nieprzesłanialnym widokiem na staw i tereny zielone. Mieszkanie znajduje się na 4 piętrze z 6, w budynku zlokalizowanym na osiedlu Paderewskiego, przy ulicy Pułaskiego (Twoja Dolina 2 etap). Najważniejsze cechy mieszkania: - 70,48 m² - 3 pokoje (salon, sypialnia, biuro) + osobna, zamknięta kuchnia - osobna pojemna garderoba oraz pralnia/komórka z dużym regałem - 2 przestronne loggie o łącznej powierzchni 20,26m² (główna: 11,51m² oraz dodatkowa: 8,75m²) - bezpośredni, nieprzesłanialny widok na staw z salonu i głównej loggii - wysokiej klasy panele AC6 oraz wielkoformatowy gres 120 × 60cm - sufit napinany w salonie i korytarzu ze zintegrowanym oświetleniem - niemal wszystkie zabudowy wykonane na wymiar, m.in. kuchnia, duża szafa narożna, biurko, meble łazienkowe, garderoba i duża kanapa ze zintegrowanym regałem - wysokiej klasy AGD Electrolux (płyta indukcyjna, piekarnik, mikrofalówka, okap, zmywarka), Samsung (lodówka) oraz LG (pralka i suszarka) - opuszczany ekran projekcyjny o przekątnej 4m (159"") + projektor BenQ W1210ST - szwedzkie fototapety marki Photowall - łazienka z prysznicem i wanną - czynsz ok. 1000 zł/mies. wraz z zaliczkami na ogrzewanie, wodę i wywóz odpadów Całość została zaprojektowana tak, aby mieszkanie było nie tylko efektowne wizualnie, ale przede wszystkim wygodne i funkcjonalne w codziennym użytkowaniu. Cechy budynku: Nowoczesny budynek oddany do użytkowania w 2020 roku, wyposażony w: - cichobieżne windy - ogrzewanie miejskie - światłowód 1 Gb/swh - osiedle monitorowane - plac zabaw - hala garażowa - dwie furtki na staw dla mieszkańców Garaż podziemny: Dodatkowo płatne miejsce postojowe na platformie w garażu podziemnym - 50 000 zł. Komunikacja: - 3 min pieszo - przystanek autobusowy Os. Paderewskiego-Krasińskiego - 5 min pieszo - przystanek PKP Katowice Uniwersytet (w budowie) - 7 min pieszo - przystanek tramwajowy Zawodzie-Paderewskiego - 20 min pieszo - 8 min rowerem - centrum Katowic, dworzec PKP Katowice Okolica: W bliskim sąsiedztwie znajdują się liczne sklepy, restauracje oraz placówki edukacyjne. Świetna lokalizacja w bezpośrednim sąsiedztwie Doliny Trzech Stawów, z szybkim dostępem do centrum Katowic. Szybki dojazd do A4, DK86, DK79 (Drogowa Trasa Średnicowa). Mieszkanie gotowe do zamieszkania - bez konieczności remontu. Sprzedaż bezpośrednia od właściciela - brak prowizji. Agentom nieruchomości dziękuję.",,tak,osobna,plastikowe,własność,"Wyposażenie: lodówka, mikrofalówka, piekarnik, pralka, suszarka, zmywarka",50.248504,19.040467
Katowice os. Tysiąclecia,ul. Bolesława Chrobrego,4,72,590000,8194,bez pośredników,,8,https://adresowo.pl/o/mieszkanie-katowice-os-tysiaclecia-ul-boleslawa-chrobrego-4-pokojowe-h3h4y7,https://s2.adresowa.pl/oi/5e/2f/408f28_f4a6_cover@2x-4-pokojowe-mieszkanie-katowice-os-tysiaclecia-ul-boleslawa-chrobrego.webp,Katowice os. Tysiąclecia,Bolesława Chrobrego,1,,blok,,"Mieszkanie 4-pokojowe z oddzielną kuchnią oraz garderobą/pomieszczeniem gospodarczym. Mieszkanie zlokalizowane na poziomie 1 piętra (poniżej garaże w parterze), widok na Park Śląski. Duży balkon (na podłodze płyty gresowe) z wejściami z dwóch pokoi. Mieszkanie dostępne od zaraz. Wymieniona instalacja elektryczna i wodna w łazience, kuchnia w zabudowie, kafle w łazience, kuchni i przedpokoju. Kuchnia zabudowana (piekarnik, zmywarka, płyta gazowa). Łazienka wyposażona jest w prysznic, umywalkę, toaletę oraz bidet. Mieszkanie zlokalizowane na osiedlu górnym przy ulicy Chrobrego w Katowicach, w najbliższej okolicy sklepy, szkoła, przedszkole, Park Śląski. Blok ocieplony, parkingi przy budynku. Mieszkanie daje możliwość dostosowania go do swoich potrzeb. To doskonała okazja, aby stworzyć przestrzeń idealną dla siebie. Zainwestuj w swoje nowe miejsce już dziś! Powyższa oferta ma charakter informacyjny i nie stanowi oferty handlowej w rozumieniu art. 66 §1 Kodeksu Cywilnego.",,tak,osobna,,,"Wyposażenie: piekarnik, zmywarka",50.281327,18.97161
Katowice,ul. Karoliny,2,38,375000,9868,Pośrednik,,5,https://adresowo.pl/o/mieszkanie-katowice-ul-karoliny-2-pokojowe-h7g2v9,https://s2.adresowa.pl/oi/77/2f/3da92a_c4a3_cover@2x-2-pokojowe-mieszkanie-katowice-ul-karoliny.webp,Katowice ,Karoliny,parter,2028,apartamentowiec,,"Komfortowe, jasne i przewiewne mieszkania. Zielona okolica - szybki dojazd do centrum. Przedstawiam nowoczesne mieszkanie w dynamicznie rozwijającej się części miasta – zaledwie kilka minut od ścisłego centrum, a jednocześnie w otoczeniu zieleni i terenów spacerowych. Lokal położony na nowym, estetycznym osiedlu z pełną infrastrukturą w pobliżu: sklepy, punkty usługowe, przystanki komunikacji miejskiej. Funkcjonalny układ pomieszczeń zapewnia komfort codziennego życia – jasny salon z aneksem kuchennym, ustawna sypialnia oraz łazienka w nowoczesnym standardzie. Idealna propozycja zarówno do zamieszkania, jak i pod inwestycję – świetna lokalizacja, szybki dojazd do centrum oraz spokojne, zielone otoczenie. Dostępne są również lokale nieprezentowane w sieci. Atuty inwestycji: - dwustronna ekspozycja w wybranych lokalach, - miejski węzeł cieplny, - jasne wnętrza dzięki wysokim oknom portfenetrowym - otynkowana łazienka i instalacja wod.-kan. poprowadzona podtynkowo, - nawet 2 balkony do mieszkania, - wysoki standard wykończenia części wspólnych, - dodatkowa izolacja termiczno-akustyczna mieszkań (płyta eurothane), - samoobsługowa stacja naprawy rowerów, - plac zabaw, - lokale usługowe na terenie inwestycji,. Informacje techniczne: - opcja smart home, - pakiet antysmogowy. - komórki lokatorskie i boksy garażowe, - rowerownie i wózkownie, stojaki rowerowe, - miejsca postojowe naziemne i w halach garażowych, - stacja ładowania aut elektrycznych, To nie tylko piękne apartamenty, ale także wyjątkowa infrastruktura zaprojektowana z myślą o Twoim komforcie. Zapraszam do kontaktu -przygotuję ofertę na miarę Twoich oczekiwań. Filip Masłowski",,,,plastikowe,,,50.271557,19.040236
Katowice,ul. Karoliny,3,46,586000,12739,Pośrednik,,5,https://adresowo.pl/o/mieszkanie-katowice-ul-karoliny-3-pokojowe-v8b4o0,https://s2.adresowa.pl/oi/3d/6c/3da922_2da4_cover@2x-3-pokojowe-mieszkanie-katowice-ul-karoliny.webp,Katowice ,Karoliny,parter,2019,apartamentowiec,,"Komfortowe, jasne i przewiewne mieszkania. Zielona okolica - szybki dojazd do centrum. Przedstawiam nowoczesne mieszkanie w dynamicznie rozwijającej się części miasta – zaledwie kilka minut od ścisłego centrum, a jednocześnie w otoczeniu zieleni i terenów spacerowych. Lokal położony na nowym, estetycznym osiedlu z pełną infrastrukturą w pobliżu: sklepy, punkty usługowe, przystanki komunikacji miejskiej. Funkcjonalny układ pomieszczeń zapewnia komfort codziennego życia – jasny salon z aneksem kuchennym, ustawna sypialnia oraz łazienka w nowoczesnym standardzie. Idealna propozycja zarówno do zamieszkania, jak i pod inwestycję – świetna lokalizacja, szybki dojazd do centrum oraz spokojne, zielone otoczenie. Dostępne są również lokale nieprezentowane w sieci. Atuty inwestycji: - dwustronna ekspozycja w wybranych lokalach, - miejski węzeł cieplny, - jasne wnętrza dzięki wysokim oknom portfenetrowym - otynkowana łazienka i instalacja wod.-kan. poprowadzona podtynkowo, - nawet 2 balkony do mieszkania, - wysoki standard wykończenia części wspólnych, - dodatkowa izolacja termiczno-akustyczna mieszkań (płyta eurothane), - samoobsługowa stacja naprawy rowerów, - plac zabaw, - lokale usługowe na terenie inwestycji,. Informacje techniczne: - opcja smart home, - pakiet antysmogowy. - komórki lokatorskie i boksy garażowe, - rowerownie i wózkownie, stojaki rowerowe, - miejsca postojowe naziemne i w halach garażowych, - stacja ładowania aut elektrycznych, To nie tylko piękne apartamenty, ale także wyjątkowa infrastruktura zaprojektowana z myślą o Twoim komforcie. Zapraszam do kontaktu -przygotuję ofertę na miarę Twoich oczekiwań. Filip Masłowski",,tak,aneks,plastikowe,,,50.271557,19.040236
Katowice Śródmieście,ul. Barbary,2,45,320000,7111,bez pośredników,,9,https://adresowo.pl/o/mieszkanie-katowice-srodmiescie-ul-barbary-2-pokojowe-a7l5j1,https://s2.adresowa.pl/oi/36/2f/324a66_d2f7_cover@2x-2-pokojowe-mieszkanie-katowice-srodmiescie-ul-barbary.webp,Katowice Śródmieście,Barbary,parter,1970,kamienica,,"Mieszkanie składa się z 2 pokoi: pokój dzienny, sypialnia, kuchnia, łazienka (wyremontowana z kabiną prysznicową), przedpokoju. Mieszkanie po remoncie (parkiet, kafle, odmalowane ściany); wymienione wszystkie instalacje oraz okna; nowa kuchnia wraz ze sprzętem kuchennym (płyta, zlew z baterią, lodówka); ogrzewanie własne gazowe. W bliskim sąsiedztwie znajduje się: - sklep, - Akademia Wychowania Fizycznego, - przystanek autobusowy oraz tramwajowy. Przed kamienicą znajdują się miejsca parkingowe.",,,,,własność,Wyposażenie: lodówka,50.250999,19.006001
Katowice Ligota,ul. Koszalińska,1,38,320000,8421,bez pośredników,,9,https://adresowo.pl/o/mieszkanie-katowice-ligota-ul-koszalinska-1-pokoj-v3z3q6,https://s2.adresowa.pl/oi/7a/4b/408d66_3046_cover@2x-1-pokojowe-mieszkanie-katowice-ligota-ul-koszalinska.webp,Katowice Ligota,Koszalińska,4,1960,blok,,"Na sprzedaż przytulne mieszkanie zlokalizowane w Katowicach-Ligocie przy ulicy Koszalińskiej - jednej z najbardziej poszukiwanych lokalizacji w mieście. Lokal o powierzchni 38,00 m² użytkowej znajduje się na 4. piętrze czteropiętrowego budynku i został wykończony w wysokim standardzie. Budynek po termomodernizacji. Mieszkanie jest świeżo po generalnym remoncie. Oferowane jest w pełni umeblowane i wyposażone w elementy AGD. Dzięki funkcjonalnemu rozkładowi oraz doskonałemu wykorzystaniu przestrzeni mieszkanie jest komfortowe, jasne i bardzo ustawne. Mieszkanie składa się z 1 pokoju, łazienki oraz przedpokoju. Ogrzewanie gazowe - piec dwufunkcyjny. Najważniejsze atuty nieruchomości: - Prestiżowa lokalizacja w ścisłym centrum Ligoty. - 38,00 m² powierzchni użytkowej + piwnica przynależna do lokalu. - Mieszkanie po remoncie, gotowe do zamieszkania. - Zabudowa kuchenna wykonana na wymiar. - Sprzęt AGD w cenie. - Doskonała komunikacja miejska oraz pełna infrastruktura w zasięgu kilku minut spacerem. - Idealna inwestycja. - Miejsca parkingowe pod budynkiem. - Status mieszkania - własność z księgą wieczystą. - Niski czynsz. - Dla osób szukających mieszkania do inwestycji - pod wynajem. - Bliska lokalizacja do terenów zielonych oraz basenu - Park Zadole, oraz galerii handlowych np. LIBERO. W bezpośrednim sąsiedztwie znajdują się restauracje, kawiarnie, sklepy, dworzec PKP oraz liczne przystanki komunikacji miejskiej. To miejsce, które od lat cieszy się dużym zainteresowaniem najemców i gwarantuje wysoki potencjał inwestycyjny. Sprzedaż bez pośredników. Zapraszam do kontaktu i umówienia prezentacji.",tak,,,plastikowe,własność,,50.2236,18.972203
Katowice os. Witosa,ul. Piotra Bardowskiego,3,56,800000,14286,bez pośredników,,16,https://adresowo.pl/o/mieszkanie-katowice-os-witosa-ul-piotra-bardowskiego-3-pokojowe-f4i0g2,https://s2.adresowa.pl/oi/10/7c/408b34_5847_cover@2x-3-pokojowe-mieszkanie-katowice-os-witosa-ul-piotra-bardowskiego.webp,Katowice os. Witosa,Piotra Bardowskiego,parter,2020,blok,,"Na sprzedaż nowoczesne, 3-pokojowe mieszkanie w Katowicach o powierzchni 56,86 m², położone na parterze nowoczesnego osiedla. Mieszkanie jest gotowe do zamieszkania. JEDNO MIEJSCE PARKINGOWE W GARAŻU PODZIEMNYM + 50 tys Największym atutem nieruchomości jest duży, narożny i prywatny ogród z tarasem o łącznej powierzchni 79,59 m². Ogród znajduje się w wyjątkowo kameralnym, nieprzechodnim miejscu osiedla, dzięki czemu zapewnia dużo prywatności i stanowi idealną przestrzeń do wypoczynku. Wnętrze zostało urządzone w nowoczesnym stylu loftowym. Zastosowano wysokiej jakości materiały, a zabudowy i meble zostały wykonane na wymiar, dzięki czemu przestrzeń jest zarówno estetyczna, jak i funkcjonalna. Układ mieszkania: hall – 5,50 m² pokój 1 – 10,18 m² salon z aneksem kuchennym – 23,42 m² pokój 2 – 12,94 m² łazienka – 4,82 m² Dodatkowym atutem są rolety antywłamaniowe zamontowane we wszystkich oknach. Lokalizacja! Mieszkanie znajduje się na osiedlu Witosa w Katowicach przy ul . Bardowskiego , w spokojnej i zielonej części miasta, a jednocześnie blisko centrum. W okolicy dostępne są sklepy, szkoły, przedszkola, punkty usługowe oraz tereny rekreacyjne. Dużym atutem lokalizacji jest szybki i wygodny dojazd do centrum Katowic oraz łatwy dostęp do autostrady A4 i DTŚ, co zapewnia sprawną komunikację również z innymi częściami aglomeracji. W pobliżu znajduje się także komunikacja miejska oraz tereny zielone, w tym Park Śląski. Najważniejsze atuty nieruchomości: * 3 pokoje | 56,86 m² * Prywatny, narożny ogród z tarasem – łącznie 79,59 m² * Kameralne i nieprzechodnie położenie ogrodu * Nowoczesne wnętrze w stylu loftowym * Mieszkanie gotowe do zamieszkania * Większość wyposażenia pozostaje w mieszkaniu, w tym sprzęty AGD – lodówka, piekarnik, kuchenka mikrofalowa, zmywarka, pralka oraz telewizor * Miejsce postojowe w garażu podziemnym * Rolety antywłamaniowe we wszystkich oknach * Dobra lokalizacja – Katowice, os. Witosa * W pobliżu sklepy, szkoły, przedszkola, punkty usługowe, komunikacja miejska i tereny zielone To propozycja dla osób, które szukają gotowego do zamieszkania, nowoczesnego mieszkania z dużą prywatną przestrzenią na zewnątrz, a jednocześnie zależy im na spokojnym otoczeniu i dobrej komunikacji z centrum miasta. Zapraszam do kontaktu i obejrzenia mieszkania.",,tak,aneks,,własność,"Wyposażenie: kuchenka, lodówka, piekarnik, pralka, telewizor, zmywarka",50.261006,18.97302
Katowice Bogucice,ul. Henryka Mikołaja Góreckiego,3,55,1115000,20273,bez pośredników,,10,https://adresowo.pl/o/mieszkanie-katowice-bogucice-ul-henryka-mikolaja-goreckiego-3-pokojowe-s3l9m2,https://s2.adresowa.pl/oi/5c/70/408b60_9ae3_cover@2x-3-pokojowe-mieszkanie-katowice-bogucice-ul-henryka-mikolaja-goreckiego.webp,Katowice Bogucice,Henryka Mikołaja Góreckiego,3,2024,blok,,"Do sprzedania mieszkanie w Pierwszej Dzielnicy. Mieszkanie wykończone w standardzie premium, w pełni wyposażone i przygotowane do zamieszkania. Cena mieszkania: 1 115 000 zł. Dodatkowo: - komórka lokatorska 2,01m2 - 10 000 zł - miejsce postojowe w garażu podziemnym - 55 000 zł. Układ mieszkania: - salon z aneksem: 20,08 m2 - pokój: 10,30 m2 - pokój: 8,50 m2 - łazienka: 5,20 m2 - hol wejściowy: 7,00 m2 - korytarz: 4,80 m2 Wybrane elementy wyposażenia: - wszystkie meble na wymiar (szafy, salon, łazienka) - Sofa skórzana Ritz/OLTA - włoskie elementy oświetlenia firmy VIBIA - klimatyzacja Samsung Elite (salon, sypialnia) - blat kuchenny z kamienia naturalnego - wbudowany express do kawy BOSCH Lokalizacja: - Pierwsza Dzielnica - kilka minut do strefy Kultury i Centrum Katowic - ochrona i monitoring osiedla Ogłoszenie prywatne. Zapraszam do kontaktu.",tak,tak,aneks,plastikowe,własność,Wyposażenie: klimatyzacja,50.265578,19.032993
Katowice,,4,80,906000,11325,Pośrednik,,3,https://adresowo.pl/o/mieszkanie-katowice-4-pokojowe-80-m2-w3h2q9,https://s2.adresowa.pl/oi/7f/41/3da91a_a358_cover@2x-4-pokojowe-mieszkanie-katowice.webp,Katowice,,1,,apartamentowiec,,"W jednej z najbardziej pożądanych lokalizacji miasta – w sąsiedztwie zielonej enklawy, jaką jest Dolina Trzech Stawów – powstała inwestycja zaprojektowana z myślą o komforcie i nowoczesnym stylu życia. Wyjątkowy apartament 4-pokojowy – 80 m² Położony na 1 piętrze, zaprojektowany z myślą o funkcjonalności i świetle. Duże przeszklenia oraz prywatny taras 7,44 m² tworzą naturalne przedłużenie strefy dziennej. Rozkład pomieszczeń: - Salon z aneksem kuchennym – 28,47 m²- reprezentacyjna, jasna przestrzeń z wyjściem na taras. Idealna do życia rodzinnego i spotkań towarzyskich. - Sypialnia główna – 14,37 m² - komfortowa, ustawna, z miejscem na zabudowę garderobianą. - Pokój – 9,63 m² - doskonały jako pokój dziecięcy lub domowe biuro. - Pokój – 8,09 m² - Idealny na gabinet, garderobę lub drugą sypialnię. - Łazienka – 4,59 m² - Oddzielne WC – 2,28 m² - Przedpokój – 11,31 m² – z potencjałem zabudowy szafami. Inwestycja, która wyznacza standard: - stacja ładowania samochodów elektrycznych - rowerownie dla mieszkańców - myjka dla psów - klub mieszkańca ze strefą coworkingową - cichobieżna winda - monitoring i kontrola dostępu - eleganckie części wspólne wykończone w wysokim standardzie - antywłamaniowe drzwi wejściowe do lokali Lokalizacja – zieleń i miasto w idealnej równowadze Dolina Trzech Stawów to jedna z najbardziej zielonych i rekreacyjnych części Katowic. Ścieżki rowerowe, trasy spacerowe wokół stawów, plaża miejska oraz miejsca do relaksu tworzą przestrzeń idealną dla: - osób aktywnych - rodzin z dziećmi - profesjonalistów pracujących w centrum miasta - wszystkich, którzy chcą odpocząć od miejskiego zgiełku – bez wyprowadzania się z miasta. Na tej inwestycji dostępne są również inne propozycje i różne układy mieszkań. Cena: 906 000 zł. Kupujący nie płaci podatku PCC. W przypadku dodatkowych pytań zapraszamy do kontaktu: [numer]. Przedstawiona oferta ma charakter informacyjny i nie stanowi oferty handlowej w rozumieniu art. 66 § 1 Kodeksu cywilnego. NOTUS Finanse S.A. występuje w charakterze pośrednika w obrocie nieruchomościami Notus Finanse S.A.",,,,plastikowe,własność,,50.264892,19.023782
Katowice Śródmieście,ul. Gliwicka,2,30,400000,13333,Pośrednik,,4,https://adresowo.pl/o/mieszkanie-katowice-srodmiescie-ul-gliwicka-2-pokojowe-i4x0r7,https://s2.adresowa.pl/oi/1a/56/3da8aa_4b0c_cover@2x-2-pokojowe-mieszkanie-katowice-srodmiescie-ul-gliwicka.webp,Katowice Śródmieście,Gliwicka,5,2026,apartamentowiec,,"Mieszkanie z potencjałem do wynajęcia. Inwestycja w centrum miasta. Przedstawiam ofertę funkcjonalnego mieszkania, zlokalizowanego w ścisłym centrum - Katowice na wyciągnięcie ręki. Największym atutem mieszkania jest układ, który umożliwia wydzielenie dwóch niezależnych pokoi, co czyni je ciekawą propozycją inwestycyjną. Ponad 200 nowoczesnych apartamentów, zaprojektowanych w duchu minimalistycznej elegancji. Jasne barwy i drewniane akcenty tworzą przytulne, harmonijne wnętrza. Ponadczasowa bryła, duże przeszklenia oraz przestronne tarasy i balkony wypełnią mieszkania naturalnym światłem i otworzą je na panoramę Katowic. Apartamenty zlokalizowane są w doskonale skomunikowanej części miasta, tuż przy nowoczesnych centrach biznesowych, oferując idealną równowagę między miejską dynamiką, a codziennym komfortem. Dodatkowym atutem inwestycji będzie nowoczesna siłownia dostępna dla mieszkańców, która umożliwi aktywny tryb życia bez konieczności opuszczania budynku. Dostępne lokale w różnych metrażach niepublikowanych na stronach. Atuty inwestycji: - Lokalizacja przy kultowym Spodku, doskonała komunikacja, - Bogata infrastruktura w najbliższym sąsiedztwie, - Balkony, tarasy, wysokie okna - Nowoczesna, kameralna siłownia dostępna wyłącznie dla mieszkańców inwestycji - dwa poziomy parkingowe Dlaczego warto? - potencjał inwestycyjny - rosnący popyt na mieszkania w centrum miasta. - blisko kluczowych punktów miasta. - stały wzrost liczby eventów tematycznych w Katowicach. - wielofunkcyjny potencjał lokalu To nie tylko piękne apartamenty, ale także wyjątkowa infrastruktura zaprojektowana z myślą o Twoim komforcie. Zapraszam do kontaktu -przygotuję ofertę na miarę Twoich oczekiwań. Filip Masłowski",,,aneks,,,,50.26737,18.98591
Katowice Ligota,ul. Zielonogórska,2,34,390000,11471,bez pośredników,,9,https://adresowo.pl/o/mieszkanie-katowice-ligota-ul-zielonogorska-2-pokojowe-s8d0n7,https://s2.adresowa.pl/oi/1c/25/408852_604c_cover@2x-2-pokojowe-mieszkanie-katowice-ligota-ul-zielonogorska.webp,Katowice Ligota,Zielonogórska,3,1970,blok,,"Na sprzedaż jasne, pięknie wykończone mieszkanie o powierzchni 34,97 m², zlokalizowane w spokojnej i zielonej części Katowic. Mieszkanie przeszło generalny remont - z pierwotnego układu stworzono bardzo sprytną, nowoczesną i funkcjonalną przestrzeń. Nieruchomość nie wymaga absolutnie żadnych nakładów finansowych, można od razu wejść i mieszkać! Najważniejsze informacje: - Powierzchnia i układ: 34,97 m², 2 pokoje (salon z aneksem + sypialnia) na 3. piętrze (4. kondygnacja). - Przestrzeń dodatkowa: Balkon (1,5 m²), prywatna piwnica (ok. 6 m²) oraz część powierzchni na strychu (ok. 10 m² - idealne do przechowywania rzeczy i suszenia prania). - Stan i opłaty: Gotowe do zamieszkania, miesięczny czynsz wynosi ok. 600 zł. - Forma własności: Pełna własność z Księgą Wieczystą (bez obciążeń). Rozkład i wyposażenie: - Strefa dzienna z balkonem: Jasny salon wyposażony w wygodną kanapę i pojemną szafę, z bezpośrednim wyjściem na balkon (obecnie zabezpieczony estetyczną siatką). - Aneks kuchenny: Nowoczesna zabudowa na wymiar z kompletnym sprzętem AGD (lodówka, piekarnik, płyta grzewcza, okap). - Sypialnia: Przytulna, oddzielna przestrzeń mieszcząca dwuosobowe łóżko z drewnianą ramą oraz bardzo dużą pojemną szafę. - Łazienka i przedpokój: Elegancka łazienka z prysznicem typu walk-in, podwieszaną szafką i pralką oraz funkcjonalny przedpokój z miejscem na odzież wierzchnią. Parking: Pod blokiem dostępna jest duża ilość darmowych miejsc parkingowych. Lokalizacja i udogodnienia (samochód nie jest potrzebny!): Budynek mieści się w zielonej dzielnicy Ligota, znanej z doskonałej infrastruktury. To świetne miejsce do życia oraz idealna opcja inwestycyjna. Dzięki doskonałemu skomunikowaniu i bliskości wszystkich kluczowych punktów usługowych, nie ma konieczności posiadania na co dzień samochodu. Wszystko, czego potrzebujesz, jest w zasięgu krótkiego spaceru: - Punkty odbioru przesyłek: 2-3 minuty pieszo, - Stacja PKP Katowice Ligota: 8 minut pieszo (błyskawiczny dojazd pociągiem do centrum Katowic i miast ościennych), - Śląski Uniwersytet Medyczny (SUM): 15 minut spacerem. - Park Zadole: 15 minut spacerem (tężnia solankowa, basen, tereny rekreacyjne). Zapraszam do kontaktu i na prezentację mieszkania. Oferta bez pośredników - oszczędzasz na prowizji. „Niniejsze ogłoszenie nie stanowi oferty w rozumieniu art. 66 § 1 Kodeksu cywilnego i ma charakter wyłącznie informacyjny. Dane w nim zawarte mogą ulec zmianie.”",tak,,aneks,plastikowe,własność,"Wyposażenie: lodówka, piekarnik",50.222966,18.975731
Katowice,ul. Pijarska,2,48,589000,12271,bez pośredników,,8,https://adresowo.pl/o/mieszkanie-katowice-ul-pijarska-2-pokojowe-e2o5i1,https://s2.adresowa.pl/oi/1b/36/4085b8_3d7a_cover@2x-2-pokojowe-mieszkanie-katowice-ul-pijarska.webp,Katowice ,Pijarska,parter,2024,blok,,"OGŁOSZENIE BEZPOŚREDNIE - BEZ PROWIZJI Sprzedam bezpośrednio nowoczesne, dwupokojowe mieszkanie urządzone w wysokim standardzie. Lokum znajduje się w nowym budynku (oddanym do użytkowania w 2024 r.) przy ulicy Pijarskiej 10B, na prestiżowym i bezpiecznym osiedlu Bażantowo w Katowicach. Powierzchnia mieszkania to 48m2. Usytuowane jest na parterze* w trzypiętrowym bloku z windą. *Wysoki parter - dzięki temu osoby będące na zewnątrz nie widzą co się dzieje w mieszkaniu :) Mieszkanie jest całkowicie umeblowane oraz wyposażone w niezbędne sprzęty - zmywarkę, piekarnik, płytę indukcyjną, okap, lodówkę oraz pralkę i telewizor. Dodatkowo w mieszkaniu zainstalowana klimatyzacja z funkcją grzania i chłodzenia oraz elektryczne rolety zewnętrzne antywłamaniowe. W budynku dostępny szybki światłowodowy Internet oraz TV kablowa. Do mieszkania przynależy jedno miejsce parkingowe za zamykaną bramą wjazdową (jest również parking dla gości lub w przypadku posiadania drugiego samochodu) oraz miejscem w rowerowni w garażu podziemnym. Stan prawny i koszty: Czysta sytuacja prawna: Uporządkowana księga wieczysta, brak jakichkolwiek obciążeń czy hipoteki. Nieruchomość bez problemu kwalifikuje się do zakupu na kredyt hipoteczny. Niskie koszty: Czynsz wynosi zaledwie ok. 690 zł (w tym zaliczka na ogrzewanie, wodę, śmieci, fundusz remontowy itp.). Dostępność: Możliwość zamieszkania OD ZARAZ! Finanse: Cena mieszkania (z pełnym wyposażeniem oraz prywatnym miejscem parkingowym i miejscem w rowerowni): 605.000 zł. Na cenę składa się: koszt mieszkania 589.000 zł oraz prywatne miejsce parkingowe 16.000 zł. Zapraszam serdecznie na oględziny.",,tak,,,,"Wyposażenie: internet, klimatyzacja, lodówkę, piekarnik, pralkę, telewizor, tv, zmywarkę",50.197106,18.985603
Katowice Szopienice,ul. gen. Józefa Hallera,2,25,255000,10200,bez pośredników,,12,https://adresowo.pl/o/mieszkanie-katowice-szopienice-ul-gen-jozefa-hallera-2-pokojowe-l9u8g0,https://s2.adresowa.pl/oi/65/52/40828e_3a5a_cover@2x-2-pokojowe-mieszkanie-katowice-szopienice-ul-gen-jozefa-hallera.webp,Katowice Szopienice,gen. Józefa Hallera,3,1900,kamienica,,"Sprzedam mieszkanie znajdujące się na poddaszu w pełni zrewitalizowanej kamienicy w Katowicach przy ul. Hallera. Mieszkanie stanowi odrębny lokal mieszkalny z udziałem w częściach wspólnych. Lokal ma osobną księgę wieczystą. Mieszkanie ma po podłodze 36 m2, natomiast PUM wynosi 25,11 m2 (obliczona według norm dla danych wysokości i ujawniona w księdze wieczystej). Znajduje się na 3. piętrze. Do mieszkania przynależy komórka lokatorska na półpiętrze. Stan mieszkania: w pełni wyremontowane mieszkanie pod klucz. Wszystkie instalacje nowe, dodatkowo jest światłowód, klimatyzacja. Odrestaurowane zostały oryginalne belki, które nadają wnętrzu niepowtarzalnego charakteru. Zabudowy meblowe wykonane na wymiar. W cenie pełne AGD (pralka, zmywarka, lodówka, piekarnik, okap, płyta grzewcza) wraz z meblami w zabudowie (bez mebli ruchomych). Wymienione okna dachowe (5 szt. nowe okna FAKRO) oraz okna ścienne (2 szt.). Dzięki tylu oknom w mieszkaniu jest bardzo jasno. Pełne ocieplenie dachu 25 cm (jak dla nowego budynku), a cały budynek jest po termomodernizacji. Do mieszkania doprowadzone zostały nowe piony wodno-kanalizacyjne (zimna i ciepła woda, pion 110), nowa instalacja grzewcza wraz z kaloryferami, nowe przyłącze prądu do lokalu, domofon, światłowód. Nowe drzwi wejściowe (identyczne do wszystkich mieszkań), dwa kanały wentylacyjne. Budynek: budynek przeszedł pełną rewitalizację: wymienione wszystkie instalacje, ocieplenie jak dla nowego budynku (15 cm styropian grafit na ścianach, 25 cm styropapa na dachu). Klatka schodowa w trakcie remontu (za ok. 2 tygodnie będzie gotowa w pełni). Wybrukowane dojście do budynku i utwardzony parking. Nowa instalacja Centralnego ogrzewania i CWU dla całego budynku wykonana w oparciu o pompy ciepła Panasonic, dodatkowo założona fotowoltaika. Średnie miesięczne koszty ogrzewania wraz z ciepłą wodą dla jednego lokalu wyniosą ok. 150 zł. Po pełnej termomodernizacji kamienica spełnia standardy izolacyjne jak nowych budynków. Koszty ogrzewania będą niższe niż z ogrzewaniem miejskim, a poddasze nie będzie się nagrzewało. Otoczenie: budynek znajduje się w Katowicach, przy ul. Hallera. Dzielnica Dąbrówka Mała. W pobliżu sklepy, miejsca parkingowe, basen 3 minuty pieszo. Blisko wjazd na DTŚ/S86 w stronę Katowic i Sosnowca. W zasięgu kilku minut pieszo dostęp do komunikacji miejskiej (w tym szybkie autobusy między Katowicami a Sosnowcem, które nie wjeżdżają do dzielnic i jadą prosto do centrum). Miejsca parkingowe dla mieszkańców pod budynkiem. Świetna oferta dla inwestora na wynajem, jak i dla osoby szukającej pierwszego, niedrogiego mieszkania z osobną sypialnią. Po więcej szczegółów zapraszam na prezentację. Chętnie opowiem o rewitalizacji budynku oraz zaprezentuję lokal.",tak,,,,własność,"Wyposażenie: klimatyzacja, lodówka, piekarnik, pralka, zmywarka",50.271703,19.074446
Katowice,ul. Ignacego Paderewskiego,3,51,665548,13050,Pośrednik,,4,https://adresowo.pl/o/mieszkanie-katowice-ul-ignacego-paderewskiego-3-pokojowe-h9b3m8,https://s2.adresowa.pl/oi/39/39/3da8a2_d1c7_cover@2x-3-pokojowe-mieszkanie-katowice-ul-ignacego-paderewskiego.webp,Katowice ,Ignacego Paderewskiego,1,2026,apartamentowiec,,"Mieszkanie 3-pokojowe z Balkonem w Katowicach, w jednej z najlepszych lokalizacji - blisko centrum, uczelni oraz terenów rekreacyjnych. Inwestycja znajduje się w bezpośrednim sąsiedztwie Doliny Trzech Stawów - jednego z najchętniej wybieranych miejsc do spacerów, biegania i rekreacji. Dodatkowym atutem jest bardzo dobry dojazd do centrum oraz bliskość komunikacji miejskiej i uczelni. Dostępne są mieszkania o powierzchniach od 25 do 82 m², w układach od 1 do 4 pokoi. Ceny rozpoczynają się od 378 000 zł, a ceny za m² już od 11 500 zł. Ważne informacje: - Wysoki standard deweloperski - Bardzo duże przeszklenia i szerokie balkony - Miejsca postojowe w garażu do każdego mieszkania - Stacja ładowania samochodów elektrycznych - Rowerownia i myjka dla psów - Klub mieszkańca ze strefą coworkingową To inwestycja, która świetnie sprawdzi się zarówno dla osób szukających idealnego miejsca do życia, jak i dla inwestorów. Mieszkania w tej lokalizacji cieszą się dużym zainteresowaniem najemców, co przekłada się na stabilny wynajem. Brak prowizji oraz brak podatku PCC. Zadzwoń lub napisz - umówimy prezentację i sprawdzimy, które mieszkanie będzie najlepiej pasować do Państwa oczekiwań. Współpraca ze mną to: - brak kosztów - profesjonalne doradztwo - wiele ofert dostępnych w jednym miejscu - jestem dostępny dla Państwa na każdym etapie transakcji - nasi eksperci finansowi mogą od razu dobrać Państwu najkorzystniejszy kredyt Zdjęcie to wizualizacja - realizację zapewniają współpracujące z nami firmy remontowe. NOTUS Finanse S.A. występuje w charakterze pośrednika w obrocie nieruchomościami. Przedstawiona oferta cenowa ma wyłącznie charakter informacyjny i nie stanowi oferty handlowej w rozumieniu art. 66¹ kodeksu cywilnego. Notus Finanse S.A.",,tak,aneks,plastikowe,własność,,50.25302,19.039001
Katowice,ul. Śląska,3,68,845000,12426,Pośrednik,,6,https://adresowo.pl/o/mieszkanie-katowice-ul-slaska-3-pokojowe-z9x5c8,https://s2.adresowa.pl/oi/3a/61/3da894_8d79_cover@2x-3-pokojowe-mieszkanie-katowice-ul-slaska.webp,Katowice ,Śląska,parter,2026,apartamentowiec,,"Apartamentowiec w zielonym sercu aglomeracji. Prezentowana oferta obejmuje apartamenty w nowoczesnym, kameralnym osiedlu zlokalizowanym w bezpośrednim sąsiedztwie rozległych kompleksów leśnych. Projekt urzeka błyskotliwym designem, bogactwem zastosowanych rozwiązań technologicznych oraz użyciem wysokiej klasy materiałów wykończeniowych. Dla miłośników przestrzeni zaprojektowaliśmy mieszkania parterowe z ogrodem lub na wyższych kondygnacjach z przestronnymi balkonami. Dla najbardziej wymagających powstaną apartamenty widokowe na najwyższej kondygnacji budynków, wyposażone w duże tarasy. Dostępne są również lokale nieprezentowane w sieci - lokale od 26 do 114 m2. Atuty inwestycji: - wysokość apartamentówWysokie, przestronne wnętrza: apartamenty o wysokości 2,8 m a na ostatnim piętrze 3 metry. - Aluminiowa stolarka okienna. 3-szybowe okna. - Ogrzewanie podłogowe - możliwość montażu systemu sterowania regulacją temperatury. - Przygotowana i gotowa instalacja do montażu klimatyzacji w każdym z mieszkań. - Wentylacja mechaniczna nawiewno-wywiewna z odzyskiem ciepła z powietrza wywiewanego o sprawności do 80% - ładowarki pojazdów - tarasyTwój balkon -Twoja oaza. - recepcja Informacje techniczne: - teren zamknięty - garaż podziemny - miejsca postojowe - komórki lokatorskie - monitoring - wózkownie i rowerownie - paczkomat To nie tylko piękne apartamenty, ale także wyjątkowa infrastruktura zaprojektowana z myślą o Twoim komforcie. Zapraszam do kontaktu -przygotuję ofertę na miarę Twoich oczekiwań. Filip Masłowski",,,aneks,,,,50.216368,18.956531
Katowice Szopienice,ul. Przedwiośnie,2,47,385000,8191,bez pośredników,,13,https://adresowo.pl/o/mieszkanie-katowice-szopienice-ul-przedwiosnie-2-pokojowe-q1u5k0,https://s2.adresowa.pl/oi/74/76/407d26_d57a_cover@2x-2-pokojowe-mieszkanie-katowice-szopienice-ul-przedwiosnie.webp,Katowice Szopienice,Przedwiośnie,3,1990,blok,,"Przytulne mieszkanie składające się z dwóch pokoi, przedpokoju, kuchni oraz łazienki do sprzedania od 01.09.2026. Mieszkanie w pełni gotowe do zamieszkania, na 3 piętrze w cichej spokojnej okolicy. Bardzo dobrze skomunikowane. Dodatkowym atutem jest balkon oraz komórka lokatorska.",tak,,,plastikowe,,,50.272351,19.072129
Katowice Zawodzie,ul. Racławicka,2,46,299000,6500,bez pośredników,,1,https://adresowo.pl/o/mieszkanie-katowice-zawodzie-ul-raclawicka-2-pokojowe-b7o1f6,https://s2.adresowa.pl/oi/49/33/407b08_48da_cover@2x-2-pokojowe-mieszkanie-katowice-zawodzie-ul-raclawicka.webp,Katowice Zawodzie,Racławicka,1,,blok,,"OKAZJA INWESTYCYJNA! 2 pokoje 46 m² z balkonem, 1. piętro - Bez pośredników! Cena: 299 000 zł Na sprzedaż ustawne, 2-pokojowe mieszkanie o powierzchni 46 m², zlokalizowane na najbardziej poszukiwanym 1. piętrze w niskim, 4-piętrowym bloku przy ul. Racławickiej w Katowicach (Zawodzie). Oferta BEZPOŚREDNIO OD WŁAŚCICIELA - kupujesz bez prowizji i ukrytych opłat dla biur nieruchomości! Największe atuty nieruchomości: Cena: 299 000 zł - doskonała baza pod własną aranżację lub inwestycję. Powierzchnia i układ: 46 m² - 2 rozkładowe pokoje, osobna widna kuchnia, łazienka oraz przedpokój. Balkon: Tak. Piętro: 1 z 4 - wygodne i najbardziej pożądane. Stan: Do generalnego remontu - urządzasz wszystko według własnego gustu i standardu, nie płacąc za cudzy ""lifting"". Opłaty miesięczne: Czynsz: ok. 800 zł (w tym: centralne ogrzewanie, zaliczka na wodę oraz fundusz remontowy). Media: prąd i gaz według wskazana liczników. Lokalizacja (Katowice - Zawodzie, ul. Racławicka): Dzielnica z szybkim wylotem do centrum miasta oraz na trasę DTŚ/A4. W bliskiej odległości Uniwersytet Ekonomiczny (świetny potencjał na wynajem dla studentów!). Przystanki tramwajowe, kolejowe i autobusowe w bezpośrednim sąsiedztwie. W okolicy: sklepy, punkty usługowe, szkoły oraz tereny spacerowe. Kontakt: Zapraszam do kontaktu telefonicznego. Pośrednikom dziękuję - sprzedaję wyłącznie bezpośrednio!",,,osobna,,,,50.258496,19.053562
Katowice,Piotrowice,4,69,800000,11594,bez pośredników,,8,https://adresowo.pl/o/mieszkanie-katowice-piotrowice-4-pokojowe-69-m2-v6h1p5,https://s2.adresowa.pl/oi/1e/3d/4078dc_73d1_cover@2x-4-pokojowe-mieszkanie-katowice-piotrowice.webp,Katowice Piotrowice,,8,2025,blok,,"Proszę o kontakt w godzinach 9:00-20:00 :) Wyjątkowe mieszkanie 69,5 m² po remoncie w 2025 roku - 8. piętro, winda, balkon (Blok 10 piętrowy) Na sprzedaż przestronne i funkcjonalne mieszkanie o powierzchni 68 m², położone na 8. piętrze w budynku z windą. Mieszkanie zostało kompleksowo wyremontowane w 2025 roku i urządzone z dużą dbałością o funkcjonalność oraz estetykę. Zabudowy w kuchni, łazience i przedpokoju zostały wykonane na wymiar przez stolarza, a całe wnętrze zostało zaprojektowane z udziałem architekta wnętrz. To propozycja dla osób, które szukają mieszkania gotowego do zamieszkania, bez konieczności przeprowadzania remontu czy urządzania od podstaw. Funkcjonalny układ mieszkania Mieszkanie składa się z: - dużego salonu z aneksem kuchennym i jadalnią - przestronna, otwarta strefa dzienna idealna do odpoczynku i spotkań, (klimatyzacja) - pomieszczenia 1 - obecnie wykorzystywanego jako biuro, (klimatyzacja) - pomieszczenia 2 - obecnie wykorzystywanego jako biuro, - sypialni, - łazienki, - osobnego WC, - dodatkowego pomieszczenia gospodarczego, - przedpokoju z zabudową wykonaną na wymiar. Dzięki obecnemu układowi mieszkanie świetnie sprawdzi się zarówno dla rodziny, jak i dla osób pracujących zdalnie. Dwa osobne pomieszczenia biurowe pozwalają wygodnie zorganizować przestrzeń do pracy bez konieczności wykorzystywania salonu czy sypialni. Dla kogo? To mieszkanie dla osób, które cenią gotowe, przemyślane wnętrza i funkcjonalność, ale jednocześnie potrzebują większej przestrzeni. Duży salon z kuchnią i jadalnią, osobna sypialnia, dwa dodatkowe pokoje obecnie pełniące funkcję biur, łazienka, osobne WC oraz pomieszczenie gospodarcze dają wiele możliwości aranżacyjnych. 69,5 m² dobrze zaprojektowanej przestrzeni + balkon + piwnica + winda + świeży remont z 2025 roku - wszystko, czego potrzeba do wygodnego zamieszkania. Zapraszam do kontaktu i obejrzenia mieszkania, niestety nieudało się dodać wszystkich zdjęć pomieszczeń, ze względu na ograniczoną ilość zdjęć. Oferta prywatna. Czynsz do spółdzielni: 1450,00 zł z wodą Cena: 800 000 zł Powierzchnia: 69,5 m² | 8. piętro | winda | balkon | piwnica | remont 2025",tak,,aneks,,,Wyposażenie: klimatyzacja,50.206001,18.983
Katowice,ul. Śląska,2,27,337000,12481,Pośrednik,,4,https://adresowo.pl/o/mieszkanie-katowice-ul-slaska-2-pokojowe-d3x2f0,https://s2.adresowa.pl/oi/50/67/3da890_eae2_cover@2x-2-pokojowe-mieszkanie-katowice-ul-slaska.webp,Katowice ,Śląska,1,2026,apartamentowiec,,"Apartamentowiec w zielonym sercu aglomeracji. Prezentowana oferta obejmuje apartamenty w nowoczesnym, kameralnym osiedlu zlokalizowanym w bezpośrednim sąsiedztwie rozległych kompleksów leśnych. Projekt urzeka błyskotliwym designem, bogactwem zastosowanych rozwiązań technologicznych oraz użyciem wysokiej klasy materiałów wykończeniowych. Dla miłośników przestrzeni zaprojektowaliśmy mieszkania parterowe z ogrodem lub na wyższych kondygnacjach z przestronnymi balkonami. Dla najbardziej wymagających powstaną apartamenty widokowe na najwyższej kondygnacji budynków, wyposażone w duże tarasy. Dostępne są również lokale nieprezentowane w sieci - lokale od 26 do 114 m2. Atuty inwestycji: - wysokość apartamentówWysokie, przestronne wnętrza: apartamenty o wysokości 2,8 m a na ostatnim piętrze 3 metry. - Aluminiowa stolarka okienna. 3-szybowe okna. - Ogrzewanie podłogowe - możliwość montażu systemu sterowania regulacją temperatury. - Przygotowana i gotowa instalacja do montażu klimatyzacji w każdym z mieszkań. - Wentylacja mechaniczna nawiewno-wywiewna z odzyskiem ciepła z powietrza wywiewanego o sprawności do 80% - ładowarki pojazdów - tarasyTwój balkon -Twoja oaza. - recepcja Informacje techniczne: - teren zamknięty - garaż podziemny - miejsca postojowe - komórki lokatorskie - monitoring - wózkownie i rowerownie - paczkomat To nie tylko piękne apartamenty, ale także wyjątkowa infrastruktura zaprojektowana z myślą o Twoim komforcie. Zapraszam do kontaktu -przygotuję ofertę na miarę Twoich oczekiwań. Filip Masłowski",,,,,,,50.216368,18.956531
Katowice,ul. Śląska,3,96,1446000,15062,Pośrednik,,5,https://adresowo.pl/o/mieszkanie-katowice-ul-slaska-3-pokojowe-s2u8e1,https://s2.adresowa.pl/oi/4d/7d/3da88c_d227_cover@2x-3-pokojowe-mieszkanie-katowice-ul-slaska.webp,Katowice ,Śląska,4,2026,apartamentowiec,,"Apartamentowiec w zielonym sercu aglomeracji. Prezentowana oferta obejmuje apartamenty w nowoczesnym, kameralnym osiedlu zlokalizowanym w bezpośrednim sąsiedztwie rozległych kompleksów leśnych. Projekt urzeka błyskotliwym designem, bogactwem zastosowanych rozwiązań technologicznych oraz użyciem wysokiej klasy materiałów wykończeniowych. Dla miłośników przestrzeni zaprojektowaliśmy mieszkania parterowe z ogrodem lub na wyższych kondygnacjach z przestronnymi balkonami. Dla najbardziej wymagających powstaną apartamenty widokowe na najwyższej kondygnacji budynków, wyposażone w duże tarasy. Dostępne są również lokale nieprezentowane w sieci - lokale od 26 do 114 m2. Atuty inwestycji: - wysokość apartamentówWysokie, przestronne wnętrza: apartamenty o wysokości 2,8 m a na ostatnim piętrze 3 metry. - Aluminiowa stolarka okienna. 3-szybowe okna. - Ogrzewanie podłogowe - możliwość montażu systemu sterowania regulacją temperatury. - Przygotowana i gotowa instalacja do montażu klimatyzacji w każdym z mieszkań. - Wentylacja mechaniczna nawiewno-wywiewna z odzyskiem ciepła z powietrza wywiewanego o sprawności do 80% - ładowarki pojazdów - tarasyTwój balkon -Twoja oaza. - recepcja Informacje techniczne: - teren zamknięty - garaż podziemny - miejsca postojowe - komórki lokatorskie - monitoring - wózkownie i rowerownie - paczkomat To nie tylko piękne apartamenty, ale także wyjątkowa infrastruktura zaprojektowana z myślą o Twoim komforcie. Zapraszam do kontaktu -przygotuję ofertę na miarę Twoich oczekiwań. Filip Masłowski",,,aneks,,,,50.216368,18.956531
Katowice Szopienice,ul. Wiosny Ludów,2,34,305000,8971,bez pośredników,,16,https://adresowo.pl/o/mieszkanie-katowice-szopienice-ul-wiosny-ludow-2-pokojowe-f2s0i5,https://s2.adresowa.pl/oi/2b/1b/407680_f166_cover@2x-2-pokojowe-mieszkanie-katowice-szopienice-ul-wiosny-ludow.webp,Katowice Szopienice,Wiosny Ludów,4,1978,blok,,"Katowice I salon z aneksem kuchennym + osobna sypialnia I 34,30m2 305 000 tysięcy zł Na sprzedaż komfortowe, 2-pokojowe mieszkanie o powierzchni 34.30 m², położone w spokojnej i dobrze skomunikowanej części dzielnicy Szopienice-Burowiec w Katowicach. Mieszkanie po generalnym remoncie. W ramach prac zostały wymienione instalacje elektryczna oraz wodno-kanalizacyjna, drzwi wejściowe, grzejniki, a wnętrza zostały wykończone w nowoczesnym i przytulnym stylu. Gotowe do zamieszkania bez konieczności ponoszenia dodatkowych nakładów finansowych. W cenie pozostanie nowoczesna zabudowa kuchenna. To idealna propozycja dla singla, pary lub osoby poszukującej mieszkania pod wynajem. Funkcjonalny układ zapewnia wygodę codziennego użytkowania. Najważniejsze informacje: • Powierzchnia: 34.30 m² • 2 pokoje • Ogrzewanie miejskie • blok po termomodernizacji • Czynsz: 440 zł • Parking dla mieszkańców pod blokiem • Piwnica • Pełna własność • Lokalizacja zapewnia szybki dostęp do najważniejszych punktów usługowych oraz komunikacyjnych: • Przystanek autobusowy - około 1 minuta pieszo • Sklepy spożywcze i punkty usługowe - kilka minut pieszo • Tereny zielone i ścieżki rowerowe - w najbliższej okolicy • kompleks rekreacyjny Stawiki - około 5 minut samochodem • Centrum Katowic - około 15 minut samochodem • Centrum Sosnowca - około 10 minut samochodem • Dogodny dojazd do pozostałych miast aglomeracji Możliwość umeblowania i oddania mieszkania jako gotowca pod wynajem. OFERTA BEZPOŚREDNIO OD WŁAŚCICIELA! Bez prowizji",tak,,aneks,plastikowe,własność,,50.261273,19.106219
Katowice Giszowiec,ul. Wojciecha,2,43,370000,8605,bez pośredników,,8,https://adresowo.pl/o/mieszkanie-katowice-giszowiec-ul-wojciecha-2-pokojowe-o1d1g3,https://s2.adresowa.pl/oi/26/68/4075f8_52e7_cover@2x-2-pokojowe-mieszkanie-katowice-giszowiec-ul-wojciecha.webp,Katowice Giszowiec,Wojciecha,4,,blok,,"Na sprzedaż przytulne mieszkanie o powierzchni 42,78 m², usytuowane na czwartym piętrze w katowickiej dzielnicy Giszowiec przy ulicy Wojciecha. Mieszkanie składa się z 2 pokojów, przedpokoju, łazienki, osobnej kuchni jak i również balkonu. Wysokość sufitów: 2,6m. Wejście do klatki jest zabezpieczone domofonem. Mieszkanie jest częściowo umeblowane (zgodnie ze stanem na zdjęciach). Okna (drewniane) skierowane są w kierunku wschód- zachód. W bloku jest winda. Do mieszkania należy prywatna komórka w piwnicy. Czynsz, w skład którego wchodzi eksploatacja i utrzymanie nieruchomości, fundusz remontowy, centralne ogrzewanie (miejskie)- zaliczka, dobrowolne ubezpieczenie mieszkania, opłata za gospodarowanie odpadami, woda zimna i odprowadzanie ścieków- zaliczka- dotychczas wynosił 872 zł. Mieszkanie w spokojnej okolicy, w bliskim sąsiedztwie parku oraz terenów zielonych. W pobliżu znajduje się Biedronka, piekarnia, szkoła, przychodnia lekarska jak i również przystanki autobusowe (kierunek m.in. centrum Katowice, Mysłowice, Tychy).",tak,,osobna,,,,50.22183,19.062632
Katowice Wełnowiec,ul. Józefowska,3,62,629000,10145,bez pośredników,,17,https://adresowo.pl/o/mieszkanie-katowice-welnowiec-ul-jozefowska-3-pokojowe-g4b5w5,https://s2.adresowa.pl/oi/7b/6f/40756e_9ffe_cover@2x-3-pokojowe-mieszkanie-katowice-welnowiec-ul-jozefowska.webp,Katowice Wełnowiec,Józefowska,5,1980,blok,,"NAJWAŻNIEJSZE INFORMACJE Lokalizacja: Katowice, ul. Józefowska 96 - spokojna, zielona okolica z rozwiniętą komunikacją i infrastrukturą. Powierzchnia: 62,8 m2 | Piętro: 5 z 11 | Pokoje: 3 | Łazienka z prysznicem | osobne WC | loggia LOKALIZACJA Mieszkanie znajduje się przy ul. Józefowskiej w Katowicach. To spokojna, dobrze skomunikowana część miasta z wygodnym dojazdem do centrum, autostrady A4 (8 min) oraz drogi nr 902 (DTŚ - 4 min). Mieszkanie od strony Archiwum Państwowego (nie od głównej ulicy), więc ciche i z dobrym widokiem. Okna od zachodu zapewniają mnóstwo popołudniowego słońca, a zewnętrzne rolety pozwalają w pełni kontrolować nasłonecznienie latem. Bezpośrednio przy budynku sklep spożywczy, piekarnia, bistro, bank i bankomat. W odległości 150m sklep ""Stokrotka"", warzywniak ""U Adika"", drogeria ""Jawa"" oraz ""Pepco"". Biedronka 300m, Lidl 800 m. Blisko przedszkole, szkoła, biblioteka, kościół. Wszystko czego potrzeba do wygodnego życia jest w zasięgu spaceru. Wokół budynku wiele ogólnodostępnych miejsc parkingowych. BUDYNEK Zadbany, regularnie konserwowany, w zarządzaniu przez KSM. Wyremontowane klatki schodowe oraz ciągi komunikacyjne. 2 nowe windy wymienione w 2026. Nowe domofony (2026) z dwóch stron budynku. Wielka płyta 1980 r budynek po termomodernizacji. Jako jedyna klatka w okolicy posiada rampę podjazdową - idealny dla mam z wózkami czy osób starszych. MIESZKANIE To komfortowe, słoneczne, trzypokojowe mieszkanie o powierzchni 62,80 m² znajduje się na piątym piętrze. Nowoczesny otwarty układ pomieszczeń zapewnia wygodę codziennego życia. Nie ma wrażenia ""ciasnoty"" znanej z budynków w wielkiej płycie. Układ mieszkania: Wejście prowadzi do przedpokoju z szafą PAX. Po lewej stronie korytarza znajdują się drzwi do łazienki oraz osobne drzwi do WC, a na wprost - pierwszy pokój. Centralną i największą część mieszkania zajmuje otwarty salon z kuchnią, ciągnący się przez całą głębokość mieszkania. Kuchnia posiada lakierowane fronty, wyposażona została w wysokiej klasy sprzęt AGD firmy SIEMENS: płytę indukcyjną, piekarnik, zmywarkę i lodówko-zamrażarkę w zabudowie. W kuchni szuflady w systemie BLUM o podwyższonej nośności z cichym domykaniem. W dalszej części mieszkania znajduje się drugi pokój (sypialnia) z bezpośrednim wyjściem na loggię - to tutaj, dzięki zachodniej ekspozycji, słońce świeci najdłużej. W sypialni znajdziemy szafę na wymiar, komodę oraz łóżko i stoliki nocne. Całość utrzymana jest w nowoczesnej, stonowanej stylistyce. Na podłogach panele AC5 (salon), gres (aneks kuchenny), deska trójwarstwowa (sypialnia) oraz wykładzina dywanowa (pokój). W pokoju regał, szafa oraz małe biurko z krzesłem. Mieszkanie ciepłe, ogrzewane z sieci miejskiej co gwarantuje niskie koszty eksploatacyjne i wygodę użytkowania. Wyposażone również w rolety zewnętrzne, co znacząco podnosi jakość snu oraz reguluje komfort cieplny. Mieszkanie odświeżone, odmalowane, gotowe do wprowadzenia. W łazience jest również pralka - co sprawia, że nie wymaga żadnych dodatkowych nakładów na start. Idealne rozwiązanie dla osób poszukujących nowoczesnego i funkcjonalnego mieszkania, które chcą szybko się przeprowadzić. Bez tracenia czasu na długie, kosztowne remonty i bez użerania się z ekipami remontowymi. Mieszkanie po gruntownym remoncie w 2013 roku. Wymienione instalacje, na wszystkich ścianach i sufitach gładzie. Sufity podwieszane z dodatkową warstwą wygłuszenia watą akustyczną. DLACZEGO WARTO? Wysoki standard wykończenia i umeblowania Bliskość sklepów i infrastruktury ułatwiającej codzienne życie rodzinne. Blisko terenów zielonych, Parku Śląskiego oraz Silesia City Center. Rolety zewnętrzne Zamykany przedsionek na piętrze bezpośrednio przed wejściem do mieszkania idealny na rowery/wózki. Duża (5m2) piwnica/komórka lokatorska z metalowymi, solidnymi drzwiami. FINANSE I FORMALNOŚCI Czynsz: około 1100 zł (2 osoby) (w tym już ogrzewanie miejskie, utrzymanie nieruchomości, sprzątanie, fundusz remontowy, woda, ścieki i śmieci). Poza tym zostaje tylko prąd i gaz. Założona księga wieczysta wolna od hipoteki. Cena mieszkania: 629 000 Bezpośrednio od właściciela.",tak,,aneks,plastikowe,,"Wyposażenie: piekarnik, pralka, zmywarkę",50.283242,19.013537
Katowice,ul. Graniczna,4,82,1434945,17499,Pośrednik,,5,https://adresowo.pl/o/mieszkanie-katowice-ul-graniczna-4-pokojowe-c5j5z3,https://s2.adresowa.pl/oi/6a/34/3da756_84de_cover@2x-4-pokojowe-mieszkanie-katowice-ul-graniczna.webp,Katowice ,Graniczna,7,2023,apartamentowiec,,"Apartamenty z widokiem na trzy stawy. Rekreacja oraz relaks w zasięgu wzroku. Na sprzedaż wyjątkowe mieszkanie o powierzchni 84 m² położone na 7. piętrze nowoczesnego osiedla powstającego w bezpośrednim sąsiedztwie Dolina Trzech Stawów . To prestiżowa lokalizacja, w której natura spotyka się z miastem, a komfort życia wchodzi na zupełnie nowy poziom. Inwestycja obejmuje 6 kameralnych budynków z szeroką ofertą mieszkań — a ten lokal to jedna z najlepszych propozycji w całym projekcie. Duży metraż, wysokość, piękne światło i panorama z okien sprawiają, że to przestrzeń dla osób, które oczekują więcej niż standard. Atuty mieszkania: - 84 m² — idealne dla pary, rodziny lub pod inwestycję premium - 7. piętro — wysoki komfort prywatności i świetne doświetlenie - Możliwość aranżacji z przestronną strefą dzienną - Widok na Dolinę Trzech Stawów – jeden z najmocniejszych punktów oferty - Nowoczesny, ponadczasowy standard inwestycji Wyróżnia nas standard: - wodne ogrzewanie podłogowe, doprowadzone z sieci miejskiej - wysokość pomieszczeń – 2,75 m – dzięki czemu lokale są widne i przestronne - klatki schodowe to nowoczesny, a jednocześnie ponadczasowy design zaprojektowany przez wiodącą na Śląsku pracownię, współpracującą z najlepszymi deweloperami w całej Polsce. Posiadam również oferty mieszkań nieopublikowanych w sieci. Dopasujemy ofertę do Twoich potrzeb. Filip Masłowski",,tak,,,,,50.252652,19.033983
Katowice,ul. Leopolda,4,84,840000,10000,Pośrednik,,5,https://adresowo.pl/o/mieszkanie-katowice-ul-leopolda-4-pokojowe-c5b8z9,https://s2.adresowa.pl/oi/5a/43/3da752_ee6e_cover@2x-4-pokojowe-mieszkanie-katowice-ul-leopolda.webp,Katowice ,Leopolda,1,2027,apartamentowiec,,"Nowoczesne mieszkania w otoczeniu zieleni. Unikatowa i nowatorska propozycja wśród katowickich inwestycji mieszkaniowych, oferująca znacznie więcej niż komfortowe apartamenty. To wyjątkowe połączenie tętniącego życiem miasta z odprężającą i ożywczą zielenią parku, który stanowi esencję i jest sercem całego projektu. Wyróżniająca się, innowacyjna koncepcja wielorodzinnego budynku. Atuty inwestycji:- strefa wypoczynkowa, park w centrum inwestycji - stojaki zewnętrzne na rowery - stanowiska naprawcze dla rowerów - zielony taras na dachu - miejsce do ładowania pojazdów elektrycznych - balkony/loggie, tarasy, ogródki - miejsca postojowe i garaż podziemny - komórki lokatorskie Lokalizacja:- 2 min przystanek autobusowy - 7 min supermarket, IKEA - 12 – 14 min szkoła podstawowa, przedszkole - 6 min ośrodek zdrowia - 6 min centrum sportowe i fitness - 18 min Park Śląski, Legendia - 7 min centrum - Rynek - 9 min Silesia City Center - 15 min Dworzec PKP Katowice Posiadam również oferty mieszkań nieopublikowanych w sieci. Dopasujemy ofertę do Twoich potrzeb. Filip Masłowski",,tak,,,,,50.271862,19.045119
Katowice Brynów,ul. Wincentego Pola,3,58,460000,7931,bez pośredników,,17,https://adresowo.pl/o/mieszkanie-katowice-brynow-ul-wincentego-pola-3-pokojowe-r5q2p4,https://s2.adresowa.pl/oi/40/3d/407330_b22c_cover@2x-3-pokojowe-mieszkanie-katowice-brynow-ul-wincentego-pola.webp,Katowice Brynów,Wincentego Pola,3,1994,blok,,"Na sprzedaż bezpośrednio od właściciela (dla biura nieruchomości) przestronne, funkcjonalne i świetnie zlokalizowane mieszkanie 3-pokojowe o powierzchni 58,20 m². Lokal znajduje się na ostatnim (3) piętrze w dzielnicy Katowic Brynów, przy ul. Wincentego Pola 25. Brak sąsiadów nad głową zapewnia komfort mieszkania. Rozkład pomieszczeń: Mieszkanie posiada niezwykle ustawny, w pełni niezależny układ do wszystkich pomieszczeń wchodzi się bezpośrednio z przedpokoju: - Trzy samodzielne, ustawne pokoje (idealne dla rodziny lub pod wynajem) - Jasna kuchnia - Łazienka - Przedpokój Media i opłaty: - Ogrzewanie oraz woda: z sieci miejskiej. - Duży atut: brak podzielników na grzejnikach komfort cieplny bez obaw o dopłaty. - Czynsz: 950 zł. Dodatkowe udogodnienia: - do mieszkania przynależy piwnica. - miejsca parkingowe parking przeznaczony dla mieszkańców znajduje się bezpośrednio przy budynku. Lokalizacja i okolica: Brynów to zielona, bezpieczna i doskonale rozwinięta dzielnica. W najbliższym sąsiedztwie nieruchomości znajduje się wszystko, co niezbędne do wygodnego życia: - Zakupy: duże sklepy Kaufland oraz Biedronka w zasięgu krótkiego spaceru. - Edukacja i usługi: szkoły, przedszkole oraz poczta tuż obok. - Rekreacja: bardzo blisko do Parku Kościuszki idealnego miejsca na codzienne spacery, sport i relaks. Doskonała komunikacja: - Transport publiczny: pobliskie przystanki autobusowe gwarantują szybkie połączenie z każdą częścią Katowic. - Samochód: błyskawiczny dojazd do centrum miasta oraz wjazd na węzeł autostrady A4, co zapewnia świetną łączność z całą aglomeracją śląską. Cena: 460 000 zł (do negocjacji) Zapraszam do kontaktu i na prezentację! Agencjom i pośrednikom dziękuję oferta wyłącznie bezpośrednia.",tak,,,,,,50.245243,18.993905
Katowice Giszowiec,ul. Adama,2,51,335000,6569,bez pośredników,,1,https://adresowo.pl/o/mieszkanie-katowice-giszowiec-ul-adama-2-pokojowe-f4t4b7,https://s2.adresowa.pl/oi/5d/2e/4071de_58d3_cover@2x-2-pokojowe-mieszkanie-katowice-giszowiec-ul-adama.webp,Katowice Giszowiec,Adama,4,,blok,,"Witam ,sprzedam mieszkanie 51m2 Katowice Giszowiec Adama . Oferta prywatna bez pośredników . Mieszkanie składa się z salonu z balkonem, sypialni, kuchni, przedpokoju, łazienki oraz oddzielnego WC. Okna plastikowe .Ogrzewanie c.o bez podzielników .Piwnica",tak,,,,,,50.212864,19.073514
Katowice Brynów,ul. Wróbli,5,116,1325000,11422,bez pośredników,,8,https://adresowo.pl/o/mieszkanie-katowice-brynow-ul-wrobli-5-pokojowe-t9g4w0,https://s2.adresowa.pl/oi/3e/46/406aa6_3803_cover@2x-5-pokojowe-mieszkanie-katowice-brynow-ul-wrobli.webp,Katowice Brynów,Wróbli,1,2003,apartamentowiec,,"Na sprzedaż przestronne mieszkanie w Katowicach, ul. Wróbli - idealne dla rodziny! Kontakt przez whatsapp, możliwość oglądania od zaraz. Bez pośredników. Powierzchnia: 116 m² Lokalizacja: Katowice, Brynów, ul. Wróbli Piętro: 1 (w 3-piętrowym apartamentowcu) W CENIE GARAŻ - W BUDYNKU Opis mieszkania: Oferujemy na sprzedaż komfortowe, przestronne mieszkanie o powierzchni 116m² (11m2 garaż), położone na spokojnym i zielonym Osiedlu Ptasim w Katowicach. Mieszkanie jest w pełni rozkładowe, jasne i gotowe do zamieszkania, idealne dla rodziny lub osób ceniących przestrzeń i wygodę. Rozkład pomieszczeń: - Salon z kuchnią i jadalnią - otwarta przestrzeń, idealna do wspólnego spędzania czasu, z dużym oknem zapewniającym mnóstwo światła. WYJŚCIE NA 2 BALKONY - Duży przedpokój - z miejscem na szafy w zabudowie (3 zabudowane szafy), funkcjonalny i przestronny. - Łazienka - nowoczesna, wyposażona w wannę, prysznic, umywalkę i pralkę, bidet, toaletę, z ogrzewaniem podłogowym. - Sypialnia - przytulna, z miejscem na duże łóżko i szafa zabudowana. Wyjście na taras. - Pokój gościnny - doskonały jako gabinet lub dodatkowa sypialnia. - Pokój dla dziecka - jasny, z możliwością aranżacji według potrzeb, zabudowana szafa + tzw. ogród zimowy. Wyjście na balkon. - Dodatkowe pomieszczenie - idealne na garderobę, biuro, schowek lub spiżarnię. - Bardzo duży taras - wyjście z salonu oraz sypialni. - Drugi balkon - wyjście z jadalni. - Trzeci balkon - wyjście z pokoju z ogrodem zimowym. - Rolety we wszystkich oknach. Mieszkanie znajduje się na pierwszym piętrze w kameralnym, 3-piętrowym apartamentowcu. Budynek otoczony jest piękną roślinnością, a przestronna klatka schodowa zapewnia wygodę i estetykę. Lokalizacja i udogodnienia: Osiedle Ptasie to oaza spokoju w sercu Katowic, łącząca bliskość natury z doskonałą infrastrukturą miejską. - Komunikacja: Świetne połączenie z centrum Katowic (ok. 3 km, 5 minut samochodem lub komunikacją miejską). W pobliżu przystanki autobusowe i tramwajowe (ul. Kościuszki), a także łatwy dostęp do autostrady A4 (1,5 km), co zapewnia szybkie połączenie z Wrocławiem, Krakowem czy Warszawą. - Sklepy i usługi: Na osiedlu znajdują się lokale usługowe, piekarnia, włoska restauracja oraz sklepy spożywcze (Lidl, Biedronka w odległości 3 minut spacerem). W pobliżu Galeria Handlowa Libero i Centrum Przesiadkowe Brynów. - Parki i tereny rekreacyjne: Mieszkanie sąsiaduje z Parkiem Kościuszki, największym parkiem miejskim w Katowicach, idealnym na spacery, jogging czy pikniki. W odległości kilku minut, po przeciwnej stronie, znajdują się także Katowicki Park Leśny, Muchowiec oraz Dolina Trzech Stawów, oferujące tereny zielone, ścieżki rowerowe i miejsca do relaksu, ok 300 m znajduje się kryty basen. - Edukacja i zdrowie: W okolicy znajdują się szkoły, przedszkola, przychodnie oraz apteki, co czyni lokalizację przyjazną dla rodzin z dziećmi. - Dodatkowe atuty: Spokojna, kameralna okolica z niską zabudową, bogata aranżacja drzew, krzewów i kwiatów wokół budynku, co zapewnia przyjemną atmosferę i kontakt z naturą. Stan techniczny: Mieszkanie do odświeżenia, z nową instalacją elektryczną i hydrauliczną. Wyposażone w nowoczesne meble kuchenne (zmywarka, piekarnik, płyta Electrolux). Podłogi panele, w łazience i kuchni, korytarzy gres. Okna PCV z widokiem na dwie strony domu. Dlaczego warto? To wyjątkowa oferta dla osób szukających połączenia miejskiego stylu życia z bliskością natury. Mieszkanie jest idealne dla rodzin, par lub jako inwestycja pod wynajem dzięki atrakcyjnej lokalizacji i wysokiemu standardowi wykończenia. Zapraszamy na prezentację! Nie przegap szansy na zakup wymarzonego mieszkania w jednej z najlepszych lokalizacji w Katowicach! BARDZO BLISKO CENTRUM, A JEDNAK WŚRÓD ZIELENI - ZNACZĄCA RÓŻNICA W CZYSTOŚCI I JAKOŚCI POWIETRZA. (spaliny, zanieczyszczenia z miasta pozostają przed górką na Kościuszki)",,tak,aneks,plastikowe,własność,"Wyposażenie: piekarnik, pralkę, zmywarka",50.234777,19.005244
Katowice Józefowiec,ul. Józefowska,3,62,479000,7726,Pośrednik,,19,https://adresowo.pl/o/mieszkanie-katowice-jozefowiec-ul-jozefowska-3-pokojowe-n3q0o2,https://s2.adresowa.pl/oi/20/50/3d9dc2_2927_cover@2x-3-pokojowe-mieszkanie-katowice-jozefowiec-ul-jozefowska.webp,Katowice Józefowiec,Józefowska,6,,blok,,"OFERTA NA WYYŁĄCZNOŚĆ Oferujemy Państwu na sprzedaż przestronne i atrakcyjne mieszkanie usytuowane w Katowicach przy ulicy Józefowskiej na 6 piętrze w budynku z windą. W sąsiedztwie znajduje się plac zabaw dla dzieci w otoczeniu zieleni oraz duży parking ogólnodostępny. Bliskość szkół, przedszkoli oraz żłobków stanowi dodatkowy atut. Mieszkanie o powierzchni 62,8 m2 składa się 3 pokoi, widnej i przestronnej kuchni, osobnej łazienki, wc, dużego salonu oraz dwóch mniejszych przejściowych pokoi tj.: gabinetu i sypialni piętrze w budynku z windą. Mieszkanie posiada balkon, a jego ekspozycja okien to wschód i zachód, zapewniając doskonałe doświetlenie. W budynku jest ogrzewanie miejskie, wszystkie media są opomiarowane, a ciepła woda pochodzi z piecyka gazowego. Rodzaj prawa : spółdzielcze własnościowe prawo z księgą wieczystą Czynsz: 1.100,00 PLN (w tym zaliczki na c.o., wodę, wywóz nieczystości) Cena: 479.000,00 PLN do negocjacji Internet światłowodowy to dodatkowy atut. Lokal wymaga odświeżenia, jednak nie jest konieczny gruntowny remont. W cenie mogą pozostać niektóre meble np. szafy, zabudowa kuchenna wraz ze sprzętem AGD, w tym pralka, lodówka, zmywarka i mikrofalówka. To idealna propozycja dla osób ceniących komfort i dogodną lokalizację. Zapraszam do kontaktu i na prezentację! Przedstawione na naszych stronach oferty nie stanowią oferty w rozumieniu Kodeksu Cywilnego. EXCLUSIVE OFFER We are pleased to offer for sale a spacious and attractive flat situated in Katowice on Józefowska Street, on the 6th floor of a building with a lift. There is a children’s playground surrounded by greenery and a large public car park in the vicinity. The proximity of schools, nurseries and crèches is an added bonus. The 62.8 m² flat comprises 3 rooms, a bright and spacious kitchen, a separate bathroom, a toilet, a large living room and two smaller connecting rooms, namely a study and a bedroom, on the 6th floor of a building with a lift. The flat has a balcony, and its windows face east and west, ensuring excellent natural light. The building has district heating, all utilities are metered, and hot water is supplied by a gas boiler. Type of title: cooperative ownership with a land and mortgage register Rent: PLN 1,100.00 (including advance payments for central heating, water and waste collection) Price: PLN 479,000.00 (negotiable) Fibre-optic internet is an added bonus. The property needs freshening up, but a full refurbishment is not necessary. Some furniture may be included in the price, e.g. wardrobes, fitted kitchen units including appliances such as a washing machine, fridge, dishwasher and microwave. This is an ideal proposition for those who value comfort and a convenient location. Please feel free to contact me for a viewing! The offers presented on our website do not constitute an offer within the meaning of the Civil Code. ::LINK DO STRONY [www]/oferta.aspx?id=[numer] ::KONTAKT DO AGENTA Obsługa biura [numer] [email]",,,osobna,plastikowe,,"Wyposażenie: internet, lodówka, mikrofalówka, pralka, zmywarka",50.283059,19.014605
Katowice Janów,ul. Zamkowa,3,52,388000,7462,Pośrednik,,7,https://adresowo.pl/o/mieszkanie-katowice-janow-ul-zamkowa-3-pokojowe-d4j0l7,https://s2.adresowa.pl/oi/28/38/3d6d84_7881_cover@2x-3-pokojowe-mieszkanie-katowice-janow-ul-zamkowa.webp,Katowice Janów,Zamkowa,4,,blok,,"3 pokoje gotowe do zamieszkania! Janów-Nikiszowiec | Katowice ul. Zamkowa | rozkładowe | z balkonem | ustawne | klimatyczne | 2 sypialnie i salon z kuchnią | ZADZWOŃ: [numer] Pamiętaj, że współpracując z PAFIN Group – biurem nieruchomości działającym na terenie Śląska i Zagłębia, otrzymujesz pełną obsługę. Pomożemy w finansowaniu zakupu: KUPIMY TWOJE dotychczasowe MIESZKANIE LUB DOM ZA GOTÓWKĘ, możliwa ZAMIANA, lub pomożemy w uzyskaniu KORZYSTNEGO KREDYTU (na zakup i remont). INFORMACJE I DANE TECHNICZNE (KW): Powierzchnia całkowita: 52,67 m2 ( w tym 7,21 m2 piwnica) Piętro: 4 Czynsz (SM): 890 zł Opłaty w czynszu: CO, administracja, eksploatacja, wywóz nieczystości, zaliczka na wodę ciepłą i zimną Opłaty wg liczników: prąd, woda, podzielniki ciepła Woda ciepła: wodociąg miejski Ogrzewanie: CO miejskie Dostępne media: prąd , woda, internet, TV kablowa Okna: PCV Na sprzedaż rozkładowe 3 pokoje z balkonem ! Przestronne mieszkanie zlokalizowane jest na zadbanym osiedlu przy ul. Zamkowej. Budynek jest w dobrym stanie technicznym po termomodernizacji. Wyremontowana klatka schodowa została odpowiednio zabezpieczona domofonem. Mieszkanie posiada łazienkę wraz z toaletą oraz 2 niezależne sypialnie. Do mieszkania przynależy również piwnica. Nie przegap tej okazji umów się na prezentację już dziś! WYGODNY UKŁAD, który daje Ci pełną funkcjonalność. Centralnym punktem mieszkania jest słoneczny salon z balkonem, który z powodzeniem spełnia funkcję miejsca do wypoczynku. Dobrze zorganizowana kuchnia sprawi, że pomieścisz w niej wszystkie najważniejsze elementy, dodatkowo zyskując przestrzeń do gotowania. Mieszkanie posiada także ustawną sypialnię, która z powodzeniem pomieści szafę i łóżko typu king-size oraz biurko. Dodatkowy pokój zagospodarujesz wedle uznania na biuro, dodatkową sypialnię lub pokój dziecka. Przedpokój zyskał na funkcjonalności dzięki garderobie na płaszcze. Nieruchomość, które da Tobie i Twoim bliskim komfort życia, a lokalizacja zaoszczędzi cenny czas STAN TECHNICZNY, dzięki któremu zaoszczędzisz na remoncie. Nieruchomość jest zadbana i wymaga jedynie odświeżenia. Właściciele przeprowadzili remont łazienki. Kuchnia jest wyposażona w niezbędne sprzęty. Zostały wymienione instalacje w tym elektryczne i wodno kanalizacyjne. DOSKONAŁA LOKALIZACJA, z której wszędzie będziesz miał blisko. Nieruchomość zlokalizowana jest w dzielnicy Janów-Nikiszowiec przy ul. Zamkowej, dzięki czemu otrzymujesz szybkie połączenia z całą aglomeracją. W otoczeniu znajdują się na również przystanki komunikacji miejskiej, sklepy, restauracje, oraz liczne punkty usługowe. Mieszkanie, które dzięki lokalizacji oraz rozkładowi sprawdzi się jako inwestycja lub wygodne miejsce do życia. MASZ PYTANIA? Skontaktuj się tak, jak Ci wygodnie: Tomasz Adamczyk",tak,,,plastikowe,,"Wyposażenie: internet, tv",50.241207,19.090381
Katowice Śródmieście,al. Wojciecha Korfantego,3,46,335000,7283,bez pośredników,,14,https://adresowo.pl/o/mieszkanie-katowice-srodmiescie-al-wojciecha-korfantego-3-pokojowe-d5s1z1,https://s2.adresowa.pl/oi/6a/7b/40672c_b19b_cover@2x-3-pokojowe-mieszkanie-katowice-srodmiescie-al-wojciecha-korfantego.webp,Katowice Śródmieście,Wojciecha Korfantego,9,1966,apartamentowiec,,"Bezpośrednio od właścicieli na sprzedaż mieszkanie do remontu, w Superjednostce tj. w samym centrum Katowic, naprzeciwko Spodka, Centrum Kongresowego i NOSPR. Idealne pod najem krótkoterminowy. Widok na Chorzów.",,tak,osobna,drewniane,spółdzielcze własnościowe,,50.263861,19.021165
Katowice Wełnowiec,ul. Bytkowska,2,46,592800,12887,bez pośredników,,7,https://adresowo.pl/o/mieszkanie-katowice-welnowiec-ul-bytkowska-2-pokojowe-n1y7p0,https://s2.adresowa.pl/oi/2d/53/406766_73e4_cover@2x-2-pokojowe-mieszkanie-katowice-welnowiec-ul-bytkowska.webp,Katowice Wełnowiec,Bytkowska,parter,2023,blok,,"Na sprzedaż 2-pokojowe mieszkanie o powierzchni 46,90 m², położone na parterze budynku. Mieszkanie jest w stanie deweloperskim. Dla lokalu została przygotowana gotowa wizualizacja wnętrza, pokazująca propozycję nowoczesnego i funkcjonalnego wykończenia. Dużym atutem nieruchomości jest prywatny ogródek przylegający bezpośrednio do mieszkania, rozciągający się na całą jego szerokość. Do mieszkania przynależy również zewnętrzne miejsce parkingowe nr 1. UKŁAD MIESZKANIA: salon z aneksem kuchennym - 20,79 m² sypialnia/pokój - 15,02 m² przedpokój - 6,61 m² łazienka - 4,48 m² Łączna powierzchnia mieszkania: 46,90 m² NAJWAŻNIEJSZE ATUTY: 2 pokoje parter prywatny ogródek na całą szerokość mieszkania zewnętrzne miejsce parkingowe stan deweloperski gotowa wizualizacja aranżacji wnętrza funkcjonalny układ pomieszczeń CENA: 592 800 zł Cena obejmuje mieszkanie wraz z ogródkiem (na szerokość mieszkania) oraz zewnętrznym miejscem parkingowym. Mieszkanie sprawdzi się zarówno do zamieszkania, jak i jako inwestycja pod wynajem. Stan deweloperski daje możliwość wykończenia według własnych potrzeb, a przygotowana wizualizacja pokazuje potencjał aranżacyjny wnętrza.",,tak,aneks,,,,50.29186,19.005943
Katowice,ul. Pogodna,2,48,290000,6042,bez pośredników,,8,https://adresowo.pl/o/mieszkanie-katowice-ul-pogodna-2-pokojowe-k5d6d2,https://s2.adresowa.pl/oi/7f/6d/406658_4055_cover@2x-2-pokojowe-mieszkanie-katowice-ul-pogodna.webp,Katowice ,Pogodna,1,,blok,,"Na sprzedaż przytulne i funkcjonalne mieszkanie w Katowicach przy ul. Pogodnej 6, położone na 1. piętrze. Mieszkanie składa się z: dwóch oddzielnych pokoi, oddzielnej kuchni, łazienki, dodatkowo do mieszkania przynależy piwnica, której powierzchnia nie jest wliczona w metraż mieszkania. Świetna lokalizacja: W najbliższej okolicy znajdują się wszystkie najważniejsze udogodnienia: przystanki autobusowe, przychodnia, Biedronka, basen, szkoła, przedszkole, żłobek. To doskonała lokalizacja zarówno dla rodziny, jak i dla osób szukających mieszkania z dobrym dostępem do komunikacji miejskiej i codziennych usług. Opłaty: Czynsz przy jednej osobie wynosi około 800 zł miesięcznie. Mieszkanie dzięki dwóm niezależnym pokojom daje możliwość wygodnego zamieszkania rodzinie, parze, a także może być ciekawą propozycją inwestycyjną. Zapraszam do kontaktu i obejrzenia mieszkania.",tak,,osobna,,,,50.273227,19.070506
Katowice Ochojec,ul. Marcina Radockiego,3,75,650000,8667,Pośrednik,,12,https://adresowo.pl/o/mieszkanie-katowice-ochojec-ul-marcina-radockiego-3-pokojowe-e4e1a6,https://s2.adresowa.pl/oi/12/18/3d6d7a_3f11_cover@2x-3-pokojowe-mieszkanie-katowice-ochojec-ul-marcina-radockiego.webp,Katowice Ochojec,Marcina Radockiego,3,1980,blok,,"Przestronne 3 pokoje (możliwe 4) z balkonem gotowe do zamieszkania | Katowice ul. Radockiego ZADZWOŃ: [numer] Pamiętaj, że współpracując z PAFIN Group biurem nieruchomości działającym na terenie Śląska i Zagłębia, otrzymujesz pełną obsługę. Pomoc w finansowaniu zakupu: KUPIMY TWOJE dotychczasowe MIESZKANIE LUB DOM ZA GOTÓWKĘ, możliwa ZAMIANA, lub pomożemy w uzyskaniu KORZYSTNEGO KREDYTU (na zakup i remont). Wesprzemy Cię w uzyskaniu ATRAKCYJNEJ CENY zakupu, a następnie zapewnimy pełną obsługę notarialną wraz z weryfikacją nieruchomości. INFORMACJE I DANE TECHNICZNE (KW): - Powierzchnia: 75,18 m² - Liczba pokoi: 3 (osobna kuchnia i możliwość wydzielenia 4 pokoju) - Piętro: 3 / winda w budynku z parteru - Balkon: TAK - Piwnica: TAK - Czynsz: 1139 zł (w tym: fundusz remontowy, eksploatacja, CO, zimna woda + ścieki, ciepła woda, śmieci) - Media wg liczników: prąd, gaz, woda - Woda ciepła: wodociąg miejski - Ogrzewanie: miejskie - Okna: PCV - Dostępne media: prąd, woda, gaz, internet Na sprzedaż przestronne 3 pokoje gotowe do zamieszkania ! (możliwość wydzielenia 4 pokoju) Przestronny układ pomieszczeń i stan techniczny, z którego będziesz zadowolony. Nieruchomość przeszła gruntowny remont z dbałością o detale, uwzględniający między innymi wymianę instalacji wodno-kanalizacyjnej, wymianę drzwi wejściowych. Nieruchomość znajduje się na zadbanym, osiedlu w spokojnej okolicy. Mieszkanie posiada także ustawny balkon wprost z salonu. Oddzielna toaleta dodaje komfortu domownikom. Do mieszkania przynależy również piwnica. To idealna propozycja dla par, osób pracujących zdalnie lub inwestorów. Nie przegap tej okazji – umów się na prezentację już dziś! DOSKONAŁA LOKALIZACJA, z której wszędzie będziesz miał blisko. Świetnie skomunikowana dzielnica Katowic (Piotrowice - Ochojec) W najbliższej okolicy znajdują się sklepy, apteki, piekarnie, punkty usługowe, siłownie oraz pełna infrastruktura edukacyjna – szkoły i przedszkola dostępne pieszo. Zaledwie kilka minut dzieli Cię od głównych arterii komunikacyjnych i DK86 i autostrady A4. W pobliżu dostępne są przystanki komunikacji miejskiej oraz szybki dojazd koleją do Dworca PKP Katowice. Dla miłośników zieleni – parki, ścieżki spacerowe i rekreacyjne oraz Park Zadole, Rezerwat przyrody Ochojec, lasy piotrowickie i Dolina Trzech Stawów w niedalekiej odległości. Nieruchomość, które wykorzystasz wedle własnych potrzeb, a lokalizacja sprawia, że jest to wygodne miejsce do życia. STAN TECHNICZNY, który daje Ci komfort i bezpieczeństwo. Właściciele zadbali o idealny stan techniczny nie wymagający dodatkowych nakładów finansowych. Funkcjonalność szaf wykonanych na wymiar w zabudowie ułatwia przechowywanie rzeczy i podejmowanie gości. Salon posiada bezpośrednie wyjście na słoneczny balkon. Na podłodze znajdują się estetyczne i praktyczne płytki oraz panele. Układ pomieszczeń daje możliwość wydzielenia dodatkowego 4 pokoju z salonu, z którego także jest oddzielne wyjście na balkon. W budynku świeżo zamontowana nowa winda umożliwiająca bezpośrednie wejście z poziomu 0 ! Zadzwoń i umów się na prezentację – to może być Twój nowy adres! MASZ PYTANIA? Skontaktuj się z nami tak, jak Ci wygodnie: Tomasz Adamczyk",tak,,,,,Wyposażenie: internet,50.205609,18.98707
Katowice Załęże,ul. Wincentego Janasa,1,29,288000,9931,Pośrednik,,15,https://adresowo.pl/o/mieszkanie-katowice-zaleze-ul-wincentego-janasa-1-pokoj-z1k2o4,https://s2.adresowa.pl/oi/78/43/3cc34a_85d9_cover@2x-1-pokojowe-mieszkanie-katowice-zaleze-ul-wincentego-janasa.webp,Katowice Załęże,Wincentego Janasa,1,,blok,,"WYGODNA Z WYSOKIM STANDARDEM KAWALERKA W ŚWIETNEJ LOKALIZACJI - KATOWICE ZAŁĘŻE 1. piętro | 29,5 m² | Na sprzedaż oferuję 1-pokojowe mieszkanie położone w bardzo zadbanej kamienicy na ul. Janasa w Katowicach. Nieruchomość nowoczesna i funkcjonalna o powierzchni 29,5 m², położona na 1 piętrze w budynku po modernizacji wykonanej w 2019 roku. Mieszkanie jest wynajęte (1300 zł + opłaty) – idealna propozycja inwestycyjna (ROI ok. 5%) ale nie tylko. MIESZKANIE: Mieszkanie znajduje się na 1. piętrze i ma 29,5 m² powierzchni użytkowej. Składa się z: - przedpokoju - łazienki - dużego salonu - kuchni otwartej na salon Do mieszkania należy również część wspólna - tzw. rowerownia oraz pralnia. – są to bardzo zadbane i funkcjonalne pomieszczenia w piwnicy. STANDARD I WYPOSAŻENIE: - mieszkanie w pełni umeblowane, - ogrzewanie miejskie, - sprzęt AGD - budynek po generalnym remoncie w 2019 roku - nowe instalacje, okna. - darmowe miejsca parkingowe wzdłuż ulicy. ŚWIETNA LOKALIZACJA: Położenie mieszkania to jeden z jego największych atutów: - 2 km od ścisłego centrum Katowic - 2 km od Silesia City Center oraz - 1,2 km od Face2Face Business Campus - 1 km do szkół i przedszkoli - blisko sklepów spożywczych - blisko przychodni i punktów usługowych - Bardzo dobre połączenie komunikacyjne z całym miastem i miastami ościennymi. To idealne miejsce do życia dla rodzin, singli, jak i osób starszych – cicho, wygodnie i blisko wszystkiego, co potrzebne na co dzień. ZAPRASZAM NA PREZENTACJĘ Chętnie pokażę Ci inwestycję i odpowiem na wszystkie pytania. Twój Agent – Piotr Remer",,,aneks,plastikowe,własność,,50.263789,18.997338
Katowice Śródmieście,ul. 18 Sierpnia,1,41,339000,8268,bez pośredników,,8,https://adresowo.pl/o/mieszkanie-katowice-srodmiescie-ul-18-sierpnia-1-pokoj-t3p9t2,https://s2.adresowa.pl/oi/6e/2a/40627a_28b0_cover@2x-1-pokojowe-mieszkanie-katowice-srodmiescie-ul-18-sierpnia.webp,Katowice Śródmieście,18 Sierpnia,3,1970,blok,,"Oferuję na sprzedaż mieszkanie o powierzchni 41 m², znajdujące się na trzecim piętrze w bloku przy ul. 18 Sierpnia, w bardzo dobrej lokalizacji przy kinie/punkt 44. - 2 przystanki tramwajem do Rynku, - 800 m do dworca autobusowego. W pobliżu sklepy Lidl, Netto, Żabka, galeria handlowa, restauracje i wiele innych. Mieszkanie składa się z: - Duży pokój 5m x 5m, co daje możliwość wydzielenia części dziennej i sypialni z zabudowaną przesuwną szafą. - Przestronna kuchnia w pełni wyposażona: zmywarka, piekarnik, lodówka, okap oraz stół. - Duża łazienka z wanną oraz możliwością brania prysznica. Na wyposażeniu pralka. - Przedpokój z szafą. - Duża piwnica. Przed blokiem miejsca parkingowe tylko dla mieszkańców. Mieszkanie jest w pełni umeblowane, co ułatwia szybkie wprowadzenie się. Wysokiej jakości wykończenia sprawiają, że wnętrze jest wygodne i estetyczne. Jasne pomieszczenia doświetlają naturalne światło, a całość wykończona jest w wysokim standardzie. W salonie oraz sypialni podłoga z paneli dodaje ciepła i przytulności. Mieszkanie zlokalizowane jest blisko centrum, a jednocześnie w spokojnej okolicy, co zapewnia komfort codziennego życia. Skorzystaj z okazji i umów się na prezentację!",tak,,osobna,plastikowe,spółdzielcze własnościowe,"Wyposażenie: lodówka, piekarnik, pralka, zmywarka",50.261722,19.003896
Katowice Śródmieście,ul. 3 Maja,2,39,380000,9744,bez pośredników,,11,https://adresowo.pl/o/mieszkanie-katowice-srodmiescie-ul-3-maja-2-pokojowe-t8t1r4,https://s2.adresowa.pl/oi/11/40/405cec_849a_cover@2x-2-pokojowe-mieszkanie-katowice-srodmiescie-ul-3-maja.webp,Katowice Śródmieście,3 Maja,4,1960,blok,,"Mieszkanie 39,3m2. Bezpośrednio. Idealne mieszkanie dla 1-2 osób ceniących samo centrum - to 3 min. na piechotę od Galerii Katowickiej i Dworca PKP! Dla właścicieli istnieje możliwość wjazdu przez bramę budynku na podwórze. Brama jest otwierana na pilota. Niski czynsz - 350zł (już z zaliczką na zimną wodę, kanalizację i śmieci). Pomieszczenia: - salon z aneksem kuchennym - 19,6m2 (z oknem na ul. 3 Maja) - sypialnia - 8,9m2 (z oknem na cichsze podwórze) - łazienka - 3,1m2 - korytarz - 7,2m2 Media: - Woda - Prąd - Gaz - Szybki internet Wyposażenie: - meble kuchenne - lodówka - kuchenka gazowa - kanapa/sofa (rozkładana na 2 osoby) - meble w salonie - łóżko z materacem (200x140) - biurko - szafa - okna białe plastikowe Ogrzewanie: piec dwufunkcyjny (grzejniki i ciepła woda) z zamkniętą komorą spalania w łazience z automatycznym termostatem. Strych (wspólny) oraz piwnica. Budynek jest ocieplony i ma domofon. Mieszkanie jest odświeżone/po malowaniu, gotowe do zamieszkania lub do zmian aranżacyjnych wedle indywidulanych potrzeb. Zapraszam do kontaktu telefonicznego. Nie odpowiadam na SMSy. Zadzwoń, umów się na oględziny i podaj swoją ofertę. Zapraszam.",tak,,aneks,plastikowe,własność,"Wyposażenie: internet, kuchenka, lodówka",50.259837,19.014872
Katowice Śródmieście,ul. Księcia Józefa Poniatowskiego,3,58,472000,8138,bez pośredników,,8,https://adresowo.pl/o/mieszkanie-katowice-srodmiescie-ul-ksiecia-jozefa-poniatowskiego-3-pokojowe-o5o7k8,https://s2.adresowa.pl/oi/6f/42/4055da_a7a0_cover@2x-3-pokojowe-mieszkanie-katowice-srodmiescie-ul-ksiecia-jozefa-poniatowskiego.webp,Katowice Śródmieście,Księcia Józefa Poniatowskiego,3,,kamienica,,"Mieszkanie znajduje się przy ul. Poniatowskiego w niewielkiej odległości od centrum Katowic. Do centrum miasta można dojść pieszo w około 15 minut. W pobliżu znajdują się m.in.: Akademia Wychowania Fizycznego, centrum Katowic, Park Kościuszki i tereny rekreacyjne, sklepy i punkty usługowe, placówki edukacyjne, przystanki komunikacji miejskiej. Dla osób poruszających się samochodem dużym atutem jest bardzo szybki dostęp do autostrady A4. Lokalizacja dobrze sprawdzi się zarówno dla rodziny, pary pracującej w centrum, jak również jako mieszkanie inwestycyjne - m.in. dzięki bliskości AWF, centrum miasta i bardzo dobrej komunikacji. Informacje formalne: powierzchnia: 57,66 m² liczba pokoi: 3 piwnica: ok. 17 m² - prawo do korzystania ogrzewanie: miejskie ciepła woda: miejska forma własności: pełna własność księga wieczysta: tak miesięczny czynsz: 900 zł brak opłaty za użytkowanie wieczyste - przekształcono w prawo własności W czynszu znajdują się m.in. opłaty związane z wodą, wywozem odpadów, ogrzewaniem, funduszem remontowym oraz administracją budynku. Mieszkanie wymaga remontu/odświeżenia, ale do tej pory było wynajmowane, więc wszystkie urządzenia są sprawne. Mieszkanie może zostać sprzedane z widocznym na zdjęciach wyposażeniem. Jednym z największych atutów nieruchomości jest jej położenie i możliwość wynajmu studentom lub osobom pracującym. Przy budynku znajdują się miejsca parkingowe, parking nie jest płatny, ale też niestrzeżony. Podsumowując zalety: pełna własność, ogrzewanie miejskie, dobra lokalizacja, 3 pokoje, potencjał inwestycyjny, klimat kamienicy. Zapraszam do kontaktu.",tak,,,,własność,,50.25101,19.010901
Katowice Panewniki,ul. Panewnicka,3,50,470000,9400,Pośrednik,,9,https://adresowo.pl/o/mieszkanie-katowice-panewniki-ul-panewnicka-3-pokojowe-q1j1b4,https://s2.adresowa.pl/oi/5e/68/3ca182_2b71_cover@2x-3-pokojowe-mieszkanie-katowice-panewniki-ul-panewnicka.webp,Katowice Panewniki,Panewnicka,1,1980,apartamentowiec,,"EASTATE ma przyjemność zaprezentować 3 pokojowe mieszkanie w zielonych Panewnikach LOKALIZACJA: Ul. Panewnicka w Katowicach znajduje się w spokojnej dzielnicy Ligota-Panewniki, która jest dobrze skomunikowana z resztą miasta i oferuje dostęp do sklepów oraz usług w pobliżu. Dodatkową zaletą jest bliskość terenów zielonych oraz uczelni i infrastruktury miejskiej, MIESZKANIE I BUDYNEK Oferowany lokal to 3 pokojowe mieszkanie znajdujące się na 1 piętrze z łazienką oraz oddzielną, widną kuchnią. Mieszkanie jest po generalnym remoncie obejmującym elektrykę jak i hydraulikę. Mieszkanie jest obecnie wynajmowane i w pełni wyposażone pod tę działalność. Całe wyposażenie pozostaje w lokalu, dzięki czemu może nadal służyć przyszłym najemcom. Do mieszkania przynależy bardzo duża piwnica Budynek to 3 piętrowy blok wielorodzinny z 1980 roku. Budynek po termoizolacji podłączony do sieci ogrzewania miejskiego. DLA KOGO: Aktualnie mieszkanie jest wynajmowane i generuje miesięczny zysk na poziomie 2000zł. Ze względu na bliskość Uniwersytetu oraz układ pomieszczeń nadal może spełniać funkcje mieszkania inwestycyjnego. (ROI ok 5%). Świetnie sprawdzi się również dla rodziny wówczas pomagam w znalezieniu innego mieszkania dla obecnych najemców. FINANSE: Cena - 470 000 PLN Miesięczne opłaty ok 900zł W Eastate Agency wspieramy klientów w sprzedaży, wynajmie i poszukiwaniach nieruchomości - zarówno na rynku wtórnym, pierwotnym, jak i komercyjnym. Pomagamy także w wyborze nieruchomości inwestycyjnych - pod wynajem lub długoterminowe lokowanie kapitału. Zajmujemy się również zarządzaniem najmem, a klientom finansującym zakup kredytem umożliwiamy bezpłatny kontakt z doradcą kredytowym.",tak,,,plastikowe,własność,,50.227896,18.937561
Katowice Śródmieście,ul. Warszawska,2,29,339000,11690,Pośrednik,,12,https://adresowo.pl/o/mieszkanie-katowice-srodmiescie-ul-warszawska-2-pokojowe-i4e9v9,https://s2.adresowa.pl/oi/25/2e/3c82d2_5a99_cover@2x-2-pokojowe-mieszkanie-katowice-srodmiescie-ul-warszawska.webp,Katowice Śródmieście,Warszawska,1,,kamienica,,"Do sprzedania Mieszkanie 2-pokojowe zlokalizowane w Pięknej Kamienicy w ścisłym śródmieściu Katowic przy ul. Warszawskiej. Za budynkiem duży zamykany i monitorowany parking za bramą na pilota dla mieszkańców. Piękna kamienica z odrestaurowanym frontem oraz z tylną elewacją po termomodernizacji. Nieruchomość sprzedawana w stanie po generalnym remoncie w wysokim standardzie, gotowa pod wynajem lub do zamieszkania z pełnym umeblowaniem oraz AGD w tym zmywarka,pralka itp Cena obejmuję generalny remont wraz z wymianą wszystkich instalacji. Świetna lokalizacja inwestycyjna nadająca się idealnie pod najem Długo oraz Krótko-Terminowy typu Booking, Airbnb itp. Świetny układ z osobną sypialnią z oknem. Zdjęcia przedstawiają poprzednie realizacje tego samego wykonawcy dla poglądu. W najbliższej odległości również wszelkie inne niezbętne punkty usługowe. Remont mieszkań obejmuje: - nowa instalacja elektryczna/hydrauliczna w całym mieszkaniu - ścianki działowe - gładzie na ścianach - malowanie - okna plastikowe - nowe drzwi wejściowe antywłamaniowe - drzwi wewnętrzne -panele / salon -kuchnia na wymiar z pełnym wyposażeniem AGD - Nowa instalacja ogrzewania podłogowego na podczerwień (tańsze niż gazowe) - łazienka -płytki kuchnia/łazienka - Zabudowa oraz wszystkie meble i sprzęty są zawarte w cenie mieszkania. -Możliwość zakupu mieszkania bez wyposażenia (łóżko szafki szafy sofa stolik itd) W razie pytań proszę o kontakt telefoniczny: [numer] Treść niniejszego ogłoszenia nie stanowi oferty handlowej w rozumieniu Kodeksu Cywilnego.",,,,plastikowe,własność,"Wyposażenie: pralka, zmywarka",50.25831,19.029
Katowice Bogucice,ul. Sandomierska,2,49,449000,9163,bez pośredników,,7,https://adresowo.pl/o/mieszkanie-katowice-bogucice-ul-sandomierska-2-pokojowe-k8t3s7,https://s2.adresowa.pl/oi/31/17/40517e_aad8_cover@2x-2-pokojowe-mieszkanie-katowice-bogucice-ul-sandomierska.webp,Katowice Bogucice,Sandomierska,3,1981,blok,,"Oferuję na sprzedaż przytulne mieszkanie w Katowicach, w dzielnicy Bogucice. Mieszkanie ma powierzchnię 49 m² i znajduje się na 3. piętrze w bloku z wielkiej płyty. Wnętrze jest w pełni wyposażone, w skład którego wchodzą meble, pralka, zmywarka, lodówka, kuchenka oraz piekarnik. Do mieszkania przynależy balkon oraz piwnica, co zapewnia dodatkową przestrzeń do przechowywania. Lokalizacja mieszkania jest bardzo dogodna. W pobliżu znajdziesz wiele punktów usługowych oraz rekreacyjnych, takich jak: - Muzeum Śląskie (703 m) - Pizzeria Me Gusta (162 m) - Park przy ul. Leopolda (511 m) - Poli-MED (54 m) - Osiedle Kukuczki (przystanek autobusowy 158 m) W okolicy znajdują się również szkoły oraz uczelnie wyższe, co czyni tę lokalizację atrakcyjną dla rodzin oraz studentów. Ogrzewanie miejskie zapewnia komfort przez cały rok. Czynsz wynosi 930 PLN. Nie przegap tej okazji! Zadzwoń i umów się na prezentację.",tak,,,plastikowe,własność,"Wyposażenie: kuchenka, lodówka, piekarnik, pralka, zmywarka",50.268064,19.044467
Katowice Brynów,ul. Rzepakowa,2,44,589000,13386,bez pośredników,,20,https://adresowo.pl/o/mieszkanie-katowice-brynow-ul-rzepakowa-2-pokojowe-r2m0j1,https://s2.adresowa.pl/oi/7f/60/4041c2_614d_cover@2x-2-pokojowe-mieszkanie-katowice-brynow-ul-rzepakowa.webp,Katowice Brynów,Rzepakowa,1,2020,apartamentowiec,,"Na sprzedaż przytulne i kompletnie wyposażone mieszkanie na osiedlu Nowy Brynów przy ulicy Rzepakowej w Katowicach. Mieszkanie o powierzchni 44.01 m2 znajduje się na 1. piętrze budynku z 2020 roku z widokiem na las. Mieszkanie składa się z: - salonu z aneksem kuchennym, - sypialni, - przedpokoju, - garderoby, - balkonu. Do mieszkania przynależy miejsce parkingowe w garażu podziemnym (dodatkowo płatne, 39.000 zł). W wyposażeniu mieszkania znajdują się: - meble widoczne na zdjęciach, - sprzęty RTV oraz AGD (telewizor, lodówka, zmywarka, piekarnik, płyta indukcyjna, okap, pralko-suszarka) Osiedle Nowy Brynów to strzeżona i ogrodzona inwestycja z ochroną przy głównym wejściu. Na teren osiedla można dostać się przez dwie zamykane bramy wjazdowe ze szlabanami oraz trzy wejścia piesze. Do dyspozycji mieszkańców dostępny jest dziedziniec z placem zabaw oraz rowerownie i stojaki/wieszaki na rowery w halach garażowych. Mieszkańcy mogą korzystać również z lokali usługowych znajdujących się na osiedlu (Żabka, Pralnia, Optyk, Stomatolog, Weterynarz) oraz po przeciwnej stronie ulicy paczkomat, piekarnia rzemieślnicza i restauracja. W bezpośrednim sąsiedztwie osiedla znajduje się przystanek autobusowy Brynów Rzepkowa. Centrum Przesiadkowe Brynów znajduje się w odległości 300 metrów (4 min pieszo). Dojazd na rynek tramwajem zajmuje 16 min. W okolicy: - Przedszkole i żłobek 200 metrów (2 minuty pieszo), - Lidl 600 metrów (9 minut pieszo), - E. Leclerc 700 metrów (10 minut pieszo), - Galeria handlowa Libero 1 km (4 min samochodem), - Stacja kolejowa Katowice Ochojec 1 km (4 min samochodem), - Stacja kolejowa Katowice Ligota 1,5 km (6 min samochodem), - dobry dojazd do autostrady A4 i drogi DK81, Poza lasem otacząjącym osiedle w niedużej odległości znaleźć można tereny zielone i rekreacyjne jak Park Kościuszki czy Park Leśny, Basen Brynów, Basen Zadole oraz Basen ORW Rolna. Niedaleko znajduje się również Szpital Ochojec. Sprzedaż bezpośrednio od właściciela. Biura pośrednictwa nieruchomości proszę o niekontaktowanie się w sprawie tej oferty.",,tak,aneks,plastikowe,własność,"Wyposażenie: lodówka, piekarnik, suszarka, telewizor, tv, zmywarka",50.223386,18.997417
Katowice Kostuchna,ul. Zdzisława Hierowskiego,2,70,749000,10700,bez pośredników,,17,https://adresowo.pl/o/mieszkanie-katowice-kostuchna-ul-zdzislawa-hierowskiego-2-pokojowe-w4g0c3,https://s2.adresowa.pl/oi/6c/6b/403ff8_5cfd_cover@2x-2-pokojowe-mieszkanie-katowice-kostuchna-ul-zdzislawa-hierowskiego.webp,Katowice Kostuchna,Zdzisława Hierowskiego,1,2008,apartamentowiec,,"Oferta bezpośrednia od właściciela bez prowizji, cena do negocjacji Oferuję na sprzedaż przestronny 2 pokojowy apartament o powierzchni 70 m² usytuowany na 1 piętrze w apartamentowcu o niskiej zabudowie , co ważne z windą. Apartament składa się z niesamowicie przestronnego salonu z dużym aneksem kuchennym, i z wyjściem na duży balkon/taras, przedpokoju z dużą szafą pod zabudowę, niezależnej sypialni oraz łazienki z kabiną prysznicową i toaletą. Kabinę można wymienić na wannę - jest na to miejsce. Z balkonu roztacza się widok nie bezpośrednio na ulicę a na zieleń co dodaje uroku. Salon jest tak przestronny że można z niego wyodrębnić 3 niezależny pokój. Lokalizacja w urbanistycznym otoczeniu zapewnia łatwy dostęp do infrastruktury. To idealne miejsce dla osób ceniących wygodę i komfort. Każdy wie że osiedle Bażantów to bardzo ceniona lokalizacja w Katowicach. W okolicy jest dosłowne wszystko: sklepy, przychodnie, apteki, myjnie samochodowe, piekarnie, przedszkola , wymieniać można by było bez końca. Niskie koszty miesięczne dla zarządcy, bardzo dobrze wykonany budynek, grube mury dzięki czemu zimą jest ciepło a latem przyjemnie chłodno.",,,aneks,,własność,,50.196634,18.980438
Katowice Muchowiec,ul. Francuska,3,91,1399000,15374,Pośrednik,,7,https://adresowo.pl/o/mieszkanie-katowice-muchowiec-ul-francuska-3-pokojowe-o1l9n8,https://s2.adresowa.pl/oi/3c/1b/3c5b50_d0dc_cover@2x-3-pokojowe-mieszkanie-katowice-muchowiec-ul-francuska.webp,Katowice Muchowiec,Francuska,5,2017,apartamentowiec,,"BEZ PROWIZJI OD KUPUJĄCEGO Do sprzedania apartament 3-pokojowy z Balkonem w najlepszej okolicy Katowic! Miejsce parkingowe w garażu podziemnym, komórka lokatorska, Sauna Ogrzewanie Miejskie. Pełna własność z czystą KW. Zapraszam do kontaktu telefonicznego: [numer] Treść niniejszego ogłoszenia nie stanowi oferty handlowej w rozumieniu Kodeksu Cywilnego.",,tak,,plastikowe,własność,,50.23664,19.02602
Katowice Śródmieście,pl. Oddziałów Młodzieży Powstańczej,3,74,395000,5338,Pośrednik,,9,https://adresowo.pl/o/mieszkanie-katowice-srodmiescie-pl-oddzialow-mlodziezy-powstanczej-3-pokojowe-o7a6t6,https://s2.adresowa.pl/oi/3f/5f/3c5b48_f3fe_cover@2x-3-pokojowe-mieszkanie-katowice-srodmiescie-pl-oddzialow-mlodziezy-powstanczej.webp,Katowice Śródmieście,pl. Oddziałów Młodzieży Powstańczej,4,,kamienica,,"Do sprzedania mieszkanie 3-pokojowe zlokalizowane w odnowionej kamienicy przy samym dworcu PKP w ścisłym centrum Katowic. Mieszkanie można podzielić na 3-Pak - idealnie sprawdzi się jako inwestycja pod wynajem. Mieszkanie przy samym Pawilonie wejściowym do dworca PKP, który niedługo będzie przechodził całkowitą modernizację. Nowa instalacja miejskiego ogrzewania wraz z grzejnikami i podzielnikami. Mieszkanie składa się z WC, Łazienki, Kuchni, Przedpokoju oraz trzech przestronnych pokoi. Odnowiona Kamienica po termomodernizacji zarówno frontowej jak i tylnej elewacji, przy samym Dworcu. Duży Parking za budynkiem. Schludna klatka schodowa. Budynek po wymianie instalacji. Mieszkanie w stanie do remontu. Pełna własność. Zapraszam do kontaktu telefonicznego: [numer] Treść niniejszego ogłoszenia nie stanowi oferty handlowej w rozumieniu Kodeksu Cywilnego.",,,,,własność,,50.25672,19.01601
Katowice,Śródmieście,2,44,902000,20500,bez pośredników,,8,https://adresowo.pl/o/mieszkanie-katowice-srodmiescie-2-pokojowe-44-m2-g9i2e2,https://s2.adresowa.pl/oi/32/7e/403526_7ab4_cover@2x-2-pokojowe-mieszkanie-katowice-srodmiescie.webp,Katowice Śródmieście,,18,,apartamentowiec,,"Na sprzedaż wyjątkowy apartament inwestycyjny o powierzchni 44 m², zlokalizowany na 18. piętrze prestiżowej inwestycji Global Office Park (Global Apartments) w samym centrum Katowic. To doskonała propozycja zarówno dla osób poszukujących komfortowego apartamentu w standardzie premium, jak i inwestorów szukających gotowego produktu pod wynajem. NAJWIĘKSZE ATUTY APARTAMENTU: • 18. piętro - spektakularny widok na panoramę Katowic, • duże przeszklenia i okna na całą wysokość pomieszczeń, • wysoki, premium standard wykończenia, • klimatyzacja, • ogrzewanie podłogowe, • elegancka zabudowa stolarska wykonana na wymiar, • wysokiej klasy sprzęt AGD, • funkcjonalna i nowoczesna aranżacja, • gotowy do zamieszkania lub rozpoczęcia wynajmu, • apartament nigdy wcześniej nie był zamieszkany. GLOBAL OFFICE PARK Global Office Park to jedna z najbardziej prestiżowych i rozpoznawalnych inwestycji w Katowicach. Nowoczesna architektura, doskonała lokalizacja oraz bliskość najważniejszych punktów miasta sprawiają, że nieruchomość świetnie sprawdzi się jako inwestycja długoterminowa. Apartament może być idealnym rozwiązaniem pod: • najem krótkoterminowy (np. Airbnb / Booking), • najem korporacyjny, • najem długoterminowy, • bezpieczną lokatę kapitału, • własne cele mieszkaniowe. DODATKOWO Do apartamentu dostępne jest miejsce parkingowe w garażu podziemnym, dodatkowo płatne - 65 000 zł. LOKALIZACJA - CENTRUM KATOWIC Apartament znajduje się w ścisłym centrum miasta, w bezpośrednim sąsiedztwie najważniejszych atrakcji, obiektów biznesowych i komunikacyjnych. W pobliżu znajdują się m.in.: • Spodek, • Dworzec PKP i PKS, • centrum przesiadkowe, • Strefa Kultury, • liczne biurowce i centra biznesowe, • restauracje, kawiarnie i sklepy. Doskonała komunikacja zapewnia szybki i wygodny dostęp do pozostałych części Katowic oraz całej aglomeracji śląskiej. Sprzedaż bezpośrednio od właściciela - bez prowizji. Zapraszam do kontaktu oraz na prezentację apartamentu. To wyjątkowa nieruchomość dla osób, które cenią nowoczesny standard, prestiżową lokalizację i potencjał inwestycyjny.",,tak,,,,Wyposażenie: klimatyzacja,50.257,19.017099
Katowice os. Tysiąclecia,ul. Ułańska,1,39,360000,9231,bez pośredników,,23,https://adresowo.pl/o/mieszkanie-katowice-os-tysiaclecia-ul-ulanska-1-pokoj-y5c2m5,https://s2.adresowa.pl/oi/10/71/403252_f833_cover@2x-1-pokojowe-mieszkanie-katowice-os-tysiaclecia-ul-ulanska.webp,Katowice os. Tysiąclecia,Ułańska,9,,blok,,"Na sprzedaż mieszkanie - Katowice Cena: 360 000 zł - do negocjacji Na sprzedaż funkcjonalne mieszkanie o powierzchni około 39 m², zlokalizowane na 9. piętrze. Najważniejsze atuty: - duży balkon, - nowe drzwi wejściowe, - nowa szafa w zabudowie w przedpokoju, - nowy piecyk gazowy w łazience - na gwarancji, - komórka gospodarcza, - bardzo dobra lokalizacja, - bliskość Parku Śląskiego, - bardzo dobra komunikacja - przystanki autobusowe i tramwajowe w pobliżu. Opis mieszkania: Mieszkanie do odświeżenia, dające możliwość aranżacji wnętrza według własnego gustu. W pokoju, kuchni oraz przedpokoju wykonano gładzie na ścianach. W kuchni i przedpokoju znajdują się sufity podwieszane. W przedpokoju znajduje się nowa szafa w zabudowie oraz nowe drzwi wejściowe. W pokoju znajduje się duża wnęka, którą można przeznaczyć na przestronną szafę. W kuchni, łazience i przedpokoju na podłodze znajdują się kafelki. W pokoju położone są panele, które wymagają wymiany. Okna są do wymiany, co zostało uwzględnione w cenie mieszkania. Mieszkanie posiada duży balkon, stanowiący dodatkową przestrzeń do wypoczynku. W łazience zamontowano nowy piecyk gazowy objęty gwarancją. Do mieszkania przynależy komórka gospodarcza. Mieszkanie nie posiada piwnicy. Lokalizacja: Bardzo dobra lokalizacja i rozwinięta infrastruktura w bezpośrednim sąsiedztwie. Pod blokiem znajdują się m.in.: - Biedronka, - apteka, - fryzjer, - pizzeria, - plac zabaw, - liczne sklepy i punkty usługowe. Dużym atutem jest bardzo bliska odległość od Parku Śląskiego, który zapewnia świetne możliwości spacerów, rekreacji i aktywnego wypoczynku. Mieszkanie ma również bardzo dobrą komunikację - w pobliżu znajdują się przystanki autobusowe i tramwajowe, a także główna droga zapewniająca dogodny dojazd w różnych kierunkach. Cena: 360 000 zł - do negocjacji. Zapraszam do kontaktu i umówienia się na prezentację.",tak,,,,,,50.285139,18.968138
Katowice Załęska Hałda,ul. Brynowska,3,67,479000,7149,bez pośredników,,12,https://adresowo.pl/o/mieszkanie-katowice-zaleska-halda-ul-brynowska-3-pokojowe-w6d0m8,https://s2.adresowa.pl/oi/55/1e/40278a_3146_cover@2x-3-pokojowe-mieszkanie-katowice-zaleska-halda-ul-brynowska.webp,Katowice Załęska Hałda,Brynowska,8,1976,blok,,"Na sprzedaż bezpośrednio od właściciela funkcjonalne, 3-pokojowe mieszkanie o łącznej powierzchni 67 m² z pełną swobodą własnej aranżacji. Mieszkanie zlokalizowane jest przy ul. Brynowskiej na 8 piętrze w 11-piętrowym bloku z windą. Bez umeblowania. Z wszystkich okien (ekspozycja południowa i wschodnia) roztacza się niczym nieprzesłonięty panoramiczny widok (przy dobrej pogodzie panorama Beskidów). W skład mieszkania wchodzą: - 3 ustawne pokoje - Odrębna, widna kuchnia - Łazienka z WC - Przedpokój - Pomieszczenie gospodarcze / garderoba - Balkon Do mieszkania przynależy piwnica o powierzchni 2,4 m². W budynku w tym roku zostały wymienione piony wodno-kanalizacyjne. Doskonała lokalizacja: - przystanek autobusowy i tramwajowy - szybki dojazd do centrum w 10 minut! W pobliżu: - sklepy spożywcze: ALDI, Biedronka, Żabka, piekarnia z cukiernią - przedszkole i plac zabaw - punkty gastronomiczne - punkty usługowe - fryzjer, kosmetyka, siłownia - tereny rekreacyjne - Park Kościuszki oraz Katowicki Park Leśny (oba 15 min pieszo), basen kryty przy Parku Kościuszki, kąpielisko Rolna Sprzedaż bezpośrednia - brak prowizji! Biurom nieruchomości, pośrednikom i flipperom serdecznie dziękuję - proszę nie dzwonić. Zapraszam do kontaktu i oglądania mieszkania klientów indywidualnych.",tak,,,plastikowe,,,50.236019,18.994866
Katowice Śródmieście,ul. Barbary,1,25,299000,11960,Pośrednik,,6,https://adresowo.pl/o/mieszkanie-katowice-srodmiescie-ul-barbary-1-pokoj-q4s2a8,https://s2.adresowa.pl/oi/2a/5a/3bd91a_ee94_cover@2x-1-pokojowe-mieszkanie-katowice-srodmiescie-ul-barbary.webp,Katowice Śródmieście,Barbary,parter,,kamienica,,"Do sprzedania Mieszkanie z antresolą zlokalizowane na wysokim parterze w Kamienicy w świetnej lokalizacji Katowic przy ul. Świętej Barbary. Najlepsza lokalizacja w Centrum oraz przy Parku Kościuszki! Całą zabudowa Kuchenna, Łazienkowa, Antresola oraz wszelkiego rodzaju szafy robione na wymiar na zamówienie u stolarza, co gwarantuje świetne wykorzystanie każdego centymetra przestrzeni. Parking za bramą na pilota dla mieszkańców za budynkiem. Ogrzewanie oraz Ciepła woda z sieci miejskiej! Świeżo wyremontowana klatka schodowa. Nieruchomość sprzedawana w stanie po generalnym remoncie w wysokim standardzie, gotowa pod wynajem lub do zamieszkania z pełnym umeblowaniem oraz AGD. Świetna lokalizacja inwestycyjna nadająca się idealnie pod najem Długo oraz Krótko-Terminowy typu Booking, Airbnb itp. W najbliższej odległości również wszelkie inne niezbętne punkty usługowe. W razie pytań proszę o kontakt telefoniczny: [numer] Treść niniejszego ogłoszenia nie stanowi oferty handlowej w rozumieniu Kodeksu Cywilnego.",,tak,,plastikowe,własność,,50.2497,19.0084
Katowice,ul. Gliwicka,3,45,299999,6667,Pośrednik,,6,https://adresowo.pl/o/mieszkanie-katowice-ul-gliwicka-3-pokojowe-q8s9t1,https://s2.adresowa.pl/oi/5c/31/3bd918_ab87_cover@2x-3-pokojowe-mieszkanie-katowice-ul-gliwicka.webp,Katowice ,Gliwicka,2,,,,"Na sprzedaż mieszkanie 3-Pokojowe w Centrum Katowic przy ul. Gliwickiej zaraz przy skrzyżowaniu z ul. Bocheńskiego. Nieruchomość po generalnym remoncie wykończona w wysokim standardzie. Obecnie wynajmowana na pokoje, generująca stały dochód na poziomie niemalże 10% ROI (2400 zł miesięcznie na czysto) Budynek ogrodzony oraz oddalony od głównej ulicy co zapewnia ciszę. Nowo wybrukowany podjazd oraz parking dla mieszkańców za bramą na pilota. Możliwość zakupu również pustego mieszkania. Zapraszam do kontaktu : [numer] Treść niniejszego ogłoszenia nie stanowi oferty handlowej w rozumieniu Kodeksu Cywilnego.",,tak,,,,,50.26755,18.98863
Katowice,Koszutka,3,58,519000,8948,bez pośredników,,8,https://adresowo.pl/o/mieszkanie-katowice-koszutka-3-pokojowe-58-m2-c4v3r8,https://s2.adresowa.pl/oi/44/2f/40239c_98eb_cover@2x-3-pokojowe-mieszkanie-katowice-koszutka.webp,Katowice Koszutka,,7,,blok,,"Widokowe, komfortowe, w pełni wyposażone mieszkanie 3-pokojowe z balkonem - gotowe do zamieszkania. Na sprzedaż funkcjonalne i w pełni wyposażone mieszkanie 3-pokojowe, położone na 7. piętrze budynku mieszkalnego, zlokalizowanego bezpośrednio nad jednym ze stawów w Dolinie Pięciu Stawów w Katowicach. Lokal stanowi doskonałą propozycję zarówno dla rodziny, pary, jak i osób poszukujących nieruchomości gotowej do natychmiastowego zamieszkania lub jako inwestycji pod wynajem. Mieszkanie wyróżnia się praktycznym układem pomieszczeń, oddzielną kuchnią, balkonem oraz pełnym wyposażeniem, dzięki czemu nowy właściciel może wprowadzić się bez konieczności ponoszenia dodatkowych kosztów związanych z podstawowym wyposażeniem lokalu. Mieszkanie przeszło generalny remont 3 lata temu. W skład mieszkania wchodzą: * Przestronny salon, stanowiący centralną część mieszkania, z wygodnym przejściem do kuchni, wyposażony w drewniane, białe ludwikowskie meble: stół jadalny i 6 krzeseł, witrynę, szafkę RTV oraz granatową welurową kanapę. * Dwie osobne sypialnie, które zapewniają komfort i prywatność domownikom. * Oddzielna kuchnia, funkcjonalnie zorganizowana i wyposażona w sprzęty AGD: kuchenkę, zmywarkę oraz lodówkę. * Balkon, dostępny z większej sypialni. * Pomieszczenia dodatkowe, zapewniające dodatkową przestrzeń do przechowywania, w tym nowoczesną szafę w zabudowie. Przemyślany rozkład pomieszczeń pozwala na wygodne oddzielenie strefy dziennej od prywatnej. Mieszkanie jest gotowe do zamieszkania od razu, bez konieczności ponoszenia dodatkowych nakładów finansowych. To idealna propozycja dla osób, które nie chcą tracić czasu na kompletowanie mebli czy podstawowego wyposażenia. Dużym atutem nieruchomości jest również ogrzewanie oraz dostawa wody z sieci miejskiej, co zapewnia wygodę codziennego użytkowania i stabilne rozwiązania w zakresie podstawowych mediów. Dodatkowe atuty: * 3 niezależne pokoje, * 2 sypialnie wyposażone w łóżka i szafy, * osobna kuchnia, * salon z wygodnym przejściem do kuchni, * balkon przy większej sypialni, * 7. piętro - dostęp do dwóch wind, * wejście do windy bezpośrednio, bez schodów, * ogrzewanie miejskie, * woda z sieci miejskiej, * mieszkanie w pełni wyposażone, * możliwość natychmiastowego zamieszkania, * dodatkowa przestrzeń do przechowywania w postaci pomieszczenia przynależnego. To mieszkanie łączy funkcjonalność, wygodny układ oraz gotowość do zamieszkania. Trzy pokoje pozwalają na komfortowe zaaranżowanie przestrzeni dla rodziny, stworzenie gabinetu do pracy czy wykorzystanie jednego z pokoi jako dodatkowej sypialni. Zapraszamy do kontaktu oraz na prezentację mieszkania. Oferta jest prywatna. Pośrednikom z góry dziękuję. Po więcej informacji zapraszam pod numer tel.",,,osobna,,,"Wyposażenie: kuchenkę, lodówkę, tv, zmywarkę",50.271,19.021999
Katowice Piotrowice,ul. Bażantów,3,48,610000,12708,bez pośredników,,11,https://adresowo.pl/o/mieszkanie-katowice-piotrowice-ul-bazantow-3-pokojowe-u6t1r1,https://s2.adresowa.pl/oi/45/77/402268_be97_cover@2x-3-pokojowe-mieszkanie-katowice-piotrowice-ul-bazantow.webp,Katowice Piotrowice,Bażantów,7,2021,blok,,"Gotowe do zamieszkania, bezczynszowe mieszkanie na prywatnym Osiedlu Bażantów - blok 24. NAJWAŻNIEJSZE INFORMACJE • 48 m² • 3 pokoje • mieszkanie rogowe • gotowe do zamieszkania • w pełni wyposażone • prywatny parking za szlabanem • budynek bez instalacji gazowej • opłaty administracyjne ok. 500 zł/mies. • cena: 610 000 zł FUNKCJONALNY UKŁAD Salon z aneksem kuchennym - jasna, nowoczesna przestrzeń z dużą wyspą i zabudową kuchenną w czarnym macie. Sypialnia - przytulna, z dużymi przeszkleniami i głęboką zielenią na ścianach. Dodatkowy pokój - funkcjonalna przestrzeń z możliwością urządzenia gabinetu do pracy lub pokoju dziecięcego. Łazienka - wanna, eleganckie płytki w stylu czarno-białego marmuru. Przedpokój - beton architektoniczny + duża szafa w zabudowie. PRYWATNY PARKING Duży prywatny parking dla mieszkańców, zabezpieczony szlabanem. LOKALIZACJA Osiedle Bażantowo to jedno z najbardziej cenionych miejsc do życia w Katowicach, często określane mianem ""miasta w mieście"". To miejsce, w którym wszystko, czego potrzebujesz na co dzień, masz w zasięgu ręki - sklepy, usługi, gastronomię, rekreację oraz komunikację. Jednocześnie osiedle zapewnia spokojną i kameralną atmosferę. 200 m - Biedronka i Stokrotka 10 min - samochodem do centrum Katowic 25 min - komunikacją miejską do centrum przystanek autobusowy - tuż obok osiedla NISKIE KOSZTY UTRZYMANIA Mieszkanie jest bezczynszowe. Opłaty administracyjne: około 500 zł miesięcznie (woda, śmieci, sprzątanie części wspólnych, fundusz remontowy). 610 000 ZŁ | 48 m² | 3 POKOJE Gotowe do zamieszkania. Bez remontu. PARKING. W jednej z najbardziej komfortowych części Katowic. Zapraszam do kontaktu i umówienia prezentacji. bez pośredników",,,aneks,,własność,,50.201635,18.987012
Katowice,os. Tysiąclecia,1,28,280000,10000,bez pośredników,,1,https://adresowo.pl/o/mieszkanie-katowice-os-tysiaclecia-1-pokoj-28-m2-u1s4i4,https://s2.adresowa.pl/oi/68/68/40204a_54d5_cover@2x-1-pokojowe-mieszkanie-katowice-os-tysiaclecia.webp,Katowice os. Tysiąclecia,,3,,blok,,"Sprzedam kawalerkę na osiedlu Tysiąclecia w Katowicach. Blok bardzo dobrze posadowiony, blisko przystanki komunikacji miejskiej, blisko parku, na osiedlu pełna infrastruktura. Mieszkanie mieści się na 3 piętrze, jest umeblowane i wyposażone, świetne do samodzielnego zamieszkania, jak i pod inwestycję. Lokal składa się z pokoju, kuchni, przedpokoju i łazienki, posiada balkon i piwnicę. Ogrzewanie miejskie, ciepła woda z piecyka gazowego. Zapraszam do kontaktu.",tak,,,,,,50.278957,18.974086
Katowice Dolina Trzech Stawów,ul. Szybowcowa,4,88,1190000,13523,Pośrednik,,33,https://adresowo.pl/o/mieszkanie-katowice-dolina-trzech-stawow-ul-szybowcowa-4-pokojowe-s2e7y9,https://s2.adresowa.pl/oi/43/52/3b8468_e49c_cover@2x-4-pokojowe-mieszkanie-katowice-dolina-trzech-stawow-ul-szybowcowa.webp,Katowice Dolina Trzech Stawów,Szybowcowa,3,2024,apartamentowiec,,"Przedstawiam ofertę sprzedaży Apartamentu w Katowicach - Dolina Trzech Stawów - FRANCUSKA PARK ul. Szybowcowa. Mieszkanie jest w stanie deweloperskim i składa się z: - Duży przestronny przedpokój 11,74m2 - Garderoba 3,16m2 - Pokój 12,35m2 - Pokój 10,66m2 - Pokój 10,69m2 z wyjściem na duży taras 26,99m2 - Salon z Aneksem Kuchennym 29,28m2 + wyjście na taras 26,99m2 - Łazienka 4,90m2 - Toaleta 2,07m2 + Podwójne miejsce parkingowe dodatkowo płatne 100 000zł + Komórka lokatorska 2,73m2 dodatkowo płatna 15 000zł Atutem nieruchomości jest duży taras 26,99m2 - 2 wyjścia z salonu + z jednego z pokoi. Widok w stronę ul. Francuskiej oraz osiedla. Strony świata (południe i wschód - apartament jest bardzo dobrze doświetlony) Doskonała lokalizacja - obok tereny rekreacyjne - Dolina Trzech Stawów. Blisko trasa A4 oraz dostęp do Centrum Miasta. Zapraszam na prezentację w wybranym terminie Pośrednik odpowiedzialny zawodowo za wykonanie umowy pośrednictwa: Leszek Czura (licencja nr: 14431/22284) -------------------------- OFERUJEMY BEZPŁATNĄ POMOC W UZYSKANIU KREDYTU HIPOTECZNEGO. UMÓW SIĘ Z NASZYM DORADCĄ JUŻ DZIŚ! POLUB NASZ PROFIL NA FACEBOOK – CODZIENNIE NOWE OFERTY!! UWAGA: Prezentowana oferta nieruchomości sporządzona została na podstawie dokumentów oraz oświadczeń uzyskanych od właściciela podczas oględzin nieruchomości, ma charakter informacyjny, nie stanowi oferty handlowej w rozumieniu Art.66 par.1 Kodeksu Cywilnego. 1. USŁUGA POŚREDNICTWA JEST USŁUGĄ ODPŁATNĄ. (Art. 179b. Ustawy o Gospodarce Nieruchomościami ""Pośrednictwo w obrocie nieruchomościami polega na odpłatnym wykonywaniu czynności zmierzających do zawarcia przez inne osoby umów: 1)nabycia lub zbycia praw do nieruchomości; 2)nabycia lub zbycia spółdzielczego własnościowego prawa do lokalu; 3)najmu lub dzierżawy nieruchomości lub ich części; 4)innych niż określone w pkt 1–3, których przedmiotem są prawa do nieruchomości lub ich części."" 2. ZA OBEJRZENIE DANEJ NIERUCHOMOŚCI BIURO NIE POBIERA ŻADNYCH OPŁAT, wymagane jednak jest zawarcie umowy pośrednictwa i określenie wynagrodzenia biura w razie dojścia do transakcji.",tak,tak,aneks,,własność,,50.247751,19.047218
Katowice Śródmieście,ul. Juliusza Słowackiego,1,28,320000,11429,Pośrednik,,8,https://adresowo.pl/o/mieszkanie-katowice-srodmiescie-ul-juliusza-slowackiego-1-pokoj-w5d4q2,https://s2.adresowa.pl/oi/36/70/3b075c_bc36_cover@2x-1-pokojowe-mieszkanie-katowice-srodmiescie-ul-juliusza-slowackiego.webp,Katowice Śródmieście,Juliusza Słowackiego,3,,kamienica,,"Do sprzedania Mieszkanie zlokalizowane w Pięknej Kamienicy w ścisłym śródmieściu Katowic przy ul. Słowackiego niedaleko Rynku i zaraz obok Galerii Katowickiej. Nieruchomość sprzedawana w stanie po generalnym remoncie w wysokim standardzie, gotowa pod wynajem lub do zamieszkania z pełnym umeblowaniem oraz AGD w tym zmywarka,pralka itp Cena obejmuję generalny remont wraz z wymianą wszystkich instalacji. Świetna lokalizacja inwestycyjna nadająca się idealnie pod najem Długo oraz Krótko-Terminowy typu Booking, Airbnb itp. Świetny układ z wykuszem i oknem na całą ścianę. W najbliższej odległości również wszelkie inne niezbętne punkty usługowe. Remont mieszkania obejmował: - nowa instalacja elektryczna/hydrauliczna w całym mieszkaniu - ścianki działowe - gładzie na ścianach - malowanie - okna plastikowe - nowe drzwi wejściowe antywłamaniowe - drzwi wewnętrzne -panele / salon -kuchnia na wymiar z pełnym wyposażeniem AGD - Nowa instalacja ogrzewania podłogowego na podczerwień (tańsze niż gazowe) - łazienka -płytki kuchnia/łazienka - Zabudowa oraz wszystkie meble i sprzęty są zawarte w cenie mieszkania. -Możliwość zakupu mieszkania bez wyposażenia (łóżko szafki szafy sofa stolik itd) W razie pytań proszę o kontakt telefoniczny: [numer] Treść niniejszego ogłoszenia nie stanowi oferty handlowej w rozumieniu Kodeksu Cywilnego.",,,,plastikowe,własność,"Wyposażenie: pralka, zmywarka",50.26047,19.01579
Katowice Bogucice,ul. ks. Franciszka Blachnickiego,3,61,659000,10803,bez pośredników,,28,https://adresowo.pl/o/mieszkanie-katowice-bogucice-ul-ks-franciszka-blachnickiego-3-pokojowe-g0o1d4,https://s2.adresowa.pl/oi/65/68/401896_bf22_cover@2x-3-pokojowe-mieszkanie-katowice-bogucice-ul-ks-franciszka-blachnickiego.webp,Katowice Bogucice,ks. Franciszka Blachnickiego,9,1990,blok,,"Szukasz mieszkania, do którego możesz wprowadzić się bez konieczności przeprowadzenia generalnego remontu? Na sprzedaż bezpośrednio od właściciela (bez dodatkowej prowizji), 3-pokojowe mieszkanie o powierzchni 61 m², położone na 9. piętrze budynku z dużą windą, przy ul. Blachnickiego w Katowicach-Bogucicach. To wygodne miejsce dla osób, które chcą mieszkać blisko centrum i Strefy Kultury, a jednocześnie cenią spokojne otoczenie, dostęp do zieleni i funkcjonalny układ na co dzień. Ekspozycja mieszkania wschód-zachód zapewnia dostęp do naturalnego światła o różnych porach dnia. Mieszkanie po generalnym remoncie, który objął m.in. wymianę instalacji elektrycznej, wodno-kanalizacyjnej, gazowej. Dzięki temu nowy właściciel nie musi rozpoczynać od kosztownych i uciążliwych prac instalacyjnych. W 2024 roku dodatkowo poprawiono komfort termiczny mieszkania: wymieniono okna na trzyszybowe z firmy Komsta, zamontowano klimatyzację Sinclair o mocy 3,5 kW. To rozwiązania, które sprawdzają się zarówno podczas letnich upałów, jak i zimą. Najważniejsze cechy Na powierzchni 61 m² znajdują się: Przestronny salon o wystawie zachodniej z klimatyzacją oraz wyjściem na duży, około 6-metrowy balkon. To dodatkowa przestrzeń do odpoczynku, wypicia porannej kawy lub stworzenia własnego zielonego zakątka. Zamontowane na balkonie markizy pozwalają korzystać z niego także w bardziej słoneczne dni. Oddzielna, funkcjonalna kuchnia z zabudową meblową na wymiar, zaprojektowana z myślą o maksymalnym wykorzystaniu przestrzeni. Sypialnia z około 4-metrową szafą wykonaną na wymiar. Dodatkowy pokój, który może pełnić funkcję gabinetu, pokoju dziecięcego lub pokoju gościnnego. Łazienka z meblami wykonanymi na wymiar i wyposażeniem sanitarnym. Osobna toaleta z zabudowaną szafką i wyposażeniem sanitarnym. Wydzielona garderoba z zabudową na wymiar. Przedpokój. Przemyślany układ, osobna garderoba oraz zabudowy na wymiar zapewniają dużo miejsca do przechowywania i pomagają zachować porządek bez konieczności dostawiania kolejnych szaf. W mieszkaniu pozostają elementy zabudowy stałej oraz sprzęty kuchenne: płyta gazowa, piekarnik i zmywarka. To oferta typu „wejdź i mieszkaj” – wystarczy uzupełnić wyposażenie o kilka podstawowych mebli i można od razu cieszyć się komfortem własnego mieszkania. Do mieszkania przynależy również piwnica o powierzchni około 3 m², zapewniająca dodatkowe miejsce na rowery, sprzęt sportowy lub rzeczy używane sezonowo. W budynku znajduje się duża winda, co ułatwia codzienne poruszanie się, przewożenie zakupów, wózka dziecięcego czy większych przedmiotów. Bezpłatny parking przy bloku Przy budynku znajduje się duży, bezpłatny parking, na którym bez żadnych problemów można znaleźć wolne miejsce postojowe. Dzięki temu nie ma konieczności kupowania ani wynajmowania osobnego miejsca parkingowego. Dodatkowo, około 5 minut pieszo od budynku znajduje się parking strzeżony. Blisko centrum, ale również blisko zieleni Mieszkanie znajduje się w zielonej i spokojnej części Bogucic, w bliskim sąsiedztwie Pierwszej Dzielnicy i Strefy Kultury. To lokalizacja dla osób, które chcą korzystać z możliwości centrum miasta, ale po powrocie do domu nadal mieć dostęp do spokojniejszego i bardziej zielonego otoczenia. Orientacyjne odległości: około 15 minut pieszo do MCK i Spodka, około 10 minut pieszo do najbliższego przystanku autobusowego, który zapewnia wygodny dojazd do centrum i innych części Metropolii GZM około 2,5 km do Rynku w Katowicach, czyli około 10 minut rowerem, 10 minut samochodem lub 35 minut pieszo, około 2,7 km do Dworca PKP w Katowicach. bliskość węzłów DK79 i DK86 pozwala także sprawnie poruszać się samochodem po Katowicach i pozostałej części aglomeracji. Zieleń i rekreacja Okolica oferuje dużo terenów zielonych i możliwości aktywnego wypoczynku: około 10 minut pieszo do Hałdy Wełnowieckiej, około 15 minut pieszo do niedawno zrewitalizowanego Parku Wełnowieckiego, w pobliżu znajduje się także ogrodzone i oświetlone boisko wielofunkcyjne, wybieg dla psów oraz place zabaw. To dobre połączenie miejskiej wygody z możliwością szybkiego wyjścia na spacer, przejażdżkę rowerową lub aktywność na świeżym powietrzu. Codzienna wygoda w najbliższej okolicy W pobliżu znajdują się między innymi: Aldi z ładowarką dla samochodów elektrycznych na parkingu, Biedronka, Lidl i Rossmann, Targowisko Miejskie przy ul. Katowickiej, Automaty paczkowe m.in. InPost i Allegro One Box, Filia Biblioteki Miejskiej, Przedszkole i szkoła podstawowa, Szpital Zakonu Bonifratrów przy ul. Markiefki. Dzięki temu codzienne zakupy, odbiór przesyłek oraz wiele podstawowych spraw można załatwić w najbliższej okolicy. Internet i telewizja Mieszkanie ma przygotowaną infrastrukturę do podłączenia internetu i telewizji kablowej. Kabel koncentryczny oraz przewód Ethernetowy zostały doprowadzone do mieszkania z korytarza. W budynku dostępne są usługi m.in. Play (dawne UPC), Orange, Netii i Vectry. To praktyczne rozwiązanie również dla osób pracujących z domu i potrzebujących stabilnego połączenia internetowego. Opłaty Miesięczne opłaty administracyjne wynoszą obecnie około 1270 zł. Dodatkowo płatne są media według zużycia. Zdjęcia zamieszczone w ogłoszeniu przedstawiają aktualny, rzeczywisty wygląd mieszkania. Nie zostały wygenerowane ani zmodyfikowane przy użyciu sztucznej inteligencji. Zapraszam do kontaktu i umówienia się na prezentację mieszkania. Niniejsze ogłoszenie ma charakter wyłącznie informacyjny i nie stanowi oferty w rozumieniu art. 66 § 1 Kodeksu cywilnego, lecz zaproszenie do zawarcia umowy zgodnie z art. 71 Kodeksu cywilnego.",tak,tak,aneks,plastikowe,własność,"Wyposażenie: internet, piekarnik, zmywarka",50.274602,19.036393
Katowice Wełnowiec,ul. Bytkowska,4,73,1300000,17808,bez pośredników,,15,https://adresowo.pl/o/mieszkanie-katowice-welnowiec-ul-bytkowska-4-pokojowe-j1f5k4,https://s2.adresowa.pl/oi/34/46/4010c4_8906_cover@2x-4-pokojowe-mieszkanie-katowice-welnowiec-ul-bytkowska.webp,Katowice Wełnowiec,Bytkowska,parter,2025,apartamentowiec,,"Na sprzedaż przestronne, funkcjonalne mieszkanie z imponującym ogrodem o powierzchni 380 m², położone przy ul. Bytkowskiej w Katowicach - tuż przy Parku Śląskim. To idealna propozycja dla osób, które marzą o komforcie mieszkania w mieście, a jednocześnie chcą cieszyć się prywatną zieloną przestrzenią. Mieszkanie jest w pełni wykończone - wystarczy je umeblować i można od razu zamieszkać. Dodatkowym atutem jest klimatyzacja, która zapewnia komfort w upalne dni. Układ pomieszczeń: - przestronny salon z aneksem kuchennym i wyjściem do ogrodu, - 3 niezależne pokoje - idealne jako sypialnie, pokoje dziecięce lub gabinet, - w pełni wykończona łazienka, - praktyczne pomieszczenie gospodarcze przygotowane pod pralnię i suszarnię, z możliwością urządzenia garderoby, - funkcjonalny przedpokój z miejscem na dużą zabudowaną szafę. Największym atutem nieruchomości jest prywatny ogród o powierzchni aż 380 m², który daje nieograniczone możliwości aranżacji. Lokalizacja Mieszkanie znajduje się w jednej z najbardziej atrakcyjnych części Katowic. Bezpośrednie sąsiedztwo Parku Śląskiego zapewnia dostęp do terenów rekreacyjnych, ścieżek rowerowych i spacerowych oraz licznych atrakcji. W najbliższej okolicy znajdują się: - Park Śląski, - Zoo, - Wesołe Miasteczko Legendia, - Stadion Śląski, - liczne ścieżki rowerowe i tereny rekreacyjne, - sklepy spożywcze i punkty usługowe, - przedszkola, szkoły i żłobki, - przystanki komunikacji miejskiej, - szybki dojazd do centrum Katowic, Chorzowa oraz głównych tras A4, DTŚ i S86. Informacje dodatkowe ● Miejsce postojowe w hali garażowej - dodatkowo płatne 40 000 zł. ● Komórka lokatorska - dodatkowo płatna 10 000 zł. To mieszkanie doskonale sprawdzi się zarówno dla rodzin z dziećmi, jak i osób ceniących przestrzeń, komfort oraz bliskość natury przy zachowaniu wszystkich udogodnień miejskiego życia. Zapraszam do kontaktu i umówienia prezentacji!",tak,tak,aneks,plastikowe,własność,Wyposażenie: klimatyzacja,50.288226,19.00632
Katowice Dąb,ul. Dębowa,2,52,399000,7673,bez pośredników,,5,https://adresowo.pl/o/mieszkanie-katowice-dab-ul-debowa-2-pokojowe-a8f7r7,https://s2.adresowa.pl/oi/68/25/400244_333d_cover@2x-2-pokojowe-mieszkanie-katowice-dab-ul-debowa.webp,Katowice Dąb,Dębowa,1,1940,kamienica,,"Blisko park slaski, blisko silesia city center, blisko przystanek tramwajowy i przystanek autobusowy. Blisko centrum Katowic",tak,,osobna,plastikowe,własność,,50.274792,19.000151
Katowice Józefowiec,ul. prof. Jana Mikusińskiego,2,42,473000,11262,Pośrednik,,9,https://adresowo.pl/o/mieszkanie-katowice-jozefowiec-ul-prof-jana-mikusinskiego-2-pokojowe-u1n6p9,https://s2.adresowa.pl/oi/5c/43/3af128_2b0e_cover@2x-2-pokojowe-mieszkanie-katowice-jozefowiec-ul-prof-jana-mikusinskiego.webp,Katowice Józefowiec,prof. Jana Mikusińskiego,3,2025,blok,,"Zapraszamy do zapoznania się z ofertą nowego, słonecznego, dwupokojowego mieszkania w stanie deweloperskim, zlokalizowanego w kameralnej inwestycji Apartamenty Mikusińskiego w katowickiej dzielnicy Wełnowiec - Józefowiec. Najważniejsze atuty: • Brak podatku PCC 2% - oszczędność ok. 9 200 zł. • Wystawiana faktura VAT. • Budynek oddany do użytkowania w 2025 roku. • Ekspozycja zachodnia. • Okna salonu i sypialni skierowane na cichy dziedziniec. • Widok na dużą ilość zieleni. • Energooszczędna, trzywarstwowa stolarka okienna. Mieszkanie składa się z: - Salonu z aneksem kuchennym (20 m²), - Sypialni (13,3 m²), - Łazienki (4,5 m²), - Przedpokoju (3,5 m²), - Balkonu (3,04 m²), Powierzchnia mieszkania wynosi 42,56 m², lokal znajduje się na 2. piętrze. Budynek: Apartamenty Mikusińskiego to kameralna inwestycja zrealizowana przez JHM Development, zaprojektowana z myślą o komforcie codziennego życia oraz nowoczesnych rozwiązaniach sprzyjających oszczędnościom i ekologii. W budynku zastosowano panele fotowoltaiczne, które realnie wpływają na obniżenie kosztów administracyjnych ponoszonych przez mieszkańców. Dodatkowym atutem jest starannie zaprojektowana roślinność na dachach oraz w strefach parkingowych, podnosząca estetykę inwestycji i jakość całego otoczenia. Całość tworzy spójną i nowoczesną przestrzeń, która łączy funkcjonalność z dbałością o detale architektoniczne. Lokalizacja: Inwestycja położona jest w spokojnej i zielonej części dzielnicy Wełnowiec-Józefowiec, w miejscu, które łączy ciszę osiedlowej zabudowy z bardzo dobrym dostępem do infrastruktury miejskiej. W bezpośrednim sąsiedztwie znajdują się liczne tereny rekreacyjne, w tym Park Śląski oddalony o około 700 metrów, idealny do spacerów, aktywnego wypoczynku i spędzania czasu na świeżym powietrzu. Lokalizacja zapewnia równowagę między miejską dynamiką a spokojem potrzebnym do codziennego funkcjonowania. W niedalekiej odległości znajdują się również Silesia City Center, Spodek oraz szeroka oferta sklepów, punktów usługowych, szkół i obiektów sportowych. Bliskość ul. Józefowskiej oraz przystanków komunikacji miejskiej zapewnia szybki i wygodny dojazd do centrum Katowic. To sprawia, że nieruchomość jest atrakcyjna zarówno do zamieszkania, jak i jako inwestycja pod wynajem. Dodatkowe informacje: Istnieje możliwość wykończenia mieszkania według własnego projektu, co pozwala dopasować przestrzeń do indywidualnych potrzeb. Miejsce postojowe naziemne przed budynkiem jest dostępne za dodatkową opłatą w wysokości 25 000 zł. Zakup nieruchomości możliwy jest również z wykorzystaniem kredytu hipotecznego, a w razie potrzeby zapewniamy wsparcie w przeprowadzeniu wszystkich formalności. Zapraszamy do kontaktu w celu uzyskania dodatkowych informacji oraz umówienia się na prezentację Tekton Property to wielokrotnie nagradzane ogólnopolskie biuro nieruchomości. Łączymy siłę sieci działającej w 30 największych miastach Polski z unikalną znajomością lokalnych rynków. Wybierając współpracę z nami, zyskujesz: • Bezpieczeństwo i prawo: Pełna weryfikacja dokumentów, wgląd do umów i współpraca ze sprawdzonymi Notariuszami. • Kompleksowe wsparcie: Dedykowany agent na każdym etapie oraz bezpłatna pomoc doradcy kredytowego (oferta kilkunastu banków). • Wiedza rynkowa: Dostęp do realnych cen transakcyjnych z okolicy oraz autorskie analizy i raporty. Chcesz poznać szczegóły lub obejrzeć nieruchomość? Skontaktuj się z opiekunem oferty, poprowadzimy Cię bezpiecznie przez całą transakcję! Niniejsze ogłoszenie nie stanowi oferty handlowej w rozumieniu art. 66 Kodeksu Cywilnego i ma charakter informacyjny.",,tak,,,własność,,50.280989,19.015185
Katowice,ul. Starowiejska,2,31,399100,12874,Pośrednik,,7,https://adresowo.pl/o/mieszkanie-katowice-ul-starowiejska-2-pokojowe-t2m1p7,https://s2.adresowa.pl/oi/56/72/39aa22_daa0_cover@2x-2-pokojowe-mieszkanie-katowice-ul-starowiejska.webp,Katowice ,Starowiejska,2,,kamienica,,"OGLOSZENIE BIURA SPRZEDAŻY Nie płacisz prowizji Nowe, wyposażone mieszkania na sprzedaż w pięknej wyremontowanej kamienicy w ścisłym centrum. Top lokalizacja do zamieszkania i pod inwestycję. Starowiejska 2 - prestiżowy, adres z historią w nowoczesnej odsłonie. GOTOWIEC INWESTYCYJNY; WYSOKA STOPA ZWROTU ZE WZGLĘDU NA DWA POKOJE NA MAŁYM METRAŻU W TOP LOKALIZACJI Szukasz większego/mniejszego miezkania? mamy również inne mieszkania w tym budynku a także w innych lokalizacjach w Śródmieściu Katowic. Skontaktuj się ze mną po więcej szczegółów W CENIE PODANEJ W OGŁOSZENIU OTRZYMUJESZ NOWE, WYKOŃCZONE POD KLUCZ MIESZKANIE W WYSOKIM STANDARDZIE. GOTOWE DO ZAMIESZKANIA. INFORMACJE O MIESZKANIU: -UKŁAD: mieszkanie składa się z: salonu z aneksem kuchennym, sypialni, łazienki z kabiną prysznicową oraz przedpokoju -do mieszkania przynależy balkon z obłędnym widokiem -możliwość dokupienia komórki lokatorskiej/piwnicy STANDARD: -Mieszkania wykończone w wysokim standardzie I w pełni wyposażone -Budynek w pełni zrewitalizowany TOP LOKALIZACJA INWESTYCYJNA ZARÓWNO POD NAJEM DŁUGOTERMINOWY JAK I KRÓTKOTERMINOWY: W najbliższej odległości pełna infrastruktura, dobra komunikacja (tramwaje, autobusy, dworzec PKP i PKS) oraz niezbętne punkty usługowe. Ponadto w pobliżu znajdują się: -Rynek Główny: 2 min pieszo -Galeria Katowicka: 5 minut pieszo -Strefa Kultury (NOSPR, MCK, Muzeum Śląskie): 15 minut pieszo Kupujesz mieszkanie pod najem? Możliwość obsługi najmu w promocyjnej cenie - zadzwoń i zapytaj o szczegóły! Finansujesz mieszkanie kredytem? Nasz doradca finansowy NIEODPŁATNIE znajdzie dla Ciebie odpowiednią ofertę i pomoże w przejściu przez procedurę kredytową W razie pytań zapraszam do kontaktu: WE SPEAK ENGLISH (YOU CAN ALSO CONTACT ON WHATSAPP) Martyna Jagielska email: tel. Treść niniejszego ogłoszenia nie stanowi oferty handlowej w rozumieniu Kodeksu Cywilnego.",,,,,własność,,50.25804,19.02749
Katowice Piotrowice,ul. Marcina Radockiego,3,62,509000,8210,bez pośredników,,13,https://adresowo.pl/o/mieszkanie-katowice-piotrowice-ul-marcina-radockiego-3-pokojowe-y4h5z6,https://s2.adresowa.pl/oi/2d/1b/3ffb6e_8e9f_cover@2x-3-pokojowe-mieszkanie-katowice-piotrowice-ul-marcina-radockiego.webp,Katowice Piotrowice,Marcina Radockiego,8,1986,blok,,"Sprzedam mieszkanie na 8 piętrze w 8 - piętrowym bloku. Mieszkanie znajduje się w Piotrowicach na osiedlu Odrodzenia. Na powierzchnię 62,44m2 składają się: -kuchnia połączona z pokojem -duży pokój z balkonem -mały pokój -łazienka -toaleta -przedpokój W bloku jest piwnica, z której można korzystać. Piwnica znajduje się w tym samym bloku. Ogrzewanie mieszkania jest z sieci. W skład wyposażenia kuchni wchodzi płyta gazowa oraz piekarnik elektryczny. Atuty mieszkania/bloku: -ekspozycja na stronę południowo wschodnią oraz północno zachodnią -widok na otwartą przestrzeń sprawia, że mieszkanie jest widne -winda z poziomu -1 dojeżdżająca na 8 piętro, co umożliwia dotarcie do mieszkania bez konieczności korzystania z jakichkolwiek schodów -zadbana i duża klatka schodowa W pobliżu bloku znajdują się: -parkingi -kościół -przystanek autobusowy -liczne sklepy m.in. Stokrotka, Biedronka -apteki -kompleks handlowo sportowy Bażantów -kompleks handlowy Manhattan -szkoła podstawowa, przedszkole, żłobek -place zabaw -rezerwat przyrody Ochojec Sprzedaż bezpośrednia. Zapraszam do kontaktu. Ogłoszenie nie stanowi oferty w rozumieniu przepisów KC.",tak,,aneks,plastikowe,własność,Wyposażenie: piekarnik,50.202862,18.986471
Katowice Dąbrówka Mała,ul. Józefa Grzegorzka,3,59,549000,9305,bez pośredników,,12,https://adresowo.pl/o/mieszkanie-katowice-dabrowka-mala-ul-jozefa-grzegorzka-3-pokojowe-c9q6z0,https://s2.adresowa.pl/oi/4d/21/3ff7cc_4223_cover@2x-3-pokojowe-mieszkanie-katowice-dabrowka-mala-ul-jozefa-grzegorzka.webp,Katowice Dąbrówka Mała,Józefa Grzegorzka,4,1980,blok,,"Wyjątkowo słoneczne 3-pokojowe mieszkanie z balkonem | Zamknięte osiedle | Katowice - Dąbrówka Mała Są mieszkania, które od pierwszego wejścia sprawiają wrażenie jasnych, przestronnych i przyjaznych. Takie właśnie jest to mieszkanie. Na sprzedaż oferuję komfortowe, funkcjonalne mieszkanie położone przy ul. Grzegorzka 14B w Katowicach - Dąbrówce Małej. Nieruchomość znajduje się na zadbanym, monitorowanym osiedlu z wjazdem przez szlaban, co zapewnia mieszkańcom bezpieczeństwo, spokój i komfort codziennego życia. Dwustronny układ mieszkania (wschód-zachód) sprawia, że wnętrza są pięknie doświetlone naturalnym światłem przez cały dzień. To miejsce, do którego chce się wracać. Najważniejsze atuty: - 3 ustawne i funkcjonalne pokoje - duży balkon z przyjemnym widokiem - dwustronna ekspozycja (wschód-zachód) - oddzielna łazienka i osobne WC - piękne dębowe parkiety w pokojach - piwnica zapewniająca dodatkową przestrzeń do przechowywania - pełne wyposażenie w cenie - meble oraz zabudowa kuchenna IKEA - ocieplony blok - monitorowane, zamknięte osiedle z kontrolowanym wjazdem Mieszkanie z dużym potencjałem Lokal jest zadbany i gotowy do zamieszkania. Łazienka oraz toaleta stanowią doskonałą przestrzeń do urządzenia według własnego gustu i aktualnych trendów, dzięki czemu nowy właściciel będzie mógł nadać wnętrzu indywidualny charakter bez konieczności przeprowadzania kompleksowego remontu całego mieszkania. Naturalne dębowe parkiety, funkcjonalny układ pomieszczeń oraz możliwość pozostawienia wyposażenia sprawiają, że jest to oferta zarówno dla rodzin, jak i osób poszukujących mieszkania z potencjałem inwestycyjnym. Lokalizacja Dąbrówka Mała to jedna z najbardziej cenionych dzielnic Katowic. Mieszkańcy doceniają ją za świetną komunikację, szybki dojazd do centrum oraz wygodny dostęp do dróg S86, DK86 i autostrady A4. W pobliżu znajdują się sklepy, szkoły, przedszkola, punkty usługowe, przychodnie oraz tereny zielone sprzyjające spacerom i aktywnemu wypoczynkowi. Najważniejsze informacje: - 3 pokoje, - duży balkon, - piwnica, - oddzielna łazienka i WC, - ekspozycja wschód-zachód, - bardzo słoneczne mieszkanie, - dębowe parkiety, - wyposażenie w cenie, - zabudowa kuchenna IKEA, - ocieplony blok, - monitorowane i zamknięte osiedle, - doskonała lokalizacja. Jeżeli szukasz mieszkania, które łączy świetną lokalizację, funkcjonalny układ, bezpieczeństwo i ogromny potencjał aranżacyjny, ta oferta z pewnością spełni Twoje oczekiwania. Zapraszam do kontaktu oraz na prezentację. Być może to właśnie tutaj znajdziesz swoje nowe miejsce do życia.",tak,,,plastikowe,własność,,50.278521,19.066522
Katowice Zarzecze,ul. Tunelowa,3,59,750000,12712,bez pośredników,,8,https://adresowo.pl/o/mieszkanie-katowice-zarzecze-ul-tunelowa-3-pokojowe-m0b1e8,https://s2.adresowa.pl/oi/71/4b/3feb6c_a85b_cover@2x-3-pokojowe-mieszkanie-katowice-zarzecze-ul-tunelowa.webp,Katowice Zarzecze,Tunelowa,2,,apartamentowiec,,"Szukasz wnętrza premium, które łączy wysoki standard wykończenia z absolutną ciszą i prywatnością? Ta oferta spełni Twoje oczekiwania. Ogłoszenie bezpośrednio od właścicieli – kupujący nie płaci prowizji dla biura nieruchomości! Na sprzedaż wyjątkowe, 3-pokojowe mieszkanie o powierzchni 59,09 m², zlokalizowane na drugim (i ostatnim!) piętrze kameralnego budynku przy ul. Tunelowej w Katowicach. Nieruchomość znajduje się na zamkniętym i monitorowanym osiedlu „Miłe Zacisze”. NAJWIĘKSZE ATUTY NIERUCHOMOŚCI: Ostatnie piętro = Święty spokój: Nad Tobą nie ma już żadnych sąsiadów. Zapomnij o odgłosach kroków czy stukaniu nad głową. Duża, zadaszona loggia/taras (6,48 m²): Wyjście bezpośrednio z salonu. To doskonałe miejsce na relaks i poranną kawę bez względu na pogodę. Zachodnia panorama: Wszystkie okna wychodzą na zachód. Mieszkanie jest niesamowicie słoneczne, a z tarasu roztacza się piękny, kojący widok na niską zabudowę domków jednorodzinnych oraz panoramę pobliskiego lasu. STANDARD PREMIUM (GOTOWE DO WPROWADZENIA): Mieszkanie zostało wykończone na bardzo wysokim poziomie, z dbałością o każdy detal. Świeżo pomalowane: Wnętrza pachną nowością i nie wymagają żadnych nakładów finansowych. Stolarka drzwiowa: Eleganckie, wysokiej jakości drzwi lakierowane. Salon z aneksem kuchennym: Reprezentacyjna strefa dzienna. Kuchnia zachwyca nowoczesną zabudową oraz unikalną ścianą wykończoną dębowym fornirem. Klimatyzacja z dbałością o estetykę: Mieszkanie jest w pełni klimatyzowane. Co ważne, agregat (jednostka zewnętrzna) został estetycznie ukryty w stylowej, drewnianej zabudowie na tarasie, dzięki czemu nie szpeci przestrzeni. Funkcjonalna łazienka: Wyposażona zarówno w wannę, jak i bezpieczną szybę prysznicową (funkcja 2w1) oraz robioną na wymiar zabudowę ukrywającą pralko-suszarkę. Przedpokój i sypialnie: W dwóch sypialniach zamontowano pojemne systemy szaf IKEA Pax. W przedpokoju znajduje się obszerna szafa w zabudowie z wygodnym, tapicerowanym siedziskiem. DODATKOWE UDOGODNIENIA: Piec poza mieszkaniem: Ogrzewanie gazowe z nowoczesnym piecem umieszczonym w osobnej kotłowni – nie tracisz cennego miejsca w mieszkaniu. Dodatki w cenie: Do mieszkania przynależy praktyczna komórka lokatorska (idealna na rowery lub narzędzia). LOKALIZACJA: Osiedle Miłe Zacisze to jedna z najbardziej poszukiwanych, zielonych lokalizacji w Katowicach. Cisza i bliskość natury łączą się tutaj z doskonałą infrastrukturą. W pieszym dystansie znajdują się sklepy, szkoły, przedszkola oraz przystanki komunikacji miejskiej gwarantujące szybki dojazd do centrum miasta. KONTAKT: Sprzedaż bezpośrednia. Serdecznie zapraszamy do kontaktu i obejrzenia mieszkania na żywo! Bardzo prosimy o kontakt telefoniczny PO GODZINIE 18:00.",tak,,aneks,,,"Wyposażenie: klimatyzacja, suszarkę",50.193998,18.960058
Katowice,ul. Starowiejska,2,28,346075,12360,Pośrednik,,6,https://adresowo.pl/o/mieszkanie-katowice-ul-starowiejska-2-pokojowe-q0u7v5,https://s2.adresowa.pl/oi/48/2f/39aa1e_4f5d_cover@2x-2-pokojowe-mieszkanie-katowice-ul-starowiejska.webp,Katowice ,Starowiejska,1,,kamienica,,"OGLOSZENIE BIURA SPRZEDAŻY Nie płacisz prowizji Nowe, wyposażone mieszkania na sprzedaż w pięknej wyremontowanej kamienicy w ścisłym centrum. Top lokalizacja do zamieszkania i pod inwestycję. Starowiejska 2 - prestiżowy, adres z historią w nowoczesnej odsłonie. GOTOWIEC INWESTYCYJNY- WYSOKA STOPA ZWROTU ZE WZGLĘDU NA DWA POKOJE NA MAŁYM METRAŻU W TOP LOKALIZACJI Szukasz większego/mniejszego miezkania? mamy również inne mieszkania w tym budynku a także w innych lokalizacjach w Śródmieściu Katowic. Skontaktuj się ze mną po więcej szczegółów W CENIE PODANEJ W OGŁOSZENIU OTRZYMUJESZ NOWE, WYKOŃCZONE POD KLUCZ MIESZKANIE W WYSOKIM STANDARDZIE. GOTOWE DO ZAMIESZKANIA. INFORMACJE O MIESZKANIU: -UKŁAD: mieszkanie składa się z: salonu z aneksem kuchennym, sypialni, łazienki z kabiną prysznicową oraz przedpokoju -z mieszkania rozpościera sie piękny widok na Śródmieście Katowic -możliwość dokupienia komórki lokatorskiej/piwnicy STANDARD: -Mieszkania wykończone w wysokim standardzie I w pełni wyposażone -Budynek w pełni zrewitalizowany TOP LOKALIZACJA INWESTYCYJNA ZARÓWNO POD NAJEM DŁUGOTERMINOWY JAK I KRÓTKOTERMINOWY: W najbliższej odległości pełna infrastruktura, dobra komunikacja (tramwaje, autobusy, dworzec PKP i PKS) oraz niezbętne punkty usługowe.Ponadto w pobliżu znajdują się: -Rynek Główny: 2 min pieszo -Galeria Katowicka: 5 minut pieszo -Strefa Kultury (NOSPR, MCK, Muzeum Śląskie): 15 minut pieszo Kupujesz mieszkanie pod najem? Możliwość obsługi najmu w promocyjnej cenie - zadzwoń i zapytaj o szczegóły! Finansujesz mieszkanie kredytem? Nasz doradca finansowy NIEODPŁATNIE znajdzie dla Ciebie odpowiednią ofertę i pomoże w przejściu przez procedurę kredytową W razie pytań zapraszam do kontaktu: WE SPEAK ENGLISH (YOU CAN ALSO CONTACT ON WHATSAPP) Martyna Jagielska email: tel. Treść niniejszego ogłoszenia nie stanowi oferty handlowej w rozumieniu Kodeksu Cywilnego. Treść niniejszego ogłoszenia nie stanowi oferty handlowej w rozumieniu Kodeksu Cywilnego.",,,,plastikowe,własność,,50.25804,19.02749
Katowice Ochojec,ul. Tyska,2,56,630000,11250,Pośrednik,,18,https://adresowo.pl/o/mieszkanie-katowice-ochojec-ul-tyska-2-pokojowe-o7f9l6,https://s2.adresowa.pl/oi/46/21/397d14_c26c_cover@2x-2-pokojowe-mieszkanie-katowice-ochojec-ul-tyska.webp,Katowice Ochojec,Tyska,1,2019,apartamentowiec,,"Apartamentowiec Katowice Piotrowice Ochojec opcja podziemnego parkingu Oferujemy sprzedaż nowego mieszkania (rok budowy 2019) o powierzchni 56,16m2 usytuowanego na 1 piętrze w 3 piętrowym apartamentowcu w dzielnicy Piotrowice - Ochojec. Mieszkanie składa się z dużego salonu z aneksem kuchennym (27,65m2), sypialni (12,74m2), korytarza (7,32m2), łazienki z umywalką, prysznicem, toaletą (5,50m2), garderoby (2,95m2) oraz dużego balkonu wzdłuż salonu. Mieszkanie umeblowane wraz z zabudową kuchenną, 2 obszerne szafy w sypialni i garderobie oraz wyposażone (płyta ceramiczna 4 pola grzewcze, wentylacja, lodówka, zmywarka, pralka). Centralne ogrzewanie i ciepła woda z dwufunkcyjnego pieca gazowego. Mieszkanie zorientowane na południe i wschód. Klatka schodowa zamykana na domofon, czysta i schludna. W budynku jest zamykane wspólne pomieszczenie na wózki i rowery Bardzo dobre skomunikowanie z centrum Katowic oraz z drogą wylotową szybkiego ruchu w kierunku na Wisłę. Blisko przystanki miejskich autobusów. W pobliżu galeria handlowa Manhattan (600m), market E. Leclerc (1,5km), galeria Libero (1,9km), sklepy osiedlowe, targowisko, szkoły, apteka, placówki bankowe. Do terenów leśnych (lasy murckowskie) ok. 800 m. Cena do negocjacji. Możliwość zakupu podziemnego miejsca postojowego w podziemnym parkingu Powyższa oferta nie stanowi oferty handlowej w rozumieniu przepisów Kodeksu Cywilnego oraz innych właściwych przepisów prawnych i winna być interpretowana wyłącznie jak informacja",,tak,aneks,plastikowe,własność,"Wyposażenie: lodówka, pralka, zmywarka",50.210293,18.98577
Katowice Śródmieście,ul. Zabrska,1,35,550000,15714,bez pośredników,,8,https://adresowo.pl/o/mieszkanie-katowice-srodmiescie-ul-zabrska-1-pokoj-w4r1y7,https://s2.adresowa.pl/oi/56/46/3fe5c2_7388_cover@2x-1-pokojowe-mieszkanie-katowice-srodmiescie-ul-zabrska.webp,Katowice Śródmieście,Zabrska,15,2023,apartamentowiec,,"Na sprzedaż – nowoczesne mieszkanie w Global Apartments, Katowice Sprzedaż bezpośrednio od właściciela – bez prowizji Na sprzedaż komfortowe, w pełni wyposażone mieszkanie zlokalizowane w prestiżowej inwestycji Global Apartments przy ul. Zabrskiej 15 w ścisłym centrum Katowic. Cena mieszkania: 550 000 zł Istnieje możliwość dokupienia miejsca postojowego w hali garażowej (poziom 0) w cenie 80 000 zł. Mieszkanie jest gotowe do zamieszkania i nie wymaga żadnych dodatkowych nakładów finansowych. Zostało wykończone z dbałością o detale oraz wyposażone we wszystkie niezbędne sprzęty i meble. Dzięki zachodniej ekspozycji wnętrze jest doskonale doświetlone, a popołudniowe i wieczorne słońce tworzy wyjątkowy klimat. Atuty nieruchomości: * prestiżowa inwestycja Global Apartments, * ścisłe centrum Katowic, * mieszkanie w pełni umeblowane i wyposażone, * zachodnia ekspozycja, * możliwość zakupu miejsca postojowego w hali garażowej na poziomie 0, * całodobowa ochrona budynku, * monitoring części wspólnych oraz hali garażowej, * prywatne patio dostępne wyłącznie dla mieszkańców, * doskonała lokalizacja z szybkim dostępem do komunikacji miejskiej, dworca PKP, Strefy Kultury, sklepów, restauracji i biurowców. To idealna propozycja zarówno dla osób szukających komfortowego mieszkania w centrum miasta, jak i dla inwestorów poszukujących atrakcyjnej nieruchomości pod wynajem. Zapraszam do kontaktu i umówienia się na prezentację. Sprzedaż bezpośrednio od właściciela.",,tak,aneks,plastikowe,własność,,50.263157,19.012468
Katowice Koszutka,ul. Wierzbowa,2,39,350000,8974,bez pośredników,,8,https://adresowo.pl/o/mieszkanie-katowice-koszutka-ul-wierzbowa-2-pokojowe-p8t8j7,https://s2.adresowa.pl/oi/5e/1f/3fdc52_39e1_cover@2x-2-pokojowe-mieszkanie-katowice-koszutka-ul-wierzbowa.webp,Katowice Koszutka,Wierzbowa,1,1970,blok,,"Mam na sprzedaż dwupokojowe mieszkanie o powierzchni 39,4 m² w Katowicach przy ul. Wierzbowej (granica Bogucic i Koszutki). Nieruchomość znajduje się na pierwszym piętrze w 4-piętrowym bloku. Budynek należy do zasobów Katowickiej Spółdzielni Mieszkaniowej (KSM). Stan prawny jest w pełni uregulowany, nieruchomość nie posiada żadnych obciążeń. Układ i stan techniczny Mieszkanie jest czyste, w pełni sprawne i wolne od zaraz. Wszystkie instalacje oraz sprzęty działają bez zarzutu. Wnętrze nadaje się do bezpośredniego wprowadzenia lub do własnego remontu. Pomieszczenia: Salon, sypialnia z wyjściem na balkon, osobna kuchnia, łazienka z WC oraz przedpokój. Możliwość aranżacji: Kuchnia jest oddzielona od salonu ścianą z płyty karton-gips - istnieje możliwość jej łatwego wyburzenia i połączenia kuchni z salonem w otwartą przestrzeń. Wyposażenie: Mieszkanie jest w pełni umeblowane. Meble oraz sprzęty AGD widoczne na zdjęciach zostają w cenie. Na życzenie kupującego mogę opróżnić mieszkanie przed transakcją. Piwnica: Do mieszkania przynależy prywatna, zamykana piwnica. Dodatkowo dostępna jest ogólnodostępna, większa część wspólna, która służy mieszkańcom jako magazyn lub suszarnia. Ogrzewanie: Centralne z sieci miejskiej. Ciepła woda: Gazowy podgrzewacz przepływowy (piecyk wymieniony na nowy 2 lata temu, aktualnie jest tuż po przeglądzie technicznym). Media: W budynku dostępna jest telewizja kablowa oraz internet światłowodowy od wielu operatorów do wyboru. Koszty i opłaty Cena: 350 000 zł (8 883 zł / m²). Czynsz administracyjny: ok. 700 zł (wyliczony na 1 osobę). Co zawiera czynsz: Zaliczkę na ogrzewanie miejskie, wywóz śmieci oraz wodę. Ogrzewanie rozliczane jest corocznie w maju (w zależności od sezonu występuje zwrot lub dopłata). Opłaty dodatkowe: Prąd oraz gaz (do kuchenki i podgrzewacza wody) płatne osobno według wskazań liczników. Lokalizacja i komunikacja Przystanki komunikacji miejskiej: Pętla Słoneczna, Koszutka Katowicka oraz Koszutka Misjonarzy Oblatów. Infrastruktura drogowa: Szybki i wygodny wyjazd na DTŚ, autostradę A4 i S86. Otoczenie: W bliskim sąsiedztwie Spodek, Strefa Kultury, sklepy (najbliższy Społem 2 minuty pieszo), markety i punkty usługowe. Sprzedaż bezpośrednia od właściciela. Biura nieruchomości i pośrednicy - proszę nie dzwonić. Nie jestem zainteresowany współpracą. Można dzwonić lub pisać wiadomości",tak,,osobna,,spółdzielcze własnościowe,Wyposażenie: internet,50.271813,19.030149
Katowice Śródmieście,ul. Tadeusza Kościuszki,4,125,869000,6952,bez pośredników,,8,https://adresowo.pl/o/mieszkanie-katowice-srodmiescie-ul-tadeusza-kosciuszki-4-pokojowe-z0h2w3,https://s2.adresowa.pl/oi/70/51/3fdbea_daef_cover@2x-4-pokojowe-mieszkanie-katowice-srodmiescie-ul-tadeusza-kosciuszki.webp,Katowice Śródmieście,Tadeusza Kościuszki,parter,,kamienica,,"Na sprzedaż dochodowa nieruchomość inwestycyjna składająca się z 4 niezależnych kawalerek wydzielonych z dużego mieszkania, zlokalizowana w zadbanej kamienicy przy ul. Kościuszki w Katowicach. Aktualny dochód: 5700 zł / miesiąc Rocznie: 68 400 zł Potencjał po optymalizacji: 7000–8000 zł / miesiąc ROI aktualne: ~8% ROI po podniesieniu standardu: 10%+ UKŁAD 4 kawalerki: 30 m² 25 m² 25 m² 32 m² dodatkowo: wspólny korytarz każde mieszkanie w pełni funkcjonalne i wynajęte LOKALIZACJA Katowice – ul. Kościuszki bardzo dobra komunikacja z centrum atrakcyjna lokalizacja pod wynajem długoterminowy miejsce parkingowe STANDARD instalacje wymienione okna plastikowe podwieszane sufity dobrej jakości panele i płytki wielkoformatowe mieszkania w pełni użytkowe i wynajęte Obecne czynsze są poniżej maksymalnych stawek rynkowych ze względu na standard wykończenia (głównie łazienki). Po odświeżeniu: modernizacja łazienek, doposażenie kuchni (np. piekarniki) możliwy wzrost przychodów do: 7000–8000 zł miesięcznie DLA KOGO inwestor szukający gotowego produktu z cashflow inwestor „value-add” (możliwość zwiększenia rentowności) osoba budująca portfel mieszkań na wynajem DODATKOWY POTENCJAŁ – NAJEM KRÓTKOTERMINOWY Ze względu na: lokalizację przy ul. Kościuszki podwyższony parter (łatwy dostęp, brak konieczności korzystania z klatki schodowej) układ 4 niezależnych jednostek nieruchomość posiada potencjał do częściowego lub całościowego wykorzystania w modelu najmu krótkoterminowego. Możliwy model hybrydowy: część lokali – najem długoterminowy część – krótkoterminowy / średnioterminowy co pozwala na dalszą optymalizację przychodów.",,tak,,,,Wyposażenie: piekarnik,50.221039,18.986226
Katowice Śródmieście,ul. Warszawska,2,27,325000,12037,Pośrednik,,13,https://adresowo.pl/o/mieszkanie-katowice-srodmiescie-ul-warszawska-2-pokojowe-i2c3r3,https://s2.adresowa.pl/oi/50/55/388ad2_738c_cover@2x-2-pokojowe-mieszkanie-katowice-srodmiescie-ul-warszawska.webp,Katowice Śródmieście,Warszawska,1,,kamienica,,"Do sprzedania Mieszkanie zlokalizowane w Kamienicy w ścisłym śródmieściu Katowic przy ul. Warszawskiej Mieszkanie zlokalizowane w pięknej świeżo odrestaurowanej Kamienicy po remoncie elewacji oraz po Termomodernizacji. Zamykany i monitorowany parking za bramą na pilota dla mieszkańców za budynkiem. Mieszkanie w trakcie remontu , zdjęcia przedstawiają poprzednie realizacje wykonawcy z podobnego mieszkania o tym samym standardzie dla poglądu. Nieruchomość sprzedawana w stanie po generalnym remoncie w wysokim standardzie, gotowa pod wynajem lub do zamieszkania z pełnym umeblowaniem oraz AGD w tym zmywarka,pralka itp Cena obejmuję generalny remont wraz z wymianą wszystkich instalacji oraz umeblowaniem i wyposażeniem AGD , w tym indukcja, pralka, zmywarka itp. Świetna lokalizacja inwestycyjna nadająca się idealnie pod najem Długo oraz Krótko-Terminowy typu Booking, Airbnb itp. Do mieszkania przynależy również piwnica. W najbliższej odległości również wszelkie inne niezbętne punkty usługowe. Remont mieszkań obejmuje: - nowa instalacja elektryczna/hydrauliczna w całym mieszkaniu - ścianki działowe - gładzie na ścianach - malowanie - okna plastikowe - nowe drzwi wejściowe antywłamaniowe - drzwi wewnętrzne -panele / salon -kuchnia na wymiar z pełnym wyposażeniem AGD - Nowa instalacja ogrzewania podłogowego na podczerwień (tańśze niż gazowe) - łazienka -płytki kuchnia/łazienka - Zabudowa oraz wszystkie meble i sprzęty są zawarte w cenie mieszkania. -Możliwość zakupu mieszkania bez wyposażenia (łóżko szafki szafy sofa stolik itd) Biuro pobiera prowizję za organizację transakcji. W razie pytań proszę o kontakt telefoniczny: [numer] Treść niniejszego ogłoszenia nie stanowi oferty handlowej w rozumieniu Kodeksu Cywilnego.",,,,plastikowe,własność,"Wyposażenie: pralka, zmywarka",50.25831,19.029
Katowice,Śródmieście,3,80,649000,8112,Pośrednik,,14,https://adresowo.pl/o/mieszkanie-katowice-srodmiescie-3-pokojowe-80-m2-o2z7m1,https://s2.adresowa.pl/oi/54/6b/3854d2_5048_cover@2x-3-pokojowe-mieszkanie-katowice-srodmiescie.webp,Katowice Śródmieście,,2,,kamienica,,"Do sprzedania mieszkanie 3-pokojowe o powierzchni 80m2 zlokalizowane na 2 piętrze pięknej Kamienicy Z Windą w najlepszej okolicy śródmieścia Katowic. Mieszkanie posiada 2 Balkony! Mieszkanie składa się z trzech przestronnych pokoi. Dwustronny układ, Oryginalna Stolarka Drzwiowa, Wyjątkowe miejsce. Rzut na ostatnim zdjęciu. Okna wychodzą na stronę Placu Miarki oraz Podwórze. Wymienione piony Wod-Kan, Nowa instalacja elektryczna w budynku, Nowa Winda, Gaz w lokalu. Piękna kamienica. Pełna własność. Zapraszam do kontaktu telefonicznego: [numer] Treść niniejszego ogłoszenia nie stanowi oferty handlowej w rozumieniu Kodeksu Cywilnego.",,,,,własność,,50.25224,19.01394
Katowice Szopienice,ul. Pogodna,1,51,299999,5882,bez pośredników,,7,https://adresowo.pl/o/mieszkanie-katowice-szopienice-ul-pogodna-1-pokoj-f4v1l4,https://s2.adresowa.pl/oi/76/72/3fdbe2_e4b8_cover@2x-1-pokojowe-mieszkanie-katowice-szopienice-ul-pogodna.webp,Katowice Szopienice,Pogodna,4,,blok,,"Oferuję mieszkanie na sprzedaż w Katowicach, dzielnica Szopienice-Burowiec. Powierzchnia wynosi 51,16 m². Mieszkanie znajduje się na 4. piętrze w bloku. Jest w stanie do zamieszkania. W kuchni znajdziesz kuchenka i piekarnik. Dodatkowo do dyspozycji jest piwnica. Ogrzewanie gazowe zapewnia komfort w chłodniejsze dni. Lokalizacja to duża zaleta. W pobliżu znajdują się: sklepy spożywcze, takie jak Carrefour i Home Concept restauracje, m.in. \""Karczma Pod Młynem\"" i \""Terra Mare\"" placówki edukacyjne, jak Uniwersytet Ekonomiczny parki, w tym \""Plac Żołnierzy Września\"" i \""Park w Dąbrówce\"" Dojazd do ścisłego centrum Katowic jest wygodny. W okolicy są przystanki autobusowe i tramwajowe. To idealne miejsce dla osób ceniących sobie komfort i dostępność usług. Nie czekaj! Skontaktuj się ze mną, aby umówić się na prezentację mieszkania.",tak,,,,,"Wyposażenie: kuchenka, piekarnik",50.273206,19.071246
Katowice,Koszutka,3,61,610000,10000,bez pośredników,,8,https://adresowo.pl/o/mieszkanie-katowice-koszutka-3-pokojowe-61-m2-j4b6a6,https://s2.adresowa.pl/oi/67/6c/3fd6c8_8b1f_cover@2x-3-pokojowe-mieszkanie-katowice-koszutka.webp,Katowice Koszutka,,1,,blok,,"Sprzedam słoneczne, bardzo ustawne mieszkanie M-4, na 1-szym piętrze w 3-piętrowym budynku w Katowicach, dzielnica Koszutka, dokładnie na przeciwko kina Kosmos. Mieszkanie to składa się z 3 pokoi: salon 19m2 + 2 sypialnie 14 i 9,5 m2 + oddzielna kuchnia 9m2 z oknem + łazienka z osobnym WC + przedpokój, razem 9,5m2. Całe mieszkanie wyłożone jest dębowym parkietem, z pominięciem kuchni i łazienki z WC. W mieszkaniu znajduje się loggia oraz przynależy piwnica. Zapraszam serdecznie do oglądnięcia tegoż mieszkania. Kontakt wyłącznie telefoniczny od 10:00 do 19:00, z przyjemnością odpowiem na państwa pytania.",tak,,osobna,,,,50.271,19.021999
Katowice,Bogucice,2,43,860000,20000,bez pośredników,,8,https://adresowo.pl/o/mieszkanie-katowice-bogucice-2-pokojowe-43-m2-p1n1b6,https://s2.adresowa.pl/oi/63/7a/3fd618_bcc8_cover@2x-2-pokojowe-mieszkanie-katowice-bogucice.webp,Katowice Bogucice,,5,,apartamentowiec,,"Nowoczesne, wykończone mieszkanie 43 m² w prestiżowym budynku Global Apartment - gotowe do zamieszkania. 5. piętro, balkon, pełna funkcjonalność i świetny układ pomieszczeń. Mieszkanie składa się z: jasnego salonu z wyjściem na balkon, osobnej, przytulnej sypialni, funkcjonalnej kuchni w zabudowie, nowoczesnej łazienki z pełnym wyposażeniem. Wnętrze zostało wykończone w wysokim standardzie - neutralne kolory, dobre materiały, przemyślany układ, który sprawia, że mieszkanie jest wygodne zarówno dla singla, pary, jak i pod wynajem. Atuty: klimatyzacja balkon idealny na poranną kawę, nowoczesny budynek z windą, doskonała lokalizacja - szybki dojazd do centrum, sklepy, komunikacja, uczelnie, mieszkanie gotowe do wprowadzenia, bez dodatkowych nakładów. To idealna propozycja dla osób szukających komfortowego, nowoczesnego mieszkania w świetnym punkcie Katowic - zarówno do życia, jak i jako pewna inwestycja.",,,,,,Wyposażenie: klimatyzacja,50.268002,19.040001
Katowice Śródmieście,ul. Krzywa,3,41,449000,10951,Pośrednik,,9,https://adresowo.pl/o/mieszkanie-katowice-srodmiescie-ul-krzywa-3-pokojowe-x2i3l0,https://s2.adresowa.pl/oi/58/48/38317a_b15d_cover@2x-3-pokojowe-mieszkanie-katowice-srodmiescie-ul-krzywa.webp,Katowice Śródmieście,Krzywa,1,,kamienica,,"Do sprzedania Mieszkanie 3-pokojowe z dużym balkonem zlokalizowane w Zrewitalizowanej Kamienicy w ścisłym śródmieściu Katowic w świetnej Kultowej Lokalizacji przy ul. Krzywej! Nieruchomość w stanie po generalnym remoncie w wysokim standardzie, gotowa pod wynajem lub do zamieszkania. Cena obejmuję mieszkanie wraz z pełnym umeblowaniem widocznym na zdjęciach i wyposażeniem AGD , w tym indukcja, zmywarka itp. Możliwość zakupu mieszkania bez Mebli Minuta pieszo do dworca! Ul. Krzywa to wyjątkowa, kultowa wręcz brukowana uliczka zlokalizowana przy samym Dworcu oraz Placu Andrzeja! Bardzo urokliwa, ustronna oraz cicha uliczka, która jednakowo znajduje się w Ścisłym Śródmieściu Katowic. Świetna lokalizacja inwestycyjna nadająca się idealnie pod najem Długo oraz Krótko-Terminowy typu Booking, Airbnb itp. Na ulicy znajdują się miejsca takie jak : Nowo otwarta Winiarnia oferująca włoskie produkty, ekskluzywny zakład krawiecki itp. W najbliższej odległości również wszelkie inne niezbętne punkty usługowe. Za budynkiem Parking za bramą na pilota - wielka zaleta zwłaszcza w centrm. Świetny widok z okien na Śródmieście - Praktycznie wszystkie kamienice na tej ulicy posiadają odnowione elewacje. Na ulicy rosną również drzewa Mieszkanie w zrewitalizowanej Kamienicy: -Nowa Klatka schodowa, -Nowe piony Wodno-Kanalizacyjne -Nowa instalacja elektryczna z licznikiem 3-fazowym na każde mieszkanie -Nowa kotłownia wraz z rozprowadzeniem nowej instalacji miejskiego ogrzewania -Nowe Pokrycie Dachu, -Nowe okna, -Piwnice, Komórki) Zdjęcia przedstawiają poglądowy standard wykończenia z innych inwestycji tego wykonawcy. Remont mieszkań obejmuje: - nowa instalacja elektryczna/hydrauliczna w całym mieszkaniu - ogrzewanie Miejskie! - ścianki działowe - gładzie na ścianach - malowanie - okna plastikowe - nowe drzwi wejściowe antywłamaniowe - drzwi wewnętrzne -panele / salon -kuchnia na wymiar z pełnym wyposażeniem AGD - łazienka -płytki kuchnia/łazienka - Zabudowa oraz wszystkie meble i sprzęty są zawarte w cenie mieszkania. -Możliwość zakupu mieszkania bez wyposażenia (łóżko szafki szafy sofa stolik itd) Dodatkowo możliwość dokupienia na własność: -Piwnicy -Komórki lokatorskiej W razie pytań proszę o kontakt telefoniczny: [numer] Treść niniejszego ogłoszenia nie stanowi oferty handlowej w rozumieniu Kodeksu Cywilnego.",,tak,,plastikowe,własność,Wyposażenie: zmywarka,50.25535,19.0162
Katowice Śródmieście,ul. Tadeusza Kościuszki,2,53,566000,10679,Pośrednik,,10,https://adresowo.pl/o/mieszkanie-katowice-srodmiescie-ul-tadeusza-kosciuszki-2-pokojowe-z6n9l0,https://s2.adresowa.pl/oi/42/1c/37bda2_b5b7_cover@2x-2-pokojowe-mieszkanie-katowice-srodmiescie-ul-tadeusza-kosciuszki.webp,Katowice Śródmieście,Tadeusza Kościuszki,3,,kamienica,,"Do sprzedania Mieszkanie zlokalizowane w Kamienicy w ścisłym śródmieściu Katowic przy ul. Kościuszki. Mieszkanie zlokalizowane w pięknej świeżo odrestaurowanej Kamienicy po remoncie elewacji oraz klatki schodowej. Świetny układ - mieszkanie dwustronne i bardzo jasne. Ogrzewanie oraz Ciepła woda z sieci miejskiej! Balkon ze świetnym widokiem na śródmieście. Nieruchomość sprzedawana w stanie po generalnym remoncie wraz z pełnym wyposażeniem AGD oraz umeblowaniem. W najbliższej odległości również wszelkie inne niezbętne punkty usługowe. Remont mieszkania obejmował: - nowa instalacja elektryczna, wodno-kanalizacyjna, wentylacyjna w całym mieszkaniu - Nowa instalacja domofonowa - gładzie na ścianach - okna plastikowe - nowe drzwi wejściowe antywłamaniowe - Nowa instalacja ogrzewania miejskiego - Wyrównane podłogi przygotowane pod kładzenie Paneli - Nowe przyłącza i odpływy w przygotowane pod montaż kuchni oraz łazienki W razie pytań proszę o kontakt telefoniczny: [numer] Treść niniejszego ogłoszenia nie stanowi oferty handlowej w rozumieniu Kodeksu Cywilnego.",,,,plastikowe,własność,,50.25562,19.01842
Katowice Muchowiec,ul. gen. Józefa Sowińskiego,1,32,345000,10781,bez pośredników,,7,https://adresowo.pl/o/mieszkanie-katowice-muchowiec-ul-gen-jozefa-sowinskiego-1-pokoj-r4c5h7,https://s2.adresowa.pl/oi/27/71/3fd1d8_cfd0_cover@2x-1-pokojowe-mieszkanie-katowice-muchowiec-ul-gen-jozefa-sowinskiego.webp,Katowice Muchowiec,gen. Józefa Sowińskiego,parter,,blok,,"Na sprzedaż - komfortowa kawalerka 32 m² | Katowice, ul. Sowińskiego 5B | 345 000 zł Na sprzedaż funkcjonalne, umeblowane mieszkanie o powierzchni 32 m², położone na parterze w bloku przy ul. Sowińskiego 5B w Katowicach. Mieszkanie jest gotowe do zamieszkania i nie wymaga dużych nakładów na start. Przemyślany układ oraz kompletne umeblowanie sprawiają, że jest to również bardzo ciekawa propozycja dla inwestora poszukującego mieszkania pod wynajem. Najważniejsze informacje: - powierzchnia: 32 m² - 1 pokój - parter - mieszkanie umeblowane - budynek typu blok - cena: 345 000 zł - cena za m²: 10 781 zł Idealna propozycja dla inwestora. Mieszkanie może być atrakcyjną opcją zarówno jako inwestycja pod wynajem długoterminowy, jak i dla osoby szukającej lokalu na własne potrzeby. Lokalizacja w Katowicach oraz niewielki metraż sprzyjają zainteresowaniu najemców. Zapraszam do kontaktu i umówienia się na prezentację mieszkania.",,,,,,,50.248206,19.030894
Katowice Załęska Hałda,ul. Wincentego Pola,1,27,235000,8704,bez pośredników,,6,https://adresowo.pl/o/mieszkanie-katowice-zaleska-halda-ul-wincentego-pola-1-pokoj-d3t7x9,https://s2.adresowa.pl/oi/52/40/3fcd52_307d_cover@2x-1-pokojowe-mieszkanie-katowice-zaleska-halda-ul-wincentego-pola.webp,Katowice Załęska Hałda,Wincentego Pola,10,1980,blok,,"Do sprzedaży 1 pokojowe mieszkanie zlokalizowane w Katowicach przy ul. Wincentego Pola 13 o powierzchni użytkowej ok 27,54 m2. W skład którego wchodzi 1 pokój, łazienka wraz z WC, kuchnia oraz przedpokój. Mieszkanie było cały czas wynajmowane, idealnie nadaje się do tego celu lub jako pierwsze mieszkanie. Świetna lokalizacja: ok 1,5 km do AWF, autostrady A4, w bezpośrednim sąsiedztwie Parku Kościuszki. W budynku winda. Do mieszkania przynależy piwnica. Czynsz ok 480 zł. Nie współpracuje z biurami nieruchomości.",tak,,,,,,50.245947,18.995248
Katowice Nikiszowiec,ul. Antoniego Czechowa,2,62,729000,11758,bez pośredników,,5,https://adresowo.pl/o/mieszkanie-katowice-nikiszowiec-ul-antoniego-czechowa-2-pokojowe-x2s1q5,https://s2.adresowa.pl/oi/4c/73/3fca54_42e7_cover@2x-2-pokojowe-mieszkanie-katowice-nikiszowiec-ul-antoniego-czechowa.webp,Katowice Nikiszowiec,Antoniego Czechowa,1,,kamienica,,"Wyjątkowe mieszkanie 62 m² | Nikiszowiec | Wysoki standard | Loftowy klimat Cena: 729 000 zł Na sprzedaż wyjątkowe mieszkanie o powierzchni 62 m², położone na 1. piętrze zabytkowej kamienicy przy ul. Czechowa w Katowicach - w samym sercu Nikiszowca, jednej z najbardziej prestiżowych i rozpoznawalnych dzielnic Śląska. To miejsce dla osób, które szukają czegoś więcej niż zwykłego mieszkania. Oryginalna cegła, wysokie sufity, drewniane podłogi oraz starannie wykończone wnętrza tworzą niepowtarzalny klimat, łącząc historyczny charakter z nowoczesnym komfortem. Parametry nieruchomości: * powierzchnia: 62 m² * 2 przestronne i ustawne pokoje * oddzielna, funkcjonalna kuchnia * łazienka z WC * 1. piętro * ogrzewanie miejskie * piwnica * mieszkanie własnościowe * gotowe do zamieszkania - bez dodatkowych nakładów finansowych Dlaczego warto? * wyjątkowy loftowy klimat z zachowanymi elementami oryginalnej architektury * wysoki standard wykończenia * bardzo funkcjonalny układ pomieszczeń * doskonałe zarówno do zamieszkania, jak i jako inwestycja pod wynajem Lokalizacja, która zyskuje na wartości: Nikiszowiec od lat należy do najbardziej pożądanych lokalizacji w Katowicach. To miejsce z niepowtarzalnym klimatem, licznymi restauracjami, kawiarniami oraz bogatą ofertą kulturalną. Dodatkowym atutem jest dynamiczny rozwój okolicy: * w pobliżu działa już Lidl, * do końca roku planowane jest otwarcie Rossmanna, Pepco oraz nowoczesnej siłowni, * w sąsiedztwie powstaje nowoczesny hub gamingowo-technologiczny, który będzie jednym z najważniejszych projektów rozwojowych w regionie. To inwestycje, które zwiększają atrakcyjność tej części Katowic i mogą pozytywnie wpływać na wartość nieruchomości w kolejnych latach. W okolicy znajdują się również szkoły, przedszkola, przystanki komunikacji miejskiej, sklepy oraz liczne tereny spacerowe i rekreacyjne. Dojazd do centrum Katowic zajmuje zaledwie kilka minut. To mieszkanie zachwyca od pierwszego wejścia i jest idealną propozycją dla osób ceniących wyjątkowy charakter wnętrz oraz świetną lokalizację. Cena: 729 000 zł Zapraszam do kontaktu oraz umówienia się na prezentację.",tak,,,,,,50.241233,19.081534
Katowice Ochojec,ul. Krótka,3,75,482000,6427,Pośrednik,,17,https://adresowo.pl/o/mieszkanie-katowice-ochojec-ul-krotka-3-pokojowe-a3s0l5,https://s2.adresowa.pl/oi/34/2e/351306_f4a4_cover@2x-3-pokojowe-mieszkanie-katowice-ochojec-ul-krotka.webp,Katowice Ochojec,Krótka,3,1984,apartamentowiec,,"Katowice Piotrowice - Ochojec mieszkanie w niskim budynku, tylko 4 mieszkania Oferujemy mieszkanie o powierzchni 75,57m2, zlokalizowane w dzielnicy Piotrowice - Ochojec. Usytuowane na 3 piętrze (poddasze) w 3 piętrowym domu wielorodzinnym (tylko 4 mieszkania). Mieszkanie składa się z 3 oddzielnych pokoi (23,60m2+18,20m2+11,40m2), kuchni (11,0m2), przedpokoju (5,47m2), łazienki (5,90m2) po remoncie z prysznicem, umywalką i toaletą (okno dachowe). Rzut mieszkania dołączony do zdjęć. Podłogi w pokojach panele, w kuchni i przedpokoju płytki. Łazienka w płytkach i kafelkach. Okna plastikowe z okleiną drewnianą (wymieniono około 6 lat temu). Natomiast okna dachowe w kuchni i łazience nowe (2025r.) Centralne ogrzewanie i ciepła woda z dwufunkcyjnego pieca gazowego. Mieszkanie jasne zorientowane na 3 strony świata. Czynsz do wspólnoty 350,- zł. Na terenie zamkniętej posesji garaż. Okolica cicha i spokojna, wokół niska zabudowa jednorodzinna. Dobre skomunikowanie z centrum Katowic (przystanki autobusowe) oraz z drogą wylotową szybkiego ruchu w kierunku na Wisłę, w pobliżu ulic gen. Jankego i Radockiego. Bardzo bliski dostęp do rekreacyjnych leśnych terenów (lasy murckowskie, ścieżki spacerowe i rowerowe) ok. 600 m. Powyższa oferta nie stanowi oferty handlowej w rozumieniu przepisów Kodeksu Cywilnego oraz innych właściwych przepisów prawnych i winna być interpretowana wyłącznie jak informacja",,tak,osobna,plastikowe,własność,,50.207746,18.990909
Katowice Śródmieście,ul. Stefana Batorego,3,65,368000,5662,Pośrednik,,6,https://adresowo.pl/o/mieszkanie-katowice-srodmiescie-ul-stefana-batorego-3-pokojowe-w7r0m8,https://s2.adresowa.pl/oi/51/36/33ead2_d289_cover@2x-3-pokojowe-mieszkanie-katowice-srodmiescie-ul-stefana-batorego.webp,Katowice Śródmieście,Stefana Batorego,3,,kamienica,,"Do sprzedania mieszkanie 3-pokojowe zlokalizowane w odnowionej kamienicy przy ulicy Batorego w ścisłym centrum Katowic. Mieszkanie można podzielić na Dwupak. Mieszkanie składa się z WC, Łazienki, Kuchni, Przedpokoju oraz trzech przestronnych pokoi. Piękna Odnowiona Kamienica przy samym Dworcu. Do mieszkania przynależy Piwnica. Mieszkanie w stanie do remontu. Pełna własność. Zapraszam do kontaktu telefonicznego: [numer] Treść niniejszego ogłoszenia nie stanowi oferty handlowej w rozumieniu Kodeksu Cywilnego.",,,,,własność,,50.25552,19.01727
Katowice,Wełnowiec,2,47,390000,8298,bez pośredników,,4,https://adresowo.pl/o/mieszkanie-katowice-welnowiec-2-pokojowe-47-m2-x5k2z6,https://s2.adresowa.pl/oi/6b/28/3fc85c_7820_cover@2x-2-pokojowe-mieszkanie-katowice-welnowiec.webp,Katowice Wełnowiec,,1,,blok,,"Sprzedam 2-pokojowe mieszkanie o powierzchni 47 m²na pierwszym piętrze bloku.4 pietrowym. Mieszkanie jest umeblowane i gotowe do zamieszkania. W kuchni meble, lodówka, piekarnik. Łazienka jest z prysznicem, pralka. Mieszkanie dla 2-3osób, łóżko małżeńskie + 1 tapczan 1-osobowy. Jest również balkon i piwnica. Lokalizacja jest bardzo korzystna. W odległości kilkuminutowego spaceru znajdziesz park, sklepy oraz przystanki komunikacji miejskiej. W pobliżu znajdują się uczelnie wyższe oraz przychodnie. To idealne miejsce dla osób ceniących wygodę i dostęp do infrastruktury",tak,,,,,"Wyposażenie: lodówka, piekarnik, pralka",50.280998,19.011
Katowice Kostuchna,ul. Bażantów,2,85,1250000,14706,bez pośredników,,11,https://adresowo.pl/o/mieszkanie-katowice-kostuchna-ul-bazantow-2-pokojowe-t4y0d0,https://s2.adresowa.pl/oi/29/51/3fc786_a929_cover@2x-2-pokojowe-mieszkanie-katowice-kostuchna-ul-bazantow.webp,Katowice Kostuchna,Bażantów,4,2018,blok,,"Apartament Premium | 85 m² | Taras 30 m² | Ostatnie piętro | Park Bażantów | Garaż podziemny Na sprzedaż wyjątkowy apartament położony na najwyższej kondygnacji prestiżowego osiedla Park Bażantów przy ul. Bażantów w Katowicach. To propozycja dla osób, które cenią nowoczesną architekturę, przestrzeń, prywatność oraz najwyższą jakość wykończenia. Apartament został zaprojektowany z dbałością o każdy detal, wykorzystując naturalne materiały i ponadczasowe rozwiązania. Sercem mieszkania jest przestronny salon połączony z jadalnią i elegancką kuchnią. Dzięki dużym przeszkleniom wnętrze jest doskonale doświetlone przez cały dzień, a wyjście prowadzi na imponujący, około 30-metrowy taras z widokiem na zieleń. Brak sąsiadów nad mieszkaniem zapewnia ciszę i wyjątkowy komfort. We wnętrzu zastosowano naturalną drewnianą podłogę, wielkoformatowe spieki i płytki inspirowane marmurem, meble wykonane na zamówienie, designerskie oświetlenie oraz wysokiej klasy wyposażenie kuchni i łazienki. Taras stanowi prawdziwe przedłużenie salonu - jest miejscem zarówno do wypoczynku, jak i spotkań z rodziną czy przyjaciółmi. Zielony widok i ekspozycja zapewniają wyjątkową atmosferę przez cały rok. Najważniejsze atuty: - 85 m² powierzchni - około 30 m² tarasu - najwyższa kondygnacja budynku - garaż podziemny - prestiżowe osiedle Park Bażantów - salon z jadalnią i otwartą kuchnią - wykończenie w wysokim standardzie - naturalna drewniana podłoga - zabudowy stolarskie wykonane na wymiar - nowoczesna łazienka z podwójną umywalką - sypialnia z garderobą - bardzo duża ilość światła dziennego - widok na zieleń i pełna prywatność Lokalizacja: Park Bażantów to jedno z najbardziej cenionych osiedli w południowej części Katowic. W bezpośrednim sąsiedztwie znajdują się tereny rekreacyjne, ścieżki rowerowe, lasy, restauracje, sklepy, centrum sportowe, szkoły oraz przedszkola. Szybki dojazd do centrum Katowic i autostrady A4 sprawia, że lokalizacja łączy komfort życia z doskonałą komunikacją. Apartament jest gotowy do zamieszkania bez konieczności ponoszenia dodatkowych nakładów finansowych.",,tak,aneks,plastikowe,własność,,50.198801,18.984622
Katowice Piotrowice,ul. Rzepakowa,2,43,469302,10914,bez pośredników,,8,https://adresowo.pl/o/mieszkanie-katowice-piotrowice-ul-rzepakowa-2-pokojowe-d2d8i0,https://s2.adresowa.pl/oi/14/2e/3fba88_f99b_cover@2x-2-pokojowe-mieszkanie-katowice-piotrowice-ul-rzepakowa.webp,Katowice Piotrowice,Rzepakowa,7,,apartamentowiec,,"Dobrynów Katowice | 43,86 m² | Ostatnie piętro | Z uwagi na zmianę planów i wyjazd za granicę, odstąpię umowę przedwstępną na mieszkanie o powierzchni 43,86 m² na nowoczesnym osiedlu Dobrynów w Katowicach. Największym atutem oferty jest atrakcyjny i bardzo funkcjonalny układ mieszkania, którego deweloper nie posiada już w swojej aktualnej ofercie. Lokale o podobnym rozkładzie zostały już wyprzedane, co czyni tę propozycję wyjątkowo interesującą zarówno dla osób szukających mieszkania dla siebie, jak i inwestorów. Dodatkowo mieszkanie zostało wynegocjowane w bardzo korzystnej cenie: 469 302 zł. Dla porównania, wcześniejsza cena ofertowa wynosiła 11 800 zł/m², dzięki czemu obecna oferta stanowi interesującą propozycję dla przyszłego właściciela lub inwestora. Najważniejsze atuty mieszkania: • Ostatnie piętro - większa prywatność, brak sąsiadów nad głową oraz dodatkowy komfort codziennego użytkowania. • Przygotowane wyjście pod klimatyzację na dachu - jednostka zewnętrzna nie zajmie miejsca na balkonie, co daje większą swobodę aranżacji przestrzeni. • Przestronna loggia o wymiarach około 2 × 4 m - idealne miejsce na poranną kawę, relaks czy stworzenie zielonej strefy wypoczynku. • Świetna lokalizacja - w pobliżu znajdują się m.in. Galeria Libero, Centrum Przesiadkowe Brynów oraz szybki dostęp do najważniejszych dróg aglomeracji śląskiej. • Spokój i komfort - mimo doskonałego skomunikowania, zarówno w mieszkaniu, jak i na balkonie nie odczuwa się uciążliwego hałasu. • Dwie windy w budynku, które znacząco podnoszą komfort codziennego funkcjonowania. Dodatkowym atutem jest fakt, że umowa zawierana jest bezpośrednio z deweloperem, dzięki czemu kupujący jest zwolniony z podatku PCC. Dla zdecydowanego kupującego przewidziany jest również voucher do firmy Bel-Pol, który może pomóc w urządzeniu nowego mieszkania. To propozycja, która sprawdzi się zarówno jako komfortowe miejsce do życia, jak i bezpieczna inwestycja na przyszłość. Zapraszam do kontaktu i chętnie odpowiem na wszystkie pytania.",,,,,,,50.223516,18.992429
Katowice Śródmieście,ul. Krzywa,1,29,324000,11172,Pośrednik,,6,https://adresowo.pl/o/mieszkanie-katowice-srodmiescie-ul-krzywa-1-pokoj-u8c4w2,https://s2.adresowa.pl/oi/20/3e/33d5aa_d960_cover@2x-1-pokojowe-mieszkanie-katowice-srodmiescie-ul-krzywa.webp,Katowice Śródmieście,Krzywa,parter,,kamienica,,"Do sprzedania Mieszkanie zlokalizowane w Zrewitalizowanej Kamienicy w ścisłym śródmieściu Katowic w świetnej Kultowej Lokalizacji przy ul. Krzywej! Nieruchomość w stanie po generalnym remoncie w wysokim standardzie, gotowa pod wynajem lub do zamieszkania Cena obejmuję mieszkanie z pełnym widocznym na zdjęciach umeblowaniem i wyposażeniem AGD , w tym indukcja, zmywarka itp. Minuta pieszo do dworca! Ul. Krzywa to wyjątkowa, kultowa wręcz brukowana uliczka zlokalizowana przy samym Dworcu oraz Placu Andrzeja! Bardzo urokliwa, ustronna oraz cicha uliczka, która jednakowo znajduje się w Ścisłym Śródmieściu Katowic. Świetna lokalizacja inwestycyjna nadająca się idealnie pod najem Długo oraz Krótko-Terminowy typu Booking, Airbnb itp. Na ulicy znajdują się miejsca takie jak : Nowo otwarta Winiarnia oferująca włoskie produkty, ekskluzywny zakład krawiecki itp. W najbliższej odległości również wszelkie inne niezbętne punkty usługowe. Świetny widok z okien na Śródmieście - Praktycznie wszystkie kamienice na tej ulicy posiadają odnowione elewacje. Na ulicy rosną również drzewa Mieszkanie w zrewitalizowanej Kamienicy: -Nowa Klatka schodowa, -Nowe piony Wodno-Kanalizacyjne -Nowa instalacja elektryczna z licznikiem 3-fazowym na każde mieszkanie -Nowa kotłownia wraz z rozprowadzeniem nowej instalacji miejskiego ogrzewania -Nowe Pokrycie Dachu, -Nowe okna, -Piwnice, Komórki) Remont mieszkań obejmuje: - nowa instalacja elektryczna/hydrauliczna w całym mieszkaniu - ogrzewanie Miejskie! - ścianki działowe - gładzie na ścianach - malowanie - okna plastikowe - nowe drzwi wejściowe antywłamaniowe - drzwi wewnętrzne -panele / salon -kuchnia na wymiar z pełnym wyposażeniem AGD - łazienka -płytki kuchnia/łazienka - Zabudowa oraz wszystkie meble i sprzęty są zawarte w cenie mieszkania. -Możliwość zakupu mieszkania bez wyposażenia (łóżko szafki szafy sofa stolik itd) Dodatkowo możliwość dokupienia na własność: -Piwnicy -Komórki lokatorskiej W razie pytań proszę o kontakt telefoniczny: [numer] Treść niniejszego ogłoszenia nie stanowi oferty handlowej w rozumieniu Kodeksu Cywilnego.",,,,plastikowe,własność,Wyposażenie: zmywarka,50.25535,19.0162
Katowice Śródmieście,ul. Krzywa,2,28,340000,12143,Pośrednik,,15,https://adresowo.pl/o/mieszkanie-katowice-srodmiescie-ul-krzywa-2-pokojowe-s5y4v2,https://s2.adresowa.pl/oi/5b/36/32790c_faa6_cover@2x-2-pokojowe-mieszkanie-katowice-srodmiescie-ul-krzywa.webp,Katowice Śródmieście,Krzywa,3,,kamienica,,"Do sprzedania Mieszkanie dwupokojowe zlokalizowane w Rewitalizowanej Kamienicy w ścisłym śródmieściu Katowic w świetnej Kultowej Lokalizacji przy ul. Krzywej! Mieszkanie posiada prywatne miejsce parkingowe na zamykanym i monitorowanym parkingu za budynkiem! Nieruchomość sprzedawana w stanie po generalnym remoncie w wysokim standardzie, gotowa pod wynajem lub do zamieszkania. Cena obejmuję generalny remont wraz z wymianą wszystkich instalacji oraz umeblowaniem i wyposażeniem AGD , w tym indukcja, zmywarka itp. Minuta pieszo do dworca! Ul. Krzywa to wyjątkowa, kultowa wręcz brukowana uliczka zlokalizowana przy samym Dworcu oraz Placu Andrzeja! Bardzo urokliwa, ustronna oraz cicha uliczka, która jednakowo znajduje się w Ścisłym Śródmieściu Katowic. Świetna lokalizacja inwestycyjna nadająca się idealnie pod najem Długo oraz Krótko-Terminowy typu Booking, Airbnb itp. Na ulicy znajdują się miejsca takie jak : Nowo otwarta Winiarnia oferująca włoskie produkty, ekskluzywny zakład krawiecki itp. W najbliższej odległości również wszelkie inne niezbętne punkty usługowe. Za budynkiem Parking za bramą na pilota - wielka zaleta zwłaszcza w centrm. Świetny widok z okien na Śródmieście - Praktycznie wszystkie kamienice na tej ulicy posiadają odnowione elewacje. Na ulicy rosną również drzewa Mieszkanie w rewitalizowanej Kamienicy: -Nowa Klatka schodowa, -Nowe piony Wodno-Kanalizacyjne -Nowa instalacja elektryczna z licznikiem 3-fazowym na każde mieszkanie -Nowa kotłownia wraz z rozprowadzeniem nowej instalacji miejskiego ogrzewania -Nowe Pokrycie Dachu, -Nowe okna, -Piwnice, Komórki) Remont mieszkań obejmuje: - nowa instalacja elektryczna/hydrauliczna w całym mieszkaniu - ogrzewanie Miejskie! - ścianki działowe - gładzie na ścianach - malowanie - okna plastikowe - nowe drzwi wejściowe antywłamaniowe - drzwi wewnętrzne -panele / salon -kuchnia na wymiar z pełnym wyposażeniem AGD - łazienka -płytki kuchnia/łazienka - Zabudowa oraz wszystkie meble i sprzęty są zawarte w cenie mieszkania. -Możliwość zakupu mieszkania bez wyposażenia (łóżko szafki szafy sofa stolik itd) Dodatkowo możliwość dokupienia na własność: -Piwnicy -Komórki lokatorskiej W razie pytań proszę o kontakt telefoniczny: [numer] Treść niniejszego ogłoszenia nie stanowi oferty handlowej w rozumieniu Kodeksu Cywilnego.",,tak,,plastikowe,własność,Wyposażenie: zmywarka,50.25535,19.0162
Katowice Bogucice,ul. Modrzewiowa,4,73,560000,7671,bez pośredników,,9,https://adresowo.pl/o/mieszkanie-katowice-bogucice-ul-modrzewiowa-4-pokojowe-p7j6l9,https://s2.adresowa.pl/oi/1a/5c/3fb1ee_3206_cover@2x-4-pokojowe-mieszkanie-katowice-bogucice-ul-modrzewiowa.webp,Katowice Bogucice,Modrzewiowa,1,1979,blok,,"Oferuję na sprzedaż przestronne mieszkanie o powierzchni 73 m², usytuowane na 1. piętrze bloku z 1979 roku. Nieruchomość ma oddzielną kuchnię, balkon oraz piwnicę. Ogrzewanie miejskie zapewnia komfort. Mieszkanie jest w stanie do zamieszkania, co pozwala na szybką przeprowadzkę. Lokalizacja w Bogucicach w Katowicach to idealne miejsce dla osób ceniących wygodę. W okolicy znajdziesz: - parki, takie jak Park Bogucki - szkoły, w tym IV Liceum Ogólnokształcące - liczne restauracje i kawiarnie, np. Bistro Smaczek - dostęp do komunikacji miejskiej, w tym przystanki autobusowe i tramwajowe. W pobliżu znajduje się także kino, muzea oraz ośrodki sportowe, co zapewnia bogatą ofertę kulturalną.",tak,,osobna,plastikowe,własność,,50.270624,19.032581
Katowice Dąb,ul. ks. Piotra Ściegiennego,3,52,465000,8942,bez pośredników,,20,https://adresowo.pl/o/mieszkanie-katowice-dab-ul-ks-piotra-sciegiennego-3-pokojowe-e9w8r6,https://s2.adresowa.pl/oi/2e/45/3fa794_8329_cover@2x-3-pokojowe-mieszkanie-katowice-dab-ul-ks-piotra-sciegiennego.webp,Katowice Dąb,ks. Piotra Ściegiennego,4,1976,blok,,"Oferuję przestronne mieszkanie na 4. piętrze o powierzchni 51 m² (salon z aneksem kuchennym, sypialnia z garderobą, 3 pokój oraz łazienka). Nieruchomość jest w stanie do zamieszkania i jest wyposażona w meble oraz sprzęt AGD, w tym pralkę, zmywarkę i lodówkę, TV OLED PHILIPS, robot sprzątający- DREAME, żelazko bezprzewodowe. Do mieszkania przynależy balkon oraz piwnica. Ogrzewanie miejskie zapewnia komfort przez cały rok. Mieszkanie posiada przestronną garderobę z wejściem od sypialni. Salon i sypialnia z oknami skierowanymi na stronę południową (balkon), okna z aneksu kuchennego i 3 pokoju - strona wschodnia. Lokalizacja w Dąb, Katowice, zapewnia łatwy dostęp do licznych atrakcji. W okolicy znajdziesz: - kawiarnie i restauracje, takie jak ""Wasabi Sushi"" i ""Mount Blanc"" - sklepy spożywcze, w tym Kaufland i Silesia City Center - parki i tereny zielone, w tym Park Śląski i Skwer Aspiranta Jana Górskiego - przychodnie oraz apteki, takie jak ""Dentim Clinic"" i ""Apteka Europejska"" - przystanki komunikacji miejskiej, co ułatwia dojazd do centrum. Zachęcam do kontaktu, aby umówić się na prezentację tego mieszkania! To idealna propozycja dla osób szukających komfortu oraz dogodnej lokalizacji.",tak,,aneks,plastikowe,własność,"Wyposażenie: lodówkę, pralkę, tv, zmywarkę",50.273042,19.008485
Katowice Murcki,ul. Pawła Kołodzieja,2,50,349000,6980,bez pośredników,,7,https://adresowo.pl/o/mieszkanie-katowice-murcki-ul-pawla-kolodzieja-2-pokojowe-i4l7i7,https://s2.adresowa.pl/oi/78/1a/3f9fc4_869b_cover@2x-2-pokojowe-mieszkanie-katowice-murcki-ul-pawla-kolodzieja.webp,Katowice Murcki,Pawła Kołodzieja,parter,1920,kamienica,,"***OFERTA OD OSOBY PRYWATNEJ - POSREDNIKOM DZIĘKUJEMY*** Nowoczesne, wyjątkowo starannie wyremontowane mieszkanie w spokojnej części Katowic – Murcki, ul. Pawła Kołodzieja Na sprzedaż jasne, przestronne i funkcjonalne 2-pokojowe mieszkanie o powierzchni 50,57 m², położone na wysokim parterze kameralnego, niskiego budynku w zielonej i spokojnej części Katowic. Nieruchomość przeszła kompleksowy remont generalny wykonany od podstaw. Mieszkanie było przygotowywane na własne potrzeby, bez oszczędzania na materiałach i jakości wykonania. Zadbano zarówno o estetykę, jak i o wszystkie elementy techniczne. Kompleksowy remont obejmował między innymi: - wymianę instalacji elektrycznej, -wymianę instalacji wodno-kanalizacyjnej, rur i przewodów, -wykonanie nowych podłóg, ścian i sufitów, -montaż nowoczesnego oświetlenia -wymianę drzwi wewnętrznych i zewnętrznych -całkowicie nową łazienkę, -przygotowanie instalacji i przyłączy pod zabudowę kuchenną, -montaż systemu alarmowego. Wnętrze zostało urządzone w eleganckiej, ponadczasowej stylistyce. Jasne kolory, drewniane akcenty, czarne detale oraz płytki imitujące naturalny marmur tworzą nowoczesną i spójną całość. Mieszkanie prezentuje się świeżo, estetycznie i z klasą. Układ mieszkania Mieszkanie składa się z: -przestronnego salonu – ustawnego i dobrze doświetlonego, niezależnej sypialni, - oddzielnej, wyjątkowo jasnej kuchni z oknami, przygotowanej do wykonania zabudowy według własnego projektu wraz z osobnym pomieszczeniem na pralnię/ spiżarnię, - nowoczesnej łazienki z wanną, WC i grzejnikiem drabinkowym, - długiego, funkcjonalnego przedpokoju z dekoracyjnym wykończeniem ścian. Wszystkie pomieszczenia są niezależne, dzięki czemu mieszkanie doskonale sprawdzi się zarówno dla pary, singla, rodziny z dzieckiem, jak i jako nieruchomość inwestycyjna pod wynajem. - Media i opłaty -ogrzewanie miejskie, -ciepła woda z sieci miejskiej, -kanalizacja, -czynsz administracyjny około 1 000 zł, obejmujący również fundusz remontowy, -domofon i system alarmowy. Mieszkanie nie wymaga wykonywania prac remontowych. Nowy właściciel może urządzić kuchnię i umeblować wnętrza zgodnie z własnym stylem, bez konieczności ingerowania w instalacje czy wykończenie lokalu.",tak,tak,osobna,plastikowe,własność,,50.192214,19.035454
Katowice Śródmieście,ul. Andrzeja Mielęckiego,3,71,479000,6746,Pośrednik,,9,https://adresowo.pl/o/mieszkanie-katowice-srodmiescie-ul-andrzeja-mieleckiego-3-pokojowe-i7g0s6,https://s2.adresowa.pl/oi/21/17/3166c6_6e4d_cover@2x-3-pokojowe-mieszkanie-katowice-srodmiescie-ul-andrzeja-mieleckiego.webp,Katowice Śródmieście,Andrzeja Mielęckiego,2,,kamienica,,"Do sprzedania mieszkanie 3-pokojowe zlokalizowane w odnowionej kamienicy przy ulicy Mielęckiego w ścisłym centrum Katowic, w bezpośrednim sąsiedztwie ulic Mariackiej oraz Dworcowej. Mieszkanie można podzielić na Dwa Osobne Mieszkania Mieszkanie składa się z WC, Łazienki, Kuchni, Przedpokoju oraz trzech przestronnych pokoi. Piękna Odnowiona Kamienica z zadbaną klatką schodową oraz schludnym i zadbanym podwórkiem. Okna wychodzą na stronę podwórka dzięki czemu mieszkanie jest ciche. Kamienica po termomodernizacji. Do mieszkania przynależy Piwnica. Jest możliwość wjazdu do bramy oraz parkowania na zamkniętym Parkingu. Świeżo wymieniona instalacja miejskiego ogrzewania oraz wstawione nowe grzejniki. Mieszkanie w stanie do remontu. Pełna własność. Biuro pobiera prowizję od strony kupującej. Zapraszam do kontaktu telefonicznego: [numer] Treść niniejszego ogłoszenia nie stanowi oferty handlowej w rozumieniu Kodeksu Cywilnego.",,,,plastikowe,własność,,50.25828,19.02477
Katowice,ul. Adama Mickiewicza,4,115,859000,7470,Pośrednik,,12,https://adresowo.pl/o/mieszkanie-katowice-ul-adama-mickiewicza-4-pokojowe-q0v2r6,https://s2.adresowa.pl/oi/51/33/2f7b50_7619_cover@2x-4-pokojowe-mieszkanie-katowice-ul-adama-mickiewicza.webp,Katowice ,Adama Mickiewicza,parter,,kamienica,,Do sprzedania 4-Pak inwestycyjny o powierzchni łącznej 115m2 zlokalizowany na wysokim parterze w kamienicy przy ulicy Mickiewicza w Ścisłym Centrum Katowic obok Rynku. Kamienica po termomodernizacji oraz remoncie klatki schodowej. Nieruchomość świeżo po generalnym remoncie wraz z wymianą wszystkich instalacji. Mieszkania w pełni wyposażone w Aneksy kuchenne oraz Łazienki z prysznicami. Nieruchomość składa się z 4 niezależnych mieszkań : 1. Mikro Kawalerka z Balkonem na stronę podwórza - do wynajęcia w cenie min 1300 zł + opłaty 2. Kawalerka z oknami na ul. Mickiewicza - do wynajęcia w cenie min 1700 zł + opłaty 3. Większa Kawalerka z oknami na ul. Mickiewicza - do wynajęcia w cenie min 2000 zł + opłaty 4. Mieszkanie z osobną Kuchnią na stronę podwórza - do wynajęcia w cenie min 2500 zł + opłaty Prognozowane ROI na poziomie 10% Ogrzewanie gazowe. Pełna własność. Prowizja biura nieruchomości. Zapraszam do kontaktu telefonicznego: [numer] Treść niniejszego ogłoszenia nie stanowi oferty handlowej w rozumieniu Kodeksu Cywilnego.,,,,plastikowe,własność,,50.26174,19.017114
Katowice Wełnowiec,ul. Józefowska,1,35,269000,7686,bez pośredników,,6,https://adresowo.pl/o/mieszkanie-katowice-welnowiec-ul-jozefowska-1-pokoj-g7z2a8,https://s2.adresowa.pl/oi/5b/31/3f9f90_39ef_cover@2x-1-pokojowe-mieszkanie-katowice-welnowiec-ul-jozefowska.webp,Katowice Wełnowiec,Józefowska,4,1980,blok,,Mieszkanie na 4/4 bloku z balkonem 6m. Kuchnia w zabudowie. Stan do odświeżenia. Pełna własność. Ogłoszenie prywatne.,,,,plastikowe,własność,,50.284042,19.014326
Katowice Zarzecze,ul. Konrada Swinarskiego,3,48,575000,11979,bez pośredników,,8,https://adresowo.pl/o/mieszkanie-katowice-zarzecze-ul-konrada-swinarskiego-3-pokojowe-w1k7e6,https://s2.adresowa.pl/oi/68/3b/3f971e_c36b_cover@2x-3-pokojowe-mieszkanie-katowice-zarzecze-ul-konrada-swinarskiego.webp,Katowice Zarzecze,Konrada Swinarskiego,parter,2021,apartamentowiec,,"Na sprzedaż wyjątkowe mieszkanie o powierzchni 48 m², zlokalizowane przy ul. Konrada Swinarskiego w jednej z najbardziej pożądanych dzielnic Katowic - Zarzeczu. Lokal znajduje się na parterze kameralnej zabudowy szeregowej i stanowi mieszkanie narożne, co zapewnia większą prywatność oraz komfort użytkowania. Do nieruchomości przynależy prywatny ogródek o powierzchni około 60 m² z tarasem oraz dwa miejsca postojowe na wyłączność, które są wliczone w cenę. To doskonała propozycja dla osób, które cenią nowoczesne budownictwo, wysoki standard wykończenia oraz możliwość urządzenia wnętrza według własnego gustu. Najważniejsze atuty nieruchomości: - powierzchnia 48 m² - funkcjonalny układ - 3 pokoje - mieszkanie narożne na parterze - prywatny ogródek z tarasem (ok. 60 m²) - 2 miejsca postojowe na wyłączność w cenie - nowe budownictwo (2021 r.) - mieszkanie bezczynszowe - ogrzewanie podłogowe w całym mieszkaniu - dwufunkcyjny piec gazowy - wysoki standard wykończenia - okna trzyszybowe - rolety zewnętrzne oraz zabezpieczenia antywłamaniowe - sprzedaż bezpośrednia - bez prowizji dla biura nieruchomości! Standard wykończenia Mieszkanie zostało wykończone z wykorzystaniem wysokiej jakości materiałów i jest gotowe do własnej aranżacji. W lokalu wykonano: - dębowe podłogi drewniane, - drewniane drzwi wewnętrzne, - gładzie oraz malowanie ścian, - w pełni wykończoną łazienkę, - ogrzewanie podłogowe na całej powierzchni mieszkania - kamienne parapety w pokojach Mieszkanie sprzedawane jest bez zabudowy kuchennej i mebli, dzięki czemu nowy właściciel może zaprojektować przestrzeń zgodnie z własnymi potrzebami i stylem. Prywatny ogródek Niewątpliwym atutem nieruchomości jest ogródek o powierzchni około 60 m², idealny do wypoczynku, spotkań z rodziną czy stworzenia własnej zielonej przestrzeni. Dodatkowym udogodnieniem jest studnia z wodą deszczową, umożliwiająca bezpłatne podlewanie ogrodu. Dodatkowe informacje: - przy wejściu do budynku znajduje się wiatrołap współdzielony z sąsiadami z góry, którego wykończenie pozostaje do wykonania zgodnie z ustaleniami właścicieli, - do wykonania pozostaje jedynie zabudowa kuchenna wraz ze sprzętem AGD. Lokalizacja Katowice - Zarzecze to spokojna i zielona dzielnica, ceniona za kameralną zabudowę oraz doskonałą komunikację z centrum miasta, Mikołowem i Tychami. W najbliższej okolicy znajdują się: - sklepy i punkty usługowe (sklep Lidl, weterynarz), - szkoły oraz przedszkola, - tereny rekreacyjne, ścieżki spacerowe i rowerowe, - przystanki komunikacji miejskiej, - szybki wyjazd na drogę DK81 oraz autostradę A4. To idealne miejsce dla osób poszukujących ciszy i komfortu, bez rezygnacji z wygodnego dostępu do miejskiej infrastruktury. Cena: 599 000 zł W cenę wliczone są dwa prywatne miejsca postojowe. Sprzedaż bezpośrednia - bez prowizji. Pośrednikom dziękujemy. Zapraszam do kontaktu telefonicznego oraz na prezentację nieruchomości. Więcej informacji i zdjęć po wcześniejszym kontakcie.",,,,,,,50.180437,18.942711
Katowice,os. Tysiąclecia,1,38,399000,10500,bez pośredników,,19,https://adresowo.pl/o/mieszkanie-katowice-os-tysiaclecia-1-pokoj-38-m2-p1d1e7,https://s2.adresowa.pl/oi/52/70/3f8578_eff8_cover@2x-1-pokojowe-mieszkanie-katowice-os-tysiaclecia.webp,Katowice os. Tysiąclecia,,4,1980,blok,,"Witam, Mam do sprzedania moją własną 38 metrową kawalerkę do zamieszkania od zaraz, po przeprowadzonym remoncie. Nowa instalacja elektryczna miedziana. Niski czynsz. Mieszkanie gotowe pod klucz, do ewentualnych zakupów mebli wg. własnego uznania. Duży pokój salonowy z oddzielną kuchnią i łazienką, jak również pomieszczeniem gospodarczym lub garderobą. Obszerny balkon z pięknym widokiem na park, a co najważniejsze w spokojnym miejscu z potężnym parkingiem dla mieszkańców, co rozwiązuje w zupełności problem z poszukiwaniem miejsca dla swojego samochodu. Na piętrze wspaniali sąsiedzi (przyjazna atmosfera zamieszkania). Ogłoszenie prywatne. Zastrzegam sobie możliwość kopiowania oferty, wrzucania na inne portale bez mojej zgody przez Biura Nieruchomości. Nie wykluczam współpracy, ale po wcześniejszych ustaleniach. W przypadku zainteresowania proszę o kontakt telefoniczny pod nr. Kom:",,,osobna,,,,50.278957,18.974086
Katowice Śródmieście,ul. Jana Kochanowskiego,4,98,749000,7643,Pośrednik,,15,https://adresowo.pl/o/mieszkanie-katowice-srodmiescie-ul-jana-kochanowskiego-4-pokojowe-m4v5f9,https://s2.adresowa.pl/oi/41/6c/2f5f80_ff6a_cover@2x-4-pokojowe-mieszkanie-katowice-srodmiescie-ul-jana-kochanowskiego.webp,Katowice Śródmieście,Jana Kochanowskiego,3,,kamienica,,"Do sprzedania mieszkanie 4-pokojowe z Dużym Balkonem zlokalizowane w świetnej lokalizacji śródmieścia Katowic przy ulicy Kochanowskiego. Mieszkanie znajduję się na 3 piętrze w 4-piętrowej Zabytkowej Kamienicy. Jedyne Mieszkanie z Balkonem pod Gołym Niebiem. Okna wychodzą na stronę zachodnią. Klatka schodowa po remoncie. Mieszkanie składa się z przedpokoju, łazienki z WC, osobnej kuchni, czterech przestronnych Niezależnych pokoi oraz Dużego balkonu z pięknym widokiem na centrum! Mieszkanie po częściowym remoncie: Ogrzewanie oraz ciepła woda z Pieca Gazowego Dwufunkcyjnego. Świetna inwestycja pod wynajem lub na właśność. Pełna własność. Zapraszam do kontaktu telefonicznego: [numer] Treść niniejszego ogłoszenia nie stanowi oferty handlowej w rozumieniu Kodeksu Cywilnego.",,,,plastikowe,własność,,50.25377,19.01617
Katowice Śródmieście,ul. Mikołaja Kopernika,2,49,390000,7959,Pośrednik,,14,https://adresowo.pl/o/mieszkanie-katowice-srodmiescie-ul-mikolaja-kopernika-2-pokojowe-s4p3u5,https://s2.adresowa.pl/oi/61/65/2de888_e4f9_cover@2x-2-pokojowe-mieszkanie-katowice-srodmiescie-ul-mikolaja-kopernika.webp,Katowice Śródmieście,Mikołaja Kopernika,3,,kamienica,,Do sprzedania mieszkanie 2-pokojowe w stanie do odświeżenia zlokalizowane na 3 piętrze Pięknej kamienicy na rogu Kościuszki i Kopernika przy samym Pl Miarki. Kamienica po rewitalizacji z piękną klatką schodową. Dodatkowo w kamienicy zostały wymienione wszystkie instalacje oraz dach. Parking za budynkiem dla mieszkańców. Możliwość podziału na dwie kawalerki z niezależnymi wejściami z klatki schodowej. Gaz na klatce. Okna Plastikowe. Pełna własność z czystą KW. Zapraszam do kontaktu telefonicznego: [numer] Treść niniejszego ogłoszenia nie stanowi oferty handlowej w rozumieniu Kodeksu Cywilnego.,,,,,własność,,50.25494,19.01437
Katowice Zawodzie,al. Walentego Roździeńskiego,3,59,449000,7610,bez pośredników,,19,https://adresowo.pl/o/mieszkanie-katowice-zawodzie-al-walentego-rozdzienskiego-3-pokojowe-e5r0p9,https://s2.adresowa.pl/oi/1a/34/3f835e_acc7_cover@2x-3-pokojowe-mieszkanie-katowice-zawodzie-al-walentego-rozdzienskiego.webp,Katowice Zawodzie,Walentego Roździeńskiego,10,1983,blok,,"Sprzedam mieszkanie 3-pokojowe o powierzchni 59,40 m², zlokalizowane w Katowicach przy al. Walentego Roździeńskiego 86. Lokal znajduje się na 10. piętrze w wysokim budynku mieszkalnym, Osiedle Gwiazdy. Mieszkanie składa się z trzech pokoi, kuchni, jadalni, łazienki, wc, przedpokoju oraz balkonu/loggii. Do mieszkania przynależy również komórka lokatorska. Największym atutem mieszkania jest położenie na wysokim piętrze oraz widok z okien i balkonu. Z mieszkania rozciąga się szeroka panorama miasta, okoliczna zieleń oraz przestrzeń między budynkami. Duże okna zapewniają dobre doświetlenie pomieszczeń. Lokal jest w stanie do remontu, co daje możliwość własnej aranżacji wnętrza. Można zachować układ trzech niezależnych pokoi albo dostosować mieszkanie do własnych potrzeb, np. tworząc wygodną strefę dzienną. To dobra propozycja dla rodziny, pary, osoby szukającej mieszkania do własnego urządzenia albo inwestora pod wynajem. Budynek położony jest w dobrze skomunikowanej części Katowic. W pobliżu znajdują się tereny zielone, parkingi, punkty usługowe, sklepy, wyższe uczelnie, komunikacja miejska oraz szybki dojazd do centrum Katowic i głównych tras.",tak,,osobna,plastikowe,spółdzielcze własnościowe,,50.260999,19.036285
Katowice Śródmieście,ul. Opolska,1,27,390000,14444,bez pośredników,,7,https://adresowo.pl/o/mieszkanie-katowice-srodmiescie-ul-opolska-1-pokoj-w2s7r7,https://s2.adresowa.pl/oi/48/7b/3f81e6_6cbe_cover@2x-1-pokojowe-mieszkanie-katowice-srodmiescie-ul-opolska.webp,Katowice Śródmieście,Opolska,4,1900,kamienica,,"Mieszkanie na najwyższym piętrze w pięknej kamienicy w samym centrum Katowic, po generalnym remoncie przeprowadzonym w 2020. Mieszkanie jest gotowe do zamieszkania i wyposażone w meble, pralkę, zmywarkę, lodówkę, kuchenkę, piekarnik i klimatyzację. W budynku znajduje się winda i rowerownia. Lokalizacja zapewnia dostęp do szerokiej oferty kulturalnej, rozrywkowej i edukacyjnej. W pobliżu filharmonia, sklepy, przystanki autobusowe, rynek, Galeria Katowicka, dworzec kolejowy, Supersam i inne. Mieszkanie do tej pory służyło do wynajmu, ze względu na swoją doskonałą lokalizację i fakt, że kamienica została odświeżona do poziomu deweloperskiego. Cena jest do lekkiej negocjacji. Agencjom nieruchomości - dziękuję.",,,aneks,plastikowe,własność,"Wyposażenie: kuchenkę, lodówkę, piekarnik, pralkę, zmywarkę",50.261886,19.012478
Katowice Bogucice,ul. Leopolda Markiefki,3,60,475000,7917,bez pośredników,,10,https://adresowo.pl/o/mieszkanie-katowice-bogucice-ul-leopolda-markiefki-3-pokojowe-h8y8b1,https://s2.adresowa.pl/oi/72/7e/3f8124_30b4_cover@2x-3-pokojowe-mieszkanie-katowice-bogucice-ul-leopolda-markiefki.webp,Katowice Bogucice,Leopolda Markiefki,4,1976,blok,,"Oferuję na sprzedaż dwustronne (wschód-zachód) mieszkanie o powierzchni 60,01 m². Mieszkanie znajduje się na czwartym (ostatnim) piętrze budynku z 1976 roku, składa się z trzech pokoi, oddzielnej kuchni z oknem, łazienki, toalety, przedpokoju oraz balkonu. Do mieszkania przynależy piwnica. Do dyspozycji lokatorów jest również rowerownia/wózkownia. Ogrzewanie miejskie zapewnia komfort przez cały rok, a antywłamaniowe drzwi i domofon zapewniają poczucie bezpieczeństwa. Ciepła woda użytkowa pochodzi z miejskiej sieci ciepłowniczej, a zatem w budynku nie ma piecyków gazowych w łazienkach. Klatka schodowa jest wyremontowana. Do mieszkania doprowadzona jest infrastruktura telefoniczna i internetowa. Sąsiedzi są spokojni i mili. Lokalizacja w Bogucicach, to idealne miejsce dla osób ceniących bliskość punktów handlowo-usługowych, atrakcji kulturalnych (Strefa Kultury) i terenów zielonych (Park Bogucki). Doskonały dostęp do komunikacji miejskiej ułatwia codzienne dojazdy. W najbliższej okolicy znajdują się również żłobki, przedszkola, szkoły, uczelnie wyższe, place zabaw, MDK, biblioteki, paczkomaty, siłownie, szpitale, przychodnie, kościoły, teatry itd. Do centrum Katowic spacerkiem można dojść w 20 minut. Mieszkanie spółdzielcze-własnościowe nie ma założonej jeszcze księgi wieczystej, ale Katowicka Spółdzielnia Mieszkaniowa jest na etapie regulowania spraw własnościowych gruntu. Mieszkanie nadaje się do odświeżenia lub remontu, a jego funkcjonalny układ daje wiele możliwości aranżacji wg potrzeb i wyobraźni nowego właściciela.",tak,,osobna,drewniane,spółdzielcze własnościowe,Wyposażenie: internet,50.266381,19.040834
Katowice Śródmieście,pl. dr. Józefa Rostka,5,148,1200000,8108,Pośrednik,,19,https://adresowo.pl/o/mieszkanie-katowice-srodmiescie-pl-dr-jozefa-rostka-5-pokojowe-h6u7m2,https://s2.adresowa.pl/oi/59/67/2d4078_963e_cover@2x-5-pokojowe-mieszkanie-katowice-srodmiescie-pl-dr-jozefa-rostka.webp,Katowice Śródmieście,pl. dr. Józefa Rostka,2,1904,kamienica,,"Katowice Śródmieście 150m2 dwa oddzielne mieszkania w jednym Oferujemy elegancki bardzo duży lokal mieszkalny w śródmieściu Katowic w bardzo dobrym standardzie o autorskim stylowym wykończeniu o powierzchni 149,84 m2. Usytuowany na 2 piętrze w 3 piętrowej kamienicy. Według obecnego stanu lokal mieszkalny użytkowany jest jako dwa odrębne mieszkania (oddzielne wejścia z klatki schodowej). Stąd może stanowić różnorakie rozwiązania, mieszkanie dla wielopokoleniowej rodziny, bądź mieszkanie i lokal biurowy czy gabinet, jak również mniejsze mieszkanie przeznaczyć na wynajem dłuższy lub krótkoterminowy. Pierwsze mieszkanie o powierzchni 110 m2 składa się z 3 pokoi, garderoby, widnej kuchni, przedpokoju, łazienki z rogową wanną i umywalką, odrębnego pomieszczenia z toaletą, dwóch balkonów typu loggia (jedna jest zamknięta oknem stanowiąc dodatkowe połączenie kuchni z jednym z pokoi). Drugie mieszkanie o powierzchni 40 m2 składa się z 2 pokoi, aneksu kuchennego, dużej łazienki z umywalką, kabiną prysznicową i toaletą. Ściany w całym lokalu w gładziach, a w kuchni część ścian w odkrytej cegle. Na podłogach w większym mieszkaniu płytki i kafle, a w mniejszym parkiety. Łazienka i odrębne pomieszczenie z toaletą wykonane w wysokiej jakości marmurowych kaflach i glazurze (marmur świętokrzyski). Łazienka w mniejszym mieszkaniu w wysokiej jakości płytkach i glazurze. Okna nowe plastikowe (duże mieszkanie) i nowe drewniane (mniejsze mieszkanie). Centralne ogrzewanie i ciepła woda z dwufunkcyjnego pieca gazowego. W trakcie generalnego remontu w lokalu wymieniono instalację wodno - kanalizacyjną, elektryczną i gazową. Stropy wylane betonem. W mieszkaniu przygotowano instalację do podłączenia klimatyzacji. Mieszkanie zorientowane na dwie strony świata (południe i północ). Do mieszkania przynależy duża piwnica (20 m2). Czynsz miesięczny ok. 240 zł,- (fundusz remontowy, oświetlenie i sprzątanie klatki schodowej oraz wywóz śmieci). Na życzenie wysyłamy rzut mieszkania. Wejście do klatki schodowej zamykane na domofon. Podwórko kamienicy w kostce brukowej. Bardzo dobre skomunikowanie z centrum Katowic (ok. 500 m do dworca PKP) oraz z drogami wylotowymi z miasta (autostrada Kraków - Wrocław; droga szybkiego ruchu w kierunku na Wisłę). Blisko przystanki miejskich autobusów i tramwaju. Do Parku Kościuszki ok. 900 metrów.",tak,,osobna,plastikowe,własność,,50.255067,19.010253
Katowice Śródmieście,ul. Jana Kochanowskiego,3,111,895000,8063,Pośrednik,,11,https://adresowo.pl/o/mieszkanie-katowice-srodmiescie-ul-jana-kochanowskiego-3-pokojowe-i0o7s6,https://s2.adresowa.pl/oi/26/6f/2b89bc_67a6_cover@2x-3-pokojowe-mieszkanie-katowice-srodmiescie-ul-jana-kochanowskiego.webp,Katowice Śródmieście,Jana Kochanowskiego,1,,kamienica,,"Do sprzedania mieszkanie 3-pokojowe z Balkonem zlokalizowane w świetnej lokalizacji śródmieścia Katowic przy ulicy Kochanowskiego. Mieszkanie znajduję się na 1 piętrze w 4-piętrowej Zabytkowej Kamienicy. Okna wychodzą na stronę zachodnią. Klatka schodowa po remoncie. Mieszkanie składa się z przedpokoju, łazienki z WC, osobnej kuchni, trzech przestronnych Niezależnych pokoi oraz balkonu z pięknym widokiem na centrum! Mieszkanie w trakcie generalnego remontu! M.in. Wymiana wszystkich instalacji, oryginalna odnowiona stolarka drzwiowa, nowe drewniane podłogi, Oryginalna odkryta cegła, łazienka oraz kuchnia po remoncie. Ogrzewanie oraz ciepła woda z Pieca Gazowego Dwufunkcyjnego. Świetna inwestycja pod wynajem lub na właśność. Pełna własność. Zapraszam do kontaktu telefonicznego: [numer] Treść niniejszego ogłoszenia nie stanowi oferty handlowej w rozumieniu Kodeksu Cywilnego.",,,,plastikowe,własność,,50.25421,19.01866
Katowice Śródmieście,pl. Wolności,3,88,699999,7955,bez pośredników,,12,https://adresowo.pl/o/mieszkanie-katowice-srodmiescie-pl-wolnosci-3-pokojowe-k5m8t9,https://s2.adresowa.pl/oi/3f/60/3f8050_5c6c_cover@2x-3-pokojowe-mieszkanie-katowice-srodmiescie-pl-wolnosci.webp,Katowice Śródmieście,pl. Wolności,3,1896,kamienica,,"Na sprzedaż nieruchomość o łącznej powierzchni 88,69 m², położona na 3. piętrze kamienicy w centrum Katowic. Nieruchomość została funkcjonalnie podzielona na dwa niezależne mieszkania, objęte jedną księgą wieczystą. To interesująca propozycja dla inwestora poszukującego lokalu przeznaczonego pod najem długoterminowy, krótkoterminowy lub połączenie obu modeli. Najważniejsze informacje: - dwa niezależne mieszkania na jednej księdze wieczystej, - łączna powierzchnia nieruchomości: 88,69 m², - 3. piętro w kamienicy, - niski łączny czynsz administracyjny - około 700 zł miesięcznie, - indywidualne ogrzewanie gazowe, - zautomatyzowany dostęp do nieruchomości za pomocą kodów, - układ umożliwiający niezależne wynajmowanie każdego mieszkania. W skład nieruchomości wchodzi również prywatny korytarz łączący oba mieszkania. Znajduje się w nim pojemna szafa gospodarcza z suszarką, która ułatwia przechowywanie pościeli, ręczników i środków potrzebnych do obsługi najmu. Jest to szczególnie praktyczne rozwiązanie przy prowadzeniu najmu krótkoterminowego. Nieruchomość może stanowić gotową bazę inwestycyjną pozwalającą uzyskiwać przychód z dwóch niezależnie wynajmowanych mieszkań, przy zachowaniu stosunkowo niskich kosztów administracyjnych. Cena: 699 000 zł. Sprzedaż bezpośrednia. Zapraszam do kontaktu oraz umówienia prezentacji.",,,,plastikowe,własność,,50.259334,19.013123
Katowice Kostuchna,ul. Bażantów,1,26,330000,12692,bez pośredników,,8,https://adresowo.pl/o/mieszkanie-katowice-kostuchna-ul-bazantow-1-pokoj-n9j2g1,https://s2.adresowa.pl/oi/5e/7c/3f7b90_8291_cover@2x-1-pokojowe-mieszkanie-katowice-kostuchna-ul-bazantow.webp,Katowice Kostuchna,Bażantów,4,2015,apartamentowiec,,"Na sprzedaż funkcjonalne i zadbane mieszkanie o powierzchni 26,5 m², położone na 4. piętrze budynku z 2015 roku przy ul. Bażantów w Katowicach. Mieszkanie składa się z salonu z rozkładaną kanapą i wyjściem na balkon, otwartej kuchni z zabudową i sprzętem AGD, łazienki z kabiną prysznicową i pralką oraz przedpokoju z pojemną szafą w zabudowie. Lokal jest jasny, funkcjonalnie urządzony i bardzo dobrze wykorzystuje dostępną przestrzeń. Przez lata mieszkanie było starannie utrzymywane, dzięki czemu znajduje się w dobrym stanie i nie wymaga kosztownego remontu. Dużym atutem jest balkon z otwartym widokiem na osiedle i pobliską zieleń. Na terenie osiedla znajdują się miejsca parkingowe dostępne dla mieszkańców, a wjazd zabezpieczony jest szlabanem otwieranym zdalnie. Miejsca parkingowe nie są przypisane do konkretnych mieszkań. Okolica jest spokojna, a jednocześnie bardzo dobrze skomunikowana z pozostałymi częściami Katowic. W pobliżu znajdują się sklepy, punkty usługowe oraz infrastruktura potrzebna na co dzień. W ostatnim czasie mieszkanie było wynajmowane krótkoterminowo, dlatego może być również ciekawą propozycją inwestycyjną. Sprawdzi się jako pierwsze mieszkanie, lokal dla jednej osoby lub pary, a także nieruchomość przeznaczona pod dalszy wynajem. Mieszkanie sprzedawane jest z pełnym wyposażeniem widocznym na zdjęciach, w tym z meblami, zabudową kuchenną oraz sprzętem AGD. Sprzedaż związana jest z moją przeprowadzką do Gdańska i planowanym zakupem mieszkania w nowym miejscu zamieszkania. Sprzedaż bezpośrednio od właściciela. Zapraszam do kontaktu oraz umówienia terminu prezentacji mieszkania.",,,aneks,,własność,,50.198801,18.984622
Katowice Załęże,ul. 18 Sierpnia,3,58,355000,6121,bez pośredników,,10,https://adresowo.pl/o/mieszkanie-katowice-zaleze-ul-18-sierpnia-3-pokojowe-c9j2s9,https://s2.adresowa.pl/oi/70/4f/3f7b88_c51c_cover@2x-3-pokojowe-mieszkanie-katowice-zaleze-ul-18-sierpnia.webp,Katowice Załęże,18 Sierpnia,parter,,blok,,"Na sprzedaż mieszkanie o powierzchni 58,25 m² w Katowicach na parterze. Mieszkanie odmalowane w dobrym stanie i gotowe do umeblowania. Mieszkanie posiada oddzielną, dużą, przestronną kuchnię, dwa bardzo funkcjonalne pokoje, łazienkę wraz z WC wyposażoną w prysznic. Istnieje możliwość aranżacji jednego pokoju z aneksem kuchennym i uzyskanie w ten sposób salonu z kuchnią i dwóch odrębnych pokoi. Mieszkanie idealne zarówno dla rodziny z dziećmi, jak i studentów. W okolicy znajdują się również przychodnie i apteki, przedszkola, szkoły oraz sklepy, co zapewni komfort codziennego życia. Nie czekaj, skontaktuj się ze mną już dziś!!!",,,aneks,,własność,,50.261722,19.003896
Katowice Ligota,ul. Władysława Orkana,3,47,493500,10500,bez pośredników,,13,https://adresowo.pl/o/mieszkanie-katowice-ligota-ul-wladyslawa-orkana-3-pokojowe-n4a5u6,https://s2.adresowa.pl/oi/36/54/3f7484_cdc5_cover@2x-3-pokojowe-mieszkanie-katowice-ligota-ul-wladyslawa-orkana.webp,Katowice Ligota,Władysława Orkana,parter,2009,blok,,"3 POKOJE NA ZIELONYM BRYNOWIE. Mieszkanie w jednej z najbardziej cenionych lokalizacji Katowic. Jeśli szukasz mieszkania z doskonałą lokalizacją, funkcjonalnym układem i dużym potencjałem aranżacyjnym - ta oferta jest właśnie dla Ciebie. Na sprzedaż 3-pokojowe mieszkanie o powierzchni 47 m², położone na parterze zadbanego osiedla Ligot Park przy ul. Orkana w Katowicach. Mieszkanie zostało świeżo odmalowane, jest zadbane i gotowe do zamieszkania. Stan lokalu pozwala wprowadzić się od razu, a przyszłą modernizację przeprowadzić wtedy, kiedy będzie na to czas i zgodnie z własnym gustem. UKŁAD MIESZKANIA: * przestronny salon z aneksem kuchennym * sypialnia * dodatkowy pokój (idealny jako pokój dziecka, gabinet lub garderoba) * łazienka z wanną * funkcjonalny przedpokój z pojemną szafą Mimo kompaktowego metrażu mieszkanie sprawia wrażenie bardzo przestronnego dzięki świetnie zaprojektowanemu układowi pomieszczeń. Każdy metr został praktycznie wykorzystany. NAJWIĘKSZE ATUTY: * 3 pokoje na 47 m² * bardzo funkcjonalny układ * parter * świeżo odmalowane ściany * zabudowa kuchenna * miejsce na pojemną zabudowę w przedpokoju * zadbane, spokojne osiedle * dużo zieleni wokół budynku * przestronna łazienka * idealne zarówno do zamieszkania, jak i pod inwestycję LOKALIZACJA: Ligota Park to jedno z najbardziej cenionych osiedli w południowej części Katowic. Mieszkańcy cenią je za spokojną atmosferę, dużą ilość zieleni oraz doskonałą komunikację z centrum miasta. W najbliższej okolicy znajdują się między innymi: * Centrum Handlowe Libero - ponad 150 sklepów, restauracje, kino i usługi * Park Kościuszki - jedno z najpiękniejszych miejsc spacerowych w Katowicach * Ośrodek rekreacyjno-wypoczynkowy Rolna - letnie kąpielisko z basenami i terenami rekreacyjnymi, położone tuż przy osiedlu * liczne ścieżki rowerowe i tereny zielone * przystanki autobusowe i tramwajowe zapewniające szybki dojazd do centrum Katowic * dogodny wyjazd na autostradę A4 DLA KOGO? * dla singla / studenta * dla pary * dla rodziny z dzieckiem * jako mieszkanie inwestycyjne pod wynajem Zapraszam do kontaktu i umówienia prezentacji. TO MIESZKANIE WARTO ZOBACZYĆ NA ŻYWO - jego funkcjonalny układ oraz lokalizacja są zdecydowanie większym atutem, niż może pokazać sam metraż.",,,aneks,,własność,,50.22961,18.988011
Katowice,pl. Oddziałów Młodzieży Powstańczej,3,105,769000,7324,Pośrednik,,7,https://adresowo.pl/o/mieszkanie-katowice-pl-oddzialow-mlodziezy-powstanczej-3-pokojowe-i9h1m2,https://s2.adresowa.pl/oi/4a/3c/2b89b2_5845_cover@2x-3-pokojowe-mieszkanie-katowice-pl-oddzialow-mlodziezy-powstanczej.webp,Katowice ,pl. Oddziałów Młodzieży Powstańczej,parter,,kamienica,,"Do sprzedania nieruchomość podzielona na 3 niezależne mieszkania 2-pokojowe zlokalizowana w kamienicy przy ulicy Oddziałów Młodzieży Powstańczej w centrum Katowic, blisko rynku. Kamienica po Termomodernizacji z zadbaną klatką schodową. Każde z mieszkań jest w tej chwili wynajęte. Każde mieszkanie w pełni umeblowane oraz wyposażone. Każde z mieszkań posiada własne liczniki wody ciepłej/zimnej oraz energii elektrycznej. Mieszkanie świeżo po generalnym remoncie. Doskonała lokalizacja w ścisłym centrum Katowic daje możliwość wynajmu zarówno zwykłego jak i krótko-terminowego. Pełna własność. Zapraszam do kontaktu telefonicznego: [numer] Treść niniejszego ogłoszenia nie stanowi oferty handlowej w rozumieniu Kodeksu Cywilnego.",,,,plastikowe,własność,,50.256719,19.016013
Katowice os. Tysiąclecia,ul. Piastów,2,36,395000,10972,bez pośredników,,6,https://adresowo.pl/o/mieszkanie-katowice-os-tysiaclecia-ul-piastow-2-pokojowe-c1x0j0,https://s2.adresowa.pl/oi/74/6f/3f70bc_f575_cover@2x-2-pokojowe-mieszkanie-katowice-os-tysiaclecia-ul-piastow.webp,Katowice os. Tysiąclecia,Piastów,2,1970,blok,,"Zapraszam do zakupu mieszkania. Mieszkanie składa się z: - salon z kuchnią, - sypialnia, - łazienka, - balkon, - piwnica Wszystkie instalacje zostały wymienione, okna plastikowe. Zapraszam do oglądania :) Osoba prywatna. Proszę agencje nieruchomości o niekontaktowanie się!",tak,,,plastikowe,własność,,50.273446,18.982232
Katowice Dolina Trzech Stawów,ul. gen. Władysława Sikorskiego,2,53,995000,18774,bez pośredników,,14,https://adresowo.pl/o/mieszkanie-katowice-dolina-trzech-stawow-ul-gen-wladyslawa-sikorskiego-2-pokojowe-a7w8y5,https://s2.adresowa.pl/oi/43/6c/3f6726_6d14_cover@2x-2-pokojowe-mieszkanie-katowice-dolina-trzech-stawow-ul-gen-wladyslawa-sikorskiego.webp,Katowice Dolina Trzech Stawów,gen. Władysława Sikorskiego,6,2023,apartamentowiec,,"NOWY NIEUŻYWANY WYKOŃCZONY APARTAMENT PREMIUM Z WIDOKIEM NA STAW na sprzedaż | Pierwsza linia zabudowy | Dolina Trzech Stawów |ul. Sikorskiego 47, Katowice | budynek C | Inwestycja INSPIRE OKAM Pośredników nieruchomości zapraszam wyłącznie z własnym klientem, nie umawiam się na sesje zdjęciowe itp. English description below OPIS MIESZKANIA I BUDYNKU Osiedle i apartament Premium. Klimatyzowany apartament o powierzchni 53,04m2 składa się z salonu z aneksem kuchennym, sypialni i łazienki. Z salonu i sypialni znajduje się wyjście na bardzo duży 13,77m2 balkon/loggię z widokiem na staw. Ekspozycja mieszkania wschodnia – bezpośrednio granicząca z Doliną 3 Stawów (bezpośredni dostęp na tereny rekreacyjne i staw). Apartament usytuowany jest na 6 piętrze nowego budynku apartamentowego o wysokim standardzie wykończenia z całodobową recepcją, siłownią, sauną i strefą dla mieszkańców. Mieszkanie wykańczałem ""pod siebie"" jednakże z racji zmian sprzedam lokal. WYKOŃCZENIE Wykończenie w wysokim standardzie: granitowe blaty z licowaną płytą i wpuszczanym zlewozmywakiem i umywalką, szafy na wymiar do pełnej wysokości pomieszczeń, meble z litego drewna dębowego. Wysokość pomieszczeń 2,8m. Aneks kuchenny wyposażony w sprzęt AGD: zmywarkę, piekarnik, płytę indukcyjną, okap kuchenny i lodówkę. W salonie duży stół jadalny z sześcioma krzesłami, stolik kawowy, komoda, rozkładana kanapa. W sypialni znalazło się miejsce na łóżko 180×200, stoliki nocne oraz 2-drzwiową szafę w zabudowie. Łazienka utrzymana jest w naturalnych barwach i wyposażona w armaturę, kabinę prysznicową i pralko-suszarkę oraz szafki. W przedpokoju 2-drzwiowa szafa w zabudowie oraz wieszaki. UDOGODNIENIA W ramach osiedla znajduje się szereg udogodnień: - Reprezentacyjna recepcja (bud. A) - Strefa mieszkańca (sala spotkań, bilard, przestrzeń dla dzieci) - Sala fitness, sauna - Darmowa wypożyczalnia rowerów - Punkty do zasilania pojazdów elektrycznych - Wózkarnia/rowerownia - Automat paczkowy - Panele fotowoltaiczne LOKALIZACJA Apartament położony jest w centralnej części Katowic w dzielnicy Osiedle Paderewskiego-Muchowiec przy ul. Sikorskiego 47, w budynku nad samym stawem bezpośrednio graniczącym z Doliną 3 Stawów (tereny rekreacyjne). W okolicy: - tereny rekreacyjne (ścieżki spacerowe, biegowe, na rower i rolki) - 20 m - sklep spożywczy, przedszkole, kawiarnia, restauracja 200 m, - Biedronka – 400 m - Szkoła podstawowa – 600 m - przychodnia medyczna – 700 m - Biblioteka Śląska - 900 m - biurowiec Park biznesu Green Park – 900 m - Lidl – 1 km - biurowce A4 Bussines Park 1,6 km - dworzec PKP – 2,2 km - Rynek w Katowicach 2,2 km - Biurowce .KTW – 2,4 km - Spodek / Międzynarodowe Centrum Kongresowe– 2,5 km CENA - Apartament: 995 tys. PLN, - Miejsce postojowe w garażu podziemnym: 60 tys. PLN, Informacje dotyczące opisu nieruchomości mają charakter wyłącznie informacyjny. Oferta dotycząca nieruchomości stanowi zaproszenie do rokowań i nie stanowi oferty w rozumieniu Kodeksu Cywilnego. NEW PREMIUM APARTMENT WITH A VIEW ON THE POND for sale | The first line of buildings | ul. Sikorskiego 47, Katowice | building C | Investment INSPIRE OKAM DESCRIPTION OF APARTMENT AND BUILDING The 53.04 m2 apartment consists of a living room with kitchenette, bedroom and bathroom. From the living room and bedroom there is an exit to a very large 13.77m2 balcony/loggia. The apartment is facing east - directly bordering the Dolina 3 Stawów (direct access to recreational areas and pond). The apartment is located on the 6th floor of a new apartment building with a high standard of finish, with a 24-hour reception, gym, sauna and a residents' area. Air condition. I finished the apartment ""for myself"" but due to changes I will rent the premises. FINISH High standard finishing: granite countertops, custom-made wardrobes, solid oak furniture. Room height 2.8m. Kitchenette equipped with household appliances: dishwasher, oven, induction hob, cooker hood and fridge. In the living room there is a large dining table with six chairs, coffee table, chest of drawers, fold-out sofa. In the bedroom there is space for a 180×200 bed, bedside tables and a 2-door built-in wardrobe. The bathroom is decorated in natural colors and equipped with fittings, a shower cabin, a washer-dryer and cabinets. In the hallway, a 2-door built-in wardrobe and hangers. AMENITIES The development offers a range of amenities: - A representative reception area (building A) - Residents' zone (meeting room, billiards, children's area) - Fitness room, sauna - Free bicycle rental - Electric vehicle charging points - Bicycle/stroller storage - Parcel vending machine - Photovoltaic panels LOCATION The apartment is located in the central part of Katowice in the Osiedle Paderewskiego-Muchowiec district at ul. Sikorskiego 47, in a building on the pond directly bordering the Dolina 3 Stawów (recreational areas). In the vicinity: - recreational areas (walking, running, cycling and rollerblading paths) - 20 m - grocery store, kindergarten, cafe, restaurant 200 m, - Biedrona supermarket - 400 m - Primary school - 600 m - medical clinic - 700 m - Silesian Library - 900 m - Green Park business park office building – 900 m - Lidl supermarket - 1km - A4 Business Park office buildings 1.6 km - Railway station - 2.2 km - Market Square in Katowice 2.2 km - .KTW office buildings - 2.4 km - Spodek / International Congress Centre - 2.5 km PRICE - Apartment: PLN 995 thousand, - Parking space in the underground garage PLN 60 thousand, Information regarding the description of the property is for informational purposes only. The offer regarding the property is an invitation to negotiations and does not constitute an offer within the meaning of the Civil Code. I only invite real estate agents with their own clients, I do not arrange photo sessions, etc.",,tak,aneks,plastikowe,własność,"Wyposażenie: lodówkę, piekarnik, suszarkę, zmywarkę",50.252968,19.04259
Katowice Ligota,ul. Braci Mniejszych,2,47,650000,13830,bez pośredników,,8,https://adresowo.pl/o/mieszkanie-katowice-ligota-ul-braci-mniejszych-2-pokojowe-m8g6a6,https://s2.adresowa.pl/oi/12/1d/3f64a0_c2f8_cover@2x-2-pokojowe-mieszkanie-katowice-ligota-ul-braci-mniejszych.webp,Katowice Ligota,Braci Mniejszych,4,,apartamentowiec,,"Mieszkanie umeblowane, gotowe do zamieszkania. Dostepne od 1.09.2026. Prosze aby nie kontaktowaly sie ze mna biura obrotu nieruchomosciami",,,,,,,50.231607,18.963744
Katowice Śródmieście,ul. Zabrska,2,42,649000,15452,bez pośredników,,10,https://adresowo.pl/o/mieszkanie-katowice-srodmiescie-ul-zabrska-2-pokojowe-x4u4x8,https://s2.adresowa.pl/oi/77/5e/3f5e5c_7976_cover@2x-2-pokojowe-mieszkanie-katowice-srodmiescie-ul-zabrska.webp,Katowice Śródmieście,Zabrska,5,2024,apartamentowiec,,"Nowe, wykończone pod klucz mieszkanie 2-pokojowe | 42,8 m² | Katowice, ul. Zabrska | Garaż podziemny Na sprzedaż oferuję nowe, nigdy niezamieszkałe mieszkanie o powierzchni 42,8 m², położone na 5. piętrze nowoczesnego apartamentowca przy ul. Zabrskiej w Katowicach. Lokal został zakupiony w stanie deweloperskim i wykończony od podstaw z najwyższą starannością, z wykorzystaniem wysokiej jakości materiałów oraz nowoczesnych rozwiązań. Mieszkanie jest w pełni umeblowane i wyposażone, gotowe do wprowadzenia się od zaraz – bez konieczności ponoszenia jakichkolwiek dodatkowych kosztów. Najważniejsze informacje • Powierzchnia: 42,8 m² • Liczba pokoi: 2 • Piętro: 5 • Budynek: nowoczesny apartamentowiec • Lokalizacja: Katowice – Śródmieście, ul. Zabrska • Miejsce postojowe w garażu podziemnym – zakup obligatoryjny w cenie 49 000 zł Mieszkanie wykończone z dbałością o każdy detal Każdy element wyposażenia został starannie dobrany, tworząc spójną, elegancką i funkcjonalną przestrzeń. Zabudowy meblowe zostały wykonane na wymiar, a zastosowane rozwiązania zapewniają wygodę użytkowania i dużą ilość miejsca do przechowywania. Nowoczesna kuchnia Kuchnia została wykonana na indywidualne zamówienie i wyposażona w nowy sprzęt AGD objęty gwarancją. Wyposażenie obejmuje: • meble na wymiar z lakierowanymi frontami, • wysokiej klasy zawiasy BLUM, • blat z konglomeratu, • podwieszany zlew z designerską baterią, • podświetlenie LED nad blatem, • dużą liczbę szafek i praktycznych półek, • liczne gniazda elektryczne nad blatem. Sprzęt AGD: • chłodziarko-zamrażarka, • zmywarka 60 cm, • piekarnik, • płyta indukcyjna, • okap ukryty w zabudowie, • kuchenka mikrofalowa. Elegancka łazienka Wykończona w nowoczesnym stylu z wykorzystaniem wysokiej jakości armatury. Znajdują się w niej: • przestronny prysznic z deszczownicą i odpływem liniowym, • podwieszana toaleta Geberit, • umywalka z zabudową, • duże podświetlane lustro LED, • pralka, • grzejnik drabinkowy. Funkcjonalny przedpokój Przedpokój został wyposażony w zabudowę stolarską wykonaną na wymiar. Do dyspozycji przyszłego właściciela pozostaje: • pojemna szafa, • liczne półki, • miejsce na odzież i obuwie, • wygodne siedzisko z szufladą, • dodatkowe szafki pod sufitem, • oświetlenie liniowe LED. Jasny salon z jadalnią Salon stanowi serce mieszkania. Wyposażenie obejmuje: • nowoczesną zabudowę RTV z dekoracyjnymi lamelami, • podświetlenie LED, • ukryte prowadzenie przewodów telewizyjnych, • nowy telewizor SHARP 55"", • cztery krzesła. Na podłodze położono modne panele w jodełkę, a duże przeszklenia zapewniają doskonałe doświetlenie wnętrza. Komfortowa sypialnia W sypialni znajduje się pojemna szafa wykonana na wymiar z dużym lustrem, licznymi półkami oraz miejscem na ubrania. Całość dopełniają nowoczesne białe drzwi, panele ułożone w jodełkę oraz duże okno. Dlaczego warto? ✔ nowe, nigdy niezamieszkałe mieszkanie, ✔ wykończone pod klucz z materiałów wysokiej jakości, ✔ wszystkie meble wykonane na wymiar, ✔ nowy sprzęt AGD na gwarancji, ✔ telewizor SHARP 55"" w cenie mieszkania, ✔ liczne zabudowy zapewniające dużo miejsca do przechowywania, ✔ nowoczesne oświetlenie LED, ✔ gotowe do zamieszkania od zaraz, ✔ miejsce postojowe w garażu podziemnym, ✔ atrakcyjna lokalizacja w centrum Katowic. Lokalizacja Mieszkanie położone jest w jednej z najbardziej atrakcyjnych części Katowic – przy ul. Zabrskiej. W najbliższym otoczeniu znajdują się sklepy, restauracje, punkty usługowe, Galeria Katowicka, Dworzec PKP, przystanki komunikacji miejskiej oraz główne trasy wyjazdowe z miasta. To doskonała propozycja zarówno dla osób szukających komfortowego mieszkania dla siebie, jak i dla inwestorów poszukujących atrakcyjnej nieruchomości pod wynajem. Zapraszam do kontaktu i umówienia się na prezentację. Zdjęcia nie oddają w pełni jakości wykończenia – mieszkanie warto zobaczyć na żywo.",,tak,aneks,plastikowe,własność,"Wyposażenie: kuchenka, piekarnik, pralka, telewizor, tv, zmywarka",50.262517,19.013151
Katowice,Zawodzie,2,52,425000,8173,bez pośredników,,8,https://adresowo.pl/o/mieszkanie-katowice-zawodzie-2-pokojowe-52-m2-g6z9d3,https://s2.adresowa.pl/oi/2f/17/3f5a08_8f1c_cover@2x-2-pokojowe-mieszkanie-katowice-zawodzie.webp,Katowice Zawodzie,,4,,blok,,"Oferuję na sprzedaż mieszkanie o powierzchni 52 m², położone na 4. piętrze w bloku. Mieszkanie jest umeblowane, co ułatwia szybkie wprowadzenie się. W budynku znajduje się winda, a także dostępny jest parking. Czynsz do spółdzielni 990 zł (dodatkowo prąd wg licznika). Kwota czynszu przy dwóch osobach. Do mieszkania przynależy piwnica 6m². Miejsce parkingowe z szlabanem. Lokalizacja mieszkania jest bardzo dogodna. Uniwersytet Ekonomiczny 5 min pieszo. W pobliżu znajdziesz wiele punktów usługowych, restauracji i kawiarni. Do najbliższego parku, Skwer Andrzeja Fonfary, jest zaledwie 7 minut spacerem. Blisko są również przystanki komunikacji miejskiej, co zapewnia łatwy dostęp do innych części miasta. Zachęcam do kontaktu w celu umówienia się na oglądanie mieszkania.",tak,tak,,,,,50.259998,19.052999
Katowice,Janów,2,47,220000,4681,bez pośredników,,7,https://adresowo.pl/o/mieszkanie-katowice-janow-2-pokojowe-47-m2-n6t4t4,https://s2.adresowa.pl/oi/3c/1c/3f552a_425e_cover@2x-2-pokojowe-mieszkanie-katowice-janow.webp,Katowice Janów,,3,,kamienica,,Mieszkanie do generalnego remontu. W mieszkaniu znajduje się centralne ogrzewanie. Vis a Vis Szybu Wilson.,,,,,,,50.242467,19.089001
Katowice Śródmieście,ul. ks. Piotra Skargi,4,77,825000,10714,bez pośredników,,11,https://adresowo.pl/o/mieszkanie-katowice-srodmiescie-ul-ks-piotra-skargi-4-pokojowe-l9a3l3,https://s2.adresowa.pl/oi/4f/2f/3f536a_b958_cover@2x-4-pokojowe-mieszkanie-katowice-srodmiescie-ul-ks-piotra-skargi.webp,Katowice Śródmieście,ks. Piotra Skargi,6,2026,blok,,"Sprzedajemy cesję umowy deweloperskiej na mieszkanie 77,2 m² w inwestycji Archicom Mikato, w centrum Katowic (ul. Piotra Skargi, Śródmieście, ok. 400 m od Rynku). Odbiór planowany na IV kwartał 2026. Konkretne liczby, bez owijania w bawełnę: - Cena z naszej umowy deweloperskiej: 825 000 zł - Nasze odstępne za przejęcie cesji: 74 000 zł - Twoja cena łączna: 899 000 zł - Deweloper aktualnie wystawia porównywalne mieszkania w tej inwestycji za 982 000 zł - Twoja oszczędność: 83 000 zł względem aktualnego cennika dewelopera Harmonogram płatności 10/90: wpłaciliśmy już 10% ceny deweloperowi, przejmujesz umowę i pozostałe 90% płacisz dopiero do odbioru w 2026 r. Oznacza to, że na start potrzebujesz gotówki tylko na zwrot naszej wpłaty + odstępne, a resztę rozkładasz w czasie. Mieszkanie w stanie deweloperskim - masz dwie opcje: - Wykończ samodzielnie od podstaw, projektując wnętrze według własnych potrzeb. - Skorzystaj z usługi wykończenia pod klucz w cenie 1 300 zł/m², czyli ok. 100 360 zł za całe 77,2 m² - i wprowadzasz się do gotowego mieszkania bez dodatkowego stresu związanego z remontem. Układ obejmuje dwa aneksy kuchenne i dwie pełne łazienki, co daje dużą elastyczność aranżacyjną - dla rodziny lub pod wynajem. Lokalizacja: 400 m od Rynku, ok. 500 m od dworca PKP, liczne przystanki komunikacji miejskiej, 48 placówek edukacyjnych w okolicy. Inwestycja w zaawansowanej fazie sprzedaży (ok. 75% mieszkań już sprzedanych). Możliwość podziału na 2 paka (dwa odrębne mieszkania po 36mkw). Zapraszamy do kontaktu i obejrzenia pełnego rzutu oraz umowy.",,,,plastikowe,własność,,50.261594,19.019169
Katowice,ul. Mikołowska,2,37,385000,10405,bez pośredników,,8,https://adresowo.pl/o/mieszkanie-katowice-ul-mikolowska-2-pokojowe-l2o1h8,https://s2.adresowa.pl/oi/1b/37/3f4d56_b069_cover@2x-2-pokojowe-mieszkanie-katowice-ul-mikolowska.webp,Katowice ,Mikołowska,9,,blok,,"Powierzchnia mieszkania: 37,02 m² Piwnica: 2,08 m² Piętro: wysokie piętro z windą Parking dla mieszkańców pod budynkiem Szukasz mieszkania, które łączy świetną lokalizację, piękny widok i gotowość do zamieszkania bez dodatkowych nakładów finansowych? Ta oferta spełni wszystkie te oczekiwania. Na sprzedaż funkcjonalne, jasne i przytulne mieszkanie o powierzchni 37,02 m², położone przy ul. Mikołowskej, jednej z najlepiej skomunikowanych lokalizacji w Katowicach. Do mieszkania przynależy również piwnica o powierzchni 2,08 m². Mieszkanie gotowe do zamieszkania. Lokal znajduje się w zadbanym budynku, który przeszedł świeżą modernizację zewnętrzną, obejmującą m.in. elewację oraz części wspólne. Samo mieszkanie zostało również odświeżone i zmodernizowane, dzięki czemu nowy właściciel może wprowadzić się praktycznie od zaraz. W skład mieszkania wchodzą: - przestronny salon z dużymi oknami i wyjściem na balkon, - osobna sypialnia, - funkcjonalna kuchnia, - łazienka z prysznicem, - przedpokój z miejscem do przechowywania. Dużym atutem jest słoneczny balkon oraz niepowtarzalny widok na panoramę Katowic, który można podziwiać każdego dnia. Wysokie piętro zapewnia prywatność, ciszę oraz doskonałe doświetlenie wnętrz. Najważniejsze atuty nieruchomości: - świetna lokalizacja blisko centrum Katowic, - mieszkanie po modernizacji, - odnowiony budynek i części wspólne, - winda w budynku, - balkon z panoramicznym widokiem, - piwnica 2,08 m², - parking dla mieszkańców pod budynkiem, - bardzo dobra komunikacja miejska, - idealne zarówno do zamieszkania, jak i pod inwestycję. Lokalizacja, która oszczędza czas. Ul. Mikołowska to jedna z najbardziej pożądanych lokalizacji w Katowicach. Mieszkanie znajduje się w miejscu, które pozwala korzystać ze wszystkich udogodnień miasta bez konieczności długich dojazdów. W najbliższej okolicy znajdują się: - sklepy spożywcze i dyskonty (Żabka, Lidl, Biedronka), - punkty usługowe, restauracje i kawiarnie, - szkoły podstawowe i przedszkola, - przychodnie i apteki, - przystanki autobusowe i tramwajowe, - dworzec PKP Katowice w niewielkiej odległości, - centra biurowe i biznesowe. Blisko zieleni i rekreacji. Mimo centralnej lokalizacji, okolica oferuje również dostęp do terenów zielonych. W pobliżu znajdują się: - Park Kościuszki, jedno z najpiękniejszych miejsc spacerowych w Katowicach, - ścieżki rowerowe i trasy spacerowe, - tereny rekreacyjne sprzyjające aktywnemu wypoczynkowi. Idealna inwestycja. Dzięki doskonałemu położeniu w pobliżu centrum miasta, uczelni, biurowców oraz głównych arterii komunikacyjnych, mieszkanie stanowi również świetną lokatę kapitału. To nieruchomość, która będzie atrakcyjna zarówno dla osób szukających własnego lokum, jak i inwestorów planujących wynajem. Jeśli marzysz o mieszkaniu z pięknym widokiem, świetną lokalizacją i gotowym do zamieszkania standardem, ta oferta jest właśnie dla Ciebie. Zapraszam do kontaktu i umówienia prezentacji. Takie mieszkania w tej części Katowic pojawiają się na rynku bardzo rzadko.",tak,,,,,,50.251072,19.003907
Katowice Ligota,ul. Emerytalna,3,63,699000,11095,bez pośredników,,20,https://adresowo.pl/o/mieszkanie-katowice-ligota-ul-emerytalna-3-pokojowe-x2b1i3,https://s2.adresowa.pl/oi/15/1f/3f4bb6_2c6e_cover@2x-3-pokojowe-mieszkanie-katowice-ligota-ul-emerytalna.webp,Katowice Ligota,Emerytalna,1,,blok,,"Na sprzedaż zadbane, gotowe do zamieszkania mieszkanie o powierzchni 63 m² w spokojnej, zielonej części Ligoty. To rzadka na rynku propozycja dla osób, które chcą mieszkać jak w domu jednorodzinnym - z własnym ogrodem, murowanym garażem i mnóstwem dodatkowej przestrzeni na przechowywanie. Mieszkanie: • 3 pokoje, w tym funkcjonalny przedpokój łączący wszystkie pomieszczenia. • Kuchnia w pełni wyposażona - zmywarka, pralka, duża ilość szafek. • Łazienka wykończona, gotowa do użytku. • Okna plastikowe, budynek ocieplony - niskie koszty ogrzewania. • Ogrzewanie gazowe, czynsz 700 zł. • Mieszkanie umeblowane, w dobrym stanie - wystarczy dostosować kolorystykę wnętrz do własnego gustu. Dodatkowa przestrzeń: • Garaż murowany wliczony w cenę. • Piwnica własna z małym warsztatem 20 m² + dodatkowa piwnica wspólna. • Komórka 7 m². • Strych - dodatkowe miejsce na przechowywanie sezonowych rzeczy. Ogród 225 m² z altanką: Prywatna, zielona przestrzeń otoczona starym drzewostanem - w ogrodzie rośnie duża czereśnia i duży orzech, co latem daje nie tylko cień, ale też własne owoce. Teren obejmuje zadbaną, wydzieloną strefę relaksacyjną - idealną na wieczorny odpoczynek, grill czy popołudniową kawę w ogrodzie. Lokalizacja: Spokojna, zielona Ligota - blisko Śląskiego Uniwersytetu Medycznego, Parku Leśnego i codziennych zakupów, z łatwym dojazdem do centrum Katowic. To propozycja dla kogoś, kto szuka realnej alternatywy dla domu jednorodzinnego - z własnym kawałkiem zieleni, ale bez konieczności dojeżdżania poza miasto.",tak,tak,,,własność,"Wyposażenie: pralka, zmywarka",50.226426,18.966099
Katowice Dąb,ul. Macieja Ledóchowskiego,2,50,399000,7980,bez pośredników,,8,https://adresowo.pl/o/mieszkanie-katowice-dab-ul-macieja-ledochowskiego-2-pokojowe-w5m0z8,https://s2.adresowa.pl/oi/38/31/3f447a_86af_cover@2x-2-pokojowe-mieszkanie-katowice-dab-ul-macieja-ledochowskiego.webp,Katowice Dąb,Macieja Ledóchowskiego,2,1964,blok,,"Oferuję na sprzedaż 2-pokojowe mieszkanie na 2. piętrze w bloku. W skład mieszkania oprócz pokoi wchodzi kuchnia, łazienka, duży przedpokój, balkon i piwnica. Mieszkanie charakteryzuje się wysoką jakością wykończenia. Jasne wnętrza zapewniają naturalne światło, a drewniane podłogi dodają przytulności. Mieszkanie jest bardzo jasne, z każdej strony wpada słońce, a to dodaje ciepła mieszkaniu. Parkiet wymaga małego odnowienia, bądź można położyć na nie panele. W kuchni znajdziesz piekarnik i szafki, co ułatwia codzienne gotowanie, a duża spiżarka zapewnia komfort. Łazienka z prysznicem i nowoczesnymi wykończeniami, remont był robiony 2 lata temu przy całkowitej instalacji wymianie pionów w bloku. Mieszkanie znajduje się w urbanistycznej okolicy z dobrą infrastrukturą. Do centrum miasta 10 minut pieszo. Do parku śląskiego około 30 minut pieszo, do Silesia 15 min, a najbliższy przystanek znajduje się tuż przy domu. Wszędzie blisko, dobra komunikacja, a zarazem odrobina przyjemności we własnych czterech kątach. To idealna oferta dla osób szukających komfortowego miejsca do życia. Nie czekaj, zadzwoń i umów się na prezentację!",tak,,osobna,plastikowe,spółdzielcze własnościowe,Wyposażenie: piekarnik,50.263713,19.002254
Katowice Ligota,ul. Braci Mniejszych,4,64,710000,11094,bez pośredników,,17,https://adresowo.pl/o/mieszkanie-katowice-ligota-ul-braci-mniejszych-4-pokojowe-u3j6a6,https://s2.adresowa.pl/oi/6c/66/3f43bc_5655_cover@2x-4-pokojowe-mieszkanie-katowice-ligota-ul-braci-mniejszych.webp,Katowice Ligota,Braci Mniejszych,3,2017,blok,,"Mam do sprzedania mieszkanie na niedawno wybudowanym, kameralnym Osiedlu Franciszkańskim przy ul. Braci Mniejszych 5. Mieszkanie posiada: - 3 niezależne pokoje, - salon z kuchnią i balkonem, - oddzielną łazienkę i WC, - komórkę lokatorską na piętrze obok mieszkania. Kuchnia wyposażona w AGD. Łazienka z prysznicem, pralką i suszarką. Internet. Winda. Domofon. Ogrzewanie centralne z sieci miejskiej. Dużo miejsc parkingowych przy bloku. Świetna lokalizacja do zamieszkania lub na inwestycję - ciche i bezpieczne osiedle blisko terenów zielonych i rekreacyjnych, a jednocześnie jest szybki dojazd do centrum Katowic oraz autostrady A4. W pobliżu jest wszystko, co potrzebne do wygodnego życia: - komunikacja miejska, - Biedronka, Żabka, Lidl i inne sklepy, - piekarnia, pizzeria, - szkoła, przedszkole i place zabaw dla dzieci, - szpitale oraz placówki medyczne, - blisko do Śląskiego Uniwersytetu Medycznego w Katowicach.",tak,,aneks,plastikowe,własność,Wyposażenie: internet,50.231543,18.965127
Katowice,Piotrowice,2,56,395000,7054,bez pośredników,,6,https://adresowo.pl/o/mieszkanie-katowice-piotrowice-2-pokojowe-56-m2-i9e1z6,https://s2.adresowa.pl/oi/6e/43/3f4238_a57c_cover@2x-2-pokojowe-mieszkanie-katowice-piotrowice.webp,Katowice Piotrowice,,9,,blok,,"Szukasz komfortowego mieszkania? Ta oferta jest dla Ciebie. Mieszkanie na 9 piętrze w bloku z windą. Powierzchnia wynosi 56,5 m². Składa się z dwóch pokoi, jeden z wnęką, kuchni, łazienki, WC i posiada balkon oraz piwnicę. Okna plastikowe, a mieszkanie jest dostępne od zaraz. Lokalizacja - os. Radockiego w Katowicach. W pobliżu masz dostęp do licznych parków, placów zabaw oraz terenów zielonych. W okolicy funkcjonują szkoły, przedszkola, kluby fitness i placówki medyczne. W bliskiej odległości znajdziesz supermarket, apteki oraz punkty usługowe. Komunikacja miejska jest dobrze rozwinięta, z dostępem do przystanków autobusowych i stacji kolejowych. To miejsce idealne dla osób ceniących spokój i dostęp do natury, a jednocześnie bliskość miejskich udogodnień. Nie czekaj! Zadzwoń i umów się na oglądanie tej nieruchomości już dziś. Oferta prywatna, bez pośredników.",tak,,,,,,50.206001,18.983
Katowice Śródmieście,ul. Zabrska,2,43,480000,11163,bez pośredników,,7,https://adresowo.pl/o/mieszkanie-katowice-srodmiescie-ul-zabrska-2-pokojowe-o6v5c9,https://s2.adresowa.pl/oi/6e/40/3f3b46_ec7e_cover@2x-2-pokojowe-mieszkanie-katowice-srodmiescie-ul-zabrska.webp,Katowice Śródmieście,Zabrska,6,,apartamentowiec,,"Apartament znajduje się w Katowicach przy ul. Zabrskiej 15, w prestiżowej lokalizacji zapewniającej szybki dostęp do centrum miasta, dworca PKP, galerii handlowych, restauracji, biurowców oraz komunikacji miejskiej. Mieszkanie sprzedawane wraz z miejscem postojowym w garażu podziemnym, dodatkowo płatne 50 tyś zł. Stan deweloperski.",,tak,,,,,50.262799,19.012721
Katowice Zawodzie,ul. Karola Marcinkowskiego,1,34,500000,14706,bez pośredników,,6,https://adresowo.pl/o/mieszkanie-katowice-zawodzie-ul-karola-marcinkowskiego-1-pokoj-s8r9z2,https://s2.adresowa.pl/oi/27/5b/3f300c_6c3e_cover@2x-1-pokojowe-mieszkanie-katowice-zawodzie-ul-karola-marcinkowskiego.webp,Katowice Zawodzie,Karola Marcinkowskiego,1,,apartamentowiec,,"Zapraszam do zapoznania się z ofertą sprzedaży mieszkania mieszczącego się w inwestycji deweloperskiej przy ulicy Marcinkowskiego 11 nowoczesnym, 6 piętrowym budynku, wyposażonym w windy oraz zamknięty parking z kamerami. Doskonała lokalizacja, świetna komunikacja szczególnie z uczelniami wyższymi (Politechnika Śląska, Uniwersytet Ekonomiczny) W pobliżu znajduje się: -centrum przesiadkowe Zawodzie -dworzec główny PKP, -przystanki tramwajowe oraz cała infrastruktura handlowo usługowa; sklepy, szkoły, przychodnie. Mieszkanie na pierwszym piętrze o metrażu 34 m2 wykończone pod klucz, posiada umeblowany salon z aneksem kuchennym, szafę w przedpokoju, narożnik z funkcją spania, stół z krzesłami oraz stolik kawowy. Dodatkowo, zainstalowane zostały wszystkie sprzęty RTV/AGD: lodówka w zabudowie, płyta indukcyjna, okap, piekarnik, zmywarka, pralka, smart TV 43cale. Dużą zaletą jest dostęp do mediów miejskich (ciepła woda oraz ogrzewanie) co zapewnia niskie koszty eksploatacji mieszkania. Mieszkanie jest bardzo jasne okna z ekspozycją na zachód, w ułożeniu środkowym względem pozostałych lokali. Do mieszkania przynależne jest prywatne miejsce parkingowe w cenie.",,tak,aneks,,,"Wyposażenie: lodówka, piekarnik, pralka, tv, zmywarka",50.260931,19.058761
Katowice os. Witosa,ul. Obroki,2,48,419000,8729,bez pośredników,,17,https://adresowo.pl/o/mieszkanie-katowice-os-witosa-ul-obroki-2-pokojowe-j9t2v5,https://s2.adresowa.pl/oi/5e/5f/3f2d44_54c4_cover@2x-2-pokojowe-mieszkanie-katowice-os-witosa-ul-obroki.webp,Katowice os. Witosa,Obroki,parter,1980,blok,,"NOWA ATRAJCYJNA CENA- 419 000 zł! Sprzedaż bezpośrednia od właściciela. Na sprzedaż przestronne, jasne 2 pokoje, 48m2, położone na wysokim parterze w niskim, czteropiętrowym bloku, na spokojnym i zielonym Osiedlu Witosa w Katowicach. Mieszkanie jest gotowe do zamieszkania i sprzedawane z wyposażeniem ( prócz pralki i telewizora). Mieszkanie zadbane. Nie wymaga pilnych nakładów finansowych. Lokal posiada założoną KW! Układ mieszkania: • przestronny jasny salon, • ustawna jasna sypialnia, • oddzielna kuchnia z oknem, • praktyczne pomieszczenie gospodarcze, • przedpokój, • przynależna piwnica. Najważniejsze atuty nieruchomości: • 48 m2 i funkcjonalny układ pomieszczeń • wysoki parter – wygodne rozwiązanie dla rodzin, osób starszych oraz osób ceniących łatwy dostęp, • spokojna i zielona okolica, • funkcjonalny układ pomieszczeń, • oddzielna kuchnia z oknem, • mieszkanie gotowe do zamieszkania. • parking z wjazdem zabezpieczonym szlabanem • przynależna duża piwnica • brak konieczności przeprowadzenia pilnego remontu Lokalizacja: Osiedle Witosa to ceniona część Katowic, łącząca spokojne otoczenie z bardzo dobrą komunikacją. Dużym atutem jest szybki dostęp do DTŚ, dzięki czemu łatwo można dojechać zarówno do centrum Katowic, jak i innych miast aglomeracji. W pobliżu znajdują się m.in.: • przystanki komunikacji miejskiej, • sklepy (m.in. Lidl), • szkoły, • przedszkola, • żłobki, • liczne tereny zielone i miejsca do rekreacji. Mieszkanie będzie idealne dla pary, rodziny z dzieckiem, a także jako inwestycja pod wynajem. Zapraszam do kontaktu oraz umówienia się na prezentację.",tak,,osobna,plastikowe,spółdzielcze własnościowe,Wyposażenie: telewizor,50.267133,18.966902
Katowice,Giszowiec,3,70,530000,7571,bez pośredników,,8,https://adresowo.pl/o/mieszkanie-katowice-giszowiec-3-pokojowe-70-m2-d0w4z9,https://s2.adresowa.pl/oi/34/22/3f29da_b4b9_cover@2x-3-pokojowe-mieszkanie-katowice-giszowiec.webp,Katowice Giszowiec,,10,,blok,,"Przedstawiam przestronne mieszkanie o powierzchni 70 m², położone na 10. piętrze w bloku z wielkiej płyty. Dodatkowym atutem jest winda, piwnica oraz miejskie ogrzewanie. Pełna własność sprawia, że łatwo je nabyć. Układ mieszkania: • dwa oddzielne pokoje • jeden pokój przechodni • kuchnia • łazienka • WC osobno • przedpokój Mieszkanie w stanie do remontu – to doskonała okazja, która daje możliwość pełnej swobody aranżacji przestrzeni, z możliwością zmiany układu ścian działowych. Blok jest po termomodernizacji. Czynsz do spółdzielni przy dwóch osobach wynosi 1558 złotych (wliczona zaliczka na wodę, ścieki oraz ogrzewanie miejskie). Lokalizacja w Giszowcu, Katowice, zapewnia dostęp do wielu udogodnień. W pobliżu znajdziesz: • restauracje, jak ""Dworek Pod Lipami"" • przedszkola oraz szkoły podstawowe • tereny zielone, w tym Park Giszowiecki oraz Lasy Murckowskie przystanki autobusowe ułatwiające komunikację z resztą miasta. Zapraszam do kontaktu, aby umówić się na prezentację mieszkania!",tak,,,,własność,,50.223999,19.065001
Katowice Wełnowiec,ul. Bytkowska,2,42,556140,13241,bez pośredników,,12,https://adresowo.pl/o/mieszkanie-katowice-welnowiec-ul-bytkowska-2-pokojowe-t9q3v2,https://s2.adresowa.pl/oi/63/48/3f2996_d130_cover@2x-2-pokojowe-mieszkanie-katowice-welnowiec-ul-bytkowska.webp,Katowice Wełnowiec,Bytkowska,5,2023,blok,,"Zapraszam do zapoznania się z ofertą sprzedaży pięknego, w pełni wykończonego mieszkania na kameralnym osiedlu Bytkowska 2.0, w budynku z 2023 roku. Sprzedaż bezpośrednio od właściciela - BEZ PROWIZJI dla kupującego. Lokalizacja, która zachwyca Mieszkanie łączy w sobie to, co najlepsze - ciszę i spokój otoczenia lasu z doskonałą komunikacją z centrum miasta. Centrum Katowic oddalone jest zaledwie 10 minut samochodem, przystanek autobusowy znajduje się bezpośrednio pod blokiem, a przystanek tramwajowy - 10 minut spacerem. Do Parku Śląskiego, zielonych płuc całego regionu, dojdziesz w 3 minuty. Park to ponad tysiąc hektarów zieleni z dziesiątkami kilometrów ścieżek biegowych i rowerowych, a w nim: Wesołe Miasteczko, Śląski Ogród Zoologiczny, basen, Planetarium, kolejka linowa, skansen, Stadion Śląski oraz odnowiony tor regatowy. To idealne miejsce dla osób ceniących aktywny wypoczynek na świeżym powietrzu, bez konieczności wsiadania do samochodu. Widok, który robi wrażenie Mieszkanie położone jest na 5. (przedostatnim) piętrze, z oknami i balkonem wychodzącymi na stronę lasu. Gwarantuje to ciszę, spokój oraz przepiękną panoramę - od zieleni lasu po widok na Katowice. Wysokie piętro i ekspozycja z dala od ulicy sprawiają, że to miejsce oddycha spokojem. Wysoki standard wykończenia Mieszkanie jest w pełni wyposażone i gotowe do zamieszkania: Kuchnia z wysokimi, bardzo pojemnymi szafkami Sprzęt AGD marki Bosch - płyta indukcyjna, lodówka w zabudowie, piekarnik Klimatyzacja zapewniająca komfort przez cały rok Starannie dobrane materiały wykończeniowe Dodatkowe informacje Istnieje możliwość zakupu mieszkania wraz z prywatnym zewnętrznym miejscem postojowym. Osiedle Bytkowska 2.0 to kameralna, spokojna inwestycja w otoczeniu zieleni - idealna dla singli, par oraz młodych rodzin ceniących bliskość natury i jednocześnie dobrą komunikację z centrum. Sprzedaż bezpośrednia od właściciela - bez pośredników, bez prowizji. Zapraszam na prezentację!",,tak,,,własność,"Wyposażenie: klimatyzacja, lodówka, piekarnik",50.288226,19.00632
Katowice Muchowiec,ul. gen. Kazimierza Pułaskiego,3,59,799000,13542,bez pośredników,,15,https://adresowo.pl/o/mieszkanie-katowice-muchowiec-ul-gen-kazimierza-pulaskiego-3-pokojowe-y8x7b0,https://s2.adresowa.pl/oi/61/5c/3f284c_80e3_cover@2x-3-pokojowe-mieszkanie-katowice-muchowiec-ul-gen-kazimierza-pulaskiego.webp,Katowice Muchowiec,gen. Kazimierza Pułaskiego,parter,2017,blok,,"Sprzedam prywatnie wyjątkowe mieszkanie o powierzchni 59,59 m², położone na parterze nowoczesnego budynku przy ul. Pułaskiego 17 w Katowicach, tuż przy Dolinie Trzech Stawów. To propozycja dla osób, które chcą mieszkać blisko centrum miasta, ale jednocześnie mieć codzienny dostęp do zieleni, spacerów, ścieżek rowerowych i terenów rekreacyjnych. Z osiedla prowadzi furtka bezpośrednio do Doliny Trzech Stawów, co jest ogromnym atutem tej lokalizacji. Mieszkanie jest umeblowane, bardzo funkcjonalne i daje wiele możliwości aranżacyjnych. Wysokość pomieszczeń wynosi ponad 3,20 m, dzięki czemu wnętrze jest przestronne, jasne i nietypowe jak na standardowe mieszkania. Taka wysokość daje również potencjał wykonania antresoli, np. jako dodatkowego miejsca do spania, pracy, przechowywania lub strefy relaksu. Rozkład mieszkania: Mieszkanie składa się z: salonu z aneksem kuchennym, sypialni, dodatkowego pokoju, korytarza, łazienki, praktycznego schowka (jest tam odpływ, można zrobić oddzielną toaletę), dwóch ogródków. Wyjścia do ogródków znajdują się w salonie oraz w dodatkowym pokoju. Dzięki temu mieszkanie świetnie sprawdzi się zarówno dla pary, rodziny z dzieckiem, osób pracujących zdalnie, jak i właścicieli zwierząt. Najważniejsze atuty mieszkania: - 2 ogródki - wyjście do ogródka z salonu i z pokoju, - klimatyzacja w salonie i sypialni, - mieszkanie umeblowane, - wysokość pomieszczeń ponad 3,20 m (możliwość wykonania antresoli), - możliwość dokupienia 2 miejsc parkingowych, - świetna lokalizacja przy Dolinie Trzech Stawów, - ogłoszenie prywatne - sprzedaż bezpośrednio od właściciela. Miejsce parkingowe: Dodatkowo istnieje możliwość dokupienia rodzinnego miejsca parkingowego w garażu podziemnym, przeznaczonego na 2 samochody. Miejsce znajduje się przy samym wejściu do klatki, co jest bardzo wygodne na co dzień - szczególnie przy zakupach, podróżach, dzieciach lub większym bagażu. Pierwszeństwo zakupu miejsca garażowego ma osoba kupująca mieszkanie. Lokalizacja: Mieszkanie znajduje się przy ul. Pułaskiego 17 w Katowicach, w jednej z najbardziej lubianych lokalizacji w mieście - przy Dolinie Trzech Stawów. To miejsce łączy wygodę życia miejskiego z bliskością natury. W kilka chwil można wyjść na spacer, pobiegać, pojeździć na rowerze albo odpocząć nad wodą. Jednocześnie w okolicy dostępna jest pełna infrastruktura potrzebna na co dzień. W pobliżu znajdują się m.in.: Dolina Trzech Stawów - bezpośrednia furtka z osiedla Centrum Handlowe 3 Stawy - 5min autem Żabka przy ul. Pułaskiego - 1min pieszo Biedronka przy ul. Paderewskiego - 3min pieszo paczkomaty InPost, DPD, Allegro Box, DHL, Pocztex (przy Biedronce i Żabce) szkoły podstawowe, przedszkola, Akademia Muzyczna, TEB, UE, UŚ, Politechnika Śląska, punkty usługowe, sklepy, restauracje i tereny spacerowe. Lokalizacja zapewnia również dobry dojazd do centrum Katowic, szybki dostęp do głównych dróg oraz wygodne połączenie z innymi częściami miasta. To idealna propozycja dla osób, które szukają mieszkania z ogródkiem, ale nie chcą rezygnować z wygód miasta. Sprawdzi się dla singla, pary, rodziny z dzieckiem, osób pracujących z domu, a także jako inwestycja pod wynajem. Dwa ogródki, ponadstandardowa wysokość pomieszczeń, klimatyzacja i świetna lokalizacja przy Dolinie Trzech Stawów sprawiają, że to mieszkanie wyróżnia się na tle standardowych ofert. Cena: 799 000 zł do negocjacji. Zapraszam do kontaktu i obejrzenia mieszkania.",,tak,aneks,,własność,Wyposażenie: klimatyzacja,50.255298,19.041367
Katowice Giszowiec,ul. Miła,3,60,460000,7667,bez pośredników,,8,https://adresowo.pl/o/mieszkanie-katowice-giszowiec-ul-mila-3-pokojowe-u4a8n6,https://s2.adresowa.pl/oi/74/26/3f17da_390c_cover@2x-3-pokojowe-mieszkanie-katowice-giszowiec-ul-mila.webp,Katowice Giszowiec,Miła,4,,blok,,"3 pokoje | 60,75 m² | Balkon | Giszowiec | Katowice | Miła Na sprzedaż przestronne mieszkanie o powierzchni 60,75 m², położone na 4. piętrze w 4-piętrowym, ocieplonym bloku w zielonej dzielnicy Katowice - Giszowiec (ul. Miła). Układ mieszkania: 3 niezależne pokoje oddzielna kuchnia łazienka osobne WC przedpokój duży balkon Do mieszkania przynależy piwnica, a w budynku dostępna jest suszarnia dla mieszkańców. Atuty nieruchomości: ogrzewanie miejskie blok po termomodernizacji plastikowe okna funkcjonalny układ 3 pokoi duży balkon spokojna, zielona okolica bardzo dobra infrastruktura Lokalizacja - Giszowiec W bezpośrednim sąsiedztwie: szkoły i przedszkola sklepy i punkty usługowe przystanki komunikacji miejskiej tereny zielone i rekreacyjne Dzielnica bardzo dobrze skomunikowana z centrum Katowic oraz głównymi trasami wylotowymi. Dodatkowe informacje: mieszkanie z dużym potencjałem aranżacyjnym idealne dla rodziny lub pod inwestycję Zapraszam do kontaktu i umówienia prezentacji. Sprzedaż prywatna bez pośredników.",tak,,osobna,,,,50.224959,19.072405
Katowice,Nikiszowiec,3,68,698000,10265,bez pośredników,,8,https://adresowo.pl/o/mieszkanie-katowice-nikiszowiec-3-pokojowe-68-m2-v4n7s9,https://s2.adresowa.pl/oi/24/2d/3efd4a_c4c6_cover@2x-3-pokojowe-mieszkanie-katowice-nikiszowiec.webp,Katowice Nikiszowiec,,1,,kamienica,,"Na sprzedaż wyjątkowe mieszkanie o powierzchni 68,27 m², zlokalizowane na pierwszym piętrze zabytkowej kamienicy. To propozycja dla osób ceniących połączenie historycznego charakteru budynku z nowoczesnym standardem wykończenia. Pierwsze piętro to najbardziej komfortowa kondygnacja - bez chłodu od piwnicy i bez nagrzewania od poddasza. Dodatkowym atutem są liczne miejsca parkingowe dostępne w bezpośrednim sąsiedztwie budynku. Doskonała inwestycja na przyszłość Nikiszowiec od lat należy do najbardziej rozpoznawalnych i najchętniej odwiedzanych dzielnic regionu. Ogromne zainteresowanie turystów oraz osób poszukujących mieszkań na wynajem sprawia, że nieruchomość stanowi atrakcyjną lokatę kapitału i może generować stabilne przychody z najmu krótko- lub długoterminowego. Dodatkowym atutem jest realizowana obecnie jedna z największych inwestycji w okolicy - rewitalizacja zabytkowych terenów pokopalnianych. Powstają tam nowoczesne przestrzenie biurowe, centra biznesowe oraz HUB nowych technologii i IT, co przyciągnie kolejnych mieszkańców, specjalistów i przedsiębiorców. Rozwój tej części Katowic wpływa na rosnącą atrakcyjność lokalizacji i stwarza realne perspektywy dalszego wzrostu wartości nieruchomości w najbliższych latach. To propozycja nie tylko dla osób szukających wyjątkowego miejsca do życia, ale również dla inwestorów, którzy chcą ulokować kapitał w jednej z najbardziej perspektywicznych lokalizacji na Śląsku. Najważniejsze atuty nieruchomości - Kapitalny remont wykonany od podstaw - Wymienione wszystkie instalacje: elektryczna, wodna, kanalizacyjna oraz centralnego ogrzewania - Dodatkowa instalacja siłowa 380V - Ogrzewanie miejskie - Niezależny audyt elektryczny po wykonaniu instalacji - Alarm zwiększający bezpieczeństwo mieszkańców - Brak instalacji gazowej - Piwnica o powierzchni aż 25 m² - Mieszkanie sprzedawane z pełnym wyposażeniem - Świadectwo charakterystyki energetycznej ważne do 2033 roku Rozkład pomieszczeń Mieszkanie składa się z: przestronnego salonu z aneksem kuchennym, sypialni, drugiego pokoju (gabinet / pokój dziecięcy / dodatkowa sypialnia), łazienki, przedpokoju. Funkcjonalny nowoczesny układ sprawia, że nieruchomość idealnie sprawdzi się zarówno dla rodziny, pary, jak i osób pracujących zdalnie. Wysoki standard wykończenia Podczas remontu zastosowano wyłącznie wysokiej jakości materiały i rozwiązania podnoszące komfort codziennego użytkowania. Podłogi wykonano z litego dębu na nowych legarach, dodatkowo wyciszonych i wzmocnionych płytami OSB oraz wełną mineralną. Ściany zostały oczyszczone z tynków, odsłonięto oryginalną cegłę, wymieniono spoiny i zabezpieczono powierzchnie przed osypywaniem. W jednym z pokoi zachowano oryginalną drewnianą podłogę oraz odrestaurowane ponad 100-letnie drzwi, co stanowi prawdziwą gratkę dla miłośników kamienic i niepowtarzalnych wnętrz. Dodatkowo w pokojach rozprowadzono instalacje telewizyjne oraz komputerowe, a przewody anten satelitarnych wyprowadzono na dach. Pełne wyposażenie w cenie Sypialnia: duża szafa; łóżko dwuosobowe z materacem; toaletka. Salon z jadalnią: stół z krzesłami; komoda; regał. Kuchnia: Nowoczesna zabudowa meblowa (IKEA) o długości 3 m z wyspą 2 m wyposażona w: lodówko-zamrażarkę; zmywarkę; płytę indukcyjną; piekarnik; okap Łazienka: kabina prysznicowa; toaleta; szafka z umywalką; szafka z lustrami; pralko-suszarka. Przedpokój: szafa; lustro. Dodatkowy pokój: pojemna szafa wys. 2,36 m; regał; łóżko Dodatkowe informacje Do mieszkania przynależy duża piwnica o powierzchni 25 m² oraz wydzielona część strychu. Zadbana klatka zamykana na domofon. Jeżeli szukasz mieszkania po generalnym remoncie o wysokim standardzie w klimatycznej kamienicy i z zachowanymi oryginalnymi elementami architektury - ta oferta jest dla Ciebie. Mieszkanie dostępne od zaraz. Zapraszam do kontaktu oraz na prezentację nieruchomości. Powyższa oferta ma charakter informacyjny i nie stanowi oferty handlowej w rozumieniu art. 66 §1 Kodeksu Cywilnego.",tak,,aneks,,,"Wyposażenie: piekarnik, suszarka, zmywarkę",50.242001,19.080999
Katowice Śródmieście,ul. Barbary,2,45,320000,7111,bez pośredników,,9,https://adresowo.pl/o/mieszkanie-katowice-srodmiescie-ul-barbary-2-pokojowe-a7l5j1,https://s2.adresowa.pl/oi/36/2f/324a66_d2f7_cover@2x-2-pokojowe-mieszkanie-katowice-srodmiescie-ul-barbary.webp,Katowice Śródmieście,Barbary,parter,1970,kamienica,,"Mieszkanie składa się z 2 pokoi: pokój dzienny, sypialnia, kuchnia, łazienka (wyremontowana z kabiną prysznicową), przedpokoju. Mieszkanie po remoncie (parkiet, kafle, odmalowane ściany); wymienione wszystkie instalacje oraz okna; nowa kuchnia wraz ze sprzętem kuchennym (płyta, zlew z baterią, lodówka); ogrzewanie własne gazowe. W bliskim sąsiedztwie znajduje się: - sklep, - Akademia Wychowania Fizycznego, - przystanek autobusowy oraz tramwajowy. Przed kamienicą znajdują się miejsca parkingowe.",,,,,własność,Wyposażenie: lodówka,50.250999,19.006001
Katowice Śródmieście,al. Walentego Roździeńskiego,3,59,523600,8875,bez pośredników,,20,https://adresowo.pl/o/mieszkanie-katowice-srodmiescie-al-walentego-rozdzienskiego-3-pokojowe-j7n7e9,https://s2.adresowa.pl/oi/2d/53/3efa2a_3909_cover@2x-3-pokojowe-mieszkanie-katowice-srodmiescie-al-walentego-rozdzienskiego.webp,Katowice Śródmieście,Walentego Roździeńskiego,6,1980,blok,,"Na sprzedaż mieszkanie o powierzchni 59,50 m², położone na 6. piętrze jednej z najbardziej rozpoznawalnych lokalizacji w Katowicach - Osiedlu Gwiazdy. Lokal znajduje się w pierwszej Gwiazdzie, najbliżej Wydziału Prawa i Administracji Uniwersytetu Śląskiego. Układ mieszkania: - salon z wyjściem na balkon, - dwa dodatkowe pokoje - osobna, widna kuchnia, - łazienka, - osobne WC, - przestronny przedpokój. Do mieszkania przynależy komórka lokatorska o powierzchni 3,30 m² znajdująca się na tym samym piętrze. Atuty nieruchomości: ✓ słoneczny balkon z ekspozycją południową, ✓ funkcjonalny układ pomieszczeń, ✓ osobna kuchnia, ✓ łazienka i toaleta po remoncie wykonanym w 2020 roku, ✓ komórka lokatorska na piętrze, ✓ doskonała lokalizacja zarówno do zamieszkania, jak i pod inwestycję. Mieszkanie wymaga remontu lub odświeżenia, co daje możliwość aranżacji wnętrza według własnych potrzeb i gustu. Lokalizacja Osiedle Gwiazdy to jedno z najlepiej skomunikowanych miejsc w Katowicach. W bezpośrednim sąsiedztwie znajdują się uczelnie wyższe, biurowce, sklepy, punkty usługowe, tereny rekreacyjne oraz przystanki komunikacji miejskiej. Do centrum miasta można dojść spacerem w kilka minut. Nieruchomość stanowi doskonałą propozycję zarówno dla rodziny, jak i inwestora poszukującego mieszkania pod wynajem dla studentów lub pracowników. Zapraszam do kontaktu i umówienia prezentacji.",tak,,osobna,plastikowe,własność,,50.260999,19.036285
Katowice Szopienice,ul. Pogodna,2,35,260000,7429,bez pośredników,,20,https://adresowo.pl/o/mieszkanie-katowice-szopienice-ul-pogodna-2-pokojowe-j2r9d7,https://s2.adresowa.pl/oi/7b/71/3ef986_5a36_cover@2x-2-pokojowe-mieszkanie-katowice-szopienice-ul-pogodna.webp,Katowice Szopienice,Pogodna,parter,,blok,,"Na sprzedaż mieszkanie dwupokojowe na parterze w czteropiętrowym bloku, w świetnej lokalizacji. Mieszkanie 35 m², dwupokojowe - sypialnia (12 m²), duży, przechodni pokój (15 m²), oddzielna kuchnia, łazienka i przedpokój. Do mieszkania należy piwnica. Mieszkanie po remoncie generalnym w 2013 roku - wymienione wszystkie instalacje, podwieszane sufity, nowe wylewki i tynki. Obecnie wymaga odświeżenia. W mieszkaniu zostają działające sprzęty AGD (nowa zmywarka, mała lodówka w zabudowie, płyta gazowa, piekarnik elektryczny, mała pralka) oraz widoczne na zdjęciach meble (łóżko szer. 160 cm, wysoka, pojemna szafa, zabudowane wnęki, dwa regały oraz zabudowa kuchni). Osiedle znajduje się w świetnej lokalizacji - na granicy Burowca i Dąbrówki Małej. W pobliżu sklepy spożywcze (Pod Ręką, Biedronka, mały sklep warzywny - ok 400 m), Centrum Handlowe Dąbrówka Mała (ok. 1 km), Ikea (ok. 1 km), basen Burowiec i studio jogi (750 m ), a ponadto apteka, przychodnia, przedszkole, szkoła, poczta, dom kultury, biblioteka publiczna - wszystko w granicach dziesięcio-piętnastominutowego spaceru. Obok bloku przebiega ścieżka rowerowa. Świetne połączenie komunikacją miejską z centrum Katowic (przystanek ok. 300 m, dojazd do centrum zajmuje ok. 10 min), z Sosnowcem i Będzinem (przystanek obok bloku), a także Siemianowicami Śl. i Mysłowicami oraz sąsiednimi dzielnicami Katowic. Pełna własność, wspólnota mieszkaniowa, czynsz 730 zł zawiera zaliczkę na ogrzewanie (centralne, miejskie), zimną wodę, wywóz śmieci, fundusz remontowy. Cena 260 000 zł do niewielkiej negocjacji.",tak,,osobna,plastikowe,własność,"Wyposażenie: lodówka, piekarnik, pralka, zmywarka",50.273206,19.071246
Katowice Dąb,ul. Bukowa,1,36,260000,7222,bez pośredników,,5,https://adresowo.pl/o/mieszkanie-katowice-dab-ul-bukowa-1-pokoj-z0g2q2,https://s2.adresowa.pl/oi/1f/37/3ef3c6_702e_cover@2x-1-pokojowe-mieszkanie-katowice-dab-ul-bukowa.webp,Katowice Dąb,Bukowa,1,1940,blok,,"Sprzedam przestronne mieszkanie 1 - pokojowe w kameralnym budynku z cegły. Mieszkanie jest ciepłe i słoneczne- usytuowane wschód- południe. Stan techniczny: okna pcv, nowa instalacja elektryczna, nowe drzwi wejściowe, nowa instalacja centralnego ogrzewania z sieci. Kuchnia do samodzielnego zabudowania, łazienka do remontu.Ciepła woda z bojlera elektrycznego. Mieszkanie położone jest blisko Parku Śląskiego i Wesołego Miasteczka - bardzo dobry dojazd zarówno do Centrum miasta jak i do sąsiednich miast- blisko DTŚ-ka i autostrada A4, Serdecznie polecam!",tak,tak,osobna,plastikowe,własność,,50.278792,19.00311
Katowice,Zawodzie,3,56,490000,8750,bez pośredników,,8,https://adresowo.pl/o/mieszkanie-katowice-zawodzie-3-pokojowe-56-m2-u9y0a8,https://s2.adresowa.pl/oi/56/31/3eec26_7077_cover@2x-3-pokojowe-mieszkanie-katowice-zawodzie.webp,Katowice Zawodzie,,13,,blok,,"Sprzedam mieszkanie w świetnej lokalizacji, jakim są Katowice - Zawodzie - Osiedle Gwiazdy. Mieszkanie o powierzchni 53,1 m², plus komórka 3,4m² naprzeciwko, balkon, winda, 13. piętro. Mieszkanie jest w pełni wyposażone i gotowe do wprowadzenia się. Czynsz w wysokości 1000 zł/msc. Dostępność do uzgodnienia z nowym właścicielem. Lokalizacja oferuje łatwy dostęp do szkół, przedszkoli i uczelni, takich jak Uniwersytet Ekonomiczny czy Zespół Szkół Gastronomicznych. W pobliżu znajdziesz liczne sklepy, supermarkety i centra handlowe, np. Rawa Park. Dla miłośników aktywności dostępne są parki, place zabaw oraz baseny. Dobrze rozwinięta infrastruktura komunikacyjna obejmuje przystanki autobusowe i tramwajowe, a także stację kolejową ""Katowice Zawodzie"". Ogrzewanie miejskie zapewnia komfort przez cały rok. Jeśli chcesz zamieszkać w spokojnej, dobrze skomunikowanej okolicy, ta oferta jest dla Ciebie.",,,,,,,50.259998,19.052999
Katowice Śródmieście,ul. Henryka Dąbrowskiego,3,102,780000,7647,bez pośredników,,8,https://adresowo.pl/o/mieszkanie-katowice-srodmiescie-ul-henryka-dabrowskiego-3-pokojowe-x6r9u2,https://s2.adresowa.pl/oi/73/11/3eea9e_e590_cover@2x-3-pokojowe-mieszkanie-katowice-srodmiescie-ul-henryka-dabrowskiego.webp,Katowice Śródmieście,Henryka Dąbrowskiego,2,,kamienica,,"Oferujemy na sprzedaż wyjątkowe, 102 m² mieszkanie położone w samym sercu Katowic, na ul. Henryka Dąbrowskiego. Znajduje się ono w bliskiej odległości od Rynku (400m) oraz popularnych ulic Dworcowej i Mariackiej (300m). Jest to idealna propozycja dla osób szukających wygodnego, nowoczesnego lokum w centrum miasta. Mieszkanie jest usytuowane na 2. piętrze w kamienicy. Składa się z: • 3 przestronnych pokoi, • kuchni, • łazienki, • dodatkowego pomieszczenia gospodarczego na półpiętrze, • piwnicy. Mieszkanie przeszło gruntowny remont, podczas którego wymieniono całą instalację elektryczną oraz wodno-kanalizacyjną. Gwarantuje to nowoczesność i bezpieczeństwo użytkowania. Remont przeprowadzony został z dbałością o każdy szczegół. Mieszkanie zostało odpowiednio zmodernizowane w nowoczesnym stylu. Usunięto stary tynk, a ściany, sufity oraz podłogi zostały wypełnione wełną mineralną, co poprawia izolację akustyczną i termiczną. Na ścianach położono płyty k-g, co daje możliwość łatwej aranżacji wnętrz oraz zwiększa estetykę pomieszczeń. Dzięki tym pracom mieszkanie zyskało nowoczesny charakter oraz lepszą efektywność energetyczną, co przekłada się na komfort codziennego użytkowania. Wysoki standard, eleganckie wykończenia oraz funkcjonalne rozmieszczenie pomieszczeń sprawiają, że jest to idealne miejsce do życia. Dodatkowo, w mieszkaniu znajduje się kominek, który wprowadza wyjątkowy, przytulny klimat, a w chłodniejsze dni ogrzewa całe mieszkanie. Mieszkanie jest wyposażone w centralne ogrzewanie na prąd. Mieszkanie sprzedawane jest w pełni wykończone, wraz ze wszystkimi stałymi elementami, takimi jak zabudowy kuchenne, szafy wnękowe, sprzęt AGD, oświetlenie oraz inne elementy stałej zabudowy. Dzięki temu mieszkanie jest gotowe do natychmiastowego zamieszkania. Oprócz przestronnego mieszkania, do nieruchomości przynależą również piwnica o powierzchni 24,14 m² oraz komórka na półpiętrze o powierzchni 1,66 m². Te dodatkowe przestrzenie są idealnym miejscem do przechowywania rzeczy, co zwiększa komfort codziennego życia. Kamienica, w której znajduje się mieszkanie, jest obsługiwana przez wspólnotę mieszkaniową, co zapewnia odpowiednią dbałość o utrzymanie części wspólnych budynku oraz podejmowanie decyzji dotyczących jego zarządzania. Wspólnota mieszkaniowa regularnie zajmuje się sprawami porządkowymi, remontami czy utrzymaniem budynku, co daje poczucie komfortu i bezpieczeństwa dla wszystkich mieszkańców. Lokalizacja to kolejny atut - bliskość do centrum handlowego Galeria oraz do wszelkich punktów usługowych, sklepów, a także atrakcji turystycznych zapewnia wygodę codziennego życia. Doskonała lokalizacja, w najbliższym sąsiedztwie Dworzec PKP oraz dworzec autobusowy, przystanki komunikacji miejskiej. Bardzo dobry dojazd do DTŚ, autostrady A4. Dogodne połączenie z miastami ościennymi: Chorzów, Bytom, Siemianowice, Sosnowiec. Ogłoszenie prywatne, bez prowizji i pośredników. Zapraszam do kontaktu i umówienia się na prezentację mieszkania.",tak,,,,,,50.255009,19.023964
Katowice Koszutka,ul. Misjonarzy Oblatów MN,3,66,519000,7864,bez pośredników,,11,https://adresowo.pl/o/mieszkanie-katowice-koszutka-ul-misjonarzy-oblatow-mn-3-pokojowe-d3c3v7,https://s2.adresowa.pl/oi/37/35/3ee53a_5623_cover@2x-3-pokojowe-mieszkanie-katowice-koszutka-ul-misjonarzy-oblatow-mn.webp,Katowice Koszutka,Misjonarzy Oblatów MN,1,1950,kamienica,,"Na sprzedaż mieszkanie o powierzchni 66 m², położone na Koszutce przy ul. Misjonarzy Oblatów (bez pośredników). Mieszkanie składa się z: - 3 pokoi, - kuchni, - 2 łazienek, - przedpokoju. Do mieszkania przynależy komórka lokatorska. Budynek pochodzi z początku lat 50. Ogrzewanie z sieci miejskiej. W mieszkaniu wymieniono większość okien na PCV. Jedno okno w dużym pokoju pozostało drewniane. Mieszkanie jest do generalnego remontu. Do wykonania są m.in. wymiana instalacji elektrycznej i wodno-kanalizacyjnej, remont łazienek i kuchni, odnowienie lub wymiana podłóg, ścian oraz stolarki wewnętrznej - zakres prac zależy od oczekiwanego standardu. Mieszkanie nie posiada balkonu. Dostępne od zaraz. Osoby zainteresowane zapraszam do kontaktu i obejrzenia mieszkania.",tak,,,,własność,,50.270916,19.022007
Katowice os. Witosa,ul. Wincentego Witosa,2,30,239000,7967,bez pośredników,,5,https://adresowo.pl/o/mieszkanie-katowice-os-witosa-ul-wincentego-witosa-2-pokojowe-o5s7y1,https://s2.adresowa.pl/oi/63/16/3eda2e_e9d1_cover@2x-2-pokojowe-mieszkanie-katowice-os-witosa-ul-wincentego-witosa.webp,Katowice os. Witosa,Wincentego Witosa,8,1975,blok,,"Szukasz idealnego mieszkania na start, na czas studiów lub pewnego gotowca inwestycyjnego w Katowicach? Ta oferta jest dla Ciebie! Na sprzedaż kompaktowe, niezwykle funkcjonalne 2-pokojowe mieszkanie o powierzchni 31 m², zlokalizowane przy ul. Witosa w Katowicach. Lokal usytuowany jest na 8. piętrze, co gwarantuje nie tylko ciszę i spokój od miejskiego zgiełku, ale przede wszystkim przepiękny, panoramiczny widok na okolicę. Dlaczego warto wybrać to mieszkanie? * Maksymalnie wykorzystana przestrzeń: Na 31 m² znajdują się 2 ustawne pokoje, osobna kuchnia oraz łazienka - zobacz rzut. * Wyjątkowe 8. piętro: Codzienna kawa z pięknym widokiem na panoramę Katowic - w bloku znajduje się oczywiście sprawna, nowoczesna winda. * Doskonała lokalizacja (Os. Witosa): Zielona, spokojna okolica z pełnym zapleczem handlowo-usługowym (sklepy, dyskonty, siłownie). * Komunikacja na 5+: Błyskawiczny dojazd do centrum Katowic (autobusy, bliskość linii tramwajowej) oraz idealny, bezpośredni wylot na autostradę A4 - kluczowy aspekt dla osób pracujących na terenie Aglomeracji. Dla kogo? * Dla Inwestora: Mieszkania 2-pokojowe w tej lokalizacji wynajmują się błyskawicznie. Wysoka stopa zwrotu (ROI) i stały popyt na najem. * Na start: Idealne, przytulne M2 dla singla lub pary, którzy chcą mieszkać blisko centrum, ale w spokojniejszej okolicy. Stan prawny uregulowany, mieszkanie gotowe do transakcji. Osiedle Witosa to jedna z najbardziej cenionych lokalizacji w Katowicach - zapewnia komfort codziennego życia, dużo zieleni oraz doskonałe połączenie z centrum miasta i autostradą A4. Umów się na prezentację mieszkania - przekonaj się na własne oczy, jak wyjątkowy widok rozpościera się z okien tego mieszkania!",tak,,aneks,plastikowe,spółdzielcze własnościowe,,50.261347,18.971231
Katowice Koszutka,ul. Klonowa,5,153,2190000,14314,bez pośredników,,10,https://adresowo.pl/o/mieszkanie-katowice-koszutka-ul-klonowa-5-pokojowe-j7m9z7,https://s2.adresowa.pl/oi/3c/2d/3ed3c4_ed46_cover@2x-5-pokojowe-mieszkanie-katowice-koszutka-ul-klonowa.webp,Katowice Koszutka,Klonowa,1,1930,,,"Dwupoziomowy apartament o powierzchni ok. 153 m² (I piętro + poddasze użytkowe) w kameralnej, dwulokalowej willi przy cichej, willowej ul. Klonowej na Koszutce - kilka minut od ścisłego centrum Katowic. Wnętrze wykończone ""pod klucz"" w bardzo wysokim standardzie: drewniana podłoga z jodły francuskiej, włoskie płytki, sprzęt Siemens, zabudowa kuchenna na okuciach Blum, klimatyzacja, ogrzewanie podłogowe i niezależny gazowy piec c.o. Do lokalu należy garaż wolnostojący oraz udział w zadbanej działce (ogród). Mieszkanie zajmuje dwa poziomy. Na I piętrze sercem układu jest przestronny, doświetlony salon (ok. 42 m²), a obok trzy wygodne pokoje, oddzielna kuchnia, duża łazienka oraz osobne WC. Poddasze użytkowe tworzy niezależną, kameralną strefę - dwa pokoje, aneks/kuchnia i łazienka - idealną na sypialnię z garderobą, pokój gościnny, gabinet do pracy zdalnej lub przestrzeń dla nastolatka. Taki rozkład daje rzadką elastyczność: część dzienną i prywatną można w pełni rozdzielić. Całość została gruntownie wyremontowana z dbałością o detal i jakość materiałów. Na podłogach naturalne drewno (jodła francuska) i włoskie płytki ceramiczne. W kuchni sprzęt AGD Siemens (piekarnik parowy, płyta indukcyjna) i meble na systemach okuć Blum. Wewnętrzne drzwi Fizia, ściany malowane farbami Flügger. Komfort termiczny zapewniają ogrzewanie podłogowe na I piętrze, estetyczne grzejniki na poddaszu oraz klimatyzacja na obu poziomach. Instalacja elektryczna jest nowa, a ogrzewanie w pełni niezależne - własny gazowy kocioł c.o. obsługujący wyłącznie ten lokal (osobne rozliczenie mediów). Budynek to solidna, murowana z cegły pełnej willa ze stropami żelbetowymi, mieszcząca tylko dwa samodzielne lokale. Górne mieszkanie ma własną księgę wieczystą i udział w nieruchomości wspólnej oraz w działce (ok. 505 m² ogrodu do wspólnego korzystania według ustalonego podziału). Do mieszkania przynależy garaż wolnostojący oraz miejsce postojowe na posesji. Wejście prowadzi wspólną klatką schodową, dzieloną wyłącznie z właścicielem lokalu na parterze - kameralnie, jak w prywatnej rezydencji dwurodzinnej. Lokalizacja łączy prestiż i wygodę: Koszutka to spokojna, zielona dzielnica willowa w bezpośrednim sąsiedztwie centrum, z bardzo dobrą komunikacją, blisko terenów rekreacyjnych, szkół, sklepów i usług. To propozycja dla osób, które szukają gotowego, zaprojektowanego z gustem domu na własność - bez kompromisów wykończeniowych i bez anonimowości nowego apartamentowca.",,,osobna,,własność,"Wyposażenie: klimatyzacja, piekarnik",50.272066,19.028864
Katowice Piotrowice,ul. Malinowa,2,50,375000,7500,bez pośredników,,8,https://adresowo.pl/o/mieszkanie-katowice-piotrowice-ul-malinowa-2-pokojowe-d9v9r0,https://s2.adresowa.pl/oi/2f/6d/3ec298_8aec_cover@2x-2-pokojowe-mieszkanie-katowice-piotrowice-ul-malinowa.webp,Katowice Piotrowice,Malinowa,1,1960,blok,,"Na sprzedaż ustawne, trzystronne mieszkanie w Katowicach, w dzielnicy Piotrowice, przy ulicy Malinowej. Mieszkanie: Składa się z salonu, sypialni, kuchni, łazienki oraz przedpokoju. Okna wychodzą na południe, zachód i północ. Do mieszkania przynależy balkon oraz piwnica (około 12 m²). Obok budynku mieszkańcy urządzili ogródki, z których jeden jest do dyspozycji właściciela. Stan mieszkania: Do remontu. Okna PCV, instalacja grzewcza wykonana w miedzi. Budynek: Lokal znajduje się na 1 piętrze jednopiętrowego budynku wielorodzinnego z lat 60. W budynku znajduje się tylko 6 lokali. Wokół budynku dostępny jest teren, na którym swobodnie można zaparkować samochód. Dostępne media: Prąd, woda, internet, TV kablowa oraz naziemna. Ogrzewanie i ciepła woda pochodzą z dwufunkcyjnego pieca gazowego. Opłaty do spółdzielni: około 730 zł. Lokalizacja: Spokojne osiedle domków jednorodzinnych i niskich bloków, na pograniczu Piotrowic i Ligoty, niedaleko parku Zadole, w bezpośrednim sąsiedztwie Ośrodka Sportowego MOSiR przy ul. Asnyka. Las znajduje się w odległości 150 m, park Zadole – 250 m, basen MOSiR – 500 m. Niedaleko stacja PKP Piotrowice, przystanki autobusowe, \""Biedronka\"" oraz Centrum Handlowe „Fabryka Park”. Dodatkowym atutem jest duży, murowany garaż z prądem i kanałem, który nowy właściciel będzie mógł dokupić na preferencyjnych warunkach. Mieszkanie z ogromnym potencjałem w wyjątkowej i zielonej okolicy, zapraszam do kontaktu.",tak,tak,,plastikowe,,"Wyposażenie: internet, tv",50.214714,18.967517
Katowice Zawodzie,al. Walentego Roździeńskiego,2,59,499000,8458,bez pośredników,,16,https://adresowo.pl/o/mieszkanie-katowice-zawodzie-al-walentego-rozdzienskiego-2-pokojowe-q4h4f0,https://s2.adresowa.pl/oi/21/3a/3ec13c_cf53_cover@2x-2-pokojowe-mieszkanie-katowice-zawodzie-al-walentego-rozdzienskiego.webp,Katowice Zawodzie,Walentego Roździeńskiego,12,,blok,,"Mamy przyjemność zaprezentować 2-pokojowe mieszkanie o powierzchni 60 m², położone w dzielnicy Zawodzie (oś. Gwiazdy). Nieruchomość znajduje się na 12. piętrze, co w połączeniu z południowozachodnią ekspozycją gwarantuje piękną panoramę miasta i maksymalną ilość naturalnego światła przez cały dzień. Nieważne, jak ponura jest pogoda - tutaj zawsze jest jasno i przyjemnie! PRZEMYŚLANY I KLASYCZNY UKŁAD POMIESZCZEŃ Mieszkanie charakteryzuje się pełnym, niezależnym rozkładem, co zapewnia dużą prywatność i komfort mieszkańcom: - Duży, ustawny pokój dzienny (salon), który bez problemu można podzielić na dwa osobne pokoje - Drugi, mniejszy pokój - Osobna, jasna kuchnia: - Osobna łazienka - osobna toaleta - Garderoba - Duży, przestronny korytarz LOKALIZACJA (WSZĘDZIE BLISKO!) Położenie budynku to absolutny hit logistyczny - idealny zarówno do codziennego życia, jak i pod wynajem: - Uniwersytet Ekonomiczny (UE): Zaledwie 3 minuty pieszo! Koniec z porannym pośpiechem i staniem w korkach. - Uniwersytet Śląski (UŚ): Około 10 minut spacerem. - Komunikacja miejska: Tylko 3 minuty do najbliższego przystanku autobusowego oraz 3 minuty do przystanku tramwajowego - Codzienne zakupy: Bezpośrednio pod blokiem znajduje się sklep spożywczy - idealna sprawa na szybkie zakupy Bezpieczeństwo i prywatność na najwyższym poziomie: To mieszkanie oferuje wyjątkowy standard ochrony i spokoju, co jest ogromnym atutem w miejskiej lokalizacji: - Całodobowa ochrona (24/7): W budynku funkcjonuje profesjonalna ochrona, która dba o bezpieczeństwo i porządek na terenie obiektu przez całą dobę. - Zamykany korytarz lokatorski (dodatkowe drzwi na piętrze): Piętro jest dodatkowo zabezpieczone. Zanim dotrze się do właściwego mieszkania, przechodzi się przez zamykane drzwi działowe na korytarzu, do których klucze mają wyłącznie mieszkańcy danego piętra. - Drzwi antywłamaniowe: Wejście do samego lokalu zabezpieczają solidne drzwi o podwyższonej odporności na włamanie, gwarantując pełen komfort i ciszę. SPRZEDAŻ BEZ POŚREDNIKÓW !",,,osobna,,własność,,50.270233,19.06107
Katowice Śródmieście,ul. ks. bp. Arkadiusza Lisieckiego,2,47,490000,10426,bez pośredników,,6,https://adresowo.pl/o/mieszkanie-katowice-srodmiescie-ul-ks-bp-arkadiusza-lisieckiego-2-pokojowe-m0v0a1,https://s2.adresowa.pl/oi/3f/31/3eac08_36f7_cover@2x-2-pokojowe-mieszkanie-katowice-srodmiescie-ul-ks-bp-arkadiusza-lisieckiego.webp,Katowice Śródmieście,ks. bp. Arkadiusza Lisieckiego,1,1970,blok,,"Na sprzedaż wyjątkowe mieszkanie po generalnym remoncie w samym sercu Katowic – Śródmieście, w pobliżu AWF, UE, dworca kolejowego. Przy przystanku autobusowym, blisko szkoła. Mieszkanie o powierzchni 47,70 m² znajduje się na I piętrze czteropiętrowego niskiego bloku, składa się z: salonu, sypialni, dużej kuchni z oknem, łazienki, dużego korytarza. Dodatkowym atutem jest balkon oraz piwnica (3,59m2). Lokal jest w pełni umeblowany (w tym kuchnia meble na wymiar, w przedpokoju duża szafa na wymiar) i wyposażony w sprzęty AGD (lodówka duża w zabudowie, zmywarka, piekarnik, pralka) – wszystko nowe i gotowe do zamieszkania bez żadnych dodatkowych nakładów finansowych, bez pośredników. Mieszkanie przeszło generalny remont, obejmujący również wymianę wszystkich instalacji, nie jest zadłużone, bez żadnych obciążeń. Zapraszam do kontaktu codziennie, w dni robocze po godzinie 18:00 tel [numer]",tak,,osobna,,własność,"Wyposażenie: lodówka, piekarnik, pralka, zmywarka",50.271156,18.933165
Katowice Śródmieście,ul. Francuska,1,29,270000,9310,bez pośredników,,13,https://adresowo.pl/o/mieszkanie-katowice-srodmiescie-ul-francuska-1-pokoj-n8e5k2,https://s2.adresowa.pl/oi/62/48/3ea952_b668_cover@2x-1-pokojowe-mieszkanie-katowice-srodmiescie-ul-francuska.webp,Katowice Śródmieście,Francuska,3,1920,kamienica,,"Mam na sprzedaż fantastyczny lokal w centrum Katowic, na skrzyżowaniu ulicy Mariackiej i Francuskiej. Lokal o powierzchni 41 m^2 po podłodze (29 m^2 użytkowej powierzchni) jest położony na poddaszu, na 3. piętrze. Generalny remont lokalu został przeprowadzony w 2025 roku. Wymieniono instalację wodną, kanalizacyjną, elektryczną i gazową. Lokal jest ogrzewany gazowo i wyposażony w klimatyzację z funkcją grzania. Dodatkowe wyposażenie i udogodnienia: - Ogrzewanie i woda: piec dwufunkcyjny gazowy (oraz klimatyzacja z funkcją grzania). - Klimatyzacja. - Łazienka wyposażona w prysznic i wannę (zabudowana, zdjęcie nieaktualne). - Kuchnia wyposażona w piekarnik, płytę indukcyjną, pralkę i lodówkę. Meble robione na wymiar, z wyspą na środku. - Duży pokój połączony z kuchnią, w pełni wyposażony (rozkładana kanapa, stół z krzesłami, duża szafa). - 3 okna połaciowe, dźwiękoszczelne. - Wysokiej jakości ocieplenie. - Wszystkie instalacje są nowe. Klatka schodowa ma w najbliższym czasie przejść gruntowny remont, wraz z wymianą domofonów i odnowieniem bramy głównej. Remont na pewno zwiększy wartość lokalu. Lokal jest idealny na wynajem. Obecnie zamieszkiwany jest przez najemcę z umową do początku września. Najemczyni jest chętna do dalszego najmu na kolejny rok (młoda dziewczyna, bardzo dobry kontakt, super osoba). Sprzedaję lokal, aby nadpłacić swoją hipotekę. Cena: 309 000 zł (do lekkiej negocjacji).",,,aneks,,własność,"Wyposażenie: klimatyzacja, lodówkę, piekarnik, pralkę",50.257612,19.02853
Katowice Śródmieście,ul. Adama Mickiewicza,3,54,924000,17111,bez pośredników,,7,https://adresowo.pl/o/mieszkanie-katowice-srodmiescie-ul-adama-mickiewicza-3-pokojowe-i6f8g9,https://s2.adresowa.pl/oi/2f/1a/3e8d7c_8462_cover@2x-3-pokojowe-mieszkanie-katowice-srodmiescie-ul-adama-mickiewicza.webp,Katowice Śródmieście,Adama Mickiewicza,21,2024,apartamentowiec,,"Przestronne mieszkanie na sprzedaż o powierzchni 54,69 m², usytuowane na wysokim piętrze w 26-piętrowym apartamentowcu. Mieszkanie posiada 3 pokoje, idealne do aranżacji według własnych potrzeb. Wnętrze wyposażone jest w: - klimatyzację, - windę, - domofon/wideofon, - monitoring/ochronę, - pomieszczenie użytkowe, - komórkę lokatorską - garaż/miejsce parkingowe. - ogrzewanie podłogowe. Mieszkając tutaj, masz również dostęp do mediów, takich jak internet i telewizja kablowa. Czynsz administracyjny wynosi tylko 7 PLN/m2. To doskonała propozycja dla osób szukających komfortu i bezpieczeństwa w centrum miasta. Dodatkowo płatna: Cena miejsca postojowego: 59 000 zł Cena komórki lokatorskiej: 29 000 zł Nie zwlekaj, skontaktuj się i umów na prezentację mieszkania! Oferta wystawiona grzecznościowo.",tak,tak,,,własność,Wyposażenie: internet,50.262141,19.016169
Katowice,Śródmieście,2,41,350000,8537,bez pośredników,,6,https://adresowo.pl/o/mieszkanie-katowice-srodmiescie-2-pokojowe-41-m2-l3r7k5,https://s2.adresowa.pl/oi/19/2d/3e8b42_6565_cover@2x-2-pokojowe-mieszkanie-katowice-srodmiescie.webp,Katowice Śródmieście,,1,,blok,,"Oferuję na sprzedaż 2-pokojowe mieszkanie inwestycyjne o powierzchni 41 m². Znajduje się na pierwszym piętrze w bloku. Mieszkanie wynajęte, możliwa zapłata czynszu za wynajem za rok z góry. Mieszkanie jest umeblowane, słoneczne i jasne, składa się z salonu z aneksem kuchennym, sypialni, przedpokoju z zabudowaną szafą i łazienki. Całość prezentuje się schludnie i estetycznie. Mieszkanie znajduje się w Śródmieściu Katowic, blisko urzędów, uczelni i instytucji, a także szkół i przedszkoli. Nieopodal Dolina 3 Stawów. Jeśli szukasz komfortowego mieszkania, które od pierwszych chwil będzie zarabiać dla Ciebie, nie zwlekaj, skontaktuj się ze mną już dziś! Możliwość kupna miejsca parkingowego na parkingu przy budynku.",,,aneks,,,,50.257,19.017099
Katowice Śródmieście,ul. ks. Piotra Skargi,1,29,421238,14525,bez pośredników,,1,https://adresowo.pl/o/mieszkanie-katowice-srodmiescie-ul-ks-piotra-skargi-1-pokoj-b8a3z9,https://s2.adresowa.pl/oi/1a/3f/3e83fc_3871_cover@2x-1-pokojowe-mieszkanie-katowice-srodmiescie-ul-ks-piotra-skargi.webp,Katowice Śródmieście,ks. Piotra Skargi,8,2026,apartamentowiec,,"Przedmiotem sprzedaży jest mieszkanie o powierzchni 29,10 m2 w nowoczesnym kompleksie budynków mieszkalnych MIKATO w budynku A na 8. piętrze. Mieszkanie składa się z pokoju dziennego z aneksem kuchennym do którego przylega loggia, łazienki i przedpokoju plus komórka lokatorska o powierzchni 3,17 m2. Cesja umowy deweloperskiej. Łączna wartość nieruchomości zgodnie z umową deweloperską wynosi 421 238,15 zł. Z naszej strony oczekujemy zwrotu dotychczas wpłaconych środków w wysokości 84 247,63 zł. Pozostała cześć ceny będzie regulowana przez kupującego zgodnie z harmonogramem płatności dewelopera. Ostatnia transza do 30.10.2026 r. Termin zakończenia budowy 30.10.2026 r. Sprzedaż bezpośrednio od osoby prywatnej. Pośrednikom i biurom nieruchomości dziękujemy.",tak,,aneks,,własność,,50.261594,19.019169
Katowice Bogucice,ul. Olimpijska,3,67,1000000,14925,bez pośredników,,12,https://adresowo.pl/o/mieszkanie-katowice-bogucice-ul-olimpijska-3-pokojowe-g6t3b3,https://s2.adresowa.pl/oi/39/66/3e79ce_c126_cover@2x-3-pokojowe-mieszkanie-katowice-bogucice-ul-olimpijska.webp,Katowice Bogucice,Olimpijska,29,2026,apartamentowiec,,"Wyjątkowe mieszkanie na 29. piętrze prestiżowej inwestycji Atal Olimpijska. To niepowtarzalna oferta dla osób poszukujących nieruchomości z panoramicznym widokiem i ponadstandardowym doświetleniem wnętrz. Lokal wyróżnia się tym, że jest jednym z zaledwie 5 mieszkań w całej inwestycji, w których zastosowano okna na pełną szerokość mieszkania, co zapewnia spektakularną ilość naturalnego światła oraz wyjątkowe widoki na panoramę miasta. Sprzedaż odbywa się na podstawie cesji umowy deweloperskiej, dzięki czemu kupujący nie płaci podatku PCC 2%, co stanowi realną oszczędność przy zakupie nieruchomości. Dodatkowo do mieszkania dostępne są: • komórka lokatorska - 16 800 zł • miejsce parkingowe - 50 000 zł Zakup komórki lokatorskiej oraz miejsca parkingowego dodatkowo płatny. To idealna propozycja zarówno do zamieszkania, jak i jako inwestycja premium.",tak,tak,,,własność,,50.265365,19.028386
Katowice Dąb,ul. Johna Baildona,4,144,2100000,14583,bez pośredników,,20,https://adresowo.pl/o/mieszkanie-katowice-dab-ul-johna-baildona-4-pokojowe-v9a9j8,https://s2.adresowa.pl/oi/13/64/3e746a_46b7_cover@2x-4-pokojowe-mieszkanie-katowice-dab-ul-johna-baildona.webp,Katowice Dąb,Johna Baildona,7,2011,blok,,"[TOP PREMIUM] Architektoniczny unikat 144 m² | Naturalne drewno i cegła Nelissen | Dębowe Tarasy - Cena: 2 100 000 zł - Powierzchnia użytkowa: 144,45 m² - Liczba pokoi: 4 (przestronny salon z aneksem kuchennym + 3 sypialnie) - Piętro: 7. piętro (przepiękna panorama i doskonałe doświetlenie) - Lokalizacja: Katowice, ul. Johna Baildona (Osiedle Dębowe Tarasy) - Dostępność: Wolne od zaraz (Termin sprzedaży: ASAP) - W cenie nieruchomości: 2 komórki lokatorskie (5,75 m²) oraz 2 miejsca w garażu podziemnym (poziom -1) - Stan prawny: Pełna własność jednej osoby z Księgą Wieczystą. Brak hipoteki Prestiżowy adres i unikalny projekt architektoniczny. Z przyjemnością prezentujemy wyjątkową nieruchomość dla najbardziej wymagających klientów - monumentalny, 4-pokojowy apartament o powierzchni aż 144,45 m², położony na 7. piętrze flagowej katowickiej inwestycji ""Dębowe Tarasy"". Wnętrze zostało w całości zaprojektowane oraz urządzone pod nadzorem renomowanego architekta. Nie ma tu miejsca na kompromisy - każdy detal został przemyślany tak, aby łączyć ponadczasową estetykę z najwyższą funkcjonalnością. Po odświeżeniu apartament jest w pełni gotowy do wprowadzenia się. Materiały najwyższej próby (Klasa Premium). W wykończeniu wnętrz zastosowano wyłącznie szlachetne, naturalne i starannie selekcjonowane materiały: - Naturalne podłogi: Wykonane z wysokiej klasy naturalnego drewna, w tym niezwykle trwałego i ekskluzywnego drewna tekowego. - Unikalny design: Filary w salonie zostały wyłożone oryginalną, ręcznie formowaną cegłą Nelissen, co nadaje wnętrzu wyjątkowy, loftowo-elegancki charakter. - Włoska ceramika: W strefach sanitarnych i kuchennych położono wielkoformatowe płytki włoskie klasy premium. - Pokój kąpielowy: W łazience znajduje się wolnostojąca, luksusowa wanna ceramiczna oraz specjalnie zaprojektowana, podtynkowa deszczownica tworząca prywatną strefę SPA. Sprawdzona jakość i wyjątkowy komfort termiczny. Apartament został oddany do użytku w 2011 roku w najlepszej, pierwszej fazie inwestycji. - Brak wad ukrytych: Budynek przeszedł już naturalny proces osiadania, a lokal został perfekcyjnie sprawdzony w toku wieloletniej eksploatacji - konstrukcja nie wykazuje absolutnie żadnych wad. - Cisza i ciepło: Dzięki doskonałej izolacji termicznej i akustycznej apartament jest bardzo ciepły zimą (co przekłada się na niskie koszty utrzymania) oraz wyjątkowo cichy. Zapewnia to pełną prywatność i wysoki komfort akustyczny na 7. piętrze. Przemyślany układ pomieszczeń i wyposażenie w cenie. - Strefa dzienna: Imponujący salon płynnie połączony z kuchnią. W cenie zawarte są meble kuchenne robione na wymiar wraz z pełnym wyposażeniem AGD. - Elastyczność: Pozostałe meble mogą na życzenie kupującego pozostać w apartamencie lub zostać usunięte przez właściciela. - Pokoje i zaplecze: 3 ustawne sypialnie, duża łazienka, osobne WC oraz niezwykle praktyczne pomieszczenie gospodarcze wewnątrz lokalu. Dwa balkony oraz pełne zaplecze na poziomie -1. Niezaprzeczalnym atutem są dwa niezależne balkony: wschodnio-północny (8,41 m²) - idealny na poranną kawę, oraz południowy (5,73 m²) - doskonały do popołudniowego odpoczynku. W cenie nieruchomości uwzględniono także dwie komórki lokatorskie (łącznie 5,75 m²) oraz dwa szerokie miejsca w garażu podziemnym. Elitarne osiedle i bezkonkurencyjna lokalizacja. Osiedle Dębowe Tarasy to teren zamknięty, monitorowany i chroniony całodobowo (24/7). Na jego obszarze znajdują się piękne, tereny zielone (uzyskanie takiego efektu roślinności na nowych osiedlach zajmuje minimum 16 lat), place zabaw dla dzieci, miejsca do spacerowania z pupilami oraz ścieżki do uprawiania nordic walking. Położenie gwarantuje bezpośrednie sąsiedztwo centrum handlowego Silesia City Center (butiki, restauracje, kino) oraz bliskość Parku Śląskiego (tereny rekreacyjne, Zoo). Szybki dojazd do Drogowej Trasy Średnicowej (DTŚ) oraz autostrady A4 pozwala dotrzeć do ścisłego centrum Katowic w zaledwie 3 minuty. Kontakt i warunki sprzedaży. Nieruchomość jest wolna i gotowa do transakcji od zaraz. Prezentacja apartamentu odbywa się wyłącznie po wcześniejszym telefonicznym lub mailowym umówieniu wizyty. Ogłoszenie bezpośrednie od właściciela. Agencjom nieruchomości zdecydowanie dziękuję - prosimy nie dzwonić z ofertami współpracy.",tak,,aneks,,własność,,50.270686,19.00084
Katowice,Ligota,2,52,739000,14212,bez pośredników,,12,https://adresowo.pl/o/mieszkanie-katowice-ligota-2-pokojowe-52-m2-j0i5l5,https://s2.adresowa.pl/oi/4f/10/3e5bd4_e4f5_cover@2x-2-pokojowe-mieszkanie-katowice-ligota.webp,Katowice Ligota,,1,,apartamentowiec,,"Mieszkanie znajduje się w atrakcyjnej części Katowic - w sąsiedztwie osiedli mieszkaniowych, sklepów, szkół, przystanków komunikacji miejskiej oraz terenów rekreacyjnych. Doskonałe połączenie z centrum miasta oraz szybki dojazd do autostrady A4. Powierzchnia mieszkania to 52,97 m2, położone na 1. piętrze nowoczesnego, niskiego apartamentowca. Do mieszkania przynależy również komórka lokatorska o powierzchni 2,61 m2. Cena komórki - 20 tys. złotych. Budynek kameralny, bezpieczny: teren posesji jest ogrodzony. W budynku znajduje się portiernia. Sam lokal składa się z 2 pokoi - sypialnia oraz salon z aneksem kuchennym. Układ mieszkania funkcjonalny. W hali garażowej dostępne 1,5 miejsca parkingowego, co sprawia, że miejsce jest szerokie i nie ma problemu z zaparkowaniem większego samochodu. Cena miejsca w hali garażowej - 40 tys. złotych. Cena nieruchomości wraz z komórką lokatorską i miejscem w hali garażowej - 799 000,00 zł. Jeśli mieliby Państwo jakieś pytania, zapraszam do kontaktu. Oferta jest prywatna, nie jestem zainteresowana współpracą z biurami nieruchomości.",tak,tak,aneks,,,,50.226002,18.971001
Katowice Brynów,ul. Cyranek,4,118,1440000,12203,bez pośredników,,20,https://adresowo.pl/o/mieszkanie-katowice-brynow-ul-cyranek-4-pokojowe-o8y5g5,https://s2.adresowa.pl/oi/3e/71/3e51bc_60c8_cover@2x-4-pokojowe-mieszkanie-katowice-brynow-ul-cyranek.webp,Katowice Brynów,Cyranek,parter,1998,apartamentowiec,,"Sprzedam 4 pokojowe mieszkanie o powierzchni 118,23 m2; przy ul. Cyranek w Katowicach Brynów; w prestiżowej dzielnicy - PTASIE OSIEDLE; tuż przy wejściu do lasu na Muchowcu i Katowickiego Parku Leśnego. Mieszkanie zaprojektowane ze smakiem, przestronne, słoneczne; w skład którego wchodzą: - przestronny salon z kuchnią w formie aneksu kuchennego - 3 sypialnie - łazienka z wc - toaleta - hol - piwnica - garaż Mieszkanie usytuowane na wysokim parterze, wygodne wejście z klatki schodowej; z salonu wyjście na przydomowy ogródek - o powierzchni 48,20 m2, gdzie roztacza się piękny widok na zieloną przestrzeń. Najlepsza lokalizacja w Katowicach: kameralna, cicha i zielona okolica szybki dostęp do centrum Katowic; samochodem 10 min.; tramwajem lub autobusem 10 min. wygodne połączenia z głównymi trasami wyjazdowymi Informacje techniczne: Ogrzewanie: miejskie Ciepła woda: wodociągi miejskie Z uwagi na wspaniałe położenie i rozkład mieszkania; lokal może być również adoptowany na cele biznesowe.",tak,tak,aneks,plastikowe,własność,,50.234514,19.01006
Katowice Giszowiec,ul. Adama,3,61,520000,8525,bez pośredników,,9,https://adresowo.pl/o/mieszkanie-katowice-giszowiec-ul-adama-3-pokojowe-k4g7d7,https://s2.adresowa.pl/oi/5c/47/3e3912_d5ae_cover@2x-3-pokojowe-mieszkanie-katowice-giszowiec-ul-adama.webp,Katowice Giszowiec,Adama,5,1985,blok,,"Na sprzedaż komfortowe i funkcjonalne mieszkanie o powierzchni 61,07 m², położone na 5. piętrze w 10-piętrowym budynku po termomodernizacji. Budynek jest zadbany, wyposażony w windę oraz zabezpieczony domofonem. Jednym z największych atutów nieruchomości jest przestronny balkon (ok. 5 m²) z pięknym, kojącym widokiem na las - idealne miejsce na poranną kawę lub odpoczynek po pracy. Mieszkanie stanowi pełną własność. Układ pomieszczeń: - trzy niezależne, ustawne pokoje - oddzielna, jasna kuchnia - funkcjonalny przedpokój - łazienka z WC - duży balkon Dodatkowo: - piwnica (ok. 3,2 m²) - komórka lokatorska (ok. 2 m²) Standard i wyposażenie: - mieszkanie po kapitalnym remoncie - wymienione wszystkie instalacje (elektryczna, wodno-kanalizacyjna, piony) - ogrzewanie miejskie bez podzielników - ciepła woda z sieci miejskiej - gaz ziemny - okna PCV - na podłogach panele i płytki, na ścianach gładzie, podwieszane sufity Lokalizacja - Giszowiec: Nieruchomość znajduje się w jednej z najbardziej klimatycznych i zielonych dzielnic Katowic. Giszowiec to unikalne osiedle-ogrodowe, cenione za spokój, z dużą ilością terenów zielonych oraz przyjazną, zabytkową zabudową domków jednorodzinnych. Atuty lokalizacji: - bezpośrednie sąsiedztwo lasów i terenów rekreacyjnych - liczne ścieżki spacerowe i rowerowe - szybki dojazd do centrum Katowic, Mysłowic oraz Tychów - dogodny dostęp do autostrady A4 i DTŚ - dobrze rozwinięta komunikacja autobusowa W pobliżu: - sklepy i punkty usługowe - szkoły i przedszkola - przychodnie i apteki - place zabaw i tereny rekreacyjne To idealna propozycja dla osób szukających mieszkania w spokojnej, zielonej okolicy, z jednoczesnym szybkim dostępem do centrum miasta. Oferta prywatna, biurom nieruchomości dziękujemy.",tak,,osobna,plastikowe,własność,,50.212864,19.073514
Katowice Kostuchna,ul. Jana Kściuczyka,2,30,269000,8967,bez pośredników,,7,https://adresowo.pl/o/mieszkanie-katowice-kostuchna-ul-jana-ksciuczyka-2-pokojowe-t6e1m2,https://s2.adresowa.pl/oi/17/55/3e2ef2_cb4f_cover@2x-2-pokojowe-mieszkanie-katowice-kostuchna-ul-jana-ksciuczyka.webp,Katowice Kostuchna,Jana Kściuczyka,8,2015,blok,,"Mieszkanie 30 m, umeblowane, po remoncie: - Łazienka: kabina prysznicowa + pralka. - Kuchnia na wymiar, na gwarancji, wraz ze sprzętem AGD (kuchenka, okap, zmywarka, piekarnik, lodówka). - Duży pokój. - Sypialnia/drugi pokój. Duża piwnica. W całym mieszkaniu nowe panele, w przedpokoju szafa z lustrem. W okolicy szkoła, sklepy, przychodnia, przystanek autobusowy oraz kolejowy. Dojazd do centrum samochodem: 12-15 min. Blok sąsiaduje z lasem, brak problemów z miejscami parkingowymi. Budynek przeszedł termomodernizację, klatka schodowa wyremontowana. Czynsz: 750 zł. Proszę pośredników o niekontaktowanie się.",tak,,,,,"Wyposażenie: kuchenka, lodówka, piekarnik, pralka, zmywarka",50.180624,18.998857
Katowice Janów,ul. Zamkowa,2,38,249000,6553,bez pośredników,,8,https://adresowo.pl/o/mieszkanie-katowice-janow-ul-zamkowa-2-pokojowe-q1m8k3,https://s2.adresowa.pl/oi/3d/19/3e275c_70c2_cover@2x-2-pokojowe-mieszkanie-katowice-janow-ul-zamkowa.webp,Katowice Janów,Zamkowa,1,,blok,,"Na sprzedaż jasne i funkcjonalne mieszkanie zlokalizowane przy ul. Zamkowej w Katowicach. Mieszkanie znajduje się w spokojnej, zielonej okolicy z bardzo dobrym dostępem do komunikacji, sklepów oraz infrastruktury miejskiej. Idealne zarówno do zamieszkania, jak i jako inwestycja pod wynajem. Najważniejsze atuty: * Bardzo jasne wnętrza. * Funkcjonalny układ pomieszczeń. * Duże okna z widokiem na zieleń. * Mieszkanie zadbane i gotowe do wprowadzenia. * Spokojna okolica. * Dużo miejsc parkingowych w pobliżu. * Idealne dla singla, pary lub inwestora. Mieszkanie składa się z: * Salonu. * Sypialni. * Osobnej kuchni. * Łazienki. * Przedpokoju. Blok położony jest w zielonej części osiedla, z wygodnym dostępem do centrum Katowic. Zapraszam do kontaktu i obejrzenia mieszkania.",,,osobna,,,,50.242467,19.088521
Katowice,os. Tysiąclecia,2,44,334000,7591,bez pośredników,,13,https://adresowo.pl/o/mieszkanie-katowice-os-tysiaclecia-2-pokojowe-44-m2-w5w4y3,https://s2.adresowa.pl/oi/74/14/3e273c_6340_cover@2x-2-pokojowe-mieszkanie-katowice-os-tysiaclecia.webp,Katowice os. Tysiąclecia,,2,1970,blok,,"Sprzedam mieszkanie o powierzchni 44m² (plus balkon) na Osiedlu Tysiąclecia w Katowicach. Mieszkanie składa się z przestronnego salonu z dużym oknem, oddzielnej, bardzo dużej kuchni, w której można wydzielić kolejny pokój lub spory jadalnię. Posiada sypialnię z wyjściem na długi balkon, z którego mamy widok na park i wesołe miasteczko. Kolejno w skład mieszkania wchodzi przedpokój z wnęką na szafę oraz łazienka z WC. Mieszkanie znajduje się na 2. piętrze w 13-piętrowym bloku z dostępem do windy. Lokalizacja jest świetnie skomunikowana. W pobliżu znajdują się przystanki autobusowe i tramwajowe. W okolicy dostępne są szkoły, przedszkola, placówki zdrowotne, sklepy i punkty usługowe. Blisko są także tereny zielone, parki i place zabaw. Z okien jest widok na Park Śląski. Zapraszam do umawiania się na spotkanie prezentacyjne. Cena do negocjacji.",,,osobna,plastikowe,własność,,50.278957,18.974086
Katowice Dąbrówka Mała,ul. Deszczowa,2,38,261000,6868,bez pośredników,,8,https://adresowo.pl/o/mieszkanie-katowice-dabrowka-mala-ul-deszczowa-2-pokojowe-m0d7w7,https://s2.adresowa.pl/oi/2d/3b/3e1d24_e177_cover@2x-2-pokojowe-mieszkanie-katowice-dabrowka-mala-ul-deszczowa.webp,Katowice Dąbrówka Mała,Deszczowa,parter,1960,kamienica,,"Sprzedam przytulne mieszkanie o powierzchni 38,4 m². Mieszkanie składa się z pokoju, dużej kuchni, łazienki oraz przynależnej piwnicy. Usytuowane jest na parterze w kamienicy. Mieszkanie jest w pełni wyremontowane - urządzone - wyposażone, gotowe do wprowadzenia. Wnętrze jest jasne, z nowoczesnym wykończeniem oraz drewnianymi podłogami (panele). Wszystko zostało wyremontowane od podstaw - od wylewki docieplone, w tym nowa kuchnia i nowa łazienka. Nowe wyposażenie obejmuje lodówkę, pralkę, meble kuchenne i inne meble. Dodatkowo, pod mieszkaniem znajduje się spora piwnica, idealna do przechowywania lub magazynowania rzeczy. Lokalizacja jest bardzo dogodna. W pobliżu znajduje się wiele punktów usługowych: sklepy spożywcze, piekarnia i restauracje. Bliskość komunikacji publicznej ułatwia codzienne dojazdy. W okolicy dostępne są również park (idealny na spacery), basen oraz dodatkowe sklepy. Nie czekaj! Umów się na prezentację tego wyjątkowego mieszkania już dziś!",tak,tak,osobna,plastikowe,własność,"Wyposażenie: lodówkę, pralkę",50.273118,19.073995
Katowice Śródmieście,ul. Strzelecka,1,27,403000,14926,bez pośredników,,1,https://adresowo.pl/o/mieszkanie-katowice-srodmiescie-ul-strzelecka-1-pokoj-b4l5l7,https://s2.adresowa.pl/oi/77/65/3e13f8_a853_cover@2x-1-pokojowe-mieszkanie-katowice-srodmiescie-ul-strzelecka.webp,Katowice Śródmieście,Strzelecka,3,2022,apartamentowiec,,"Prestizowa inwestycja Mikołowska ul.Strzelecka. Katowice. Sprzedam mieszkanie kawalerka 27m2 w pełni i całkowicie wyposażona gotowa do zamieszkania lub inwestycji. Obecnie jest wynajmowana do października2026r., możliwość gotowego zarobkowania zaraz po zakupie z przejęciem wynajmu. Wyposażonie Przedpokój szafa garderoba 220cm Łazienka z prysznicem pralka Beko, Łóżko małżeńskie 140/205cm materac średnio twardy Ikea Tv 40', stół plus dwa krzesła, sofa, stolik kawowy, Kuchnia wyposażona lodówka, zmywarka, płyta indukcyjna,mikrofalówka, okap, talerze, kubki, sztućce, czajnik elektryczny. Na oknach żaluzje. Balkon 4m2. Świetna lokalizacja Śródmieście Katowic, do dworca 7min pieszo, 12 min centrum miasta, AWF 200m, centrum onkologii 200m, szpital urologii 30m, do Spodka 30min .polecam. Najczęściej wybierana lokalizacja na booking. Oglądanie po wcześniejszym uzgodnieniu terminu. Bez pośredników.",,tak,aneks,,własność,"Wyposażenie: lodówka, mikrofalówka, pralka, tv, zmywarka",50.253471,19.006427
Katowice Kostuchna,ul. Bażantów,3,71,850000,11972,bez pośredników,,8,https://adresowo.pl/o/mieszkanie-katowice-kostuchna-ul-bazantow-3-pokojowe-j0q8c1,https://s2.adresowa.pl/oi/20/57/3dfdd4_fd7b_cover@2x-3-pokojowe-mieszkanie-katowice-kostuchna-ul-bazantow.webp,Katowice Kostuchna,Bażantów,3,2007,apartamentowiec,,"Na sprzedaż 3-pokojowe mieszkanie przy ulicy Bażantów w południowej części Katowic – bez prowizji dla kupującego! Oferujemy przestronne mieszkanie o powierzchni 71,2 m² z tarasem 16,8 m², położone na ostatnim piętrze trzypiętrowego budynku. Mieszkanie zostało odświeżone i jest gotowe do wprowadzenia. Wyposażone w klimatyzację oraz sprzęt AGD na gwarancji: nową lodówkę, zmywarkę i pralko-suszarkę. Pozostałe urządzenia są w pełni sprawne. Okna wykonane z drewna Meranti, odnowione w zeszłym roku, zapewniają doskonałą izolację i estetykę. Funkcjonalny układ mieszkania (północ-południe): Słoneczny salon z aneksem kuchennym i wyjściem na taras od strony południowej. Sypialnia od strony północnej. Drugie pokój, można zaaranżować jako gabinet lub drugą sypialnię. Łazienka z prysznicem. Dodatkowym atutem jest możliwość dokupienia komórki lokatorskiej w sąsiedniej klatce schodowej za 20 000 zł. Mieszkanie znajduje się na zamkniętym, kameralnym osiedlu z niską zabudową, które oferuje ciszę, spokój i poczucie bezpieczeństwa. Na terenie osiedla dostępne są miejsca parkingowe wyłącznie dla mieszkańców, a tuż za wyjazdem z osiedla znajduje się duża liczba miejsc parkingowych dla gości i osób przyjezdnych, dzięki czemu nigdy nie ma problemu z zaparkowaniem auta. Czynsz wynosi około 500 zł miesięcznie. W czynsz wliczona jest eksploatacja, opłata za drogę, wywóz śmieci oraz fundusz remontowy. Lokalizacja: Bażantów to jedno z najbardziej pożądanych miejsc w południowej części Katowic - często określane ""miastem w mieście"". W okolicy znajduje się pełna infrastruktura: sklepy spożywcze (Intermarche, Netto, Biedronka, Lidl), przedszkola, żłobki, szkoły, centrum handlowe Bażantowo, centrum sportowe z basenem, kortami tenisowymi i siłownią, restauracje, gabinety lekarskie i fryzjerskie oraz liczne lokale usługowe. Okolica jest zielona, spokojna i przyjazna, idealna zarówno dla rodzin, jak i osób szukających komfortowego miejsca do życia. Dodatkowo w pobliżu znajdują się wybiegi dla psów, tereny rekreacyjne i lasy. Kupujący nie płaci żadnej prowizji. Zapraszamy do kontaktu! Powyższa oferta ma charakter informacyjny i nie stanowi oferty handlowej w rozumieniu art. 66 §1 Kodeksu Cywilnego.",tak,tak,aneks,drewniane,własność,"Wyposażenie: lodówkę, suszarkę, zmywarkę",50.198568,18.982765
Katowice Śródmieście,ul. Olimpijska,2,47,890000,18936,bez pośredników,,20,https://adresowo.pl/o/mieszkanie-katowice-srodmiescie-ul-olimpijska-2-pokojowe-d7c2v2,https://s2.adresowa.pl/oi/36/70/3df39a_5773_cover@2x-2-pokojowe-mieszkanie-katowice-srodmiescie-ul-olimpijska.webp,Katowice Śródmieście,Olimpijska,4,2025,apartamentowiec,,"Przedstawiam do sprzedaży nowy, komfortowy i w pełni wyposażony apartament. Na powierzchni 47,18 m² zaprojektowano: - salon z aneksem kuchennym - oddzielną sypialnię - łazienkę - przedpokój z zabudową. Dodatkowym atutem jest narożny taras o powierzchni 15,34 m², który stanowi naturalne przedłużenie części dziennej. Ekspozycja zachodnio-północna zapewnia przyjemne, miękkie światło w drugiej części dnia, bez nadmiernego nagrzewania wnętrza. Wnętrze zostało wykończone w spokojnej, ponadczasowej estetyce, z wykorzystaniem materiałów wysokiej jakości i zabudów wykonywanych na zamówienie: - kuchnia wyposażona w sprzęt AGD Electrolux - klimatyzacja zapewniająca komfort przez cały rok - oświetlenie podkreślające charakter wnętrza - łazienka z armaturą podtynkową i kabiną na wymiar - na ścianach tapety oraz lamele. Apartament jest nowy, w pełni wyposażony i gotowy do wprowadzenia. Do mieszkania przynależy miejsce postojowe w garażu podziemnym, płatne dodatkowo - cena 60 000 zł. Apartament znajduje się w prestiżowej inwestycji ""Atal Olimpijska"" - osiedlu monitorowanym, co zapewnia bezpieczeństwo mieszkańców. Inwestycja składa się trzech luksusowych apartamentowców, w tym najwyższy budynek mieszkalny w mieście - z tarasem widokowym dostępnym dla wszystkich mieszkańców. Inwestycję wyróżnia nowoczesny design, pięknie zaprojektowana architektura zieleni oraz lokale użytkowe na miejscu (w tym siłownia). Dla właścicieli pojazdów elektrycznych dedykowana jest stacja do ładowania samochodów. Dodatkowo do dyspozycji mieszkańców jest rowerownia. Mieszkanie znajduje się w ścisłym centrum Katowic - Strefa Kultury: - kilka minut spacerem do najważniejszych punktów miasta - bardzo dobra komunikacja - tereny spacerowe i rekreacyjne. Jedna z najbardziej pożądanych lokalizacji w regionie. Doskonała komunikacja pozwala szybko dotrzeć do innych części miasta i aglomeracji. Oferta bez pośredników. Kupujący nie płaci PCC. Zapraszam do oglądania. Prezentowana oferta ma charakter informacyjny, nie stanowi oferty handlowej w rozumieniu Art.66 par.1 Kodeksu Cywilnego.",,tak,aneks,,własność,Wyposażenie: klimatyzacja,50.265365,19.028386
Katowice Śródmieście,ul. Juliusza Słowackiego,3,61,600000,9836,bez pośredników,,10,https://adresowo.pl/o/mieszkanie-katowice-srodmiescie-ul-juliusza-slowackiego-3-pokojowe-s7p0k4,https://s2.adresowa.pl/oi/33/6e/3df24e_5df8_cover@2x-3-pokojowe-mieszkanie-katowice-srodmiescie-ul-juliusza-slowackiego.webp,Katowice Śródmieście,Juliusza Słowackiego,3,,kamienica,,"Oferuję do sprzedaży przestronne mieszkanie o powierzchni 61 m². Znajduje się na trzecim piętrze w odrestaurowanej kamienicy. Mieszkanie jest umeblowane i gotowe do wprowadzenia. W skład lokalu wchodzą dwa pokoje oraz nowoczesna kuchnia i łazienka. Mieszkanie ogrzewane jest przez nowoczesną kotłownię. Lokalizacja jest bardzo atrakcyjna. W pobliżu znajdują się sklepy, restauracje oraz kawiarnie. Do centrum miasta dostaniesz się w kilka minut. W okolicy znajdują się także parki oraz miejsca do rekreacji. Komunikacja publiczna jest dobrze rozwinięta, co ułatwia codzienne dojazdy. Nie zwlekaj, umów się na oglądanie już dziś!",,,,,własność,,50.260475,19.015793
Katowice Śródmieście,ul. Juliusza Słowackiego,10,273,2700000,9890,bez pośredników,,6,https://adresowo.pl/o/mieszkanie-katowice-srodmiescie-ul-juliusza-slowackiego-10-pokojowe-e6k7y6,https://s2.adresowa.pl/oi/29/66/3df24c_44b3_cover@2x-10-pokojowe-mieszkanie-katowice-srodmiescie-ul-juliusza-slowackiego.webp,Katowice Śródmieście,Juliusza Słowackiego,1,,kamienica,,"Sprzedam dwa mieszkania: M1 i M2, zajmujące całe pierwsze piętro kamienicy w centrum Katowic. Mieszkanie M1 składa się z 5 kawalerek. W każdej znajduje się łazienka, aneks kuchenny i pełne umeblowanie. Do ogrzewania mieszkania M1 używana jest pompa ciepła. Obecnie wszystkie kawalerki są wynajęte do 31 sierpnia tego roku. Mieszkanie M2 jest w trakcie remontu. Przygotowany i realizowany projekt dzieli lokal na mieszkanie o powierzchni 60 m2 i trzy kawalerki. Jest jeszcze możliwość zmiany układu lokalu. Realizowana jest umowa na remont wymienionych mieszkań. Planowane jest zakończenie tego remontu na sierpień tego roku. Mieszkanie M2 ogrzewane jest gazem, kotłem jednofunkcyjnym. Kamienica jest po remoncie, wszystkie instalacje są wymienione, a elewacja jest odrestaurowana. W mieszkaniu jest gaz i wszystkie pozostałe instalacje. Cena obejmuje oddanie mieszkania w pełni wykończonego. Istnieje możliwość zakupu jednego z tych mieszkań.",,,aneks,,własność,,50.260475,19.015793
Katowice Ligota,ul. Emerytalna,1,31,356500,11500,bez pośredników,,8,https://adresowo.pl/o/mieszkanie-katowice-ligota-ul-emerytalna-1-pokoj-r6d3h6,https://s2.adresowa.pl/oi/23/40/3de694_4cbb_cover@2x-1-pokojowe-mieszkanie-katowice-ligota-ul-emerytalna.webp,Katowice Ligota,Emerytalna,2,,kamienica,,"Oferuję na sprzedaż mieszkanie o powierzchni 31 m², przy ulicy Emerytalnej, na drugim piętrze kamienicy z lat 70'. Super czysta i nowocześnie urządzona kawalerka. Mieszkanie jest umeblowane i gotowe do zamieszkania. W salonie znajdziesz jasne ściany i drewnianą podłogę, co tworzy przytulny klimat. Kuchnia i łazienka mają wysoką jakość wykończenia, z funkcjonalnym wyposażeniem. Nowe i pełni wyposażone mieszkania dla 1-2 osób! Świeżo odmalowane, nowe meble: 2-os łóżko ze schowkiem na poście, rozkładana kanapa (2-os.), regał na książki, duża szafa, komoda, stół, krzesła, stolik kawowy, pełne wyposażenie kuchni (naczynia, garnki, sztućce), żelazko, deska, suszarka, odkurzacz, w pełni wyposażona łazienka z prysznicem i pralką. Pościel. Internet. Do mieszkania przynależy piwnica. Budynek bez windy. Mieszkanie ma duże okna z widokiem na kalwarię przy bazylice, co stanowi wspaniały widok i gwarantuje intymność oraz naturalne światło wypełniające przestrzeń. Kierunek płd-zachodni. Bardzo blisko Śląskiego Uniwersytetu Medycznego - 7 minut spacerem na uczelnie. Cisza, spokój a jednocześnie doskonale skomunikowane. W pobliżu znajduje się Bazylika św. Ludwika, targowisko, liczne sklepy i punkty usługowe, restauracje i kawiarnie, szkoły, przedszkola, a także tereny zielone, place zabaw i ścieżki edukacyjne, apteki, banki, a także centra sportowe i basen. Komunikacja miejska zapewnia szybki dojazd do centrum miasta i innych dzielnic. Zapraszam do obejrzenia mieszkania i poznania jego zalet na miejscu. To idealna propozycja dla osób szukających komfortowego miejsca w dobrej lokalizacji.",tak,,,,,"Wyposażenie: internet, suszarka",50.226426,18.966099
Katowice Giszowiec,ul. Wojciecha,3,43,499999,11628,bez pośredników,,19,https://adresowo.pl/o/mieszkanie-katowice-giszowiec-ul-wojciecha-3-pokojowe-n1p1g8,https://s2.adresowa.pl/oi/75/32/3de41c_65c6_cover@2x-3-pokojowe-mieszkanie-katowice-giszowiec-ul-wojciecha.webp,Katowice Giszowiec,Wojciecha,6,1980,blok,,"Mieszkanie w Katowicach, dzielnicy Giszowiec, ul. Wojciecha 40, 3-pokojowe, po remoncie w klasie Premium 43 m2. Okna wychodzą na dwie strony północ i południe, jest balkon oraz piwnica, komórka lokatorska (wynajmowana). Mieszkanie na rękojmi na prace remontowo-wykończeniowe. Budynek po termomodernizacji, ogrzewanie z sieci rozliczane wg podzielników, Klimatyzacja Rotenso multi split w 2 pomieszczeniach w salonie i sypialni 6/10 piętro z nowoczesną windą. Wejście do klatki zabezpieczone domofonem, podjazd dla wózków, udogodnienie dla niepełnosprawnych. Bezpłatny parking, ale jest możliwość wynajęcia miejsca dedykowanego. W pobliżu węzeł autostrady A4, ale na tyle odległy, że nie jest uciążliwy biuro spółdzielni 30m przystanki autobusowe 100m stacja benzynowa sklep lidl biedronka 500m sklepy paczkomat 200m targowisko usługi, pawilony handlowe, piekarnia, kwiaciarnia poczta restauracje, pizzeria 300m CH 3 Stawy 2km 3 szpitale z dojazdem w ciągu kilku minut centrum Katowice 6km kilka linii autobusowych co ok 15 minut linie nocne co 1,5h Tychy 3 km Mysłowice 8 km lasy trasy rowerowe zbiorniki wodne do aktywnego wypoczynku salon z balkonem wychodzi na południe, widok na ścianę lasu i nie ma tam żadnego budynku, okna kuchni oraz sypialni wychodzą na północ widok na wieżowce w centrum Katowic. nowa instalacja Wod-Kan, w budynku jest przewidziana modernizacja i podłączenie CWU z sieci miejskiej gdzie jest już przygotowane przyłącze nie wymagające w przyszłości żadnych nakładów i prac w lokalu. CWU obecnie z nowoczesnego podgrzewacza elektrycznego sterowanego przez WIFI. Instalacja elektryczna 3-Fazową z podłączeniem pod indukcję w kuchni, ze skrzynki teletechnicznej do wszystkich pokoi rozprowadzono instalacje LAN Cat 6 oraz do sypialni i salonu doprowadzono gniazdka TV, usługa internetu przygotowana na technologie HFC oraz światłowód XGPON do 8GBs. Funkcjonalna łazienka walk in z prysznicem zaprojektowana przez projektanta drzwi do łazienki skrzydłowe kolor Dab Hamilton 70 cm. Drzwi do sypialni i salonu przesuwne Magic dąb Hamilton 90 cm. Drzwi wejściowe antywłamaniowe akustyczne 43db klasy RC2 kolor współczynnik 0,85 W/m2K Winchester 80 cm, okna trzyszybowe energooszczędne kolor Winchester. Kafle gresowe na podłodze w przedpokoju, kuchni i łazience, na ścianach tynki gipsowe i gładzie oraz pomalowane natryskowo farbą ceramiczną. Giszowiec posiada w zespole dzielnic wschodnich wyjątkową atrakcyjność, z uwagi na swoje położenie w bezpośrednim sąsiedztwie dużych kompleksów leśnych, stanowiących połowę obszaru dzielnicy. Dzielnica obejmuje obszar o powierzchni 12 km2 i liczy 18,6 tys. mieszkańców. Jest to mniej niż w 1997 roku – 19,8 tys. osób. W latach 1997–2003 zmniejszyła się gęstość zaludnienia z 1,65 do 1,55 tys. os./km2. Dzielnica graniczy z terenami leśnymi od zachodu, południa i wschodu, a od północy przylega do autostrady A-4. Przez jej teren przebiega droga DK86 stanowiąca arterię komunikacyjną o znaczeniu krajowym. Część centralną dzielnicy stanowią tereny mieszkaniowe połączone z funkcją handlowo-usługową. Ważne miejsce w dzielnicy zajmuje teren KWK „Staszic” oraz duże tereny rekreacyjne wraz z kompleksem leśnym Katowickiego Parku Leśnego.",tak,,osobna,plastikowe,własność,"Wyposażenie: internet, klimatyzacja, tv, wifi",50.218859,19.061272
Katowice Dolina Trzech Stawów,ul. Szybowcowa,3,77,1267000,16455,bez pośredników,,18,https://adresowo.pl/o/mieszkanie-katowice-dolina-trzech-stawow-ul-szybowcowa-3-pokojowe-l6t2m2,https://s2.adresowa.pl/oi/66/1f/3dc86c_54f5_cover@2x-3-pokojowe-mieszkanie-katowice-dolina-trzech-stawow-ul-szybowcowa.webp,Katowice Dolina Trzech Stawów,Szybowcowa,5,2023,apartamentowiec,,"Sprzedam wyjątkowy apartament w klasie Premium, zaprojektowany przez architekta, z dbałością o szczegóły, w pełni wyposażony, do zamieszkania. Nieruchomość znajduję się na 6 kondygnacji (5 piętrze - ostatnim) w apartamentowcu. Wysokość pomieszczeń - 2,75 m, przez co mieszkanie jest jasne i bardzo dobrze doświetlone. Klimatyzowany apartament o powierzchni użytkowej 77 m2 o ekspozycji południowo-zachodniej, na którą składa się: salon z aneksem kuchennym, dwie sypialnie, pokój kąpielowy wyposażony w prysznic oraz wannę wolnostojącą oraz przedpokój. Na podłodze położono płyty wielkoformatowe 120x120 oraz 120x270 włoskiej kolekcji Mirage Clay. Przestrzeń dzienna wyposażona jest w nowoczesną skórzaną sofę z funkcją relaksu sterowaną elektrycznie, stolik kawowy, rozkładany stół z krzesłami oraz szafkę RTV. Ściany zdobi tapeta firmy Wonderwall oraz zabudowa TV, która została wykonana z naturalnego forniru oraz podświetlanego forniru kamiennego. Otwarta na salon kuchnia wyposażona jest w wysokiej jakości sprzęt AGD firmy SIEMENS, ELECTROLUX, SAMSUNG oraz BOSCH. Okna wewnątrz apartamentu zdobią szerokie żaluzje drewniane w kolorze orzecha. W jednej z sypialni wykonano na wymiar dwie duże szafy z przesuwnym, oświetlanymi drzwiami. Znajduje się również sofa z funkcją spania. W drugiej sypialni ścianę zdobi tapeta firmy Wonderwall oraz lamele zamontowane z obu stron łóżka. W sypialni znajduje się duża toaletka z podświetlanym lustrem oraz komoda wykonana z litego dębowego drewna firmy Mebin. Z każdego pokoju oraz kuchni wyjście na taras / balkon (logia) o powierzchni 32m2. W mieszkaniu zamontowane są dwie klimatyzacje firmy Haier sterowane również przy pomocy aplikacji. Wszystkie grzejniki w mieszkaniu zostały wymienione na w pełni funkcjonalne o wyglądzie designerskim. Oświetlenie sterowane również przy pomocy aplikacji - Smart HOME. Meble oraz stałe zabudowy w całym apartamencie zostały wykonane na wymiar z wysokiej klasy naturalnego forniru w kolorze orzecha włoskiego. Apartament został wykończony wysokiej jakości materiałami. Drzwi wewnętrzne w naturalnej okleinie orzecha firmy Interdoor . Do mieszkania przynależy dodatkowo miejsce postojowe rodzinne w hali garażowej w cenie 100 tyś. zł. (nieobowiązkowe) oraz komórka na akcesoria samochodowe (murowana z drzwiami przeciwpożarowymi) o powierzchni 7,5m2 w cenie 50 tyś. zł. (obligatoryjnie). Zapraszam do obejrzenia prezentacji video. Nie współpracuję z pośrednikami. Doskonała komunikacja miejska zapewnia szybki dostęp do centrum miasta oraz innych dzielnic. W bliskim sąsiedztwie znajdują się liczne sklepy, restauracje oraz placówki edukacyjne.",tak,tak,aneks,plastikowe,własność,"Wyposażenie: klimatyzacje, tv",50.243589,19.030054
Katowice Wełnowiec,ul. ks. Piotra Ściegiennego,3,56,660000,11786,bez pośredników,,5,https://adresowo.pl/o/mieszkanie-katowice-welnowiec-ul-ks-piotra-sciegiennego-3-pokojowe-e5k8h1,https://s2.adresowa.pl/oi/64/2e/3dbd82_f563_cover@2x-3-pokojowe-mieszkanie-katowice-welnowiec-ul-ks-piotra-sciegiennego.webp,Katowice Wełnowiec,ks. Piotra Ściegiennego,1,1990,blok,,"Sprzedam mieszkanie, ul. Ściegiennego 43, 1. piętro. Mieszkanie środkowe, do zamieszkania. Pełna własność z księgą wieczystą. Mieszkanie obsługuje spółdzielnia ""Górnik"". Czynsz około 720 zł z zaliczką na ogrzewanie i wodę. W mieszkaniu oczywiście gaz i prąd. Duży parking w około z jednej strony ze szlabanem. Budynek ocieplony odgrundowo. Balkony nowe, oszklone. Mieszkanie ciepłe.",tak,,,plastikowe,własność,,50.27577,19.008593
Katowice Zawodzie,ul. Łączna,4,70,499000,7129,bez pośredników,,20,https://adresowo.pl/o/mieszkanie-katowice-zawodzie-ul-laczna-4-pokojowe-h2o6v1,https://s2.adresowa.pl/oi/18/61/3d8022_fc95_cover@2x-4-pokojowe-mieszkanie-katowice-zawodzie-ul-laczna.webp,Katowice Zawodzie,Łączna,8,,blok,,"Na sprzedaż środkowe, przestronne, rozkładowe 4-pokojowe mieszkanie o powierzchni 70,03 m², położone na 8. piętrze w 10-piętrowym wieżowcu w Katowicach, przy ul. Łącznej 3. Układ i stan mieszkania do remontu: - 3 niezależne pokoje (sypialnie) + 1 pokój dzienny z wyjściem na balkon. - Mieszkanie dobrze oświetlone, słoneczne - okna na wschód i zachód. - Przedpokój z miejscem na pojemną zabudowę. - Jasna, otwarta kuchnia. - Łazienka i WC razem. - Duży balkon z widokiem na panoramę Katowic. Balkon zabezpieczony siatką. - Komórka lokatorska. - Okna PCV. Budynek i media: - Blok z windą. - Centralne ogrzewanie z sieci miejskiej (kaloryfery żeliwne, długo utrzymujące ciepło). - Ciepła woda - piec gazowy. - Wejście zabezpieczone domofonem. - Dostępne miejsca parkingowe dla mieszkańców. Lokalizacja: Mieszkanie znajduje się w bardzo dobrze skomunikowanej części Katowic. W okolicy: - Świetna komunikacja miejska (autobusy i tramwaje) - 15 minut do Rynku, szybkie połączenie samochodem z centrum Katowic. - Bezpośredni dostęp do DTŚ, A4 oraz głównych tras wylotowych. - 7 minut tramwajem do Uniwersytetu Ekonomicznego w Katowicach. - 10 minut tramwajem do Liceum XLO. - 10 minut pieszo do Szkoły Podstawowej nr 31 i przedszkola miejskiego. - 10 minut pieszo do Domu Kultury Katowice Zawodzie. - 15 minut pieszo do Ośrodka Sportowego ""Słowian"". Mieszkanie jest świetną propozycją dla rodziny 2+2, która potrzebuje mieć wszystko w zasięgu spaceru. Alternatywnie dla inwestora pod wynajem ze względu na ilość pokoi. Kontakt telefoniczny lub e-mail. Odpowiem na wszystkie pytania i prześlę dodatkowe materiały lub zdjęcia. Mieszkanie można obejrzeć po wcześniejszym uzgodnieniu. Czynsz: ok. 1150 zł (do czynszu wliczone jest m.in. ogrzewanie, komórka lokatorska, odpady, zimna woda). Księga wieczysta, mieszkanie niezadłużone. Zapraszam do kontaktu i umówienia się na prezentację.",tak,,aneks,plastikowe,własność,,50.261018,19.061802
Katowice os. Tysiąclecia,al. Bolesława Krzywoustego,4,135,1590000,11778,bez pośredników,,3,https://adresowo.pl/o/mieszkanie-katowice-os-tysiaclecia-al-boleslawa-krzywoustego-4-pokojowe-l7h0a5,https://s2.adresowa.pl/oi/71/57/3d6478_2f86_cover@2x-4-pokojowe-mieszkanie-katowice-os-tysiaclecia-al-boleslawa-krzywoustego.webp,Katowice os. Tysiąclecia,Bolesława Krzywoustego,11,2011,blok,,"Wyjątkowy, przestronny, jasny apartament o powierzchni 135 m², położony na 11. piętrze nowoczesnego budynku z 2011 roku na prestiżowym Osiedlu Tysiąclecia w Katowicach. To mieszkanie wyróżnia się panoramicznym widokiem na Park Śląski i staw Maroko, który pozostanie niezmienny – w najbliższym sąsiedztwie nie powstanie zabudowa, która przesłoni widok. Atuty apartamentu 4 duże pokoje, w tym przestronny 50 metrowy salon 2 łazienki z podgrzewaną podłogą osobna pralnia ekspozycja wschodnia, południowa i zachodnia - słońce w mieszkaniu przez cały dzień 2 tarasy / balkony 11 dużych okien, w tym 3 okna panoramiczne od podłogi do sufitu (150 x 230 cm) przestrzeń wypełniona naturalnym światłem tylko 4 mieszkania na piętrze – cisza i prywatność dodatkowe przeszklone drzwi oddzielające klatkę schodową od drzwi do mieszkania spokojni, życzliwi sąsiedzi apartament bardzo ciepły - niskie rachunki za ogrzewanie miejsce postojowe w garażu podziemnym komórka lokatorska wygodnie położona przy wejściu do budynku, na parterze, w odległości 4 metrów od windy Budynek rok budowy: 2011 12 pięter, 2 duże windy, podziemne garaże, parking zewnętrzny, budynek i parking ogrodzone z estetyczną zielenią wokół na parterze przy wejściu do klatki schodowej apteka (Apteka Słoneczna) w odległości 100 m od budynku: przychodnia, szkoła, przedszkole, stomatologia, fryzjer, barber, piekarnie, sklepy, targ, punkty gastronomiczne, poczta Lokalizacja wejście do Parku Śląskiego przy Żyrafie - 50 m od budynku 400 m do głównej bramy ZOO; 300 m do Wesołego Miasteczka Legendia; 1,5 km do Stadionu Śląskiego; 1,8 km do Planetarium Śląskiego przystanki komunikacji miejskiej w pobliżu (w odległości 80 m) tramwaj do centrum Katowic (przystanek w odległości 100 m) rozwinięta infrastruktura usługowa i rekreacyjna gwarancja braku przyszłej zabudowy w sąsiedztwie doskonała komunikacja z DTŚ (2 minuty) i autostradą A4 (5 min) Dodatkowe informacje Na tym etapie sprzedaż bez pośredników – brak prowizji Cena Apartament z miejscem postojowym w garażu podziemnym oraz wygodną komórką położoną przy wejściu do budynku - 4m od windy: 1 590 000 zł",tak,,osobna,,własność,,50.275683,18.976918
Katowice Dąb,ul. Johna Baildona,3,74,915000,12365,bez pośredników,,16,https://adresowo.pl/o/mieszkanie-katowice-dab-ul-johna-baildona-3-pokojowe-u3c3c8,https://s2.adresowa.pl/oi/42/4c/3d4f84_3074_cover@2x-3-pokojowe-mieszkanie-katowice-dab-ul-johna-baildona.webp,Katowice Dąb,Johna Baildona,parter,2009,blok,,"74m dopracowanej przestrzeni w nowoczesnym budynku z 2009r to propozycja dla tych, którzy szukają czegoś więcej niż ""ładnego wnętrza"". Tu wszystko jest spójne: światło, proporcje i materiały. To mieszkanie ma styl - i co najważniejsze - ma spokój. Centralnym punktem jest przestronny salon z wyjściem do prywatnego ogródka od strony południowej. Światło pracuje tu przez cały dzień, tworząc naturalną scenografię do życia - od porannej kawy po wieczorne kolacje. Otwarta, duża, w pełni wyposażona kuchnia została zaprojektowana z myślą o detalach, których zwykle brakuje - jak chociażby miejsce na chłodziarkę do wina. Dwie komfortowe sypialnie dają prywatność i ciszę, a duży przedpokój wprowadza porządek już od wejścia. Łazienka to osobna historia - elegancka, nowoczesna, dopracowana w każdym detalu. Dodatkowo do dyspozycji jest praktyczna pralnia/garderoba, która realnie porządkuje codzienność. Całość tworzy wnętrze, które nie jest przypadkowe - jest przemyślane. Lokalizacja? Jedna z tych, które ""same się sprzedają"". Katowice-Dąb, ul. Baildona. Prestiżowa dzielnica z pełną infrastrukturą w zasięgu kilku minut. W pobliżu sklepy (CH Silesia), restauracje, Park Śląski. Doskonała komunikacja. Osiedle zamknięte, monitorowane całodobowo. Do mieszkania przynależy komórka lokatorska. Istnieje możliwość dokupienia dwóch miejsc parkingowych w garażu podziemnym.",tak,,,,własność,,50.270686,19.00084
Katowice Muchowiec,ul. Ignacego Paderewskiego,3,64,790000,12344,bez pośredników,,15,https://adresowo.pl/o/mieszkanie-katowice-muchowiec-ul-ignacego-paderewskiego-3-pokojowe-o1n3q8,https://s2.adresowa.pl/oi/79/1a/3d401a_9fc3_cover@2x-3-pokojowe-mieszkanie-katowice-muchowiec-ul-ignacego-paderewskiego.webp,Katowice Muchowiec,Ignacego Paderewskiego,1,2002,blok,,"Mieszkanie 3 pokojowe, z dobrym rozkładem, w stanie bardzo dobrym. Status mieszkania: odrębna własność, księga wieczysta. Mieszkanie znajduje się w jednej z najlepszych lokalizacji w Katowicach. To idealne miejsce dla osób, rodzin oczekujących spokoju, bliskości terenów rekreacyjnych (około 100 m od zbiornika wodnego i ścieżek rekreacyjnych). Jednocześnie w bezpośredniej bliskości przedszkola, szkoły, sklepów i punktów usługowych. Bardzo dobry dojazd do centrum Katowic, oraz bliskość węzła komunikacyjnego w kierunku Wrocław, Kraków, Warszawa. Mieszkanie o powierzchni 64,54 m2 składa się z: 1. pokój dzienny 20,24 m2 z balkonem na południe i oknem na wschód; 2. pokój 9,76 m2 (okno na wschód) 3. pokój 10,51 m2 (okno na wschód) 4. kuchnia osobna 9,63 m2 (okno na południe) 5. przestronny przedpokój 8,64 m2 z osobnymi wejściami do każdego pomieszczenia 6. łazienka z oknem 4,28 m2 (w łazience znajduje się piec gazowy) 7. WC 1,48 m2. Mieszkanie jest ciepłe i ciche. Okna z PCV. Ogrzewanie gazowe. Dostępne od zaraz.",,,osobna,plastikowe,własność,,50.25302,19.039001
Katowice,Szopienice,1,28,225000,8036,bez pośredników,,8,https://adresowo.pl/o/mieszkanie-katowice-szopienice-1-pokoj-28-m2-u2k8s0,https://s2.adresowa.pl/oi/34/1b/3d3948_9de1_cover@2x-1-pokojowe-mieszkanie-katowice-szopienice.webp,Katowice Szopienice,,parter,,blok,,"Na sprzedaż funkcjonalne mieszkanie o powierzchni 28 m², położone na wysokim parterze w spokojnej i zielonej części Katowic - Szopienicach. Lokal składa się z: * jasnego salonu, * kuchni z zabudową, * łazienki, * niewielkiego przedpokoju z szafą. Mieszkanie jest słoneczne przez cały dzień, co znacząco podnosi komfort codziennego użytkowania. Dodatkowym atutem jest widok - naprzeciwko okien znajduje się park oraz plac zabaw, co sprawia, że okolica jest idealna zarówno do odpoczynku, jak i dla rodzin z dziećmi. Stan techniczny: * mieszkanie do odświeżenia według własnych preferencji, * nowa instalacja centralnego ogrzewania (miedź), * wymienione piony kanalizacyjne. W cenie pozostaje całe wyposażenie widoczne na zdjęciach, w tym zabudowa kuchni, co pozwala na szybkie wprowadzenie się lub wynajem bez dodatkowych nakładów. Dodatkowe informacje: * do mieszkania przynależy piwnica, * spokojna, zielona okolica, * dogodna lokalizacja z dostępem do infrastruktury miejskiej. Cena: 225 000 zł",tak,,,,,,50.264,19.097
Katowice Brynów,ul. Ceglana,3,57,677000,11877,bez pośredników,,10,https://adresowo.pl/o/mieszkanie-katowice-brynow-ul-ceglana-3-pokojowe-s3l2g0,https://s2.adresowa.pl/oi/39/6d/3d34c6_443e_cover@2x-3-pokojowe-mieszkanie-katowice-brynow-ul-ceglana.webp,Katowice Brynów,Ceglana,parter,2026,blok,,"Sprzedam bardzo atrakcyjne mieszkanie na nowym, prestiżowym osiedlu Ceglana Park (deweloper: DEVELIA) w Katowicach. Mieszkanie zlokalizowane jest na parterze i posiada powierzchnię ponad 57m2. Składa się z 3 pokoi, tarasu i dużego ogródka o powierzchni około 60m2. Mieszkanie jest w stanie deweloperskim. Do mieszkania przynależy miejsce parkingowe w parkingu podziemnym, które nie jest ujęte w cenie mieszkania i kosztuje dodatkowo 38 000 PLN. Bardzo dużym atutem jest lokalizacja osiedla: blisko centrum, ale jednak lekko na uboczu, więc jest bardzo spokojnie. Bardzo blisko znajdują się strategiczne drogi wylotowe na wszystkie kierunki (idealny dojazd). W pobliżu znajdują się też rozległe tereny rekreacyjne i galeria handlowa.",,tak,,plastikowe,własność,,50.244218,19.016307
Katowice,ul. gen. Kazimierza Pułaskiego,3,62,720000,11613,bez pośredników,,4,https://adresowo.pl/o/mieszkanie-katowice-ul-gen-kazimierza-pulaskiego-3-pokojowe-p2c8o4,https://s2.adresowa.pl/oi/55/45/3d24c2_503f_cover@2x-3-pokojowe-mieszkanie-katowice-ul-gen-kazimierza-pulaskiego.webp,Katowice ,gen. Kazimierza Pułaskiego,4,2021,apartamentowiec,,"OFERTA SPRZEDAŻY MIESZKANIA – Katowice, ul. Pułaskiego 19 - Dolina Trzech Stawów Na sprzedaż nowoczesne mieszkanie w stanie deweloperskim o powierzchni 62,38 m², położone na 4. piętrze (5. kondygnacja) w budynku mieszkalnym przy ul. Kazimierza Pułaskiego 19 w Katowicach. Budynek został oddany do użytkowania w 2021 roku przez JHM DEVELOPMENT S.A. --- 📐 Parametry nieruchomości Numer lokalu: 113 Powierzchnia użytkowa: 62,38 m² Piętro: 4 (piąta kondygnacja nadziemna) Liczba pokoi: 3 Stan: deweloperski Rok zakończenia budowy: 2021 Forma własności: odrębna własność lokalu z udziałem w nieruchomości wspólnej --- 🏢 Układ pomieszczeń Mieszkanie składa się z: salonu z aneksem kuchennym, dwóch niezależnych pokoi, łazienki, przedpokoju, dwóch przestronnych balkonów. Miejsca parkingowego w garażu podziemnym (platforma parkiift dolny poziom o powierzchni 13,13m2 oznaczone numerem 59) Układ mieszkania jest funkcjonalny, a duże przeszklenia zapewniają doskonałe doświetlenie wnętrza. --- 🌳 Opis inwestycji Inwestycja przy ul. Pułaskiego to nowoczesny budynek wielorodzinny zlokalizowany w cichej i dobrze skomunikowanej części Katowic. W bezpośrednim sąsiedztwie znajdują się: sklepy, restauracje, szkoły, przedszkola, tereny rekreacyjne i ścieżki rowerowe, przystanki komunikacji miejskiej. Budynek wyposażony jest w: windę, miejsca postojowe w garażu podziemnym (możliwość dokupienia), komórki lokatorskie, domofon i monitoring. --- ⚙️ Standard wykończenia (stan deweloperski): ściany przygotowane do malowania, rozprowadzona instalacja elektryczna i teletechniczna, instalacja wodno-kanalizacyjna, ogrzewanie z sieci miejskiej, okna PCV o wysokich parametrach izolacyjnych, drzwi antywłamaniowe wejściowe, grzejniki panelowe. --- 💰 Cena sprzedaży: Faktura Vat 720 000 zł z miejscem postojowym w podziemnym garażu (Szczegóły dostępne po kontakcie) --- 📞 Kontakt: W celu uzyskania dodatkowych informacji, przesłania rzutów lokalu lub umówienia prezentacji, prosimy o kontakt: 📧 e-mail: 📞 tel. --- 🏡 Podsumowanie: Nowoczesne, funkcjonalne mieszkanie w stanie deweloperskim w świetnej lokalizacji — idealne dla rodziny, pary lub jako inwestycja pod wynajem.",,tak,,plastikowe,własność,,50.254799,19.041631
Katowice Ligota,ul. Koszalińska,3,63,360000,5714,bez pośredników,,6,https://adresowo.pl/o/mieszkanie-katowice-ligota-ul-koszalinska-3-pokojowe-f2k7f2,https://s2.adresowa.pl/oi/30/66/3d0f6c_4287_cover@2x-3-pokojowe-mieszkanie-katowice-ligota-ul-koszalinska.webp,Katowice Ligota,Koszalińska,3,1960,blok,,"Mieszkanie sprzedaje bezpośrednio jego właściciel - jest to pełna własność (księga wieczysta). Mieszkanie składa się z trzech pokoi, kuchni, przedpokoju, łazienki, ubikacji znajdującej się w osobnym pomieszczeniu oraz z piwnicy. Brak balkonu. Kuchenka i ogrzewacz wody na gaz, ogrzewanie mieszkania elektryczne. W mieszkaniu można zamieszkać bez inwestycji (wszystko jest sprawne). Obejrzenie mieszkania, na tą chwilę, możliwe w weekendy lub dni wolne od pracy.",tak,,osobna,,własność,Wyposażenie: kuchenka,50.222306,18.971861
Katowice Kostuchna,ul. Jana Kściuczyka,3,90,940000,10444,bez pośredników,,13,https://adresowo.pl/o/mieszkanie-katowice-kostuchna-ul-jana-ksciuczyka-3-pokojowe-z5l5d9,https://s2.adresowa.pl/oi/2e/47/3d0c2a_7378_cover@2x-3-pokojowe-mieszkanie-katowice-kostuchna-ul-jana-ksciuczyka.webp,Katowice Kostuchna,Jana Kściuczyka,5,2022,apartamentowiec,,"OBNIŻONA CENA OFERTY: Przed: 980.000 zł Obecnie: 940.000 zł - możliwość negocjacji ceny Przedstawiam wyjątkowe mieszkanie o powierzchni 90,48 m², położone w nowoczesnym apartamentowcu w Katowicach - dzielnica Kostuchna. Lokal znajduje się na 5 - ostatnim piętrze budynku z dużą windą i posiada taras o powierzchni 70 m², który otacza całe mieszkanie. Układ pomieszczeń: • Przestronny salon z aneksem kuchennym • 2 niezależne pokoje • 2 łazienki • Duży taras dostępny z każdego pomieszczenia • Do mieszkania przynależy prywatne miejsce parkingowe zewnętrzne Standard wykończenia: Mieszkanie ukończone w 2022 roku, wykończone na najwyższym poziomie przy użyciu wysokiej klasy materiałów. Projekt wnętrza został opracowany przez projektanta, a całość wykonano z wyjątkową dbałością o każdy detal. - Pełne umeblowanie wykonane na wymiar przez stolarza - Sprzęty AGD premium (m.in. duża lodówka SMEG) - Klimatyzacja w całym mieszkaniu - Pralka z suszarką w zabudowie - Narożnik o wartości ponad 20 000 zł - Armatura łazienkowa wysokiej klasy Lokalizacja: Mieszkanie znajduje się w skomunikowanej części Katowic - w zasięgu 1 km pełna infrastruktura niezbędna do codziennego życia: sklepy, szkoły, przedszkola, punkty usługowe, tereny rekreacyjne. Szybki dojazd do centrum Katowic, Tychów oraz Mikołowa. Istotne informacje: • Powierzchnia mieszkania: 90,48 m² • Taras: 70 m² • Piętro: 5/5 • Rodzaj budynku: apartamentowiec • Rynek: wtórny • Cena wyjściowa 940.000 zł - istnieje możliwość negocjacji ceny • Komórka lokatorska Możliwość Kupna mieszkania wraz z Najemcami z umową na 2 Lata. Mieszkanie sprzedawane bez pośredników. Zachęcam do kontaktu telefonicznego w celu uzyskania większej ilości informacji, Natalia",tak,tak,aneks,plastikowe,własność,"Wyposażenie: klimatyzacja, lodówka, pralka",50.181306,18.999738
Katowice,Śródmieście,4,97,2370000,24433,bez pośredników,,13,https://adresowo.pl/o/mieszkanie-katowice-srodmiescie-4-pokojowe-97-m2-m7g3p0,https://s2.adresowa.pl/oi/7b/72/3cf8c4_6c0c_cover@2x-4-pokojowe-mieszkanie-katowice-srodmiescie.webp,Katowice Śródmieście,,15,2024,blok,,"Zamieszkaj w jednej z najbardziej pożądanych lokalizacji w Katowicach i ciesz się spektakularną panoramą miasta każdego dnia. Na sprzedaż wyjątkowy apartament premium, usytuowany na 15. piętrze w prestiżowej inwestycji Pierwsza Dzielnica. To przestrzeń zaprojektowana z myślą o komforcie, estetyce i prywatności, w standardzie rzadko spotykanym na lokalnym rynku. Najważniejsze atuty nieruchomości: - imponująca wysokość pomieszczeń: 300 cm - panoramiczne, aluminiowe przesuwne okna HS w całym apartamencie - widok na Strefę Kultury i zachody słońca nad miastem - prywatny, narożny taras o powierzchni 40 m² dostępny z każdego pomieszczenia - piętro o charakterze penthouse, z ograniczonym dostępem z zewnątrz Przestrzeń dzienna - światło, widok, przestrzeń Centralnym punktem apartamentu jest otwarta, reprezentacyjna strefa dzienna z kuchnią i wyspą, wykończona z wykorzystaniem spieków kwarcowych i wysokiej klasy materiałów. To przestrzeń stworzona zarówno do codziennego życia, jak i przyjmowania gości, gdzie granica między wnętrzem a miastem niemal znika dzięki panoramicznym przeszkleniom. Część prywatna - komfort i funkcjonalność - Master bedroom z widokiem na Strefę Kultury, prywatną łazienką (wanna + prysznic) oraz zabudową stolarską - druga sypialnia do indywidualnej aranżacji - osobna, w pełni zabudowana garderoba z podświetleniem Łazienki - wysoki standard wykończenia - dwie eleganckie łazienki - materiały premium: spieki kwarcowe, wielkoformatowe gresy Marazzi - armatura podtynkowa Treemme, systemy Tece - WC, Bidet, Wanna i dwa prysznice Detale, które robią różnicę - zabudowy stolarskie na wymiar, również z elementami giętymi - ukryte drzwi o wysokości 255 cm - dyskretnie zaprojektowana pralnia - ogrzewanie podłogowe w całym apartamencie (Smart Home) - klimatyzacja Hitachi w każdym pomieszczeniu (4 jednostki) Taras - prywatna przestrzeń z widokiem na miasto Przestronny, 40-metrowy taras stanowi naturalne przedłużenie apartamentu. Cały taras posiada przesuwny system Lumon dzięki, któremu tworzy się ogródek zimowy. Lokalizacja - ścisłe centrum, prestiżowe sąsiedztwo Pierwsza Dzielnica to jedna z najbardziej rozpoznawalnych i cenionych inwestycji w Katowicach. W bezpośrednim sąsiedztwie: - Strefa Kultury (NOSPR, Muzeum Śląskie, MCK, Spodek) - ścisłe centrum miasta, Rynek i Galeria Katowicka - szybki dostęp do A4 i głównych arterii aglomeracji - ścieżki rowerowe prowadzące m.in. do Parku Śląskiego Informacje dodatkowe - komórka lokatorska przynależna do lokalu - 2 miejsca postojowe w garażu podziemnym - dodatkowo płatne 130 000 zł To propozycja dla osób, które szukają nie tylko mieszkania, ale stylu życia, widoku i przestrzeni na najwyższym poziomie.",tak,,,,własność,Wyposażenie: klimatyzacja,50.257,19.017099
Katowice Muchowiec,ul. gen. Kazimierza Pułaskiego,4,67,1230000,18358,bez pośredników,,17,https://adresowo.pl/o/mieszkanie-katowice-muchowiec-ul-gen-kazimierza-pulaskiego-4-pokojowe-j4r9b0,https://s2.adresowa.pl/oi/16/5d/3cd50a_992e_cover@2x-4-pokojowe-mieszkanie-katowice-muchowiec-ul-gen-kazimierza-pulaskiego.webp,Katowice Muchowiec,gen. Kazimierza Pułaskiego,5,2020,apartamentowiec,,"Na sprzedaż komfortowe mieszkanie 4 pokojowe z widokiem na staw, na osiedlu Paderewskiego, przy ulicy Pułaskiego, (Twoja Dolina 2 etap) z bezpośrednim wyjściem na staw ""Łąka"". Apartament znajduje się na ostatnim 5 piętrze. Ekspozycja południowo-zachodnia. Mieszkanie jasne, doświetlone, wyposażone w klimatyzację. Wykończenie premium: podłoga drewniana, ogrzewanie podłogowe w łazience, deska kompozytowa na balkonach, drzwi drewniane PORTA. W mieszkaniu znajduje się: salon z aneksem kuchennym, łazienka z prysznicem oraz 3 pokoje. Całość wraz z przedpokojami i korytarzami wynosi ok. 67 m2. Do mieszkania przynależą dwa balkony: większy narożny ok 25 m2 oraz drugi ok. 6 m2. Budynek nowoczesny z 2020 roku, wyposażony w cichobieżne windy, ogrzewanie miejskie, światłowód. Osiedle monitorowane, hala garażowa. Do mieszkania przynależy 1 miejsce postojowe - 50 000 zł. Istnieje możliwość wynajęcia 1-2 dodatkowych miejsc, więc w sumie można postawić nawet 3 samochody. Sprzedaż bezpośrednia od właściciela - brak prowizji. Agentom nieruchomości dziękuję.",,,aneks,,własność,,50.248504,19.040467
Katowice Śródmieście,ul. Zabrska,1,29,520000,17931,bez pośredników,,8,https://adresowo.pl/o/mieszkanie-katowice-srodmiescie-ul-zabrska-1-pokoj-g8n9q5,https://s2.adresowa.pl/oi/59/41/3cb2bc_3779_cover@2x-1-pokojowe-mieszkanie-katowice-srodmiescie-ul-zabrska.webp,Katowice Śródmieście,Zabrska,10,,apartamentowiec,,"Sprzedam mieszkania. Katowice, Zabrska 15. W pełni wyposażone, z balkonem.",,,,,,,50.262799,19.012721
Katowice os. Witosa,ul. Walerego Sławka,4,84,689000,8202,bez pośredników,,3,https://adresowo.pl/o/mieszkanie-katowice-os-witosa-ul-walerego-slawka-4-pokojowe-p8v7m9,https://s2.adresowa.pl/oi/5f/7e/3c8a1e_b0d4_cover@2x-4-pokojowe-mieszkanie-katowice-os-witosa-ul-walerego-slawka.webp,Katowice os. Witosa,Walerego Sławka,parter,1980,blok,,"Lokal mieszkalny 4p + kuchnia + piwnica 12,24m2 - pełna własność wraz z gruntem. Mieszkanie z 4 niezależnymi pokojami i ogromnym potencjałem aranżacyjnym. Lokalizacja mieszkania obejmuje możliwość korzystania z dwóch placów parkingowych należących do Wspólnoty Mieszkaniowej, jako części wspólnych wydzielonych szlabanem dla Właścicieli. Koszty ponoszone do WM to opłaty z centralnym ogrzewaniem w wys. 1100zł/mies.",tak,,osobna,plastikowe,własność,,50.265327,18.973895
Katowice Murcki,pl. Jana Kasprowicza,2,41,198000,4829,bez pośredników,,12,https://adresowo.pl/o/mieszkanie-katowice-murcki-pl-jana-kasprowicza-2-pokojowe-k3j6f7,https://s2.adresowa.pl/oi/1f/1a/3c8756_c975_cover@2x-2-pokojowe-mieszkanie-katowice-murcki-pl-jana-kasprowicza.webp,Katowice Murcki,pl. Jana Kasprowicza,parter,1960,blok,,"Sprzedam mieszkanie o powierzchni 41,3 m². Sprzedaż bezpośrednio od właściciela. Mieszkanie na prawie własności lokalowej w budynku wspólnoty. Opłata miesięczna do wspólnoty około 350 - 400 zł w zależności od zużycia wody. Lokal składa się z dwóch pokoi, które możesz urządzić według własnych potrzeb. Kuchnia do aranżacji np. jako aneks w pokoju. Łazienka do dowolnego zaprojektowania i przebudowy. Ogrzewanie elektryczne, ciepła woda podgrzewana elektrycznie. Do mieszkania przynależy duża piwnica. Okna wymienione na PCV, drzwi wejściowe podwójne, instalacja elektryczna nowa. Gładzie gipsowe nowe. Powłoki malarskie do odnowienia. Mieszkanie znajduje się na parterze w budynku w zabudowie miejskiej. Wnętrze jest jasne, a okna wychodzą na rynek. Lokalizacja jest bardzo wygodna. W pobliżu znajdziesz sklepy, restaurację, które ułatwią codzienne życie. W okolicy są również parki i tereny zielone, idealne na spacery i jazdę rowerem. Komunikacja jest dobrze rozwinięta, a przystanki autobusowe są w zasięgu ręki. Dojazd samochodem do Centrum Katowic około 10 minut.",tak,,,plastikowe,własność,,50.198081,19.042797
Katowice Załęże,ul. Gliwicka,2,57,329000,5772,bez pośredników,,8,https://adresowo.pl/o/mieszkanie-katowice-zaleze-ul-gliwicka-2-pokojowe-f3a9i8,https://s2.adresowa.pl/oi/7f/4c/3c637a_721b_cover@2x-2-pokojowe-mieszkanie-katowice-zaleze-ul-gliwicka.webp,Katowice Załęże,Gliwicka,2,1921,kamienica,,Sprzedam 2-Pokojowe Mieszkanie w Katowicach-Załęże. Idealna lokalizacja.W 2024r zmodernizowane -centralne ogrzewanie*ciepła woda miejska*3-fazowy licznik (siła).Budynek posiada domofon*światłowód *monitoring.Miejsce parkingowe na zamykanym podwórku (pilot).Kontakt [numer].,tak,tak,osobna,plastikowe,własność,,50.268908,18.980895
Katowice Śródmieście,ul. Stawowa,6,120,1790000,14917,bez pośredników,,1,https://adresowo.pl/o/mieszkanie-katowice-srodmiescie-ul-stawowa-6-pokojowe-x9z6l8,https://s2.adresowa.pl/oi/6d/19/3c5e30_90f3_cover@2x-6-pokojowe-mieszkanie-katowice-srodmiescie-ul-stawowa.webp,Katowice Śródmieście,Stawowa,2,2011,kamienica,,"Na sprzedaż unikatowa, prestiżowa nieruchomość inwestycyjna, składająca się z trzech ekskluzywnych apartamentów, zlokalizowanych na 2. piętrze eleganckiej, czteropiętrowej kamienicy przy kultowej ulicy ul. Stawowa 8 - w absolutnym centrum życia miejskiego. Łączna powierzchnia nieruchomości to 120 m.kw., zaprojektowana z dbałością o każdy detal. Apartamenty zostały wykończone w wysokim, hotelowym 5* standardzie, łącząc nowoczesną estetykę z ponadczasową elegancją. To przestrzeń, która przyciąga wymagających klientów i gwarantuje wysoki poziom obłożenia przez cały rok. Gotowy biznes klasy premium. Nieruchomość została przygotowana z myślą o wynajmie krótkoterminowym i średnioterminowym - stanowi w pełni funkcjonujący, gotowy do przejęcia produkt inwestycyjny, umożliwiający natychmiastowe generowanie przychodu. Idealna propozycja dla inwestora poszukującego bezpiecznej lokaty kapitału w topowej lokalizacji. Najważniejsze atuty: - 3 niezależne, luksusowe apartamenty - wysoki standard wykończenia klasy premium - reprezentacyjna kamienica w ścisłym centrum - prestiżowa i doskonale rozpoznawalna lokalizacja - produkt idealny pod najem krótkoterminowy i biznesowy - brak konieczności dodatkowych nakładów finansowych Ulica Stawowa to serce Katowic - w bezpośrednim sąsiedztwie znajdują się najlepsze restauracje, galerie handlowe, dworzec kolejowy, komunikacja miejska oraz centra biznesowe i kulturalne. To lokalizacja, która sprzedaje się sama i gwarantuje stałe zainteresowanie najemców. Cena: 1 790 000 zł. (Za 3 apartamenty). Oferta dla osób, które cenią prestiż, jakość i pewną stopę zwrotu. Takie nieruchomości pojawiają się na rynku niezwykle rzadko.",,,,,,,50.260828,19.018329
Katowice,Załęże,3,60,400000,6667,bez pośredników,,8,https://adresowo.pl/o/mieszkanie-katowice-zaleze-3-pokojowe-60-m2-e2p0z3,https://s2.adresowa.pl/oi/52/46/3c5b0c_55a2_cover@2x-3-pokojowe-mieszkanie-katowice-zaleze.webp,Katowice Załęże,,4,,blok,,"3 pokoje | ok. 60 m² | balkon | Katowice - Załęże Na sprzedaż 3-pokojowe mieszkanie o pow. ok. 60 m² w Katowicach (Załęże). Lokal składa się z: - salonu z częścią jadalnianą, - dwóch sypialni, - oddzielnej kuchni, - łazienki, - przedpokoju. Dodatkowo: - balkon, - piwnica. Mieszkanie jasne, funkcjonalny układ, szafa w zabudowie, gotowe do zamieszkania. Dobra lokalizacja - szybki dojazd do centrum, w pobliżu sklepy i komunikacja miejska. Idealne dla rodziny lub pod inwestycję.",tak,,osobna,,,,50.267344,18.982924
Katowice Koszutka,ul. Alfonsa Górnika,1,32,360000,11250,bez pośredników,,17,https://adresowo.pl/o/mieszkanie-katowice-koszutka-ul-alfonsa-gornika-1-pokoj-l5r3v6,https://s2.adresowa.pl/oi/47/4c/3c481e_7105_cover@2x-1-pokojowe-mieszkanie-katowice-koszutka-ul-alfonsa-gornika.webp,Katowice Koszutka,Alfonsa Górnika,parter,,blok,,"Na sprzedaż komfortowe, jednopokojowe mieszkanie z kuchnią o powierzchni 32,1 m², zlokalizowane w jednej z najbardziej cenionych dzielnic Katowic - Koszutka. Idealne zarówno do zamieszkania, jak i jako pewna inwestycja pod wynajem. Układ mieszkania: - przestronny pokój dzienny - 18,5 m² - jasna kuchnia - 9 m² - łazienka - przedpokój Wnętrze zaprojektowane w nowoczesnym, neutralnym stylu - jasne kolory, dębowe blaty i parkiet w jodełkę nadają mieszkaniu elegancki i ponadczasowy charakter. Mieszkanie znajduje się na wysokim parterze w kameralnym, dwu kondygnacyjnym bloku z cegły po termomodernizacji. Stan techniczny - po generalnym remoncie: - wymienione wszystkie instalacje: elektryczna, wodno-kanalizacyjna, grzewcza i gazowa - nowe okna i drzwi - salon: podłoga wodoodporny vinyl jodełka - kuchnia w zabudowie meblowej z dębowymi blatami, w pełni wyposażona w nowy sprzęt AGD: lodówka, pralka, płyta indukcyjna, okap, piekarnik. - łazienka wyposażona w: geberit, prysznic ze szklaną ścianką, umywalkę z szafką oraz armaturę Hansgrohe Mieszkanie gotowe do zamieszkania bez dodatkowych nakładów finansowych. Budynek: - monitoring całodobowy - blok z cegły po termomodernizacji - zadbana klatka schodowa - spokojne, przyjazne sąsiedztwo Dodatkowe atuty: - miejsce parkingowe zabezpieczone blokadą na klucz - zielona, spokojna okolica z terenami spacerowymi - w pobliżu sklepy osiedlowe, markety i pełna infrastruktura - świetna komunikacja z centrum miasta - pieszo 5 minut Dodatkowe informacje: - piwnica ok. 8 m² Czynsz administracyjny: 520 zł, w tym: centralne ogrzewanie, zimna woda i ścieki, koszty eksploatacji oraz fundusz remontowy. Forma własności: pełna własność. Informacje organizacyjne: sprzedaż bezpośrednia. Koszty notarialne ponosi kupujący. Mieszkanie idealne dla singla, pary, jak również jako bezpieczna inwestycja pod wynajem. Zapraszam do kontaktu i umówienia się na prezentację!",tak,tak,,,własność,"Wyposażenie: lodówka, piekarnik, pralka",50.2724,19.022661
Katowice Zawodzie,al. Walentego Roździeńskiego,3,63,480000,7619,bez pośredników,,11,https://adresowo.pl/o/mieszkanie-katowice-zawodzie-al-walentego-rozdzienskiego-3-pokojowe-w5y0q2,https://s2.adresowa.pl/oi/67/4c/3c3b8e_8609_cover@2x-3-pokojowe-mieszkanie-katowice-zawodzie-al-walentego-rozdzienskiego.webp,Katowice Zawodzie,Walentego Roździeńskiego,12,,blok,,"Szukałbyś przestronnego mieszkania w Katowicach? Oferuję 63,2 m² na wysokim piętrze w bloku z pełną własnością. - 3 pokoje i separowana kuchnia zapewniają komfort. - Wyposażone w meble, pralkę, lodówkę, kuchenkę i piekarnik. - Balkon i winda dodają wygody. Lokalizacja jest świetnie skomunikowana. W pobliżu znajdziesz: - liczne szkoły, przedszkola i uczelnie. - punkty usługowe, sklepy i centra handlowe. - tereny zielone, parki i place zabaw. - dostęp do komunikacji miejskiej, blisko do dworca i przystanków. Zapraszam do obejrzenia! To idealne miejsce dla osób ceniących wygodę i dobrze skomunikowane osiedle.",,,osobna,plastikowe,własność,"Wyposażenie: kuchenkę, lodówkę, piekarnik, pralkę",50.270233,19.06107
Katowice,ul. Bytkowska,3,64,690000,10781,bez pośredników,,8,https://adresowo.pl/o/mieszkanie-katowice-ul-bytkowska-3-pokojowe-x2u9m5,https://s2.adresowa.pl/oi/1d/5f/3c3910_d704_cover@2x-3-pokojowe-mieszkanie-katowice-ul-bytkowska.webp,Katowice ,Bytkowska,parter,2018,apartamentowiec,,"TO NIE JEST KOLEJNE NUDNE MIESZKANIE! Szukasz czterech ścian z duszą? Miejsca, które zamiast wysysać energię, ładuje Cię jak najlepsze espresso? Mam dla Ciebie coś soczystego, elektryzującego i totalnie gotowego do zamieszkania! Dlaczego to Twój nowy azyl? Kolorowy zawrót głowy: Zapomnij o wszechobecnej ""szarości i bieli"". To wnętrze tętni życiem! Jest odważnie, energetycznie i z charakterem. Wchodzisz i mieszkasz: Nie trać czasu na ekipy remontowe i użeranie się z kafelkarzami. Pakujesz walizki, robisz herbatę i cieszysz się nowym etapem od PIERWSZEGO dnia. Głowa wolna od ciężarów: Masz gorszy dzień? Przebodźcowanie? Wychodzisz z domu i po chwili jesteś w Parku Śląskim (Chorzowskim). To Twój prywatny ogród na wyciągnięcie ręki - idealny na spacer, bieg czy reset wśród zieleni. Naładuj swoje baterie! To mieszkanie to prawdziwy ""game changer"". Idealne dla kogoś, kto chce żyć dynamicznie, ale potrzebuje miejsca, które uwalnia głowę od codziennych trosk. Lokalizacja: Katowice ul. Bytkowska 117, rzut beretem od Parku! Cena: 690 000 zł (w cenę wliczona jest komórka lokatorska) Metraż: 64 m2 Zainteresowany/a? Nie czekaj, aż ktoś inny sprzątnie Ci tę dawkę energii sprzed nosa! Napisz do mnie i umów się na oglądanie. Udostępnij dalej! Może Twój znajomy właśnie szuka swojego kolorowego miejsca na ziemi? Zadzwoń i umów się na oglądanie.",tak,,,,własność,,50.293951,19.005519
Katowice Bogucice,ul. Henryka Mikołaja Góreckiego,3,79,1298000,16430,bez pośredników,,15,https://adresowo.pl/o/mieszkanie-katowice-bogucice-ul-henryka-mikolaja-goreckiego-3-pokojowe-q5f1r0,https://s2.adresowa.pl/oi/6b/12/3c1cb2_8903_cover@2x-3-pokojowe-mieszkanie-katowice-bogucice-ul-henryka-mikolaja-goreckiego.webp,Katowice Bogucice,Henryka Mikołaja Góreckiego,8,2021,blok,,"Apartament z niepowtarzalnym widokiem | Pierwsza Dzielnica | 79,16 m² | 4 pokoje | 2 tarasy Cena mieszkania: 1 298 000 zł Dodatkowo: komórka lokatorska 4,74 m² – 22 000 zł miejsce postojowe w garażu podziemnym – 70 000 zł Ogłoszenie prywatne. Sprzedam 3-pokojowy apartament z salonem wraz z aneksem kuchennym o powierzchni 79,16 m², położony na 8. piętrze w Pierwszej Dzielnicy w Katowicach. Największym atutem mieszkania jest położenie w pierwszej linii zabudowy, dzięki czemu widok pozostaje otwarty i nie zostanie przesłonięty kolejnymi budynkami. Z okien rozciąga się panorama na Strefę Kultury, Muzeum Śląskie, Spodek i centrum Katowic. Mieszkanie 79,16 m² salon z aneksem + 3 sypialnie 2 łazienki ekspozycja południowo-wschodnia 8 piętro Wykończenie drewniany parkiet dębowy ułożony w jodełkę (Kaczkan - California Dream, selekcja Natur) 2 tarasy w zabudowie Lumon mieszkanie nigdy nie było zamieszkane przygotowanie pod klimatyzację ogrzewanie miejskie kanałowe wysokość pomieszczeń 2,70 m Tarasy balkon narożny – 9,35 m² loggia – 7,85 m² Lokalizacja Pierwsza Dzielnica kilka minut do Strefy Kultury i centrum Katowic ochrona i monitoring osiedla bardzo dobra komunikacja Mieszkanie dostępne od zaraz. Zapraszam do kontaktu i umówienia prezentacji.",tak,tak,,plastikowe,własność,,50.265578,19.032993
Katowice Muchowiec,ul. Francuska,3,78,1147000,14705,bez pośredników,,11,https://adresowo.pl/o/mieszkanie-katowice-muchowiec-ul-francuska-3-pokojowe-h4u3l5,https://s2.adresowa.pl/oi/21/57/3bf388_cd0b_cover@2x-3-pokojowe-mieszkanie-katowice-muchowiec-ul-francuska.webp,Katowice Muchowiec,Francuska,1,2017,apartamentowiec,,"Oferuję na sprzedaż przestronne mieszkanie o powierzchni 78 m², znajdujące się na pierwszym piętrze w nowoczesnym budynku z 2017 roku. Dodatkowo, do mieszkania przynależy miejsce parkingowe w garażu. Mieszkanie składa się z: - Kuchni z salonem - 39m2. Część kuchenna została wykonana na wymiar z lakierowanymi frontami oraz systemem szafek BLUM. Piekarnik Samsung z funkcją mikrofalówki, lodówka Samsung no frost, płyta indukcyjna Samsung oraz zmywarka Elektrolux. W salonie znajduje się duża, wygodna kanapa z funkcją spania, stała zabudowa z regałem na książki z frontami lakierowanymi i telewizorem Samsung. Pomieszczenie ma ponad 20 punktów świetlnym, wspaniałą tapetę na ścianie reprezentacyjnej oraz klimatyzacją. - Sypialnia 1 - 12m2. W sypiali znajduje się łóżko tapicerowane 160x200cm, szafa na wymiar z lakierowanymi frontami oraz toaletka. Na ścianach ręcznie robione ozdoby i sztukateria. - Sypialnia 2 - 10,8m2. Pokój dziecięcy z łóżeczkiem tapicerowanym 100x200cm, komodą, biurkiem i szafa z IKEA. - Łazienka - 5,6m2. Stała zabudowa za toaletą oraz pod umywalką, gdzie ukryta jest pralka Samsung ecobuble. Fronty lakierowane. Prysznic walk in bez brodzika. - Korytarz - 10m2. W korytarzu znajdują się dwie szafy. Pierwsza przy wejściu na kurtki i buty, oraz druga większa przy łazience z przesuwanymi drzwiami. - Balkon - 7,1m2. Od strony południa z meblami z technoratanu. Lokalizacja w Osiedlu Paderewskiego-Muchowiec zapewnia bliskość do licznych punktów usługowych i rekreacyjnych. W pobliżu znajdują się: - Parki trzy stawy - Przedszkola, szkoły i uczelnie wyższe - Restauracje i kawiarnie - CH trzy stawy - Przystanki komunikacji miejskiej - Obiekty sportowe i fitness.",,,,plastikowe,własność,"Wyposażenie: lodówka, piekarnik, pralka, telewizor, zmywarka",50.241611,19.028281
Katowice Śródmieście,ul. Sokolska,2,36,599999,16667,bez pośredników,,8,https://adresowo.pl/o/mieszkanie-katowice-srodmiescie-ul-sokolska-2-pokojowe-t0r5w6,https://s2.adresowa.pl/oi/4f/48/3bf1ce_5431_cover@2x-2-pokojowe-mieszkanie-katowice-srodmiescie-ul-sokolska.webp,Katowice Śródmieście,Sokolska,8,2021,apartamentowiec,,"Oferuję na sprzedaż gotowca inwestycyjnego Premium w nowoczesnym budynku Sokolska Towers 30 w Centrum Katowic, o powierzchni 36 m². To 2-pokojowe mieszkanie znajduje się na 8. piętrze apartamentowca. Mieszkanie jest umeblowane, co pozwala na szybkie wprowadzenie się. Wysoka jakość wykończenia i duże okna zapewniają dużo naturalnego światła. Lokalizacja mieszkania jest bardzo atrakcyjna. Znajduje się w centrum miasta, blisko licznych punktów usługowych, restauracji i kawiarni. W pobliżu znajdują się tereny zielone. Dobre połączenia komunikacyjne ułatwiają codzienne dojazdy. W budynku jest siłownia, sauna, zielony taras, ochrona 24 h. Komórka lokatorska dodatkowo płatna 20 000 zł. Miejsce postojowe - opcja dodatkowa 90 000 zł. Nie czekaj, umów się na prezentację i przekonaj się, że to mieszkanie jest idealne dla Ciebie! Na Żywo wygląda obłędnie.",tak,tak,aneks,,własność,,50.265275,19.018708
Katowice Piotrowice,ul. Rzepakowa,3,57,650000,11404,bez pośredników,,2,https://adresowo.pl/o/mieszkanie-katowice-piotrowice-ul-rzepakowa-3-pokojowe-b5r7f1,https://s2.adresowa.pl/oi/34/72/3bdc26_aeb2_cover@2x-3-pokojowe-mieszkanie-katowice-piotrowice-ul-rzepakowa.webp,Katowice Piotrowice,Rzepakowa,3,2026,apartamentowiec,,"Sprzedam nowe mieszkanie w stanie deweloperskim na osiedlu ""Dobrynów"" w Katowicach przy ulicy Rzepadowej. Mieszkanie znajduje się na 3 piętrze z oknami w kierunku południowo-zachodnim. Mieszkanie składa się z 3 pokoi, salonu z aneksem kuchennym, łazienki i dodatkowego pomieszczenia na pralnię i toaletę. Dodatkowo do mieszkania przynależy miejsce postojowe w hali garażowej, miejsce postojowe zewnętrzne oraz komórka lokatorska do zakupu za dodatkową opłatą. Klucze do odebrania od zaraz.",tak,tak,aneks,,własność,,50.223752,18.994585
Katowice Szopienice,ul. Osiedlowa,3,63,399000,6333,bez pośredników,,8,https://adresowo.pl/o/mieszkanie-katowice-szopienice-ul-osiedlowa-3-pokojowe-a7n7q2,https://s2.adresowa.pl/oi/11/53/3bc146_2781_cover@2x-3-pokojowe-mieszkanie-katowice-szopienice-ul-osiedlowa.webp,Katowice Szopienice,Osiedlowa,parter,1979,blok,,"Sprzedam mieszkanie 3-pokojowe na ul. Osiedlowej w Katowicach. Mieszkanie znajduje się na wysokim parterze w bloku 10-piętrowym. Budynek jest po generalnym remoncie. Atuty mieszkania: - Doskonała lokalizacja, blisko szkoła, przedszkola, sklepy. - W niedalekiej odległości znajdują się stawy oraz tereny rekreacyjne, idealne miejsce dla rodzin z dziećmi oraz osób szukających mieszkania w spokojnej, zielonej części Katowic. - Mieszkanie posiada rolety antywłamaniowe. Zapraszam do kontaktu.",tak,,osobna,plastikowe,własność,,50.266237,19.1006
Katowice Koszutka,al. Wojciecha Korfantego,2,49,420000,8571,bez pośredników,,16,https://adresowo.pl/o/mieszkanie-katowice-koszutka-al-wojciecha-korfantego-2-pokojowe-m8c7w5,https://s2.adresowa.pl/oi/5b/20/3b8052_9745_cover@2x-2-pokojowe-mieszkanie-katowice-koszutka-al-wojciecha-korfantego.webp,Katowice Koszutka,Wojciecha Korfantego,3,,blok,,"Świetna lokalizacja - 1km do Strefy Kultury/Spodka. Przystanek autobusowy i tramwajowy 100m od klatki. Budynek po termomodernizacji. Mieszkanie do własnej aranżacji. Nowa instalacja elektryczna (przystosowana do przyłącza trójfazowego), nowa instalacja wod-kan. Do każdego pokoju wyprowadzone po dwa gniazda RJ 45 kat. 6, a pomiędzy klatką i centralą teletechniczną peszel pod światłowód. Ogrzewanie miejskie, wszystkie grzejniki mają nowe zawory termostatyczne i odcinające oraz każdy został wyposażony w matę odbijającą promieniowanie IR. Mieszkanie przystosowane do technologii wykonania ""one floor"". Pozostało wykonać gładzie. Cały osprzęt elektryczny, drzwi oraz zestaw podtynkowy firmy grohe (zdjęcia) oraz znajdujące się w mieszkaniu meble wliczone w cenę. Do mieszkania przynależy komórka lokatorska. Poglądowy schemat układu funkcjonalnego mieszkania znajduje się w galerii. Cena 420 000zł do negocjacji.",tak,,,,,,50.2779,19.021306
Katowice Śródmieście,ul. Stanisława Moniuszki,2,43,580000,13488,bez pośredników,,6,https://adresowo.pl/o/mieszkanie-katowice-srodmiescie-ul-stanislawa-moniuszki-2-pokojowe-k5y4v2,https://s2.adresowa.pl/oi/47/38/3b3e82_f854_cover@2x-2-pokojowe-mieszkanie-katowice-srodmiescie-ul-stanislawa-moniuszki.webp,Katowice Śródmieście,Stanisława Moniuszki,2,,blok,,"Posiadam na sprzedaż mieszkanie w centrum Katowic, dzielnica Śródmieście, ul. Moniuszki 14. Mieszkanie składa się z: - dwóch przestronnych pokoi (jeden pokój połączony z dużym balkonem) - kuchni - łazienki - korytarza. Mieszkanie jest usytuowane na drugim piętrze w osiedlu zamkniętym z bramą na pilot i domofonem. W bloku znajduje się winda. Do mieszkania przynależy miejsce parkingowe oraz piwnica. Media: gaz, ogrzewanie miejskie, opomiarowanie wody, ciepła woda. Forma własności nieruchomości to własność, księga wieczysta. Więcej informacji pod nr tel.",tak,tak,,,,,50.26067,19.024639
Katowice Śródmieście,ul. Raciborska,5,96,670000,6979,bez pośredników,,5,https://adresowo.pl/o/mieszkanie-katowice-srodmiescie-ul-raciborska-5-pokojowe-m4l0h4,https://s2.adresowa.pl/oi/61/5a/3b36e6_f418_cover@2x-5-pokojowe-mieszkanie-katowice-srodmiescie-ul-raciborska.webp,Katowice Śródmieście,Raciborska,2,1908,kamienica,,"Na sprzedaż lokal o łącznej powierzchni 96m2. Lokal składa się z 5 w pełni wyposażonych pokoi, 2 oddzielnych łazienek, 2 balkonów oraz oddzielnej dużej kuchni. Dodatkowe udogodnienia to miejsce parkingowe w oficynie zamykane na szlaban z pilotem oraz duża piwnica. Wszystkie pokoje są aktualnie wynajęte. Lokal znajduje się w sercu Katowic, przy ulicy Raciborskiej. Lokalizacja ta zapewnia świetną komunikację i duży popyt na wynajem. Bliskość 3 uczelni wyższych zwiększa zainteresowanie najemców. Możliwy jest wynajem krótkoterminowy z uwagi na bliskość Katowickiego centrum onkologii. Na ten moment lokal jest wynajmowany długoterminowo przez studentów.",tak,,osobna,,własność,,50.256646,19.004972
Katowice Ligota,ul. Harcerska,3,60,499000,8317,bez pośredników,,8,https://adresowo.pl/o/mieszkanie-katowice-ligota-ul-harcerska-3-pokojowe-x5i0b2,https://s2.adresowa.pl/oi/70/21/3b2d4c_dce2_cover@2x-3-pokojowe-mieszkanie-katowice-ligota-ul-harcerska.webp,Katowice Ligota,Harcerska,parter,,blok,,"Na sprzedaż mieszkanie w dzielnicy Ligota w Katowicach. Mieszkanie znajduje się na ulicy Harcerskiej, wysoki parter. Pomieszczenia: Przedpokój Salon Kuchnia Sypialnia x2 Łazienka WC Mieszkanie jest w dobrym stanie, nowa kanalizacja, okna PCV, nowa podłoga, nowa kuchnia, nowa zabudowa przedpokoju, nowy prysznic. Ogrzewanie miejskie. Brak obciążeń. Mieszkanie własnościowe. Dostępne od 1.04.2026.",,,,,,,50.22047,18.965347
Katowice,ul. Gliwicka,2,49,279000,5694,bez pośredników,,9,https://adresowo.pl/o/mieszkanie-katowice-ul-gliwicka-2-pokojowe-s3n0s1,https://s2.adresowa.pl/oi/29/20/3b2ca6_5d11_cover@2x-2-pokojowe-mieszkanie-katowice-ul-gliwicka.webp,Katowice ,Gliwicka,3,1935,kamienica,,"MIESZKANIE 49 m2 - 2 pokojowe Rozkład: duży przestronny salon 26m2 (z możliwością podziału ścianką na 3-4 pokoje), sypialnia ok.10m2, kuchnia (meble kuch), przedpokój, łazienka. Wyposażenie: kuch. gaz., lodowka, kociol gazowy 2 funkcyjny (w.ciepla+ogrzewanie), na podłodze panele i nowe plastikowe okna Umeblowanie - pojemna szafa z drzwiami przesuwnymi, łóżka Bardzo dogodna lokalizacja ok. ul Gliwicka (rejon MAKRO) Katowice, obok wylotówka na A4 i DTŚ, 25 minut piechota do Centrum, dogodne połączenie tramwajem do IMAX-a i Centrum, bezposredni autobus pod Silesia City C. i Park Ślaski, Zadbana kamienica III piętro Atutem jest niski czynsz administracyjny ok 200zł oraz ewentualna możliwość w przyszłości adaptacji strychu i stworzenia 2 poziomowego mieszkania z dodatkowa przestrzenią po akceptacji wspolnoty. Kupno bliźniaczego mieszkania obok daje także możliwość połączenia mieszkań i zrealizowania własnej koncepcji wielkoprzestrzennej (np. przebudowy na duże studio) cena 279 000 (do neocjacji) tel. (w sytuacji gdy nie moge odebrac prosze o zapytanie sms-em z dopiskiem - sprzedaz Gliwicka)",tak,,osobna,plastikowe,własność,Wyposażenie: lodowka,50.26737,18.98591
Katowice,ul. Panewnicka,3,55,450000,8182,bez pośredników,,9,https://adresowo.pl/o/mieszkanie-katowice-ul-panewnicka-3-pokojowe-m3g6v4,https://s2.adresowa.pl/oi/4d/40/3b1dac_71ff_cover@2x-3-pokojowe-mieszkanie-katowice-ul-panewnicka.webp,Katowice ,Panewnicka,2,1980,blok,,"lLokal w dobrym stanie, odświeżony ok. rok temu. Obecnie wynajmowany – generuje ok. 1 800 zł netto miesięcznie (po kosztach zarządzania) - całkowicie pasywny dochód dzięki dobremu zarządcy. Jest możliwość własnego zarządzania wtedy dochód będzie o ok. 20 % większy! ✔ niski czynsz do wspólnoty – ok. 450 zł ✔ stabilni lokatorzy ✔ pełna dokumentacja najmu ✔ wysoka stopa zwrotu inwestycji ok. 4,5 % w ciągu roku Idealny jako gotowy produkt inwestycyjny – dochód od pierwszego dnia! Dodatkowo w cenie duże pomieszczenie piwniczne o powierzchni ok. 15 m2! Okolica zielona z wieloma udogodnieniami jak sklepy, szkoły, basen itd. Dobra lokalizacja gwarantuje stałych klientów i przychody. Pod budynkiem również spory parking",tak,,,,,,50.229748,18.94685
Katowice Szopienice,ul. Józefy Kantorówny,3,83,439000,5289,bez pośredników,,7,https://adresowo.pl/o/mieszkanie-katowice-szopienice-ul-jozefy-kantorowny-3-pokojowe-g5d3e1,https://s2.adresowa.pl/oi/2b/59/3b1334_c5f4_cover@2x-3-pokojowe-mieszkanie-katowice-szopienice-ul-jozefy-kantorowny.webp,Katowice Szopienice,Józefy Kantorówny,parter,1900,kamienica,,"Oferuję mieszkanie na parterze o powierzchni 83 m². Znajdziesz tu jasny salon, oddzielną kuchnię i dwie sypialnie. Wnętrza są urządzone w nowoczesnym stylu, z wysokiej jakości wykończeniem. W pełni wyposażone w sprzęty AGD, meble i media. Mieszkanie po remoncie jest gotowe do zamieszkania. Lokalizacja znajduje się w dzielnicy Szopienice. W pobliżu jest dostęp do licznych placówek edukacyjnych, takich jak szkoły i przedszkola. W okolicy znajdują się także parki i tereny rekreacyjne, idealne na spacery i wypoczynek. Mieszkanie znajduje się w centrum dzielnicy, skąd bliski dostęp do różnych sklepów m.in. Biedronka, Lidl. Bliskość przystanków komunikacji miejskiej ułatwia dojazd do centrum Katowic i innych części miasta. Zainteresowany? Zapoznaj się z ofertą i umów się na oglądanie już dziś!",tak,,osobna,,własność,,50.263226,19.096783
Katowice Panewniki,ul. Kijowska,2,53,399000,7528,bez pośredników,,17,https://adresowo.pl/o/mieszkanie-katowice-panewniki-ul-kijowska-2-pokojowe-l8p0e4,https://s2.adresowa.pl/oi/6f/3d/3ab34a_e1ab_cover@2x-2-pokojowe-mieszkanie-katowice-panewniki-ul-kijowska.webp,Katowice Panewniki,Kijowska,9,1988,blok,,"Oferuję na sprzedaż przestronne, jasne i funkcjonalne mieszkanie o powierzchni 53,4 m², położone w spokojnej i zielonej części Katowic Panewniki (Kokociniec). Mieszkanie znajduje się na 9. piętrze w 11-piętrowym budynku z nową windą, co zapewnia bardzo dobrą ekspozycję, dużo światła dziennego oraz wyjątkowy, szeroki widok na okoliczne tereny zielone. To propozycja dla osób, które szukają spokojnego miejsca do zamieszkania, ale jednocześnie chcą pozostać blisko miasta. Układ mieszkania: przestronny salon z wyjściem na balkon, drugi niezależny pokój, oddzielna, widna kuchnia z zabudową meblową, łazienka z wanną oraz WC (jedno pomieszczenie), przedpokój z pojemnymi szafami w zabudowie, balkon, piwnica. Mieszkanie posiada bardzo praktyczny układ wszystkie pomieszczenia dostępne są niezależnie z przedpokoju, dzięki czemu sprawdzi się zarówno dla pary, rodziny, jak również jako mieszkanie inwestycyjne pod wynajem. Najważniejsze atuty nieruchomości: piękny widok z 9. piętra balkon z widokiem na zieleń spokojne i zielone otoczenie dwa niezależne pokoje oddzielna kuchnia z oknem nowe windy w budynku zabudowany korytarz na piętrze (większe bezpieczeństwo i dodatkowa przestrzeń) dużo miejsc parkingowych wokół budynku ogrzewanie miejskie bardzo dobra komunikacja z centrum Katowic blisko sklepy, szkoły, komunikacja miejska i tereny rekreacyjne czynsz ok. 650 zł plus zaliczki za media, takie jak centralne ogrzewanie, podgrzanie wody itp. Mieszkanie jest czyste i zadbane, gotowe do zamieszkania. Pokoje pozostają nieumeblowane, dzięki czemu nowy właściciel lub najemca może urządzić je według własnych potrzeb. Dla kupującego: Mieszkanie stanowi dobrą propozycję zarówno dla osób szukających własnego lokum, jak i dla inwestora zainteresowanego wynajmem. Lokalizacja oraz funkcjonalny układ sprawiają, że mieszkanie jest łatwe do wynajęcia i atrakcyjne dla potencjalnych najemców. Preferuję sprzedaż bezpośrednią bez dodatkowych kosztów pośrednictwa, jednak jeśli Kupujący chce skorzystać z pomocy swojego biura nieruchomości oczywiście jest taka możliwość, pod warunkiem pokrycia kosztów pośrednika przez Kupującego. Mieszkanie dostępne od zaraz. Zapraszam do kontaktu i obejrzenia nieruchomości.",tak,,osobna,plastikowe,spółdzielcze własnościowe,,50.23451,18.962046
Katowice,ul. Gliwicka,2,49,299000,6102,bez pośredników,,6,https://adresowo.pl/o/mieszkanie-katowice-ul-gliwicka-2-pokojowe-b1s2e9,https://s2.adresowa.pl/oi/41/38/3a774c_d281_cover@2x-2-pokojowe-mieszkanie-katowice-ul-gliwicka.webp,Katowice ,Gliwicka,3,,kamienica,,"Na sprzedaż jasne, ciepłe i przestronne mieszkanie przy ul. Gliwickiej w Katowicach. Mieszkanie znajduje się na 3 piętrze w 3-piętrowej kamienicy, co zapewnia kameralną atmosferę. Łączna powierzchnia mieszkania wynosi 49,20 m2: - pokój nr 1 - 23,7 m2 - pokój nr 2 - 12,3 m2 - kuchnia - 8,2 m2 - łazienka - 1,7 m2 - przedpokój - 2,9 m2. Do lokalu przynależy piwnica o powierzchni 5,30 m2. Lokal jest częściowo wyremontowany. Potrzebne są niewielkie prace uzupełniające. To wyjątkowa oferta dla osób ceniących swobodę aranżacji przestrzeni oraz komfort życia w dobrze skomunikowanej części Katowic. Atuty nieruchomości na ul. Gliwickiej to przede wszystkim: - Doskonała lokalizacja w dobrze skomunikowanej dzielnicy, co ułatwia szybkie poruszanie się po mieście i dostęp do transportu miejskiego - Zadbana i spokojna kamienica, z nową instalacją grzewczą (centralne ogrzewanie gazowe), do dyspozycji mieszkańców podwórko, - Bliskość sklepów - po sąsiedzku jest m.in. sklep Żabka - Spokojna i kameralna okolica, z dostępem do terenów zielonych i jednocześnie w pobliżu centrum miasta - Pełna infrastruktura usługowa w pobliżu, w tym apteki, szkoły, przedszkola, co podnosi komfort życia mieszkańców - Możliwość swobodnego i bezpłatnego parkowania wzdłuż kamienicy Te cechy czynią nieruchomość atrakcyjną zarówno do zamieszkania, jak i inwestycji. Zachęcam również do oglądnięcia innego mieszkania w tej kamienicy. Mieszkanie o powierzchni 52,70 m2, z piwnicą o powierzchni 5,60 m2, na II piętrze, świetny rozkład mieszkania, w stanie do remontu, za cenę 221 000 zł. Osoby zainteresowane zapraszam do kontaktu i umówienia się na prezentację. To mieszkanie najlepiej zobaczyć, by w pełni docenić jego potencjał. Kupujący nie ponosi kosztów związanych z pośrednictwem w zakupie.",tak,,,,,,50.26737,18.98591
Katowice Załęże,ul. Gliwicka,2,34,140000,4118,bez pośredników,,4,https://adresowo.pl/o/mieszkanie-katowice-zaleze-ul-gliwicka-2-pokojowe-n2o6s1,https://s2.adresowa.pl/oi/58/1c/3a7740_df31_cover@2x-2-pokojowe-mieszkanie-katowice-zaleze-ul-gliwicka.webp,Katowice Załęże,Gliwicka,parter,1905,kamienica,,"Na sprzedaż mieszkanie przy ul. Gliwickiej w Katowicach. To wyjątkowa oferta dla osób ceniących spokój oraz komfort życia w dobrze skomunikowanej części Katowic. Idealna oferta do zamieszkania lub wynajmu. Mieszkanie znajduje się na parterze w 3-piętrowej kamienicy, co zapewnia kameralną atmosferę. Łączna powierzchnia mieszkania wynosi 34,95 m2: pokój nr 1 - 11,76 m2 pokój z aneksem kuchennym - 18,83 m2 łazienka - 3,01 m2 przedpokój - 1,35 m2. Do lokalu przynależy piwnica o powierzchni 4,22 m2. Lokal nadaje się do generalnego remontu. Atuty nieruchomości na ul. Gliwickiej to przede wszystkim: - Doskonała lokalizacja w dobrze skomunikowanej dzielnicy, co ułatwia szybkie poruszanie się po mieście i dostęp do transportu miejskiego - Zadbana i spokojna kamienica, z nową instalacją grzewczą (centralne ogrzewanie gazowe), do dyspozycji mieszkańców podwórko, - Bliskość sklepów - po sąsiedzku jest m.in. sklep Żabka - Spokojna i kameralna okolica, z dostępem do terenów zielonych i jednocześnie w pobliżu centrum miasta - Pełna infrastruktura usługowa w pobliżu, w tym apteki, szkoły, przedszkola, co podnosi komfort życia mieszkańców - Możliwość swobodnego i bezpłatnego parkowania wzdłuż kamienicy Te cechy czynią nieruchomość atrakcyjną zarówno do zamieszkania, jak również jako inwestycja. Osoby zainteresowane zapraszam do kontaktu i umówienia się na prezentację. To mieszkanie najlepiej zobaczyć, by w pełni docenić jego potencjał. Kupujący nie ponosi kosztów związanych z pośrednictwem w zakupie.",tak,,aneks,,własność,,50.26737,18.98591
Katowice Szopienice,ul. Przelotowa,2,35,146680,4191,bez pośredników,,5,https://adresowo.pl/o/mieszkanie-katowice-szopienice-ul-przelotowa-2-pokojowe-m1w7h1,https://s2.adresowa.pl/oi/56/78/3a773c_4b1b_cover@2x-2-pokojowe-mieszkanie-katowice-szopienice-ul-przelotowa.webp,Katowice Szopienice,Przelotowa,2,,kamienica,,"Oferujemy do sprzedaży mieszkanie w kamienicy przy ul. Przelotowej w Katowicach (dzielnica Szopienice-Burowiec). Lokal znajduje się na II piętrze i posiada powierzchnię 35,54 m2. Na tę przestrzeń składa się: 2 pokoje, kuchnia oraz wc z łazienką. Mieszkanie nadaje się do generalnego remontu. W cenie mieszkania oferujemy również komórkę lokatorską o powierzchni 7,52 m2. Kamienica składa się łącznie z 14 lokali. W chwili obecnej do sprzedaży posiadamy również większe mieszkanie do remontu, na II piętrze, powierzchnia 44,78 m2 z dużą piwnicą (12,28 m2). Jego cena to 184000,00 zł. Lokale posiadają doskonały potencjał inwestycyjny. Kamienica świetnie zlokalizowana. Okolica bardzo zielona. W Szopienicach na granicy Katowic znajduje się zespół kilku stawów – Borki, Morawa, Stawiki oraz 4 stawy Hubertus. Lokalizacja zapewnia świetną infrastrukturę miejską: szkoły, przedszkola, liceum, galerie handlowe, sklepy, bliskość przystanków tramwajowych i autobusowych. Zachęcam do spotkania i oglądnięcia wszystkich dostępnych lokali. Kupujący nie ponosi kosztów związanych z pośrednictwem w zakupie. Osoby zainteresowane proszę o kontakt pod numerem Rafał",tak,,,,,,50.263062,19.10411
Katowice Załęże,ul. Gliwicka,1,24,109000,4542,bez pośredników,,6,https://adresowo.pl/o/mieszkanie-katowice-zaleze-ul-gliwicka-1-pokoj-v9b9m2,https://s2.adresowa.pl/oi/39/43/3a773a_9727_cover@2x-1-pokojowe-mieszkanie-katowice-zaleze-ul-gliwicka.webp,Katowice Załęże,Gliwicka,parter,1905,kamienica,,"Mieszkanie w Katowicach – ul. Gliwicka – idealne dla inwestora, flipera lub na własne potrzeby! Na sprzedaż małe mieszkanie do remontu w bardzo atrakcyjnej lokalizacji – przy ul. Gliwickiej w Katowicach. To doskonała propozycja zarówno jako inwestycja pod wynajem, szybki flip, jak i zakup na własne potrzeby. Atuty nieruchomości: • Świetna lokalizacja – blisko centrum Katowic, szybki dostęp do komunikacji miejskiej, sklepów i uczelni. • Atrakcyjna cena – mieszkanie w tej okolicy w takiej kwocie to rzadkość. • Możliwość aranżacji od podstaw – idealne dla osób, które chcą urządzić przestrzeń według własnych potrzeb lub przygotować mieszkanie pod wynajem. • Niewielki metraż – niskie koszty remontu i utrzymania. Mieszkanie wymaga remontu, co daje pełną swobodę w zaprojektowaniu wnętrza zgodnie z własną wizją lub z myślą o przyszłych najemcach. Lokalizacja: ul. Gliwicka, Katowice – dynamicznie rozwijająca się część miasta, świetnie skomunikowana z centrum i innymi dzielnicami. To oferta dla osób, które szukają pewnej inwestycji albo swojego pierwszego mieszkania w dobrej cenie",,,,,własność,,50.26737,18.98591
Katowice Śródmieście,ul. Józefa Lompy,4,139,997000,7173,bez pośredników,,18,https://adresowo.pl/o/mieszkanie-katowice-srodmiescie-ul-jozefa-lompy-4-pokojowe-z9s8q9,https://s2.adresowa.pl/oi/46/35/3a6fc2_f692_cover@2x-4-pokojowe-mieszkanie-katowice-srodmiescie-ul-jozefa-lompy.webp,Katowice Śródmieście,Józefa Lompy,2,,kamienica,,"Na sprzedaż mieszkanie położone w kamienicy w ścisłym centrum Katowic. Składa się z 4 dużych pokoi, kuchni, łazienki, pralni i posiada 2 balkony. Do mieszkania przynależy piwnica o powierzchni 11,50 m2. Mieszkanie ogrzewane jest gazem (na wyposażeniu piec wielofunkcyjny marki Vaillant, co roku serwisowany przed i po sezonie grzewczym). W łazience ogrzewanie podłogowe. W salonie, łazience, pralni i przy wejściu płytki, a na pozostałej części mieszkania - we wszystkich pokojach na podłodze położony jest piękny dębowy parkiet. Układ mieszkania jest bardzo oryginalny, zapewnia bezpośrednie wejście do salonu z wszystkich pomieszczeń, gdyż usytuowany jest w sercu mieszkania. Taki układ nie tylko sprawdzi się jako rodzinne mieszkanie, ale również jako inwestycja pod najem (zarówno krótko-, jak i długoterminowy), a także pod gabinety, kancelarię itp. Kamienica, w której znajduje się mieszkanie, została wzniesiona początkiem XX wieku. Na ścianach przy wejściu do klatki zachowały się oryginalne kafelki z tamtego okresu. Klatka schodowa jest wyremontowana. Wszystkie drzwi wejściowe do mieszkań zachowują ten sam styl architektoniczny tamtego okresu, natomiast ościeżnice i drzwi wewnątrz sprzedawanego mieszkania są oryginalne, masywne i odnowione, co nadaje mu dodatkowego charakteru. Położenie mieszkania w centrum czyni je bardzo korzystnym, gdyż blisko są sklepy, szkoła, przedszkole, żłobek miejski, szkoła językowa, kino Rialto, 2 przychodnie, szpital, teatr. Mieszkańcy mają możliwość w zryczałtowanej cenie wykupienia Karty Mieszkańca uprawniającej do bezlimitowanego parkowania samochodów zarówno w strefie ""A"", jak i ""B"". Odległość pieszo: - pl. Sejmu Śląskiego, Urząd Wojewódzki i Marszałkowski - 2 min. - Rynek - 5 min. - Dworzec kolejowy i Galeria Katowicka - 7 min. - przystanek autobusowy - 3 min. - Akademia Muzyczna - 5 min. - Dolina 3 Stawów - 15 min. - Centrum Kongresowe i Spodek - 15-20 min. - ul. Mariacka/Dworcowa - 3 min. - Komenda Wojewódzka Policji - 10 min. Bardzo dogodny wyjazd na autostradę A4 na węźle Francuska - 3 min. samochodem. W cenie mieszkania zabudowa kuchenna z wszystkimi sprzętami (marki Whirlpool), zabudowa szaf, ewentualnie po uzgodnieniu reszta mebli. Sprzedaż BEZ pośredników. Zapraszam serdecznie do obejrzenia mieszkania.",tak,,osobna,,własność,,50.251848,19.023936
Katowice,Ligota,3,55,430000,7818,bez pośredników,,8,https://adresowo.pl/o/mieszkanie-katowice-ligota-3-pokojowe-55-m2-c6s3q5,https://s2.adresowa.pl/oi/1a/40/3a6c0c_c17b_cover@2x-3-pokojowe-mieszkanie-katowice-ligota.webp,Katowice Ligota,,8,,blok,,"Osiedle Zadole, Katowice - Ligota — blisko Śląskiego Uniwersytetu Medycznego. Szukasz jasnego, umeblowanego mieszkania w spokojnej i dobrze skomunikowanej okolicy? Oferuję mieszkanie o powierzchni 55,83 m², położone na 8. piętrze bloku na Osiedlu Zadole. Mieszkanie w 2023 roku przeszło generalny remont! Cena: 430 000 zł (ogłoszenie prywatne - bez pośredników). Układ mieszkania: - 3 niezależne pokoje (w każdym szafa, regał/półki oraz biurko/stolik do pracy) - otwarta kuchnia - łazienka z ogrzewaniem podłogowym oraz instalacją nagłośnieniową (muzyka pod prysznicem!) - przedpokój - balkon w największym pokoju - piwnica (2,10 m²). Mieszkanie w 2023 roku przeszło generalny remont wraz z wymianą instalacji elektrycznej i wodnej. Łazienka dodatkowo posiada ogrzewanie podłogowe. Lokal jest w pełni umeblowany i gotowy do zamieszkania. Ogrzewanie i woda - miejskie, w czynszu. Internet - doprowadzony światłowód. Idealne jako mieszkanie dla rodziny lub inwestycja pod wynajem (bliskość SUM). Wyposażenie kuchni: - szafki wiszące i stojące, - kuchenka gazowa, - kuchenka mikrofalowa, - wysoka lodówka, - nowe oświetlenie LED, - przygotowana instalacja pod TV. Łazienka: - kabina prysznicowa z deszczownicą, - podwieszana toaleta, - podświetlane lustro i oświetlenie sufitowe LED, - wbudowane nagłośnienie z panelem sterującym, - nowe meble i armatura, - ogrzewanie podłogowe. Lokalizacja: 20-25 min pieszo do Śląskiego Uniwersytetu Medycznego. 10 min do Auchan i dworca PKP Katowice Ligota. 7 min pociągiem do Dworca Głównego w Katowicach. 3-5 min do: Żabki, kościoła, stacji rowerów, przystanków autobusowych. Blisko: Park Zadole, Basen Zadole, Centrum Przesiadkowe Ligota, Libero. Osiedle spokojne, zielone, z dużym parkingiem obok bloku. Dodatkowe informacje: Wejście bezpośrednio z holu windowego. Blok położony jest w cichej części Ligoty — idealna równowaga między szybkim dojazdem do centrum a spokojem osiedla. Ogłoszenie ma charakter informacyjny i nie stanowi oferty w rozumieniu art. 71 Kodeksu cywilnego.",tak,,aneks,,,"Wyposażenie: internet, kuchenka, lodówka, tv",50.226002,18.971001
Katowice Dąb,ul. Bukowa,1,36,249000,6917,bez pośredników,,1,https://adresowo.pl/o/mieszkanie-katowice-dab-ul-bukowa-1-pokoj-r0t5f2,https://s2.adresowa.pl/oi/53/24/3a5722_e393_cover@2x-1-pokojowe-mieszkanie-katowice-dab-ul-bukowa.webp,Katowice Dąb,Bukowa,1,1955,blok,,"Sprzedam mieszkanie na ul. Bukowej 6- róg Złotej. Powierzchnia 36m2, ogrzewanie z sieci nowe, instalacja elektryczna nowa. Piwnica 12m2. Do wykończenia. Cena 249 tyś.",tak,,osobna,plastikowe,własność,,50.278792,19.00311
Katowice Bogucice,ul. Henryka Mikołaja Góreckiego,1,30,500000,16667,bez pośredników,,11,https://adresowo.pl/o/mieszkanie-katowice-bogucice-ul-henryka-mikolaja-goreckiego-1-pokoj-a0f2c2,https://s2.adresowa.pl/oi/38/49/3a0fc6_3c62_cover@2x-1-pokojowe-mieszkanie-katowice-bogucice-ul-henryka-mikolaja-goreckiego.webp,Katowice Bogucice,Henryka Mikołaja Góreckiego,1,2021,blok,,"NA SPRZEDAŻ: Komfortowa, jasna kawalerka (30 m²) w sercu Katowic - Pierwsza Dzielnica Sprzedam komfortową, wykończoną i w pełni umeblowaną, jasną kawalerkę o powierzchni 30 m², zlokalizowaną w nowoczesnym, prestiżowym apartamentowcu z 2021 r. w osiedlu Pierwsza Dzielnica. Budynek posiada windę oraz ochronę. LOKALIZACJA: Adres: ul. Góreckiego 15 (ekspozycja wschodnia). Lokalizacja w samym sercu Katowic, w bardzo cichej i spokojnej okolicy, w pobliżu terenów zielonych. W budynku: Żabka, sklepy, usługi, fryzjer, przedszkole, rowerownia. Spacerem: • 2 min do Muzeum Śląskiego oraz do Parku Boguckiego (150 m), • 7 min do Międzynarodowego Centrum Kongresowego (MCK) i Spodka (600 m), • 1,5 km do dworca głównego PKP w Katowicach. ROZKŁAD I WYPOSAŻENIE: Przestronne mieszkanie posiada bardzo praktyczny rozkład i składa się z: • salonu z wyjściem na przestronny taras, • przedpokoju z aneksem kuchennym, • dużej łazienki z prysznicem typu walk-in, toaletą oraz pralką w zabudowie. Do wykończenia mieszkania użyto materiałów wysokiej jakości. Mieszkanie jest w pełni umeblowane i wyposażone. • Kuchnia: w pełni umeblowana i wyposażona w urządzenia AGD w zabudowie (płyta indukcyjna, piekarnik, duża lodówka z zamrażarką, zmywarka). • Salon: duży telewizor, rozkładana kanapa z pojemnikiem na pościel. • Przechowywanie: duża ilość szaf robionych na zamówienie, bardzo dużo miejsca na przechowywanie. UDOGODNIENIA DLA MIESZKAŃCÓW (Strefa Mieszkańca): Osiedle Pierwsza Dzielnica oferuje dla mieszkańców: • przestronną wspólną kuchnię, • salę do coworkingu i pracy twórczej, • dużą pralnię z suszarnią, • salę kinową, • salę do ćwiczeń, • salę zabaw dla dzieci (np. ścianka wspinaczkowa), • salę z bilardem, piłkarzykami i grami planszowymi. INFORMACJE DODATKOWE: • Czynsz wynosi ok. 580 zł/msc. • Do mieszkania przynależy duża komórka lokatorska (na poziomie garażu), idealna do przechowywania większych gabarytów. • Istnieje możliwość dokupienia miejsca postojowego w podziemnym garażu w tym samym budynku - cena 60 tys. zł. SPRZEDAJĘ MIESZKANIE BEZPOŚREDNIO. AGENCJOM NIERUCHOMOŚCI DZIĘKUJĘ ZA WSPÓŁPRACĘ.",tak,,aneks,,własność,"Wyposażenie: lodówka, piekarnik, telewizor, zmywarka",50.265789,19.035317
Katowice Szopienice,ul. Przelotowa,2,36,220000,6111,bez pośredników,,10,https://adresowo.pl/o/mieszkanie-katowice-szopienice-ul-przelotowa-2-pokojowe-v1u9i8,https://s2.adresowa.pl/oi/7f/4c/389428_415a_cover@2x-2-pokojowe-mieszkanie-katowice-szopienice-ul-przelotowa.webp,Katowice Szopienice,Przelotowa,1,1910,kamienica,,"Oferujemy do sprzedaży mieszkanie w kamienicy przy ul. Przelotowej w Katowicach (dzielnica Szopienice-Burowiec). Lokal znajduje się na I piętrze i posiada powierzchnię 36,15 m2. Na tę przestrzeń składa się: pokój z aneksem kuchennym, sypialnia oraz łazienka z wc. W mieszkaniu został przeprowadzony remont. W cenie mieszkania oferujemy również komórkę lokatorską o powierzchni 5,79 m2. Kamienica składa się z 14 lokali. W chwili obecnej do sprzedaży pozostają 4 mieszkania i 1 lokal usługowy (wykaz w galerii zdjęć). Lokale posiadają doskonały potencjał inwestycyjny. Kamienica świetnie zlokalizowana. Okolica bardzo zielona. W Szopienicach na granicy Katowic znajduje się zespół kilku stawów – Borki, Morawa, Stawiki oraz 4 stawy Hubertus. Lokalizacja zapewnia świetną infrastrukturę miejską: szkoły, przedszkola, liceum, galerie handlowe, sklepy, bliskość przystanków tramwajowych i autobusowych. Zachęcam do spotkania i oglądnięcia wszystkich dostępnych lokali. Zakup bezpośrednio od właściciela, bez konieczności ponoszenia kosztów związanych z pośrednictwem. Osoby zainteresowane proszę o kontakt tel. Rafał",tak,,aneks,,własność,,50.263062,19.10411
Katowice Bogucice,ul. Uniwersytecka,3,48,599000,12479,bez pośredników,,3,https://adresowo.pl/o/mieszkanie-katowice-bogucice-ul-uniwersytecka-3-pokojowe-v3k6n3,https://s2.adresowa.pl/oi/2e/43/387fc0_4289_cover@2x-3-pokojowe-mieszkanie-katowice-bogucice-ul-uniwersytecka.webp,Katowice Bogucice,Uniwersytecka,2,1970,blok,,"sprzedam mieszkanie zlokalizowane przy ulicy Uniwersyteckiej. Mieszkanie jest po remoncie gotowe do zamieszkania. Mieszkanie składa się z trzech pokoi, kuchni, przedpokoju, łazienki z wc oraz piwnicy. Jedno miejsce parkingowe na zamkniętym parkingu ze szlabanem. Blok z 1970 wielką płytą. Piętro 2 z 13 z balkonem. Dostępne 3 windy. Blok po generalnym remoncie i ociepleniu w w 2018 roku. W mieszkaniu zamontowana klimatyzacja.",tak,tak,,,,Wyposażenie: klimatyzacja,50.262501,19.0275
Katowice,os. Tysiąclecia,2,28,460000,16429,bez pośredników,,8,https://adresowo.pl/o/mieszkanie-katowice-os-tysiaclecia-2-pokojowe-28-m2-x6t6t8,https://s2.adresowa.pl/oi/76/56/386a3e_c4d1_cover@2x-2-pokojowe-mieszkanie-katowice-os-tysiaclecia.webp,Katowice os. Tysiąclecia,,12,,apartamentowiec,,"Sprzedam 2 pokojowe mieszkanie (kawalerka z wydzieloną sypialnią) w nowym budynku na osiedlu Nowe Tysiąclecie w Katowicach. powierzchnia: 28,5 m2 + 12,5 m2 balkon zlokalizowany na 12 piętrze. Ekspozycja okien: południowa. Sprzedaję wraz z wyposażeniem i umeblowaniem. Cena za mieszkanie: 460.000 PLN. Do mieszkania możliwość dokupienia miejsca postojowego w cenie 50.000 PLN. Sprzedaję bezpośrednio, właściciel. ps. Mieszkanie wygląda jak na zdjęciach. Czyste, zadbane, utrzymane w idealnym stanie. Można się wprowadzić od zaraz bez jakichkolwiek nakładów.",,tak,,,,,50.278957,18.974086
Katowice Śródmieście,ul. Władysława Stanisława Reymonta,1,15,210000,14000,bez pośredników,,20,https://adresowo.pl/o/mieszkanie-katowice-srodmiescie-ul-wladyslawa-stanislawa-reymonta-1-pokoj-x7u9i6,https://s2.adresowa.pl/oi/66/4b/37f96a_b8e8_cover@2x-1-pokojowe-mieszkanie-katowice-srodmiescie-ul-wladyslawa-stanislawa-reymonta.webp,Katowice Śródmieście,Władysława Stanisława Reymonta,3,1970,blok,,"Inwestycyjny mikroapartament 14,79 m² – Katowice, ul. Reymonta 24Na sprzedaż gotowiec inwestycyjny naprzeciw Urzędu Marszałkowskiego. Lokal usługowy z KW (spełnia wymogi ZL5).Status: Aktualnie wynajęty za 1350 zł + opłaty.Cena: 210 000 zł (cena ostateczna, brak pośpiechu ze sprzedażą, oferta na wyłączność tutaj).Stopa zwrotu (ROI): 7,71% rocznie .Standard: Po remoncie, pełne wyposażenie (meble na wymiar, zmywarka, indukcja, lodówka).Atuty: CO i ciepła woda z sieci miejskiej, niskie opłaty (ok. 260 zł), widok na zieleń.Sprzedaż bezpośrednia. Zapraszam do kontaktu!",,,,,własność,"Wyposażenie: lodówka, zmywarka",50.252998,19.025999
Katowice,ul. Pawła Edmunda Strzeleckiego,2,37,279900,7565,bez pośredników,,7,https://adresowo.pl/o/mieszkanie-katowice-ul-pawla-edmunda-strzeleckiego-2-pokojowe-o7h6p3,https://s2.adresowa.pl/oi/78/49/37ef00_f18e_cover@2x-2-pokojowe-mieszkanie-katowice-ul-pawla-edmunda-strzeleckiego.webp,Katowice ,Pawła Edmunda Strzeleckiego,3,1975,blok,,"Sprzedam mieszkanie dwupokojowe o powierzchni 37 m² w dobrze skomunikowanej i bezpiecznej dzielnicy Katowic. Położenie - trzy minuty od DK86 i kolejnych kilka od autostrady A4 - łączy najlepsze cechy cichego położenia wśród zieleni z dostępnością atrakcji miasta wojewódzkiego. Idealne dla osób pracujących w centrum Katowic, Tychach, Mysłowicach, Sosnowcu, Chorzowie czy Mikołowie. Mieszkanie środkowe, ciepłe. Stan bardzo dobry, mieszkanie jest gotowe do wejścia lub ewentualnie odświeżenia. Budynek przeszedł termomodernizację w roku 2022 wraz z remontem balkonów. Klatka schodowa również po remoncie kilka lat wstecz. Administracja osiedla działa sprawnie, a wszelkie usterki w częściach wspólnych naprawiane są od ręki po zgłoszeniu. Na osiedlu: - plac zabaw, - szkoła, - biblioteka publiczna, - przystanki autobusowe (250 m), - dwa paczkomaty (200 m), - Biedronka (450 m). W obrębie paru minut piechotą również: - mechanicy samochodowi, - poczta, - stacja benzynowa, - przychodnia zdrowia, - dentysta, - optyk, - fryzjer itd. Sprzedaję prywatnie, pośrednikom dziękuję.",tak,,osobna,plastikowe,własność,,50.20336,19.041279
Katowice,Zawodzie,4,49,525000,10714,bez pośredników,,12,https://adresowo.pl/o/mieszkanie-katowice-zawodzie-4-pokojowe-49-m2-j6f6z6,https://s2.adresowa.pl/oi/2e/37/37e97a_b1c5_cover@2x-4-pokojowe-mieszkanie-katowice-zawodzie.webp,Katowice Zawodzie,,parter,,kamienica,,"OGŁOSZENIE BEZPOŚREDNIE - BEZ PROWIZJI Na sprzedaż oferuję ciekawe mieszkanie inwestycyjne składające się z dwóch niezależnych dwupokojowych lokali - świetna inwestycja, szacowane ROI na poziomie ~8-10%. Oferowane mieszkanie składa się z dwóch oddzielnych, 2-pokojowych, wykończonych i w pełni wyposażonych lokali mieszkalnych - każdy z własną łazienką i własnym aneksem kuchennym. Mieszkanie to tzw. klasyczny dwupak inwestycyjny, czyli idealna opcja zarówno dla inwestora, jak i osób szukających gotowego rozwiązania mieszkaniowego z wysokim potencjałem rentownego najmu. Mieszkanie znajduje się w odrestaurowanej kamienicy (elewacja, dach, piony instalacyjne, wejście do budynku), wyposażone jest w centralne ogrzewanie z sieci oraz ciepłą wodę również bezpośrednio z sieci. LOKALIZACJA: Korzystna lokalizacja blisko centrum - szybki dojazd do śródmieścia (ok. 5-10 minut tramwajem), spacerem na Dolinę 3 Stawów ~15 minut, a w pobliżu: - uczelnie: Uniwersytet Ekonomiczny, Uniwersytet Śląski, Politechnika Śląska, - przystanki komunikacji miejskiej (tramwaj, stacja kolejowa Katowice Zawodzie oraz Centrum Przesiadkowe Katowice Zawodzie), - sklepy, apteka, punkty usługowe, przedszkola, szkoły i inne. Jeśli ktoś korzysta z samochodu na co dzień, z pewnością doceni łatwość i szybkość dojazdu do: - Autostrady A4 w kierunku Kraków lub Wrocław, - DK 86 w kierunku Sosnowca i Warszawy oraz Tychów i Bielska, - DK 79 w kierunku Mysłowic i Krakowa oraz Chorzowa, Bytomia, Piekar Śl., - DK 902 (Trasa DTŚ) w kierunku Chorzowa, Zabrza i Gliwic oraz autostrady A1. Warto podkreślić, że przed budynkiem znajduje się sporo miejsc parkingowych dla mieszkańców, a dodatkowo istnieje możliwość parkowania samochodów w wydzielonym, wewnętrznym podwórzu. OPIS MIESZKAŃ: Lokale są świeżo po generalnym remoncie, który obejmował m.in. wymianę wszystkich instalacji, podłóg, okien i drzwi oraz montaż sufitów podwieszanych i ścian z płyt G-K. Lokale zostały wykończone przez fachowców i z wykorzystaniem wysokiej jakości materiałów, a ponadto zostały wyposażone i urządzone z dbałością o detale i wygodę przyszłych mieszkańców. Każde mieszkanie posiada: - Pokój dzienny/wypoczynkowy z aneksem kuchennym, w którym znajdują się nowe meble na wymiar (od stolarza) oraz nowy sprzęt AGD. - Oddzielną sypialnię z oknem. - Nowoczesną łazienkę z pralko-suszarką. - Pełne umeblowanie i wyposażenie w nowy sprzęt AGD. Każdy z lokali posiada osobne podliczniki energii elektrycznej, wody zimnej i ciepłej oraz podzielniki centralnego ogrzewania. Lokale są gotowe do zamieszkania lub natychmiastowego wynajmu! OPIS INWESTYCJI: - Gotowy produkt inwestycyjny - kupujesz i od razu wynajmujesz. - ROI szacowane jest na poziomie ~8-10% rocznie przy wynajmie długoterminowym. Co ważne, w tej lokalizacji istnieje stały popyt na wynajem długoterminowy ze względu na niewielką odległość do uczelni wyższych i centrum Katowic, ale ze względu na lokalizację istnieje też spory potencjał w zakresie najmu krótkoterminowego, który pozwoli uzyskać znacznie wyższy stopień zwrotu z inwestycji. FORMA WŁASNOŚCI: - Księga wieczysta (bez obciążeń) - pełna własność z możliwością zakupu również na kredyt. Ogłoszenie prywatne, sprzedaż bezpośrednia - brak prowizji od transakcji! Zapraszam do kontaktu w celu uzyskania szczegółów oraz umówienia się na prezentację. Ogłoszenie dodane do wielu portali nieruchomości przez portal www.odwlasciciela.pl",,,aneks,,własność,,50.259998,19.052999
Katowice Szopienice,ul. Przelotowa,1,35,154000,4400,bez pośredników,,8,https://adresowo.pl/o/mieszkanie-katowice-szopienice-ul-przelotowa-1-pokoj-v9u0n8,https://s2.adresowa.pl/oi/6e/4e/378396_fed2_cover@2x-1-pokojowe-mieszkanie-katowice-szopienice-ul-przelotowa.webp,Katowice Szopienice,Przelotowa,parter,1910,kamienica,,"Oferujemy do sprzedaży mieszkanie w kamienicy przy ul. Przelotowej w Katowicach (dzielnica Szopienice). Lokal znajduje się na parterze i posiada powierzchnię 35 m2. Na tę przestrzeń składa się: - duży pokój o powierzchni 22,07 m2, - kuchnia z łazienką o łącznej powierzchni 12,93 m2. Mieszkanie stwarza możliwości własnej aranżacji. Jest to idealne miejsce dla osoby, która ma pomysł, jak urządzić mieszkanie według swojej wizji i potrzeb. W cenie mieszkania oferujemy również dużą komórkę lokatorską o powierzchni 12,21 m2. Kamienica składa się z 14 lokali. W chwili obecnej do sprzedaży pozostają 4 mieszkania i 1 lokal usługowy (wykaz w galerii zdjęć). Lokale posiadają doskonały potencjał inwestycyjny. Kamienica świetnie zlokalizowana. Okolica bardzo zielona. W Szopienicach na granicy Katowic znajduje się zespół kilku stawów - Borki, Morawa, Stawiki oraz 4 stawy Hubertus. Lokalizacja zapewnia świetną infrastrukturę miejską: - szkoły, - przedszkola, - liceum, - galerie handlowe, - sklepy, - bliskość przystanków tramwajowych i autobusowych. Zachęcam do spotkania i oglądnięcia wszystkich dostępnych lokali. Zakup bezpośrednio od właściciela, bez konieczności ponoszenia kosztów związanych z pośrednictwem. Osoby zainteresowane proszę o kontakt pod numerem tel. Rafał",tak,,osobna,,,,50.262001037598,19.104000091553
Katowice Bogucice,ul. Nowa,2,32,300000,9375,bez pośredników,,5,https://adresowo.pl/o/mieszkanie-katowice-bogucice-ul-nowa-2-pokojowe-e1x9y5,https://s2.adresowa.pl/oi/2a/29/36b616_8f00_cover@2x-2-pokojowe-mieszkanie-katowice-bogucice-ul-nowa.webp,Katowice Bogucice,Nowa,parter,,blok,,"OGŁOSZENIE BEZPOŚREDNIE - BEZ PROWIZJI Mieszkanie o powierzchni 32 m kwadratowych znajduje się na parterze w 3-piętrowym budynku z cegły. W mieszkaniu znajduje się: - duży pokój z aneksem kuchennym, - łazienka z prysznicem i WC, - osobna sypialnia. Mieszkanie posiada pełne niezbędne wyposażenie. Do mieszkania przynależy piwnica o powierzchni 10 m kwadratowych. Czynsz do spółdzielni wynosi 360 zł.",tak,,aneks,,,,50.265387,19.042487
Katowice Ochojec,ul. Marcina Radockiego,1,38,350000,9211,bez pośredników,,20,https://adresowo.pl/o/mieszkanie-katowice-ochojec-ul-marcina-radockiego-1-pokoj-m8j6z6,https://s2.adresowa.pl/oi/49/76/36b230_5589_cover@2x-1-pokojowe-mieszkanie-katowice-ochojec-ul-marcina-radockiego.webp,Katowice Ochojec,Marcina Radockiego,3,1985,blok,,"Na sprzedaż komfortowe mieszkanie 38 metrów, składa się z dużego pokoju, otwartej kuchni- salonu, dużej łazienki. Mieszkanie w bardzo dobrym standardzie, po kapitalnym remoncie, na bierząco odświeżane, gotowe do zamieszkania. Duży balkon, klimatyzacja i pomieszczenie gospodarcze w piwnicy, usytuowane na 3 piętrze, w budynku z windą. Centralne ogrzewanie i ciepła woda z sieci miejskiej. Niski czynsz, w tej chwili to 590 zł i jest to kwota ze wszystkimi zaliczkami i innymi opłatami. Mieszkanie znajduje się w południowej dzielnicy Katowic Piotrowice/Ochojec. Zadbane osiedle, pełne zieleni, 500 metrów od Bazantowa, tuż obok las. Dokładna lokalizacja Ul. Radockiego 202. Osiedle zadbane z pełną infrastrukturą, żłobki, przedszkole, szkoła, przychodnia, Biedronka, Netto i inne sklepy, 500 metrów galeria Manhattan, nieopodal Libero, Kaufland i wiele innych. Świetne miejsce do życia. Dużo zieleni i przestrzeni.",tak,tak,aneks,plastikowe,spółdzielcze własnościowe,Wyposażenie: klimatyzacja,50.205609,18.98707
Katowice os. Tysiąclecia,ul. Tysiąclecia,2,50,399000,7980,bez pośredników,,8,https://adresowo.pl/o/mieszkanie-katowice-os-tysiaclecia-ul-tysiaclecia-2-pokojowe-k5i5i6,https://s2.adresowa.pl/oi/30/72/354096_9d66_cover@2x-2-pokojowe-mieszkanie-katowice-os-tysiaclecia-ul-tysiaclecia.webp,Katowice os. Tysiąclecia,Tysiąclecia,4,,blok,,"Oferuję na sprzedaż mieszkanie własnościowe o powierzchni 50 m2, położone w Katowicach na os. Tysiąclecia przy ul. Tysiąclecia, usytuowane na czwartym piętrze. Nieruchomość posiada pełną własność wraz z księgą wieczystą. Mieszkanie składa się z: - przestronnego, klimatyzowanego salonu wraz z aneksem kuchennym, z panoramicznymi oknami z wejściem na duży balkon, - jasnej sypialni, - przytulnej łazienki z wanną narożną, - oraz z przedpokoju z szafami w zabudowie. Zabudowa kuchenna w trakcie realizacji wraz z urządzeniami AGD w zabudowie. Przeprowadzony remont obejmował: - wymianę instalacji elektrycznej oraz wodno-kanalizacyjnej wraz z wymianą pionów głównych, - wymianę paneli oraz malowanie, - podłączenie klimatyzacji, - wymianę grzejników. Mieszkanie posiada ogrzewanie centralne. Ciepłą wodę zapewnia przepływowy podgrzewacz wody. Do mieszkania prowadzi klatka schodowa oraz dwie windy. Wejście do budynku jest zabezpieczone domofonem, przed nim znajduje się parking dla mieszkańców ogrodzony szlabanem. Budynek mieszkalny przeszedł remont i termomodernizację. Nieruchomość jest otoczona zielenią, dodatkowym atutem jest bliskość do Parku Śląskiego. Lokalizacja zapewnia dostęp do wszelkich usług, jak sklepy, apteki, kluby fitness, szkoły itp. Miejsce dla ludzi ceniących przestrzeń, komfort oraz świetną lokalizację. Zapraszam do kontaktu.",,,aneks,,własność,,50.278999,18.973
Katowice Śródmieście,ul. Warszawska,3,104,650000,6250,bez pośredników,,13,https://adresowo.pl/o/mieszkanie-katowice-srodmiescie-ul-warszawska-3-pokojowe-p8f8y9,https://s2.adresowa.pl/oi/69/57/34f30a_fc1a_cover@2x-3-pokojowe-mieszkanie-katowice-srodmiescie-ul-warszawska.webp,Katowice Śródmieście,Warszawska,4,1900,kamienica,,"Witam sprzedam mieszkanie 104m2 w Katowicach ul. Warszawska, piwnica plus parking. Wyremontowana klatka schodowa (przez klatkę od licznika do mieszkania puszczony już nowy przewód elektryczny 5x16). Do końca roku najemcy. 4 miesiące temu zamontowany nowy piec który ogrzeje w przyszłości 4 mieszkania. Posiadam projekt podział na 4 kawalerki bez ingerencji w ściany nośne. Aktualny stan mieszkania oceniam na dobry. Można mieszkać bez wykonywania remontu. Drzwi wejściowe wymienione na nowe. Oferta prywatna bez opłat pośrednika.",tak,,osobna,plastikowe,własność,,50.257999,19.034
Katowice Brynów,ul. Rolna,2,34,250000,7353,bez pośredników,,13,https://adresowo.pl/o/mieszkanie-katowice-brynow-ul-rolna-2-pokojowe-h4n5r3,https://s2.adresowa.pl/oi/57/55/34655c_83bd_cover@2x-2-pokojowe-mieszkanie-katowice-brynow-ul-rolna.webp,Katowice Brynów,Rolna,3,1970,blok,,Mieszkanie w bloku w stanie b dobrym po remoncie Tylko do odnowienia Instalacja stan b dobry. Domofon. Instalacja RTV Przystanki autobusowe koło domu Sieć sklepów w pobliżu. Blisko do parku i terenów zielonych.,tak,,osobna,plastikowe,spółdzielcze własnościowe,Wyposażenie: tv,50.230999,18.983999
Katowice os. Tysiąclecia,ul. Chorzowska,2,43,669000,15558,bez pośredników,,5,https://adresowo.pl/o/mieszkanie-katowice-os-tysiaclecia-ul-chorzowska-2-pokojowe-i1k8k9,https://s2.adresowa.pl/oi/75/4b/33947e_781a_cover@2x-2-pokojowe-mieszkanie-katowice-os-tysiaclecia-ul-chorzowska.webp,Katowice os. Tysiąclecia,Chorzowska,11,,apartamentowiec,,"Luksusowo wykończone mieszkanie na 11. piętrze w kompleksie ""4 Wieże"" przy ul. Chorzowskiej 212, składające się z pokoju z aneksem kuchennym, sypialni, łazienki i przedpokoju o łącznej pow. 43,37 m2, oraz przynależnych do tego lokalu komórki na II kondygnacji o pow. 4,24 m2 i pomieszczenia o pow. 8,41 na III kondygnacji, czyli o łącznej powierzchni użytkowej 56,02 m2, oraz balkonu o pow. 5,02 m2. Mieszkanie wyposażone w najwyższej jakości sprzęt AGD. Czynsz ok. 850 zł zawiera opłaty za ciepłą wodę, ogrzewanie, wywóz śmieci, koszty f. remontowego i zarządu. Dostępne od zaraz. Ulica Chorzowska 212.",,,aneks,,,,50.272999,18.99
Katowice Muchowiec,ul. Szybowcowa,3,72,1086061,15084,bez pośredników,,20,https://adresowo.pl/o/mieszkanie-katowice-muchowiec-ul-szybowcowa-3-pokojowe-e9w9q4,https://s2.adresowa.pl/oi/73/51/3325f8_4a92_cover@2x-3-pokojowe-mieszkanie-katowice-muchowiec-ul-szybowcowa.webp,Katowice Muchowiec,Szybowcowa,4,2023,apartamentowiec,,"FRANCUSKA PARK / NEW 3 ROOMS APARTMENT / HIGH QUALITY / ORIGINAL DESIGN MODERN-RETRO OFERTA PRYWATNA, BEZPOŚREDNIO OD WŁAŚCICIELA! NOWE MIESZKANIE POD KLUCZ - PO REMONCIE! LAKRU DESIGN! Do sprzedania 3-pokojowe mieszkanie o powierzchni 72,89 m2, w pełni umeblowane i wyposażone, obejmujące również home-staging. Mieszkanie projektowane w stylu MODERN i RETRO, wykończone na wysoki standard. W skład mieszkania wchodzą: • Pokój dzienny (salon) z aneksem kuchennym - 29,24 m2 • Sypialnia główna - 11,13 m2 • Sypialnia (biuro / pokój dziecka) - 10,69 m2 • Łazienka - 3,99 m2 • WC - 2,24 m2 • Przedpokój 1 - 5,23 m2 • Przedpokój 2 - 5,28 m2 • Garderoba - 2,06 m2 • Ścianki działowe - 3,03 m2 CAŁKOWITA POWIERZCHNIA UŻYTKOWA ZAPISANA W KW: 72,89 m2 DODATKOWO: • Balkon - 4,87 m2 • Komórka lokatorska w hali garażowej (dodatkowo płatne 15 tys. zł) • Miejsce garażowe podziemne (dodatkowo płatne 50 tys. zł) OPIS WYKOŃCZENIA / REMONTU: • Na podłodze klejona deska drewniana (salon / sypialnia główna / sypialnia dodatkowa). • Klimatyzacja strefowa (salon / sypialnia główna). • W łazience wanna z funkcją prysznica. • Oddzielna toaleta. • Zabudowa meblowa na wymiar z frontami akrylowymi. • Oddzielna garderoba. • Gładzie na ścianach. • Wszystkie nowe grzejniki. • Pełne wyposażenie AGD: lodówka, zmywarka 60 cm, płyta indukcyjna, piekarnik, zabudowany okap, w łazience pralko-suszarka, w salonie TV 65 cali. LOKALIZACJA: Mieszkanie znajduje się na osiedlu Atal Francuska Park, położone w Dolinie Trzech Stawów, które jest idealnym miejscem do spędzania czasu wolnego. Dodatkowo, lokalizacja świetnie skomunikowana (szybkie drogi A4, 86, 81), a jednocześnie blisko centrum Katowic. W okolicy pełna infrastruktura handlowo-usługowa: szkoły, przedszkola, apteka, kościół, przychodnia, restauracje, siłownie. Kupując to mieszkanie, będą mieli Państwo wszystko pod ręką. DOSTĘPNOŚĆ: Mieszkanie jest dostępne od zaraz! KONTAKT: Kontakt możliwy w każdym dniu tygodnia, w godzinach 9-21 pod numerem tel. GORĄCO POLECAM i ZAPRASZAM DO OGLĄDANIA PIOTR --- FRANCUSKA PARK / NEW 3 ROOMS APARTMENT / HIGH QUALITY / ORIGINAL DESIGN MODERN-RETRO PRIVATE OFFER, DIRECTLY FROM THE OWNER! NEW APARTMENT - AFTER FULL RENOVATION! LAKRU DESIGN! For sale: 3-rooms apartment with an area of 72.89 m2, fully equipped and furnished, including home staging. Apartment designed in the MODERN and RETRO style, finished to a high standard. The apartment consists of: • Living room (salon) with kitchenette - 29.24 m2 • Master bedroom - 11.13 m2 • Bedroom (office/children's room) - 10.69 m2 • Bathroom - 3.99 m2 • Toilet - 2.24 m2 • Hallway 1 - 5.23 m2 • Hallway 2 - 5.28 m2 • Wardrobe - 2.06 m2 • Partition walls - 3.03 m2 TOTAL USABLE AREA RECORDED IN THE KW: 72.89 m2 ADDITIONALLY: • Balcony - 4.87 m2 • Storage room in the garage hall (additionally payable PLN 15,000) • Underground garage space (additionally payable PLN 50,000) DESCRIPTION FINISHING / RENOVATION: • Glued wooden board on the floor (living room / master bedroom / additional bedroom). • Zone air conditioning (living room / master bedroom). • In the bathroom, a bath with shower function. • Separate toilet. • Custom-made furniture with acrylic fronts. • Separate wardrobe. • Smoothing on the walls. • All new radiators. • Full household appliances: fridge, 60cm dishwasher, induction hob, oven, built-in hood, washer-dryer in the bathroom, 65-inch TV in the living room. LOCATION: The apartment is in the Atal Francuska Park estate, located in the Three Ponds Valley, which is an ideal place to spend free time. In addition, the location is very well connected (fast roads A4, 86, 81), and at the same time close to the center of Katowice. Full commercial and service infrastructure in the area: schools, kindergartens, pharmacy, church, clinic, restaurants, gyms. By purchasing this apartment, you will have everything at your fingertips. AVAILABILITY: The apartment is available immediately! CONTACT: Contact is possible every day of the week, from 9 am to 9 pm at the phone number. I HIGHLY RECOMMEND AND INVITE YOU TO VIEW PIOTR",tak,tak,aneks,,własność,"Wyposażenie: klimatyzacja, lodówka, piekarnik, suszarka, tv, zmywarka",50.243999481201,19.030000686646
Katowice Dąb,pl. Bolesława Chrobrego,2,50,405000,8100,bez pośredników,,8,https://adresowo.pl/o/mieszkanie-katowice-dab-pl-boleslawa-chrobrego-2-pokojowe-k0p4m9,https://s2.adresowa.pl/oi/41/5e/32f17e_37b7_cover@2x-2-pokojowe-mieszkanie-katowice-dab-pl-boleslawa-chrobrego.webp,Katowice Dąb,pl. Bolesława Chrobrego,7,1977,blok,,"Oferuję na sprzedaż bardzo funkcjonalne 2-pokojowe mieszkanie. Agencją dziękujemy. Dostępne od zaraz! Otoczenie: Mieszkanie znajduje się na Osiedlu Tysiąclecia na ul. Bolesława Chrobrego. Okolica jest bardzo zielona. W sąsiedztwie znajduję się Park Śląski, liczne żłobki, przedszkola, szkoły, place zabaw, sklepy (m.in. Lidl, Biedronka), McDonald’s. Okolica doskonała na spacery, bieganie lub wycieczki rowerowe. Mieszkanie jest bardzo dobrze skomunikowane. Blisko znajdują się przystanki tramwajowe oraz autobusowe. Mieszkanie: Odnowione, gładzie tynkowe, instalacja elektryczna miedziana, panele i okna. Przestronne mieszkanie, umeblowane z dużą ilością zabudowanych schowków. - Powierzchnia: 50,5 m2 - Liczba pokoi: 2 - Piętro: 7 - Salon - Sypialnia - Kuchnia - Łazienka - Garderoba - Przedpokój - Balkon na długość całego mieszkania - Komórka lokatorska z półkami na tym samym piętrze - Piwnica - Parking za szlabanem pod blokiem - Czynsz: 630 zł - Forma własności: Mieszkanie spółdzielcze własnościowe Dodatkowe informacje: - Okna: PCV (Nowe) - Podłogi: panele - Budynek: Wielka płyta - Winda: są dwie - Ogrzewanie: miejskie - Gaz - Piwnica: jest Treść niniejszego ogłoszenia nie stanowi oferty handlowej w rozumieniu Kodeksu Cywilnego.",tak,,osobna,plastikowe,spółdzielcze własnościowe,,50.281327,18.97161
Katowice Ligota,ul. Ostrawska,3,47,636000,13532,bez pośredników,,6,https://adresowo.pl/o/mieszkanie-katowice-ligota-ul-ostrawska-3-pokojowe-w4p5k6,https://s2.adresowa.pl/oi/7c/3b/2cba8c_29f0_cover@2x-3-pokojowe-mieszkanie-katowice-ligota-ul-ostrawska.webp,Katowice Ligota,Ostrawska,2,2024,blok,,"Z przyjemnością prezentujemy Państwu na sprzedaż przestronne mieszkanie o powierzchni 47,32 m2 w malowniczej dzielnicy Katowice – Ligota (Budynek A, ul. Ostrowska 1, 40-233 Katowice) otoczonej zielenią. Ta urocza nieruchomość to doskonała okazja dla osób poszukujących komfortowego miejsca do życia. Metraż: 47,32 m2 Piętro: II Balkon: 9,14 m2 Miejsce garażowe: P 81 Komórka lokatorska: 3,24 m2 Inne udogodnienia: winda, plac zabaw Rozkład pomieszczeń: Sypialnia: 9,58 m2 Pokój: 6,05 m2 Pokój dzienny z aneksem kuchennym: 18,49 m2 Przedpokój: 9,72 m2 Łazienka:3,16 m2 Ponadto, do nieruchomości przynależy komórka lokatorska o powierzchni 3,24 m2. Niewątpliwym plusem jest również balkon o powierzchni 9,14 m2, na którym można cieszyć się poranną kawą lub wieczornym relaksem zarówno z sypialni, jak i z aneksu kuchennego. Nieruchomość znajduje się na drugim piętrze, co dodaje uroku i zapewnia spokój, jednocześnie będąc blisko wszystkich udogodnień i atrakcji Katowic – restauracji, sklepów, parków i komunikacji miejskiej. Dodatkowym do mieszkania przynależy miejsce garażowe (P 81), ( koszt 45 000 zł). Jeśli szukasz wyjątkowego miejsca, które oferuje komfort, spokój i możliwość własnej aranżacji, to to mieszkanie spełni Twoje oczekiwania. Zapraszamy do kontaktu w celu uzyskania więcej informacji.",tak,,aneks,,własność,,50.231998443604,18.971000671387
Katowice Giszowiec,ul. Wojciecha,3,53,387000,7302,bez pośredników,,5,https://adresowo.pl/o/mieszkanie-katowice-giszowiec-ul-wojciecha-3-pokojowe-a9t7p7,https://s2.adresowa.pl/oi/27/6c/2b38ce_5ca4_cover@2x-3-pokojowe-mieszkanie-katowice-giszowiec-ul-wojciecha.webp,Katowice Giszowiec,Wojciecha,10,1976,blok,,"Mieszkanie świetnie zlokalizowane, z prawej strony dwupasmówki Katowice Tychy– las natomiast z drugiej centra handlowe, kościół, przychodnie zdrowia,etc.",tak,tak,osobna,plastikowe,spółdzielcze własnościowe,,50.22183,19.062632
Katowice Śródmieście,ul. Zabrska,1,43,399000,9279,bez pośredników,,6,https://adresowo.pl/o/mieszkanie-katowice-srodmiescie-ul-zabrska-1-pokoj-o6v7a6,https://s2.adresowa.pl/oi/24/32/292020_f9b1_cover@2x-1-pokojowe-mieszkanie-katowice-srodmiescie-ul-zabrska.webp,Katowice Śródmieście,Zabrska,2,,kamienica,,"Sprzedam w pełni urządzone mieszkanie o powierzchni 43 m2, położone na drugim piętrze w budynku pięciokondygnacyjnym. Składa się ono z przedpokoju, łazienki, pokoju dziennego, kuchni , jadalni. Pomieszczenia urządzone są komfortowo, z dużą dbałością o szczegóły. Kuchnia jest kompletnie umeblowana (piekarnik, lodówka, meble w zabudowie). Kamienica znajduję się ok 400 m od nowego dworca PKS, 500 m od dworca PKP i blisko Galerii Katowickiej. W lokalu istnieje możliwość prowadzenia działalności usługowej np biuro firmy, kancelaria etc W budynku znajduję się winda .",,,,,,"Wyposażenie: lodówka, piekarnik",50.262001,19.013
Katowice Śródmieście,ul. Tadeusza Kościuszki,3,71,465000,6549,bez pośredników,,18,https://adresowo.pl/o/mieszkanie-katowice-srodmiescie-ul-tadeusza-kosciuszki-3-pokojowe-w1u8d4,https://s2.adresowa.pl/oi/33/5e/27e5b2_f1f7_cover@2x-3-pokojowe-mieszkanie-katowice-srodmiescie-ul-tadeusza-kosciuszki.webp,Katowice Śródmieście,Tadeusza Kościuszki,2,1894,kamienica,,"Proszę o kontakt w tygodniu po 14:00 lub w weekend oraz proszę by biura nieruchomości nie dzwoniły. Sprzedam mieszkanie prawie cale po generalnym remoncie (od 2016 jedno pomieszczenie w roku). Mieszkanie jest na drugim piętrze, jest bezczynszowe. W cenie prywatne miejsce postojowe na podwórku. Mieszkanie jest blisko dworca kolejowego, ul. Tadeusza Kościuszki 14 blisko skrzyżowania z ul. Andrzeja. W mieszkaniu brak gazu ale jest on w kamienicy. Ogrzewanie elektryczne piecami akumulacyjnymi. Utrzymując ok 20st zimą zużywamy ok 6500kWh na rok. Udział w kamienicy to ok 8%. W mieszkaniu wymieniono okna na trzyszybowe od ulicy i dwuszybowe od podwórka oraz drzwi wejściowe w 2015/16r. Wymieniono drzwi wejściowe i pokojowe na szerokość 90cm. Kuchnia z meblami, a pokoje bez mebli. Mieszkanie bez sprzętu AGD i bez RTV. W kamienicy jest również piwnica i strych. Prawie wszędzie obniżone i ocieplone sufity. Do wymiany tylko jedna podłoga w salonie (wszystkie wyremontowane podłogi mają włożoną wełnę między legarami) i ewentualnie do odświeżenia łazienka. Przy remoncie wymieniona instalacja wodna i kanalizacyjna. Do mieszkania przynależy piwnica ok 30m z osobnym wejściem z instalacją elektryczną. Obecne opłaty to ok 500zl za utrzymanie kamienicy, woda ok 17zl za m3 oraz ok 40zl od osoby za śmieci i ok 500zl miesięcznie za prąd. Koszt na całą rodzinę to ok 1200zl na miesiąc. https://kosciuszki.medialabkatowice.eu/?places=Ko%C5%9Bciuszki%2014&amp;order=topic Konkretne oferty można wysyłać na adres",tak,tak,osobna,plastikowe,własność,Wyposażenie: tv,50.256001,19.018999
Katowice Koszutka,ul. Brzozowa,6,140,860000,6143,bez pośredników,,30,https://adresowo.pl/o/mieszkanie-katowice-koszutka-ul-brzozowa-6-pokojowe-m0h4x7,https://s2.adresowa.pl/oi/59/33/20aa52_aa6a_cover@2x-6-pokojowe-mieszkanie-katowice-koszutka-ul-brzozowa.webp,Katowice Koszutka,Brzozowa,2,1940,kamienica,,Witam serdecznie Sprzedam 2 lokale mieszkalne każde po 70m2 w Katowicach ul Brzozowa 10 Pierwszy lokal 2 piętro a drugi suterena z oknami w każdym pomieszczeniu po kapitalnym remoncie Inwestycja Roczny dochód 55.000 z lokatorami Lokale są bezczynszowe. Jedna księga wieczysta. Dodatkowo możliwość dokupienia działki około 210 m2 ogródek - dzialka granicząca z budynkiem Ogłoszenie Prywatne. Serdecznie zapraszam,tak,,,,własność,,50.27,19.031
Katowice Śródmieście,ul. Barbary,2,45,320000,7111,bez pośredników,,9,https://adresowo.pl/o/mieszkanie-katowice-srodmiescie-ul-barbary-2-pokojowe-a7l5j1,https://s2.adresowa.pl/oi/36/2f/324a66_d2f7_cover@2x-2-pokojowe-mieszkanie-katowice-srodmiescie-ul-barbary.webp,Katowice Śródmieście,Barbary,parter,1970,kamienica,,"Mieszkanie składa się z 2 pokoi: pokój dzienny, sypialnia, kuchnia, łazienka (wyremontowana z kabiną prysznicową), przedpokoju. Mieszkanie po remoncie (parkiet, kafle, odmalowane ściany); wymienione wszystkie instalacje oraz okna; nowa kuchnia wraz ze sprzętem kuchennym (płyta, zlew z baterią, lodówka); ogrzewanie własne gazowe. W bliskim sąsiedztwie znajduje się: - sklep, - Akademia Wychowania Fizycznego, - przystanek autobusowy oraz tramwajowy. Przed kamienicą znajdują się miejsca parkingowe.",,,,,własność,Wyposażenie: lodówka,50.250999,19.006001
Katowice os. Tysiąclecia,ul. Piastów,2,43,419000,9744,bez pośredników,,8,https://adresowo.pl/o/mieszkanie-katowice-os-tysiaclecia-ul-piastow-2-pokojowe-g3y2q2,https://s2.adresowa.pl/oi/4e/6f/41422c_406f_cover@2x-2-pokojowe-mieszkanie-katowice-os-tysiaclecia-ul-piastow.webp,Katowice os. Tysiąclecia,Piastów,4,,blok,,"Witam, Na sprzedaż mieszkanie narożne 43.40 m² z wyodrębnioną własnością i założoną księgą wieczystą, ulokowane na Osiedlu Tysiąclecia w Katowicach. Piętro 4. Budynek oczywiście z dwoma windami. Do mieszkania posiadam operat wykonany przez biegłego sądowego z wskazaną wartością mieszkania, dlatego cena nie jest urwana z kosmosu. Od osoby prywatnej, żadnych pośredników. Bardzo dobra lokalizacja w otoczeniu przystanków komunikacji miejskiej, szkół, przedszkoli, sklepów oraz Parku Śląskiego. Okna z widokiem na Park Śląski. Mieszkanie pierwsze na klatce schodowej, bez bezpośredniego sąsiada za ścianą, co daje dodatkowy komfort. Mieszkanie sąsiaduje bezpośrednio tylko z suszarnią. Przedpokój, łazienka, salon, sypialnia z balkonem oraz duża, ustawna kuchnia. Ogrzewanie centralne z budynku. Dodatkowo do użytku jest osobna, zamykana piwnica. Parking ze szlabanem dla mieszkańców. Mieszkanie czynszowe, ewentualnie możliwość założenia własnego zrzeszenia z innymi lokatorami, ponieważ jest wyodrębniona własność. Mieszkanie po remoncie, m.in.: - cała instalacja elektryczna, gazowa, kanalizacyjna. - drzwi antywłamaniowe. - piecyk gazowy (ciepła woda). - płyty regipsowe z gładziami. - malowane na biało. - nowe panele z listwami przypodłogowymi. - kafelki w łazience. Mieszkanie jednym słowem gotowe do aranżacji pod siebie. Osoby chętne mogą zobaczyć mieszkanie na dniu otwartym w każdą niedzielę (godzina do umówienia telefonicznie). Dla osoby zdecydowanej przedstawię 68-stronicowy operat ze zdjęciami z remontu i pełną ekspertyzą niezależnego biegłego sądowego. Cena do delikatnej negocjacji. Więcej zdjęć chętnie wyślę na e-mail. Zapraszam do kontaktu w razie pytań. W ogłoszeniu podany numer do Agnieszki. Ewentualnie numer do Rafał (2 nr kontaktowy)",tak,,,,,,50.274619,18.986287
Katowice Zawodzie,al. Walentego Roździeńskiego,3,55,440000,8000,bez pośredników,,8,https://adresowo.pl/o/mieszkanie-katowice-zawodzie-al-walentego-rozdzienskiego-3-pokojowe-n0h6o6,https://s2.adresowa.pl/oi/62/31/41412e_94a8_cover@2x-3-pokojowe-mieszkanie-katowice-zawodzie-al-walentego-rozdzienskiego.webp,Katowice Zawodzie,Walentego Roździeńskiego,24,1980,blok,,"Na sprzedaż przestronne i jasne mieszkanie o powierzchni 55 m², położone przy Al. Roździeńskiego w Katowicach, na popularnym osiedlu Gwiazdy. Mieszkanie znajduje się na 24. piętrze, dzięki czemu oferuje piękny, panoramiczny widok na Katowice i okolicę. W skład mieszkania wchodzą: 2 sypialnie, salon, osobna kuchnia, łazienka, osobne WC. Dodatkowym atutem jest komórka lokatorska znajdująca się bezpośrednio obok mieszkania, co zapewnia wygodny i łatwy dostęp do dodatkowej przestrzeni do przechowywania. Wnętrza są jasne, przestronne i funkcjonalne, dzięki czemu mieszkanie daje wiele możliwości aranżacyjnych i może być dostosowane zarówno do potrzeb rodziny, jak i inwestora. Osiedle Gwiazdy to lokalizacja zapewniająca wygodny dostęp do infrastruktury miejskiej. W najbliższej okolicy znajdują się: liczne sklepy i punkty usługowe, uczelnie, przystanki komunikacji miejskiej, tereny zielone, parki i place zabaw. Mieszkanie sprawdzi się również jako inwestycja. Mieszkanie przez około 10 lat było wynajmowane i przez cały ten okres nie było problemu ze znalezieniem najemców. Lokalizacja oraz układ mieszkania sprawiają, że może być interesującą propozycją również dla osób poszukujących nieruchomości pod wynajem. Zapraszam do kontaktu i obejrzenia mieszkania na żywo po wcześniejszym umówieniu się na dogodny dla obu stron termin.",tak,,osobna,,własność,,50.270233,19.06107
Katowice Dąb,ul. Bracka,2,40,zapytaj,,bez pośredników,,+74 podobne oferty,https://adresowo.pl/o/mieszkanie-katowice-dab-ul-bracka-2-pokojowe-h7h5f2,https://s2.adresowa.pl/development/674270/nowe-mieszkania-bracka-vita-625b_cover.jpg,Katowice Dąb,Bracka,6,2028,blok,,"Nowe mieszkanie 2-pokojowe o powierzchni 40,31 m² w inwestycji Bracka Vita dewelopera DEVELIA, na 6 piętrze w budynku 20 pod adresem ul. Bracka 20, Katowice Dąb. Planowany termin oddania to III kwartał 2028 roku. Bracka Vita Bracka Vita to nowoczesna inwestycja mieszkaniowa przy ul. Brackiej 20 w katowickiej dzielnicy Dąb, w sąsiedztwie Parku Śląskiego. Projekt łączy miejski charakter lokalizacji z bliskością zieleni, a architektura nawiązuje do industrialnej historii dawnej Huty Baildon. W pierwszym etapie zaplanowano około 132 mieszkań o powierzchni od ok. 38 do ok. 110 m², z układami od 2 do 5 pokoi. Atuty inwestycji: • Sąsiedztwo Parku Śląskiego i terenów zielonych. • Loggie lub tarasy oraz duże, dobrze doświetlone okna. • Zielone patia z ogrodem sensorycznym i strefami rekreacji. • Dogodna komunikacja – tramwaj, DTŚ i ścieżki rowerowe. • Lokale usługowe na terenie inwestycji. • Bliskość Silesia City Center, Spodka i Stadionu Śląskiego. Terminy realizacji: III/IV kw. 2028r. Niniejszy materiał nie stanowi oferty w rozumieniu Kodeksu cywilnego i ma charakter wyłącznie informacyjny. Szczegóły inwestycji oraz pełna oferta dostępne są na stronie internetowej: https://develia.pl/pl/",,,aneks,,własność,Wyposażenie: internet,50.269253,18.993573
Katowice Piotrowice,ul. Armii Krajowej,2,39,469000,12026,Pośrednik,,5,https://adresowo.pl/o/mieszkanie-katowice-piotrowice-ul-armii-krajowej-2-pokojowe-b6u6p5,https://s2.adresowa.pl/oi/30/3c/413fb4_347a_cover@2x-2-pokojowe-mieszkanie-katowice-piotrowice-ul-armii-krajowej.webp,Katowice Piotrowice,Armii Krajowej,parter,,blok,,"Na sprzedaż: jasne i funkcjonalne mieszkanie z balkonem – Katowice, ul. Armii Krajowej. Szukasz komfortowego mieszkania w spokojnej, a jednocześnie świetnie skomunikowanej części Katowice? Ta oferta może być dokładnie tym, czego potrzebujesz – zarówno do zamieszkania, jak i jako pewna inwestycja pod wynajem. Najważniejsze informacje: - Powierzchnia: 38,5 m² - Stan prawny: pełna własność - Dostępność: od zaraz - Klucze w biurze – szybkie prezentacje Funkcjonalny układ: - ustawna sypialnia – idealna dla pary lub najemcy - salon z aneksem kuchennym i wyjściem na balkon - łazienka z WC - duży balkon z widokiem na zieleń Mieszkanie jest jasne, dobrze doświetlone i daje duże możliwości aranżacyjne. Dodatkowym atutem jest świetlik w kuchni. Standard i udogodnienia: - zadbany blok - czysta klatka schodowa zabezpieczona domofonem - kameralne osiedle ze szlabanem - liczne miejsca postojowe dla mieszkańców Koszty: - niski czynsz - dodatkowo: tylko prąd Największe atuty: - ostatnie piętro – cisza i brak sąsiadów nad głową - świetny układ – maksymalne wykorzystanie przestrzeni - dużo światła dziennego - idealne pod inwestycję – duży popyt na wynajem w tej okolicy - spokojna okolica z zielenią Lokalizacja:Ulica Armii Krajowej to jedna z bardziej komfortowych lokalizacji do życia w Katowicach. W pobliżu znajdziesz: - sklepy i markety - przystanki komunikacji miejskiej - szkoły i usługi - tereny rekreacyjne Zadzwoń i umów się na prezentację Treść ogłoszenia nie stanowi oferty handlowej w rozumieniu przepisów Kodeksu Cywilnego i może ulec zmianie. Notus Finanse S.A.",,,,plastikowe,,,50.198484,18.977377
Katowice Śródmieście,ul. ks. kard. Bolesława Kominka,2,38,389000,10237,Pośrednik,,10,https://adresowo.pl/o/mieszkanie-katowice-srodmiescie-ul-ks-kard-boleslawa-kominka-2-pokojowe-e6k7r1,https://s2.adresowa.pl/oi/3e/5a/413258_845f_cover@2x-2-pokojowe-mieszkanie-katowice-srodmiescie-ul-ks-kard-boleslawa-kominka.webp,Katowice Śródmieście,ks. kard. Bolesława Kominka,1,,blok,,"Katowice Centrum ul. Kominka // 2 pokoje + balkon + piwnica Doskonałe pod wynajem jak i do zamieszkania WE SPEAK ENGLISH Mamy przyjemność zaprezentować Państwu ofertę 2 pokojowego mieszkania do wejścia w centrum Katowic. Mieszkanie znajduje się na 1 piętrze w 10 piętrowym bloku po termomodernizacji z windą przy ulicy Bolesława Kominka. MIESZKANIE SKŁADA SIĘ Z: - dwóch niezależnych pokoi - oddzielnej, widnej kuchni - łazienki z wc Dodatkowo do mieszkania przynależy piwnica. STANDARD/INORMACJE DODATKOWE: - Możliwość zakupu na kredyt - Mieszkanie z założoną księgą wieczystą - Odświeżone pokoje i parkiety, w pełni umeblowane i wyposażone, nie wymaga nakładów finansowych - Centralne ogrzewanie - Ciepła woda z piecyka gazowego - Okna PCV od strony cichego podwórka - Wymienione piony wodno - kanalizacyjne, ocieplony blok - Czynsz: ok. 800zł z zaliczkami na CO, wodę, fundusz remontowy przy zamieszkujących 2 osobach - Zarządca SM ""Górnik"" UWAGA: Dla wszystkich naszych klientów którzy zdecydują się na zakup nieruchomości mamy prezent w postaci karty rabatowej firmy Bel-Pol LOKALIZACJA: Kilka minut pieszo od AWF, ASP, UE - idealna lokalizacja dla studentów. Lokalizacja świetnie skomunikowana z pozostałymi częściami Katowic, jak i z miastami ościennymi - blisko wyjazdu na A4. W najbliższej okolicy pełna infrastruktura handlowo-usługowa oraz miejsca do wypoczynku - min. Park Kościuszki. KREDYT Niezależni doradcy kredytowi, z którymi współpracujemy pomagają we wszelkich formalnościach związanych z uzyskaniem kredytu na zakup nieruchomości. Bezpłatna konsultacja, sprawdzenie zdolności, przedstawienie najkorzystniejszych opcji spośród ofert różnych banków. Przeprowadzimy cały proces realizacji kredytu i zakupu nieruchomości. Zapraszamy do kontaktu! Treść niniejszego ogłoszenia nie stanowi oferty handlowej w rozumieniu Kodeksu Cywilnego.",,,,,własność,,50.264892,19.023782
Katowice Piotrowice,ul. Karola Szymanowskiego,3,61,639000,10475,bez pośredników,,12,https://adresowo.pl/o/mieszkanie-katowice-piotrowice-ul-karola-szymanowskiego-3-pokojowe-b0z7f9,https://s2.adresowa.pl/oi/12/62/4140e4_c0eb_cover@2x-3-pokojowe-mieszkanie-katowice-piotrowice-ul-karola-szymanowskiego.webp,Katowice Piotrowice,Karola Szymanowskiego,1,,blok,,"Dom posiada dwa odrębne, nowoczesne, świeżo wyremontowane mieszkania, przestronną klatkę schodową z drzwiami antywłamaniowymi, a także dwie odrębne, duże komórki lokatorskie po jednej dla każdego mieszkania i poddasze użytkowe na wyłączność dla mieszkania z tego ogłoszenia, a także miejsca parkingowe na ogrodzonym terenie przypisane do każdego z mieszkań. Teren budynku jest ogrodzony, monitorowany. Mieszkanie jest wykończone w wysokim standardzie, umeblowanie pozwala na wprowadzenie się bez ponoszenia dodatkowych kosztów. Energooszczędne ogrzewanie podłogowe, oświetlenie led. Świetna lokalizacja - cisza i spokój, dużo zieleni, a jednocześnie bliskość sklepów, przedszkoli, poczty, przychodni i przystanków autobusowych.",tak,,,plastikowe,własność,,50.206338,18.966798
Katowice Ligota,ul. Piotrowicka,2,54,619000,11463,bez pośredników,,11,https://adresowo.pl/o/mieszkanie-katowice-ligota-ul-piotrowicka-2-pokojowe-q2n9l3,https://s2.adresowa.pl/oi/7e/51/4140c0_3d15_cover@2x-2-pokojowe-mieszkanie-katowice-ligota-ul-piotrowicka.webp,Katowice Ligota,Piotrowicka,parter,,blok,,"Największym atutem nieruchomości jest prywatny ogród o powierzchni około 50 m², dostępny bezpośrednio z mieszkania. Duże przeszklenia i wyjście na taras sprawiają, że część mieszkalna naturalnie łączy się z ogrodem. To propozycja dla osób, które chcą mieszkać w mieście, a jednocześnie mieć własną zieloną przestrzeń do wypoczynku. Mieszkanie jest obecnie nieumeblowane, dzięki czemu nowy właściciel może od razu zaaranżować wnętrze według własnych potrzeb. Kuchnia jest wyposażona w zabudowę oraz sprzęt AGD - kuchenkę z piekarnikiem, okap i zmywarkę. Łazienka jest przestronna, utrzymana w neutralnej szaro-białej kolorystyce. Znajduje się w niej duża kabina prysznicowa, umywalka z szafką, lustro, wysoka szafka oraz grzejnik drabinkowy. Do mieszkania przynależą również komórka lokatorska o powierzchni ok. 4 m² oraz miejsce postojowe w garażu podziemnym. Najważniejsze informacje: - powierzchnia mieszkania: ok. 54 m² - parter - prywatny ogród: ok. 50 m² - taras i bezpośrednie wyjście do ogrodu - duże przeszklenia - wyposażona kuchnia - duża łazienka z kabiną prysznicową - komórka lokatorska ok. 4 m² - miejsce postojowe w garażu podziemnym - Osiedle Książęce, Katowice - mieszkanie dostępne do własnej aranżacji Ogród jest częściowo osłonięty zielenią. Można urządzić w nim strefę wypoczynkową z meblami ogrodowymi, miejsce do grillowania czy bezpieczną przestrzeń dla dziecka. Mieszkanie może być dobrym rozwiązaniem zarówno do zamieszkania, jak i jako nieruchomość inwestycyjna pod wynajem. Cena mieszkania: 619 000 zł Miejsce w garażu podziemnym: w cenie Komórka lokatorska: w cenie Zapraszam do kontaktu i umówienia prezentacji.",tak,tak,,drewniane,własność,"Wyposażenie: kuchenkę, piekarnik, zmywarkę",50.226083,18.969948
Katowice Brynów,ul. Ceglana,2,36,zapytaj,,bez pośredników,,+39 podobnych ofert,https://adresowo.pl/o/mieszkanie-katowice-brynow-ul-ceglana-2-pokojowe-v7b4w3,https://s2.adresowa.pl/development/561699/nowe-mieszkania-ceglana-park-911c_cover.jpg,Katowice Brynów,Ceglana,1,2027,blok,,"Nowe mieszkanie 2-pokojowe o powierzchni 36,50 m² w inwestycji Ceglana Park dewelopera DEVELIA, na 1 piętrze pod adresem ul. Ceglana, Katowice Brynów. Planowany termin oddania to I kwartał 2027 roku. Ceglana Park – zielone osiedle w sercu Katowic Ceglana Park to inwestycja, która łączy wygodę miejskiego życia z bliskością natury. Niska zabudowa, tereny zielone i starannie zaprojektowane przestrzenie wspólne tworzą kameralne miejsce, w którym można komfortowo mieszkać, odpoczywać i cieszyć się spokojem na co dzień. Atuty inwestycji: - Niemal 50% osiedla stanowią tereny zielone - Tężnia solankowa, staw i alejki spacerowe - Place zabaw i przestrzenie rekreacyjne - Niska zabudowa i kameralny charakter inwestycji - Bliskość Parku Kościuszki i Katowickiego Parku Leśnego - Dogodna komunikacja z centrum Katowic Terminy realizacji: Etap 7 – IV kwartał 2025 Etap 8 – I kwartał 2027 Etap 9 – I kwartał 2027 ________________________________________ Niniejszy materiał nie stanowi oferty w rozumieniu Kodeksu cywilnego i ma charakter wyłącznie informacyjny. Szczegóły inwestycji oraz pełna oferta dostępne są na stronie internetowej: https://develia.pl/pl/",,,,,własność,Wyposażenie: internet,50.244218,19.016307
Katowice Brynów,ul. Nasypowa,2,37,525000,14189,Pośrednik,,13,https://adresowo.pl/o/mieszkanie-katowice-brynow-ul-nasypowa-2-pokojowe-i0c2h1,https://s2.adresowa.pl/oi/4b/2b/411fd6_a7f4_cover@2x-2-pokojowe-mieszkanie-katowice-brynow-ul-nasypowa.webp,Katowice Brynów,Nasypowa,3,2019,apartamentowiec,,"Apartament Katowice Brynów 2 pokoje, podziemny garaż Mieszkanie o powierzchni 37,77m2 usytuowane na 3 piętrze 4 piętrowego apartamentowca (dostępna winda) w dzielnicy Brynów ul. Nasypowa (osiedle monitorowane). Budynek z 2019r. Mieszkanie składa się z salonu z aneksem kuchennym, sypialni, przedpokoju, łazienki z umywalką, prysznicem i toaletą oraz balkonu. Na podłogach panele. Ściany w gładziach. Łazienka w płytkach i glazurze. Mieszkanie w pełni umeblowane i wyposażone; Salon: sofa z funkcją spania, stolik kawowy, szafka RTV, 2 szafki z witryną Sypialnia: łóżko dwuosobowe, duża szafa, 2 szafki nocne Kuchnia: płyta ceramiczna, piekarnik, lodówka z zamrażarką, zmywarka, stół, 4 krzesła). Łazienka: kabina prysznicowa, podwieszana toaleta, pralka, szafka. Centralne ogrzewanie i ciepła woda z sieci miejskiej. Mieszkanie bez gazu. Do mieszkania przynależy miejsce postojowe w podziemnej hali garażowej. Czynsz z opłatą za garaż 610,-zł. Do mieszkania przynależy miejsce postojowe w podziemnym parkingu w cenie 50.000,-zł. Bardzo dobre skomunikowanie z centrum Katowic oraz z drogami wylotowymi z miasta (trasa w kierunku na Wisłę i Cieszyn oraz autostrada Kraków - Wrocław). Blisko przystanki miejskich autobusów i tramwaju (Centrum Przesiadkowe Brynów). W pobliżu sklepy osiedlowe, markety (Stokrotka, Aldi) i galeria Libero. W niedalekiej odległości tereny rekreacyjne: Park Kościuszki (ok. 1.900 m), Katowicki Park Leśny (ok. 900m). Powyższa oferta nie stanowi oferty handlowej w rozumieniu przepisów Kodeksu Cywilnego oraz innych właściwych przepisów prawnych i winna być interpretowana wyłącznie jak informacja",,tak,aneks,plastikowe,własność,"Wyposażenie: lodówka, piekarnik, pralka, tv, zmywarka",50.228005,18.990314
Katowice Śródmieście,al. Wojciecha Korfantego,2,47,340000,7234,Pośrednik,,9,https://adresowo.pl/o/mieszkanie-katowice-srodmiescie-al-wojciecha-korfantego-2-pokojowe-x4w5v4,https://s2.adresowa.pl/oi/57/45/411da0_46ce_cover@2x-2-pokojowe-mieszkanie-katowice-srodmiescie-al-wojciecha-korfantego.webp,Katowice Śródmieście,Wojciecha Korfantego,11,,kamienica,,"Katowice Centrum Korfantego - Superjednostka | 2 pokoje | 47 m2 + balkon ! + Parking + Portier + Obsługa techniczna 24/7 WE SPEAK ENGLISH TOP LOKALIZACJA! DOSKONAŁE POD WYNAJEM! Zapraszamy do zapoznania się z ofertą 2 pokojowego mieszkania z balkonem zlokalizowanego w katowickiej Superjednostce przy al. Korfantego. Mieszkanie o powierzchni 47 m2 znajduje się na 11 piętrze w 15 piętrowym ocieplonym bloku z czterema windami. MIESZKANIE SKŁADA SIĘ Z: - Przechodniego salonu z wyjściem na balkon - Mniejszego pokoju - Kuchni - Przedpokoju - pomieszczenia pełniącego funkcję garderoby - Komórki w mieszkaniu - Łazienki z wc + balkonu Parking dla mieszkańców zabezpieczony szlabanem (wjazd na kartę magnetyczną) SZCZEGOŁY OFERTY: - Możliwość zakupu na kredyt! - Wymaga remontu - Ogrzewanie z sieci miejskiej - Ciepła woda podgrzewana piecykiem gazowym - Wymienione piony wodno-kanalizacyjne - Czynsz: ok. 800 zł ( z zaliczkami m.in. na CO i wodę) - Budynek ocieplony- po termomodernizacji - Topowa lokalizacja! Mieszkania chętnie wynajmowane przez studentów LOKALIZACJA: Ścisłe centrum miasta, bliskość uczelni i punktów handlowo-usługowych. Dodatkowo, Katowice to dynamiczne rozwijające się miasto pełne możliwości kultura, rozrywka, edukacja i świetna komunikacja z innymi częściami regionu. Mieszkanie w tym miejscu to doskonała inwestycja. MOGĄ PAŃSTWO LICZYĆ NA: - bezpłatną konsultacje z niezależnym doradcą kredytowym; - bezpieczeństwo transakcji; - pomoc w załatwieniu formalności i skompletowaniu dokumentów niezbędnych do transakcji; - współpracę z najlepszymi notariuszami. Nasza firma specjalizuje się w kompleksowej obsłudze zarówno Polaków jak i obcokrajowców. Jesteśmy z Państwem na każdym etapie procesu zakupu, sprzedaży czy wynajmu nieruchomości począwszy od wyboru oferty i jej prezentacji po finalizację transakcji i przekazanie nieruchomości nowym właścicielom. KREDYT Niezależni doradcy kredytowi, z którymi współpracujemy pomagają we wszelkich formalnościach związanych z uzyskaniem kredytu na zakup nieruchomości. Bezpłatna konsultacja, sprawdzenie zdolności, przedstawienie najkorzystniejszych opcji spośród ofert różnych banków. Przeprowadzimy cały proces realizacji kredytu i zakupu nieruchomości. Zapraszamy do kontaktu! Treść niniejszego ogłoszenia nie stanowi oferty handlowej w rozumieniu Kodeksu Cywilnego.",,,,,własność,,50.26355,19.02113
Katowice Ligota,ul. Warmińska,2,47,389000,8277,bez pośredników,,12,https://adresowo.pl/o/mieszkanie-katowice-ligota-ul-warminska-2-pokojowe-m2p0u7,https://s2.adresowa.pl/oi/54/24/41409a_8a63_cover@2x-2-pokojowe-mieszkanie-katowice-ligota-ul-warminska.webp,Katowice Ligota,Warmińska,1,,blok,,"Na sprzedaż funkcjonalne, 2-pokojowe mieszkanie o powierzchni 47,47 m², położone przy ul. Warmińskiej w Katowicach-Ligocie, nieopodal ul. Medyków i Śląskiego Uniwersytetu Medycznego. Mieszkanie znajduje się na bardzo wygodnym 1. piętrze niskiego, 4-piętrowego bloku po termomodernizacji. Dużymi atutami nieruchomości są balkon, dwa niezależne pokoje, osobna kuchnia z oknem, łazienka z oknem, ogrzewanie miejskie oraz funkcjonalny układ pomieszczeń. UKŁAD MIESZKANIA Na powierzchnię 47,47 m² składają się: - przestronny salon z bezpośrednim wyjściem na balkon, - drugi, ustawny pokój, - osobna, widna kuchnia z oknem, - łazienka z WC i oknem, - przedpokój z miejscem do przechowywania. Do mieszkania przynależy również piwnica. Mieszkanie ma funkcjonalny układ, a duże okna zapewniają dostęp naturalnego światła. Z okien rozciąga się widok na zieleń. STAN MIESZKANIA Mieszkanie jest w stanie użytkowym i może być zamieszkane od razu, jednocześnie daje nowemu właścicielowi możliwość stopniowej modernizacji i aranżacji według własnych potrzeb. Ogrzewanie miejskie. Budynek przeszedł termomodernizację. OPŁATY Opłaty administracyjne wynoszą obecnie około 828 zł miesięcznie i obejmują m.in. fundusz remontowy oraz zaliczkę na centralne ogrzewanie. Opłaty za wodę oraz gospodarowanie odpadami zależą od zużycia i liczby zgłoszonych osób. LOKALIZACJA Mieszkanie znajduje się przy ul. Warmińskiej w Katowicach-Ligocie, nieopodal ul. Medyków, Śląskiego Uniwersytetu Medycznego oraz szpitali klinicznych. Lokalizacja jest dogodna zarówno dla osób szukających mieszkania dla siebie, jak i dla kupujących rozważających w przyszłości wynajem nieruchomości. W pobliżu znajdują się sklepy, punkty usługowe, przystanki komunikacji miejskiej oraz stacja kolejowa Katowice Ligota. Niedaleko znajdują się również tereny zielone i Lasy Panewnickie. NAJWAŻNIEJSZE INFORMACJE Powierzchnia: 47,47 m² Liczba pokoi: 2 Piętro: 1/4 Balkon: tak Piwnica: tak Kuchnia: osobna, z oknem Łazienka: z WC i oknem Ogrzewanie: miejskie Budynek: po termomodernizacji Winda: brak Opłaty administracyjne: ok. 828 zł Stan: użytkowy, z możliwością modernizacji Stan prawny: spółdzielcze własnościowe prawo do lokalu CENA: 389 000 zł ok. 8 216 zł/m² Zapraszam do kontaktu i umówienia się na prezentację mieszkania.",tak,,osobna,,spółdzielcze własnościowe,,50.222477,18.960456
Katowice Ligota,ul. Koszalińska,1,31,330000,10645,bez pośredników,,13,https://adresowo.pl/o/mieszkanie-katowice-ligota-ul-koszalinska-1-pokoj-h2y0p9,https://s2.adresowa.pl/oi/3a/11/413fda_9680_cover@2x-1-pokojowe-mieszkanie-katowice-ligota-ul-koszalinska.webp,Katowice Ligota,Koszalińska,1,2015,blok,,"Oferuję na sprzedaż mieszkanie o powierzchni 31 m² w Ligocie-Panewnikach. Znajduje się na pierwszym piętrze dziesięciopiętrowego bloku z wielkiej płyty - pełna termoizolacja ścian bloku wykonana w zeszłym roku. Mieszkanie jest w stanie do zamieszkania i zawiera niezbędne wyposażenie, w tym meble, pralkę, lodówkę oraz kuchenkę. Do dyspozycji jest również balkon oraz piwnica. W budynku jest winda, a ogrzewanie miejskie zapewnia komfort w zimowe dni. Mieszkanie znajduje się w niebywale cichej i spokojnej okolicy. Bardzo blisko do Uniwersytetu Medycznego, akademików UŚ, w pobliżu park Zadole, trasa drogowa ""Wiślanka"", bardzo dobrze skomunikowane autobusowo z centrum miasta, blisko przedszkole, szkoła podstawowa i liceum. Mieszkanie było remontowane kilka lat temu - aktualnie nie wymaga wkładu finansowego. Lokalizacja jest bardzo atrakcyjna. W pobliżu znajdują się liczne sklepy oraz punkty usługowe. Do dyspozycji są: - przystanki komunikacji miejskiej - szkoły podstawowe i przedszkola - parki i tereny zielone, takie jak Plac Miast Partnerskich - restauracje oraz kawiarnie, w tym Bar RIWIERA i Cafe Bordo. To idealne miejsce dla osób ceniących wygodę i dostęp do wszelkich udogodnień. Nie przegap tej okazji! Skontaktuj się, aby umówić się na prezentację. UWAGA - mieszkanie będzie dostępne do zamieszkania od grudnia 2026r.",tak,,,plastikowe,własność,"Wyposażenie: kuchenkę, lodówkę, pralkę",50.2236,18.972203
Katowice Dąb,ul. Bracka,3,58,zapytaj,,bez pośredników,,+33 podobne oferty,https://adresowo.pl/o/mieszkanie-katowice-dab-ul-bracka-3-pokojowe-w1c2p6,https://s2.adresowa.pl/development/674270/nowe-mieszkania-bracka-vita-625b_cover.jpg,Katowice Dąb,Bracka,15,2028,blok,,"Nowe mieszkanie 3-pokojowe o powierzchni 58,47 m² w inwestycji Bracka Vita dewelopera DEVELIA, na 15 piętrze w budynku 20 pod adresem ul. Bracka 20, Katowice Dąb. Planowany termin oddania to III kwartał 2028 roku. Bracka Vita Bracka Vita to nowoczesna inwestycja mieszkaniowa przy ul. Brackiej 20 w katowickiej dzielnicy Dąb, w sąsiedztwie Parku Śląskiego. Projekt łączy miejski charakter lokalizacji z bliskością zieleni, a architektura nawiązuje do industrialnej historii dawnej Huty Baildon. W pierwszym etapie zaplanowano około 132 mieszkań o powierzchni od ok. 38 do ok. 110 m², z układami od 2 do 5 pokoi. Atuty inwestycji: • Sąsiedztwo Parku Śląskiego i terenów zielonych. • Loggie lub tarasy oraz duże, dobrze doświetlone okna. • Zielone patia z ogrodem sensorycznym i strefami rekreacji. • Dogodna komunikacja – tramwaj, DTŚ i ścieżki rowerowe. • Lokale usługowe na terenie inwestycji. • Bliskość Silesia City Center, Spodka i Stadionu Śląskiego. Terminy realizacji: III/IV kw. 2028r. Niniejszy materiał nie stanowi oferty w rozumieniu Kodeksu cywilnego i ma charakter wyłącznie informacyjny. Szczegóły inwestycji oraz pełna oferta dostępne są na stronie internetowej: https://develia.pl/pl/",,,aneks,,własność,Wyposażenie: internet,50.269253,18.993573
Katowice Koszutka,ul. Morwowa,2,34,275000,8088,Pośrednik,,10,https://adresowo.pl/o/mieszkanie-katowice-koszutka-ul-morwowa-2-pokojowe-e6g9p2,https://s2.adresowa.pl/oi/2f/29/41033a_275a_cover@2x-2-pokojowe-mieszkanie-katowice-koszutka-ul-morwowa.webp,Katowice Koszutka,Morwowa,3,1969,blok,,"Katowice Koszutka ul. Morwowa / Wierzbowa - 2 pokoje / 34m2 WE SPEAK ENGLISH ŚWIETNA LOKALIZACJA IDEALNE ZARÓWNO POD WYNAJEM JAK I DO ZAMIESZKANIA Zapraszamy do zapoznania się z ofertą 2 pokojowego mieszkania o powierzchni 34 m2, w najatrakcyjniejszej dzielnicy Katowic - Koszutce. Nieruchomość znajduje się na 3 piętrze w 4 piętrowym, kameralnym bloku przy ulicy Morwowej / Wierzbowej. SKŁADA SIĘ Z: - salonu z wejściem do sypialni i kuchni - częściowo otwartej kuchni - łazienki z wc - przedpokoju DODATKOWO Do mieszkania przynależy piwnica. SZCZEGÓŁY OFERTY - Możliwość zakupu na kredyt - Mieszkanie ustawne i jasne - Wymienione piony wodno-kanalizacyjne - Mieszkanie z dużym potencjałem aranżacyjnym i inwestycyjnym - Okna PCV - Na podłogach nowe panele - Nowe drzwi wejściowe - Centralne ogrzewanie - Świeżo odmalowane, łazienka (bez glazury do skucia) i kuchnia do wykończenia - Ciepła woda z piecyka gazowego - Czynsz: 560zł z zaliczkami na CO i fundusz remontowy LOKALIZACJA Świetna lokalizacja! Wszędzie blisko! W pobliżu przystanki tramwajowe i autobusowe, spodek, sklepy, przychodnia, targowisko, szkoły, uczelnie, komfortowy wyjazd na DTŚ w kierunku Chorzowa i Sosnowca. MOGĄ PAŃSTWO LICZYĆ NA: - bezpłatną konsultację z niezależnym doradcą kredytowym; - bezpieczeństwo transakcji; - pomoc w załatwieniu formalności i skompletowaniu dokumentów niezbędnych do transakcji; - współpracę z najlepszymi notariuszami. Nasza firma specjalizuje się w kompleksowej obsłudze zarówno Polaków jak i obcokrajowców. Jesteśmy z Państwem na każdym etapie procesu zakupu, sprzedaży czy wynajmu nieruchomości począwszy od wyboru oferty i jej prezentacji po finalizację transakcji i przekazanie nieruchomości nowym właścicielom. KREDYT Niezależni doradcy kredytowi, z którymi współpracujemy pomagają we wszelkich formalnościach związanych z uzyskaniem kredytu na zakup nieruchomości. Bezpłatna konsultacja, sprawdzenie zdolności, przedstawienie najkorzystniejszych opcji spośród ofert różnych banków. Przeprowadzimy cały proces realizacji kredytu i zakupu nieruchomości. Zapraszamy na prezentację! Treść niniejszego ogłoszenia nie stanowi oferty handlowej w rozumieniu Kodeksu Cywilnego.",,,,plastikowe,własność,,50.27209,19.03024
Katowice Piotrowice,ul. Sowia,3,89,829000,9315,Pośrednik,,27,https://adresowo.pl/o/mieszkanie-katowice-piotrowice-ul-sowia-3-pokojowe-i8q6q9,https://s2.adresowa.pl/oi/3b/27/40f696_8db6_cover@2x-3-pokojowe-mieszkanie-katowice-piotrowice-ul-sowia.webp,Katowice Piotrowice,Sowia,1,2011,apartamentowiec,,"Na sprzedaż 3-pokojowe mieszkanie położone na zamkniętym, kameralnym osiedlu Miłe Zacisze przy ul. Sowiej w Katowicach. Lokal znajduje się na 1. piętrze niskiego budynku, składającego się jedynie z parteru i piętra. Okna wychodzą na trzy strony świata: południe, zachód oraz wschód, dzięki czemu mieszkanie jest dobrze doświetlone o różnych porach dnia. MIESZKANIE: Powierzchnia lokalu wynosi 83,26 m² . W jego skład wchodzą: duży salon połączony z aneksem kuchennym i częścią jadalnianą, sypialnia z prywatną łazienką wyposażoną w wannę, mały pokój, który może pełnić funkcję pokoju dziecięcego, gabinetu lub pokoju gościnnego, druga łazienka z kabiną prysznicową, przedpokój z miejscem do przechowywania. Z salonu prowadzi wyjście na balkon typu loggia ( 7,31 m² ). Drewniane panele zapewniają większą prywatność i osłonę przed intensywnym słońcem, a wielkość balkonu pozwala stworzyć tutaj przyjemną strefę wypoczynkową. Mieszkanie jest funkcjonalnie podzielone na część dzienną i prywatną. Duży salon stanowi centralną część wnętrza, natomiast sypialnia z własną łazienką zapewnia domownikom wygodę na co dzień. Jego układ, metraż oraz dwie łazienki dają bardzo dobrą bazę do stworzenia wnętrza dopasowanego do własnych potrzeb. DODATKOWE ATUTY okna na trzy strony świata: południe, zachód i wschód, rolety zewnętrzne, ogrzewanie podłogowe oraz grzejniki, balkon typu loggia, dwie łazienki dwie komórki lokatorskie - jedna tuż obok mieszkania, druga w hali garażowej, miejsce postojowe w hali garażowej, 1 i zarazem ostatnie piętro - niska zabudowa (kameralny budynek) i tylko cztery mieszkania w klatce schodowej, zamknięte osiedle. OPŁATY Czynsz administracyjny wynosi 1 371,41 zł i obejmuje m.in. zaliczki na centralne ogrzewanie, wodę, wywóz odpadów dla trzech osób oraz fundusz remontowy. CENA Cena mieszkania: 829 000 zł Miejsce postojowe w hali garażowej: 40 000 zł Łączna cena nieruchomości wraz z miejscem postojowym wynosi 869 000 zł. Zakup miejsca postojowego jest obligatoryjny. OSIEDLE I OTOCZENIE Miłe Zacisze to zamknięte osiedle położone w spokojnej części południowych Katowic, w otoczeniu niskiej zabudowy i domów jednorodzinnych. To propozycja dla osób, które chcą mieszkać z dala od ścisłego centrum, a jednocześnie zachować dostęp do miejskiej infrastruktury. W najbliższym otoczeniu znajdują się sklepy, punkty usługowe, placówki edukacyjne i przystanki komunikacji miejskiej. Dużym atutem dla rodzin jest położony niedaleko rozbudowany plac zabaw. Okolica sprzyja również spacerom i codziennemu wypoczynkowi. Zapraszam do kontaktu i umówienia prezentacji mieszkania. Oferta na wyłączność. Kupujący nie płaci prowizji - wynagrodzenie biura nieruchomości pokrywa Sprzedający. Pośrednik odpowiedzialny zawodowo za wykonanie umowy pośrednictwa: Monika Biały (licencja nr: 28989)",tak,tak,,plastikowe,własność,,50.199049,18.964424
Katowice Muchowiec,ul. gen. Władysława Sikorskiego,2,44,379000,8614,bez pośredników,,9,https://adresowo.pl/o/mieszkanie-katowice-muchowiec-ul-gen-wladyslawa-sikorskiego-2-pokojowe-f4w4z8,https://s2.adresowa.pl/oi/10/60/413f94_47ec_cover@2x-2-pokojowe-mieszkanie-katowice-muchowiec-ul-gen-wladyslawa-sikorskiego.webp,Katowice Muchowiec,gen. Władysława Sikorskiego,9,1976,blok,,"Sprzedaję mieszkanie o powierzchni 44 m² na 9. piętrze w bloku z wielkiej płyty. Nieruchomość jest w dobrym stanie, gotowa do zamieszkania. W wyposażeniu znajdziesz meble, lodówkę, kuchenkę oraz piekarnik. Mieszkanie ma balkon, piwnicę i oddzielną kuchnię. W budynku znajduje się winda oraz domofon. Lokalizacja to Osiedle Paderewskiego-Muchowiec w Katowicach. W okolicy znajdują się: - sklepy spożywcze oraz Centrum Handlowe ""3 Stawy"" - parki i tereny zielone - przystanki komunikacji miejskiej - szkoły podstawowe - żłobki i przedszkola Dzięki bliskości transportu publicznego, dojazd do centrum Katowic jest szybki i wygodny. W okolicy są również miejsca do aktywnego wypoczynku oraz usługi zdrowotne. Zapraszam do kontaktu, aby umówić się na prezentację mieszkania! !!! BEZ POŚREDNIKÓW !!!",tak,,osobna,plastikowe,,"Wyposażenie: kuchenkę, lodówkę, piekarnik",50.252394,19.037553
Katowice,Brynów,2,45,660000,14667,bez pośredników,,6,https://adresowo.pl/o/mieszkanie-katowice-brynow-2-pokojowe-45-m2-v7e6b0,https://s2.adresowa.pl/oi/4a/5f/413ef8_f041_cover@2x-2-pokojowe-mieszkanie-katowice-brynow.webp,Katowice Brynów,,3,2020,apartamentowiec,,"Mieszkanie 45m2 z dużym balkonem 6m2 i pięknym widokiem na staw na osiedlu Ceglana Park. Mieszkanie jest umeblowane. Do wykupienia również miejsce postojowe w garażu podziemnym za 55000 zł. Jest to jedna księga wieczysta - mieszkanie + garaż. Sprzedaż bez pośredników i prowizji. Biurom nieruchomości serdecznie dziękuję, więc szkoda czasu. W razie pytań proszę dzwonić/pisać.",,tak,,,,,50.236363,18.993464
Katowice Brynów,ul. Ceglana,3,55,zapytaj,,bez pośredników,,+28 podobnych ofert,https://adresowo.pl/o/mieszkanie-katowice-brynow-ul-ceglana-3-pokojowe-t0n8b4,https://s2.adresowa.pl/development/561699/nowe-mieszkania-ceglana-park-911c_cover.jpg,Katowice Brynów,Ceglana,parter,2027,blok,,"Nowe mieszkanie 3-pokojowe o powierzchni 55,74 m² w inwestycji Ceglana Park dewelopera DEVELIA, na parterze pod adresem ul. Ceglana, Katowice Brynów. Planowany termin oddania to I kwartał 2027 roku. Ceglana Park – zielone osiedle w sercu Katowic Ceglana Park to inwestycja, która łączy wygodę miejskiego życia z bliskością natury. Niska zabudowa, tereny zielone i starannie zaprojektowane przestrzenie wspólne tworzą kameralne miejsce, w którym można komfortowo mieszkać, odpoczywać i cieszyć się spokojem na co dzień. Atuty inwestycji: - Niemal 50% osiedla stanowią tereny zielone - Tężnia solankowa, staw i alejki spacerowe - Place zabaw i przestrzenie rekreacyjne - Niska zabudowa i kameralny charakter inwestycji - Bliskość Parku Kościuszki i Katowickiego Parku Leśnego - Dogodna komunikacja z centrum Katowic Terminy realizacji: Etap 7 – IV kwartał 2025 Etap 8 – I kwartał 2027 Etap 9 – I kwartał 2027 ________________________________________ Niniejszy materiał nie stanowi oferty w rozumieniu Kodeksu cywilnego i ma charakter wyłącznie informacyjny. Szczegóły inwestycji oraz pełna oferta dostępne są na stronie internetowej: https://develia.pl/pl/",,,,,własność,Wyposażenie: internet,50.244218,19.016307
Katowice Bogucice,ul. Karoliny,3,49,650000,13265,Pośrednik,,20,https://adresowo.pl/o/mieszkanie-katowice-bogucice-ul-karoliny-3-pokojowe-j0g4b5,https://s2.adresowa.pl/oi/69/6b/40e242_cb8e_cover@2x-3-pokojowe-mieszkanie-katowice-bogucice-ul-karoliny.webp,Katowice Bogucice,Karoliny,4,2021,blok,,"Eastate ma przyjemność zaoferować 3 pokojowe mieszkanie na Os. Karoliny. LOKALIZACJA: Największym atutem Os. Karoliny jest świetnie skomunikowana lokalizacja zapewniająca sprawny dostęp do centrum Katowic oraz najważniejszych punktów aglomeracji. W najbliższej okolicy znajduje się wszystko, czego potrzeba na co dzień – sklepy (Biedronka 100m), usługi, komunikacja miejska oraz miejsca sprzyjające aktywnemu wypoczynkowi MIESZKANIE I BUDYNEK: Oferowany lokal to komfortowe mieszkanie o powierzchni blisko 50 m², oferujące funkcjonalny układ 3 pokoi, w tym przestronny salon z aneksem kuchennym oraz wyjściem na duży balkon. Do dyspozycji mieszkańców jest również nowoczesna łazienka z wanną z funkcją prysznicu. Mieszkanie znajduje się na 4. piętrze w 7-piętrowym budynku z windą, wybudowanym w 2021 roku, na zamkniętym i zadbanym osiedlu. Lokal jest w pełni wyposażony w sprzęt AGD i gotowy do wprowadzenia. Dużym atutem jest położenie budynku jako ostatniego w zabudowie – okna nie wychodzą bezpośrednio na sąsiednie bloki, co zapewnia większą prywatność, poczucie przestrzeni i kameralną atmosferę. Ciepła woda jaki ogrzewanie - miejskie. Opłaty wliczone w czynsz Ze względu na układ jak i lokalizację mieszkanie będzie idealnym wyborem dla rodziny lub jako inwestycja. Mieszkania na tym osiedlu cieszą się dużą popularnością na rynku najmów długoterminowych. FINANSE: Cena - 650 000 PLN Czynsz - 750zł W Eastate Agency wspieramy klientów w sprzedaży, wynajmie i poszukiwaniach nieruchomości - zarówno na rynku wtórnym, pierwotnym, jak i komercyjnym. Pomagamy także w wyborze nieruchomości inwestycyjnych - pod wynajem lub długoterminowe lokowanie kapitału. Zajmujemy się również zarządzaniem najmem, a klientom finansującym zakup kredytem umożliwiamy bezpłatny kontakt z doradcą kredytowym.",,,,plastikowe,własność,,50.271128,19.038643
Katowice,ul. Braci Mniejszych,3,53,730000,13774,Pośrednik,,20,https://adresowo.pl/o/mieszkanie-katowice-ul-braci-mniejszych-3-pokojowe-v0f1g5,https://s2.adresowa.pl/oi/44/29/40e23e_2dd8_cover@2x-3-pokojowe-mieszkanie-katowice-ul-braci-mniejszych.webp,Katowice ,Braci Mniejszych,parter,2017,blok,,"Eastate ma przyjemność zaoferować 3 pokojowe mieszkanie z dużym ogródkiem. LOKALIZACJA: Os Franciszkańskie to lokalizacja która zapewnia doskonałe połączenie bliskości terenów zielonych z wygodnym dostępem do centrum Katowic – w sąsiedztwie znajdują się Las Panewnicki, ścieżki spacerowe i rowerowe oraz pełna infrastruktura handlowo-usługowa. Dodatkowym atutem jest szybki dojazd do autostrady A4 i dróg krajowych, a także dogodna komunikacja z centrum miasta i okolicznymi dzielnicami. MIESZKANIE I BUDYNEK: Oferowany lokal to funkcjonalne i w pełni wyposażone mieszkanie o powierzchni blisko 54 m², usytuowane na parterze nowoczesnego, 5-piętrowego budynku. Lokal składa się z salonu z aneksem kuchennym, dwóch niezależnych sypialni oraz łazienki. Mieszkanie jest w pełni umeblowane i po delikatnym odświeżeniu gotowe do zamieszkania. Kuchnia została wykonana w zabudowie i wyposażona w kompletny sprzęt AGD, a liczne szafy i zabudowy zapewniają dużą ilość miejsca do przechowywania, dzięki czemu przestrzeń jest wyjątkowo funkcjonalna. Do mieszkania przynależy komórka lokatorska, idealna do przechowywania rowerów, sprzętu sportowego czy sezonowych rzeczy. Największym atutem nieruchomości jest prywatny ogród o powierzchni ponad 100 m², ogrodzony. To doskonałe miejsce do wypoczynku, spotkań z rodziną i przyjaciółmi, zabawy z dziećmi czy relaksu przy porannej kawie, oferujące komfort porównywalny z własnym domem przy zachowaniu wszystkich zalet mieszkania. Prze budynkiem dostępna jest duża ilość ogólnodostępnych miejsc parkingowych FINANSE: Cena - 730 000PLN Czynsz - ok 1000-1100zł W Eastate Agency wspieramy klientów w sprzedaży, wynajmie i poszukiwaniach nieruchomości - zarówno na rynku wtórnym, pierwotnym, jak i komercyjnym. Pomagamy także w wyborze nieruchomości inwestycyjnych - pod wynajem lub długoterminowe lokowanie kapitału. Zajmujemy się również zarządzaniem najmem, a klientom finansującym zakup kredytem umożliwiamy bezpłatny kontakt z doradcą kredytowym.",tak,,,plastikowe,własność,,50.23196,18.964056
Katowice,Giszowiec,3,53,390000,7358,bez pośredników,,6,https://adresowo.pl/o/mieszkanie-katowice-giszowiec-3-pokojowe-53-m2-v5h4g5,https://s2.adresowa.pl/oi/10/12/413ae4_8cb1_cover@2x-3-pokojowe-mieszkanie-katowice-giszowiec.webp,Katowice Giszowiec,,1,,blok,,"Oferuję na sprzedaż mieszkanie o powierzchni 53,43 m², usytuowane na pierwszym piętrze bloku. Wnętrze utrzymane w jasnych kolorach, co sprawia, że jest przestronne i przyjemne. Mieszkanie jest do własnej aranżacji, co daje Ci możliwość stworzenia wymarzonej przestrzeni.",,,,,,,50.223999,19.065001
Katowice Brynów,ul. Warzywna,2,37,300000,8108,bez pośredników,,8,https://adresowo.pl/o/mieszkanie-katowice-brynow-ul-warzywna-2-pokojowe-x5n9w0,https://s2.adresowa.pl/oi/6f/2b/413ac6_5524_cover@2x-2-pokojowe-mieszkanie-katowice-brynow-ul-warzywna.webp,Katowice Brynów,Warzywna,parter,1963,blok,,"Bez pośredników! 300 tys. Na sprzedaż: Katowice Brynów Na sprzedaż 35m2 plus piwnica 2m2 w świetnej lokalizacji. Salon z aneksem kuchennym plus sypialnia. W mieszkaniu zostają wszystkie sprzęty AGD: lodówka, zmywarka, płyta indukcyjna, piekarnik oraz pralka. Mieszkanie znajduje się w cichej i zielonej okolicy przy pętli Brynowskiej. Mieszkanie jasne, przytulne, 7 lat temu przyszło generalny remont, łącznie z wymianą wszystkich instalacji. Ogrzewanie elektryczne na maty infra red. Obecnie został złożony wniosek do wspólnoty aby zamontować klimatyzatora z funkcją grzania. Parking tylko dla mieszkańców wspólnoty. Nigdy nie ma problemów z miejscem. Na piechotę: Lidl, Libero, Park Kościuszki, Muchowiec, Czynsz jedyne 270 zł Fliperom i biurom nieruchomości dziękuję! Zaprasza do kontaktu Małgorzata Kaczmarczyk",tak,tak,aneks,plastikowe,własność,"Wyposażenie: lodówka, piekarnik, pralka, zmywarka",50.224969,18.997003
Katowice Brynów,ul. Ceglana,1,33,zapytaj,,bez pośredników,,+1 podobna oferta,https://adresowo.pl/o/mieszkanie-katowice-brynow-ul-ceglana-1-pokoj-f6f9t9,https://s2.adresowa.pl/development/561699/nowe-mieszkania-ceglana-park-911c_cover.jpg,Katowice Brynów,Ceglana,2,2027,blok,,"Nowe mieszkanie 1-pokojowe o powierzchni 33,90 m² w inwestycji Ceglana Park dewelopera DEVELIA, na 2 piętrze pod adresem ul. Ceglana, Katowice Brynów. Planowany termin oddania to I kwartał 2027 roku. Ceglana Park – zielone osiedle w sercu Katowic Ceglana Park to inwestycja, która łączy wygodę miejskiego życia z bliskością natury. Niska zabudowa, tereny zielone i starannie zaprojektowane przestrzenie wspólne tworzą kameralne miejsce, w którym można komfortowo mieszkać, odpoczywać i cieszyć się spokojem na co dzień. Atuty inwestycji: - Niemal 50% osiedla stanowią tereny zielone - Tężnia solankowa, staw i alejki spacerowe - Place zabaw i przestrzenie rekreacyjne - Niska zabudowa i kameralny charakter inwestycji - Bliskość Parku Kościuszki i Katowickiego Parku Leśnego - Dogodna komunikacja z centrum Katowic Terminy realizacji: Etap 7 – IV kwartał 2025 Etap 8 – I kwartał 2027 Etap 9 – I kwartał 2027 ________________________________________ Niniejszy materiał nie stanowi oferty w rozumieniu Kodeksu cywilnego i ma charakter wyłącznie informacyjny. Szczegóły inwestycji oraz pełna oferta dostępne są na stronie internetowej: https://develia.pl/pl/",,,,,własność,Wyposażenie: internet,50.244218,19.016307
Katowice,ul. gen. Zygmunta Waltera Jankego,2,41,431000,10512,Pośrednik,,4,https://adresowo.pl/o/mieszkanie-katowice-ul-gen-zygmunta-waltera-jankego-2-pokojowe-s1q1j6,https://s2.adresowa.pl/oi/4d/5e/40c854_8138_cover@2x-2-pokojowe-mieszkanie-katowice-ul-gen-zygmunta-waltera-jankego.webp,Katowice ,gen. Zygmunta Waltera Jankego,3,2027,apartamentowiec,,"Nowoczesne mieszkania w zielonej i spokojnej części Katowic Zamieszkaj w miejscu, które łączy komfort życia w mieście z bliskością natury. Kameralna zabudowa, dużo zieleni oraz spokojne otoczenie tworzą idealne warunki zarówno do życia, jak i odpoczynku po pracy. To propozycja dla osób ceniących równowagę między wygodą a prywatnością. Dostępne są również lokale nieprezentowane w sieci. Atuty inwestycji:- Kameralne osiedle o nowoczesnej architekturze - Funkcjonalne układy mieszkań o zróżnicowanych metrażach - Duże przeszklenia zapewniające dobre doświetlenie wnętrz - Wysoki standard części wspólnych - Strefa dla mieszkańców (relaks / praca) - Siłownia i przestrzeń fitness - Sala zabaw dla dzieci oraz plac zabaw - Lokale usługowe na terenie osiedla - Garaż podziemny oraz miejsca naziemne - Monitoring i podwyższony standard bezpieczeństwa - Możliwość instalacji ładowarek do samochodów elektrycznych - Pełna dostępność (windy, brak barier architektonicznych) Lokalizacja i otoczenie:- Spokojna, zielona dzielnica - Bliskość terenów leśnych i rekreacyjnych - Idealne miejsce dla osób aktywnych oraz rodzin - Kameralne sąsiedztwo, z dala od miejskiego zgiełku Komunikacja i infrastruktura:- Szybki dojazd do centrum miasta - Dobry dostęp do głównych dróg - Rozwinięta infrastruktura w pobliżu (sklepy, szkoły, usługi) - Wygodne połączenie z innymi częściami miasta Filip Masłowski",,tak,,,,,50.208376,18.973749
Katowice,,4,62,800058,12904,Pośrednik,,5,https://adresowo.pl/o/mieszkanie-katowice-4-pokojowe-62-m2-r8n0x1,https://s2.adresowa.pl/oi/34/65/40c666_4fd2_cover@2x-4-pokojowe-mieszkanie-katowice.webp,Katowice,,4,2026,apartamentowiec,,"Na sprzedaż funkcjonalne mieszkanie o powierzchni 62 m², położone w nowoczesnej inwestycji w Katowicach. Przemyślany układ obejmuje jasny salon z aneksem kuchennym, ustawną sypialnię, pokój, łazienkę oraz funkcjonalny korytarz. Dodatkowym atutem mieszkania jest balkon. Rozkład pomieszczeń:- salon z aneksem kuchennym - sypialnia - pokój - pokój - łazienka - druga łazienka - korytarz Jednym z największych atutów inwestycji jest jej znakomita lokalizacja. Kilkunastominutowy spacer pozwala dotrzeć na katowicki Rynek – centrum miejskich wydarzeń kulturalnych, rozrywki i życia społecznego. Zaledwie 4 minuty jazdy dzielą mieszkańców od autostrady A4, zapewniającej szybki dojazd do głównych kierunków podróży krajowych i europejskich. W podobnym czasie można dotrzeć do Drogowej Trasy Średnicowej, umożliwiającej sprawne przemieszczanie się po Katowicach i całej aglomeracji. W bezpośrednim sąsiedztwie znajduje się również popularna Dolina Trzech Stawów. Rozległe tereny zielone, stawy, ścieżki spacerowe i trasy rowerowe tworzą doskonałe warunki do rekreacji, aktywnego wypoczynku oraz relaksu na świeżym powietrzu. Odbywają się tam także liczne wydarzenia kulturalne i rekreacyjne. To doskonała propozycja dla singla, pary lub inwestora poszukującego nowoczesnej nieruchomości w dobrze skomunikowanej części Katowic, blisko centrum i terenów zielonych. Prezentowane mieszkanie to tylko jedna z wielu atrakcyjnych propozycji dostępnych w tej inwestycji. W sprzedaży znajdują się lokale o różnych metrażach, układach i liczbie pokoi, dzięki czemu mogę dopasować ofertę. Cena: 800 058 zł. Brak Prowizji! Brak podatku PCC! Współpraca ze mną to: - brak kosztów - profesjonalne doradztwo - wiele ofert dostępnych w jednym miejscu - jestem dostępny dla Państwa na każdym etapie transakcji - nasi eksperci finansowi mogą od razu dobrać Państwu najkorzystniejszy kredyt Zapraszam do kontaktu i umówienia prezentacji. Mieszkanie oferowane jest w stanie deweloperskim. Przedstawione wizualizacje mają charakter poglądowy i prezentują przykładową możliwość aranżacji wnętrza. Materiały wykorzystano we współpracy z Quality Investment. NOTUS Finanse S.A. występuje w charakterze pośrednika w obrocie nieruchomościami. Powyższa oferta ma charakter informacyjny i nie stanowi oferty handlowej w rozumieniu art. 66 § 1 Kodeksu cywilnego. Notus Finanse S.A.",tak,tak,aneks,plastikowe,,,50.264892,19.023782
Katowice Brynów,ul. Wróbli,5,161,1790000,11118,bez pośredników,,22,https://adresowo.pl/o/mieszkanie-katowice-brynow-ul-wrobli-5-pokojowe-n2e7q3,https://s2.adresowa.pl/oi/7d/38/412d14_f612_cover@2x-5-pokojowe-mieszkanie-katowice-brynow-ul-wrobli.webp,Katowice Brynów,Wróbli,1,2008,blok,,"Na sprzedaż przestronne, komfortowe mieszkanie w luksusowej dzielnicy Katowic, położonej w sercu Osiedla Ptasiego. Mieszkanie usytuowane jest na 1. piętrze budynku z 2008 roku i oferuje wyjątkowy standard życia w jednej z najbardziej pożądanych lokalizacji w Katowicach. 2 miejsca garażowe w cenie nieruchomości. Podstawowe informacje o nieruchomości: Powierzchnia: 161,72 m² Liczba pokoi: 5 + 3 łazienki + 2 garderoby + balkon (z dostępem z 3 pokoi i jadalni) Atuty: mieszkanie idealne, zaprojektowane dla rodziny z dziećmi, podzielone na 3 strefy, przemyślany rozkład. Rozkład pomieszczeń: Przestronny salon z jadalnią oraz otwartą kuchnią w zabudowie na wymiar, z wyjściem na balkon/taras - idealny do wypoczynku. Sypialnia główna (master bedroom) z prywatną łazienką oraz garderobą. Dwie sypialnie aktualnie zaaranżowane na pokoje dziecięce, zaprojektowane z myślą o komforcie najmłodszych mieszkańców. Urocza łazienka sąsiadująca z pokojami dziecięcymi, wyposażona w wannę. Garderoba dziecięca umieszczona naprzeciwko pokoi dziecięcych. Garderoba ogólna umieszczona tuż przy wejściu do mieszkania. Przestronny korytarz, który może pełnić funkcję miejsca do zabawy lub dodatkowej strefy użytkowej. Przestrzeń zaprojektowana z myślą o rodzinach z dziećmi. To wyjątkowe mieszkanie łączy w sobie elegancję, funkcjonalność i świetną lokalizację. Jeśli marzysz o życiu w sercu Katowic, w otoczeniu zieleni (Park Kościuszki oraz Park Stachonia/ Muchowiec), prestiżowej architektury i bogatej infrastruktury, jest to oferta dla Ciebie. Dodatkowe informacje: Czynsz administracyjny: 2.000 zł. Lokalizacja i infrastruktura: Mieszkanie jest doskonale skomunikowane - w bezpośrednim sąsiedztwie znajduje się przystanek linii tramwajowych, co zapewnia szybki dostęp do centrum miasta oraz okolic Katowic. Dodatkowo bliski wylot na obwodnicę Katowic oraz A4, co pozwala na wygodny dojazd w inne rejony aglomeracji i poza nią. W okolicy znajdują się renomowane szkoły i przedszkola, a także place zabaw, liczne punkty usługowe, sklepy, restauracje i szpital. Mieszkańcy Osiedla Ptasiego mogą korzystać z licznych terenów rekreacyjnych, ścieżek rowerowych oraz zieleni miejskiej. Przedstawiona oferta nie jest ofertą handlową w rozumieniu przepisów prawa, lecz ma charakter informacyjny.",,tak,aneks,plastikowe,własność,,50.234777,19.005244
Katowice Piotrowice,ul. Jaworowa,3,64,483000,7547,bez pośredników,,7,https://adresowo.pl/o/mieszkanie-katowice-piotrowice-ul-jaworowa-3-pokojowe-n6o5p1,https://s2.adresowa.pl/oi/11/64/412d10_eaba_cover@2x-3-pokojowe-mieszkanie-katowice-piotrowice-ul-jaworowa.webp,Katowice Piotrowice,Jaworowa,1,1964,blok,,"Oferuję na sprzedaż przestronne mieszkanie w spokojnej okolicy Piotrowice-Ochojec w Katowicach na ul. Jaworowej w zamkniętym osiedlu (2 budynki) o powierzchni 64,19 m². Zlokalizowane jest na pierwszym piętrze czteropiętrowego bloku. W skład wyposażenia wchodzą: meble, pralka, zmywarka, lodówka, kuchenka, piekarnik oraz telewizor. Dodatkowym atutem jest balkon oraz piwnica. Mieszkanie nadaje się do zamieszkania, ale ogólnie wymaga remontu, gdyż jest to mieszkanie po babci. Układ mieszkania to 3 niezależne pokoje i oddzielna kuchnia, przedpokój, łazienka wraz z WC, balkon oraz piwnica. W okolicy dostępne są: - sklepy spożywcze, w tym Żabka i Kaufland, Biedronka - liczne kawiarnie i restauracje - placówki edukacyjne, w tym szkoły podstawowe oraz licea - przystanki komunikacji miejskiej, co zapewnia szybki dojazd w różne części miasta. Zainwestuj w to mieszkanie i ciesz się komfortowym życiem w atrakcyjnej lokalizacji. Skontaktuj się ze mną, aby umówić się na prezentację!",tak,,osobna,plastikowe,,"Wyposażenie: kuchenka, lodówka, piekarnik, pralka, telewizor, zmywarka",50.210185,18.986755
Katowice Dąb,ul. Bracka,4,93,zapytaj,,bez pośredników,,+10 podobnych ofert,https://adresowo.pl/o/mieszkanie-katowice-dab-ul-bracka-4-pokojowe-l5l3s3,https://s2.adresowa.pl/development/674270/nowe-mieszkania-bracka-vita-625b_cover.jpg,Katowice Dąb,Bracka,11,2028,kamienica,,"Nowe mieszkanie 4-pokojowe o powierzchni 93,39 m² w inwestycji Bracka Vita dewelopera DEVELIA, na 11 piętrze w budynku 20 pod adresem ul. Bracka 20, Katowice Dąb. Planowany termin oddania to III kwartał 2028 roku. Bracka Vita Bracka Vita to nowoczesna inwestycja mieszkaniowa przy ul. Brackiej 20 w katowickiej dzielnicy Dąb, w sąsiedztwie Parku Śląskiego. Projekt łączy miejski charakter lokalizacji z bliskością zieleni, a architektura nawiązuje do industrialnej historii dawnej Huty Baildon. W pierwszym etapie zaplanowano około 132 mieszkań o powierzchni od ok. 38 do ok. 110 m², z układami od 2 do 5 pokoi. Atuty inwestycji: • Sąsiedztwo Parku Śląskiego i terenów zielonych. • Loggie lub tarasy oraz duże, dobrze doświetlone okna. • Zielone patia z ogrodem sensorycznym i strefami rekreacji. • Dogodna komunikacja – tramwaj, DTŚ i ścieżki rowerowe. • Lokale usługowe na terenie inwestycji. • Bliskość Silesia City Center, Spodka i Stadionu Śląskiego. Terminy realizacji: III/IV kw. 2028r. Niniejszy materiał nie stanowi oferty w rozumieniu Kodeksu cywilnego i ma charakter wyłącznie informacyjny. Szczegóły inwestycji oraz pełna oferta dostępne są na stronie internetowej: https://develia.pl/pl/",,,aneks,,własność,Wyposażenie: internet,50.269253,18.993573
Katowice,ul. Sokolska,2,29,418000,14414,Pośrednik,,4,https://adresowo.pl/o/mieszkanie-katowice-ul-sokolska-2-pokojowe-c6k1e2,https://s2.adresowa.pl/oi/40/1c/40c664_c5ff_cover@2x-2-pokojowe-mieszkanie-katowice-ul-sokolska.webp,Katowice ,Sokolska,11,,apartamentowiec,,"MIESZKANIE, KTÓRE MOŻE ZARABIAĆ NA SIEBIE Na sprzedaż funkcjonalne mieszkanie w świetnej cenie, z bardzo dużym potencjałem inwestycyjnym. Układ lokalu daje możliwość wydzielenia dwóch niezależnych pokoi, dzięki czemu nieruchomość może zyskać zupełnie nową funkcję — zarówno jako mieszkanie dla dwóch osób, jak i lokal przygotowany z myślą o wynajmie. To propozycja dla inwestora, który szuka nieruchomości w miejscu, gdzie lokalizacja pracuje na wartość mieszkania. W bezpośrednim otoczeniu znajdziesz wszystko, czego oczekuje najemca: komunikację miejską, sklepy, restauracje, usługi, biura, uczelnie, rozrywkę oraz tereny spacerowe. Do najważniejszych punktów centralnej części miasta można dotrzeć pieszo, a świetnie rozwinięta komunikacja pozwala szybko przemieszczać się również po całej aglomeracji. Dodatkowym atutem jest sama inwestycja — nowoczesna architektura, przestrzenie wspólne, klub mieszkańca, rozbudowana infrastruktura rowerowa, lokale usługowe oraz rozwiązania typu smart home. Projekt przewiduje 341 mieszkań i jest obecnie w zaawansowanym etapie realizacji. Dostępne są również inne oferty niepublikowane w sieci. DLACZEGO WARTO? • możliwość stworzenia dwóch pokoi z jednego mieszkania • atrakcyjna cena zakupu • lokalizacja idealna pod wynajem • bliskość centrum i komunikacji • ogromna liczba punktów usługowych i gastronomicznych w okolicy • sąsiedztwo biur, uczelni i miejskich atrakcji • nowoczesny budynek i części wspólne • balkon lub taras • rozwiązania smart home • rozbudowana infrastruktura rowerowa • potencjał zarówno pod wynajem długoterminowy, jak i dla osoby szukającej mieszkania w centrum To nie jest po prostu mieszkanie do kupienia. To nieruchomość, którą można dobrze zaplanować. To nie tylko piękne apartamenty, ale także wyjątkowa infrastruktura zaprojektowana z myślą o Twoim komforcie. Zapraszam do kontaktu -przygotuję ofertę na miarę Twoich oczekiwań. Filip Masłowski",,tak,,,,,50.265275,19.018708
Katowice,ul. Kazimiery Iłłakowiczówny,3,72,761200,10572,Pośrednik,,4,https://adresowo.pl/o/mieszkanie-katowice-ul-kazimiery-illakowiczowny-3-pokojowe-a5i5u3,https://s2.adresowa.pl/oi/30/76/40c662_2abb_cover@2x-3-pokojowe-mieszkanie-katowice-ul-kazimiery-illakowiczowny.webp,Katowice ,Kazimiery Iłłakowiczówny,1,,apartamentowiec,,"Zamieszkaj bliżej centrum ale nadal żyj wygodnie z dala od zgiełku miasta. Są takie miejsca, w których po prostu dobrze się mieszka. Gdzie rano masz wszystko, czego potrzebujesz na wyciągnięcie ręki, a wieczorem możesz zwolnić i odpocząć od miejskiego zgiełku. Nowoczesna inwestycja, przemyślana przestrzeń i lokalizacja, która pozwala połączyć wygodę życia blisko centrum z dostępem do zieleni, komunikacji i miejskich atrakcji. To propozycja dla osób, które chcą połączyć nowoczesne budownictwo, wygodę codziennego życia i świetną lokalizację blisko centrum Katowic. Mieszkania posiadają balkony, loggie, tarasy lub prywatne ogródki, a w każdym budynku zaplanowano garaż podziemny, komórki lokatorskie, rowerownię oraz cichobieżne windy. Dużym atutem jest również zagospodarowana przestrzeń pomiędzy budynkami oraz strefa wypoczynkowa. Architektura części wspólnych nawiązuje stylistycznie do charakterystycznych detali śląskich kamienic. Dostępne lokale w różnych metrażach niepublikowanych na stronach. KOMFORT NA CO DZIEŃ:- Na terenie inwestycji przewidziano m.in.: - garaż podziemny - miejsca postojowe - komórki lokatorskie - rowerownię - cichobieżne windy - videodomofony - monitoring - balkony, loggie, tarasy lub ogródki - strefę wypoczynkową - lokale usługowe w ramach inwestycji LOKALIZACJA – JEDEN Z NAJWIĘKSZYCH ATUTÓW- 2 minuty – pętla tramwajowa - 2 minuty – Spodek - 3 minuty – centrum sportowe i fitness - 5 minut – Silesia City Center - 5 minut – sklep spożywczy - 6 minut – Park Wełnowiecki - 7 minut – szkoła podstawowa - 7 minut – Dworzec Główny PKP Katowice - 14 minut – Park Śląski To bardzo dobra propozycja zarówno dla osób szukających własnego mieszkania w Katowicach, jak i dla inwestorów. Bliskość centrum, Spodka, komunikacji tramwajowej, uczelni, biur, galerii handlowej oraz terenów rekreacyjnych daje szerokie możliwości wykorzystania mieszkania – od komfortowego lokum dla singla lub pary, po mieszkanie rodzinne czy nieruchomość przeznaczoną pod wynajem. To nie tylko piękne apartamenty, ale także wyjątkowa infrastruktura zaprojektowana z myślą o Twoim komforcie. Zapraszam do kontaktu -przygotuję ofertę na miarę Twoich oczekiwań. Filip Masłowski",,tak,,,,,50.273471,19.0205
Katowice Bogucice,ul. Modrzewiowa,3,50,395000,7900,bez pośredników,,13,https://adresowo.pl/o/mieszkanie-katowice-bogucice-ul-modrzewiowa-3-pokojowe-a6o3e2,https://s2.adresowa.pl/oi/10/33/412bfc_5710_cover@2x-3-pokojowe-mieszkanie-katowice-bogucice-ul-modrzewiowa.webp,Katowice Bogucice,Modrzewiowa,3,1979,blok,,"Oferuję na sprzedaż 3-pokojowe mieszkanie o powierzchni 50,2 m2, położone w doskonałej lokalizacji przy ul. Modrzewiowej w Katowicach-Bogucicach. Spokojne, zielone osiedle z dużą ilością miejsc parkingowych. Mieszkanie do remontu. Blok po termomodernizacji, zarządzany przez Wspólnotę. Blok z domofonem. Piętro 3/4, bez windy. Mieszkanie składa się z przestronnego przedpokoju, salonu z balkonem, dwóch sypialni z możliwością urządzenia domowego biura, oddzielnej kuchni oraz łazienki, która kilka lat temu przeszła generalny remont i nie wymaga natychmiastowych nakładów finansowych. Wszystkie okna PCV w bardzo dobrym stanie. Do lokalu przynależy spora, sucha piwnica. Mieszkanie bardzo jasne, okna skierowane na wschód i zachód. Czynsz z zaliczką na wodę, ogrzewanie i opłatą za wywóz śmieci około 700 zł/mc. Lokalizacja blisko Spodka, w odległości dłuższego spaceru. Zakup od właściciela, brak prowizji. Zapraszam do oglądania.",tak,,osobna,plastikowe,własność,,50.270624,19.032581
Katowice Dąbrówka Mała,ul. Józefa Grzegorzka,2,51,349000,6843,bez pośredników,,10,https://adresowo.pl/o/mieszkanie-katowice-dabrowka-mala-ul-jozefa-grzegorzka-2-pokojowe-t2b8s0,https://s2.adresowa.pl/oi/62/10/412b7c_70ba_cover@2x-2-pokojowe-mieszkanie-katowice-dabrowka-mala-ul-jozefa-grzegorzka.webp,Katowice Dąbrówka Mała,Józefa Grzegorzka,3,1980,blok,,"Oferuję na sprzedaż mieszkanie o powierzchni 51,28 m² w Dąbrówce Małej. Znajduje się na 3. piętrze w bloku z lat 80-tych. Mieszkanie jest w stanie do zamieszkania/odświeżenia, posiada balkon, piwnicę oraz miejsce parkingowe. Ogrzewanie miejskie zapewnia komfort w zimie. Dąbrówka Mała to spokojna dzielnica Katowic z dobrze rozwiniętą infrastrukturą. W pobliżu znajdują się: - sklepy spożywcze, w tym supermarket ""Home Concept"" - tereny zielone, w tym ""Park w Dąbrówce"" - przystanki autobusowe, co ułatwia komunikację z innymi częściami miasta. W okolicy są także szkoły, przedszkola i miejsca do aktywnego spędzania czasu. To idealne miejsce dla osób szukających spokoju, ale z dobrym dostępem do miasta. Zainwestuj w to mieszkanie już dziś i ciesz się wygodą życia w Dąbrówce Małej!",tak,tak,,plastikowe,własność,,50.278806,19.065622
Katowice Brynów,ul. Ceglana,4,97,zapytaj,,bez pośredników,,13,https://adresowo.pl/o/mieszkanie-katowice-brynow-ul-ceglana-4-pokojowe-e9k0i4,https://s2.adresowa.pl/development/561699/nowe-mieszkania-ceglana-park-911c_cover.jpg,Katowice Brynów,Ceglana,4,2026,kamienica,,"Nowe mieszkanie 4-pokojowe o powierzchni 97,61 m² w inwestycji Ceglana Park dewelopera DEVELIA, na 4 piętrze pod adresem ul. Ceglana, Katowice Brynów. Planowany termin oddania to I kwartał 2026 roku. Ceglana Park – zielone osiedle w sercu Katowic Ceglana Park to inwestycja, która łączy wygodę miejskiego życia z bliskością natury. Niska zabudowa, tereny zielone i starannie zaprojektowane przestrzenie wspólne tworzą kameralne miejsce, w którym można komfortowo mieszkać, odpoczywać i cieszyć się spokojem na co dzień. Atuty inwestycji: - Niemal 50% osiedla stanowią tereny zielone - Tężnia solankowa, staw i alejki spacerowe - Place zabaw i przestrzenie rekreacyjne - Niska zabudowa i kameralny charakter inwestycji - Bliskość Parku Kościuszki i Katowickiego Parku Leśnego - Dogodna komunikacja z centrum Katowic Terminy realizacji: Etap 7 – IV kwartał 2025 Etap 8 – I kwartał 2027 Etap 9 – I kwartał 2027 ________________________________________ Niniejszy materiał nie stanowi oferty w rozumieniu Kodeksu cywilnego i ma charakter wyłącznie informacyjny. Szczegóły inwestycji oraz pełna oferta dostępne są na stronie internetowej: https://develia.pl/pl/",,,,,własność,Wyposażenie: internet,50.244218,19.016307
Katowice,ul. Kazimiery Iłłakowiczówny,2,40,440600,11015,Pośrednik,,4,https://adresowo.pl/o/mieszkanie-katowice-ul-kazimiery-illakowiczowny-2-pokojowe-m2c3m7,https://s2.adresowa.pl/oi/43/7f/40c658_fc4e_cover@2x-2-pokojowe-mieszkanie-katowice-ul-kazimiery-illakowiczowny.webp,Katowice ,Kazimiery Iłłakowiczówny,parter,2026,apartamentowiec,,"Zamieszkaj bliżej centrum ale nadal żyj wygodnie z dala od zgiełku miasta. Są takie miejsca, w których po prostu dobrze się mieszka. Gdzie rano masz wszystko, czego potrzebujesz na wyciągnięcie ręki, a wieczorem możesz zwolnić i odpocząć od miejskiego zgiełku. Nowoczesna inwestycja, przemyślana przestrzeń i lokalizacja, która pozwala połączyć wygodę życia blisko centrum z dostępem do zieleni, komunikacji i miejskich atrakcji. To propozycja dla osób, które chcą połączyć nowoczesne budownictwo, wygodę codziennego życia i świetną lokalizację blisko centrum Katowic. Mieszkania posiadają balkony, loggie, tarasy lub prywatne ogródki, a w każdym budynku zaplanowano garaż podziemny, komórki lokatorskie, rowerownię oraz cichobieżne windy. Dużym atutem jest również zagospodarowana przestrzeń pomiędzy budynkami oraz strefa wypoczynkowa. Architektura części wspólnych nawiązuje stylistycznie do charakterystycznych detali śląskich kamienic. Dostępne lokale w różnych metrażach niepublikowanych na stronach. KOMFORT NA CO DZIEŃ:- Na terenie inwestycji przewidziano m.in.: - garaż podziemny - miejsca postojowe - komórki lokatorskie - rowerownię - cichobieżne windy - videodomofony - monitoring - balkony, loggie, tarasy lub ogródki - strefę wypoczynkową - lokale usługowe w ramach inwestycji LOKALIZACJA – JEDEN Z NAJWIĘKSZYCH ATUTÓW- 2 minuty – pętla tramwajowa - 2 minuty – Spodek - 3 minuty – centrum sportowe i fitness - 5 minut – Silesia City Center - 5 minut – sklep spożywczy - 6 minut – Park Wełnowiecki - 7 minut – szkoła podstawowa - 7 minut – Dworzec Główny PKP Katowice - 14 minut – Park Śląski To bardzo dobra propozycja zarówno dla osób szukających własnego mieszkania w Katowicach, jak i dla inwestorów. Bliskość centrum, Spodka, komunikacji tramwajowej, uczelni, biur, galerii handlowej oraz terenów rekreacyjnych daje szerokie możliwości wykorzystania mieszkania – od komfortowego lokum dla singla lub pary, po mieszkanie rodzinne czy nieruchomość przeznaczoną pod wynajem. To nie tylko piękne apartamenty, ale także wyjątkowa infrastruktura zaprojektowana z myślą o Twoim komforcie. Zapraszam do kontaktu -przygotuję ofertę na miarę Twoich oczekiwań. Filip Masłowski",,tak,,,,,50.273471,19.0205
Katowice,ul. Mikołowska,4,81,1016375,12548,Pośrednik,,6,https://adresowo.pl/o/mieszkanie-katowice-ul-mikolowska-4-pokojowe-j9d8j9,https://s2.adresowa.pl/oi/33/5a/40c656_df78_cover@2x-4-pokojowe-mieszkanie-katowice-ul-mikolowska.webp,Katowice ,Mikołowska,3,2026,apartamentowiec,,"Na sprzedaż funkcjonalne mieszkanie o powierzchni 81,31 m², położone w nowoczesnej inwestycji osiedle Paderewskiego w Katowicach. Przemyślany układ obejmuje jasny salon z aneksem kuchennym, ustawną sypialnię, pokój, łazienkę oraz funkcjonalny korytarz. Dodatkowym atutem mieszkania dwa tarasy, loggia. Rozkład pomieszczeń:- salon z aneksem kuchennym - sypialnia - pokój - pokój - dwie łazienki - korytarz Jednym z największych atutów inwestycji jest jej znakomita lokalizacja. Kilkunastominutowy spacer pozwala dotrzeć na Katowicki Rynek – centrum miejskich wydarzeń kulturalnych, rozrywki i życia społecznego. Zaledwie 4 minuty jazdy dzielą mieszkańców od autostrady A4, zapewniającej szybki dojazd do głównych kierunków podróży krajowych i europejskich. W podobnym czasie można dotrzeć do Drogowej Trasy Średnicowej, umożliwiającej sprawne przemieszczanie się po Katowicach i całej aglomeracji. To doskonała propozycja dla singla, pary lub inwestora poszukującego nowoczesnej nieruchomości w dobrze skomunikowanej części Katowic, blisko centrum i terenów zielonych. Prezentowane mieszkanie to tylko jedna z wielu atrakcyjnych propozycji dostępnych w tej inwestycji. W sprzedaży znajdują się lokale o różnych metrażach, układach i liczbie pokoi, dzięki czemu mogę dopasować ofertę. Cena: 1 016 375 zł. Brak Prowizji! Brak podatku PCC! Współpraca ze mną to: - brak kosztów - profesjonalne doradztwo - wiele ofert dostępnych w jednym miejscu - jestem dostępny dla Państwa na każdym etapie transakcji - nasi eksperci finansowi mogą od razu dobrać Państwu najkorzystniejszy kredyt Zapraszam do kontaktu i umówienia prezentacji. Mieszkanie oferowane jest w stanie deweloperskim. Przedstawione wizualizacje mają charakter poglądowy i prezentują przykładową możliwość aranżacji wnętrza. Materiały wykorzystano we współpracy z Quality Investment. NOTUS Finanse S.A. występuje w charakterze pośrednika w obrocie nieruchomościami. Powyższa oferta ma charakter informacyjny i nie stanowi oferty handlowej w rozumieniu art. 66 § 1 Kodeksu cywilnego. Notus Finanse S.A.",tak,tak,aneks,plastikowe,,,50.251072,19.003907
Katowice Śródmieście,ul. Słoneczna,2,43,589000,13698,bez pośredników,,10,https://adresowo.pl/o/mieszkanie-katowice-srodmiescie-ul-sloneczna-2-pokojowe-q2l9z7,https://s2.adresowa.pl/oi/64/6e/412b60_7046_cover@2x-2-pokojowe-mieszkanie-katowice-srodmiescie-ul-sloneczna.webp,Katowice Śródmieście,Słoneczna,1,2023,apartamentowiec,,"Sprzedam bezpośrednio 2-pokojowe mieszkanie o powierzchni 43,19 m², położone na 1. piętrze inwestycji Słoneczne Tarasy. Mieszkanie jest wykończone, umeblowane i wyposażone w sprzęt AGD. Było wynajmowane przez zaledwie 2 lata. To propozycja zarówno dla osób szukających własnego mieszkania, jak i kupujących z myślą o wynajmie. UKŁAD MIESZKANIA: • przestronny salon z aneksem kuchennym, • oddzielna sypialnia, • łazienka z wanną i szklanym parawanem, • przedpokój, • balkon o powierzchni 3,82 m², dostępny z salonu i sypialni. Balkon stanowi dodatkową powierzchnię, niewliczoną w metraż mieszkania. WYKOŃCZENIE I WYPOSAŻENIE: Wnętrze urządzono w spójnej kolorystyce, łączącej szarości z elementami drewnopodobnymi. Duże przeszklenia zapewniają dostęp do naturalnego światła. Kuchnia posiada zabudowę do sufitu, podświetlenie blatu oraz sprzęt AGD, w tym płytę grzewczą, piekarnik i kuchenkę mikrofalową. W salonie znajdują się narożnik, stolik kawowy oraz szafka RTV. Łazienka wyposażona jest w wannę z funkcją prysznica i szklanym parawanem, umywalkę z szafką, podwieszane WC oraz pralkę. Umeblowanie i wyposażenie oferowane wraz z mieszkaniem są uwzględnione w cenie. LOKALIZACJA: Słoneczne Tarasy to lokalizacja zapewniająca wygodny dostęp do centrum Katowic, komunikacji miejskiej, sklepów i punktów usługowych. W okolicy znajdują się m.in. Silesia City Center oraz przystanki autobusowe i tramwajowe. DODATKOWE INFORMACJE: • powierzchnia mieszkania: 43,19 m², • liczba pokoi: 2, • piętro: 1, • balkon: 3,82 m², • brak przynależnego miejsca parkingowego i komórki lokatorskiej, • sprzedaż bezpośrednio od właściciela. Cena: 589 000 zł - do negocjacji. Zapraszam do kontaktu i obejrzenia mieszkania.",tak,,aneks,plastikowe,własność,"Wyposażenie: kuchenkę, piekarnik, pralkę, tv",50.276304,19.015926
Katowice Dąb,ul. Bracka,5,110,zapytaj,,bez pośredników,,+7 podobnych ofert,https://adresowo.pl/o/mieszkanie-katowice-dab-ul-bracka-5-pokojowe-f3d3g1,https://s2.adresowa.pl/development/674270/nowe-mieszkania-bracka-vita-625b_cover.jpg,Katowice Dąb,Bracka,9,2028,blok,,"Nowe mieszkanie 5-pokojowe o powierzchni 110,99 m² w inwestycji Bracka Vita dewelopera DEVELIA, na 9 piętrze w budynku 20 pod adresem ul. Bracka 20, Katowice Dąb. Planowany termin oddania to III kwartał 2028 roku. Bracka Vita Bracka Vita to nowoczesna inwestycja mieszkaniowa przy ul. Brackiej 20 w katowickiej dzielnicy Dąb, w sąsiedztwie Parku Śląskiego. Projekt łączy miejski charakter lokalizacji z bliskością zieleni, a architektura nawiązuje do industrialnej historii dawnej Huty Baildon. W pierwszym etapie zaplanowano około 132 mieszkań o powierzchni od ok. 38 do ok. 110 m², z układami od 2 do 5 pokoi. Atuty inwestycji: • Sąsiedztwo Parku Śląskiego i terenów zielonych. • Loggie lub tarasy oraz duże, dobrze doświetlone okna. • Zielone patia z ogrodem sensorycznym i strefami rekreacji. • Dogodna komunikacja – tramwaj, DTŚ i ścieżki rowerowe. • Lokale usługowe na terenie inwestycji. • Bliskość Silesia City Center, Spodka i Stadionu Śląskiego. Terminy realizacji: III/IV kw. 2028r. Niniejszy materiał nie stanowi oferty w rozumieniu Kodeksu cywilnego i ma charakter wyłącznie informacyjny. Szczegóły inwestycji oraz pełna oferta dostępne są na stronie internetowej: https://develia.pl/pl/",,,aneks,,własność,Wyposażenie: internet,50.269253,18.993573
Katowice,ul. gen. Zygmunta Waltera Jankego,3,60,640500,10675,Pośrednik,,4,https://adresowo.pl/o/mieszkanie-katowice-ul-gen-zygmunta-waltera-jankego-3-pokojowe-x7o4c8,https://s2.adresowa.pl/oi/7d/49/40c654_78dd_cover@2x-3-pokojowe-mieszkanie-katowice-ul-gen-zygmunta-waltera-jankego.webp,Katowice ,gen. Zygmunta Waltera Jankego,parter,2019,apartamentowiec,,"Nowoczesne mieszkania w zielonej i spokojnej części Katowic Zamieszkaj w miejscu, które łączy komfort życia w mieście z bliskością natury. Kameralna zabudowa, dużo zieleni oraz spokojne otoczenie tworzą idealne warunki zarówno do życia, jak i odpoczynku po pracy. To propozycja dla osób ceniących równowagę między wygodą a prywatnością. Dostępne są również lokale nieprezentowane w sieci. Atuty inwestycji:- Kameralne osiedle o nowoczesnej architekturze - Funkcjonalne układy mieszkań o zróżnicowanych metrażach - Duże przeszklenia zapewniające dobre doświetlenie wnętrz - Wysoki standard części wspólnych - Strefa dla mieszkańców (relaks / praca) - Siłownia i przestrzeń fitness - Sala zabaw dla dzieci oraz plac zabaw - Lokale usługowe na terenie osiedla - Garaż podziemny oraz miejsca naziemne - Monitoring i podwyższony standard bezpieczeństwa - Możliwość instalacji ładowarek do samochodów elektrycznych - Pełna dostępność (windy, brak barier architektonicznych) Lokalizacja i otoczenie:- Spokojna, zielona dzielnica - Bliskość terenów leśnych i rekreacyjnych - Idealne miejsce dla osób aktywnych oraz rodzin - Kameralne sąsiedztwo, z dala od miejskiego zgiełku Komunikacja i infrastruktura:- Szybki dojazd do centrum miasta - Dobry dostęp do głównych dróg - Rozwinięta infrastruktura w pobliżu (sklepy, szkoły, usługi) - Wygodne połączenie z innymi częściami miasta Filip Masłowski",,tak,,,,,50.208376,18.973749
Katowice,Śródmieście,3,52,629000,12096,Pośrednik,,7,https://adresowo.pl/o/mieszkanie-katowice-srodmiescie-3-pokojowe-52-m2-a2p7n9,https://s2.adresowa.pl/oi/52/67/40c64e_b02d_cover@2x-3-pokojowe-mieszkanie-katowice-srodmiescie.webp,Katowice Śródmieście,,6,2025,apartamentowiec,,"Na sprzedaż funkcjonalne mieszkanie o powierzchni 52m², położone w nowoczesnej inwestycji w centrum Katowic. Przemyślany układ obejmuje jasny salon z aneksem kuchennym, ustawną sypialnię, pokój, łazienkę oraz funkcjonalny korytarz. Rozkład pomieszczeń:- salon z aneksem kuchennym - sypialnia - pokój - łazienka - korytarz Jednym z największych atutów inwestycji jest jej znakomita lokalizacja. Kilkunastominutowy spacer pozwala dotrzeć na Katowicki Rynek – centrum miejskich wydarzeń kulturalnych, rozrywki i życia społecznego. Zaledwie 2 minuty jazdy dzielą mieszkańców od autostrady A4, zapewniającej szybki dojazd do głównych kierunków podróży krajowych i europejskich. W podobnym czasie można dotrzeć do Drogowej Trasy Średnicowej, umożliwiającej sprawne przemieszczanie się po Katowicach i całej aglomeracji. To doskonała propozycja dla singla, pary lub inwestora poszukującego nowoczesnej nieruchomości w dobrze skomunikowanej części Katowic, blisko centrum i terenów zielonych. Prezentowane mieszkanie to tylko jedna z wielu atrakcyjnych propozycji dostępnych w tej inwestycji. W sprzedaży znajdują się lokale o różnych metrażach, układach i liczbie pokoi, dzięki czemu mogę dopasować ofertę. Cena: 629 000 zł. Brak Prowizji! Brak podatku PCC! Współpraca ze mną to: - brak kosztów - profesjonalne doradztwo - wiele ofert dostępnych w jednym miejscu - jestem dostępny dla Państwa na każdym etapie transakcji - nasi eksperci finansowi mogą od razu dobrać Państwu najkorzystniejszy kredyt Zapraszam do kontaktu i umówienia prezentacji. Mieszkanie oferowane jest w stanie deweloperskim. Przedstawione wizualizacje mają charakter poglądowy i prezentują przykładową możliwość aranżacji wnętrza. Materiały wykorzystano we współpracy z Quality Investment. NOTUS Finanse S.A. występuje w charakterze pośrednika w obrocie nieruchomościami. Powyższa oferta ma charakter informacyjny i nie stanowi oferty handlowej w rozumieniu art. 66 § 1 Kodeksu cywilnego. Notus Finanse S.A.",,tak,aneks,plastikowe,,,50.257,19.017099
Katowice Śródmieście,ul. Barbary,2,45,320000,7111,bez pośredników,,9,https://adresowo.pl/o/mieszkanie-katowice-srodmiescie-ul-barbary-2-pokojowe-a7l5j1,https://s2.adresowa.pl/oi/36/2f/324a66_d2f7_cover@2x-2-pokojowe-mieszkanie-katowice-srodmiescie-ul-barbary.webp,Katowice Śródmieście,Barbary,parter,1970,kamienica,,"Mieszkanie składa się z 2 pokoi: pokój dzienny, sypialnia, kuchnia, łazienka (wyremontowana z kabiną prysznicową), przedpokoju. Mieszkanie po remoncie (parkiet, kafle, odmalowane ściany); wymienione wszystkie instalacje oraz okna; nowa kuchnia wraz ze sprzętem kuchennym (płyta, zlew z baterią, lodówka); ogrzewanie własne gazowe. W bliskim sąsiedztwie znajduje się: - sklep, - Akademia Wychowania Fizycznego, - przystanek autobusowy oraz tramwajowy. Przed kamienicą znajdują się miejsca parkingowe.",,,,,własność,Wyposażenie: lodówka,50.250999,19.006001
Katowice os. Tysiąclecia,ul. Piastów,2,43,419000,9744,bez pośredników,,8,https://adresowo.pl/o/mieszkanie-katowice-os-tysiaclecia-ul-piastow-2-pokojowe-g3y2q2,https://s2.adresowa.pl/oi/4e/6f/41422c_406f_cover@2x-2-pokojowe-mieszkanie-katowice-os-tysiaclecia-ul-piastow.webp,Katowice os. Tysiąclecia,Piastów,4,,blok,,"Witam, Na sprzedaż mieszkanie narożne 43.40 m² z wyodrębnioną własnością i założoną księgą wieczystą, ulokowane na Osiedlu Tysiąclecia w Katowicach. Piętro 4. Budynek oczywiście z dwoma windami. Do mieszkania posiadam operat wykonany przez biegłego sądowego z wskazaną wartością mieszkania, dlatego cena nie jest urwana z kosmosu. Od osoby prywatnej, żadnych pośredników. Bardzo dobra lokalizacja w otoczeniu przystanków komunikacji miejskiej, szkół, przedszkoli, sklepów oraz Parku Śląskiego. Okna z widokiem na Park Śląski. Mieszkanie pierwsze na klatce schodowej, bez bezpośredniego sąsiada za ścianą, co daje dodatkowy komfort. Mieszkanie sąsiaduje bezpośrednio tylko z suszarnią. Przedpokój, łazienka, salon, sypialnia z balkonem oraz duża, ustawna kuchnia. Ogrzewanie centralne z budynku. Dodatkowo do użytku jest osobna, zamykana piwnica. Parking ze szlabanem dla mieszkańców. Mieszkanie czynszowe, ewentualnie możliwość założenia własnego zrzeszenia z innymi lokatorami, ponieważ jest wyodrębniona własność. Mieszkanie po remoncie, m.in.: - cała instalacja elektryczna, gazowa, kanalizacyjna. - drzwi antywłamaniowe. - piecyk gazowy (ciepła woda). - płyty regipsowe z gładziami. - malowane na biało. - nowe panele z listwami przypodłogowymi. - kafelki w łazience. Mieszkanie jednym słowem gotowe do aranżacji pod siebie. Osoby chętne mogą zobaczyć mieszkanie na dniu otwartym w każdą niedzielę (godzina do umówienia telefonicznie). Dla osoby zdecydowanej przedstawię 68-stronicowy operat ze zdjęciami z remontu i pełną ekspertyzą niezależnego biegłego sądowego. Cena do delikatnej negocjacji. Więcej zdjęć chętnie wyślę na e-mail. Zapraszam do kontaktu w razie pytań. W ogłoszeniu podany numer do Agnieszki. Ewentualnie numer do Rafał (2 nr kontaktowy)",tak,,,,,,50.274619,18.986287
Katowice Zawodzie,al. Walentego Roździeńskiego,3,55,440000,8000,bez pośredników,,8,https://adresowo.pl/o/mieszkanie-katowice-zawodzie-al-walentego-rozdzienskiego-3-pokojowe-n0h6o6,https://s2.adresowa.pl/oi/62/31/41412e_94a8_cover@2x-3-pokojowe-mieszkanie-katowice-zawodzie-al-walentego-rozdzienskiego.webp,Katowice Zawodzie,Walentego Roździeńskiego,24,1980,blok,,"Na sprzedaż przestronne i jasne mieszkanie o powierzchni 55 m², położone przy Al. Roździeńskiego w Katowicach, na popularnym osiedlu Gwiazdy. Mieszkanie znajduje się na 24. piętrze, dzięki czemu oferuje piękny, panoramiczny widok na Katowice i okolicę. W skład mieszkania wchodzą: 2 sypialnie, salon, osobna kuchnia, łazienka, osobne WC. Dodatkowym atutem jest komórka lokatorska znajdująca się bezpośrednio obok mieszkania, co zapewnia wygodny i łatwy dostęp do dodatkowej przestrzeni do przechowywania. Wnętrza są jasne, przestronne i funkcjonalne, dzięki czemu mieszkanie daje wiele możliwości aranżacyjnych i może być dostosowane zarówno do potrzeb rodziny, jak i inwestora. Osiedle Gwiazdy to lokalizacja zapewniająca wygodny dostęp do infrastruktury miejskiej. W najbliższej okolicy znajdują się: liczne sklepy i punkty usługowe, uczelnie, przystanki komunikacji miejskiej, tereny zielone, parki i place zabaw. Mieszkanie sprawdzi się również jako inwestycja. Mieszkanie przez około 10 lat było wynajmowane i przez cały ten okres nie było problemu ze znalezieniem najemców. Lokalizacja oraz układ mieszkania sprawiają, że może być interesującą propozycją również dla osób poszukujących nieruchomości pod wynajem. Zapraszam do kontaktu i obejrzenia mieszkania na żywo po wcześniejszym umówieniu się na dogodny dla obu stron termin.",tak,,osobna,,własność,,50.270233,19.06107
Katowice Dąb,ul. Bracka,2,40,zapytaj,,bez pośredników,,+74 podobne oferty,https://adresowo.pl/o/mieszkanie-katowice-dab-ul-bracka-2-pokojowe-h7h5f2,https://s2.adresowa.pl/development/674270/nowe-mieszkania-bracka-vita-625b_cover.jpg,Katowice Dąb,Bracka,6,2028,blok,,"Nowe mieszkanie 2-pokojowe o powierzchni 40,31 m² w inwestycji Bracka Vita dewelopera DEVELIA, na 6 piętrze w budynku 20 pod adresem ul. Bracka 20, Katowice Dąb. Planowany termin oddania to III kwartał 2028 roku. Bracka Vita Bracka Vita to nowoczesna inwestycja mieszkaniowa przy ul. Brackiej 20 w katowickiej dzielnicy Dąb, w sąsiedztwie Parku Śląskiego. Projekt łączy miejski charakter lokalizacji z bliskością zieleni, a architektura nawiązuje do industrialnej historii dawnej Huty Baildon. W pierwszym etapie zaplanowano około 132 mieszkań o powierzchni od ok. 38 do ok. 110 m², z układami od 2 do 5 pokoi. Atuty inwestycji: • Sąsiedztwo Parku Śląskiego i terenów zielonych. • Loggie lub tarasy oraz duże, dobrze doświetlone okna. • Zielone patia z ogrodem sensorycznym i strefami rekreacji. • Dogodna komunikacja – tramwaj, DTŚ i ścieżki rowerowe. • Lokale usługowe na terenie inwestycji. • Bliskość Silesia City Center, Spodka i Stadionu Śląskiego. Terminy realizacji: III/IV kw. 2028r. Niniejszy materiał nie stanowi oferty w rozumieniu Kodeksu cywilnego i ma charakter wyłącznie informacyjny. Szczegóły inwestycji oraz pełna oferta dostępne są na stronie internetowej: https://develia.pl/pl/",,,aneks,,własność,Wyposażenie: internet,50.269253,18.993573
Katowice Piotrowice,ul. Armii Krajowej,2,39,469000,12026,Pośrednik,,5,https://adresowo.pl/o/mieszkanie-katowice-piotrowice-ul-armii-krajowej-2-pokojowe-b6u6p5,https://s2.adresowa.pl/oi/30/3c/413fb4_347a_cover@2x-2-pokojowe-mieszkanie-katowice-piotrowice-ul-armii-krajowej.webp,Katowice Piotrowice,Armii Krajowej,parter,,blok,,"Na sprzedaż: jasne i funkcjonalne mieszkanie z balkonem – Katowice, ul. Armii Krajowej. Szukasz komfortowego mieszkania w spokojnej, a jednocześnie świetnie skomunikowanej części Katowice? Ta oferta może być dokładnie tym, czego potrzebujesz – zarówno do zamieszkania, jak i jako pewna inwestycja pod wynajem. Najważniejsze informacje: - Powierzchnia: 38,5 m² - Stan prawny: pełna własność - Dostępność: od zaraz - Klucze w biurze – szybkie prezentacje Funkcjonalny układ: - ustawna sypialnia – idealna dla pary lub najemcy - salon z aneksem kuchennym i wyjściem na balkon - łazienka z WC - duży balkon z widokiem na zieleń Mieszkanie jest jasne, dobrze doświetlone i daje duże możliwości aranżacyjne. Dodatkowym atutem jest świetlik w kuchni. Standard i udogodnienia: - zadbany blok - czysta klatka schodowa zabezpieczona domofonem - kameralne osiedle ze szlabanem - liczne miejsca postojowe dla mieszkańców Koszty: - niski czynsz - dodatkowo: tylko prąd Największe atuty: - ostatnie piętro – cisza i brak sąsiadów nad głową - świetny układ – maksymalne wykorzystanie przestrzeni - dużo światła dziennego - idealne pod inwestycję – duży popyt na wynajem w tej okolicy - spokojna okolica z zielenią Lokalizacja:Ulica Armii Krajowej to jedna z bardziej komfortowych lokalizacji do życia w Katowicach. W pobliżu znajdziesz: - sklepy i markety - przystanki komunikacji miejskiej - szkoły i usługi - tereny rekreacyjne Zadzwoń i umów się na prezentację Treść ogłoszenia nie stanowi oferty handlowej w rozumieniu przepisów Kodeksu Cywilnego i może ulec zmianie. Notus Finanse S.A.",,,,plastikowe,,,50.198484,18.977377
Katowice Śródmieście,ul. ks. kard. Bolesława Kominka,2,38,389000,10237,Pośrednik,,10,https://adresowo.pl/o/mieszkanie-katowice-srodmiescie-ul-ks-kard-boleslawa-kominka-2-pokojowe-e6k7r1,https://s2.adresowa.pl/oi/3e/5a/413258_845f_cover@2x-2-pokojowe-mieszkanie-katowice-srodmiescie-ul-ks-kard-boleslawa-kominka.webp,Katowice Śródmieście,ks. kard. Bolesława Kominka,1,,blok,,"Katowice Centrum ul. Kominka // 2 pokoje + balkon + piwnica Doskonałe pod wynajem jak i do zamieszkania WE SPEAK ENGLISH Mamy przyjemność zaprezentować Państwu ofertę 2 pokojowego mieszkania do wejścia w centrum Katowic. Mieszkanie znajduje się na 1 piętrze w 10 piętrowym bloku po termomodernizacji z windą przy ulicy Bolesława Kominka. MIESZKANIE SKŁADA SIĘ Z: - dwóch niezależnych pokoi - oddzielnej, widnej kuchni - łazienki z wc Dodatkowo do mieszkania przynależy piwnica. STANDARD/INORMACJE DODATKOWE: - Możliwość zakupu na kredyt - Mieszkanie z założoną księgą wieczystą - Odświeżone pokoje i parkiety, w pełni umeblowane i wyposażone, nie wymaga nakładów finansowych - Centralne ogrzewanie - Ciepła woda z piecyka gazowego - Okna PCV od strony cichego podwórka - Wymienione piony wodno - kanalizacyjne, ocieplony blok - Czynsz: ok. 800zł z zaliczkami na CO, wodę, fundusz remontowy przy zamieszkujących 2 osobach - Zarządca SM ""Górnik"" UWAGA: Dla wszystkich naszych klientów którzy zdecydują się na zakup nieruchomości mamy prezent w postaci karty rabatowej firmy Bel-Pol LOKALIZACJA: Kilka minut pieszo od AWF, ASP, UE - idealna lokalizacja dla studentów. Lokalizacja świetnie skomunikowana z pozostałymi częściami Katowic, jak i z miastami ościennymi - blisko wyjazdu na A4. W najbliższej okolicy pełna infrastruktura handlowo-usługowa oraz miejsca do wypoczynku - min. Park Kościuszki. KREDYT Niezależni doradcy kredytowi, z którymi współpracujemy pomagają we wszelkich formalnościach związanych z uzyskaniem kredytu na zakup nieruchomości. Bezpłatna konsultacja, sprawdzenie zdolności, przedstawienie najkorzystniejszych opcji spośród ofert różnych banków. Przeprowadzimy cały proces realizacji kredytu i zakupu nieruchomości. Zapraszamy do kontaktu! Treść niniejszego ogłoszenia nie stanowi oferty handlowej w rozumieniu Kodeksu Cywilnego.",,,,,własność,,50.264892,19.023782
Katowice Piotrowice,ul. Karola Szymanowskiego,3,61,639000,10475,bez pośredników,,12,https://adresowo.pl/o/mieszkanie-katowice-piotrowice-ul-karola-szymanowskiego-3-pokojowe-b0z7f9,https://s2.adresowa.pl/oi/12/62/4140e4_c0eb_cover@2x-3-pokojowe-mieszkanie-katowice-piotrowice-ul-karola-szymanowskiego.webp,Katowice Piotrowice,Karola Szymanowskiego,1,,blok,,"Dom posiada dwa odrębne, nowoczesne, świeżo wyremontowane mieszkania, przestronną klatkę schodową z drzwiami antywłamaniowymi, a także dwie odrębne, duże komórki lokatorskie po jednej dla każdego mieszkania i poddasze użytkowe na wyłączność dla mieszkania z tego ogłoszenia, a także miejsca parkingowe na ogrodzonym terenie przypisane do każdego z mieszkań. Teren budynku jest ogrodzony, monitorowany. Mieszkanie jest wykończone w wysokim standardzie, umeblowanie pozwala na wprowadzenie się bez ponoszenia dodatkowych kosztów. Energooszczędne ogrzewanie podłogowe, oświetlenie led. Świetna lokalizacja - cisza i spokój, dużo zieleni, a jednocześnie bliskość sklepów, przedszkoli, poczty, przychodni i przystanków autobusowych.",tak,,,plastikowe,własność,,50.206338,18.966798
Katowice Ligota,ul. Piotrowicka,2,54,619000,11463,bez pośredników,,11,https://adresowo.pl/o/mieszkanie-katowice-ligota-ul-piotrowicka-2-pokojowe-q2n9l3,https://s2.adresowa.pl/oi/7e/51/4140c0_3d15_cover@2x-2-pokojowe-mieszkanie-katowice-ligota-ul-piotrowicka.webp,Katowice Ligota,Piotrowicka,parter,,blok,,"Największym atutem nieruchomości jest prywatny ogród o powierzchni około 50 m², dostępny bezpośrednio z mieszkania. Duże przeszklenia i wyjście na taras sprawiają, że część mieszkalna naturalnie łączy się z ogrodem. To propozycja dla osób, które chcą mieszkać w mieście, a jednocześnie mieć własną zieloną przestrzeń do wypoczynku. Mieszkanie jest obecnie nieumeblowane, dzięki czemu nowy właściciel może od razu zaaranżować wnętrze według własnych potrzeb. Kuchnia jest wyposażona w zabudowę oraz sprzęt AGD - kuchenkę z piekarnikiem, okap i zmywarkę. Łazienka jest przestronna, utrzymana w neutralnej szaro-białej kolorystyce. Znajduje się w niej duża kabina prysznicowa, umywalka z szafką, lustro, wysoka szafka oraz grzejnik drabinkowy. Do mieszkania przynależą również komórka lokatorska o powierzchni ok. 4 m² oraz miejsce postojowe w garażu podziemnym. Najważniejsze informacje: - powierzchnia mieszkania: ok. 54 m² - parter - prywatny ogród: ok. 50 m² - taras i bezpośrednie wyjście do ogrodu - duże przeszklenia - wyposażona kuchnia - duża łazienka z kabiną prysznicową - komórka lokatorska ok. 4 m² - miejsce postojowe w garażu podziemnym - Osiedle Książęce, Katowice - mieszkanie dostępne do własnej aranżacji Ogród jest częściowo osłonięty zielenią. Można urządzić w nim strefę wypoczynkową z meblami ogrodowymi, miejsce do grillowania czy bezpieczną przestrzeń dla dziecka. Mieszkanie może być dobrym rozwiązaniem zarówno do zamieszkania, jak i jako nieruchomość inwestycyjna pod wynajem. Cena mieszkania: 619 000 zł Miejsce w garażu podziemnym: w cenie Komórka lokatorska: w cenie Zapraszam do kontaktu i umówienia prezentacji.",tak,tak,,drewniane,własność,"Wyposażenie: kuchenkę, piekarnik, zmywarkę",50.226083,18.969948
Katowice Brynów,ul. Ceglana,2,36,zapytaj,,bez pośredników,,+39 podobnych ofert,https://adresowo.pl/o/mieszkanie-katowice-brynow-ul-ceglana-2-pokojowe-v7b4w3,https://s2.adresowa.pl/development/561699/nowe-mieszkania-ceglana-park-911c_cover.jpg,Katowice Brynów,Ceglana,1,2027,blok,,"Nowe mieszkanie 2-pokojowe o powierzchni 36,50 m² w inwestycji Ceglana Park dewelopera DEVELIA, na 1 piętrze pod adresem ul. Ceglana, Katowice Brynów. Planowany termin oddania to I kwartał 2027 roku. Ceglana Park – zielone osiedle w sercu Katowic Ceglana Park to inwestycja, która łączy wygodę miejskiego życia z bliskością natury. Niska zabudowa, tereny zielone i starannie zaprojektowane przestrzenie wspólne tworzą kameralne miejsce, w którym można komfortowo mieszkać, odpoczywać i cieszyć się spokojem na co dzień. Atuty inwestycji: - Niemal 50% osiedla stanowią tereny zielone - Tężnia solankowa, staw i alejki spacerowe - Place zabaw i przestrzenie rekreacyjne - Niska zabudowa i kameralny charakter inwestycji - Bliskość Parku Kościuszki i Katowickiego Parku Leśnego - Dogodna komunikacja z centrum Katowic Terminy realizacji: Etap 7 – IV kwartał 2025 Etap 8 – I kwartał 2027 Etap 9 – I kwartał 2027 ________________________________________ Niniejszy materiał nie stanowi oferty w rozumieniu Kodeksu cywilnego i ma charakter wyłącznie informacyjny. Szczegóły inwestycji oraz pełna oferta dostępne są na stronie internetowej: https://develia.pl/pl/",,,,,własność,Wyposażenie: internet,50.244218,19.016307
Katowice Brynów,ul. Nasypowa,2,37,525000,14189,Pośrednik,,13,https://adresowo.pl/o/mieszkanie-katowice-brynow-ul-nasypowa-2-pokojowe-i0c2h1,https://s2.adresowa.pl/oi/4b/2b/411fd6_a7f4_cover@2x-2-pokojowe-mieszkanie-katowice-brynow-ul-nasypowa.webp,Katowice Brynów,Nasypowa,3,2019,apartamentowiec,,"Apartament Katowice Brynów 2 pokoje, podziemny garaż Mieszkanie o powierzchni 37,77m2 usytuowane na 3 piętrze 4 piętrowego apartamentowca (dostępna winda) w dzielnicy Brynów ul. Nasypowa (osiedle monitorowane). Budynek z 2019r. Mieszkanie składa się z salonu z aneksem kuchennym, sypialni, przedpokoju, łazienki z umywalką, prysznicem i toaletą oraz balkonu. Na podłogach panele. Ściany w gładziach. Łazienka w płytkach i glazurze. Mieszkanie w pełni umeblowane i wyposażone; Salon: sofa z funkcją spania, stolik kawowy, szafka RTV, 2 szafki z witryną Sypialnia: łóżko dwuosobowe, duża szafa, 2 szafki nocne Kuchnia: płyta ceramiczna, piekarnik, lodówka z zamrażarką, zmywarka, stół, 4 krzesła). Łazienka: kabina prysznicowa, podwieszana toaleta, pralka, szafka. Centralne ogrzewanie i ciepła woda z sieci miejskiej. Mieszkanie bez gazu. Do mieszkania przynależy miejsce postojowe w podziemnej hali garażowej. Czynsz z opłatą za garaż 610,-zł. Do mieszkania przynależy miejsce postojowe w podziemnym parkingu w cenie 50.000,-zł. Bardzo dobre skomunikowanie z centrum Katowic oraz z drogami wylotowymi z miasta (trasa w kierunku na Wisłę i Cieszyn oraz autostrada Kraków - Wrocław). Blisko przystanki miejskich autobusów i tramwaju (Centrum Przesiadkowe Brynów). W pobliżu sklepy osiedlowe, markety (Stokrotka, Aldi) i galeria Libero. W niedalekiej odległości tereny rekreacyjne: Park Kościuszki (ok. 1.900 m), Katowicki Park Leśny (ok. 900m). Powyższa oferta nie stanowi oferty handlowej w rozumieniu przepisów Kodeksu Cywilnego oraz innych właściwych przepisów prawnych i winna być interpretowana wyłącznie jak informacja",,tak,aneks,plastikowe,własność,"Wyposażenie: lodówka, piekarnik, pralka, tv, zmywarka",50.228005,18.990314
Katowice Śródmieście,al. Wojciecha Korfantego,2,47,340000,7234,Pośrednik,,9,https://adresowo.pl/o/mieszkanie-katowice-srodmiescie-al-wojciecha-korfantego-2-pokojowe-x4w5v4,https://s2.adresowa.pl/oi/57/45/411da0_46ce_cover@2x-2-pokojowe-mieszkanie-katowice-srodmiescie-al-wojciecha-korfantego.webp,Katowice Śródmieście,Wojciecha Korfantego,11,,kamienica,,"Katowice Centrum Korfantego - Superjednostka | 2 pokoje | 47 m2 + balkon ! + Parking + Portier + Obsługa techniczna 24/7 WE SPEAK ENGLISH TOP LOKALIZACJA! DOSKONAŁE POD WYNAJEM! Zapraszamy do zapoznania się z ofertą 2 pokojowego mieszkania z balkonem zlokalizowanego w katowickiej Superjednostce przy al. Korfantego. Mieszkanie o powierzchni 47 m2 znajduje się na 11 piętrze w 15 piętrowym ocieplonym bloku z czterema windami. MIESZKANIE SKŁADA SIĘ Z: - Przechodniego salonu z wyjściem na balkon - Mniejszego pokoju - Kuchni - Przedpokoju - pomieszczenia pełniącego funkcję garderoby - Komórki w mieszkaniu - Łazienki z wc + balkonu Parking dla mieszkańców zabezpieczony szlabanem (wjazd na kartę magnetyczną) SZCZEGOŁY OFERTY: - Możliwość zakupu na kredyt! - Wymaga remontu - Ogrzewanie z sieci miejskiej - Ciepła woda podgrzewana piecykiem gazowym - Wymienione piony wodno-kanalizacyjne - Czynsz: ok. 800 zł ( z zaliczkami m.in. na CO i wodę) - Budynek ocieplony- po termomodernizacji - Topowa lokalizacja! Mieszkania chętnie wynajmowane przez studentów LOKALIZACJA: Ścisłe centrum miasta, bliskość uczelni i punktów handlowo-usługowych. Dodatkowo, Katowice to dynamiczne rozwijające się miasto pełne możliwości kultura, rozrywka, edukacja i świetna komunikacja z innymi częściami regionu. Mieszkanie w tym miejscu to doskonała inwestycja. MOGĄ PAŃSTWO LICZYĆ NA: - bezpłatną konsultacje z niezależnym doradcą kredytowym; - bezpieczeństwo transakcji; - pomoc w załatwieniu formalności i skompletowaniu dokumentów niezbędnych do transakcji; - współpracę z najlepszymi notariuszami. Nasza firma specjalizuje się w kompleksowej obsłudze zarówno Polaków jak i obcokrajowców. Jesteśmy z Państwem na każdym etapie procesu zakupu, sprzedaży czy wynajmu nieruchomości począwszy od wyboru oferty i jej prezentacji po finalizację transakcji i przekazanie nieruchomości nowym właścicielom. KREDYT Niezależni doradcy kredytowi, z którymi współpracujemy pomagają we wszelkich formalnościach związanych z uzyskaniem kredytu na zakup nieruchomości. Bezpłatna konsultacja, sprawdzenie zdolności, przedstawienie najkorzystniejszych opcji spośród ofert różnych banków. Przeprowadzimy cały proces realizacji kredytu i zakupu nieruchomości. Zapraszamy do kontaktu! Treść niniejszego ogłoszenia nie stanowi oferty handlowej w rozumieniu Kodeksu Cywilnego.",,,,,własność,,50.26355,19.02113
Katowice Ligota,ul. Warmińska,2,47,389000,8277,bez pośredników,,12,https://adresowo.pl/o/mieszkanie-katowice-ligota-ul-warminska-2-pokojowe-m2p0u7,https://s2.adresowa.pl/oi/54/24/41409a_8a63_cover@2x-2-pokojowe-mieszkanie-katowice-ligota-ul-warminska.webp,Katowice Ligota,Warmińska,1,,blok,,"Na sprzedaż funkcjonalne, 2-pokojowe mieszkanie o powierzchni 47,47 m², położone przy ul. Warmińskiej w Katowicach-Ligocie, nieopodal ul. Medyków i Śląskiego Uniwersytetu Medycznego. Mieszkanie znajduje się na bardzo wygodnym 1. piętrze niskiego, 4-piętrowego bloku po termomodernizacji. Dużymi atutami nieruchomości są balkon, dwa niezależne pokoje, osobna kuchnia z oknem, łazienka z oknem, ogrzewanie miejskie oraz funkcjonalny układ pomieszczeń. UKŁAD MIESZKANIA Na powierzchnię 47,47 m² składają się: - przestronny salon z bezpośrednim wyjściem na balkon, - drugi, ustawny pokój, - osobna, widna kuchnia z oknem, - łazienka z WC i oknem, - przedpokój z miejscem do przechowywania. Do mieszkania przynależy również piwnica. Mieszkanie ma funkcjonalny układ, a duże okna zapewniają dostęp naturalnego światła. Z okien rozciąga się widok na zieleń. STAN MIESZKANIA Mieszkanie jest w stanie użytkowym i może być zamieszkane od razu, jednocześnie daje nowemu właścicielowi możliwość stopniowej modernizacji i aranżacji według własnych potrzeb. Ogrzewanie miejskie. Budynek przeszedł termomodernizację. OPŁATY Opłaty administracyjne wynoszą obecnie około 828 zł miesięcznie i obejmują m.in. fundusz remontowy oraz zaliczkę na centralne ogrzewanie. Opłaty za wodę oraz gospodarowanie odpadami zależą od zużycia i liczby zgłoszonych osób. LOKALIZACJA Mieszkanie znajduje się przy ul. Warmińskiej w Katowicach-Ligocie, nieopodal ul. Medyków, Śląskiego Uniwersytetu Medycznego oraz szpitali klinicznych. Lokalizacja jest dogodna zarówno dla osób szukających mieszkania dla siebie, jak i dla kupujących rozważających w przyszłości wynajem nieruchomości. W pobliżu znajdują się sklepy, punkty usługowe, przystanki komunikacji miejskiej oraz stacja kolejowa Katowice Ligota. Niedaleko znajdują się również tereny zielone i Lasy Panewnickie. NAJWAŻNIEJSZE INFORMACJE Powierzchnia: 47,47 m² Liczba pokoi: 2 Piętro: 1/4 Balkon: tak Piwnica: tak Kuchnia: osobna, z oknem Łazienka: z WC i oknem Ogrzewanie: miejskie Budynek: po termomodernizacji Winda: brak Opłaty administracyjne: ok. 828 zł Stan: użytkowy, z możliwością modernizacji Stan prawny: spółdzielcze własnościowe prawo do lokalu CENA: 389 000 zł ok. 8 216 zł/m² Zapraszam do kontaktu i umówienia się na prezentację mieszkania.",tak,,osobna,,spółdzielcze własnościowe,,50.222477,18.960456
Katowice Ligota,ul. Koszalińska,1,31,330000,10645,bez pośredników,,13,https://adresowo.pl/o/mieszkanie-katowice-ligota-ul-koszalinska-1-pokoj-h2y0p9,https://s2.adresowa.pl/oi/3a/11/413fda_9680_cover@2x-1-pokojowe-mieszkanie-katowice-ligota-ul-koszalinska.webp,Katowice Ligota,Koszalińska,1,2015,blok,,"Oferuję na sprzedaż mieszkanie o powierzchni 31 m² w Ligocie-Panewnikach. Znajduje się na pierwszym piętrze dziesięciopiętrowego bloku z wielkiej płyty - pełna termoizolacja ścian bloku wykonana w zeszłym roku. Mieszkanie jest w stanie do zamieszkania i zawiera niezbędne wyposażenie, w tym meble, pralkę, lodówkę oraz kuchenkę. Do dyspozycji jest również balkon oraz piwnica. W budynku jest winda, a ogrzewanie miejskie zapewnia komfort w zimowe dni. Mieszkanie znajduje się w niebywale cichej i spokojnej okolicy. Bardzo blisko do Uniwersytetu Medycznego, akademików UŚ, w pobliżu park Zadole, trasa drogowa ""Wiślanka"", bardzo dobrze skomunikowane autobusowo z centrum miasta, blisko przedszkole, szkoła podstawowa i liceum. Mieszkanie było remontowane kilka lat temu - aktualnie nie wymaga wkładu finansowego. Lokalizacja jest bardzo atrakcyjna. W pobliżu znajdują się liczne sklepy oraz punkty usługowe. Do dyspozycji są: - przystanki komunikacji miejskiej - szkoły podstawowe i przedszkola - parki i tereny zielone, takie jak Plac Miast Partnerskich - restauracje oraz kawiarnie, w tym Bar RIWIERA i Cafe Bordo. To idealne miejsce dla osób ceniących wygodę i dostęp do wszelkich udogodnień. Nie przegap tej okazji! Skontaktuj się, aby umówić się na prezentację. UWAGA - mieszkanie będzie dostępne do zamieszkania od grudnia 2026r.",tak,,,plastikowe,własność,"Wyposażenie: kuchenkę, lodówkę, pralkę",50.2236,18.972203
Katowice Dąb,ul. Bracka,3,58,zapytaj,,bez pośredników,,+33 podobne oferty,https://adresowo.pl/o/mieszkanie-katowice-dab-ul-bracka-3-pokojowe-w1c2p6,https://s2.adresowa.pl/development/674270/nowe-mieszkania-bracka-vita-625b_cover.jpg,Katowice Dąb,Bracka,15,2028,blok,,"Nowe mieszkanie 3-pokojowe o powierzchni 58,47 m² w inwestycji Bracka Vita dewelopera DEVELIA, na 15 piętrze w budynku 20 pod adresem ul. Bracka 20, Katowice Dąb. Planowany termin oddania to III kwartał 2028 roku. Bracka Vita Bracka Vita to nowoczesna inwestycja mieszkaniowa przy ul. Brackiej 20 w katowickiej dzielnicy Dąb, w sąsiedztwie Parku Śląskiego. Projekt łączy miejski charakter lokalizacji z bliskością zieleni, a architektura nawiązuje do industrialnej historii dawnej Huty Baildon. W pierwszym etapie zaplanowano około 132 mieszkań o powierzchni od ok. 38 do ok. 110 m², z układami od 2 do 5 pokoi. Atuty inwestycji: • Sąsiedztwo Parku Śląskiego i terenów zielonych. • Loggie lub tarasy oraz duże, dobrze doświetlone okna. • Zielone patia z ogrodem sensorycznym i strefami rekreacji. • Dogodna komunikacja – tramwaj, DTŚ i ścieżki rowerowe. • Lokale usługowe na terenie inwestycji. • Bliskość Silesia City Center, Spodka i Stadionu Śląskiego. Terminy realizacji: III/IV kw. 2028r. Niniejszy materiał nie stanowi oferty w rozumieniu Kodeksu cywilnego i ma charakter wyłącznie informacyjny. Szczegóły inwestycji oraz pełna oferta dostępne są na stronie internetowej: https://develia.pl/pl/",,,aneks,,własność,Wyposażenie: internet,50.269253,18.993573
Katowice Koszutka,ul. Morwowa,2,34,275000,8088,Pośrednik,,10,https://adresowo.pl/o/mieszkanie-katowice-koszutka-ul-morwowa-2-pokojowe-e6g9p2,https://s2.adresowa.pl/oi/2f/29/41033a_275a_cover@2x-2-pokojowe-mieszkanie-katowice-koszutka-ul-morwowa.webp,Katowice Koszutka,Morwowa,3,1969,blok,,"Katowice Koszutka ul. Morwowa / Wierzbowa - 2 pokoje / 34m2 WE SPEAK ENGLISH ŚWIETNA LOKALIZACJA IDEALNE ZARÓWNO POD WYNAJEM JAK I DO ZAMIESZKANIA Zapraszamy do zapoznania się z ofertą 2 pokojowego mieszkania o powierzchni 34 m2, w najatrakcyjniejszej dzielnicy Katowic - Koszutce. Nieruchomość znajduje się na 3 piętrze w 4 piętrowym, kameralnym bloku przy ulicy Morwowej / Wierzbowej. SKŁADA SIĘ Z: - salonu z wejściem do sypialni i kuchni - częściowo otwartej kuchni - łazienki z wc - przedpokoju DODATKOWO Do mieszkania przynależy piwnica. SZCZEGÓŁY OFERTY - Możliwość zakupu na kredyt - Mieszkanie ustawne i jasne - Wymienione piony wodno-kanalizacyjne - Mieszkanie z dużym potencjałem aranżacyjnym i inwestycyjnym - Okna PCV - Na podłogach nowe panele - Nowe drzwi wejściowe - Centralne ogrzewanie - Świeżo odmalowane, łazienka (bez glazury do skucia) i kuchnia do wykończenia - Ciepła woda z piecyka gazowego - Czynsz: 560zł z zaliczkami na CO i fundusz remontowy LOKALIZACJA Świetna lokalizacja! Wszędzie blisko! W pobliżu przystanki tramwajowe i autobusowe, spodek, sklepy, przychodnia, targowisko, szkoły, uczelnie, komfortowy wyjazd na DTŚ w kierunku Chorzowa i Sosnowca. MOGĄ PAŃSTWO LICZYĆ NA: - bezpłatną konsultację z niezależnym doradcą kredytowym; - bezpieczeństwo transakcji; - pomoc w załatwieniu formalności i skompletowaniu dokumentów niezbędnych do transakcji; - współpracę z najlepszymi notariuszami. Nasza firma specjalizuje się w kompleksowej obsłudze zarówno Polaków jak i obcokrajowców. Jesteśmy z Państwem na każdym etapie procesu zakupu, sprzedaży czy wynajmu nieruchomości począwszy od wyboru oferty i jej prezentacji po finalizację transakcji i przekazanie nieruchomości nowym właścicielom. KREDYT Niezależni doradcy kredytowi, z którymi współpracujemy pomagają we wszelkich formalnościach związanych z uzyskaniem kredytu na zakup nieruchomości. Bezpłatna konsultacja, sprawdzenie zdolności, przedstawienie najkorzystniejszych opcji spośród ofert różnych banków. Przeprowadzimy cały proces realizacji kredytu i zakupu nieruchomości. Zapraszamy na prezentację! Treść niniejszego ogłoszenia nie stanowi oferty handlowej w rozumieniu Kodeksu Cywilnego.",,,,plastikowe,własność,,50.27209,19.03024
Katowice Piotrowice,ul. Sowia,3,89,829000,9315,Pośrednik,,27,https://adresowo.pl/o/mieszkanie-katowice-piotrowice-ul-sowia-3-pokojowe-i8q6q9,https://s2.adresowa.pl/oi/3b/27/40f696_8db6_cover@2x-3-pokojowe-mieszkanie-katowice-piotrowice-ul-sowia.webp,Katowice Piotrowice,Sowia,1,2011,apartamentowiec,,"Na sprzedaż 3-pokojowe mieszkanie położone na zamkniętym, kameralnym osiedlu Miłe Zacisze przy ul. Sowiej w Katowicach. Lokal znajduje się na 1. piętrze niskiego budynku, składającego się jedynie z parteru i piętra. Okna wychodzą na trzy strony świata: południe, zachód oraz wschód, dzięki czemu mieszkanie jest dobrze doświetlone o różnych porach dnia. MIESZKANIE: Powierzchnia lokalu wynosi 83,26 m² . W jego skład wchodzą: duży salon połączony z aneksem kuchennym i częścią jadalnianą, sypialnia z prywatną łazienką wyposażoną w wannę, mały pokój, który może pełnić funkcję pokoju dziecięcego, gabinetu lub pokoju gościnnego, druga łazienka z kabiną prysznicową, przedpokój z miejscem do przechowywania. Z salonu prowadzi wyjście na balkon typu loggia ( 7,31 m² ). Drewniane panele zapewniają większą prywatność i osłonę przed intensywnym słońcem, a wielkość balkonu pozwala stworzyć tutaj przyjemną strefę wypoczynkową. Mieszkanie jest funkcjonalnie podzielone na część dzienną i prywatną. Duży salon stanowi centralną część wnętrza, natomiast sypialnia z własną łazienką zapewnia domownikom wygodę na co dzień. Jego układ, metraż oraz dwie łazienki dają bardzo dobrą bazę do stworzenia wnętrza dopasowanego do własnych potrzeb. DODATKOWE ATUTY okna na trzy strony świata: południe, zachód i wschód, rolety zewnętrzne, ogrzewanie podłogowe oraz grzejniki, balkon typu loggia, dwie łazienki dwie komórki lokatorskie - jedna tuż obok mieszkania, druga w hali garażowej, miejsce postojowe w hali garażowej, 1 i zarazem ostatnie piętro - niska zabudowa (kameralny budynek) i tylko cztery mieszkania w klatce schodowej, zamknięte osiedle. OPŁATY Czynsz administracyjny wynosi 1 371,41 zł i obejmuje m.in. zaliczki na centralne ogrzewanie, wodę, wywóz odpadów dla trzech osób oraz fundusz remontowy. CENA Cena mieszkania: 829 000 zł Miejsce postojowe w hali garażowej: 40 000 zł Łączna cena nieruchomości wraz z miejscem postojowym wynosi 869 000 zł. Zakup miejsca postojowego jest obligatoryjny. OSIEDLE I OTOCZENIE Miłe Zacisze to zamknięte osiedle położone w spokojnej części południowych Katowic, w otoczeniu niskiej zabudowy i domów jednorodzinnych. To propozycja dla osób, które chcą mieszkać z dala od ścisłego centrum, a jednocześnie zachować dostęp do miejskiej infrastruktury. W najbliższym otoczeniu znajdują się sklepy, punkty usługowe, placówki edukacyjne i przystanki komunikacji miejskiej. Dużym atutem dla rodzin jest położony niedaleko rozbudowany plac zabaw. Okolica sprzyja również spacerom i codziennemu wypoczynkowi. Zapraszam do kontaktu i umówienia prezentacji mieszkania. Oferta na wyłączność. Kupujący nie płaci prowizji - wynagrodzenie biura nieruchomości pokrywa Sprzedający. Pośrednik odpowiedzialny zawodowo za wykonanie umowy pośrednictwa: Monika Biały (licencja nr: 28989)",tak,tak,,plastikowe,własność,,50.199049,18.964424
Katowice Muchowiec,ul. gen. Władysława Sikorskiego,2,44,379000,8614,bez pośredników,,9,https://adresowo.pl/o/mieszkanie-katowice-muchowiec-ul-gen-wladyslawa-sikorskiego-2-pokojowe-f4w4z8,https://s2.adresowa.pl/oi/10/60/413f94_47ec_cover@2x-2-pokojowe-mieszkanie-katowice-muchowiec-ul-gen-wladyslawa-sikorskiego.webp,Katowice Muchowiec,gen. Władysława Sikorskiego,9,1976,blok,,"Sprzedaję mieszkanie o powierzchni 44 m² na 9. piętrze w bloku z wielkiej płyty. Nieruchomość jest w dobrym stanie, gotowa do zamieszkania. W wyposażeniu znajdziesz meble, lodówkę, kuchenkę oraz piekarnik. Mieszkanie ma balkon, piwnicę i oddzielną kuchnię. W budynku znajduje się winda oraz domofon. Lokalizacja to Osiedle Paderewskiego-Muchowiec w Katowicach. W okolicy znajdują się: - sklepy spożywcze oraz Centrum Handlowe ""3 Stawy"" - parki i tereny zielone - przystanki komunikacji miejskiej - szkoły podstawowe - żłobki i przedszkola Dzięki bliskości transportu publicznego, dojazd do centrum Katowic jest szybki i wygodny. W okolicy są również miejsca do aktywnego wypoczynku oraz usługi zdrowotne. Zapraszam do kontaktu, aby umówić się na prezentację mieszkania! !!! BEZ POŚREDNIKÓW !!!",tak,,osobna,plastikowe,,"Wyposażenie: kuchenkę, lodówkę, piekarnik",50.252394,19.037553
Katowice,Brynów,2,45,660000,14667,bez pośredników,,6,https://adresowo.pl/o/mieszkanie-katowice-brynow-2-pokojowe-45-m2-v7e6b0,https://s2.adresowa.pl/oi/4a/5f/413ef8_f041_cover@2x-2-pokojowe-mieszkanie-katowice-brynow.webp,Katowice Brynów,,3,2020,apartamentowiec,,"Mieszkanie 45m2 z dużym balkonem 6m2 i pięknym widokiem na staw na osiedlu Ceglana Park. Mieszkanie jest umeblowane. Do wykupienia również miejsce postojowe w garażu podziemnym za 55000 zł. Jest to jedna księga wieczysta - mieszkanie + garaż. Sprzedaż bez pośredników i prowizji. Biurom nieruchomości serdecznie dziękuję, więc szkoda czasu. W razie pytań proszę dzwonić/pisać.",,tak,,,,,50.236363,18.993464
Katowice Brynów,ul. Ceglana,3,55,zapytaj,,bez pośredników,,+28 podobnych ofert,https://adresowo.pl/o/mieszkanie-katowice-brynow-ul-ceglana-3-pokojowe-t0n8b4,https://s2.adresowa.pl/development/561699/nowe-mieszkania-ceglana-park-911c_cover.jpg,Katowice Brynów,Ceglana,parter,2027,blok,,"Nowe mieszkanie 3-pokojowe o powierzchni 55,74 m² w inwestycji Ceglana Park dewelopera DEVELIA, na parterze pod adresem ul. Ceglana, Katowice Brynów. Planowany termin oddania to I kwartał 2027 roku. Ceglana Park – zielone osiedle w sercu Katowic Ceglana Park to inwestycja, która łączy wygodę miejskiego życia z bliskością natury. Niska zabudowa, tereny zielone i starannie zaprojektowane przestrzenie wspólne tworzą kameralne miejsce, w którym można komfortowo mieszkać, odpoczywać i cieszyć się spokojem na co dzień. Atuty inwestycji: - Niemal 50% osiedla stanowią tereny zielone - Tężnia solankowa, staw i alejki spacerowe - Place zabaw i przestrzenie rekreacyjne - Niska zabudowa i kameralny charakter inwestycji - Bliskość Parku Kościuszki i Katowickiego Parku Leśnego - Dogodna komunikacja z centrum Katowic Terminy realizacji: Etap 7 – IV kwartał 2025 Etap 8 – I kwartał 2027 Etap 9 – I kwartał 2027 ________________________________________ Niniejszy materiał nie stanowi oferty w rozumieniu Kodeksu cywilnego i ma charakter wyłącznie informacyjny. Szczegóły inwestycji oraz pełna oferta dostępne są na stronie internetowej: https://develia.pl/pl/",,,,,własność,Wyposażenie: internet,50.244218,19.016307
Katowice Bogucice,ul. Karoliny,3,49,650000,13265,Pośrednik,,20,https://adresowo.pl/o/mieszkanie-katowice-bogucice-ul-karoliny-3-pokojowe-j0g4b5,https://s2.adresowa.pl/oi/69/6b/40e242_cb8e_cover@2x-3-pokojowe-mieszkanie-katowice-bogucice-ul-karoliny.webp,Katowice Bogucice,Karoliny,4,2021,blok,,"Eastate ma przyjemność zaoferować 3 pokojowe mieszkanie na Os. Karoliny. LOKALIZACJA: Największym atutem Os. Karoliny jest świetnie skomunikowana lokalizacja zapewniająca sprawny dostęp do centrum Katowic oraz najważniejszych punktów aglomeracji. W najbliższej okolicy znajduje się wszystko, czego potrzeba na co dzień – sklepy (Biedronka 100m), usługi, komunikacja miejska oraz miejsca sprzyjające aktywnemu wypoczynkowi MIESZKANIE I BUDYNEK: Oferowany lokal to komfortowe mieszkanie o powierzchni blisko 50 m², oferujące funkcjonalny układ 3 pokoi, w tym przestronny salon z aneksem kuchennym oraz wyjściem na duży balkon. Do dyspozycji mieszkańców jest również nowoczesna łazienka z wanną z funkcją prysznicu. Mieszkanie znajduje się na 4. piętrze w 7-piętrowym budynku z windą, wybudowanym w 2021 roku, na zamkniętym i zadbanym osiedlu. Lokal jest w pełni wyposażony w sprzęt AGD i gotowy do wprowadzenia. Dużym atutem jest położenie budynku jako ostatniego w zabudowie – okna nie wychodzą bezpośrednio na sąsiednie bloki, co zapewnia większą prywatność, poczucie przestrzeni i kameralną atmosferę. Ciepła woda jaki ogrzewanie - miejskie. Opłaty wliczone w czynsz Ze względu na układ jak i lokalizację mieszkanie będzie idealnym wyborem dla rodziny lub jako inwestycja. Mieszkania na tym osiedlu cieszą się dużą popularnością na rynku najmów długoterminowych. FINANSE: Cena - 650 000 PLN Czynsz - 750zł W Eastate Agency wspieramy klientów w sprzedaży, wynajmie i poszukiwaniach nieruchomości - zarówno na rynku wtórnym, pierwotnym, jak i komercyjnym. Pomagamy także w wyborze nieruchomości inwestycyjnych - pod wynajem lub długoterminowe lokowanie kapitału. Zajmujemy się również zarządzaniem najmem, a klientom finansującym zakup kredytem umożliwiamy bezpłatny kontakt z doradcą kredytowym.",,,,plastikowe,własność,,50.271128,19.038643
Katowice,ul. Braci Mniejszych,3,53,730000,13774,Pośrednik,,20,https://adresowo.pl/o/mieszkanie-katowice-ul-braci-mniejszych-3-pokojowe-v0f1g5,https://s2.adresowa.pl/oi/44/29/40e23e_2dd8_cover@2x-3-pokojowe-mieszkanie-katowice-ul-braci-mniejszych.webp,Katowice ,Braci Mniejszych,parter,2017,blok,,"Eastate ma przyjemność zaoferować 3 pokojowe mieszkanie z dużym ogródkiem. LOKALIZACJA: Os Franciszkańskie to lokalizacja która zapewnia doskonałe połączenie bliskości terenów zielonych z wygodnym dostępem do centrum Katowic – w sąsiedztwie znajdują się Las Panewnicki, ścieżki spacerowe i rowerowe oraz pełna infrastruktura handlowo-usługowa. Dodatkowym atutem jest szybki dojazd do autostrady A4 i dróg krajowych, a także dogodna komunikacja z centrum miasta i okolicznymi dzielnicami. MIESZKANIE I BUDYNEK: Oferowany lokal to funkcjonalne i w pełni wyposażone mieszkanie o powierzchni blisko 54 m², usytuowane na parterze nowoczesnego, 5-piętrowego budynku. Lokal składa się z salonu z aneksem kuchennym, dwóch niezależnych sypialni oraz łazienki. Mieszkanie jest w pełni umeblowane i po delikatnym odświeżeniu gotowe do zamieszkania. Kuchnia została wykonana w zabudowie i wyposażona w kompletny sprzęt AGD, a liczne szafy i zabudowy zapewniają dużą ilość miejsca do przechowywania, dzięki czemu przestrzeń jest wyjątkowo funkcjonalna. Do mieszkania przynależy komórka lokatorska, idealna do przechowywania rowerów, sprzętu sportowego czy sezonowych rzeczy. Największym atutem nieruchomości jest prywatny ogród o powierzchni ponad 100 m², ogrodzony. To doskonałe miejsce do wypoczynku, spotkań z rodziną i przyjaciółmi, zabawy z dziećmi czy relaksu przy porannej kawie, oferujące komfort porównywalny z własnym domem przy zachowaniu wszystkich zalet mieszkania. Prze budynkiem dostępna jest duża ilość ogólnodostępnych miejsc parkingowych FINANSE: Cena - 730 000PLN Czynsz - ok 1000-1100zł W Eastate Agency wspieramy klientów w sprzedaży, wynajmie i poszukiwaniach nieruchomości - zarówno na rynku wtórnym, pierwotnym, jak i komercyjnym. Pomagamy także w wyborze nieruchomości inwestycyjnych - pod wynajem lub długoterminowe lokowanie kapitału. Zajmujemy się również zarządzaniem najmem, a klientom finansującym zakup kredytem umożliwiamy bezpłatny kontakt z doradcą kredytowym.",tak,,,plastikowe,własność,,50.23196,18.964056
Katowice,Giszowiec,3,53,390000,7358,bez pośredników,,6,https://adresowo.pl/o/mieszkanie-katowice-giszowiec-3-pokojowe-53-m2-v5h4g5,https://s2.adresowa.pl/oi/10/12/413ae4_8cb1_cover@2x-3-pokojowe-mieszkanie-katowice-giszowiec.webp,Katowice Giszowiec,,1,,blok,,"Oferuję na sprzedaż mieszkanie o powierzchni 53,43 m², usytuowane na pierwszym piętrze bloku. Wnętrze utrzymane w jasnych kolorach, co sprawia, że jest przestronne i przyjemne. Mieszkanie jest do własnej aranżacji, co daje Ci możliwość stworzenia wymarzonej przestrzeni.",,,,,,,50.223999,19.065001
Katowice Brynów,ul. Warzywna,2,37,300000,8108,bez pośredników,,8,https://adresowo.pl/o/mieszkanie-katowice-brynow-ul-warzywna-2-pokojowe-x5n9w0,https://s2.adresowa.pl/oi/6f/2b/413ac6_5524_cover@2x-2-pokojowe-mieszkanie-katowice-brynow-ul-warzywna.webp,Katowice Brynów,Warzywna,parter,1963,blok,,"Bez pośredników! 300 tys. Na sprzedaż: Katowice Brynów Na sprzedaż 35m2 plus piwnica 2m2 w świetnej lokalizacji. Salon z aneksem kuchennym plus sypialnia. W mieszkaniu zostają wszystkie sprzęty AGD: lodówka, zmywarka, płyta indukcyjna, piekarnik oraz pralka. Mieszkanie znajduje się w cichej i zielonej okolicy przy pętli Brynowskiej. Mieszkanie jasne, przytulne, 7 lat temu przyszło generalny remont, łącznie z wymianą wszystkich instalacji. Ogrzewanie elektryczne na maty infra red. Obecnie został złożony wniosek do wspólnoty aby zamontować klimatyzatora z funkcją grzania. Parking tylko dla mieszkańców wspólnoty. Nigdy nie ma problemów z miejscem. Na piechotę: Lidl, Libero, Park Kościuszki, Muchowiec, Czynsz jedyne 270 zł Fliperom i biurom nieruchomości dziękuję! Zaprasza do kontaktu Małgorzata Kaczmarczyk",tak,tak,aneks,plastikowe,własność,"Wyposażenie: lodówka, piekarnik, pralka, zmywarka",50.224969,18.997003
Katowice Brynów,ul. Ceglana,1,33,zapytaj,,bez pośredników,,+1 podobna oferta,https://adresowo.pl/o/mieszkanie-katowice-brynow-ul-ceglana-1-pokoj-f6f9t9,https://s2.adresowa.pl/development/561699/nowe-mieszkania-ceglana-park-911c_cover.jpg,Katowice Brynów,Ceglana,2,2027,blok,,"Nowe mieszkanie 1-pokojowe o powierzchni 33,90 m² w inwestycji Ceglana Park dewelopera DEVELIA, na 2 piętrze pod adresem ul. Ceglana, Katowice Brynów. Planowany termin oddania to I kwartał 2027 roku. Ceglana Park – zielone osiedle w sercu Katowic Ceglana Park to inwestycja, która łączy wygodę miejskiego życia z bliskością natury. Niska zabudowa, tereny zielone i starannie zaprojektowane przestrzenie wspólne tworzą kameralne miejsce, w którym można komfortowo mieszkać, odpoczywać i cieszyć się spokojem na co dzień. Atuty inwestycji: - Niemal 50% osiedla stanowią tereny zielone - Tężnia solankowa, staw i alejki spacerowe - Place zabaw i przestrzenie rekreacyjne - Niska zabudowa i kameralny charakter inwestycji - Bliskość Parku Kościuszki i Katowickiego Parku Leśnego - Dogodna komunikacja z centrum Katowic Terminy realizacji: Etap 7 – IV kwartał 2025 Etap 8 – I kwartał 2027 Etap 9 – I kwartał 2027 ________________________________________ Niniejszy materiał nie stanowi oferty w rozumieniu Kodeksu cywilnego i ma charakter wyłącznie informacyjny. Szczegóły inwestycji oraz pełna oferta dostępne są na stronie internetowej: https://develia.pl/pl/",,,,,własność,Wyposażenie: internet,50.244218,19.016307
Katowice,ul. gen. Zygmunta Waltera Jankego,2,41,431000,10512,Pośrednik,,4,https://adresowo.pl/o/mieszkanie-katowice-ul-gen-zygmunta-waltera-jankego-2-pokojowe-s1q1j6,https://s2.adresowa.pl/oi/4d/5e/40c854_8138_cover@2x-2-pokojowe-mieszkanie-katowice-ul-gen-zygmunta-waltera-jankego.webp,Katowice ,gen. Zygmunta Waltera Jankego,3,2027,apartamentowiec,,"Nowoczesne mieszkania w zielonej i spokojnej części Katowic Zamieszkaj w miejscu, które łączy komfort życia w mieście z bliskością natury. Kameralna zabudowa, dużo zieleni oraz spokojne otoczenie tworzą idealne warunki zarówno do życia, jak i odpoczynku po pracy. To propozycja dla osób ceniących równowagę między wygodą a prywatnością. Dostępne są również lokale nieprezentowane w sieci. Atuty inwestycji:- Kameralne osiedle o nowoczesnej architekturze - Funkcjonalne układy mieszkań o zróżnicowanych metrażach - Duże przeszklenia zapewniające dobre doświetlenie wnętrz - Wysoki standard części wspólnych - Strefa dla mieszkańców (relaks / praca) - Siłownia i przestrzeń fitness - Sala zabaw dla dzieci oraz plac zabaw - Lokale usługowe na terenie osiedla - Garaż podziemny oraz miejsca naziemne - Monitoring i podwyższony standard bezpieczeństwa - Możliwość instalacji ładowarek do samochodów elektrycznych - Pełna dostępność (windy, brak barier architektonicznych) Lokalizacja i otoczenie:- Spokojna, zielona dzielnica - Bliskość terenów leśnych i rekreacyjnych - Idealne miejsce dla osób aktywnych oraz rodzin - Kameralne sąsiedztwo, z dala od miejskiego zgiełku Komunikacja i infrastruktura:- Szybki dojazd do centrum miasta - Dobry dostęp do głównych dróg - Rozwinięta infrastruktura w pobliżu (sklepy, szkoły, usługi) - Wygodne połączenie z innymi częściami miasta Filip Masłowski",,tak,,,,,50.208376,18.973749
Katowice,,4,62,800058,12904,Pośrednik,,5,https://adresowo.pl/o/mieszkanie-katowice-4-pokojowe-62-m2-r8n0x1,https://s2.adresowa.pl/oi/34/65/40c666_4fd2_cover@2x-4-pokojowe-mieszkanie-katowice.webp,Katowice,,4,2026,apartamentowiec,,"Na sprzedaż funkcjonalne mieszkanie o powierzchni 62 m², położone w nowoczesnej inwestycji w Katowicach. Przemyślany układ obejmuje jasny salon z aneksem kuchennym, ustawną sypialnię, pokój, łazienkę oraz funkcjonalny korytarz. Dodatkowym atutem mieszkania jest balkon. Rozkład pomieszczeń:- salon z aneksem kuchennym - sypialnia - pokój - pokój - łazienka - druga łazienka - korytarz Jednym z największych atutów inwestycji jest jej znakomita lokalizacja. Kilkunastominutowy spacer pozwala dotrzeć na katowicki Rynek – centrum miejskich wydarzeń kulturalnych, rozrywki i życia społecznego. Zaledwie 4 minuty jazdy dzielą mieszkańców od autostrady A4, zapewniającej szybki dojazd do głównych kierunków podróży krajowych i europejskich. W podobnym czasie można dotrzeć do Drogowej Trasy Średnicowej, umożliwiającej sprawne przemieszczanie się po Katowicach i całej aglomeracji. W bezpośrednim sąsiedztwie znajduje się również popularna Dolina Trzech Stawów. Rozległe tereny zielone, stawy, ścieżki spacerowe i trasy rowerowe tworzą doskonałe warunki do rekreacji, aktywnego wypoczynku oraz relaksu na świeżym powietrzu. Odbywają się tam także liczne wydarzenia kulturalne i rekreacyjne. To doskonała propozycja dla singla, pary lub inwestora poszukującego nowoczesnej nieruchomości w dobrze skomunikowanej części Katowic, blisko centrum i terenów zielonych. Prezentowane mieszkanie to tylko jedna z wielu atrakcyjnych propozycji dostępnych w tej inwestycji. W sprzedaży znajdują się lokale o różnych metrażach, układach i liczbie pokoi, dzięki czemu mogę dopasować ofertę. Cena: 800 058 zł. Brak Prowizji! Brak podatku PCC! Współpraca ze mną to: - brak kosztów - profesjonalne doradztwo - wiele ofert dostępnych w jednym miejscu - jestem dostępny dla Państwa na każdym etapie transakcji - nasi eksperci finansowi mogą od razu dobrać Państwu najkorzystniejszy kredyt Zapraszam do kontaktu i umówienia prezentacji. Mieszkanie oferowane jest w stanie deweloperskim. Przedstawione wizualizacje mają charakter poglądowy i prezentują przykładową możliwość aranżacji wnętrza. Materiały wykorzystano we współpracy z Quality Investment. NOTUS Finanse S.A. występuje w charakterze pośrednika w obrocie nieruchomościami. Powyższa oferta ma charakter informacyjny i nie stanowi oferty handlowej w rozumieniu art. 66 § 1 Kodeksu cywilnego. Notus Finanse S.A.",tak,tak,aneks,plastikowe,,,50.264892,19.023782
Katowice Brynów,ul. Wróbli,5,161,1790000,11118,bez pośredników,,22,https://adresowo.pl/o/mieszkanie-katowice-brynow-ul-wrobli-5-pokojowe-n2e7q3,https://s2.adresowa.pl/oi/7d/38/412d14_f612_cover@2x-5-pokojowe-mieszkanie-katowice-brynow-ul-wrobli.webp,Katowice Brynów,Wróbli,1,2008,blok,,"Na sprzedaż przestronne, komfortowe mieszkanie w luksusowej dzielnicy Katowic, położonej w sercu Osiedla Ptasiego. Mieszkanie usytuowane jest na 1. piętrze budynku z 2008 roku i oferuje wyjątkowy standard życia w jednej z najbardziej pożądanych lokalizacji w Katowicach. 2 miejsca garażowe w cenie nieruchomości. Podstawowe informacje o nieruchomości: Powierzchnia: 161,72 m² Liczba pokoi: 5 + 3 łazienki + 2 garderoby + balkon (z dostępem z 3 pokoi i jadalni) Atuty: mieszkanie idealne, zaprojektowane dla rodziny z dziećmi, podzielone na 3 strefy, przemyślany rozkład. Rozkład pomieszczeń: Przestronny salon z jadalnią oraz otwartą kuchnią w zabudowie na wymiar, z wyjściem na balkon/taras - idealny do wypoczynku. Sypialnia główna (master bedroom) z prywatną łazienką oraz garderobą. Dwie sypialnie aktualnie zaaranżowane na pokoje dziecięce, zaprojektowane z myślą o komforcie najmłodszych mieszkańców. Urocza łazienka sąsiadująca z pokojami dziecięcymi, wyposażona w wannę. Garderoba dziecięca umieszczona naprzeciwko pokoi dziecięcych. Garderoba ogólna umieszczona tuż przy wejściu do mieszkania. Przestronny korytarz, który może pełnić funkcję miejsca do zabawy lub dodatkowej strefy użytkowej. Przestrzeń zaprojektowana z myślą o rodzinach z dziećmi. To wyjątkowe mieszkanie łączy w sobie elegancję, funkcjonalność i świetną lokalizację. Jeśli marzysz o życiu w sercu Katowic, w otoczeniu zieleni (Park Kościuszki oraz Park Stachonia/ Muchowiec), prestiżowej architektury i bogatej infrastruktury, jest to oferta dla Ciebie. Dodatkowe informacje: Czynsz administracyjny: 2.000 zł. Lokalizacja i infrastruktura: Mieszkanie jest doskonale skomunikowane - w bezpośrednim sąsiedztwie znajduje się przystanek linii tramwajowych, co zapewnia szybki dostęp do centrum miasta oraz okolic Katowic. Dodatkowo bliski wylot na obwodnicę Katowic oraz A4, co pozwala na wygodny dojazd w inne rejony aglomeracji i poza nią. W okolicy znajdują się renomowane szkoły i przedszkola, a także place zabaw, liczne punkty usługowe, sklepy, restauracje i szpital. Mieszkańcy Osiedla Ptasiego mogą korzystać z licznych terenów rekreacyjnych, ścieżek rowerowych oraz zieleni miejskiej. Przedstawiona oferta nie jest ofertą handlową w rozumieniu przepisów prawa, lecz ma charakter informacyjny.",,tak,aneks,plastikowe,własność,,50.234777,19.005244
Katowice Piotrowice,ul. Jaworowa,3,64,483000,7547,bez pośredników,,7,https://adresowo.pl/o/mieszkanie-katowice-piotrowice-ul-jaworowa-3-pokojowe-n6o5p1,https://s2.adresowa.pl/oi/11/64/412d10_eaba_cover@2x-3-pokojowe-mieszkanie-katowice-piotrowice-ul-jaworowa.webp,Katowice Piotrowice,Jaworowa,1,1964,blok,,"Oferuję na sprzedaż przestronne mieszkanie w spokojnej okolicy Piotrowice-Ochojec w Katowicach na ul. Jaworowej w zamkniętym osiedlu (2 budynki) o powierzchni 64,19 m². Zlokalizowane jest na pierwszym piętrze czteropiętrowego bloku. W skład wyposażenia wchodzą: meble, pralka, zmywarka, lodówka, kuchenka, piekarnik oraz telewizor. Dodatkowym atutem jest balkon oraz piwnica. Mieszkanie nadaje się do zamieszkania, ale ogólnie wymaga remontu, gdyż jest to mieszkanie po babci. Układ mieszkania to 3 niezależne pokoje i oddzielna kuchnia, przedpokój, łazienka wraz z WC, balkon oraz piwnica. W okolicy dostępne są: - sklepy spożywcze, w tym Żabka i Kaufland, Biedronka - liczne kawiarnie i restauracje - placówki edukacyjne, w tym szkoły podstawowe oraz licea - przystanki komunikacji miejskiej, co zapewnia szybki dojazd w różne części miasta. Zainwestuj w to mieszkanie i ciesz się komfortowym życiem w atrakcyjnej lokalizacji. Skontaktuj się ze mną, aby umówić się na prezentację!",tak,,osobna,plastikowe,,"Wyposażenie: kuchenka, lodówka, piekarnik, pralka, telewizor, zmywarka",50.210185,18.986755
Katowice Dąb,ul. Bracka,4,93,zapytaj,,bez pośredników,,+10 podobnych ofert,https://adresowo.pl/o/mieszkanie-katowice-dab-ul-bracka-4-pokojowe-l5l3s3,https://s2.adresowa.pl/development/674270/nowe-mieszkania-bracka-vita-625b_cover.jpg,Katowice Dąb,Bracka,11,2028,kamienica,,"Nowe mieszkanie 4-pokojowe o powierzchni 93,39 m² w inwestycji Bracka Vita dewelopera DEVELIA, na 11 piętrze w budynku 20 pod adresem ul. Bracka 20, Katowice Dąb. Planowany termin oddania to III kwartał 2028 roku. Bracka Vita Bracka Vita to nowoczesna inwestycja mieszkaniowa przy ul. Brackiej 20 w katowickiej dzielnicy Dąb, w sąsiedztwie Parku Śląskiego. Projekt łączy miejski charakter lokalizacji z bliskością zieleni, a architektura nawiązuje do industrialnej historii dawnej Huty Baildon. W pierwszym etapie zaplanowano około 132 mieszkań o powierzchni od ok. 38 do ok. 110 m², z układami od 2 do 5 pokoi. Atuty inwestycji: • Sąsiedztwo Parku Śląskiego i terenów zielonych. • Loggie lub tarasy oraz duże, dobrze doświetlone okna. • Zielone patia z ogrodem sensorycznym i strefami rekreacji. • Dogodna komunikacja – tramwaj, DTŚ i ścieżki rowerowe. • Lokale usługowe na terenie inwestycji. • Bliskość Silesia City Center, Spodka i Stadionu Śląskiego. Terminy realizacji: III/IV kw. 2028r. Niniejszy materiał nie stanowi oferty w rozumieniu Kodeksu cywilnego i ma charakter wyłącznie informacyjny. Szczegóły inwestycji oraz pełna oferta dostępne są na stronie internetowej: https://develia.pl/pl/",,,aneks,,własność,Wyposażenie: internet,50.269253,18.993573
Katowice,ul. Sokolska,2,29,418000,14414,Pośrednik,,4,https://adresowo.pl/o/mieszkanie-katowice-ul-sokolska-2-pokojowe-c6k1e2,https://s2.adresowa.pl/oi/40/1c/40c664_c5ff_cover@2x-2-pokojowe-mieszkanie-katowice-ul-sokolska.webp,Katowice ,Sokolska,11,,apartamentowiec,,"MIESZKANIE, KTÓRE MOŻE ZARABIAĆ NA SIEBIE Na sprzedaż funkcjonalne mieszkanie w świetnej cenie, z bardzo dużym potencjałem inwestycyjnym. Układ lokalu daje możliwość wydzielenia dwóch niezależnych pokoi, dzięki czemu nieruchomość może zyskać zupełnie nową funkcję — zarówno jako mieszkanie dla dwóch osób, jak i lokal przygotowany z myślą o wynajmie. To propozycja dla inwestora, który szuka nieruchomości w miejscu, gdzie lokalizacja pracuje na wartość mieszkania. W bezpośrednim otoczeniu znajdziesz wszystko, czego oczekuje najemca: komunikację miejską, sklepy, restauracje, usługi, biura, uczelnie, rozrywkę oraz tereny spacerowe. Do najważniejszych punktów centralnej części miasta można dotrzeć pieszo, a świetnie rozwinięta komunikacja pozwala szybko przemieszczać się również po całej aglomeracji. Dodatkowym atutem jest sama inwestycja — nowoczesna architektura, przestrzenie wspólne, klub mieszkańca, rozbudowana infrastruktura rowerowa, lokale usługowe oraz rozwiązania typu smart home. Projekt przewiduje 341 mieszkań i jest obecnie w zaawansowanym etapie realizacji. Dostępne są również inne oferty niepublikowane w sieci. DLACZEGO WARTO? • możliwość stworzenia dwóch pokoi z jednego mieszkania • atrakcyjna cena zakupu • lokalizacja idealna pod wynajem • bliskość centrum i komunikacji • ogromna liczba punktów usługowych i gastronomicznych w okolicy • sąsiedztwo biur, uczelni i miejskich atrakcji • nowoczesny budynek i części wspólne • balkon lub taras • rozwiązania smart home • rozbudowana infrastruktura rowerowa • potencjał zarówno pod wynajem długoterminowy, jak i dla osoby szukającej mieszkania w centrum To nie jest po prostu mieszkanie do kupienia. To nieruchomość, którą można dobrze zaplanować. To nie tylko piękne apartamenty, ale także wyjątkowa infrastruktura zaprojektowana z myślą o Twoim komforcie. Zapraszam do kontaktu -przygotuję ofertę na miarę Twoich oczekiwań. Filip Masłowski",,tak,,,,,50.265275,19.018708
Katowice,ul. Kazimiery Iłłakowiczówny,3,72,761200,10572,Pośrednik,,4,https://adresowo.pl/o/mieszkanie-katowice-ul-kazimiery-illakowiczowny-3-pokojowe-a5i5u3,https://s2.adresowa.pl/oi/30/76/40c662_2abb_cover@2x-3-pokojowe-mieszkanie-katowice-ul-kazimiery-illakowiczowny.webp,Katowice ,Kazimiery Iłłakowiczówny,1,,apartamentowiec,,"Zamieszkaj bliżej centrum ale nadal żyj wygodnie z dala od zgiełku miasta. Są takie miejsca, w których po prostu dobrze się mieszka. Gdzie rano masz wszystko, czego potrzebujesz na wyciągnięcie ręki, a wieczorem możesz zwolnić i odpocząć od miejskiego zgiełku. Nowoczesna inwestycja, przemyślana przestrzeń i lokalizacja, która pozwala połączyć wygodę życia blisko centrum z dostępem do zieleni, komunikacji i miejskich atrakcji. To propozycja dla osób, które chcą połączyć nowoczesne budownictwo, wygodę codziennego życia i świetną lokalizację blisko centrum Katowic. Mieszkania posiadają balkony, loggie, tarasy lub prywatne ogródki, a w każdym budynku zaplanowano garaż podziemny, komórki lokatorskie, rowerownię oraz cichobieżne windy. Dużym atutem jest również zagospodarowana przestrzeń pomiędzy budynkami oraz strefa wypoczynkowa. Architektura części wspólnych nawiązuje stylistycznie do charakterystycznych detali śląskich kamienic. Dostępne lokale w różnych metrażach niepublikowanych na stronach. KOMFORT NA CO DZIEŃ:- Na terenie inwestycji przewidziano m.in.: - garaż podziemny - miejsca postojowe - komórki lokatorskie - rowerownię - cichobieżne windy - videodomofony - monitoring - balkony, loggie, tarasy lub ogródki - strefę wypoczynkową - lokale usługowe w ramach inwestycji LOKALIZACJA – JEDEN Z NAJWIĘKSZYCH ATUTÓW- 2 minuty – pętla tramwajowa - 2 minuty – Spodek - 3 minuty – centrum sportowe i fitness - 5 minut – Silesia City Center - 5 minut – sklep spożywczy - 6 minut – Park Wełnowiecki - 7 minut – szkoła podstawowa - 7 minut – Dworzec Główny PKP Katowice - 14 minut – Park Śląski To bardzo dobra propozycja zarówno dla osób szukających własnego mieszkania w Katowicach, jak i dla inwestorów. Bliskość centrum, Spodka, komunikacji tramwajowej, uczelni, biur, galerii handlowej oraz terenów rekreacyjnych daje szerokie możliwości wykorzystania mieszkania – od komfortowego lokum dla singla lub pary, po mieszkanie rodzinne czy nieruchomość przeznaczoną pod wynajem. To nie tylko piękne apartamenty, ale także wyjątkowa infrastruktura zaprojektowana z myślą o Twoim komforcie. Zapraszam do kontaktu -przygotuję ofertę na miarę Twoich oczekiwań. Filip Masłowski",,tak,,,,,50.273471,19.0205
Katowice Bogucice,ul. Modrzewiowa,3,50,395000,7900,bez pośredników,,13,https://adresowo.pl/o/mieszkanie-katowice-bogucice-ul-modrzewiowa-3-pokojowe-a6o3e2,https://s2.adresowa.pl/oi/10/33/412bfc_5710_cover@2x-3-pokojowe-mieszkanie-katowice-bogucice-ul-modrzewiowa.webp,Katowice Bogucice,Modrzewiowa,3,1979,blok,,"Oferuję na sprzedaż 3-pokojowe mieszkanie o powierzchni 50,2 m2, położone w doskonałej lokalizacji przy ul. Modrzewiowej w Katowicach-Bogucicach. Spokojne, zielone osiedle z dużą ilością miejsc parkingowych. Mieszkanie do remontu. Blok po termomodernizacji, zarządzany przez Wspólnotę. Blok z domofonem. Piętro 3/4, bez windy. Mieszkanie składa się z przestronnego przedpokoju, salonu z balkonem, dwóch sypialni z możliwością urządzenia domowego biura, oddzielnej kuchni oraz łazienki, która kilka lat temu przeszła generalny remont i nie wymaga natychmiastowych nakładów finansowych. Wszystkie okna PCV w bardzo dobrym stanie. Do lokalu przynależy spora, sucha piwnica. Mieszkanie bardzo jasne, okna skierowane na wschód i zachód. Czynsz z zaliczką na wodę, ogrzewanie i opłatą za wywóz śmieci około 700 zł/mc. Lokalizacja blisko Spodka, w odległości dłuższego spaceru. Zakup od właściciela, brak prowizji. Zapraszam do oglądania.",tak,,osobna,plastikowe,własność,,50.270624,19.032581
Katowice Dąbrówka Mała,ul. Józefa Grzegorzka,2,51,349000,6843,bez pośredników,,10,https://adresowo.pl/o/mieszkanie-katowice-dabrowka-mala-ul-jozefa-grzegorzka-2-pokojowe-t2b8s0,https://s2.adresowa.pl/oi/62/10/412b7c_70ba_cover@2x-2-pokojowe-mieszkanie-katowice-dabrowka-mala-ul-jozefa-grzegorzka.webp,Katowice Dąbrówka Mała,Józefa Grzegorzka,3,1980,blok,,"Oferuję na sprzedaż mieszkanie o powierzchni 51,28 m² w Dąbrówce Małej. Znajduje się na 3. piętrze w bloku z lat 80-tych. Mieszkanie jest w stanie do zamieszkania/odświeżenia, posiada balkon, piwnicę oraz miejsce parkingowe. Ogrzewanie miejskie zapewnia komfort w zimie. Dąbrówka Mała to spokojna dzielnica Katowic z dobrze rozwiniętą infrastrukturą. W pobliżu znajdują się: - sklepy spożywcze, w tym supermarket ""Home Concept"" - tereny zielone, w tym ""Park w Dąbrówce"" - przystanki autobusowe, co ułatwia komunikację z innymi częściami miasta. W okolicy są także szkoły, przedszkola i miejsca do aktywnego spędzania czasu. To idealne miejsce dla osób szukających spokoju, ale z dobrym dostępem do miasta. Zainwestuj w to mieszkanie już dziś i ciesz się wygodą życia w Dąbrówce Małej!",tak,tak,,plastikowe,własność,,50.278806,19.065622
Katowice Brynów,ul. Ceglana,4,97,zapytaj,,bez pośredników,,13,https://adresowo.pl/o/mieszkanie-katowice-brynow-ul-ceglana-4-pokojowe-e9k0i4,https://s2.adresowa.pl/development/561699/nowe-mieszkania-ceglana-park-911c_cover.jpg,Katowice Brynów,Ceglana,4,2026,kamienica,,"Nowe mieszkanie 4-pokojowe o powierzchni 97,61 m² w inwestycji Ceglana Park dewelopera DEVELIA, na 4 piętrze pod adresem ul. Ceglana, Katowice Brynów. Planowany termin oddania to I kwartał 2026 roku. Ceglana Park – zielone osiedle w sercu Katowic Ceglana Park to inwestycja, która łączy wygodę miejskiego życia z bliskością natury. Niska zabudowa, tereny zielone i starannie zaprojektowane przestrzenie wspólne tworzą kameralne miejsce, w którym można komfortowo mieszkać, odpoczywać i cieszyć się spokojem na co dzień. Atuty inwestycji: - Niemal 50% osiedla stanowią tereny zielone - Tężnia solankowa, staw i alejki spacerowe - Place zabaw i przestrzenie rekreacyjne - Niska zabudowa i kameralny charakter inwestycji - Bliskość Parku Kościuszki i Katowickiego Parku Leśnego - Dogodna komunikacja z centrum Katowic Terminy realizacji: Etap 7 – IV kwartał 2025 Etap 8 – I kwartał 2027 Etap 9 – I kwartał 2027 ________________________________________ Niniejszy materiał nie stanowi oferty w rozumieniu Kodeksu cywilnego i ma charakter wyłącznie informacyjny. Szczegóły inwestycji oraz pełna oferta dostępne są na stronie internetowej: https://develia.pl/pl/",,,,,własność,Wyposażenie: internet,50.244218,19.016307
Katowice,ul. Kazimiery Iłłakowiczówny,2,40,440600,11015,Pośrednik,,4,https://adresowo.pl/o/mieszkanie-katowice-ul-kazimiery-illakowiczowny-2-pokojowe-m2c3m7,https://s2.adresowa.pl/oi/43/7f/40c658_fc4e_cover@2x-2-pokojowe-mieszkanie-katowice-ul-kazimiery-illakowiczowny.webp,Katowice ,Kazimiery Iłłakowiczówny,parter,2026,apartamentowiec,,"Zamieszkaj bliżej centrum ale nadal żyj wygodnie z dala od zgiełku miasta. Są takie miejsca, w których po prostu dobrze się mieszka. Gdzie rano masz wszystko, czego potrzebujesz na wyciągnięcie ręki, a wieczorem możesz zwolnić i odpocząć od miejskiego zgiełku. Nowoczesna inwestycja, przemyślana przestrzeń i lokalizacja, która pozwala połączyć wygodę życia blisko centrum z dostępem do zieleni, komunikacji i miejskich atrakcji. To propozycja dla osób, które chcą połączyć nowoczesne budownictwo, wygodę codziennego życia i świetną lokalizację blisko centrum Katowic. Mieszkania posiadają balkony, loggie, tarasy lub prywatne ogródki, a w każdym budynku zaplanowano garaż podziemny, komórki lokatorskie, rowerownię oraz cichobieżne windy. Dużym atutem jest również zagospodarowana przestrzeń pomiędzy budynkami oraz strefa wypoczynkowa. Architektura części wspólnych nawiązuje stylistycznie do charakterystycznych detali śląskich kamienic. Dostępne lokale w różnych metrażach niepublikowanych na stronach. KOMFORT NA CO DZIEŃ:- Na terenie inwestycji przewidziano m.in.: - garaż podziemny - miejsca postojowe - komórki lokatorskie - rowerownię - cichobieżne windy - videodomofony - monitoring - balkony, loggie, tarasy lub ogródki - strefę wypoczynkową - lokale usługowe w ramach inwestycji LOKALIZACJA – JEDEN Z NAJWIĘKSZYCH ATUTÓW- 2 minuty – pętla tramwajowa - 2 minuty – Spodek - 3 minuty – centrum sportowe i fitness - 5 minut – Silesia City Center - 5 minut – sklep spożywczy - 6 minut – Park Wełnowiecki - 7 minut – szkoła podstawowa - 7 minut – Dworzec Główny PKP Katowice - 14 minut – Park Śląski To bardzo dobra propozycja zarówno dla osób szukających własnego mieszkania w Katowicach, jak i dla inwestorów. Bliskość centrum, Spodka, komunikacji tramwajowej, uczelni, biur, galerii handlowej oraz terenów rekreacyjnych daje szerokie możliwości wykorzystania mieszkania – od komfortowego lokum dla singla lub pary, po mieszkanie rodzinne czy nieruchomość przeznaczoną pod wynajem. To nie tylko piękne apartamenty, ale także wyjątkowa infrastruktura zaprojektowana z myślą o Twoim komforcie. Zapraszam do kontaktu -przygotuję ofertę na miarę Twoich oczekiwań. Filip Masłowski",,tak,,,,,50.273471,19.0205
Katowice,ul. Mikołowska,4,81,1016375,12548,Pośrednik,,6,https://adresowo.pl/o/mieszkanie-katowice-ul-mikolowska-4-pokojowe-j9d8j9,https://s2.adresowa.pl/oi/33/5a/40c656_df78_cover@2x-4-pokojowe-mieszkanie-katowice-ul-mikolowska.webp,Katowice ,Mikołowska,3,2026,apartamentowiec,,"Na sprzedaż funkcjonalne mieszkanie o powierzchni 81,31 m², położone w nowoczesnej inwestycji osiedle Paderewskiego w Katowicach. Przemyślany układ obejmuje jasny salon z aneksem kuchennym, ustawną sypialnię, pokój, łazienkę oraz funkcjonalny korytarz. Dodatkowym atutem mieszkania dwa tarasy, loggia. Rozkład pomieszczeń:- salon z aneksem kuchennym - sypialnia - pokój - pokój - dwie łazienki - korytarz Jednym z największych atutów inwestycji jest jej znakomita lokalizacja. Kilkunastominutowy spacer pozwala dotrzeć na Katowicki Rynek – centrum miejskich wydarzeń kulturalnych, rozrywki i życia społecznego. Zaledwie 4 minuty jazdy dzielą mieszkańców od autostrady A4, zapewniającej szybki dojazd do głównych kierunków podróży krajowych i europejskich. W podobnym czasie można dotrzeć do Drogowej Trasy Średnicowej, umożliwiającej sprawne przemieszczanie się po Katowicach i całej aglomeracji. To doskonała propozycja dla singla, pary lub inwestora poszukującego nowoczesnej nieruchomości w dobrze skomunikowanej części Katowic, blisko centrum i terenów zielonych. Prezentowane mieszkanie to tylko jedna z wielu atrakcyjnych propozycji dostępnych w tej inwestycji. W sprzedaży znajdują się lokale o różnych metrażach, układach i liczbie pokoi, dzięki czemu mogę dopasować ofertę. Cena: 1 016 375 zł. Brak Prowizji! Brak podatku PCC! Współpraca ze mną to: - brak kosztów - profesjonalne doradztwo - wiele ofert dostępnych w jednym miejscu - jestem dostępny dla Państwa na każdym etapie transakcji - nasi eksperci finansowi mogą od razu dobrać Państwu najkorzystniejszy kredyt Zapraszam do kontaktu i umówienia prezentacji. Mieszkanie oferowane jest w stanie deweloperskim. Przedstawione wizualizacje mają charakter poglądowy i prezentują przykładową możliwość aranżacji wnętrza. Materiały wykorzystano we współpracy z Quality Investment. NOTUS Finanse S.A. występuje w charakterze pośrednika w obrocie nieruchomościami. Powyższa oferta ma charakter informacyjny i nie stanowi oferty handlowej w rozumieniu art. 66 § 1 Kodeksu cywilnego. Notus Finanse S.A.",tak,tak,aneks,plastikowe,,,50.251072,19.003907
Katowice Śródmieście,ul. Słoneczna,2,43,589000,13698,bez pośredników,,10,https://adresowo.pl/o/mieszkanie-katowice-srodmiescie-ul-sloneczna-2-pokojowe-q2l9z7,https://s2.adresowa.pl/oi/64/6e/412b60_7046_cover@2x-2-pokojowe-mieszkanie-katowice-srodmiescie-ul-sloneczna.webp,Katowice Śródmieście,Słoneczna,1,2023,apartamentowiec,,"Sprzedam bezpośrednio 2-pokojowe mieszkanie o powierzchni 43,19 m², położone na 1. piętrze inwestycji Słoneczne Tarasy. Mieszkanie jest wykończone, umeblowane i wyposażone w sprzęt AGD. Było wynajmowane przez zaledwie 2 lata. To propozycja zarówno dla osób szukających własnego mieszkania, jak i kupujących z myślą o wynajmie. UKŁAD MIESZKANIA: • przestronny salon z aneksem kuchennym, • oddzielna sypialnia, • łazienka z wanną i szklanym parawanem, • przedpokój, • balkon o powierzchni 3,82 m², dostępny z salonu i sypialni. Balkon stanowi dodatkową powierzchnię, niewliczoną w metraż mieszkania. WYKOŃCZENIE I WYPOSAŻENIE: Wnętrze urządzono w spójnej kolorystyce, łączącej szarości z elementami drewnopodobnymi. Duże przeszklenia zapewniają dostęp do naturalnego światła. Kuchnia posiada zabudowę do sufitu, podświetlenie blatu oraz sprzęt AGD, w tym płytę grzewczą, piekarnik i kuchenkę mikrofalową. W salonie znajdują się narożnik, stolik kawowy oraz szafka RTV. Łazienka wyposażona jest w wannę z funkcją prysznica i szklanym parawanem, umywalkę z szafką, podwieszane WC oraz pralkę. Umeblowanie i wyposażenie oferowane wraz z mieszkaniem są uwzględnione w cenie. LOKALIZACJA: Słoneczne Tarasy to lokalizacja zapewniająca wygodny dostęp do centrum Katowic, komunikacji miejskiej, sklepów i punktów usługowych. W okolicy znajdują się m.in. Silesia City Center oraz przystanki autobusowe i tramwajowe. DODATKOWE INFORMACJE: • powierzchnia mieszkania: 43,19 m², • liczba pokoi: 2, • piętro: 1, • balkon: 3,82 m², • brak przynależnego miejsca parkingowego i komórki lokatorskiej, • sprzedaż bezpośrednio od właściciela. Cena: 589 000 zł - do negocjacji. Zapraszam do kontaktu i obejrzenia mieszkania.",tak,,aneks,plastikowe,własność,"Wyposażenie: kuchenkę, piekarnik, pralkę, tv",50.276304,19.015926
Katowice Dąb,ul. Bracka,5,110,zapytaj,,bez pośredników,,+7 podobnych ofert,https://adresowo.pl/o/mieszkanie-katowice-dab-ul-bracka-5-pokojowe-f3d3g1,https://s2.adresowa.pl/development/674270/nowe-mieszkania-bracka-vita-625b_cover.jpg,Katowice Dąb,Bracka,9,2028,blok,,"Nowe mieszkanie 5-pokojowe o powierzchni 110,99 m² w inwestycji Bracka Vita dewelopera DEVELIA, na 9 piętrze w budynku 20 pod adresem ul. Bracka 20, Katowice Dąb. Planowany termin oddania to III kwartał 2028 roku. Bracka Vita Bracka Vita to nowoczesna inwestycja mieszkaniowa przy ul. Brackiej 20 w katowickiej dzielnicy Dąb, w sąsiedztwie Parku Śląskiego. Projekt łączy miejski charakter lokalizacji z bliskością zieleni, a architektura nawiązuje do industrialnej historii dawnej Huty Baildon. W pierwszym etapie zaplanowano około 132 mieszkań o powierzchni od ok. 38 do ok. 110 m², z układami od 2 do 5 pokoi. Atuty inwestycji: • Sąsiedztwo Parku Śląskiego i terenów zielonych. • Loggie lub tarasy oraz duże, dobrze doświetlone okna. • Zielone patia z ogrodem sensorycznym i strefami rekreacji. • Dogodna komunikacja – tramwaj, DTŚ i ścieżki rowerowe. • Lokale usługowe na terenie inwestycji. • Bliskość Silesia City Center, Spodka i Stadionu Śląskiego. Terminy realizacji: III/IV kw. 2028r. Niniejszy materiał nie stanowi oferty w rozumieniu Kodeksu cywilnego i ma charakter wyłącznie informacyjny. Szczegóły inwestycji oraz pełna oferta dostępne są na stronie internetowej: https://develia.pl/pl/",,,aneks,,własność,Wyposażenie: internet,50.269253,18.993573
Katowice,ul. gen. Zygmunta Waltera Jankego,3,60,640500,10675,Pośrednik,,4,https://adresowo.pl/o/mieszkanie-katowice-ul-gen-zygmunta-waltera-jankego-3-pokojowe-x7o4c8,https://s2.adresowa.pl/oi/7d/49/40c654_78dd_cover@2x-3-pokojowe-mieszkanie-katowice-ul-gen-zygmunta-waltera-jankego.webp,Katowice ,gen. Zygmunta Waltera Jankego,parter,2019,apartamentowiec,,"Nowoczesne mieszkania w zielonej i spokojnej części Katowic Zamieszkaj w miejscu, które łączy komfort życia w mieście z bliskością natury. Kameralna zabudowa, dużo zieleni oraz spokojne otoczenie tworzą idealne warunki zarówno do życia, jak i odpoczynku po pracy. To propozycja dla osób ceniących równowagę między wygodą a prywatnością. Dostępne są również lokale nieprezentowane w sieci. Atuty inwestycji:- Kameralne osiedle o nowoczesnej architekturze - Funkcjonalne układy mieszkań o zróżnicowanych metrażach - Duże przeszklenia zapewniające dobre doświetlenie wnętrz - Wysoki standard części wspólnych - Strefa dla mieszkańców (relaks / praca) - Siłownia i przestrzeń fitness - Sala zabaw dla dzieci oraz plac zabaw - Lokale usługowe na terenie osiedla - Garaż podziemny oraz miejsca naziemne - Monitoring i podwyższony standard bezpieczeństwa - Możliwość instalacji ładowarek do samochodów elektrycznych - Pełna dostępność (windy, brak barier architektonicznych) Lokalizacja i otoczenie:- Spokojna, zielona dzielnica - Bliskość terenów leśnych i rekreacyjnych - Idealne miejsce dla osób aktywnych oraz rodzin - Kameralne sąsiedztwo, z dala od miejskiego zgiełku Komunikacja i infrastruktura:- Szybki dojazd do centrum miasta - Dobry dostęp do głównych dróg - Rozwinięta infrastruktura w pobliżu (sklepy, szkoły, usługi) - Wygodne połączenie z innymi częściami miasta Filip Masłowski",,tak,,,,,50.208376,18.973749
Katowice,Śródmieście,3,52,629000,12096,Pośrednik,,7,https://adresowo.pl/o/mieszkanie-katowice-srodmiescie-3-pokojowe-52-m2-a2p7n9,https://s2.adresowa.pl/oi/52/67/40c64e_b02d_cover@2x-3-pokojowe-mieszkanie-katowice-srodmiescie.webp,Katowice Śródmieście,,6,2025,apartamentowiec,,"Na sprzedaż funkcjonalne mieszkanie o powierzchni 52m², położone w nowoczesnej inwestycji w centrum Katowic. Przemyślany układ obejmuje jasny salon z aneksem kuchennym, ustawną sypialnię, pokój, łazienkę oraz funkcjonalny korytarz. Rozkład pomieszczeń:- salon z aneksem kuchennym - sypialnia - pokój - łazienka - korytarz Jednym z największych atutów inwestycji jest jej znakomita lokalizacja. Kilkunastominutowy spacer pozwala dotrzeć na Katowicki Rynek – centrum miejskich wydarzeń kulturalnych, rozrywki i życia społecznego. Zaledwie 2 minuty jazdy dzielą mieszkańców od autostrady A4, zapewniającej szybki dojazd do głównych kierunków podróży krajowych i europejskich. W podobnym czasie można dotrzeć do Drogowej Trasy Średnicowej, umożliwiającej sprawne przemieszczanie się po Katowicach i całej aglomeracji. To doskonała propozycja dla singla, pary lub inwestora poszukującego nowoczesnej nieruchomości w dobrze skomunikowanej części Katowic, blisko centrum i terenów zielonych. Prezentowane mieszkanie to tylko jedna z wielu atrakcyjnych propozycji dostępnych w tej inwestycji. W sprzedaży znajdują się lokale o różnych metrażach, układach i liczbie pokoi, dzięki czemu mogę dopasować ofertę. Cena: 629 000 zł. Brak Prowizji! Brak podatku PCC! Współpraca ze mną to: - brak kosztów - profesjonalne doradztwo - wiele ofert dostępnych w jednym miejscu - jestem dostępny dla Państwa na każdym etapie transakcji - nasi eksperci finansowi mogą od razu dobrać Państwu najkorzystniejszy kredyt Zapraszam do kontaktu i umówienia prezentacji. Mieszkanie oferowane jest w stanie deweloperskim. Przedstawione wizualizacje mają charakter poglądowy i prezentują przykładową możliwość aranżacji wnętrza. Materiały wykorzystano we współpracy z Quality Investment. NOTUS Finanse S.A. występuje w charakterze pośrednika w obrocie nieruchomościami. Powyższa oferta ma charakter informacyjny i nie stanowi oferty handlowej w rozumieniu art. 66 § 1 Kodeksu cywilnego. Notus Finanse S.A.",,tak,aneks,plastikowe,,,50.257,19.017099
Katowice Śródmieście,ul. Barbary,2,45,320000,7111,bez pośredników,,9,https://adresowo.pl/o/mieszkanie-katowice-srodmiescie-ul-barbary-2-pokojowe-a7l5j1,https://s2.adresowa.pl/oi/36/2f/324a66_d2f7_cover@2x-2-pokojowe-mieszkanie-katowice-srodmiescie-ul-barbary.webp,Katowice Śródmieście,Barbary,parter,1970,kamienica,,"Mieszkanie składa się z 2 pokoi: pokój dzienny, sypialnia, kuchnia, łazienka (wyremontowana z kabiną prysznicową), przedpokoju. Mieszkanie po remoncie (parkiet, kafle, odmalowane ściany); wymienione wszystkie instalacje oraz okna; nowa kuchnia wraz ze sprzętem kuchennym (płyta, zlew z baterią, lodówka); ogrzewanie własne gazowe. W bliskim sąsiedztwie znajduje się: - sklep, - Akademia Wychowania Fizycznego, - przystanek autobusowy oraz tramwajowy. Przed kamienicą znajdują się miejsca parkingowe.",,,,,własność,Wyposażenie: lodówka,50.250999,19.006001
Katowice os. Tysiąclecia,ul. Piastów,2,43,419000,9744,bez pośredników,,8,https://adresowo.pl/o/mieszkanie-katowice-os-tysiaclecia-ul-piastow-2-pokojowe-g3y2q2,https://s2.adresowa.pl/oi/4e/6f/41422c_406f_cover@2x-2-pokojowe-mieszkanie-katowice-os-tysiaclecia-ul-piastow.webp,Katowice os. Tysiąclecia,Piastów,4,,blok,,"Witam, Na sprzedaż mieszkanie narożne 43.40 m² z wyodrębnioną własnością i założoną księgą wieczystą, ulokowane na Osiedlu Tysiąclecia w Katowicach. Piętro 4. Budynek oczywiście z dwoma windami. Do mieszkania posiadam operat wykonany przez biegłego sądowego z wskazaną wartością mieszkania, dlatego cena nie jest urwana z kosmosu. Od osoby prywatnej, żadnych pośredników. Bardzo dobra lokalizacja w otoczeniu przystanków komunikacji miejskiej, szkół, przedszkoli, sklepów oraz Parku Śląskiego. Okna z widokiem na Park Śląski. Mieszkanie pierwsze na klatce schodowej, bez bezpośredniego sąsiada za ścianą, co daje dodatkowy komfort. Mieszkanie sąsiaduje bezpośrednio tylko z suszarnią. Przedpokój, łazienka, salon, sypialnia z balkonem oraz duża, ustawna kuchnia. Ogrzewanie centralne z budynku. Dodatkowo do użytku jest osobna, zamykana piwnica. Parking ze szlabanem dla mieszkańców. Mieszkanie czynszowe, ewentualnie możliwość założenia własnego zrzeszenia z innymi lokatorami, ponieważ jest wyodrębniona własność. Mieszkanie po remoncie, m.in.: - cała instalacja elektryczna, gazowa, kanalizacyjna. - drzwi antywłamaniowe. - piecyk gazowy (ciepła woda). - płyty regipsowe z gładziami. - malowane na biało. - nowe panele z listwami przypodłogowymi. - kafelki w łazience. Mieszkanie jednym słowem gotowe do aranżacji pod siebie. Osoby chętne mogą zobaczyć mieszkanie na dniu otwartym w każdą niedzielę (godzina do umówienia telefonicznie). Dla osoby zdecydowanej przedstawię 68-stronicowy operat ze zdjęciami z remontu i pełną ekspertyzą niezależnego biegłego sądowego. Cena do delikatnej negocjacji. Więcej zdjęć chętnie wyślę na e-mail. Zapraszam do kontaktu w razie pytań. W ogłoszeniu podany numer do Agnieszki. Ewentualnie numer do Rafał (2 nr kontaktowy)",tak,,,,,,50.274619,18.986287
Katowice Zawodzie,al. Walentego Roździeńskiego,3,55,440000,8000,bez pośredników,,8,https://adresowo.pl/o/mieszkanie-katowice-zawodzie-al-walentego-rozdzienskiego-3-pokojowe-n0h6o6,https://s2.adresowa.pl/oi/62/31/41412e_94a8_cover@2x-3-pokojowe-mieszkanie-katowice-zawodzie-al-walentego-rozdzienskiego.webp,Katowice Zawodzie,Walentego Roździeńskiego,24,1980,blok,,"Na sprzedaż przestronne i jasne mieszkanie o powierzchni 55 m², położone przy Al. Roździeńskiego w Katowicach, na popularnym osiedlu Gwiazdy. Mieszkanie znajduje się na 24. piętrze, dzięki czemu oferuje piękny, panoramiczny widok na Katowice i okolicę. W skład mieszkania wchodzą: 2 sypialnie, salon, osobna kuchnia, łazienka, osobne WC. Dodatkowym atutem jest komórka lokatorska znajdująca się bezpośrednio obok mieszkania, co zapewnia wygodny i łatwy dostęp do dodatkowej przestrzeni do przechowywania. Wnętrza są jasne, przestronne i funkcjonalne, dzięki czemu mieszkanie daje wiele możliwości aranżacyjnych i może być dostosowane zarówno do potrzeb rodziny, jak i inwestora. Osiedle Gwiazdy to lokalizacja zapewniająca wygodny dostęp do infrastruktury miejskiej. W najbliższej okolicy znajdują się: liczne sklepy i punkty usługowe, uczelnie, przystanki komunikacji miejskiej, tereny zielone, parki i place zabaw. Mieszkanie sprawdzi się również jako inwestycja. Mieszkanie przez około 10 lat było wynajmowane i przez cały ten okres nie było problemu ze znalezieniem najemców. Lokalizacja oraz układ mieszkania sprawiają, że może być interesującą propozycją również dla osób poszukujących nieruchomości pod wynajem. Zapraszam do kontaktu i obejrzenia mieszkania na żywo po wcześniejszym umówieniu się na dogodny dla obu stron termin.",tak,,osobna,,własność,,50.270233,19.06107
Katowice Dąb,ul. Bracka,2,40,zapytaj,,bez pośredników,,+74 podobne oferty,https://adresowo.pl/o/mieszkanie-katowice-dab-ul-bracka-2-pokojowe-h7h5f2,https://s2.adresowa.pl/development/674270/nowe-mieszkania-bracka-vita-625b_cover.jpg,Katowice Dąb,Bracka,6,2028,blok,,"Nowe mieszkanie 2-pokojowe o powierzchni 40,31 m² w inwestycji Bracka Vita dewelopera DEVELIA, na 6 piętrze w budynku 20 pod adresem ul. Bracka 20, Katowice Dąb. Planowany termin oddania to III kwartał 2028 roku. Bracka Vita Bracka Vita to nowoczesna inwestycja mieszkaniowa przy ul. Brackiej 20 w katowickiej dzielnicy Dąb, w sąsiedztwie Parku Śląskiego. Projekt łączy miejski charakter lokalizacji z bliskością zieleni, a architektura nawiązuje do industrialnej historii dawnej Huty Baildon. W pierwszym etapie zaplanowano około 132 mieszkań o powierzchni od ok. 38 do ok. 110 m², z układami od 2 do 5 pokoi. Atuty inwestycji: • Sąsiedztwo Parku Śląskiego i terenów zielonych. • Loggie lub tarasy oraz duże, dobrze doświetlone okna. • Zielone patia z ogrodem sensorycznym i strefami rekreacji. • Dogodna komunikacja – tramwaj, DTŚ i ścieżki rowerowe. • Lokale usługowe na terenie inwestycji. • Bliskość Silesia City Center, Spodka i Stadionu Śląskiego. Terminy realizacji: III/IV kw. 2028r. Niniejszy materiał nie stanowi oferty w rozumieniu Kodeksu cywilnego i ma charakter wyłącznie informacyjny. Szczegóły inwestycji oraz pełna oferta dostępne są na stronie internetowej: https://develia.pl/pl/",,,aneks,,własność,Wyposażenie: internet,50.269253,18.993573
Katowice Piotrowice,ul. Armii Krajowej,2,39,469000,12026,Pośrednik,,5,https://adresowo.pl/o/mieszkanie-katowice-piotrowice-ul-armii-krajowej-2-pokojowe-b6u6p5,https://s2.adresowa.pl/oi/30/3c/413fb4_347a_cover@2x-2-pokojowe-mieszkanie-katowice-piotrowice-ul-armii-krajowej.webp,Katowice Piotrowice,Armii Krajowej,parter,,blok,,"Na sprzedaż: jasne i funkcjonalne mieszkanie z balkonem – Katowice, ul. Armii Krajowej. Szukasz komfortowego mieszkania w spokojnej, a jednocześnie świetnie skomunikowanej części Katowice? Ta oferta może być dokładnie tym, czego potrzebujesz – zarówno do zamieszkania, jak i jako pewna inwestycja pod wynajem. Najważniejsze informacje: - Powierzchnia: 38,5 m² - Stan prawny: pełna własność - Dostępność: od zaraz - Klucze w biurze – szybkie prezentacje Funkcjonalny układ: - ustawna sypialnia – idealna dla pary lub najemcy - salon z aneksem kuchennym i wyjściem na balkon - łazienka z WC - duży balkon z widokiem na zieleń Mieszkanie jest jasne, dobrze doświetlone i daje duże możliwości aranżacyjne. Dodatkowym atutem jest świetlik w kuchni. Standard i udogodnienia: - zadbany blok - czysta klatka schodowa zabezpieczona domofonem - kameralne osiedle ze szlabanem - liczne miejsca postojowe dla mieszkańców Koszty: - niski czynsz - dodatkowo: tylko prąd Największe atuty: - ostatnie piętro – cisza i brak sąsiadów nad głową - świetny układ – maksymalne wykorzystanie przestrzeni - dużo światła dziennego - idealne pod inwestycję – duży popyt na wynajem w tej okolicy - spokojna okolica z zielenią Lokalizacja:Ulica Armii Krajowej to jedna z bardziej komfortowych lokalizacji do życia w Katowicach. W pobliżu znajdziesz: - sklepy i markety - przystanki komunikacji miejskiej - szkoły i usługi - tereny rekreacyjne Zadzwoń i umów się na prezentację Treść ogłoszenia nie stanowi oferty handlowej w rozumieniu przepisów Kodeksu Cywilnego i może ulec zmianie. Notus Finanse S.A.",,,,plastikowe,,,50.198484,18.977377
Katowice Śródmieście,ul. ks. kard. Bolesława Kominka,2,38,389000,10237,Pośrednik,,10,https://adresowo.pl/o/mieszkanie-katowice-srodmiescie-ul-ks-kard-boleslawa-kominka-2-pokojowe-e6k7r1,https://s2.adresowa.pl/oi/3e/5a/413258_845f_cover@2x-2-pokojowe-mieszkanie-katowice-srodmiescie-ul-ks-kard-boleslawa-kominka.webp,Katowice Śródmieście,ks. kard. Bolesława Kominka,1,,blok,,"Katowice Centrum ul. Kominka // 2 pokoje + balkon + piwnica Doskonałe pod wynajem jak i do zamieszkania WE SPEAK ENGLISH Mamy przyjemność zaprezentować Państwu ofertę 2 pokojowego mieszkania do wejścia w centrum Katowic. Mieszkanie znajduje się na 1 piętrze w 10 piętrowym bloku po termomodernizacji z windą przy ulicy Bolesława Kominka. MIESZKANIE SKŁADA SIĘ Z: - dwóch niezależnych pokoi - oddzielnej, widnej kuchni - łazienki z wc Dodatkowo do mieszkania przynależy piwnica. STANDARD/INORMACJE DODATKOWE: - Możliwość zakupu na kredyt - Mieszkanie z założoną księgą wieczystą - Odświeżone pokoje i parkiety, w pełni umeblowane i wyposażone, nie wymaga nakładów finansowych - Centralne ogrzewanie - Ciepła woda z piecyka gazowego - Okna PCV od strony cichego podwórka - Wymienione piony wodno - kanalizacyjne, ocieplony blok - Czynsz: ok. 800zł z zaliczkami na CO, wodę, fundusz remontowy przy zamieszkujących 2 osobach - Zarządca SM ""Górnik"" UWAGA: Dla wszystkich naszych klientów którzy zdecydują się na zakup nieruchomości mamy prezent w postaci karty rabatowej firmy Bel-Pol LOKALIZACJA: Kilka minut pieszo od AWF, ASP, UE - idealna lokalizacja dla studentów. Lokalizacja świetnie skomunikowana z pozostałymi częściami Katowic, jak i z miastami ościennymi - blisko wyjazdu na A4. W najbliższej okolicy pełna infrastruktura handlowo-usługowa oraz miejsca do wypoczynku - min. Park Kościuszki. KREDYT Niezależni doradcy kredytowi, z którymi współpracujemy pomagają we wszelkich formalnościach związanych z uzyskaniem kredytu na zakup nieruchomości. Bezpłatna konsultacja, sprawdzenie zdolności, przedstawienie najkorzystniejszych opcji spośród ofert różnych banków. Przeprowadzimy cały proces realizacji kredytu i zakupu nieruchomości. Zapraszamy do kontaktu! Treść niniejszego ogłoszenia nie stanowi oferty handlowej w rozumieniu Kodeksu Cywilnego.",,,,,własność,,50.264892,19.023782
Katowice Piotrowice,ul. Karola Szymanowskiego,3,61,639000,10475,bez pośredników,,12,https://adresowo.pl/o/mieszkanie-katowice-piotrowice-ul-karola-szymanowskiego-3-pokojowe-b0z7f9,https://s2.adresowa.pl/oi/12/62/4140e4_c0eb_cover@2x-3-pokojowe-mieszkanie-katowice-piotrowice-ul-karola-szymanowskiego.webp,Katowice Piotrowice,Karola Szymanowskiego,1,,blok,,"Dom posiada dwa odrębne, nowoczesne, świeżo wyremontowane mieszkania, przestronną klatkę schodową z drzwiami antywłamaniowymi, a także dwie odrębne, duże komórki lokatorskie po jednej dla każdego mieszkania i poddasze użytkowe na wyłączność dla mieszkania z tego ogłoszenia, a także miejsca parkingowe na ogrodzonym terenie przypisane do każdego z mieszkań. Teren budynku jest ogrodzony, monitorowany. Mieszkanie jest wykończone w wysokim standardzie, umeblowanie pozwala na wprowadzenie się bez ponoszenia dodatkowych kosztów. Energooszczędne ogrzewanie podłogowe, oświetlenie led. Świetna lokalizacja - cisza i spokój, dużo zieleni, a jednocześnie bliskość sklepów, przedszkoli, poczty, przychodni i przystanków autobusowych.",tak,,,plastikowe,własność,,50.206338,18.966798
Katowice Ligota,ul. Piotrowicka,2,54,619000,11463,bez pośredników,,11,https://adresowo.pl/o/mieszkanie-katowice-ligota-ul-piotrowicka-2-pokojowe-q2n9l3,https://s2.adresowa.pl/oi/7e/51/4140c0_3d15_cover@2x-2-pokojowe-mieszkanie-katowice-ligota-ul-piotrowicka.webp,Katowice Ligota,Piotrowicka,parter,,blok,,"Największym atutem nieruchomości jest prywatny ogród o powierzchni około 50 m², dostępny bezpośrednio z mieszkania. Duże przeszklenia i wyjście na taras sprawiają, że część mieszkalna naturalnie łączy się z ogrodem. To propozycja dla osób, które chcą mieszkać w mieście, a jednocześnie mieć własną zieloną przestrzeń do wypoczynku. Mieszkanie jest obecnie nieumeblowane, dzięki czemu nowy właściciel może od razu zaaranżować wnętrze według własnych potrzeb. Kuchnia jest wyposażona w zabudowę oraz sprzęt AGD - kuchenkę z piekarnikiem, okap i zmywarkę. Łazienka jest przestronna, utrzymana w neutralnej szaro-białej kolorystyce. Znajduje się w niej duża kabina prysznicowa, umywalka z szafką, lustro, wysoka szafka oraz grzejnik drabinkowy. Do mieszkania przynależą również komórka lokatorska o powierzchni ok. 4 m² oraz miejsce postojowe w garażu podziemnym. Najważniejsze informacje: - powierzchnia mieszkania: ok. 54 m² - parter - prywatny ogród: ok. 50 m² - taras i bezpośrednie wyjście do ogrodu - duże przeszklenia - wyposażona kuchnia - duża łazienka z kabiną prysznicową - komórka lokatorska ok. 4 m² - miejsce postojowe w garażu podziemnym - Osiedle Książęce, Katowice - mieszkanie dostępne do własnej aranżacji Ogród jest częściowo osłonięty zielenią. Można urządzić w nim strefę wypoczynkową z meblami ogrodowymi, miejsce do grillowania czy bezpieczną przestrzeń dla dziecka. Mieszkanie może być dobrym rozwiązaniem zarówno do zamieszkania, jak i jako nieruchomość inwestycyjna pod wynajem. Cena mieszkania: 619 000 zł Miejsce w garażu podziemnym: w cenie Komórka lokatorska: w cenie Zapraszam do kontaktu i umówienia prezentacji.",tak,tak,,drewniane,własność,"Wyposażenie: kuchenkę, piekarnik, zmywarkę",50.226083,18.969948
Katowice Brynów,ul. Ceglana,2,36,zapytaj,,bez pośredników,,+39 podobnych ofert,https://adresowo.pl/o/mieszkanie-katowice-brynow-ul-ceglana-2-pokojowe-v7b4w3,https://s2.adresowa.pl/development/561699/nowe-mieszkania-ceglana-park-911c_cover.jpg,Katowice Brynów,Ceglana,1,2027,blok,,"Nowe mieszkanie 2-pokojowe o powierzchni 36,50 m² w inwestycji Ceglana Park dewelopera DEVELIA, na 1 piętrze pod adresem ul. Ceglana, Katowice Brynów. Planowany termin oddania to I kwartał 2027 roku. Ceglana Park – zielone osiedle w sercu Katowic Ceglana Park to inwestycja, która łączy wygodę miejskiego życia z bliskością natury. Niska zabudowa, tereny zielone i starannie zaprojektowane przestrzenie wspólne tworzą kameralne miejsce, w którym można komfortowo mieszkać, odpoczywać i cieszyć się spokojem na co dzień. Atuty inwestycji: - Niemal 50% osiedla stanowią tereny zielone - Tężnia solankowa, staw i alejki spacerowe - Place zabaw i przestrzenie rekreacyjne - Niska zabudowa i kameralny charakter inwestycji - Bliskość Parku Kościuszki i Katowickiego Parku Leśnego - Dogodna komunikacja z centrum Katowic Terminy realizacji: Etap 7 – IV kwartał 2025 Etap 8 – I kwartał 2027 Etap 9 – I kwartał 2027 ________________________________________ Niniejszy materiał nie stanowi oferty w rozumieniu Kodeksu cywilnego i ma charakter wyłącznie informacyjny. Szczegóły inwestycji oraz pełna oferta dostępne są na stronie internetowej: https://develia.pl/pl/",,,,,własność,Wyposażenie: internet,50.244218,19.016307
Katowice Brynów,ul. Nasypowa,2,37,525000,14189,Pośrednik,,13,https://adresowo.pl/o/mieszkanie-katowice-brynow-ul-nasypowa-2-pokojowe-i0c2h1,https://s2.adresowa.pl/oi/4b/2b/411fd6_a7f4_cover@2x-2-pokojowe-mieszkanie-katowice-brynow-ul-nasypowa.webp,Katowice Brynów,Nasypowa,3,2019,apartamentowiec,,"Apartament Katowice Brynów 2 pokoje, podziemny garaż Mieszkanie o powierzchni 37,77m2 usytuowane na 3 piętrze 4 piętrowego apartamentowca (dostępna winda) w dzielnicy Brynów ul. Nasypowa (osiedle monitorowane). Budynek z 2019r. Mieszkanie składa się z salonu z aneksem kuchennym, sypialni, przedpokoju, łazienki z umywalką, prysznicem i toaletą oraz balkonu. Na podłogach panele. Ściany w gładziach. Łazienka w płytkach i glazurze. Mieszkanie w pełni umeblowane i wyposażone; Salon: sofa z funkcją spania, stolik kawowy, szafka RTV, 2 szafki z witryną Sypialnia: łóżko dwuosobowe, duża szafa, 2 szafki nocne Kuchnia: płyta ceramiczna, piekarnik, lodówka z zamrażarką, zmywarka, stół, 4 krzesła). Łazienka: kabina prysznicowa, podwieszana toaleta, pralka, szafka. Centralne ogrzewanie i ciepła woda z sieci miejskiej. Mieszkanie bez gazu. Do mieszkania przynależy miejsce postojowe w podziemnej hali garażowej. Czynsz z opłatą za garaż 610,-zł. Do mieszkania przynależy miejsce postojowe w podziemnym parkingu w cenie 50.000,-zł. Bardzo dobre skomunikowanie z centrum Katowic oraz z drogami wylotowymi z miasta (trasa w kierunku na Wisłę i Cieszyn oraz autostrada Kraków - Wrocław). Blisko przystanki miejskich autobusów i tramwaju (Centrum Przesiadkowe Brynów). W pobliżu sklepy osiedlowe, markety (Stokrotka, Aldi) i galeria Libero. W niedalekiej odległości tereny rekreacyjne: Park Kościuszki (ok. 1.900 m), Katowicki Park Leśny (ok. 900m). Powyższa oferta nie stanowi oferty handlowej w rozumieniu przepisów Kodeksu Cywilnego oraz innych właściwych przepisów prawnych i winna być interpretowana wyłącznie jak informacja",,tak,aneks,plastikowe,własność,"Wyposażenie: lodówka, piekarnik, pralka, tv, zmywarka",50.228005,18.990314
Katowice Śródmieście,al. Wojciecha Korfantego,2,47,340000,7234,Pośrednik,,9,https://adresowo.pl/o/mieszkanie-katowice-srodmiescie-al-wojciecha-korfantego-2-pokojowe-x4w5v4,https://s2.adresowa.pl/oi/57/45/411da0_46ce_cover@2x-2-pokojowe-mieszkanie-katowice-srodmiescie-al-wojciecha-korfantego.webp,Katowice Śródmieście,Wojciecha Korfantego,11,,kamienica,,"Katowice Centrum Korfantego - Superjednostka | 2 pokoje | 47 m2 + balkon ! + Parking + Portier + Obsługa techniczna 24/7 WE SPEAK ENGLISH TOP LOKALIZACJA! DOSKONAŁE POD WYNAJEM! Zapraszamy do zapoznania się z ofertą 2 pokojowego mieszkania z balkonem zlokalizowanego w katowickiej Superjednostce przy al. Korfantego. Mieszkanie o powierzchni 47 m2 znajduje się na 11 piętrze w 15 piętrowym ocieplonym bloku z czterema windami. MIESZKANIE SKŁADA SIĘ Z: - Przechodniego salonu z wyjściem na balkon - Mniejszego pokoju - Kuchni - Przedpokoju - pomieszczenia pełniącego funkcję garderoby - Komórki w mieszkaniu - Łazienki z wc + balkonu Parking dla mieszkańców zabezpieczony szlabanem (wjazd na kartę magnetyczną) SZCZEGOŁY OFERTY: - Możliwość zakupu na kredyt! - Wymaga remontu - Ogrzewanie z sieci miejskiej - Ciepła woda podgrzewana piecykiem gazowym - Wymienione piony wodno-kanalizacyjne - Czynsz: ok. 800 zł ( z zaliczkami m.in. na CO i wodę) - Budynek ocieplony- po termomodernizacji - Topowa lokalizacja! Mieszkania chętnie wynajmowane przez studentów LOKALIZACJA: Ścisłe centrum miasta, bliskość uczelni i punktów handlowo-usługowych. Dodatkowo, Katowice to dynamiczne rozwijające się miasto pełne możliwości kultura, rozrywka, edukacja i świetna komunikacja z innymi częściami regionu. Mieszkanie w tym miejscu to doskonała inwestycja. MOGĄ PAŃSTWO LICZYĆ NA: - bezpłatną konsultacje z niezależnym doradcą kredytowym; - bezpieczeństwo transakcji; - pomoc w załatwieniu formalności i skompletowaniu dokumentów niezbędnych do transakcji; - współpracę z najlepszymi notariuszami. Nasza firma specjalizuje się w kompleksowej obsłudze zarówno Polaków jak i obcokrajowców. Jesteśmy z Państwem na każdym etapie procesu zakupu, sprzedaży czy wynajmu nieruchomości począwszy od wyboru oferty i jej prezentacji po finalizację transakcji i przekazanie nieruchomości nowym właścicielom. KREDYT Niezależni doradcy kredytowi, z którymi współpracujemy pomagają we wszelkich formalnościach związanych z uzyskaniem kredytu na zakup nieruchomości. Bezpłatna konsultacja, sprawdzenie zdolności, przedstawienie najkorzystniejszych opcji spośród ofert różnych banków. Przeprowadzimy cały proces realizacji kredytu i zakupu nieruchomości. Zapraszamy do kontaktu! Treść niniejszego ogłoszenia nie stanowi oferty handlowej w rozumieniu Kodeksu Cywilnego.",,,,,własność,,50.26355,19.02113
Katowice Ligota,ul. Warmińska,2,47,389000,8277,bez pośredników,,12,https://adresowo.pl/o/mieszkanie-katowice-ligota-ul-warminska-2-pokojowe-m2p0u7,https://s2.adresowa.pl/oi/54/24/41409a_8a63_cover@2x-2-pokojowe-mieszkanie-katowice-ligota-ul-warminska.webp,Katowice Ligota,Warmińska,1,,blok,,"Na sprzedaż funkcjonalne, 2-pokojowe mieszkanie o powierzchni 47,47 m², położone przy ul. Warmińskiej w Katowicach-Ligocie, nieopodal ul. Medyków i Śląskiego Uniwersytetu Medycznego. Mieszkanie znajduje się na bardzo wygodnym 1. piętrze niskiego, 4-piętrowego bloku po termomodernizacji. Dużymi atutami nieruchomości są balkon, dwa niezależne pokoje, osobna kuchnia z oknem, łazienka z oknem, ogrzewanie miejskie oraz funkcjonalny układ pomieszczeń. UKŁAD MIESZKANIA Na powierzchnię 47,47 m² składają się: - przestronny salon z bezpośrednim wyjściem na balkon, - drugi, ustawny pokój, - osobna, widna kuchnia z oknem, - łazienka z WC i oknem, - przedpokój z miejscem do przechowywania. Do mieszkania przynależy również piwnica. Mieszkanie ma funkcjonalny układ, a duże okna zapewniają dostęp naturalnego światła. Z okien rozciąga się widok na zieleń. STAN MIESZKANIA Mieszkanie jest w stanie użytkowym i może być zamieszkane od razu, jednocześnie daje nowemu właścicielowi możliwość stopniowej modernizacji i aranżacji według własnych potrzeb. Ogrzewanie miejskie. Budynek przeszedł termomodernizację. OPŁATY Opłaty administracyjne wynoszą obecnie około 828 zł miesięcznie i obejmują m.in. fundusz remontowy oraz zaliczkę na centralne ogrzewanie. Opłaty za wodę oraz gospodarowanie odpadami zależą od zużycia i liczby zgłoszonych osób. LOKALIZACJA Mieszkanie znajduje się przy ul. Warmińskiej w Katowicach-Ligocie, nieopodal ul. Medyków, Śląskiego Uniwersytetu Medycznego oraz szpitali klinicznych. Lokalizacja jest dogodna zarówno dla osób szukających mieszkania dla siebie, jak i dla kupujących rozważających w przyszłości wynajem nieruchomości. W pobliżu znajdują się sklepy, punkty usługowe, przystanki komunikacji miejskiej oraz stacja kolejowa Katowice Ligota. Niedaleko znajdują się również tereny zielone i Lasy Panewnickie. NAJWAŻNIEJSZE INFORMACJE Powierzchnia: 47,47 m² Liczba pokoi: 2 Piętro: 1/4 Balkon: tak Piwnica: tak Kuchnia: osobna, z oknem Łazienka: z WC i oknem Ogrzewanie: miejskie Budynek: po termomodernizacji Winda: brak Opłaty administracyjne: ok. 828 zł Stan: użytkowy, z możliwością modernizacji Stan prawny: spółdzielcze własnościowe prawo do lokalu CENA: 389 000 zł ok. 8 216 zł/m² Zapraszam do kontaktu i umówienia się na prezentację mieszkania.",tak,,osobna,,spółdzielcze własnościowe,,50.222477,18.960456
Katowice Ligota,ul. Koszalińska,1,31,330000,10645,bez pośredników,,13,https://adresowo.pl/o/mieszkanie-katowice-ligota-ul-koszalinska-1-pokoj-h2y0p9,https://s2.adresowa.pl/oi/3a/11/413fda_9680_cover@2x-1-pokojowe-mieszkanie-katowice-ligota-ul-koszalinska.webp,Katowice Ligota,Koszalińska,1,2015,blok,,"Oferuję na sprzedaż mieszkanie o powierzchni 31 m² w Ligocie-Panewnikach. Znajduje się na pierwszym piętrze dziesięciopiętrowego bloku z wielkiej płyty - pełna termoizolacja ścian bloku wykonana w zeszłym roku. Mieszkanie jest w stanie do zamieszkania i zawiera niezbędne wyposażenie, w tym meble, pralkę, lodówkę oraz kuchenkę. Do dyspozycji jest również balkon oraz piwnica. W budynku jest winda, a ogrzewanie miejskie zapewnia komfort w zimowe dni. Mieszkanie znajduje się w niebywale cichej i spokojnej okolicy. Bardzo blisko do Uniwersytetu Medycznego, akademików UŚ, w pobliżu park Zadole, trasa drogowa ""Wiślanka"", bardzo dobrze skomunikowane autobusowo z centrum miasta, blisko przedszkole, szkoła podstawowa i liceum. Mieszkanie było remontowane kilka lat temu - aktualnie nie wymaga wkładu finansowego. Lokalizacja jest bardzo atrakcyjna. W pobliżu znajdują się liczne sklepy oraz punkty usługowe. Do dyspozycji są: - przystanki komunikacji miejskiej - szkoły podstawowe i przedszkola - parki i tereny zielone, takie jak Plac Miast Partnerskich - restauracje oraz kawiarnie, w tym Bar RIWIERA i Cafe Bordo. To idealne miejsce dla osób ceniących wygodę i dostęp do wszelkich udogodnień. Nie przegap tej okazji! Skontaktuj się, aby umówić się na prezentację. UWAGA - mieszkanie będzie dostępne do zamieszkania od grudnia 2026r.",tak,,,plastikowe,własność,"Wyposażenie: kuchenkę, lodówkę, pralkę",50.2236,18.972203
Katowice Dąb,ul. Bracka,3,58,zapytaj,,bez pośredników,,+33 podobne oferty,https://adresowo.pl/o/mieszkanie-katowice-dab-ul-bracka-3-pokojowe-w1c2p6,https://s2.adresowa.pl/development/674270/nowe-mieszkania-bracka-vita-625b_cover.jpg,Katowice Dąb,Bracka,15,2028,blok,,"Nowe mieszkanie 3-pokojowe o powierzchni 58,47 m² w inwestycji Bracka Vita dewelopera DEVELIA, na 15 piętrze w budynku 20 pod adresem ul. Bracka 20, Katowice Dąb. Planowany termin oddania to III kwartał 2028 roku. Bracka Vita Bracka Vita to nowoczesna inwestycja mieszkaniowa przy ul. Brackiej 20 w katowickiej dzielnicy Dąb, w sąsiedztwie Parku Śląskiego. Projekt łączy miejski charakter lokalizacji z bliskością zieleni, a architektura nawiązuje do industrialnej historii dawnej Huty Baildon. W pierwszym etapie zaplanowano około 132 mieszkań o powierzchni od ok. 38 do ok. 110 m², z układami od 2 do 5 pokoi. Atuty inwestycji: • Sąsiedztwo Parku Śląskiego i terenów zielonych. • Loggie lub tarasy oraz duże, dobrze doświetlone okna. • Zielone patia z ogrodem sensorycznym i strefami rekreacji. • Dogodna komunikacja – tramwaj, DTŚ i ścieżki rowerowe. • Lokale usługowe na terenie inwestycji. • Bliskość Silesia City Center, Spodka i Stadionu Śląskiego. Terminy realizacji: III/IV kw. 2028r. Niniejszy materiał nie stanowi oferty w rozumieniu Kodeksu cywilnego i ma charakter wyłącznie informacyjny. Szczegóły inwestycji oraz pełna oferta dostępne są na stronie internetowej: https://develia.pl/pl/",,,aneks,,własność,Wyposażenie: internet,50.269253,18.993573
Katowice Koszutka,ul. Morwowa,2,34,275000,8088,Pośrednik,,10,https://adresowo.pl/o/mieszkanie-katowice-koszutka-ul-morwowa-2-pokojowe-e6g9p2,https://s2.adresowa.pl/oi/2f/29/41033a_275a_cover@2x-2-pokojowe-mieszkanie-katowice-koszutka-ul-morwowa.webp,Katowice Koszutka,Morwowa,3,1969,blok,,"Katowice Koszutka ul. Morwowa / Wierzbowa - 2 pokoje / 34m2 WE SPEAK ENGLISH ŚWIETNA LOKALIZACJA IDEALNE ZARÓWNO POD WYNAJEM JAK I DO ZAMIESZKANIA Zapraszamy do zapoznania się z ofertą 2 pokojowego mieszkania o powierzchni 34 m2, w najatrakcyjniejszej dzielnicy Katowic - Koszutce. Nieruchomość znajduje się na 3 piętrze w 4 piętrowym, kameralnym bloku przy ulicy Morwowej / Wierzbowej. SKŁADA SIĘ Z: - salonu z wejściem do sypialni i kuchni - częściowo otwartej kuchni - łazienki z wc - przedpokoju DODATKOWO Do mieszkania przynależy piwnica. SZCZEGÓŁY OFERTY - Możliwość zakupu na kredyt - Mieszkanie ustawne i jasne - Wymienione piony wodno-kanalizacyjne - Mieszkanie z dużym potencjałem aranżacyjnym i inwestycyjnym - Okna PCV - Na podłogach nowe panele - Nowe drzwi wejściowe - Centralne ogrzewanie - Świeżo odmalowane, łazienka (bez glazury do skucia) i kuchnia do wykończenia - Ciepła woda z piecyka gazowego - Czynsz: 560zł z zaliczkami na CO i fundusz remontowy LOKALIZACJA Świetna lokalizacja! Wszędzie blisko! W pobliżu przystanki tramwajowe i autobusowe, spodek, sklepy, przychodnia, targowisko, szkoły, uczelnie, komfortowy wyjazd na DTŚ w kierunku Chorzowa i Sosnowca. MOGĄ PAŃSTWO LICZYĆ NA: - bezpłatną konsultację z niezależnym doradcą kredytowym; - bezpieczeństwo transakcji; - pomoc w załatwieniu formalności i skompletowaniu dokumentów niezbędnych do transakcji; - współpracę z najlepszymi notariuszami. Nasza firma specjalizuje się w kompleksowej obsłudze zarówno Polaków jak i obcokrajowców. Jesteśmy z Państwem na każdym etapie procesu zakupu, sprzedaży czy wynajmu nieruchomości począwszy od wyboru oferty i jej prezentacji po finalizację transakcji i przekazanie nieruchomości nowym właścicielom. KREDYT Niezależni doradcy kredytowi, z którymi współpracujemy pomagają we wszelkich formalnościach związanych z uzyskaniem kredytu na zakup nieruchomości. Bezpłatna konsultacja, sprawdzenie zdolności, przedstawienie najkorzystniejszych opcji spośród ofert różnych banków. Przeprowadzimy cały proces realizacji kredytu i zakupu nieruchomości. Zapraszamy na prezentację! Treść niniejszego ogłoszenia nie stanowi oferty handlowej w rozumieniu Kodeksu Cywilnego.",,,,plastikowe,własność,,50.27209,19.03024
Katowice Piotrowice,ul. Sowia,3,89,829000,9315,Pośrednik,,27,https://adresowo.pl/o/mieszkanie-katowice-piotrowice-ul-sowia-3-pokojowe-i8q6q9,https://s2.adresowa.pl/oi/3b/27/40f696_8db6_cover@2x-3-pokojowe-mieszkanie-katowice-piotrowice-ul-sowia.webp,Katowice Piotrowice,Sowia,1,2011,apartamentowiec,,"Na sprzedaż 3-pokojowe mieszkanie położone na zamkniętym, kameralnym osiedlu Miłe Zacisze przy ul. Sowiej w Katowicach. Lokal znajduje się na 1. piętrze niskiego budynku, składającego się jedynie z parteru i piętra. Okna wychodzą na trzy strony świata: południe, zachód oraz wschód, dzięki czemu mieszkanie jest dobrze doświetlone o różnych porach dnia. MIESZKANIE: Powierzchnia lokalu wynosi 83,26 m² . W jego skład wchodzą: duży salon połączony z aneksem kuchennym i częścią jadalnianą, sypialnia z prywatną łazienką wyposażoną w wannę, mały pokój, który może pełnić funkcję pokoju dziecięcego, gabinetu lub pokoju gościnnego, druga łazienka z kabiną prysznicową, przedpokój z miejscem do przechowywania. Z salonu prowadzi wyjście na balkon typu loggia ( 7,31 m² ). Drewniane panele zapewniają większą prywatność i osłonę przed intensywnym słońcem, a wielkość balkonu pozwala stworzyć tutaj przyjemną strefę wypoczynkową. Mieszkanie jest funkcjonalnie podzielone na część dzienną i prywatną. Duży salon stanowi centralną część wnętrza, natomiast sypialnia z własną łazienką zapewnia domownikom wygodę na co dzień. Jego układ, metraż oraz dwie łazienki dają bardzo dobrą bazę do stworzenia wnętrza dopasowanego do własnych potrzeb. DODATKOWE ATUTY okna na trzy strony świata: południe, zachód i wschód, rolety zewnętrzne, ogrzewanie podłogowe oraz grzejniki, balkon typu loggia, dwie łazienki dwie komórki lokatorskie - jedna tuż obok mieszkania, druga w hali garażowej, miejsce postojowe w hali garażowej, 1 i zarazem ostatnie piętro - niska zabudowa (kameralny budynek) i tylko cztery mieszkania w klatce schodowej, zamknięte osiedle. OPŁATY Czynsz administracyjny wynosi 1 371,41 zł i obejmuje m.in. zaliczki na centralne ogrzewanie, wodę, wywóz odpadów dla trzech osób oraz fundusz remontowy. CENA Cena mieszkania: 829 000 zł Miejsce postojowe w hali garażowej: 40 000 zł Łączna cena nieruchomości wraz z miejscem postojowym wynosi 869 000 zł. Zakup miejsca postojowego jest obligatoryjny. OSIEDLE I OTOCZENIE Miłe Zacisze to zamknięte osiedle położone w spokojnej części południowych Katowic, w otoczeniu niskiej zabudowy i domów jednorodzinnych. To propozycja dla osób, które chcą mieszkać z dala od ścisłego centrum, a jednocześnie zachować dostęp do miejskiej infrastruktury. W najbliższym otoczeniu znajdują się sklepy, punkty usługowe, placówki edukacyjne i przystanki komunikacji miejskiej. Dużym atutem dla rodzin jest położony niedaleko rozbudowany plac zabaw. Okolica sprzyja również spacerom i codziennemu wypoczynkowi. Zapraszam do kontaktu i umówienia prezentacji mieszkania. Oferta na wyłączność. Kupujący nie płaci prowizji - wynagrodzenie biura nieruchomości pokrywa Sprzedający. Pośrednik odpowiedzialny zawodowo za wykonanie umowy pośrednictwa: Monika Biały (licencja nr: 28989)",tak,tak,,plastikowe,własność,,50.199049,18.964424
Katowice Muchowiec,ul. gen. Władysława Sikorskiego,2,44,379000,8614,bez pośredników,,9,https://adresowo.pl/o/mieszkanie-katowice-muchowiec-ul-gen-wladyslawa-sikorskiego-2-pokojowe-f4w4z8,https://s2.adresowa.pl/oi/10/60/413f94_47ec_cover@2x-2-pokojowe-mieszkanie-katowice-muchowiec-ul-gen-wladyslawa-sikorskiego.webp,Katowice Muchowiec,gen. Władysława Sikorskiego,9,1976,blok,,"Sprzedaję mieszkanie o powierzchni 44 m² na 9. piętrze w bloku z wielkiej płyty. Nieruchomość jest w dobrym stanie, gotowa do zamieszkania. W wyposażeniu znajdziesz meble, lodówkę, kuchenkę oraz piekarnik. Mieszkanie ma balkon, piwnicę i oddzielną kuchnię. W budynku znajduje się winda oraz domofon. Lokalizacja to Osiedle Paderewskiego-Muchowiec w Katowicach. W okolicy znajdują się: - sklepy spożywcze oraz Centrum Handlowe ""3 Stawy"" - parki i tereny zielone - przystanki komunikacji miejskiej - szkoły podstawowe - żłobki i przedszkola Dzięki bliskości transportu publicznego, dojazd do centrum Katowic jest szybki i wygodny. W okolicy są również miejsca do aktywnego wypoczynku oraz usługi zdrowotne. Zapraszam do kontaktu, aby umówić się na prezentację mieszkania! !!! BEZ POŚREDNIKÓW !!!",tak,,osobna,plastikowe,,"Wyposażenie: kuchenkę, lodówkę, piekarnik",50.252394,19.037553
Katowice,Brynów,2,45,660000,14667,bez pośredników,,6,https://adresowo.pl/o/mieszkanie-katowice-brynow-2-pokojowe-45-m2-v7e6b0,https://s2.adresowa.pl/oi/4a/5f/413ef8_f041_cover@2x-2-pokojowe-mieszkanie-katowice-brynow.webp,Katowice Brynów,,3,2020,apartamentowiec,,"Mieszkanie 45m2 z dużym balkonem 6m2 i pięknym widokiem na staw na osiedlu Ceglana Park. Mieszkanie jest umeblowane. Do wykupienia również miejsce postojowe w garażu podziemnym za 55000 zł. Jest to jedna księga wieczysta - mieszkanie + garaż. Sprzedaż bez pośredników i prowizji. Biurom nieruchomości serdecznie dziękuję, więc szkoda czasu. W razie pytań proszę dzwonić/pisać.",,tak,,,,,50.236363,18.993464
Katowice Brynów,ul. Ceglana,3,55,zapytaj,,bez pośredników,,+28 podobnych ofert,https://adresowo.pl/o/mieszkanie-katowice-brynow-ul-ceglana-3-pokojowe-t0n8b4,https://s2.adresowa.pl/development/561699/nowe-mieszkania-ceglana-park-911c_cover.jpg,Katowice Brynów,Ceglana,parter,2027,blok,,"Nowe mieszkanie 3-pokojowe o powierzchni 55,74 m² w inwestycji Ceglana Park dewelopera DEVELIA, na parterze pod adresem ul. Ceglana, Katowice Brynów. Planowany termin oddania to I kwartał 2027 roku. Ceglana Park – zielone osiedle w sercu Katowic Ceglana Park to inwestycja, która łączy wygodę miejskiego życia z bliskością natury. Niska zabudowa, tereny zielone i starannie zaprojektowane przestrzenie wspólne tworzą kameralne miejsce, w którym można komfortowo mieszkać, odpoczywać i cieszyć się spokojem na co dzień. Atuty inwestycji: - Niemal 50% osiedla stanowią tereny zielone - Tężnia solankowa, staw i alejki spacerowe - Place zabaw i przestrzenie rekreacyjne - Niska zabudowa i kameralny charakter inwestycji - Bliskość Parku Kościuszki i Katowickiego Parku Leśnego - Dogodna komunikacja z centrum Katowic Terminy realizacji: Etap 7 – IV kwartał 2025 Etap 8 – I kwartał 2027 Etap 9 – I kwartał 2027 ________________________________________ Niniejszy materiał nie stanowi oferty w rozumieniu Kodeksu cywilnego i ma charakter wyłącznie informacyjny. Szczegóły inwestycji oraz pełna oferta dostępne są na stronie internetowej: https://develia.pl/pl/",,,,,własność,Wyposażenie: internet,50.244218,19.016307
Katowice Bogucice,ul. Karoliny,3,49,650000,13265,Pośrednik,,20,https://adresowo.pl/o/mieszkanie-katowice-bogucice-ul-karoliny-3-pokojowe-j0g4b5,https://s2.adresowa.pl/oi/69/6b/40e242_cb8e_cover@2x-3-pokojowe-mieszkanie-katowice-bogucice-ul-karoliny.webp,Katowice Bogucice,Karoliny,4,2021,blok,,"Eastate ma przyjemność zaoferować 3 pokojowe mieszkanie na Os. Karoliny. LOKALIZACJA: Największym atutem Os. Karoliny jest świetnie skomunikowana lokalizacja zapewniająca sprawny dostęp do centrum Katowic oraz najważniejszych punktów aglomeracji. W najbliższej okolicy znajduje się wszystko, czego potrzeba na co dzień – sklepy (Biedronka 100m), usługi, komunikacja miejska oraz miejsca sprzyjające aktywnemu wypoczynkowi MIESZKANIE I BUDYNEK: Oferowany lokal to komfortowe mieszkanie o powierzchni blisko 50 m², oferujące funkcjonalny układ 3 pokoi, w tym przestronny salon z aneksem kuchennym oraz wyjściem na duży balkon. Do dyspozycji mieszkańców jest również nowoczesna łazienka z wanną z funkcją prysznicu. Mieszkanie znajduje się na 4. piętrze w 7-piętrowym budynku z windą, wybudowanym w 2021 roku, na zamkniętym i zadbanym osiedlu. Lokal jest w pełni wyposażony w sprzęt AGD i gotowy do wprowadzenia. Dużym atutem jest położenie budynku jako ostatniego w zabudowie – okna nie wychodzą bezpośrednio na sąsiednie bloki, co zapewnia większą prywatność, poczucie przestrzeni i kameralną atmosferę. Ciepła woda jaki ogrzewanie - miejskie. Opłaty wliczone w czynsz Ze względu na układ jak i lokalizację mieszkanie będzie idealnym wyborem dla rodziny lub jako inwestycja. Mieszkania na tym osiedlu cieszą się dużą popularnością na rynku najmów długoterminowych. FINANSE: Cena - 650 000 PLN Czynsz - 750zł W Eastate Agency wspieramy klientów w sprzedaży, wynajmie i poszukiwaniach nieruchomości - zarówno na rynku wtórnym, pierwotnym, jak i komercyjnym. Pomagamy także w wyborze nieruchomości inwestycyjnych - pod wynajem lub długoterminowe lokowanie kapitału. Zajmujemy się również zarządzaniem najmem, a klientom finansującym zakup kredytem umożliwiamy bezpłatny kontakt z doradcą kredytowym.",,,,plastikowe,własność,,50.271128,19.038643
Katowice,ul. Braci Mniejszych,3,53,730000,13774,Pośrednik,,20,https://adresowo.pl/o/mieszkanie-katowice-ul-braci-mniejszych-3-pokojowe-v0f1g5,https://s2.adresowa.pl/oi/44/29/40e23e_2dd8_cover@2x-3-pokojowe-mieszkanie-katowice-ul-braci-mniejszych.webp,Katowice ,Braci Mniejszych,parter,2017,blok,,"Eastate ma przyjemność zaoferować 3 pokojowe mieszkanie z dużym ogródkiem. LOKALIZACJA: Os Franciszkańskie to lokalizacja która zapewnia doskonałe połączenie bliskości terenów zielonych z wygodnym dostępem do centrum Katowic – w sąsiedztwie znajdują się Las Panewnicki, ścieżki spacerowe i rowerowe oraz pełna infrastruktura handlowo-usługowa. Dodatkowym atutem jest szybki dojazd do autostrady A4 i dróg krajowych, a także dogodna komunikacja z centrum miasta i okolicznymi dzielnicami. MIESZKANIE I BUDYNEK: Oferowany lokal to funkcjonalne i w pełni wyposażone mieszkanie o powierzchni blisko 54 m², usytuowane na parterze nowoczesnego, 5-piętrowego budynku. Lokal składa się z salonu z aneksem kuchennym, dwóch niezależnych sypialni oraz łazienki. Mieszkanie jest w pełni umeblowane i po delikatnym odświeżeniu gotowe do zamieszkania. Kuchnia została wykonana w zabudowie i wyposażona w kompletny sprzęt AGD, a liczne szafy i zabudowy zapewniają dużą ilość miejsca do przechowywania, dzięki czemu przestrzeń jest wyjątkowo funkcjonalna. Do mieszkania przynależy komórka lokatorska, idealna do przechowywania rowerów, sprzętu sportowego czy sezonowych rzeczy. Największym atutem nieruchomości jest prywatny ogród o powierzchni ponad 100 m², ogrodzony. To doskonałe miejsce do wypoczynku, spotkań z rodziną i przyjaciółmi, zabawy z dziećmi czy relaksu przy porannej kawie, oferujące komfort porównywalny z własnym domem przy zachowaniu wszystkich zalet mieszkania. Prze budynkiem dostępna jest duża ilość ogólnodostępnych miejsc parkingowych FINANSE: Cena - 730 000PLN Czynsz - ok 1000-1100zł W Eastate Agency wspieramy klientów w sprzedaży, wynajmie i poszukiwaniach nieruchomości - zarówno na rynku wtórnym, pierwotnym, jak i komercyjnym. Pomagamy także w wyborze nieruchomości inwestycyjnych - pod wynajem lub długoterminowe lokowanie kapitału. Zajmujemy się również zarządzaniem najmem, a klientom finansującym zakup kredytem umożliwiamy bezpłatny kontakt z doradcą kredytowym.",tak,,,plastikowe,własność,,50.23196,18.964056
Katowice,Giszowiec,3,53,390000,7358,bez pośredników,,6,https://adresowo.pl/o/mieszkanie-katowice-giszowiec-3-pokojowe-53-m2-v5h4g5,https://s2.adresowa.pl/oi/10/12/413ae4_8cb1_cover@2x-3-pokojowe-mieszkanie-katowice-giszowiec.webp,Katowice Giszowiec,,1,,blok,,"Oferuję na sprzedaż mieszkanie o powierzchni 53,43 m², usytuowane na pierwszym piętrze bloku. Wnętrze utrzymane w jasnych kolorach, co sprawia, że jest przestronne i przyjemne. Mieszkanie jest do własnej aranżacji, co daje Ci możliwość stworzenia wymarzonej przestrzeni.",,,,,,,50.223999,19.065001
Katowice Brynów,ul. Warzywna,2,37,300000,8108,bez pośredników,,8,https://adresowo.pl/o/mieszkanie-katowice-brynow-ul-warzywna-2-pokojowe-x5n9w0,https://s2.adresowa.pl/oi/6f/2b/413ac6_5524_cover@2x-2-pokojowe-mieszkanie-katowice-brynow-ul-warzywna.webp,Katowice Brynów,Warzywna,parter,1963,blok,,"Bez pośredników! 300 tys. Na sprzedaż: Katowice Brynów Na sprzedaż 35m2 plus piwnica 2m2 w świetnej lokalizacji. Salon z aneksem kuchennym plus sypialnia. W mieszkaniu zostają wszystkie sprzęty AGD: lodówka, zmywarka, płyta indukcyjna, piekarnik oraz pralka. Mieszkanie znajduje się w cichej i zielonej okolicy przy pętli Brynowskiej. Mieszkanie jasne, przytulne, 7 lat temu przyszło generalny remont, łącznie z wymianą wszystkich instalacji. Ogrzewanie elektryczne na maty infra red. Obecnie został złożony wniosek do wspólnoty aby zamontować klimatyzatora z funkcją grzania. Parking tylko dla mieszkańców wspólnoty. Nigdy nie ma problemów z miejscem. Na piechotę: Lidl, Libero, Park Kościuszki, Muchowiec, Czynsz jedyne 270 zł Fliperom i biurom nieruchomości dziękuję! Zaprasza do kontaktu Małgorzata Kaczmarczyk",tak,tak,aneks,plastikowe,własność,"Wyposażenie: lodówka, piekarnik, pralka, zmywarka",50.224969,18.997003
Katowice Brynów,ul. Ceglana,1,33,zapytaj,,bez pośredników,,+1 podobna oferta,https://adresowo.pl/o/mieszkanie-katowice-brynow-ul-ceglana-1-pokoj-f6f9t9,https://s2.adresowa.pl/development/561699/nowe-mieszkania-ceglana-park-911c_cover.jpg,Katowice Brynów,Ceglana,2,2027,blok,,"Nowe mieszkanie 1-pokojowe o powierzchni 33,90 m² w inwestycji Ceglana Park dewelopera DEVELIA, na 2 piętrze pod adresem ul. Ceglana, Katowice Brynów. Planowany termin oddania to I kwartał 2027 roku. Ceglana Park – zielone osiedle w sercu Katowic Ceglana Park to inwestycja, która łączy wygodę miejskiego życia z bliskością natury. Niska zabudowa, tereny zielone i starannie zaprojektowane przestrzenie wspólne tworzą kameralne miejsce, w którym można komfortowo mieszkać, odpoczywać i cieszyć się spokojem na co dzień. Atuty inwestycji: - Niemal 50% osiedla stanowią tereny zielone - Tężnia solankowa, staw i alejki spacerowe - Place zabaw i przestrzenie rekreacyjne - Niska zabudowa i kameralny charakter inwestycji - Bliskość Parku Kościuszki i Katowickiego Parku Leśnego - Dogodna komunikacja z centrum Katowic Terminy realizacji: Etap 7 – IV kwartał 2025 Etap 8 – I kwartał 2027 Etap 9 – I kwartał 2027 ________________________________________ Niniejszy materiał nie stanowi oferty w rozumieniu Kodeksu cywilnego i ma charakter wyłącznie informacyjny. Szczegóły inwestycji oraz pełna oferta dostępne są na stronie internetowej: https://develia.pl/pl/",,,,,własność,Wyposażenie: internet,50.244218,19.016307
Katowice,ul. gen. Zygmunta Waltera Jankego,2,41,431000,10512,Pośrednik,,4,https://adresowo.pl/o/mieszkanie-katowice-ul-gen-zygmunta-waltera-jankego-2-pokojowe-s1q1j6,https://s2.adresowa.pl/oi/4d/5e/40c854_8138_cover@2x-2-pokojowe-mieszkanie-katowice-ul-gen-zygmunta-waltera-jankego.webp,Katowice ,gen. Zygmunta Waltera Jankego,3,2027,apartamentowiec,,"Nowoczesne mieszkania w zielonej i spokojnej części Katowic Zamieszkaj w miejscu, które łączy komfort życia w mieście z bliskością natury. Kameralna zabudowa, dużo zieleni oraz spokojne otoczenie tworzą idealne warunki zarówno do życia, jak i odpoczynku po pracy. To propozycja dla osób ceniących równowagę między wygodą a prywatnością. Dostępne są również lokale nieprezentowane w sieci. Atuty inwestycji:- Kameralne osiedle o nowoczesnej architekturze - Funkcjonalne układy mieszkań o zróżnicowanych metrażach - Duże przeszklenia zapewniające dobre doświetlenie wnętrz - Wysoki standard części wspólnych - Strefa dla mieszkańców (relaks / praca) - Siłownia i przestrzeń fitness - Sala zabaw dla dzieci oraz plac zabaw - Lokale usługowe na terenie osiedla - Garaż podziemny oraz miejsca naziemne - Monitoring i podwyższony standard bezpieczeństwa - Możliwość instalacji ładowarek do samochodów elektrycznych - Pełna dostępność (windy, brak barier architektonicznych) Lokalizacja i otoczenie:- Spokojna, zielona dzielnica - Bliskość terenów leśnych i rekreacyjnych - Idealne miejsce dla osób aktywnych oraz rodzin - Kameralne sąsiedztwo, z dala od miejskiego zgiełku Komunikacja i infrastruktura:- Szybki dojazd do centrum miasta - Dobry dostęp do głównych dróg - Rozwinięta infrastruktura w pobliżu (sklepy, szkoły, usługi) - Wygodne połączenie z innymi częściami miasta Filip Masłowski",,tak,,,,,50.208376,18.973749
Katowice,,4,62,800058,12904,Pośrednik,,5,https://adresowo.pl/o/mieszkanie-katowice-4-pokojowe-62-m2-r8n0x1,https://s2.adresowa.pl/oi/34/65/40c666_4fd2_cover@2x-4-pokojowe-mieszkanie-katowice.webp,Katowice,,4,2026,apartamentowiec,,"Na sprzedaż funkcjonalne mieszkanie o powierzchni 62 m², położone w nowoczesnej inwestycji w Katowicach. Przemyślany układ obejmuje jasny salon z aneksem kuchennym, ustawną sypialnię, pokój, łazienkę oraz funkcjonalny korytarz. Dodatkowym atutem mieszkania jest balkon. Rozkład pomieszczeń:- salon z aneksem kuchennym - sypialnia - pokój - pokój - łazienka - druga łazienka - korytarz Jednym z największych atutów inwestycji jest jej znakomita lokalizacja. Kilkunastominutowy spacer pozwala dotrzeć na katowicki Rynek – centrum miejskich wydarzeń kulturalnych, rozrywki i życia społecznego. Zaledwie 4 minuty jazdy dzielą mieszkańców od autostrady A4, zapewniającej szybki dojazd do głównych kierunków podróży krajowych i europejskich. W podobnym czasie można dotrzeć do Drogowej Trasy Średnicowej, umożliwiającej sprawne przemieszczanie się po Katowicach i całej aglomeracji. W bezpośrednim sąsiedztwie znajduje się również popularna Dolina Trzech Stawów. Rozległe tereny zielone, stawy, ścieżki spacerowe i trasy rowerowe tworzą doskonałe warunki do rekreacji, aktywnego wypoczynku oraz relaksu na świeżym powietrzu. Odbywają się tam także liczne wydarzenia kulturalne i rekreacyjne. To doskonała propozycja dla singla, pary lub inwestora poszukującego nowoczesnej nieruchomości w dobrze skomunikowanej części Katowic, blisko centrum i terenów zielonych. Prezentowane mieszkanie to tylko jedna z wielu atrakcyjnych propozycji dostępnych w tej inwestycji. W sprzedaży znajdują się lokale o różnych metrażach, układach i liczbie pokoi, dzięki czemu mogę dopasować ofertę. Cena: 800 058 zł. Brak Prowizji! Brak podatku PCC! Współpraca ze mną to: - brak kosztów - profesjonalne doradztwo - wiele ofert dostępnych w jednym miejscu - jestem dostępny dla Państwa na każdym etapie transakcji - nasi eksperci finansowi mogą od razu dobrać Państwu najkorzystniejszy kredyt Zapraszam do kontaktu i umówienia prezentacji. Mieszkanie oferowane jest w stanie deweloperskim. Przedstawione wizualizacje mają charakter poglądowy i prezentują przykładową możliwość aranżacji wnętrza. Materiały wykorzystano we współpracy z Quality Investment. NOTUS Finanse S.A. występuje w charakterze pośrednika w obrocie nieruchomościami. Powyższa oferta ma charakter informacyjny i nie stanowi oferty handlowej w rozumieniu art. 66 § 1 Kodeksu cywilnego. Notus Finanse S.A.",tak,tak,aneks,plastikowe,,,50.264892,19.023782
Katowice Brynów,ul. Wróbli,5,161,1790000,11118,bez pośredników,,22,https://adresowo.pl/o/mieszkanie-katowice-brynow-ul-wrobli-5-pokojowe-n2e7q3,https://s2.adresowa.pl/oi/7d/38/412d14_f612_cover@2x-5-pokojowe-mieszkanie-katowice-brynow-ul-wrobli.webp,Katowice Brynów,Wróbli,1,2008,blok,,"Na sprzedaż przestronne, komfortowe mieszkanie w luksusowej dzielnicy Katowic, położonej w sercu Osiedla Ptasiego. Mieszkanie usytuowane jest na 1. piętrze budynku z 2008 roku i oferuje wyjątkowy standard życia w jednej z najbardziej pożądanych lokalizacji w Katowicach. 2 miejsca garażowe w cenie nieruchomości. Podstawowe informacje o nieruchomości: Powierzchnia: 161,72 m² Liczba pokoi: 5 + 3 łazienki + 2 garderoby + balkon (z dostępem z 3 pokoi i jadalni) Atuty: mieszkanie idealne, zaprojektowane dla rodziny z dziećmi, podzielone na 3 strefy, przemyślany rozkład. Rozkład pomieszczeń: Przestronny salon z jadalnią oraz otwartą kuchnią w zabudowie na wymiar, z wyjściem na balkon/taras - idealny do wypoczynku. Sypialnia główna (master bedroom) z prywatną łazienką oraz garderobą. Dwie sypialnie aktualnie zaaranżowane na pokoje dziecięce, zaprojektowane z myślą o komforcie najmłodszych mieszkańców. Urocza łazienka sąsiadująca z pokojami dziecięcymi, wyposażona w wannę. Garderoba dziecięca umieszczona naprzeciwko pokoi dziecięcych. Garderoba ogólna umieszczona tuż przy wejściu do mieszkania. Przestronny korytarz, który może pełnić funkcję miejsca do zabawy lub dodatkowej strefy użytkowej. Przestrzeń zaprojektowana z myślą o rodzinach z dziećmi. To wyjątkowe mieszkanie łączy w sobie elegancję, funkcjonalność i świetną lokalizację. Jeśli marzysz o życiu w sercu Katowic, w otoczeniu zieleni (Park Kościuszki oraz Park Stachonia/ Muchowiec), prestiżowej architektury i bogatej infrastruktury, jest to oferta dla Ciebie. Dodatkowe informacje: Czynsz administracyjny: 2.000 zł. Lokalizacja i infrastruktura: Mieszkanie jest doskonale skomunikowane - w bezpośrednim sąsiedztwie znajduje się przystanek linii tramwajowych, co zapewnia szybki dostęp do centrum miasta oraz okolic Katowic. Dodatkowo bliski wylot na obwodnicę Katowic oraz A4, co pozwala na wygodny dojazd w inne rejony aglomeracji i poza nią. W okolicy znajdują się renomowane szkoły i przedszkola, a także place zabaw, liczne punkty usługowe, sklepy, restauracje i szpital. Mieszkańcy Osiedla Ptasiego mogą korzystać z licznych terenów rekreacyjnych, ścieżek rowerowych oraz zieleni miejskiej. Przedstawiona oferta nie jest ofertą handlową w rozumieniu przepisów prawa, lecz ma charakter informacyjny.",,tak,aneks,plastikowe,własność,,50.234777,19.005244
Katowice Piotrowice,ul. Jaworowa,3,64,483000,7547,bez pośredników,,7,https://adresowo.pl/o/mieszkanie-katowice-piotrowice-ul-jaworowa-3-pokojowe-n6o5p1,https://s2.adresowa.pl/oi/11/64/412d10_eaba_cover@2x-3-pokojowe-mieszkanie-katowice-piotrowice-ul-jaworowa.webp,Katowice Piotrowice,Jaworowa,1,1964,blok,,"Oferuję na sprzedaż przestronne mieszkanie w spokojnej okolicy Piotrowice-Ochojec w Katowicach na ul. Jaworowej w zamkniętym osiedlu (2 budynki) o powierzchni 64,19 m². Zlokalizowane jest na pierwszym piętrze czteropiętrowego bloku. W skład wyposażenia wchodzą: meble, pralka, zmywarka, lodówka, kuchenka, piekarnik oraz telewizor. Dodatkowym atutem jest balkon oraz piwnica. Mieszkanie nadaje się do zamieszkania, ale ogólnie wymaga remontu, gdyż jest to mieszkanie po babci. Układ mieszkania to 3 niezależne pokoje i oddzielna kuchnia, przedpokój, łazienka wraz z WC, balkon oraz piwnica. W okolicy dostępne są: - sklepy spożywcze, w tym Żabka i Kaufland, Biedronka - liczne kawiarnie i restauracje - placówki edukacyjne, w tym szkoły podstawowe oraz licea - przystanki komunikacji miejskiej, co zapewnia szybki dojazd w różne części miasta. Zainwestuj w to mieszkanie i ciesz się komfortowym życiem w atrakcyjnej lokalizacji. Skontaktuj się ze mną, aby umówić się na prezentację!",tak,,osobna,plastikowe,,"Wyposażenie: kuchenka, lodówka, piekarnik, pralka, telewizor, zmywarka",50.210185,18.986755
Katowice Dąb,ul. Bracka,4,93,zapytaj,,bez pośredników,,+10 podobnych ofert,https://adresowo.pl/o/mieszkanie-katowice-dab-ul-bracka-4-pokojowe-l5l3s3,https://s2.adresowa.pl/development/674270/nowe-mieszkania-bracka-vita-625b_cover.jpg,Katowice Dąb,Bracka,11,2028,kamienica,,"Nowe mieszkanie 4-pokojowe o powierzchni 93,39 m² w inwestycji Bracka Vita dewelopera DEVELIA, na 11 piętrze w budynku 20 pod adresem ul. Bracka 20, Katowice Dąb. Planowany termin oddania to III kwartał 2028 roku. Bracka Vita Bracka Vita to nowoczesna inwestycja mieszkaniowa przy ul. Brackiej 20 w katowickiej dzielnicy Dąb, w sąsiedztwie Parku Śląskiego. Projekt łączy miejski charakter lokalizacji z bliskością zieleni, a architektura nawiązuje do industrialnej historii dawnej Huty Baildon. W pierwszym etapie zaplanowano około 132 mieszkań o powierzchni od ok. 38 do ok. 110 m², z układami od 2 do 5 pokoi. Atuty inwestycji: • Sąsiedztwo Parku Śląskiego i terenów zielonych. • Loggie lub tarasy oraz duże, dobrze doświetlone okna. • Zielone patia z ogrodem sensorycznym i strefami rekreacji. • Dogodna komunikacja – tramwaj, DTŚ i ścieżki rowerowe. • Lokale usługowe na terenie inwestycji. • Bliskość Silesia City Center, Spodka i Stadionu Śląskiego. Terminy realizacji: III/IV kw. 2028r. Niniejszy materiał nie stanowi oferty w rozumieniu Kodeksu cywilnego i ma charakter wyłącznie informacyjny. Szczegóły inwestycji oraz pełna oferta dostępne są na stronie internetowej: https://develia.pl/pl/",,,aneks,,własność,Wyposażenie: internet,50.269253,18.993573
Katowice,ul. Sokolska,2,29,418000,14414,Pośrednik,,4,https://adresowo.pl/o/mieszkanie-katowice-ul-sokolska-2-pokojowe-c6k1e2,https://s2.adresowa.pl/oi/40/1c/40c664_c5ff_cover@2x-2-pokojowe-mieszkanie-katowice-ul-sokolska.webp,Katowice ,Sokolska,11,,apartamentowiec,,"MIESZKANIE, KTÓRE MOŻE ZARABIAĆ NA SIEBIE Na sprzedaż funkcjonalne mieszkanie w świetnej cenie, z bardzo dużym potencjałem inwestycyjnym. Układ lokalu daje możliwość wydzielenia dwóch niezależnych pokoi, dzięki czemu nieruchomość może zyskać zupełnie nową funkcję — zarówno jako mieszkanie dla dwóch osób, jak i lokal przygotowany z myślą o wynajmie. To propozycja dla inwestora, który szuka nieruchomości w miejscu, gdzie lokalizacja pracuje na wartość mieszkania. W bezpośrednim otoczeniu znajdziesz wszystko, czego oczekuje najemca: komunikację miejską, sklepy, restauracje, usługi, biura, uczelnie, rozrywkę oraz tereny spacerowe. Do najważniejszych punktów centralnej części miasta można dotrzeć pieszo, a świetnie rozwinięta komunikacja pozwala szybko przemieszczać się również po całej aglomeracji. Dodatkowym atutem jest sama inwestycja — nowoczesna architektura, przestrzenie wspólne, klub mieszkańca, rozbudowana infrastruktura rowerowa, lokale usługowe oraz rozwiązania typu smart home. Projekt przewiduje 341 mieszkań i jest obecnie w zaawansowanym etapie realizacji. Dostępne są również inne oferty niepublikowane w sieci. DLACZEGO WARTO? • możliwość stworzenia dwóch pokoi z jednego mieszkania • atrakcyjna cena zakupu • lokalizacja idealna pod wynajem • bliskość centrum i komunikacji • ogromna liczba punktów usługowych i gastronomicznych w okolicy • sąsiedztwo biur, uczelni i miejskich atrakcji • nowoczesny budynek i części wspólne • balkon lub taras • rozwiązania smart home • rozbudowana infrastruktura rowerowa • potencjał zarówno pod wynajem długoterminowy, jak i dla osoby szukającej mieszkania w centrum To nie jest po prostu mieszkanie do kupienia. To nieruchomość, którą można dobrze zaplanować. To nie tylko piękne apartamenty, ale także wyjątkowa infrastruktura zaprojektowana z myślą o Twoim komforcie. Zapraszam do kontaktu -przygotuję ofertę na miarę Twoich oczekiwań. Filip Masłowski",,tak,,,,,50.265275,19.018708
Katowice,ul. Kazimiery Iłłakowiczówny,3,72,761200,10572,Pośrednik,,4,https://adresowo.pl/o/mieszkanie-katowice-ul-kazimiery-illakowiczowny-3-pokojowe-a5i5u3,https://s2.adresowa.pl/oi/30/76/40c662_2abb_cover@2x-3-pokojowe-mieszkanie-katowice-ul-kazimiery-illakowiczowny.webp,Katowice ,Kazimiery Iłłakowiczówny,1,,apartamentowiec,,"Zamieszkaj bliżej centrum ale nadal żyj wygodnie z dala od zgiełku miasta. Są takie miejsca, w których po prostu dobrze się mieszka. Gdzie rano masz wszystko, czego potrzebujesz na wyciągnięcie ręki, a wieczorem możesz zwolnić i odpocząć od miejskiego zgiełku. Nowoczesna inwestycja, przemyślana przestrzeń i lokalizacja, która pozwala połączyć wygodę życia blisko centrum z dostępem do zieleni, komunikacji i miejskich atrakcji. To propozycja dla osób, które chcą połączyć nowoczesne budownictwo, wygodę codziennego życia i świetną lokalizację blisko centrum Katowic. Mieszkania posiadają balkony, loggie, tarasy lub prywatne ogródki, a w każdym budynku zaplanowano garaż podziemny, komórki lokatorskie, rowerownię oraz cichobieżne windy. Dużym atutem jest również zagospodarowana przestrzeń pomiędzy budynkami oraz strefa wypoczynkowa. Architektura części wspólnych nawiązuje stylistycznie do charakterystycznych detali śląskich kamienic. Dostępne lokale w różnych metrażach niepublikowanych na stronach. KOMFORT NA CO DZIEŃ:- Na terenie inwestycji przewidziano m.in.: - garaż podziemny - miejsca postojowe - komórki lokatorskie - rowerownię - cichobieżne windy - videodomofony - monitoring - balkony, loggie, tarasy lub ogródki - strefę wypoczynkową - lokale usługowe w ramach inwestycji LOKALIZACJA – JEDEN Z NAJWIĘKSZYCH ATUTÓW- 2 minuty – pętla tramwajowa - 2 minuty – Spodek - 3 minuty – centrum sportowe i fitness - 5 minut – Silesia City Center - 5 minut – sklep spożywczy - 6 minut – Park Wełnowiecki - 7 minut – szkoła podstawowa - 7 minut – Dworzec Główny PKP Katowice - 14 minut – Park Śląski To bardzo dobra propozycja zarówno dla osób szukających własnego mieszkania w Katowicach, jak i dla inwestorów. Bliskość centrum, Spodka, komunikacji tramwajowej, uczelni, biur, galerii handlowej oraz terenów rekreacyjnych daje szerokie możliwości wykorzystania mieszkania – od komfortowego lokum dla singla lub pary, po mieszkanie rodzinne czy nieruchomość przeznaczoną pod wynajem. To nie tylko piękne apartamenty, ale także wyjątkowa infrastruktura zaprojektowana z myślą o Twoim komforcie. Zapraszam do kontaktu -przygotuję ofertę na miarę Twoich oczekiwań. Filip Masłowski",,tak,,,,,50.273471,19.0205
Katowice Bogucice,ul. Modrzewiowa,3,50,395000,7900,bez pośredników,,13,https://adresowo.pl/o/mieszkanie-katowice-bogucice-ul-modrzewiowa-3-pokojowe-a6o3e2,https://s2.adresowa.pl/oi/10/33/412bfc_5710_cover@2x-3-pokojowe-mieszkanie-katowice-bogucice-ul-modrzewiowa.webp,Katowice Bogucice,Modrzewiowa,3,1979,blok,,"Oferuję na sprzedaż 3-pokojowe mieszkanie o powierzchni 50,2 m2, położone w doskonałej lokalizacji przy ul. Modrzewiowej w Katowicach-Bogucicach. Spokojne, zielone osiedle z dużą ilością miejsc parkingowych. Mieszkanie do remontu. Blok po termomodernizacji, zarządzany przez Wspólnotę. Blok z domofonem. Piętro 3/4, bez windy. Mieszkanie składa się z przestronnego przedpokoju, salonu z balkonem, dwóch sypialni z możliwością urządzenia domowego biura, oddzielnej kuchni oraz łazienki, która kilka lat temu przeszła generalny remont i nie wymaga natychmiastowych nakładów finansowych. Wszystkie okna PCV w bardzo dobrym stanie. Do lokalu przynależy spora, sucha piwnica. Mieszkanie bardzo jasne, okna skierowane na wschód i zachód. Czynsz z zaliczką na wodę, ogrzewanie i opłatą za wywóz śmieci około 700 zł/mc. Lokalizacja blisko Spodka, w odległości dłuższego spaceru. Zakup od właściciela, brak prowizji. Zapraszam do oglądania.",tak,,osobna,plastikowe,własność,,50.270624,19.032581
Katowice Dąbrówka Mała,ul. Józefa Grzegorzka,2,51,349000,6843,bez pośredników,,10,https://adresowo.pl/o/mieszkanie-katowice-dabrowka-mala-ul-jozefa-grzegorzka-2-pokojowe-t2b8s0,https://s2.adresowa.pl/oi/62/10/412b7c_70ba_cover@2x-2-pokojowe-mieszkanie-katowice-dabrowka-mala-ul-jozefa-grzegorzka.webp,Katowice Dąbrówka Mała,Józefa Grzegorzka,3,1980,blok,,"Oferuję na sprzedaż mieszkanie o powierzchni 51,28 m² w Dąbrówce Małej. Znajduje się na 3. piętrze w bloku z lat 80-tych. Mieszkanie jest w stanie do zamieszkania/odświeżenia, posiada balkon, piwnicę oraz miejsce parkingowe. Ogrzewanie miejskie zapewnia komfort w zimie. Dąbrówka Mała to spokojna dzielnica Katowic z dobrze rozwiniętą infrastrukturą. W pobliżu znajdują się: - sklepy spożywcze, w tym supermarket ""Home Concept"" - tereny zielone, w tym ""Park w Dąbrówce"" - przystanki autobusowe, co ułatwia komunikację z innymi częściami miasta. W okolicy są także szkoły, przedszkola i miejsca do aktywnego spędzania czasu. To idealne miejsce dla osób szukających spokoju, ale z dobrym dostępem do miasta. Zainwestuj w to mieszkanie już dziś i ciesz się wygodą życia w Dąbrówce Małej!",tak,tak,,plastikowe,własność,,50.278806,19.065622
Katowice Brynów,ul. Ceglana,4,97,zapytaj,,bez pośredników,,13,https://adresowo.pl/o/mieszkanie-katowice-brynow-ul-ceglana-4-pokojowe-e9k0i4,https://s2.adresowa.pl/development/561699/nowe-mieszkania-ceglana-park-911c_cover.jpg,Katowice Brynów,Ceglana,4,2026,kamienica,,"Nowe mieszkanie 4-pokojowe o powierzchni 97,61 m² w inwestycji Ceglana Park dewelopera DEVELIA, na 4 piętrze pod adresem ul. Ceglana, Katowice Brynów. Planowany termin oddania to I kwartał 2026 roku. Ceglana Park – zielone osiedle w sercu Katowic Ceglana Park to inwestycja, która łączy wygodę miejskiego życia z bliskością natury. Niska zabudowa, tereny zielone i starannie zaprojektowane przestrzenie wspólne tworzą kameralne miejsce, w którym można komfortowo mieszkać, odpoczywać i cieszyć się spokojem na co dzień. Atuty inwestycji: - Niemal 50% osiedla stanowią tereny zielone - Tężnia solankowa, staw i alejki spacerowe - Place zabaw i przestrzenie rekreacyjne - Niska zabudowa i kameralny charakter inwestycji - Bliskość Parku Kościuszki i Katowickiego Parku Leśnego - Dogodna komunikacja z centrum Katowic Terminy realizacji: Etap 7 – IV kwartał 2025 Etap 8 – I kwartał 2027 Etap 9 – I kwartał 2027 ________________________________________ Niniejszy materiał nie stanowi oferty w rozumieniu Kodeksu cywilnego i ma charakter wyłącznie informacyjny. Szczegóły inwestycji oraz pełna oferta dostępne są na stronie internetowej: https://develia.pl/pl/",,,,,własność,Wyposażenie: internet,50.244218,19.016307
Katowice,ul. Kazimiery Iłłakowiczówny,2,40,440600,11015,Pośrednik,,4,https://adresowo.pl/o/mieszkanie-katowice-ul-kazimiery-illakowiczowny-2-pokojowe-m2c3m7,https://s2.adresowa.pl/oi/43/7f/40c658_fc4e_cover@2x-2-pokojowe-mieszkanie-katowice-ul-kazimiery-illakowiczowny.webp,Katowice ,Kazimiery Iłłakowiczówny,parter,2026,apartamentowiec,,"Zamieszkaj bliżej centrum ale nadal żyj wygodnie z dala od zgiełku miasta. Są takie miejsca, w których po prostu dobrze się mieszka. Gdzie rano masz wszystko, czego potrzebujesz na wyciągnięcie ręki, a wieczorem możesz zwolnić i odpocząć od miejskiego zgiełku. Nowoczesna inwestycja, przemyślana przestrzeń i lokalizacja, która pozwala połączyć wygodę życia blisko centrum z dostępem do zieleni, komunikacji i miejskich atrakcji. To propozycja dla osób, które chcą połączyć nowoczesne budownictwo, wygodę codziennego życia i świetną lokalizację blisko centrum Katowic. Mieszkania posiadają balkony, loggie, tarasy lub prywatne ogródki, a w każdym budynku zaplanowano garaż podziemny, komórki lokatorskie, rowerownię oraz cichobieżne windy. Dużym atutem jest również zagospodarowana przestrzeń pomiędzy budynkami oraz strefa wypoczynkowa. Architektura części wspólnych nawiązuje stylistycznie do charakterystycznych detali śląskich kamienic. Dostępne lokale w różnych metrażach niepublikowanych na stronach. KOMFORT NA CO DZIEŃ:- Na terenie inwestycji przewidziano m.in.: - garaż podziemny - miejsca postojowe - komórki lokatorskie - rowerownię - cichobieżne windy - videodomofony - monitoring - balkony, loggie, tarasy lub ogródki - strefę wypoczynkową - lokale usługowe w ramach inwestycji LOKALIZACJA – JEDEN Z NAJWIĘKSZYCH ATUTÓW- 2 minuty – pętla tramwajowa - 2 minuty – Spodek - 3 minuty – centrum sportowe i fitness - 5 minut – Silesia City Center - 5 minut – sklep spożywczy - 6 minut – Park Wełnowiecki - 7 minut – szkoła podstawowa - 7 minut – Dworzec Główny PKP Katowice - 14 minut – Park Śląski To bardzo dobra propozycja zarówno dla osób szukających własnego mieszkania w Katowicach, jak i dla inwestorów. Bliskość centrum, Spodka, komunikacji tramwajowej, uczelni, biur, galerii handlowej oraz terenów rekreacyjnych daje szerokie możliwości wykorzystania mieszkania – od komfortowego lokum dla singla lub pary, po mieszkanie rodzinne czy nieruchomość przeznaczoną pod wynajem. To nie tylko piękne apartamenty, ale także wyjątkowa infrastruktura zaprojektowana z myślą o Twoim komforcie. Zapraszam do kontaktu -przygotuję ofertę na miarę Twoich oczekiwań. Filip Masłowski",,tak,,,,,50.273471,19.0205
Katowice,ul. Mikołowska,4,81,1016375,12548,Pośrednik,,6,https://adresowo.pl/o/mieszkanie-katowice-ul-mikolowska-4-pokojowe-j9d8j9,https://s2.adresowa.pl/oi/33/5a/40c656_df78_cover@2x-4-pokojowe-mieszkanie-katowice-ul-mikolowska.webp,Katowice ,Mikołowska,3,2026,apartamentowiec,,"Na sprzedaż funkcjonalne mieszkanie o powierzchni 81,31 m², położone w nowoczesnej inwestycji osiedle Paderewskiego w Katowicach. Przemyślany układ obejmuje jasny salon z aneksem kuchennym, ustawną sypialnię, pokój, łazienkę oraz funkcjonalny korytarz. Dodatkowym atutem mieszkania dwa tarasy, loggia. Rozkład pomieszczeń:- salon z aneksem kuchennym - sypialnia - pokój - pokój - dwie łazienki - korytarz Jednym z największych atutów inwestycji jest jej znakomita lokalizacja. Kilkunastominutowy spacer pozwala dotrzeć na Katowicki Rynek – centrum miejskich wydarzeń kulturalnych, rozrywki i życia społecznego. Zaledwie 4 minuty jazdy dzielą mieszkańców od autostrady A4, zapewniającej szybki dojazd do głównych kierunków podróży krajowych i europejskich. W podobnym czasie można dotrzeć do Drogowej Trasy Średnicowej, umożliwiającej sprawne przemieszczanie się po Katowicach i całej aglomeracji. To doskonała propozycja dla singla, pary lub inwestora poszukującego nowoczesnej nieruchomości w dobrze skomunikowanej części Katowic, blisko centrum i terenów zielonych. Prezentowane mieszkanie to tylko jedna z wielu atrakcyjnych propozycji dostępnych w tej inwestycji. W sprzedaży znajdują się lokale o różnych metrażach, układach i liczbie pokoi, dzięki czemu mogę dopasować ofertę. Cena: 1 016 375 zł. Brak Prowizji! Brak podatku PCC! Współpraca ze mną to: - brak kosztów - profesjonalne doradztwo - wiele ofert dostępnych w jednym miejscu - jestem dostępny dla Państwa na każdym etapie transakcji - nasi eksperci finansowi mogą od razu dobrać Państwu najkorzystniejszy kredyt Zapraszam do kontaktu i umówienia prezentacji. Mieszkanie oferowane jest w stanie deweloperskim. Przedstawione wizualizacje mają charakter poglądowy i prezentują przykładową możliwość aranżacji wnętrza. Materiały wykorzystano we współpracy z Quality Investment. NOTUS Finanse S.A. występuje w charakterze pośrednika w obrocie nieruchomościami. Powyższa oferta ma charakter informacyjny i nie stanowi oferty handlowej w rozumieniu art. 66 § 1 Kodeksu cywilnego. Notus Finanse S.A.",tak,tak,aneks,plastikowe,,,50.251072,19.003907
Katowice Śródmieście,ul. Słoneczna,2,43,589000,13698,bez pośredników,,10,https://adresowo.pl/o/mieszkanie-katowice-srodmiescie-ul-sloneczna-2-pokojowe-q2l9z7,https://s2.adresowa.pl/oi/64/6e/412b60_7046_cover@2x-2-pokojowe-mieszkanie-katowice-srodmiescie-ul-sloneczna.webp,Katowice Śródmieście,Słoneczna,1,2023,apartamentowiec,,"Sprzedam bezpośrednio 2-pokojowe mieszkanie o powierzchni 43,19 m², położone na 1. piętrze inwestycji Słoneczne Tarasy. Mieszkanie jest wykończone, umeblowane i wyposażone w sprzęt AGD. Było wynajmowane przez zaledwie 2 lata. To propozycja zarówno dla osób szukających własnego mieszkania, jak i kupujących z myślą o wynajmie. UKŁAD MIESZKANIA: • przestronny salon z aneksem kuchennym, • oddzielna sypialnia, • łazienka z wanną i szklanym parawanem, • przedpokój, • balkon o powierzchni 3,82 m², dostępny z salonu i sypialni. Balkon stanowi dodatkową powierzchnię, niewliczoną w metraż mieszkania. WYKOŃCZENIE I WYPOSAŻENIE: Wnętrze urządzono w spójnej kolorystyce, łączącej szarości z elementami drewnopodobnymi. Duże przeszklenia zapewniają dostęp do naturalnego światła. Kuchnia posiada zabudowę do sufitu, podświetlenie blatu oraz sprzęt AGD, w tym płytę grzewczą, piekarnik i kuchenkę mikrofalową. W salonie znajdują się narożnik, stolik kawowy oraz szafka RTV. Łazienka wyposażona jest w wannę z funkcją prysznica i szklanym parawanem, umywalkę z szafką, podwieszane WC oraz pralkę. Umeblowanie i wyposażenie oferowane wraz z mieszkaniem są uwzględnione w cenie. LOKALIZACJA: Słoneczne Tarasy to lokalizacja zapewniająca wygodny dostęp do centrum Katowic, komunikacji miejskiej, sklepów i punktów usługowych. W okolicy znajdują się m.in. Silesia City Center oraz przystanki autobusowe i tramwajowe. DODATKOWE INFORMACJE: • powierzchnia mieszkania: 43,19 m², • liczba pokoi: 2, • piętro: 1, • balkon: 3,82 m², • brak przynależnego miejsca parkingowego i komórki lokatorskiej, • sprzedaż bezpośrednio od właściciela. Cena: 589 000 zł - do negocjacji. Zapraszam do kontaktu i obejrzenia mieszkania.",tak,,aneks,plastikowe,własność,"Wyposażenie: kuchenkę, piekarnik, pralkę, tv",50.276304,19.015926
Katowice Dąb,ul. Bracka,5,110,zapytaj,,bez pośredników,,+7 podobnych ofert,https://adresowo.pl/o/mieszkanie-katowice-dab-ul-bracka-5-pokojowe-f3d3g1,https://s2.adresowa.pl/development/674270/nowe-mieszkania-bracka-vita-625b_cover.jpg,Katowice Dąb,Bracka,9,2028,blok,,"Nowe mieszkanie 5-pokojowe o powierzchni 110,99 m² w inwestycji Bracka Vita dewelopera DEVELIA, na 9 piętrze w budynku 20 pod adresem ul. Bracka 20, Katowice Dąb. Planowany termin oddania to III kwartał 2028 roku. Bracka Vita Bracka Vita to nowoczesna inwestycja mieszkaniowa przy ul. Brackiej 20 w katowickiej dzielnicy Dąb, w sąsiedztwie Parku Śląskiego. Projekt łączy miejski charakter lokalizacji z bliskością zieleni, a architektura nawiązuje do industrialnej historii dawnej Huty Baildon. W pierwszym etapie zaplanowano około 132 mieszkań o powierzchni od ok. 38 do ok. 110 m², z układami od 2 do 5 pokoi. Atuty inwestycji: • Sąsiedztwo Parku Śląskiego i terenów zielonych. • Loggie lub tarasy oraz duże, dobrze doświetlone okna. • Zielone patia z ogrodem sensorycznym i strefami rekreacji. • Dogodna komunikacja – tramwaj, DTŚ i ścieżki rowerowe. • Lokale usługowe na terenie inwestycji. • Bliskość Silesia City Center, Spodka i Stadionu Śląskiego. Terminy realizacji: III/IV kw. 2028r. Niniejszy materiał nie stanowi oferty w rozumieniu Kodeksu cywilnego i ma charakter wyłącznie informacyjny. Szczegóły inwestycji oraz pełna oferta dostępne są na stronie internetowej: https://develia.pl/pl/",,,aneks,,własność,Wyposażenie: internet,50.269253,18.993573
Katowice,ul. gen. Zygmunta Waltera Jankego,3,60,640500,10675,Pośrednik,,4,https://adresowo.pl/o/mieszkanie-katowice-ul-gen-zygmunta-waltera-jankego-3-pokojowe-x7o4c8,https://s2.adresowa.pl/oi/7d/49/40c654_78dd_cover@2x-3-pokojowe-mieszkanie-katowice-ul-gen-zygmunta-waltera-jankego.webp,Katowice ,gen. Zygmunta Waltera Jankego,parter,2019,apartamentowiec,,"Nowoczesne mieszkania w zielonej i spokojnej części Katowic Zamieszkaj w miejscu, które łączy komfort życia w mieście z bliskością natury. Kameralna zabudowa, dużo zieleni oraz spokojne otoczenie tworzą idealne warunki zarówno do życia, jak i odpoczynku po pracy. To propozycja dla osób ceniących równowagę między wygodą a prywatnością. Dostępne są również lokale nieprezentowane w sieci. Atuty inwestycji:- Kameralne osiedle o nowoczesnej architekturze - Funkcjonalne układy mieszkań o zróżnicowanych metrażach - Duże przeszklenia zapewniające dobre doświetlenie wnętrz - Wysoki standard części wspólnych - Strefa dla mieszkańców (relaks / praca) - Siłownia i przestrzeń fitness - Sala zabaw dla dzieci oraz plac zabaw - Lokale usługowe na terenie osiedla - Garaż podziemny oraz miejsca naziemne - Monitoring i podwyższony standard bezpieczeństwa - Możliwość instalacji ładowarek do samochodów elektrycznych - Pełna dostępność (windy, brak barier architektonicznych) Lokalizacja i otoczenie:- Spokojna, zielona dzielnica - Bliskość terenów leśnych i rekreacyjnych - Idealne miejsce dla osób aktywnych oraz rodzin - Kameralne sąsiedztwo, z dala od miejskiego zgiełku Komunikacja i infrastruktura:- Szybki dojazd do centrum miasta - Dobry dostęp do głównych dróg - Rozwinięta infrastruktura w pobliżu (sklepy, szkoły, usługi) - Wygodne połączenie z innymi częściami miasta Filip Masłowski",,tak,,,,,50.208376,18.973749
Katowice,Śródmieście,3,52,629000,12096,Pośrednik,,7,https://adresowo.pl/o/mieszkanie-katowice-srodmiescie-3-pokojowe-52-m2-a2p7n9,https://s2.adresowa.pl/oi/52/67/40c64e_b02d_cover@2x-3-pokojowe-mieszkanie-katowice-srodmiescie.webp,Katowice Śródmieście,,6,2025,apartamentowiec,,"Na sprzedaż funkcjonalne mieszkanie o powierzchni 52m², położone w nowoczesnej inwestycji w centrum Katowic. Przemyślany układ obejmuje jasny salon z aneksem kuchennym, ustawną sypialnię, pokój, łazienkę oraz funkcjonalny korytarz. Rozkład pomieszczeń:- salon z aneksem kuchennym - sypialnia - pokój - łazienka - korytarz Jednym z największych atutów inwestycji jest jej znakomita lokalizacja. Kilkunastominutowy spacer pozwala dotrzeć na Katowicki Rynek – centrum miejskich wydarzeń kulturalnych, rozrywki i życia społecznego. Zaledwie 2 minuty jazdy dzielą mieszkańców od autostrady A4, zapewniającej szybki dojazd do głównych kierunków podróży krajowych i europejskich. W podobnym czasie można dotrzeć do Drogowej Trasy Średnicowej, umożliwiającej sprawne przemieszczanie się po Katowicach i całej aglomeracji. To doskonała propozycja dla singla, pary lub inwestora poszukującego nowoczesnej nieruchomości w dobrze skomunikowanej części Katowic, blisko centrum i terenów zielonych. Prezentowane mieszkanie to tylko jedna z wielu atrakcyjnych propozycji dostępnych w tej inwestycji. W sprzedaży znajdują się lokale o różnych metrażach, układach i liczbie pokoi, dzięki czemu mogę dopasować ofertę. Cena: 629 000 zł. Brak Prowizji! Brak podatku PCC! Współpraca ze mną to: - brak kosztów - profesjonalne doradztwo - wiele ofert dostępnych w jednym miejscu - jestem dostępny dla Państwa na każdym etapie transakcji - nasi eksperci finansowi mogą od razu dobrać Państwu najkorzystniejszy kredyt Zapraszam do kontaktu i umówienia prezentacji. Mieszkanie oferowane jest w stanie deweloperskim. Przedstawione wizualizacje mają charakter poglądowy i prezentują przykładową możliwość aranżacji wnętrza. Materiały wykorzystano we współpracy z Quality Investment. NOTUS Finanse S.A. występuje w charakterze pośrednika w obrocie nieruchomościami. Powyższa oferta ma charakter informacyjny i nie stanowi oferty handlowej w rozumieniu art. 66 § 1 Kodeksu cywilnego. Notus Finanse S.A.",,tak,aneks,plastikowe,,,50.257,19.017099
