locality,street,rooms,area,price_total_zl,price_sqm_zl,owner_type,date_posted,photo_count,url,image_url,city_district,full_address,floor,year_built,building_type,price_per_sqm_detailed,description_text,has_basement,has_parking,kitchen_type,window_type,ownership_type,equipment,latitude,longitude
Lublin Dziesiąta,ul. Pawia 10,1,26,295000,11346.0,bez pośredników,,17,https://adresowo.pl/o/mieszkanie-lublin-dziesiata-ul-pawia-1-pokoj-v2w6j8,https://s2.adresowa.pl/oi/35/22/40e600_54d0_cover@2x-1-pokojowe-mieszkanie-lublin-dziesiata-ul-pawia.webp,Lublin Dziesiąta,Pawia 10,parter,2018.0,blok,,"🏡 Kawalerka 25,75 m² + prywatny ogródek ok. 10 m² | parter | Pawia 10 | Lublin Cena: 298 000 zł Na sprzedaż funkcjonalna kawalerka o powierzchni 25,75 m², położona na parterze budynku wielorodzinnego przy ul. Pawiej 10 w Lublinie. (Blok bardzo kameralny - łącznie liczy dziesięć lokali mieszkalnych) Do mieszkania przynależy piwnica o powierzchni 2,60 m², dzięki czemu łączna powierzchnia użytkowa mieszkania wraz z pomieszczeniem przynależnym wynosi 28,35 m². Dodatkowym atutem jest prywatna, ogrodzona przestrzeń o powierzchni ok. 10 m², znajdująca się bezpośrednio przy mieszkaniu i pełniąca funkcję niewielkiego ogródka. Budynek oddany do użytkowania w 2018 roku. 📐 Powierzchnia 25,75 m² – powierzchnia samego mieszkania 2,60 m² – przynależna piwnica 28,35 m² – łączna powierzchnia użytkowa wraz z piwnicą ok. 10 m² – prywatny, ogrodzony ogródek Można ją zaaranżować jako kameralny ogródek, miejsce wypoczynku, przestrzeń na rośliny, meble ogrodowe czy rowery. 🔐 Zamknięty dziedziniec i prywatność Wejście do klatki schodowej prowadzi przez zamknięty dziedziniec, a samo mieszkanie znajduje się od strony wewnętrznej budynku. Okna mieszkania nie wychodzą bezpośrednio na ulicę, dzięki czemu mieszkanie jest bardziej kameralne i odizolowane od ruchu ulicznego. 🎙️ Wygłuszona przestrzeń do pracy i nagrywania W mieszkaniu znajduje się wydzielona i wygłuszona przestrzeń w zabudowie, która przez lata służyła jako prywatne studio nagraniowe. 🛋️ Układ mieszkania Mieszkanie składa się z: pokoju z aneksem kuchennym, przedpokoju, łazienki, Wnętrze jest jasne i funkcjonalne. Duże okno zapewnia dostęp do naturalnego światła, a neutralne wykończenie pozwala na łatwą aranżację według własnego gustu. 🚿 Łazienka Łazienka wyposażona jest w: kabinę prysznicową, WC, umywalkę, grzejnik drabinkowy, pralkę. 📍 Lokalizacja Lublin, ul. Pawia 10 💰 Cena: 298 000 zł Zapraszam do kontaktu oraz obejrzenia mieszkania na żywo.",tak,,aneks,plastikowe,własność,Wyposażenie: pralkę,51.227308,22.570758
Lublin Czechów Południowy,ul. Radzyńska,4,62,599000,9661.0,bez pośredników,,14,https://adresowo.pl/o/mieszkanie-lublin-czechow-poludniowy-ul-radzynska-4-pokojowe-r8h0f7,https://s2.adresowa.pl/oi/63/39/4121de_f4eb_cover@2x-4-pokojowe-mieszkanie-lublin-czechow-poludniowy-ul-radzynska.webp,Lublin Czechów Południowy,Radzyńska,10,1978.0,blok,,"Mieszkanie dwustronne wsch.-zach. blisko przystanki MPK, sklepy, szkoła, przedszkole, żłobek, przychodnia. Blisko centrum i wielu uczelni. Czynsz 990,-zl zawiera zaliczki za wodę, ścieki, CO, fundusz remontowy, śmieci oraz gaz w ryczałcie. Zapraszam do kontaktu i na prezentację: Anna t. [numer]. Biura nieruchomości tylko z konkretnym klientem, 0 prow. od sprzedającego.",tak,,osobna,plastikowe,własność,,51.26035,22.549499
Lublin Tatary,ul. Motorowa,2,48,330000,6875.0,bez pośredników,,6,https://adresowo.pl/o/mieszkanie-lublin-tatary-ul-motorowa-2-pokojowe-i7g9a1,https://s2.adresowa.pl/oi/40/5d/4141c2_574a_cover@2x-2-pokojowe-mieszkanie-lublin-tatary-ul-motorowa.webp,Lublin Tatary,Motorowa,2,1960.0,blok,,"Sprzedam dwupokojowe mieszkanie z bardzo ładnym rozkładem, do generalnego remontu, na drugim piętrze w bloku przy ul. Motorowej 1. Do mieszkania przynależy niewielki balkon i spora piwnica. W mieszkaniu jest dębowy parkiet. Zapraszam do kontaktu, biurom nieruchomości dziękuję.",tak,,,plastikowe,własność,,51.24783,22.602506
Lublin Czuby,ul. Różana,2,46,500000,10870.0,bez pośredników,,15,https://adresowo.pl/o/mieszkanie-lublin-czuby-ul-rozana-2-pokojowe-z4y4n5,https://s2.adresowa.pl/oi/28/28/4141ae_4f0a_cover@2x-2-pokojowe-mieszkanie-lublin-czuby-ul-rozana.webp,Lublin Czuby,Różana,1,1984.0,blok,,"Na sprzedaż przytulne mieszkanie 2 pokojowe o powierzchni 46,33 m² zlokalizowane w spokojnej i zielonej dzielnicy Czuby Północne. Mieszkanie usytuowane jest na 1 piętrze w niskim 4 piętrowym bloku z 1984 r. Mieszkanie składa się z: - Salonu 18 m² - Sypialni 10 m² - Kuchnia 7,5 m² - Łazienki 3 m² - WC 1,5 m² - Przedpokoju 2,3 m² z szafą w zabudowie - Korytarz 4 m² z szafą wnękową - Balkon 5,2 m² - Piwnica 5,3 m² Dużym atutem mieszkania jest funkcjonalny rozkład oraz możliwość urządzenia wnętrza według własnych potrzeb np. połączenie kuchni z salonem. W skład wyposażenia mieszkania wchodzą: pralka, lodówka, kuchenka, piekarnik oraz meble w zabudowie. Lokalizacja: W pobliżu znajdują się: - sklepy Biedronka, Lidl, Stokrotka, piekarnie, restauracje, apteki, poczta, przychodnie, szkoły, przedszkola, kościół - tereny rekreacyjne w tym wąwóz Czuby oraz Zalew Zemborzycki - przystanki komunikacji miejskiej zapewniają szybki dojazd do centrum. Cena mieszkania 500 000 PLN. Czynsz 750 (w tym woda, ogrzewanie miejskie, gaz). To idealne miejsce dla osób szukających spokoju, wygody oraz bliskości do centrum.",tak,,,plastikowe,własność,"Wyposażenie: kuchenka, lodówka, piekarnik, pralka",51.231941,22.517141
Lublin Bronowice,ul. Wrońska,3,60,749000,12483.0,Pośrednik,,17,https://adresowo.pl/o/mieszkanie-lublin-bronowice-ul-wronska-3-pokojowe-g5o1f3,https://s2.adresowa.pl/oi/41/36/413baa_6522_cover@2x-3-pokojowe-mieszkanie-lublin-bronowice-ul-wronska.webp,Lublin Bronowice,Wrońska,8,2020.0,blok,,"***WYŁĄCZNIE W IMPERIUM NIERUCHOMOŚCI*** Na sprzedaż oferuję Państwu mieszkanie o powierzchni 60,40m2, które składa się z 3 pokoi kuchni, łazienki, pralni oraz dużego przedpokoju. Mieszkanie usytuowane jest na 8 piętrze 9 piętrowego bloku z 2020roku. Dzielnica Bronowice, ul. Wrońska. ***Powierzchnia pomieszczeń wynosi kolejno: - 1 pokój ok 10,50m - 2 pokój ok 10,50m - salon ok 17m - kuchnia ok 9,50m - łazienka ok 3,50m - pralnia ok 1,50m - hall ok 7,90m -balkon loggia ok 9m Lokalizacja: ^^^WSEI -ok 4km ^^^WSSP im. Wincentego Pola -ok 7,00 km ^^^Uniwersytet Medyczny ul. Chodźki -ok 4,50 km ^^^KUL -ok 4,00km ^^^Brama Krakowska -ok 2,50km ^^^Politechnika Lubelska ok 3,50km Liczne sklepy dookoła osiedla, szkoła podstawowa, przedszkole, plac zabaw, rewelacyjna infrastruktura osiedla, Centrum Sportowo Rekreacyjne na ul. Łabędziej z basenem! Doskonale skomunikowane z każdą częścią miasta, liczne przystanki autobusowe. Do mieszkania przynależy balkon typu loggia około 9m oraz piwnica o powierzchni 3,15m2. Nieruchomością zarządza Wspólnota Mieszkaniowa, wysokość czynszu wraz z zaliczkami na fundusz remontowy, wodę zimną, ciepłą i ogrzewanie wynosi ok 700zł. Do mieszkania przynależy miejsce postojowe w garażu podziemnym płatne dodatkowo (70 000zł), zakup obligatoryjny. Cena podlega lekkiej negocjacji, zapraszam do kontaktu.",tak,tak,osobna,,własność,,51.236306,22.583657
Lublin Ponikwoda,ul. Mariańska 11,2,51,479000,9392.0,Pośrednik,,12,https://adresowo.pl/o/mieszkanie-lublin-ponikwoda-ul-marianska-2-pokojowe-q0x5s6,https://s2.adresowa.pl/oi/5a/4a/413a3c_437e_cover@2x-2-pokojowe-mieszkanie-lublin-ponikwoda-ul-marianska.webp,Lublin Ponikwoda,Mariańska 11,4,1995.0,blok,,"Na sprzedaż dwupokojowe mieszkanie o powierzchni 51,90 m², położone przy ul. Mariańskiej 11 w Lublinie. Lokal znajduje się na 4. piętrze czteropiętrowego budynku z 1995 roku. To propozycja dla osób, które cenią funkcjonalną przestrzeń i możliwość stworzenia wnętrza dopasowanego do własnego stylu. Mieszkanie posiada klasyczny, wygodny układ, a jego metraż daje szerokie możliwości aranżacyjne. W skład nieruchomości wchodzą:- Przestronny salon-16,38m², - Sypialnia-18,02m², - Kuchnia połączona z salonem-8,3m², - Łazienka-5,72m², - Przedpokój. Centralnym punktem mieszkania jest przestronny pokój dzienny z wydzieloną częścią jadalnianą. Duża ilość zabudowy i mebli widocznych na zdjęciach pokazuje, że pomieszczenie pozwala na wygodne połączenie strefy wypoczynku, jadalni i przechowywania. Drugi pokój pełni obecnie funkcję sypialni. Znajduje się w nim obszerna zabudowa meblowa, dzięki czemu pomieszczenie może pełnić zarówno funkcję sypialni, jak i komfortowego pokoju do pracy czy pokoju dziecięcego. W mieszkaniu zachował się parkiet, który może zostać odnowiony i stać się jednym z charakterystycznych elementów nowej aranżacji. Lokal wymaga modernizacji, co daje przyszłemu właścicielowi możliwość przeprowadzenia remontu według własnych oczekiwań — od odświeżenia wnętrza po stworzenie całkowicie nowej koncepcji. Do dyspozycji mieszkańców pozostaje również mały balkon oraz piwnica o powierzchni około 2 m². Budynek został wybudowany w 1995 roku, a mieszkanie znajduje się na ostatnim, czwartym piętrze. Ogrzewanie oraz dostawa wody są miejskie. Najważniejsze atuty nieruchomości * 51,90 m² powierzchni, * 2 ustawne pokoje, * funkcjonalny układ pomieszczeń, * przestronny pokój dzienny z częścią jadalnianą, * duża ilość miejsca do przechowywania, * zachowany parkiet, * balkon, * piwnica ok. 2 m², * 4.piętro w budynku czteropiętrowym, * budynek z 1995 roku, * miejskie ogrzewanie, * możliwość stworzenia wnętrza według własnej koncepcji. 51,90 m², które można urządzić po swojemu. Jeżeli szukasz mieszkania o wygodnym metrażu, klasycznym układzie i dużym potencjale aranżacyjnym, ta nieruchomość może być ciekawą bazą do stworzenia własnej, komfortowej przestrzeni. Zapraszam do kontaktu oraz umówienia prezentacji nieruchomości. To mieszkanie trzeba zobaczyć na żywo, aby w pełni docenić jego przestrzeń, potencjał oraz wyjątkowy klimat. Dawid Tołysz",tak,,osobna,,spółdzielcze własnościowe,,51.268153,22.575685
Lublin,al. Racławickie,1,36,432000,12000.0,bez pośredników,,4,https://adresowo.pl/o/mieszkanie-lublin-al-raclawickie-1-pokoj-e0o3c8,https://s2.adresowa.pl/oi/7c/35/414190_7e86_cover@2x-1-pokojowe-mieszkanie-lublin-al-raclawickie.webp,Lublin ,Racławickie,4,1998.0,blok,,"Przytulna kawalerka z balkonem w czteropiętrowym budynku (z 1998 r.) z windą przy ul. Racławickie 33. Blisko UMCS i KUL. Spokojna okolica, teren obiektu całkowicie zamknięty dla obcych. Wyposażenie: lodówka, meble, piekarnik, kuchenka, pralka, duża szafa wnękowa, balkon. Mieszkanie nie posiada przypisanego miejsca parkingowego, są ogólnodostępne miejsca za szlabanem dla mieszkańców lub parking publiczny przy ulicy. Czynsz około 600 zł, ogrzewanie i ciepła woda miejskie LPEC. Oddzielna księga wieczysta. Stan do odświeżenia. Pośrednikom nieruchomości dziękuję, proszę nie dzwonić.",,,,,,"Wyposażenie: kuchenka, lodówka, piekarnik, pralka",51.251398,22.528052
Lublin Węglin,ul. Kwarcowa,2,47,675000,14362.0,bez pośredników,,9,https://adresowo.pl/o/mieszkanie-lublin-weglin-ul-kwarcowa-2-pokojowe-m3j4v1,https://s2.adresowa.pl/oi/5e/7e/414084_8630_cover@2x-2-pokojowe-mieszkanie-lublin-weglin-ul-kwarcowa.webp,Lublin Węglin,Kwarcowa,6,2022.0,blok,,"2-pokojowe mieszkanie 47,56 m² | duży balkon | klimatyzacja | własna fotowoltaika Na sprzedaż komfortowe i funkcjonalne mieszkanie o powierzchni 47,56 m², położone na Węglinie Południowym w Lublinie, w prężnie rozwijającej się okolicy. Mieszkanie dostępne od stycznia 2027 r. Mieszkanie ma wygodny i praktyczny układ. Składa się z: * przestronnego salonu z aneksem kuchennym, * oddzielnej sypialni, * łazienki, * dużego, funkcjonalnego holu, * dużego balkonu, który zapewnia dodatkową przestrzeń do wypoczynku. Mieszkanie wykończone wysokiej jakości produktami. W sprzedaży z pełnym wyposażeniem. Gotowe do wprowadzenia. Niskie rachunki za prąd w granicy ok 300 zł za 6 miesięcy - faktury do wglądu. ️Własna fotowoltaika + klimatyzacja Jednym z największych atutów nieruchomości jest własna instalacja fotowoltaiczna przynależna do mieszkania, dzięki której rachunki za energię elektryczną są bardzo niskie. Mieszkanie wyposażone jest również w klimatyzację, która zapewnia komfort w upalne dni. Połączenie klimatyzacji z własną fotowoltaiką pozwala korzystać z niej bez obaw o wysokie rachunki za energię. Garaż + boks do przechowywania Do mieszkania przynależy garaż w cenie 59 000 zł. W cenę garażu wliczony jest również boks do przechowywania, zapewniający dodatkowe miejsce m.in. na rowery, opony, wózek dziecięcy czy rzeczy sezonowe. Węglin Południowy Mieszkanie znajduje się w dynamicznie rozwijającej się części Lublina. Okolica stale zyskuje nową infrastrukturę, punkty usługowe i udogodnienia, dzięki czemu jest wygodnym miejscem do codziennego życia. Najważniejsze informacje: Powierzchnia: 47,56 m² Liczba pokoi: 2 Duży balkon: tak Klimatyzacja: tak Własna fotowoltaika: tak Czynsz: ok. 700 zł Dostępność: styczeń 2027 r. Cena mieszkania: 675 000 zł Cena za m²: ok. 14 193 zł Garaż wraz z boksem: 59 000 zł Łączna cena: 734 000 zł Zapraszam osoby zainteresowane do kontaktu i umówienia się na prezentację. Sprzedaż bezpośrednia. Pośrednikom i biurom nieruchomości dziękuję - proszę o niekontaktowanie się w sprawie współpracy.",,tak,aneks,,,Wyposażenie: klimatyzacja,51.221071,22.487313
Lublin Węglin,ul. Jemiołuszki,3,59,749000,12695.0,bez pośredników,,19,https://adresowo.pl/o/mieszkanie-lublin-weglin-ul-jemioluszki-3-pokojowe-b9n3j6,https://s2.adresowa.pl/oi/56/46/414068_c4a2_cover@2x-3-pokojowe-mieszkanie-lublin-weglin-ul-jemioluszki.webp,Lublin Węglin,Jemiołuszki,parter,2023.0,blok,,"Na sprzedaż funkcjonalne 3-pokojowe mieszkanie o powierzchni 59,5 m², położone na wysokim parterze kameralnego, 3-piętrowego budynku z 2023 roku. Najważniejsze informacje: - 59,5 m² powierzchni - 3 pokoje - przestronny salon - 2 sypialnie o powierzchni ok. 11 m² każda - łazienka z wanną - duży balkon - widok na zieleń - wysokie parterowe położenie - nowoczesny budynek z 2023 roku - dobrze skomunikowana z miastem okolica - czynsz ok. 800 zł Mieszkanie posiada praktyczny i ustawny układ, dzięki czemu świetnie sprawdzi się zarówno dla rodziny, jak i pary. Dwie dodatkowe sypialnie można również wykorzystać jako pokój dziecięcy, gabinet do pracy czy pokój gościnny. Dużym atutem jest balkon z widokiem na zieleń, który zapewnia dodatkową przestrzeń do wypoczynku i pozwala cieszyć się spokojnym otoczeniem. Dobra lokalizacja i sprawna komunikacja z pozostałymi częściami miasta sprawiają, że nieruchomość jest wygodnym miejscem do codziennego życia. Mieszkanie dla osób szukających funkcjonalnych 3 pokoi, nowego budownictwa i spokojnego otoczenia z zielenią. Do mieszkania przynależy miejsce postojowe w garażu podziemnym, dodatkowo płatne w kwocie 50,000 zł. Osiedle wyposażone w system monitoringu, w najbliższym czasie planowane jest również jego ogrodzenie. Mieszkanie dostępne od zaraz. Cena podlega negocjacji.",,tak,,plastikowe,własność,,51.222559,22.47875
Lublin,Sławin,4,85,805000,9471.0,Pośrednik,,9,https://adresowo.pl/o/mieszkanie-lublin-slawin-4-pokojowe-85-m2-g5n2v2,https://s2.adresowa.pl/oi/59/14/4138ac_8baa_cover@2x-4-pokojowe-mieszkanie-lublin-slawin.webp,Lublin Sławin,,3,2026.0,blok,,"Mieszkanie z antresolą na III piętrze nowo powstałego budynku na Botaniku. Salon z aneksem kuchennym o pow. 36,07m2 z wyjściem na balkon. Łazienka z WC 4,25m2. Antresola z wyjściem na taras. Wystawa okien: zachód. Taras o pow. 63,3m2. Miejsce postojowe w garażu podziemnym w cenie 49.000 zł. INWESTYCJA ZREALIZOWANA MEDIA: ogrzewanie miejskie, woda, prąd. Oferta przedstawia kilka propozycji układów funkcjonalnych mieszkania. Otwieramy przed Tobą całe miasto! Jesteśmy specjalistami od rynku pierwotnego. U nas znajdziesz najlepsze inwestycje w jednym miejscu. Zamiast przeglądać oferty różnych deweloperów, zapoznaj się z naszą ofertą. Zapewniamy kompleksową obsługę: doradztwo kredytowe i prawne, pomoc notariusza, architekta oraz projektanta wnętrz. Zadzwoń do nas i dowiedz się więcej, tel. [numer], [numer]. Opis oferty sporządzony został na podstawie informacji pochodzących od właściciela oferującego nieruchomość, dokumentów opisujących jej stan prawny i przeprowadzonych oględzin. Opis ten może podlegać aktualizacji w miarę zmiany stanu fizycznego i prawnego nieruchomości oraz nie stanowi oferty handlowej określonej w art. 66 i następnych K.C. Na prezentacji prosimy Państwa o podpisanie potwierdzenia przekazania adresu. Ze względów bezpieczeństwa właścicieli nieruchomości konieczne będzie podanie swoich danych. Imię i nazwisko, PESEL, nr telefonu, a także złożenie czytelnego podpisu na karcie odbioru adresu. Pośrednik odpowiedzialny zawodowo za wykonanie umowy pośrednictwa: Katarzyna Długosz (licencja nr: 12340)",,tak,aneks,,,,51.268342,22.52
Lublin,ul. Henryka Wolińskiego,3,89,1160000,13034.0,Pośrednik,,14,https://adresowo.pl/o/mieszkanie-lublin-ul-henryka-wolinskiego-3-pokojowe-y1q9z5,https://s2.adresowa.pl/oi/29/1e/4136d4_d125_cover@2x-3-pokojowe-mieszkanie-lublin-ul-henryka-wolinskiego.webp,Lublin ,Henryka Wolińskiego,3,2024.0,blok,,"Na sprzedaż wyjątkowe, przestronne mieszkanie o powierzchni 89,12 m², wykończone i urządzone w bardzo wysokim standardzie. To propozycja dla osób, które szukają w Lublinie nieruchomości gotowej do zamieszkania, dopracowanej w szczegółach i zdecydowanie wyróżniającej się na tle typowych ofert. Już sam układ mieszkania zasługuje na szczególną uwagę. Sercem wnętrza jest duży salon z aneksem kuchennym i wydzieloną częścią jadalnianą, tworzący przestronną i reprezentacyjną strefę dzienną. Dodatkowo mieszkanie oferuje dwie komfortowe sypialnie, garderobę połączoną z pralnią, łazienkę z prysznicem oraz osobne WC. Co istotne, obecny układ daje również możliwość wygospodarowania trzeciej sypialni, dzięki czemu mieszkanie może z łatwością dopasować się do potrzeb większej rodziny, osób pracujących z domu lub klientów szukających dodatkowego gabinetu. Mieszkanie znajduje się na 3. piętrze nowoczesnego, pięciopiętrowego budynku z windą, oddanego do użytkowania w 2024 roku. Kuchnia została połączona z salonem, ale jednocześnie posiada własne okno, co znacząco podnosi komfort użytkowania całej strefy dziennej. Duża przestrzeń pozwala swobodnie połączyć funkcję wypoczynkową, jadalnianą i kuchenną bez poczucia przeładowania wnętrza. Okna wychodzą na zachód i południe, dzięki czemu mieszkanie jest bardzo dobrze doświetlone przez znaczną część dnia. Wnętrza są jasne, przestronne i mają przyjemną, naturalną atmosferę. Mieszkanie jest sprzedawane częściowo umeblowane, w stanie idealnym i gotowe do wprowadzenia bez dodatkowych nakładów finansowych. W cenie mieszkania znajdują się aż dwa miejsca postojowe – to jeden z najważniejszych atutów tej oferty i duża wygoda dla przyszłych właścicieli. Najważniejsze informacje: ● powierzchnia: 89,12 m² ● duży salon z aneksem kuchennym i jadalnią ● 2 sypialnie ● możliwość wydzielenia 3. sypialni ● garderoba z pralnią ● łazienka z prysznicem ● osobne WC ●3. piętro w 5-piętrowym budynku ● budynek z 2024 roku ● winda ● bardzo wysoki standard wykończenia ● mieszkanie umeblowane i gotowe do zamieszkania ● ekspozycja okien: południe i zachód ● kuchnia z oknem ● 2 balkony ● 2 miejsca postojowe w cenie mieszkania ● Możliwość zakupu 3 miejsca postojowego ● Piwnica dostępna w cenie ● schowek ● klimatyzacja o mocy 5 kW ● stałe łącze internetowe ● drzwi antywłamaniowe ● domofon i monitoring wideo ● plac zabaw dostępny dla mieszkańców ● spokojna, cicha ulica ● dogodny dostęp do komunikacji autobusowej ● czynsz administracyjny: ok. 1150 zł miesięcznie ● stan prawny: pełna własność z księgą wieczystą To mieszkanie będzie szczególnie interesujące dla osób, które nie chcą przechodzić przez wielomiesięczny proces projektowania, wykańczania i urządzania nowego lokalu. Tutaj można wprowadzić się praktycznie od razu i korzystać z komfortu, jaki daje przemyślane, nowoczesne wnętrze. Połączenie blisko 90 m² powierzchni, bardzo funkcjonalnego układu, dużej strefy dziennej, dwóch sypialni z możliwością wydzielenia trzeciej, wysokiego standardu, dwóch balkonów oraz dwóch miejsc postojowych w cenie sprawia, że jest to nieruchomość, którą zdecydowanie warto zobaczyć na żywo. Zapraszam do kontaktu oraz na prezentację mieszkania.",,,aneks,,własność,"Wyposażenie: internet, klimatyzacja",51.202194,22.552472
Lublin Wrotków,ul. Jana Samsonowicza,3,55,540000,9818.0,bez pośredników,,6,https://adresowo.pl/o/mieszkanie-lublin-wrotkow-ul-jana-samsonowicza-3-pokojowe-x0n0s1,https://s2.adresowa.pl/oi/21/31/413ee2_71ee_cover@2x-3-pokojowe-mieszkanie-lublin-wrotkow-ul-jana-samsonowicza.webp,Lublin Wrotków,Jana Samsonowicza,parter,,blok,,"MIESZKANIE NA SPRZEDAŻ – 540 000 ZŁ Lublin, Wrotków – ul. Samsonowicza 55 m² | 3 pokoje | parter Na sprzedaż funkcjonalne mieszkanie o powierzchni 55 m², położone na parterze z dostępem do licznych miejsc parkingowych . Mieszkanie posiada nowe instalacje, nowe grzejniki oraz instalację elektryczną 400 V (siła), przystosowaną m.in. do płyty indukcyjnej. Dodatkowym atutem jest osobny przedsionek współdzielony tylko z jednym mieszkaniem. Wszystko, czego potrzebujesz na co dzień, w bliskiej okolicy: • szkoła podstawowa, przedszkola i żłobek • sklepy i liczne usługi • siłownia • apteki i przychodnie • komunikacja miejska • miejsca parkingowe • tereny zielone i rekreacyjne • spokojne, przestronne otoczenie Przychodnia NZOZ Mieszkanie wyposażone w zabudowę kuchenną , płytę indukcyjną, zabudowę przedpokoju . Czynsz Dla 1 osoby przy mieszkaniu 55,10 m² wychodzi: Składniki zależne od Spółdzielni: 293,22 zł Składniki niezależne od Spółdzielni: ok. 487,76 zł Łącznie: 780,98 zł/mies.",,,,,,,51.208219,22.547227
Lublin Czuby,ul. Bursztynowa,2,54,499000,9241.0,bez pośredników,,8,https://adresowo.pl/o/mieszkanie-lublin-czuby-ul-bursztynowa-2-pokojowe-o0k5x1,https://s2.adresowa.pl/oi/2a/3e/409520_40b0_cover@2x-2-pokojowe-mieszkanie-lublin-czuby-ul-bursztynowa.webp,Lublin Czuby,Bursztynowa,3,1999.0,blok,,"Oferuję na sprzedaż mieszkanie o powierzchni 54 m² zlokalizowane przy ul. Bursztynowej 15 w Lublinie. Znajduje się na trzecim piętrze w czteropiętrowym bloku z 1999r. Posiada dużą loggię z widokiem na las . Nieruchomość składa się z dwóch pokoi, które są jasne i przytulne. .Kuchnia wyposażona w piekarnik, płytę gazową, lodówko-zamrażarkę oraz zmywarkę. W łazience znajduje się wanna. Podłogi wykonane są z paneli . Do mieszkania przynależy piwnica. Ogrzewanie z własnej kotłowni gazowej pod blokiem. Niski czynsz 700 zł w tym zaliczki na wodę i ogrzewanie. Pośrednikom dziękuję.",tak,,osobna,plastikowe,spółdzielcze własnościowe,"Wyposażenie: piekarnik, zmywarkę",51.221655,22.514467
Lublin Czuby,ul. Sympatyczna 10,5,76,572000,7526.0,bez pośredników,,6,https://adresowo.pl/o/mieszkanie-lublin-czuby-ul-sympatyczna-5-pokojowe-l8b4o9,https://s2.adresowa.pl/oi/5d/5a/413bf6_af9d_cover@2x-5-pokojowe-mieszkanie-lublin-czuby-ul-sympatyczna.webp,Lublin Czuby,Sympatyczna 10,4,1980.0,blok,,"Sprzedam mieszkanie w dzielnicy Czuby w Lublinie, lub zamienię na mniejsze z windą w Lublinie. Do najbliższego przystanku jest ok 50 m. w pobliżu znajduje sie szkoła, przedszkola, przychodnia lekarska, sklepy Stokrotka, Żabka, Leclerc, sklepy piekarnicze. Mieszkanie jest jasne w spokojnej zielonej dzielnicy. Ogrzewanie i ciepła woda z sieci miejskiej, posiada wc i oddzielną łazienkę, przez całe mieszkanie biegnie długi przedpokój dzieląc je na dwie strony. Czynsz miesięczny za mieszkanie wynosi 1100 zł. Pod blokiem są miejsca postojowe ogólnodostępne a także parking strzeżony. Oprócz pokoi, kuchni, przedpokoju jest dodatkowe pomieszczenie z ogrzewaniem do wykorzystania jako spiżarnia lub garderoba. Zapraszam do kontaktu.",tak,,osobna,plastikowe,spółdzielcze własnościowe,,51.230063,22.528699
Lublin,ul. Kwarcowa,1,30,351828,11728.0,Pośrednik,,7,https://adresowo.pl/o/mieszkanie-lublin-ul-kwarcowa-1-pokoj-d9b9c3,https://s2.adresowa.pl/oi/15/66/4135ae_95f8_cover@2x-1-pokojowe-mieszkanie-lublin-ul-kwarcowa.webp,Lublin ,Kwarcowa,4,1996.0,apartamentowiec,,"Stan deweloperski na os. Węglinek (ul. Kwarcowa) Mieszkanie usytuowane jest na 4 piętrze w 8 piętrowym bloku. Powierzchnia nieruchomości to 30,33m2 Mieszkanie składa się z : -salonu z aneksem kuchennym -korytarza -łazienki Do mieszkania przynależy duży 7metrowy balkon! ISTNIEJE MOŻLIWOŚĆ WYDZIELENIA ODDZIELNEJ SYPIALNI!!! Szukasz idealnego miejsca dla siebie lub pod pewną inwestycję? Ta oferta jest właśnie dla Ciebie! Prezentujemy wyjątkowe mieszkanie w stanie deweloperskim, zlokalizowane przy ul. Kwarcowej na osiedlu Węglinek – w jednej z najbardziej pożądanych i najchętniej wybieranych dzielnic Lublina. Klucze są już gotowe do odbioru IIkw 2027roku! Kupujący zwolniony z podatku PCC! Klient nie płaci prowizji(pokrywa ją deweloper) Jedynym kosztem po stronie kupujących jest notariusz! Posiadamy w swojej ofercie mieszkania od 30m2 do 108m2 Dlaczego Węglinek i ul. Kwarcowa ? To osiedle to synonim wygody i komfortowego życia! Zamieszkaj w otoczeniu zieleni, ciesząc się jednocześnie doskonałą infrastrukturą i szybkim dostępem do wszystkich najważniejszych punktów miasta. To idealne miejsce dla osób, które ceniących spokój, wygodę i wysoką jakość życia każdego dnia. Komunikacja i dojazdy.- Obwodnica Lublina: zaledwie 1,5 km do węzła, co gwarantuje błyskawiczny wylot z miasta w każdym kierunku. - Przystanek MPK: w odległości 700 m (świetne połączenie z centrum i uczelniami). - Stacja PKP Lublin Zachodni: ok. 1 km – idealna opcja dla osób podróżujących do Warszawy czy Kraśnika. Wszystko czego potrzebujesz na co dzień masz w zasięgu ręki. Zapomnij o długich wyprawach na zakupy. W promieniu kilku minut spacerem znajdziesz:- Markety: Lidl, Biedronka, Aldi, Stokrotka, Lewiatan, Żabka. - Centrum Handlowe na większe zakupy. - Usługi: Poczta, dwa salony fryzjerskie, apteka. Dla rodzin i dzieci. To osiedle to raj dla rodziców. Bezpieczna infrastruktura edukacyjna obejmuje:- 3 przedszkola na terenie osiedla (w tym jedno prestiżowe, dwujęzyczne). - Żłobek dla najmłodszych. - 2 szkoły podstawowe (w tym jedna prywatna). Zdrowie i rekreacja.- Opieka medyczna: Dwie przychodnie zdrowia oraz dwa nowoczesne salony stomatologiczne. - Zielone sąsiedztwo: Tuż obok znajduje się Rezerwat Przyrody Stary Gaj – idealne miejsce na poranny jogging, spacery z psem czy weekendowy odpoczynek. - Dla aktywnych: Rozbudowana sieć ścieżek rowerowych łączących osiedle z resztą miasta. - Gastronomia: Wieczorem nie musisz gotować – na osiedlu działają świetne restauracje i klimatyczne pizzerie. - Na osiedlu znajduje się również kościół. Pewna lokata kapitału: Węglinek to dzielnica, której wartość stale rośnie. Mieszkania w tej części miasta cieszą się dużym zainteresowaniem na rynku wtórnym oraz wynajmu, co sprawia że zakup nieruchomości tutaj to nie tylko komfort codziennego życia, ale również inwestycja z perspektywą na przyszłość. Finanse: Mieszkanie - 351 828zł Cena za m2 11 600zł Miejsce parkingowe: -zewnętrzne 30 000zł -w garażu podziemnym 40 000zł Kupujący zwolniony z podatku PCC! Klient nie płaci prowizji(pokrywa ją deweloper) Jedynym kosztem po stronie kupujących jest notariusz! Posiadamy w swojej ofercie mieszkania od 30m2 do 108m2 Zapraszam do kontaktu w celu uzyskania szczegółowych informacji oraz umówienia prezentacji lokalu. Sebastian Smyk",,,,,,,51.220407,22.48815
Lublin,Sławin,4,94,796670,8475.0,Pośrednik,,8,https://adresowo.pl/o/mieszkanie-lublin-slawin-4-pokojowe-94-m2-t2a2x7,https://s2.adresowa.pl/oi/79/25/4120c6_4279_cover@2x-4-pokojowe-mieszkanie-lublin-slawin.webp,Lublin Sławin,,3,2026.0,blok,,"Mieszkanie z antresolą na III piętrze nowo powstałego budynku na Botaniku. Salon z aneksem kuchennym o pow. 42m2 z wyjściem na balkon. Łazienka z WC 5,97m2. Antresola z wyjściem na balkon. Wystawa okien: zachód. Miejsce postojowe w garażu podziemnym w cenie 49.000 zł. INWESTYCJA ZREALIZOWANA MEDIA: ogrzewanie miejskie, woda, prąd. Oferta przedstawia kilka propozycji układów funkcjonalnych mieszkania. Otwieramy przed Tobą całe miasto! Jesteśmy specjalistami od rynku pierwotnego. U nas znajdziesz najlepsze inwestycje w jednym miejscu. Zamiast przeglądać oferty różnych deweloperów, zapoznaj się z naszą ofertą. Zapewniamy kompleksową obsługę: doradztwo kredytowe i prawne, pomoc notariusza, architekta oraz projektanta wnętrz. Zadzwoń do nas i dowiedz się więcej, tel. [numer], [numer]. Opis oferty sporządzony został na podstawie informacji pochodzących od właściciela oferującego nieruchomość, dokumentów opisujących jej stan prawny i przeprowadzonych oględzin. Opis ten może podlegać aktualizacji w miarę zmiany stanu fizycznego i prawnego nieruchomości oraz nie stanowi oferty handlowej określonej w art. 66 i następnych K.C. Na prezentacji prosimy Państwa o podpisanie potwierdzenia przekazania adresu. Ze względów bezpieczeństwa właścicieli nieruchomości konieczne będzie podanie swoich danych. Imię i nazwisko, PESEL, nr telefonu, a także złożenie czytelnego podpisu na karcie odbioru adresu. Pośrednik odpowiedzialny zawodowo za wykonanie umowy pośrednictwa: Katarzyna Długosz (licencja nr: 12340)",,tak,aneks,,,,51.268342,22.52
Lublin Śródmieście,ul. Lipowa,3,60,600000,10000.0,bez pośredników,,1,https://adresowo.pl/o/mieszkanie-lublin-srodmiescie-ul-lipowa-3-pokojowe-h5w5z0,https://s2.adresowa.pl/oi/2d/45/4139de_dd36_cover@2x-3-pokojowe-mieszkanie-lublin-srodmiescie-ul-lipowa.webp,Lublin Śródmieście,Lipowa,1,1954.0,blok,,"Mieszkanie o powierzchni 60,87 m2. Ul.Lipowa.Budynek z 1954 roku.Mieszkanie dwustronne okna od strony ul.Lipowej i od podwórza.Mieszkanie ciche. Mieszkanie do zamieszkania natychmiastowego. Aktualny stan prawny zgodny ze stanem faktycznym.Bez zadłużeń.",tak,,osobna,plastikowe,własność,,51.244566,22.55246
Lublin LSM,ul. Konrada Wallenroda,2,56,540000,9643.0,bez pośredników,,8,https://adresowo.pl/o/mieszkanie-lublin-lsm-ul-konrada-wallenroda-2-pokojowe-a0t4n9,https://s2.adresowa.pl/oi/27/64/4139a2_57ad_cover@2x-2-pokojowe-mieszkanie-lublin-lsm-ul-konrada-wallenroda.webp,Lublin LSM,Konrada Wallenroda,3,,blok,,"Gotowe do zamieszkania, urządzone ze smakiem i dbałością o każdy szczegół. Na sprzedaż gustownie wykończone i w pełni wyposażone mieszkanie po generalnym remoncie, położone na jednym z najbardziej pożądanych adresów lubelskiego LSM - na osiedlu Mickiewicza przy ul. Wallenroda. Mieszkanie charakteryzuje się bardzo dobrym rozkładem pomieszczeń i komfortową przestrzenią do codziennego życia. W skład mieszkania wchodzą: * przestronny pokój o powierzchni 22,35 m², z oknami skierowanymi na południowy wschód, dzięki czemu wnętrze jest przyjemnie doświetlone naturalnym światłem; * drugi pokój o powierzchni 14,20 m², z wyjściem na balkon i wystawą okien na północny zachód - idealny jako sypialnia, pokój dziecka, gabinet lub pokój gościnny; * ustawna kuchnia o powierzchni 7,37 m², wyposażona w nowoczesną zabudowę kuchenną oraz sprzęt AGD - zmywarkę, piekarnik elektryczny, płytę indukcyjną i okap; * komfortowa łazienka o powierzchni 4,21 m², wyposażona w prysznic z brodzikiem i eleganckimi szklanymi drzwiami, toaletę, umywalkę, lustro oraz elektryczną termę do przygotowania ciepłej wody użytkowej; * przestronny przedpokój o powierzchni ponad 8 m², z funkcjonalnymi, wykonanymi na wymiar szafami wnękowymi, które zapewniają dużą ilość miejsca do przechowywania. Dodatkowym atutem jest balkon, który stanowi przyjemne miejsce na poranną kawę, odpoczynek czy domową aranżację roślinną. Do mieszkania przynależy również piwnica. Mieszkanie przeszło kompleksowy, generalny remont, dzięki czemu nowy właściciel nie musi martwić się o kosztowne i czasochłonne prace remontowe. Zakres wykonanych prac obejmował m.in.: * wymianę instalacji elektrycznej, * wymianę instalacji wodno-kanalizacyjnej, * wykonanie nowych podłóg - gresu oraz paneli, * montaż nowych drzwi zewnętrznych i wewnętrznych, * wykonanie gładzi na ścianach i ich malowanie, * kompleksową modernizację łazienki wraz z nową glazurą, * montaż elektrycznej termy zapewniającej ciepłą wodę użytkową, * wykonanie nowej zabudowy kuchennej wraz z kompletnym wyposażeniem AGD, * montaż funkcjonalnych szaf wnękowych wykonanych na wymiar w przedpokoju. Całość została wykończona z dużą dbałością o estetykę i spójność aranżacji. Zastosowane materiały oraz neutralna, ponadczasowa kolorystyka tworzą wnętrze eleganckie, przytulne i łatwe do dalszej personalizacji. W mieszkaniu zastosowano elektryczną termę do przygotowania ciepłej wody użytkowej, a instalacja gazowa została celowo pominięta. To rozwiązanie pozwoliło uzyskać nowoczesne, estetyczne i pozbawione urządzeń gazowych wnętrze. Ogrzewanie mieszkania pochodzi z miejskiej sieci ciepłowniczej. Nieruchomość położona jest na osiedlu Mickiewicza, wyróżniającym się kameralnym charakterem, dużą ilością zieleni oraz niską, przyjazną zabudową. Budynki mają zaledwie 3 piętra, co nadaje okolicy spokojny i kameralny charakter, a jednocześnie zapewnia mieszkańcom wszystkie zalety życia w dobrze rozwiniętej części miasta. Lokalizacja na LSM zapewnia dogodny dostęp do sklepów, punktów usługowych, placówek edukacyjnych, terenów zielonych oraz komunikacji miejskiej.",tak,,,,,"Wyposażenie: piekarnik, zmywarkę",51.241528,22.526168
Lublin,Sławin,4,70,715989,10228.0,Pośrednik,,4,https://adresowo.pl/o/mieszkanie-lublin-slawin-4-pokojowe-70-m2-y1n0j1,https://s2.adresowa.pl/oi/6e/1c/41056e_e140_cover@2x-4-pokojowe-mieszkanie-lublin-slawin.webp,Lublin Sławin,,3,2026.0,blok,,"Mieszkanie z antresolą na III piętrze nowo powstałego budynku na Botaniku. Salon z aneksem kuchennym o pow. 36,46m2 z wyjściem na balkon. Łazienka z WC 4,43m2. Antresola o pow. 30m2 z wyjściem na balkon. Dodatkowa powierzchnia ok. 13 m2. Wystawa okien: wschód. Miejsce postojowe w garażu podziemnym w cenie 49.000 zł. INWESTYCJA ZREALIZOWANA MEDIA: ogrzewanie miejskie, woda, prąd. W SWOJEJ OFERCIE POSIADAMY WIĘCEJ MIESZKAŃ W PROMOCYJNYCH CENACH ! Otwieramy przed Tobą całe miasto! Jesteśmy specjalistami od rynku pierwotnego. U nas znajdziesz najlepsze inwestycje w jednym miejscu. Zamiast przeglądać oferty różnych deweloperów, zapoznaj się z naszą ofertą. Zapewniamy kompleksową obsługę: doradztwo kredytowe i prawne, pomoc notariusza, architekta oraz projektanta wnętrz. Zadzwoń do nas i dowiedz się więcej, tel. [numer]. Opis oferty sporządzony został na podstawie informacji pochodzących od właściciela oferującego nieruchomość, dokumentów opisujących jej stan prawny i przeprowadzonych oględzin. Opis ten może podlegać aktualizacji w miarę zmiany stanu fizycznego i prawnego nieruchomości oraz nie stanowi oferty handlowej określonej w art. 66 i następnych K.C. Na prezentacji prosimy Państwa o podpisanie potwierdzenia przekazania adresu. Ze względów bezpieczeństwa właścicieli nieruchomości konieczne będzie podanie swoich danych. Imię i nazwisko, PESEL, nr telefonu, a także złożenie czytelnego podpisu na karcie odbioru adresu. Pośrednik odpowiedzialny zawodowo za wykonanie umowy pośrednictwa: Katarzyna Długosz (licencja nr: 12340)",,tak,aneks,,,,51.268342,22.52
Lublin,Ponikwoda,3,48,679500,14156.0,Pośrednik,,10,https://adresowo.pl/o/mieszkanie-lublin-ponikwoda-3-pokojowe-48-m2-w7z6j6,https://s2.adresowa.pl/oi/6b/76/40fd02_a295_cover@2x-3-pokojowe-mieszkanie-lublin-ponikwoda.webp,Lublin Ponikwoda,,1,2026.0,blok,,"Na sprzedaż atrakcyjne mieszkanie 3-pokojowe w inwestycji Osiedle Daliowa w Lublinie. Zdjęcia przedstawiają bliźniacze mieszkanie, już wykończone w tej samej inwestycji!! Oferowany lokal jest obecnie w trakcie prac wykończeniowych i zostanie wykonany w bardzo podobnym stylu i standardzie, przy wykorzystaniu wysokiej jakości, sprawdzonych materiałów. Mieszkanie zostanie oddane w standardzie „pod klucz”, z gotową zabudową kuchenną oraz nowym sprzętem AGD. Oddanie kluczy - październik 2026 r. Mieszkanie jest dwustronne (północ-południe) i ma powierzchnię projektową 48,12 m². Lokal zostanie wykończony w wysokim standardzie, z dbałością o estetykę i funkcjonalność. Aneks kuchenny będzie wyposażony w zabudowę wykonaną na wymiar przez stolarza oraz komplet nowego AGD: lodówkę, okap, płytę indukcyjną, zmywarkę i piekarnik. W przedpokoju zaplanowano pojemną szafę w zabudowie. Meble wolnostojące, takie jak stół z krzesłami, kanapa, łóżko itp., nie są wliczone w cenę nieruchomości. Lokalizacja: Ul. Daliowa, w północno-wschodniej części Lublina, to lokalizacja dla osób ceniących spokój, a jednocześnie chcących mieć łatwy dostęp do miejskiej infrastruktury. w pobliżu: • Stokrotka i Żabka, • IKEA Lublin, SKENDE Shopping, Galeria Olimp i Leroy Merlin, • placówki medyczne i punkty usługowe, • dogodny dojazd do centrum miasta - najbliższy przystanek przy ul. Dożynkowej, • dużo zieleni i przestrzeni w najbliższej okolicy. Najważniejsze atuty inwestycji • mieszkanie wykończone pod klucz - bez konieczności organizowania remontu, • zabudowa kuchenna na wymiar wraz z nowym AGD, • energooszczędne ogrzewanie podłogowe zasilane przez LPEC, • komórka lokatorska przynależna do mieszkania - dodatkowo płatna 10 000 zł, • miejsce postojowe w garażu podziemnym - dodatkowo płatne 45 000 zł, • certyfikowany plac zabaw oraz strefa relaksu z ławkami, • wydzielone miejsca na rowery, • nowoczesna architektura i starannie zagospodarowana przestrzeń wokół budynku. Zadzwoń i umów się na prezentację!!",,tak,,,własność,"Wyposażenie: lodówkę, piekarnik, zmywarkę",51.275333,22.591508
Lublin Ponikwoda,ul. Nagietkowa,3,63,660000,10476.0,bez pośredników,,9,https://adresowo.pl/o/mieszkanie-lublin-ponikwoda-ul-nagietkowa-3-pokojowe-x9f8k1,https://s2.adresowa.pl/oi/6a/57/4135a2_286c_cover@2x-3-pokojowe-mieszkanie-lublin-ponikwoda-ul-nagietkowa.webp,Lublin Ponikwoda,Nagietkowa,1,2009.0,blok,,"PRZESTRONNE MIESZKANIE NA ŚWIETNIE SKOMUNIKOWANYM OSIEDLU PONIKWODA! Na sprzedaż trzypokojowe mieszkanie o powierzchni 63,85m², położone na pierwszym piętrze nowoczesnego budynku z windą w nowej inwestycji na skrzyżowaniu ul. Nagietkowej i ul. Narcyzowej. Wygodny układ salonu z aneksem kuchennym, dwóch oddzielnych sypialni oraz łazienki z WC - pasuje zarówno dla rodzinki z dziećmi, jak i osoby ceniącej przestrzeń. Duży taras narożny o powierzchni 17,33m² - idealny do picia porannej kawy w blasku wschodzącego słońca. Budynek wykończony będzie w wysokim standardzie - możliwość montażu klimatyzacji. Do mieszkania należy doliczyć: - komórkę lokatorską o powierzchni 6,73m² w cenie 12 114 zł, - miejsce postojowe w parkingu podziemnym w cenie 39 000 zł. Inwestycja jest w trakcie realizacji, gotowa do odbioru będzie w III. kwartale 2027 roku. Lokalizacja - Dzielnica Ponikwoda, ul Nagietkowa. W pobliżu: - Dojazd do centrum - 8 minut - 4 km, - Szkoły, przedszkola, przychodnie, - Żabka - 400 m, - Sklep Stokrotka - 700 m, - Sklep Lidl- 1,3 km, - Galeria Olimp - 1,5 km - Przystanek autobusowy Poziomkowa - 200 m - linie 13 i 31, które regularnie komunikują okolicę z resztą miasta. Pośrednikom serdecznie dziękuję. :) Proszę śmiało dzwonić - z przyjemnością odpowiem na wszystkie Twoje pytania.",tak,tak,aneks,plastikowe,własność,,51.274324,22.588053
Lublin Kalinowszczyzna,ul. Stefana Okrzei,2,38,410000,10789.0,bez pośredników,,1,https://adresowo.pl/o/mieszkanie-lublin-kalinowszczyzna-ul-stefana-okrzei-2-pokojowe-r8b5p6,https://s2.adresowa.pl/oi/76/54/41338e_90dc_cover@2x-2-pokojowe-mieszkanie-lublin-kalinowszczyzna-ul-stefana-okrzei.webp,Lublin Kalinowszczyzna,Stefana Okrzei,1,,,,"Sprzedam mieszkanie, które jest w trakcie remontu (zakupione do remontu płyty OSB i panele na podłogę). Powierzchnia około 38m2, 2 pokoje, kuchnia, przedpokój, łazienka, piwnica. Jeden z pokoi jest przechodni (przejście do kuchni). Ciepła woda i ogrzewanie z miasta. Mieszkanie usytuowane na wysokim parterze, nad pasażem handlowym. Sąsiedztwo bardzo spokojne. Jest idealne dla rodzin z dziećmi, jak również dla osób starszych. W bliskim sąsiedztwie przedszkole, żłobek, szkoła podstawowa, bank, poczta, kościół, dom kultury, fotograf, apteki, jak również wiele sklepów. Odległość od starówki i galerii handlowej około 10 min pieszo, bardzo dobre połączenie komunikacją miejską z miasteczkiem akademickim oraz innymi dzielnicami miasta. Dostępne od zaraz.",tak,,,,,,51.256398,22.583379
Lublin Bronowice,ul. Wrońska,2,37,374000,10108.0,bez pośredników,,2,https://adresowo.pl/o/mieszkanie-lublin-bronowice-ul-wronska-2-pokojowe-p8c2k0,https://s2.adresowa.pl/oi/65/4a/413324_5c96_cover@2x-2-pokojowe-mieszkanie-lublin-bronowice-ul-wronska.webp,Lublin Bronowice,Wrońska,5,2026.0,blok,,"Nowe mieszkanie, 2 pokojowe o powierzchni 38m2 z dużym balkonem. Mieszkanie w stanie deweloperskim (do wykończenia).Odbiór mieszkania planowany na grudzień 2026r. Nieruchomości zlokalizowana na 5 piętrze w 6 piętrowym bloku. Blok z windą. Zestawienie pomieszczeń: - salon z aneksem kuchennym- 16,79m2 - sypialnia- 11,93m2 - łazienka- 3.83m2 - przedpokój- 5,37m2 - balkon - 11,05m2 Miejsce parkingowe, dodatkowo płatne 25tyś.zł. Brak podstku PCC Oferta od osoby prywatnej.",,tak,aneks,,własność,,51.235936,22.581332
Lublin LSM,ul. Pana Tadeusza,2,37,385000,10405.0,Pośrednik,,8,https://adresowo.pl/o/mieszkanie-lublin-lsm-ul-pana-tadeusza-2-pokojowe-z8t6e6,https://s2.adresowa.pl/oi/12/43/40efd4_548a_cover@2x-2-pokojowe-mieszkanie-lublin-lsm-ul-pana-tadeusza.webp,Lublin LSM,Pana Tadeusza,5,,blok,,"Oferujemy do sprzedaży umeblowane mieszkanie idealne dla studentów. Mieszkanie o powierzchni około 37 mkw położone w dzielnicy LSM os Mickiewicza, tuz obok Miasteczka Akademickiego w bloku z windą. Ogrzewanie z sieci miejskiej, ciepła woda z nowego piecyka gazowego. Mieszkanie położone na 5 piętrze budynku. Ładny widok z okien. Mieszkanie składa się z: oddzielnego dużego pokoju z wyjściem na balkon oddzielnej kuchni oddzielnej sypialni łazienki z wc przedpokoju Łazienka po remoncie ok 8 lat temu, niedawno wymieniono brodzik. Mieszkanie dwustronne, narożne, słoneczne. Na podłogach w pokojach podłoga - mozaika parkietowa, w przedpokoju i kuchni - terakota. Oddzielna kuchnia z oknem. Okna plastikowe wymienione. Odrębna własność. Czynsz ok 670 zł (w tym 8 msześćciennych wody zimnej, zaliczka na ogrzewanie, fundusz remontowy) ******************************************************************************** Potrzebujesz wsparcia w zakresie uzyskania kredytu - oferujemy bezpłatne porady specjalistów. Chcesz połączyć zakup nowej nieruchomości ze sprzedażą obecnej? Pomożemy, skontaktuj się z Nami. Z Naszym Biurem oszczędzisz czas i pieniądze! Będziemy z Tobą na każdym etapie transakcji od wyboru mieszkania, aż do finansowania i odbioru lokalu! Posiadamy w ofercie podobne nieruchomości, mamy dostęp do dużej bazy ofert nieruchomości na terenie Lublina i okolic. Zapraszam do obejrzenia mieszkania, zadzwoń i umów się na bezpłatne spotkanie! Szanowni Państwo, nasze biuro zawsze dąży do tego, aby informacje zawarte w ofertach były jak najbardziej dokładne i aktualne. Warto jednak mieć na uwadze fakt, że opis oferty przygotowywany na podstawie oględzin nieruchomości oraz informacji uzyskanych od właściciela, może podlegać aktualizacji i nie stanowi oferty w rozumieniu Kodeksu Cywilnego.",,,,,własność,,51.243812,22.532071
Lublin,Sławin,2,40,476595,11915.0,Pośrednik,,4,https://adresowo.pl/o/mieszkanie-lublin-slawin-2-pokojowe-40-m2-p9b8f7,https://s2.adresowa.pl/oi/3e/3e/40ef60_a84a_cover@2x-2-pokojowe-mieszkanie-lublin-slawin.webp,Lublin Sławin,,3,2026.0,blok,,"Dwupokojowe mieszkanie na III piętrze budynku w trakcie realizacji na Botaniku. Salon z aneksem kuchennym o pow. 22,32m2 z wyjściem na balkon. Sypialnia o pow. 13,07m2. Łazienka z WC 4,66m2. Wystawa okien: wschód. Miejsce postojowe w garażu podziemnym w cenie 49.000 zł. TERMIN REALIZACJI: IV kwartał 2026r. MEDIA: ogrzewanie miejskie, woda, prąd. Otwieramy przed Tobą całe miasto! Jesteśmy specjalistami od rynku pierwotnego. U nas znajdziesz najlepsze inwestycje w jednym miejscu. Zamiast przeglądać oferty różnych deweloperów, zapoznaj się z naszą ofertą. Zapewniamy kompleksową obsługę: doradztwo kredytowe i prawne, pomoc notariusza, architekta oraz projektanta wnętrz. Zadzwoń do nas i dowiedz się więcej, tel. [numer]. Opis oferty sporządzony został na podstawie informacji pochodzących od właściciela oferującego nieruchomość, dokumentów opisujących jej stan prawny i przeprowadzonych oględzin. Opis ten może podlegać aktualizacji w miarę zmiany stanu fizycznego i prawnego nieruchomości oraz nie stanowi oferty handlowej określonej w art. 66 i następnych K.C. Na prezentacji prosimy Państwa o podpisanie potwierdzenia przekazania adresu. Ze względów bezpieczeństwa właścicieli nieruchomości konieczne będzie podanie swoich danych. Imię i nazwisko, PESEL, nr telefonu, a także złożenie czytelnego podpisu na karcie odbioru adresu. Pośrednik odpowiedzialny zawodowo za wykonanie umowy pośrednictwa: Katarzyna Długosz (licencja nr: 12340)",,tak,aneks,,,,51.268342,22.52
Lublin Kośminek,ul. Generała Witolda Urbanowicza,2,50,610000,12200.0,bez pośredników,,22,https://adresowo.pl/o/mieszkanie-lublin-kosminek-ul-generala-witolda-urbanowicza-2-pokojowe-o6f4u7,https://s2.adresowa.pl/oi/31/32/4132ec_d8e1_cover@2x-2-pokojowe-mieszkanie-lublin-kosminek-ul-generala-witolda-urbanowicza.webp,Lublin Kośminek,Generała Witolda Urbanowicza,1,2015.0,blok,,"Oferuję na sprzedaż mieszkanie o powierzchni 50,02 m² w Lublinie, w dzielnicy Kośminek (Felin). Mieszkanie gotowe do zamieszkania, w pełni umeblowane i wyposażone, w tym pralka, zmywarka, lodówka, płyta i piekarnik, duża szafa przesuwna. Mieszkanie może być opróżnione przed sprzedażą. Mieszkanie środkowe, na pierwszym piętrze z windą, balkon typu loggia. Miejsce garażowe + zamykany schowek 2,5 m² w garażu podziemnym dodatkowo płatne 50 tys. zł. Czynsz za jedną osobę 620 zł. Mieszkanie dostępne.",tak,tak,osobna,plastikowe,własność,"Wyposażenie: lodówka, piekarnik, pralka, zmywarka",51.215081,22.630721
Lublin Bazylianówka,ul. Tomasza Strzembosza,3,112,1200000,10714.0,bez pośredników,,29,https://adresowo.pl/o/mieszkanie-lublin-bazylianowka-ul-tomasza-strzembosza-3-pokojowe-t7f4w3,https://s2.adresowa.pl/oi/1f/36/413196_7252_cover@2x-3-pokojowe-mieszkanie-lublin-bazylianowka-ul-tomasza-strzembosza.webp,Lublin Bazylianówka,Tomasza Strzembosza,3,2010.0,blok,,"Sprzedam wyjątkowe, klimatyczne, dwupoziomowe mieszkanie o pow. 112,20 m², położone na 3 i 4 piętrze budynku 4-piętrowego, z windą z poziomu garaży, przy ul. Tomasza Strzembosza (Bazylianówka). Na niższym poziomie znajduje się hol 14 m², łazienka z wc 4,5 m², pokój 20 m², salon z aneksem kuchennym 36 m², balkon 11 m². Wyższy poziom to : mały hol 4 m² z wyjściem na przestronny taras 36 m², duża sypialnia 25 m², łazienka 11 m² z kabiną, wanną z hydromasażem i wc. Wystawa okien; zachód, północ. Do mieszkania przynależy piwnica o pow. 5,80 m² Ogrzewanie z LPC, na górnym poziomie ogrzewanie podłogowe, na dolnym podłogowe- w kuchni i łazience. Wykonanie schodów, zabudowy kuchennej, drzwi, łazienek, podłóg -z najwyższych jakościowo materiałów. Podłogi na górnym poziomie - wysokiej jakości deska barlinecka, na dolnym poziomie-parkiet dębowy. Ogromnym atutem jest lokalizacja i doskonale rozwinięta infrastruktura ( blisko; sklepy, przychodnie, przedszkola, szkoła, dojazd do centrum ) Nieruchomość stanowi pełną własność, z KW, wspólnota mieszkaniowa. Mieszkanie wyposażone w sieć kablową i alarm. Posiadam również 2 miejsca postojowe w garażu podziemnym ( poziom -1). Miejsca są duże, ponadwymiarowe- oddzielnie liczone. Cena mieszkania z piwnicą - 1 200 000 zł. Oferta bezpośrednia od właściciela. Pośrednikom i przedstawicielom biur nieruchomości dziękuję !",,,,,własność,,51.272338,22.582239
Lublin,ul. Spacerowa,3,56,450000,8036.0,bez pośredników,,7,https://adresowo.pl/o/mieszkanie-lublin-ul-spacerowa-3-pokojowe-w8v8f3,https://s2.adresowa.pl/oi/7c/1a/412ca2_9c9d_cover@2x-3-pokojowe-mieszkanie-lublin-ul-spacerowa.webp,Lublin ,Spacerowa,2,2004.0,blok,,Na sprzedaż mieszkanie na II piętrze o powierzchni 56m2. Mieszkanie składa się z: - 3 pokoje - oddzielna kuchnia - łazienka - toaleta - przedpokój - balkon - piwnica. Mieszkanie położone w bloku przy ul. Spacerowej 17. Wyposażenie i udogodnienia: - Ogrzewanie miejskie - Gaz - Podgrzewanie wody przy pomocy piecyka gazowego. - Przy bloku parking dla mieszkańców. Lokalizacja: Spokojna i dobrze skomunikowana część Lublina. W bezpośrednim sąsiedztwie: - sklep spożywczy - żłobek - przystanki komunikacji miejskiej (ok. 3 km do centrum) - przedszkole - szkoła podstawowa.,tak,,osobna,,,,51.224033,22.571949
Lublin,ul. Koralowa 25,2,44,579000,13159.0,Pośrednik,,15,https://adresowo.pl/o/mieszkanie-lublin-ul-koralowa-2-pokojowe-s8m3n4,https://s2.adresowa.pl/oi/21/64/40ec5c_e865_cover@2x-2-pokojowe-mieszkanie-lublin-ul-koralowa.webp,Lublin ,Koralowa 25,4,2017.0,kamienica,,"Szukasz mieszkania, które łączy komfort, funkcjonalność i świetną lokalizację? Ta nieruchomość może być właśnie tym, czego szukasz. Na sprzedaż 2-pokojowe mieszkanie o powierzchni 44,5 m², położone przy ul. Koralowej 25. Lokal znajduje się na 4. piętrze w budynku z windą, dzięki czemu codzienne korzystanie z mieszkania jest wygodne i komfortowe. Jednym z największych atutów nieruchomości jest duży, około 10-metrowy balkon z widokiem – idealne miejsce na poranną kawę, odpoczynek po pracy czy letnie wieczory. Najważniejsze informacje:- Powierzchnia: 44,5 m² - 2 pokoje - 4. piętro - Budynek z windą - Balkon ok. 10 m² - Przestronny balkon z widokiem - Miejsce postojowe wraz z komórką dodatkowo płatne – 60 000 zł Funkcjonalna przestrzeń Powierzchnia 44,5 m² daje wiele możliwości aranżacyjnych. Dwa pokoje pozwalają wygodnie urządzić zarówno mieszkanie dla singla lub pary, jak i stworzyć komfortową przestrzeń do życia z osobną sypialnią i salonem. Duże przeszklenia oraz wyjście na balkon sprawiają, że mieszkanie zyskuje dodatkową przestrzeń i przyjemny charakter. Około 10 m² balkonu z widokiem to zdecydowanie jeden z mocniejszych punktów tej nieruchomości. Możesz stworzyć tutaj własną strefę relaksu – wygodne krzesła, stolik, rośliny i poranna kawa. To dodatkowe metry, które naprawdę można wykorzystać. Komfort na co dzień 4. piętro i winda to wygodne rozwiązanie zarówno na co dzień, jak i przy większych zakupach, przeprowadzce czy wnoszeniu roweru. Dodatkowym atutem jest możliwość zakupu miejsca postojowego wraz z komórką lokatorską w cenie 60 000 zł, co w przypadku miejskiej lokalizacji jest dużym udogodnieniem. Lokalizacja Ul. Koralowa 25 to miejsce dla osób, które chcą korzystać z dobrze rozwiniętej infrastruktury i jednocześnie mieć dostęp do terenów zielonych oraz wygodnej komunikacji z pozostałymi częściami Lublina. W najbliższej okolicy znajdują się sklepy, punkty usługowe, szkoły, przedszkola, restauracje, przystanki komunikacji miejskiej oraz wszystko, co potrzebne do wygodnego życia. Rozważasz kredytowanie tej nieruchomości? Współpracujemy z zaufanym i skutecznym doradcą kredytowym, który bez żadnych zobowiązań porówna oferty kredytowe w różnych bankach. Zapraszam na prezentację! Tomasz Jurowicz",tak,,aneks,,własność,,51.223248,22.483765
Lublin Kalinowszczyzna,ul. Lwowska,3,50,459000,9180.0,Pośrednik,,12,https://adresowo.pl/o/mieszkanie-lublin-kalinowszczyzna-ul-lwowska-3-pokojowe-j5i8w1,https://s2.adresowa.pl/oi/24/14/40e1f8_4dc5_cover@2x-3-pokojowe-mieszkanie-lublin-kalinowszczyzna-ul-lwowska.webp,Lublin Kalinowszczyzna,Lwowska,10,1977.0,blok,,"REZERWACJA!!! Na sprzedaż jasne, niezwykle funkcjonalne 3-pokojowe mieszkanie o powierzchni 50,44 m² zlokalizowane przy ul. Lwowskiej w Lublinie. Nieruchomość znajduje się na 10. piętrze w wieżowcu, skąd rozpościera się przepiękny widok na panoramę miasta. Mieszkanie jest gotowe do wprowadzenia – nie wymaga żadnych dodatkowych nakładów finansowych. To idealna propozycja zarówno dla rodziny szukającej komfortowego lokum, jak i dla inwestora pod bezpieczny wynajem. Układ pomieszczeń: Mieszkanie charakteryzuje się bardzo praktycznym rozkładem (brak pokoi przechodnich) -3 oddzielne, ustawne pokoje (idealne do aranżacji na sypialnie, pokój dziecięcy lub gabinet) -Oddzielna, jasna kuchnia -Łazienka wyposażona w wannę -Przedpokój z ogromną, pojemną szafą w zabudowie, która pomieści całą garderobę. Doskonała lokalizacja i infrastruktura: To jeden z największych atutów tej nieruchomości. Mieszkanie położone jest w doskonale skomunikowanej części Lublina: Spacer na Stare Miasto: zaledwie 10-15 minut piechotą! Bliskość uczelni: Uniwersytet Medyczny znajduje się w odległości zaledwie 1 km (ok. 15 minut spacerem), co gwarantuje stałe zainteresowanie najemców. Wszystko pod ręką, bogata infrastruktura: -sklepy, centrum handlowe -liczne restauracje -tradycyjny bazarek -szkoła oraz przedszkole -place zabaw -przychodnia zdrowia -komisariat policji Potencjał inwestycyjny: Dzięki trzem niezależnym pokojom oraz bliskości Uniwersytetu Medycznego i centrum miasta, mieszkanie ma doskonały potencjał pod wynajem (na pokoje lub dla rodziny) Zapewnia to wysoką stopę zwrotu i stabilny zysk kapitałowy. Finanse: 459000zł Zapraszam do kontaktu w celu uzyskania szczegółowych informacji oraz umówienia prezentacji lokalu. Sebastian Smyk",,,osobna,,własność,,51.255803,22.579
Lublin LSM,ul. Wileńska,2,55,630000,11455.0,bez pośredników,,8,https://adresowo.pl/o/mieszkanie-lublin-lsm-ul-wilenska-2-pokojowe-j6z2t7,https://s2.adresowa.pl/oi/51/49/412c40_a649_cover@2x-2-pokojowe-mieszkanie-lublin-lsm-ul-wilenska.webp,Lublin LSM,Wileńska,2,2012.0,blok,,"Na sprzedaż funkcjonalne mieszkanie o powierzchni 55,20 m², położone na 2 piętrze wybudowanego w 2012 budynku z windą przy ul. Wileńskiej 2E na osiedlu Mickiewicza w dzielnicy LSM. Mieszkanie wyróżnia się bardzo dobrym układem pomieszczeń - składa się z dwóch ustawnych pokoi [18,82 m2 (możliwość podzielenia pokoju na dwa niezależne mniejsze), 15,66 m2 (z wyjściem na balkon)], oddzielnej kuchni [8,07 m2]], łazienki [4,21 m2] oraz przedpokoju [8,69 m2]. Mieszkanie jest dwustronne, z oknami wychodzącymi na wschód i zachód. Dużym atutem mieszkania jest otaczająca budynek zieleń oraz dojrzały drzewostan widoczny z okien. W mieszkaniu nie ma gazu (możliwość podłączenia do instalacji w budynku). Do dyspozycji mieszkańców znajduje się wspólna komórka lokatorska na półpiętrze, idealna do przechowywania rowerów, wózków czy sprzętu sezonowego. Dodatkowym atutem nieruchomości jest miejsce postojowe w garażu podziemnym z wygodnym wjazdem z poziomu ulicy. Zakup miejsca postojowego jest obligatoryjny (stanowi dodatkowy koszt w wysokości 52 500 zł.). Mieszkanie ma księgę wieczystą. Jest wolne od jakichkolwiek zobowiązań. To doskonała propozycja dla rodzin, par oraz osób poszukujących wygodnego mieszkania w spokojnej, zielonej okolicy, z jednoczesnym szybkim dostępem do pełnej infrastruktury miejskiej. Zapraszam do kontaktu. Pośrednikom dziękuję.",tak,tak,osobna,,,,51.24444,22.52664
Lublin LSM,ul. Skrzatów,3,49,460000,9388.0,bez pośredników,,8,https://adresowo.pl/o/mieszkanie-lublin-lsm-ul-skrzatow-3-pokojowe-t4j9k8,https://s2.adresowa.pl/oi/70/46/412b70_3179_cover@2x-3-pokojowe-mieszkanie-lublin-lsm-ul-skrzatow.webp,Lublin LSM,Skrzatów,9,1976.0,blok,,"Oferuję mieszkanie na sprzedaż w Lublinie, w dzielnicy LSM. Mieszkanie o powierzchni 49 m² znajduje się na 9. piętrze w bloku z lat 70. W budynku jest winda, co ułatwia codzienne życie. Wnętrze jest w dobrym stanie, gotowe do zamieszkania. Mieszkanie wyposażone jest w lodówkę, kuchenkę i piekarnik. Do mieszkania przynależy piwnica oraz balkon. Lokalizacja jest bardzo dogodna. W pobliżu znajdziesz: - Park Rury - Blisko centrum handlowe - Sklepy osiedlowe - Restauracje - Wiele szkół i przedszkoli oraz uczelni. Dzięki bliskości przystanków komunikacji miejskiej, dotarcie do centrum Lublina zajmuje tylko kilka minut.",tak,,,plastikowe,własność,"Wyposażenie: kuchenkę, lodówkę, piekarnik",51.233777,22.526799
Lublin Bronowice,ul. Wierzbowa,2,31,310000,10000.0,bez pośredników,,10,https://adresowo.pl/o/mieszkanie-lublin-bronowice-ul-wierzbowa-2-pokojowe-r0s7z6,https://s2.adresowa.pl/oi/24/2d/412b6c_bfd4_cover@2x-2-pokojowe-mieszkanie-lublin-bronowice-ul-wierzbowa.webp,Lublin Bronowice,Wierzbowa,9,1985.0,blok,,"Mieszkanie dwupokojowe o powierzchni 31,6 m2, położone na 9 piętrze, przy ul. Wierzbowej w dzielnicy Bronowice. Mieszkanie składa się z dwóch pokoi (pokój dzienny z wejściem na balkon, sypialnia, kuchnia, przedpokój, łazienka z WC). Do mieszkania przynależy piwnica. Standard wykończenia: mieszkanie wymaga remontu, częściowo umeblowane: meble, kuchenka, pralka, lodówka. Czynsz do PSM Kolejarz: ok 700 zł/msc (woda, ogrzewanie, śmieci). Stan prawny: odrębna własność z księgą wieczystą, bez obciążeń. Okolica: dobrze skomunikowana, w pobliżu przestanki komunikacji miejskiej, ogólnodostępne miejsca postojowe, sklepy (Stokrotka, targ), apteka, przychodnia, duży plac zabaw, przedszkole w parterze budynku, blisko szkoły podstawowe. Zapraszam do kontaktu.",tak,,,plastikowe,własność,"Wyposażenie: kuchenka, lodówka, pralka",51.270047,22.46328
Lublin Czechów,ul. Ireny Kosmowskiej,2,47,549000,11681.0,Pośrednik,,14,https://adresowo.pl/o/mieszkanie-lublin-czechow-ul-ireny-kosmowskiej-2-pokojowe-b4k2j7,https://s2.adresowa.pl/oi/7c/66/40e198_d580_cover@2x-2-pokojowe-mieszkanie-lublin-czechow-ul-ireny-kosmowskiej.webp,Lublin Czechów,Ireny Kosmowskiej,3,1988.0,blok,,"Słoneczne 2 pokoje na Czechowie – gotowe do wprowadzenia + opcja garażu! Szukasz ustawnego, w pełni rozkładowego mieszkania w spokojnej, zielonej dzielnicy, z której dojedziesz do centrum w kilka minut? Ta nieruchomość przy ul. Kosmowskiej to idealna propozycja zarówno do zamieszkania od razu, jak i pod pewną inwestycję na wynajem. Dlaczego warto zwrócić uwagę na tę ofertę?- Garaż prywatny tuż pod blokiem – unikalny atut w tej lokalizacji! Zaoszczędzisz czas i zapomnisz o problemach z parkowaniem (opcja dodatkowo płatna: 70 000 PLN). - Idealne doświetlenie (Wschód – Zachód) – dwustronna ekspozycja sprawia, że wnętrze jest jasne i przewiewne przez cały dzień. Poranna kawa w słonecznej kuchni, a popołudniowy relaks na balkonie od strony zachodniej. - Mieszkanie jest zadbane, czyste i nie wymaga nakładów finansowych na start. - Pełen rozkład i wygoda – osobna, widna kuchnia oraz oddzielne WC zapewniają maksymalny komfort domownikom. - Wyjątkowo duża piwnica (5,66 m²) – idealna przestrzeń na rowery, sprzęt sportowy czy dodatkowe przechowywanie. Parametry nieruchomości- Powierzchnia: 47,32 m² - Liczba pokoi: 2 (przestronny salon z wyjściem na balkon + ustawna sypialnia) - Piętro: 3 / 4 (zadany, kameralny niski blok z 1980 r.) - Kuchnia: oddzielna - Łazienka i WC: osobno - Stan prawny: pełna własność - Czynsz: ok. 800 PLN (z zaliczkami na ogrzewanie i wodę) Doskonała lokalizacja – Czechów, ul. Ireny Kosmowskiej Czechów od lat pozostaje jedną z najbardziej poszukiwanych dzielnic Lublina. W bezpośrednim sąsiedztwie znajdziesz:- Zieleń i spokój: otoczenie dojrzałego starodrzewu, ścieżki spacerowe i rekreacyjne. - Pełną infrastrukturę: sklepy, punkty usługowe, szkoły, przedszkola oraz przychodnie. - Szybką komunikację: świetne połączenie autobusowe i samochodowe z centrum miasta oraz uczelniami. Finanse- Cena mieszkania: 549 000 PLN (11 601,86 PLN/m²) - Garaż (opcjonalnie): 70 000 PLN Bezpieczna transakcja z biurem nieruchomości. Współpracujemy z klientami w oparciu o umowę pośrednictwa z ustalonym wynagrodzeniem. Kontakt: Justyna Krawczyk-Stadnik",tak,tak,osobna,,własność,,51.259057,22.539692
Lublin Czechów,ul. Kameralna,3,70,812113,11602.0,Pośrednik,,10,https://adresowo.pl/o/mieszkanie-lublin-czechow-ul-kameralna-3-pokojowe-l2o3t2,https://s2.adresowa.pl/oi/7e/47/40e192_9011_cover@2x-3-pokojowe-mieszkanie-lublin-czechow-ul-kameralna.webp,Lublin Czechów,Kameralna,2,2026.0,blok,,"Komfortowe mieszkanie o powierzchni 70,68 m² w sercu Nowego Czechowa - stan deweloperski. Są mieszkania, które po prostu dobrze wyglądają. I są takie, w których od pierwszej chwili można poczuć, że to dobre miejsce do życia. Na ul. Kameralnej w Lublinie czeka 3-pokojowe mieszkanie o powierzchni 70,68 m² zaprojektowane z myślą o osobach, które chcą połączyć miejski styl, wygodę i spokojne otoczenie. - Mieszkanie składa się z: 1. Korytarz - 8,86 m2 2. Łazienka - 3,57 m2 3. Sypialnia - 11,08 m2 4. Sypialnia - 11,30 m2 5. Garderoba - 1,43 m2 4. salon + aneks kuchenny - 34,44 m2 5. balkon - 8,20 m2 - Nowoczesność zaczyna się od budynku Mieszkanie znajduje się w inwestycji Nowy Czechów, wyróżniającej się współczesną architekturą i dopracowanymi częściami wspólnymi. Minimalistyczna forma budynku, reprezentacyjne lobby oraz estetycznie wykończone korytarze tworzą standard, który zdecydowanie wykracza poza typowe rozwiązania. Na komfort mieszkańców wpływają również nowoczesne technologie – od cichobieżnych wind po systemy bezpieczeństwa. Zastosowane rozwiązania dotyczą także izolacji i mediów, dzięki czemu codzienne użytkowanie może być bardziej ekonomiczne. - Lokalizacja, która daje swobodę Mieszkania przy ul. Kameralnej to propozycja dla tych, którzy nie chcą wybierać między dostępem do miasta a spokojem. Bliskość komunikacji miejskiej ułatwia szybki dojazd do centrum oraz na lubelskie uczelnie. W okolicy znajdują się sklepy, restauracje, siłownie i trasy rowerowe, a zielone otoczenie Czechowa pozwala odpocząć od miejskiego tempa. Dodatkowym atutem jest sąsiedztwo ponadhektarowego terenu zielonego, który deweloper planuje zrewitalizować. - 70,68 m², które możesz urządzić po swojemu Ustawna i dobrze doświetlona przestrzeń daje wiele możliwości aranżacyjnych. To metraż, który sprawdzi się zarówno jako pierwsze własne mieszkanie dla singla lub pary, jak i jako nieruchomość przeznaczona pod wynajem. - Nowoczesny budynek. Dobra lokalizacja. Przemyślany metraż. Zielone otoczenie. Jeśli szukasz mieszkania, które pozwoli Ci korzystać z uroków miasta, a jednocześnie zachować poczucie prywatności i komfortu, warto zobaczyć je na żywo. - Finanse: Cena mieszkania: 812.113,20 zł Cena za metr: 11.490,00 zł Termin oddania budynku przewidywany jest na październik/listopad 2026. Kupujący zwolniony z podatku PCC! Kupujący nie płaci prowizji(pokrywa ją deweloper)! Jedynym kosztem po stronie kupujących jest notariusz! Zapraszam do kontaktu po więcej informacji i umówienia się na prezentację. Małgorzata Smyk",,tak,aneks,,własność,,50.52428,22.686745
Lublin Śródmieście,ul. Kapucyńska,4,72,760000,10556.0,bez pośredników,,6,https://adresowo.pl/o/mieszkanie-lublin-srodmiescie-ul-kapucynska-4-pokojowe-r5r1b2,https://s2.adresowa.pl/oi/1b/14/4128ec_77ab_cover@2x-4-pokojowe-mieszkanie-lublin-srodmiescie-ul-kapucynska.webp,Lublin Śródmieście,Kapucyńska,4,,kamienica,,"Posiadam do sprzedania mieszkanie w samym centrum Lublina, w odnowionej kamienicy przy ulicy Kapucyńskiej. Mieszkanie jest dwupoziomowe, ma powierzchnię użytkową 72m. Może stanowić dwa oddzielne mieszkania lub jedną całość. Znajduje się na 3 i 4 kondygnacji. Na pierwszej kondygnacji znajduje się mieszkanie jednopokojowe, które przeszło generalny remont około 10 lat temu. Jest ono przedstawione na zdjęciach. Natomiast druga kondygnacja jest w stanie deweloperskim. Zostały wymienione stropy, zamontowane okna dachowe i w ścianie szczytowej. Ocieplono płytą PIR oraz wełną. Rozprowadzono instalację: wodną, kanalizacyjną, elektryczną, cieplną i alarmową. Poddasze przystosowano do zamontowania klimatyzacji. Ogrzewanie dolnej kondygnacji jest z pieca dwufunkcyjnego gazowego. Taka sama forma ogrzewania jest planowana na górnej, choć istnieje możliwość zamontowania odrębnej instalacji grzewczej, tak jak to jest z elektryczną, która ma oddzielny podlicznik. Istnieje także możliwość instalacji paneli fotowoltaicznych.",,,,,,,51.247279,22.561719
Lublin,ul. Łabędzia 3,4,58,619977,10689.0,Pośrednik,,1,https://adresowo.pl/o/mieszkanie-lublin-ul-labedzia-4-pokojowe-d4x6g5,https://s2.adresowa.pl/oi/76/2f/40e18a_d3a9_cover@2x-4-pokojowe-mieszkanie-lublin-ul-labedzia.webp,Lublin ,Łabędzia 3,2,1964.0,blok,,"Na sprzedaż wyjątkowe, 4-pokojowe mieszkanie o powierzchni 58,26 m2, zlokalizowane na drugim piętrze w budynku przy ul. Łabędziej 3. Mieszkanie aktualnie przechodzi gruntowny remont. Wymieniane jest dosłownie wszystko – od instalacji po podłogi. Kupujesz nieruchomość pachnącą nowością, do której wejdziesz bez żadnych dodatkowych kosztów i stresu związanego z remontem. Zdecyduj, jak będzie wyglądać Twoje nowe mieszkanie. Jeśli zdecydujesz się na zakup na obecnym etapie remontu, zyskujesz niepowtarzalną możliwość personalizacji wnętrza. Możesz samodzielnie wybrać:- Kolory ścian w pokojach. - Kolory i styl frontów meblowych w kuchni. - Inne wybrane detale wykończenia. Najważniejsze informacje o mieszkaniu:- Metraż: 58,26 m2 – bardzo ustawny i funkcjonalny układ. - Liczba pokoi: 4. - Piętro: 2. piętro. - Wyposażenie kuchni w cenie: Mieszkanie zostanie sprzedane z kompletnym, pełnym wyposażeniem AGD w kuchni. - Media: Ogrzewanie z sieci miejskiej, ciepła woda z bojlera. - Dodatkowe przestrzenie: Do mieszkania przynależy balkon oraz piwnica o powierzchni 4 m2. Mieszkanie znajduje się w świetnie skomunikowanej okolicy. W bliskim otoczeniu dostępna jest pełna infrastruktura: sklepy, punkty usługowe, szkoły, przedszkola oraz przystanki komunikacji miejskiej. Nie przegap okazji, by zamieszkać w nowym wnętrzu stworzonym według Twojego pomysłu. Zadzwoń i zapytaj o szczegóły oraz aktualny etap prac remontowych. Cena: 619 977 zł Czynsz: ok. 650 zł Bezpieczna transakcja z biurem nieruchomości. Współpracujemy z klientami w oparciu o umowę pośrednictwa z ustalonym wynagrodzeniem. Północ Nieruchomości Smyk Kamil Krawczyk",,,,,własność,,51.230848,22.595883
Lublin Węglinek,ul. Kwarcowa,2,49,511056,10430.0,Pośrednik,,11,https://adresowo.pl/o/mieszkanie-lublin-weglinek-ul-kwarcowa-2-pokojowe-a5w4k7,https://s2.adresowa.pl/oi/76/54/40e188_ed6d_cover@2x-2-pokojowe-mieszkanie-lublin-weglinek-ul-kwarcowa.webp,Lublin Węglinek,Kwarcowa,1,2026.0,blok,,"NOWE MIESZKANIE BEZ CZEKANIA! Stan deweloperski na os. Węglinek (ul. Kwarcowa) Mieszkanie usytuowane jest na 1 piętrze w 5 piętrowym bloku. Powierzchnia nieruchomości to 49,14m2 . Mieszkanie składa się z : -salonu -oddzielnej kuchni -sypialni -korytarza -łazienki Do mieszkania przynależy duży 12metrowy balkon! Szukasz idealnego miejsca dla siebie lub pod pewną inwestycję? Masz dość czekania latami na oddanie bloku przez dewelopera? Ta oferta jest właśnie dla Ciebie! Prezentujemy wyjątkowe mieszkanie w stanie deweloperskim, zlokalizowane przy ul. Koralowej na osiedlu Węglinek – w jednej z najbardziej pożądanych i najchętniej wybieranych dzielnic Lublina. Klucze są już gotowe do odbioru! Oznacza to, że po wykończeniu wnętrza, możesz wprowadzić się już za 2 miesiące. Kupujący zwolniony z podatku PCC! Jedynym kosztem po stronie kupujących jest notariusz! Posiadamy w swojej ofercie mieszkania od 31m2 do 62m2 Dlaczego Węglinek i ul. Koralowa? To osiedle to synonim wygody i komfortowego życia! Zamieszkaj w otoczeniu zieleni, ciesząc się jednocześnie doskonałą infrastrukturą i szybkim dostępem do wszystkich najważniejszych punktów miasta. To idealne miejsce dla osób, które ceniących spokój, wygodę i wysoką jakość życia każdego dnia. Komunikacja i dojazdy.- Obwodnica Lublina: zaledwie 1,5 km do węzła, co gwarantuje błyskawiczny wylot z miasta w każdym kierunku. - Przystanek MPK: w odległości 500 m (świetne połączenie z centrum i uczelniami). - Stacja PKP Lublin Zachodni: ok. 1 km – idealna opcja dla osób podróżujących do Warszawy czy Kraśnika. Wszystko czego potrzebujesz na co dzień masz w zasięgu ręki. Zapomnij o długich wyprawach na zakupy. W promieniu kilku minut spacerem znajdziesz:- Markety: Lidl, Biedronka, Aldi, Stokrotka, Lewiatan, Żabka. - Centrum Handlowe na większe zakupy. - Usługi: Poczta, dwa salony fryzjerskie, apteka. Dla rodzin i dzieci. To osiedle to raj dla rodziców. Bezpieczna infrastruktura edukacyjna obejmuje:- 3 przedszkola na terenie osiedla (w tym jedno prestiżowe, dwujęzyczne). - Żłobek dla najmłodszych. - 2 szkoły podstawowe (w tym jedna prywatna). Zdrowie i rekreacja.- Opieka medyczna: Dwie przychodnie zdrowia oraz dwa nowoczesne salony stomatologiczne. - Zielone sąsiedztwo: Tuż obok znajduje się Rezerwat Przyrody Stary Gaj – idealne miejsce na poranny jogging, spacery z psem czy weekendowy odpoczynek. - Dla aktywnych: Rozbudowana sieć ścieżek rowerowych łączących osiedle z resztą miasta. - Gastronomia: Wieczorem nie musisz gotować – na osiedlu działają świetne restauracje i klimatyczne pizzerie. - Na osiedlu znajduje się również kościół. Najważniejsze zalety oferty: Oszczędność czasu i pieniędzy: Mieszkanie jest gotowe do odbioru, bez oczekiwania na zakończenie budowy i bez obaw o opóźnienia. Kupujesz, wykańczasz pod swój gust i mieszkasz lub wynajmujesz! Pewna lokata kapitału: Węglinek to dzielnica, której wartość stale rośnie. Mieszkania w tej części miasta cieszą się dużym zainteresowaniem na rynku wtórnym oraz wynajmu, co sprawia że zakup nieruchomości tutaj to nie tylko komfort codziennego życia, ale również inwestycja z perspektywą na przyszłość. Finanse: Mieszkanie - 511 056zł Cena za m2 10 400zł Kupujący zwolniony z podatku PCC! Jedynym kosztem po stronie kupujących jest notariusz! Posiadamy w swojej ofercie mieszkania od 27m2 do 69m2 Zapraszam do kontaktu w celu uzyskania szczegółowych informacji oraz umówienia prezentacji lokalu. Sebastian Smyk",,,osobna,,,,51.22154,22.486267
Lublin Wieniawa,ul. Puławska 26,3,61,550000,9016.0,bez pośredników,,13,https://adresowo.pl/o/mieszkanie-lublin-wieniawa-ul-pulawska-3-pokojowe-s7u5i4,https://s2.adresowa.pl/oi/56/23/37fdb2_2ce2_cover@2x-3-pokojowe-mieszkanie-lublin-wieniawa-ul-pulawska.webp,Lublin Wieniawa,Puławska 26,2,1989.0,blok,,"Sprzedaję mieszkanie idealne na start lub jako przytulny azyl dla rodziny w doskonałej lokalizacji przy ulicy Puławskiej w Lublinie. Mieszkanie znajduje się na drugim piętrze w bloku czteropiętrowym, ma powierzchnię 61,66 m2, składa się z trzech pokoi, kuchni, obszernego przedpokoju, łazienki i WC oraz piwnicy o powierzchni użytkowej 5,85 m2. Posiada przestronny balkon od strony południowo-zachodniej na szerokość dwóch pokoi z widokiem na park z placem zabaw dla dzieci. Wewnątrz, podłogi są wyłożone solidnym parkietem jesionowo-dębowym, w przedpokoju jest elegancka wysokiej jakości dębowa boazeria, okna plastikowe, solidne nowe drzwi wejściowe z systemem antywłamaniowym. W klatce schodowej na każdym piętrze są dwa mieszkania. Piwnica jest wyposażona w system wygodnych drewnianych półek rozmieszczonych wzdłuż trzech ścian. Lokal mieszkalny z piwnicą ma wyodrębnioną własność. Czynsz miesięczny za mieszkanie wynosi ok. 600 zł. Z klatki schodowej istnieje możliwość bezproblemowego podłączenia Internetu i telewizji kablowej. Teren wokół budynku i wejście do klatki schodowej są monitorowane. Wjazd na teren przy budynku od strony garaży i parkingu jest zamknięty bramą otwierają pilotem. Blok i otoczenie po renowacji. Dogodny dojazd samochodem, w pobliżu znajdują się również dwa przystanki autobusowe. Doskonała lokalizacja sprzyja szybkiemu dotarciu do pracy lub na uczelnię. Mieszkanie położone jest w bliskiej odległości od większości lubelskich uczelni. Atutem jest też bliskość szkoły podstawowej, przedszkola oraz żłobka i placu zabaw dla dzieci. Mieszkanie jest w stanie do remontu i urządzenia według własnego uznania. Podana cena obejmuje mieszkanie z piwnicą. Nie zwlekaj, skontaktuj się, aby umówić wizytę w mieszkaniu. Pośrednikom i agentom dziękuję.",tak,tak,,plastikowe,własność,Wyposażenie: internet,51.256001,22.532
Lublin Konstantynów,ul. Nałęczowska,2,43,599900,13951.0,bez pośredników,,20,https://adresowo.pl/o/mieszkanie-lublin-konstantynow-ul-naleczowska-2-pokojowe-l1s8g8,https://s2.adresowa.pl/oi/66/3d/412604_6d0c_cover@2x-2-pokojowe-mieszkanie-lublin-konstantynow-ul-naleczowska.webp,Lublin Konstantynów,Nałęczowska,3,2025.0,apartamentowiec,,"Sprzedam nowoczesne mieszkanie w atrakcyjnej, prestiżowej lokalizacji przy ul. Nałęczowskiej 16a. Mieszkanie znajduje się na trzecim piętrze w nowoczesnym budynku z dwoma szybkobieżnymi windami w prestiżowej dzielnicy Lublina. Wysoki standard wyposażenia: Kuchnia w zabudowie wykonana z wysokiej jakości materiałów. Drewniane podłogi. Wysoki strop (3,5 m). Duże panoramiczne okna. Mieszkanie jest nowe, gotowe do zamieszkania. Wyposażenie obejmuje zmywarkę, lodówkę, kuchenkę, płytę indukcyjną, piekarnik i klimatyzację. Niski czynsz: 540 zł. W bliskiej okolicy: Delikatesy Dores (w budynku) Żabka ok. 10 m Stokrotka ok. 30 m. Restauracje i lokale usługowe. Miasteczko akademickie. Centrum biznesowe przy ulicy Nałęczowskiej. Zapraszam serdecznie obejrzenia mieszkania na żywo!",,,aneks,,własność,"Wyposażenie: kuchenkę, lodówkę, piekarnik, zmywarkę",51.248552,22.517102
Lublin,ul. Kazimierza Dulęby,1,40,366000,9150.0,bez pośredników,,8,https://adresowo.pl/o/mieszkanie-lublin-ul-kazimierza-duleby-1-pokoj-t5n2l6,https://s2.adresowa.pl/oi/32/75/4125f2_a957_cover@2x-1-pokojowe-mieszkanie-lublin-ul-kazimierza-duleby.webp,Lublin ,Kazimierza Dulęby,1,1970.0,blok,,"Na sprzedaż wyjątkowo jasne, przestronne , ustawne mieszkanie o powierzchni 40 m². Nieruchomość zlokalizowana jest na pierwszym piętrze przy ul. Dulęby (przy Krańcowej) w Lublinie (dzielnica Maki III ). Mieszkanie posiada południowo-zachodnią ekspozycję okien, dzięki czemu jest idealnie nasłonecznione, przytulne i ciepłe. Lokal jest w pełni umeblowany i gotowy do zamieszkania od ręki – nie wymaga nakładów finansowych na start. Mieszkanie znajduje się w doskonale zagospodarowanej części Lublina gdzie pełna infrastruktura miejska jest na wyciągnięcie ręki - większość kluczowych punktów znajduje się w zasięgu wzroku. Targ, szkoła, przedszkole, przychodnie lekarskie, apteki, kościoły, sklepy, zielone skwery. Lokalizacja ta łączy w sobie spokój bocznej uliczki z komfortem życia w centrum wydarzeń. To idealny adres dla rodziny, starszych osób lub jako pewna inwestycja pod wynajem Największe atuty nieruchomości: Ogromny balkon (ok. 10 m²): rozciąga się na całej szerokości mieszkania (ponad 8 metrów długości) Idealna wystawa okien: południowy zachód zapewnia mnóstwo naturalnego światła przez cały dzień. Bardzo niski czynsz stały: ok. 250 zł (eksploatacja i fundusz remontowy, bez wody i CO). Komfortowe pierwsze piętro Ogrzewanie z sieci miejskiej (C.O. Duża piwnica (ok. 6 m²) - idealna na rowery czy przechowywanie. Rozkład pomieszczeń i wyposażenie w cenie: Duży pokój dzienny: pojemna szafa przesuwna, wygodny tapczan, 3 komody oraz stolik. Z pokoju wyjście na balkon. Duża, oddzielna kuchnia: widna, z pełną zabudową meblową oraz lodówką. Możliwość wstawienia tapczanu/wersalki i zrobienia salonu z aneksem kuchennym Przedpokój: z funkcjonalną szafą z drzwiami przesuwnymi oraz szafką typu słupek. Łazienka: wyposażona w wannę oraz ubikację. Budynek zabezpieczony domofonem Ogrzewanie: miejskie - C.O Stan prawny: Spółdzielcze własnościowe prawo do lokalu w S.M. Kolejarz. Grunty są uregulowane – istnieje pełna możliwość założenia Księgi Wieczystej, co umożliwia zakup nieruchomości na kredyt hipoteczny. Cena: 366 000 zł Mieszkanie jest wolne od zaraz. Zapraszam serdecznie na prezentację!",tak,,,,spółdzielcze własnościowe,,51.229212,22.594099
Lublin Śródmieście,ul. Czwartaków,3,63,659000,10460.0,bez pośredników,,8,https://adresowo.pl/o/mieszkanie-lublin-srodmiescie-ul-czwartakow-3-pokojowe-t5d8h7,https://s2.adresowa.pl/oi/6e/2a/4125c2_a532_cover@2x-3-pokojowe-mieszkanie-lublin-srodmiescie-ul-czwartakow.webp,Lublin Śródmieście,Czwartaków,1,1954.0,blok,,"3 NIEZALEŻNE POKOJE | 63,25 m² | 2 BALKONY | 1. PIĘTRO | UMCS / KUL / UP Na sprzedaż przestronne i bardzo funkcjonalne mieszkanie o powierzchni 63,25 m², położone przy ul. Czwartaków 5 w Lublinie, w bezpośrednim sąsiedztwie Miasteczka Akademickiego. To nieruchomość o bardzo dużym potencjale inwestycyjnym – obecnie mieszkanie jest przeznaczone na wynajem studentom, a jego układ i lokalizacja doskonale odpowiadają potrzebom rynku najmu. MIESZKANIE znajduje się na 1. piętrze w czteropiętrowym budynku i składa się z: 3 niezależnych, ustawnych pokoi, oddzielnej kuchni, łazienki, przedpokoju, dwóch balkonów. Do mieszkania przynależy również piwnica. Brak pokoi przechodnich sprawia, że każdy z mieszkańców ma własną, niezależną przestrzeń – to szczególnie duży atut przy wynajmie mieszkania na pokoje. Mieszkanie przeszło remont w 2016 roku. IDEALNE POD INWESTYCJĘ Nieruchomość jest obecnie wykorzystywana pod wynajem studentom. Połączenie trzech niezależnych pokoi, oddzielnej kuchni oraz lokalizacji w sąsiedztwie lubelskich uczelni sprawia, że jest to bardzo interesująca propozycja dla inwestora. Mieszkanie może być również dobrym rozwiązaniem dla rodziców kupujących nieruchomość dla studiującego dziecka – dwa pozostałe pokoje mogą być wówczas przeznaczone na wynajem. DOSKONAŁA LOKALIZACJA ul. Czwartaków 5 znajduje się w jednej z najbardziej atrakcyjnych lokalizacji dla studentów i osób związanych z lubelskimi uczelniami. W pobliżu znajdują się m.in.: UMCS – Uniwersytet Marii Curie-Skłodowskiej, KUL – Katolicki Uniwersytet Lubelski, Uniwersytet Przyrodniczy, Miasteczko Akademickie, szkoły, w tym prywatne liceum, sklepy i punkty usługowe, przystanki komunikacji miejskiej. Jednocześnie okolica jest spokojna, zielona i bardzo dobrze skomunikowana z pozostałymi częściami Lublina. NAJWAŻNIEJSZE INFORMACJE Powierzchnia: 62,25 m² Piętro: 1 z 4 Liczba pokoi: 3 – wszystkie niezależne Kuchnia: oddzielna Balkony: 2 Piwnica: tak Remont: 2016 r. Forma własności: pełna własność Czynsz administracyjny: ok. 960 zł miesięcznie Na zdjęciach brakuje jednego pokoju. Zapraszam do kontaktu oraz na prezentację mieszkania",tak,,osobna,,własność,,51.248221,22.532486
Lublin Węglinek,ul. Koralowa,2,54,589000,10907.0,Pośrednik,,14,https://adresowo.pl/o/mieszkanie-lublin-weglinek-ul-koralowa-2-pokojowe-u5w5v6,https://s2.adresowa.pl/oi/56/5c/40e184_28c1_cover@2x-2-pokojowe-mieszkanie-lublin-weglinek-ul-koralowa.webp,Lublin Węglinek,Koralowa,4,2012.0,blok,,"Nowoczesne, wykończone 2 pokoje z dużym balkonem i klimatyzacją – Lublin, Węglinek, Koralowa Szukasz mieszkania gotowego do zamieszkania od zaraz, wykończonego w wysokim standardzie i bez konieczności ponoszenia jakichkolwiek nakładów finansowych? Ta oferta jest właśnie dla Ciebie! Prezentuję przestronne, funkcjonalne 2-pokojowe mieszkanie o powierzchni 54,44 m², zlokalizowane na 4. piętrze w nowoczesnym bloku z windą z 2012 roku. Mieszkanie przeszło gruntowny remont pod koniec 2025 roku i od tamtej pory nie było zamieszkane – pachnie nowością i czeka na pierwszego właściciela! GŁÓWNE ATUTY NIERUCHOMOŚCI:- Stan po remoncie: Wnętrze wykończone ze smakiem, gotowe do natychmiastowego wprowadzenia. - Jasne, słoneczne wnętrze: Okna skierowane na wschód zapewniają doskonałe naturalne doświetlenie od samego rana. - Komfort i klimatyzacja: W salonie zainstalowano nowoczesną klimatyzację, zapewniającą optymalną temperaturę w upalne dni. - Duży balkon z 2 wyjściami: Unikalny układ gwarantuje bezpośrednie wyjście na przestronny balkon zarówno z salonu, jak i z sypialni. - Niskie koszty utrzymania: Czynsz wynosi zaledwie 650 zł (przy 2 osobach), zawierając zaliczki na ciepłą/zimną wodę, ogrzewanie, gaz, ścieki, wywóz śmieci oraz fundusz remontowy. - Komfortowy budynek: Blok wyposażony w windę, klatka schodowa oraz elewacja są w bardzo dobrym stanie. UKŁAD POMIESZCZEŃ: Mieszkanie posiada bardzo ustawny, przemyślany układ z ekspozycją okien na wschód: - Jasny salon z wyjściem na balkon - Ustawna sypialnia z wyjściem na balkon - Półotwarta, widna kuchnia w nowoczesnej zabudowie ze sprzętem AGD Komfortowa łazienka z WC - Funkcjonalny przedpokój LOKALIZACJA: Mieszkanie znajduje się w jednej z najbardziej pożądanych i dynamicznie rozwijających się dzielnic Lublina – Węglinek / Węglin Południowy (ul. Koralowa). W najbliższym sąsiedztwie dostępna jest pełna infrastruktura osiedlowa: - Sklepy oraz liczne punkty usługowe, - Szkoły i przedszkola, - Przystanki komunikacji miejskiej gwarantujące szybki i wygodny dojazd w każdą część Lublina. INFORMACJE FINANSOWE:- Cena mieszkania: 589 000 PLN (10 819.25 PLN / m²) - Komórka lokatorska / piwnica 3,20 m2: 10 000 PLN (zakup obligatoryjny) - Miejsce w garażu podziemnym: Opcjonalnie możliwość dokupienia wygodnego miejsca postojowego w garażu podziemnym (sąsiedni budynek, osobna KW) w cenie 70 000 PLN. - Forma własności: Pełna własność z Księgą Wieczystą. - Ogrzewanie i ciepła woda: Z sieci miejskiej (CO). ZAPRASZAM NA PREZENTACJĘ! To wyjątkowa propozycja zarówno dla pary, rodziny, jak i pod bezpieczną lokatę kapitału na wynajem. Bezpieczna transakcja z biurem nieruchomości. Współpracujemy z klientami w oparciu o umowę pośrednictwa z ustalonym wynagrodzeniem. Justyna Krawczyk-Stadnik",tak,,,,własność,Wyposażenie: klimatyzacja,51.224566,22.484207
Lublin,ul. Gliniana,4,62,549000,8855.0,Pośrednik,,8,https://adresowo.pl/o/mieszkanie-lublin-ul-gliniana-4-pokojowe-j5z6u6,https://s2.adresowa.pl/oi/61/50/40e182_c3ae_cover@2x-4-pokojowe-mieszkanie-lublin-ul-gliniana.webp,Lublin ,Gliniana,4,1970.0,blok,,"HIT INWESTYCYJNY.!! 4 pokoje, osobna kuchnia 62,2 m2 Lublin ul. Gliniana blisko Politechniki Lubelskiej i Uniwersytetu Przyrodniczego. Parking za szlabanem. Idealne mieszkanie inwestycyjne. Na sprzedaż wyjątkowo funkcjonalne czteropokojowe mieszkanie o powierzchni 62 i 6 m² zlokalizowane w jednej z najbardziej pożądanych dzielnic Lublina ze względu na swój unikalny układ 4 w pełni niezależne pokoje oraz osobna kuchnia nieruchomość stanowi idealny gotowiec inwestycyjny pod wynajem dla studentów lub komfortowe lokum dla rodziny,. Obecnie jest niezamieszkały i co daje kupującemu możliwość urządzenia wnętrza całkowicie według własnego projektu i potrzeb. Największe atuty mieszkania to:- doskonała lokalizacja blisko uczelni mieszkanie znajduje się w bezpośrednim sąsiedztwie Politechniki Lubelskiej oraz Uniwersytetu Przyrodniczego gwarantuje to stały coroczny popyt na wynajem. - Ogrzewanie miejskie w czynszu nie ponosisz żadnych dodatkowych kosztów ogrzewania są w stałej opłacie miesięcznej w czynszu. - Miejsce parkingowe za szlabanem Rozkład pomieszczeń to również atut nieruchomości. 4 oddzielne ustawne pokoje od 8 do 12 metrów , jasna oddzielna kuchnia z oknem, 8 m2 osobne wc niezwykle wygodne rozwiązanie przy większej ilości lokatorów. Dodatkowo w największym 14 m2 pokoju dostęp do balkonu. Dodatkowo do mieszkania należy piwnica 5 m2. . Nieruchomości przy ul. Glinianej to idealne miejsce dla rodziny lub pod inwestycję na wynajem. Zapraszam po więcej informacji oraz umówienia się na prezentację. Bezpieczna transakcja z biurem nieruchomości. Współpracujemy w oparciu o umowę pośrednictwa z ustalonym wynagrodzeniem. Zapraszam po więcej informacji oraz umówienia się na prezentację. Łukasz Czerski",tak,,,,własność,,51.239415,22.546113
Lublin LSM,ul. Pana Wołodyjowskiego,3,48,460000,9583.0,bez pośredników,,9,https://adresowo.pl/o/mieszkanie-lublin-lsm-ul-pana-wolodyjowskiego-3-pokojowe-l9g1j4,https://s2.adresowa.pl/oi/4e/7c/412548_7c4c_cover@2x-3-pokojowe-mieszkanie-lublin-lsm-ul-pana-wolodyjowskiego.webp,Lublin LSM,Pana Wołodyjowskiego,parter,1976.0,blok,,"Oferuję bezpośrednio wygodne, funkcjonalne 3-pokojowe mieszkanie w jednej z najspokojniejszych, najchętniej wybieranych lokalizacji Lublina. Dużo zieleni, szerokie i równe alejki oraz wiele miejsc parkingowych w pobliżu, ale nie tuż pod oknami. W zasięgu okna nie ma też ani ławki ani altany śmietnikowej, są za to kosy, wróble, wiewiórki, sroki i drozdy oraz sikorki. Nieopodal bloku ogródki działkowe, a zaraz za nimi wąwóz. Budynek jest docieplony z kolorową elewacją. Około 2011 r. został przeprowadzony remont generalny z wymianą instalacji. Pełna własność z czystą księgą wieczystą. W najbliższej okolicy znajdują się: przedszkole i żłobek, Żabka i Stokrotka, dwóch fryzjerów. Nieco dalej dwa duże place zabaw, szkoła podstawowa, ryneczek na Wileńskiej, galeria handlowa z Leclerkiem, kilka różnorodnych gabinetów lekarskich, dwie apteki, poczta, bar mleczny z garmażerką, a także biblioteka oraz Kościół, a za nim szpital z przychodniami specjalistycznymi. Osiedle z dwóch stron okalają arterie komunikacyjne, więc w zasięgu kilku minut spaceru znajdują się liczne przystanki w każdy kierunek miasta. Do mieszkania przynależy duża podłużna piwnica wyposażona w liczne półki, położona dokładnie pod mieszkaniem. Zdjęcia są aktualne, nieprzerobione przez żadne oprogramowanie. Plastikowe okna są wyposażone w rolety oraz moskitiery (oprócz dużego pokoju). Podłoga drewniana, a w kuchni, toalecie oraz łazience płytki. Rozkład pomieszczeń w przybliżeniu: - duży pokój 14,6m2 - średni pokój 9,4 m2 - mały pokój 6 m2 - kuchnia 6,24 m2 - toaleta 0,85 m2 - łazienka 2,51 m2 W przedpokoju znajdują się dwie zabudowane wnęki, a przedpokój, kuchnia, łazienka i toaleta są wyposażone i umeblowane. Oferta prywatna.",tak,,,plastikowe,własność,,51.238323,22.514488
Lublin Dziesiąta,ul. Nowy Świat,2,30,385000,12833.0,bez pośredników,,11,https://adresowo.pl/o/mieszkanie-lublin-dziesiata-ul-nowy-swiat-2-pokojowe-q1f6t0,https://s2.adresowa.pl/oi/34/2d/4122e0_8163_cover@2x-2-pokojowe-mieszkanie-lublin-dziesiata-ul-nowy-swiat.webp,Lublin Dziesiąta,Nowy Świat,parter,2014.0,blok,,"BEZPOŚREDNIO OD WŁAŚCICIELA - PRODUKT INWESTYCYJNY PREMIUM Na sprzedaż wyjątkowo ustawne, jasne i nowoczesne 2-pokojowe mieszkanie zlokalizowane w jednej z najbardziej poszukiwanych i najlepiej skomunikowanych dzielnic Lublina - przy ul. Nowy Świat. Lokal usytuowany jest na wygodnym wysokim parterze w kameralnym i zadbanym budynku z 2014 roku. Mieszkanie prezentuje standard gotowy do natychmiastowego zamieszkania lub bezstresowego najmu długoterminowego - bez konieczności ponoszenia jakichkolwiek nakładów finansowych na brudne, uciążliwe i kosztowne remonty. KLUCZOWE ATUTY NIERUCHOMOŚCI: - Niezwykle niski czynsz administracyjny: zaledwie ok. 400 PLN miesięcznie (w tym zaliczki na ogrzewanie, ciepłą/zimną wodę, fundusz remontowy oraz wywóz śmieci) - gwarancja doskonałej rentowności rocznej (wysokie ROI). - Nowoczesne budownictwo (2014 r.): budynek o świetnej izolacyjności termicznej, szerokie, zadbane klatki schodowe. - Kompletne wyposażenie w cenie: w pełni sprawna i funkcjonalna zabudowa kuchenna wraz ze sprzętem AGD (lodówka, płyta indukcyjna, piekarnik, zmywarka), pojemne szafy wnękowe oraz kompletna łazienka. - Czysty stan prawny: pełna własność z założoną Księgą Wieczystą, brak jakichkolwiek obciążeń, hipotek czy zadłużeń. Sprzedaż bezpośrednia. FUNKCJONALNY ROZKŁAD POMIESZCZEŃ: - Przestronny salon z aneksem kuchennym i wyjściem na balkon. - Niezależna sypialnia zapewniająca pełną prywatność. - Łazienka z kabiną prysznicową, WC oraz miejscem na pralkę. - Funkcjonalny przedpokój z szafą wnękową. STRUKTURA CENOWA (ROZLICZENIE PAKIETOWE): Mieszkanie z uwagi na układ logistyczny oraz wymogi formalne budynku sprzedawane jest jako kompletny, nienaruszalny pakiet wraz z przynależnościami. Cena została podzielona w transparentny sposób: - Cena bazowa lokalu mieszkalnego: 385 000 PLN. - Obligatoryjne, prywatne miejsce parkingowe naziemne (tuż przy wejściu do klatki): 35 000 PLN. - Obligatoryjna, sucha, w 100% murowana piwnica lokatorska (idealna na rowery/opony): 10 000 PLN. - CAŁKOWITY KOSZT INWESTYCJI: 430 000 PLN za pełny pakiet (do rozsądnej negocjacji). Zdjęcia załączone w ogłoszeniu przedstawiają sterylny, faktyczny stan mieszkania. Planowany jest również odświeżenie tj. malowanie oraz wymiana skrzydeł drzwiowych. (Informacja dla biur nieruchomości: Sprzedaję mieszkanie bezpośrednio. Zapraszam wyłącznie agentów z konkretnym, zdecydowanym klientem. Nie wyrażam zgody na kopiowanie ogłoszenia oraz oferowanie umów pośrednictwa)",tak,tak,aneks,plastikowe,własność,"Wyposażenie: lodówka, piekarnik, pralkę, zmywarka",51.22587,22.564568
Lublin Kalinowszczyzna,ul. Józefa Kustronia,3,47,539000,11468.0,bez pośredników,,8,https://adresowo.pl/o/mieszkanie-lublin-kalinowszczyzna-ul-jozefa-kustronia-3-pokojowe-z2s1n3,https://s2.adresowa.pl/oi/2c/34/4122b0_431c_cover@2x-3-pokojowe-mieszkanie-lublin-kalinowszczyzna-ul-jozefa-kustronia.webp,Lublin Kalinowszczyzna,Józefa Kustronia,7,1978.0,blok,,"Oferuję na sprzedaż mieszkanie o powierzchni 47,6 m² (2 sypialnie, salon z aneksem kuchennym, łazienka z wc). Znajduje się na 7. piętrze w 10-cio piętrowym bloku. Budynek z wielkiej płyty, cichy, ciepły, 2 windy, czynsz ok. 700 zł, balkon 3 m² z wyjściem z sypialni, piwnica 3 m², duży parking pod budynkiem (ogólnodostępny), klatka bardzo czysta, budynek ocieplony. Dzielnica jest pełna zieleni, w bliskiej odległości od centrum miasta. Mieszkanie ciepłe, skierowane na południowy-zachód z widokiem na Zamek i panoramę miasta. Mieszkanie zasilane jest w wodę i ogrzewanie z sieci miejskiej, posiada instalację gazową (możliwość kuchni gazowej). Spółdzielcze prawo własności i księga wieczysta z jednym właścicielem. Mieszkanie jest w trakcie generalnego remontu, który obejmuje: - wymiana instalacji elektrycznej - wymiana grzejników - kompleksowy remont łazienki - wymiana podłóg - remont instalacji gazowej - nowa zabudowa kuchenna z AGD - klimatyzacja - ogrzewanie podłogowe w łazience - zabudowa w przedpokoju. Zdjęcia przedstawiają wizualizację projektu w oparciu o który remont jest realizowany. Z możliwością wyposażenia w meble w sypialniach i salonie po uzgodnieniu z kupującym.",tak,,aneks,,,Wyposażenie: klimatyzacja,51.253401,22.588804
Lublin Czechów Dolny,ul. Niccolo Paganiniego 4,4,72,659900,9165.0,Pośrednik,,18,https://adresowo.pl/o/mieszkanie-lublin-czechow-dolny-ul-niccolo-paganiniego-4-pokojowe-a5n3u2,https://s2.adresowa.pl/oi/4f/19/40e180_2e44_cover@2x-4-pokojowe-mieszkanie-lublin-czechow-dolny-ul-niccolo-paganiniego.webp,Lublin Czechów Dolny,Niccolo Paganiniego 4,4,1981.0,blok,,"Szukasz dużego mieszkania, przestrzeni dla rodziny w cichej, zielonej, a zarazem doskonale skomunikowanej części Lublina? Ta oferta jest dla Ciebie! 4-pokojowe mieszkanie przy ul. Paganiniego 4 spełni wszystkie wymagania. Mieszkanie znajduje się na 4. piętrze w 8-piętrowym budynku i składa się z: * 4 niezależnych, nieprzechodnich pokoi o powierzchni od ok. 8 do 22 m², * jasnej, funkcjonalnej kuchni, * łazienki, * osobnego WC, * przestronnego korytarza. Nieruchomość można dostosować do własnych potrzeb i stylu życia, dzięki przestronnym wnętrzom, które dają olbrzymie możliwości aranżacyjne - nawet wydzielenie 5-go pokoju. Lokal świetnie sprawdzi się dla rodziny ceniącej spokój, przestrzeń i świetną infrastrukturę. Najważniejsze atuty: - Bardzo dobra lokalizacja na Czechowie Południowym – okolica jest spokojna i zielona, a jednocześnie zapewnia szybki dostęp do centrum. Dojście do Krakowskiego Przedmieścia zajmuje około 10 minut. - Bliskość najważniejszych lubelskich uczelni – w pobliżu znajdują się m.in. Uniwersytet Medyczny, KUL i UMCS. To duży atut zarówno dla studentów, jak i inwestorów szukających mieszkania pod wynajem. - Świetna komunikacja miejska – w pobliżu znajduje się przystanek MPK, obsługiwany m.in. przez linie 12, 23 i 74. - Codzienna wygoda – w najbliższym otoczeniu są sklepy i punkty usługowe: Groszek znajduje się około 80 m, Stokrotka około 350 m, a większe centrum handlowe około 1,6 km. Ponadto w okolicy znajdziesz aptekę, przychodnie, salony fryzjerskie i wiele innych. - Bliskość terenów zielonych i rekreacyjnych – dużym atutem jest sąsiedztwo terenów zielonych, m.in. Ogród Saski. - Atrakcyjność inwestycyjna – lokalizacja przy uczelniach i dobrej komunikacji sprzyja wynajmowi mieszkań studentom oraz młodym osobom pracującym. Finanse: Cena mieszkania: 659 900 zł Cena za m2: 9100 zł Jeśli przeglądając tą ofertę czujesz, że jest skrojona na miarę Twoich potrzeb, nie zwlekaj - umów się na prezentację. To może być Twój nowy azyl. Bezpieczna transakcja z biurem nieruchomości. Współpracujemy z klientami w oparciu o umowę pośrednictwa z ustalonym wynagrodzeniem. Zapraszam na prezentację mieszkania. Sebastian Smyk",,,,,własność,,51.260833,22.529167
Lublin Czechów,ul. Kameralna,2,39,553724,14198.0,Pośrednik,,9,https://adresowo.pl/o/mieszkanie-lublin-czechow-ul-kameralna-2-pokojowe-h2w7v1,https://s2.adresowa.pl/oi/48/27/40e17e_afc0_cover@2x-2-pokojowe-mieszkanie-lublin-czechow-ul-kameralna.webp,Lublin Czechów,Kameralna,6,2026.0,blok,,"Komfortowa przestrzeń o nowoczesnym charakterze - 39,58 m² w sercu Nowego Czechowa - stan deweloperski. Są mieszkania, które po prostu dobrze wyglądają. I są takie, w których od pierwszej chwili można poczuć, że to dobre miejsce do życia. Na ul. Kameralnej w Lublinie czeka 39,58 m² zaprojektowane z myślą o osobach, które chcą połączyć miejski styl, wygodę i spokojne otoczenie. - Mieszkanie składa się z: 1. Korytarz - 5,13 m2 2. Łazienka - 3,86 m2 3. Sypialnia - 11,79 m2 4. salon + aneks kuchenny - 18,81 m2 5. balkon - 4,50 m2 - Nowoczesność zaczyna się od budynku Mieszkanie znajduje się w inwestycji Nowy Czechów, wyróżniającej się współczesną architekturą i dopracowanymi częściami wspólnymi. Minimalistyczna forma budynku, reprezentacyjne lobby oraz estetycznie wykończone korytarze tworzą standard, który zdecydowanie wykracza poza typowe rozwiązania. Na komfort mieszkańców wpływają również nowoczesne technologie – od cichobieżnych wind po systemy bezpieczeństwa. Zastosowane rozwiązania dotyczą także izolacji i mediów, dzięki czemu codzienne użytkowanie może być bardziej ekonomiczne. - Lokalizacja, która daje swobodę Mieszkania przy ul. Kameralnej to propozycja dla tych, którzy nie chcą wybierać między dostępem do miasta a spokojem. Bliskość komunikacji miejskiej ułatwia szybki dojazd do centrum oraz na lubelskie uczelnie. W okolicy znajdują się sklepy, restauracje, siłownie i trasy rowerowe, a zielone otoczenie Czechowa pozwala odpocząć od miejskiego tempa. Dodatkowym atutem jest sąsiedztwo ponadhektarowego terenu zielonego, który deweloper planuje zrewitalizować. - 39,58 m², które możesz urządzić po swojemu Ustawna i dobrze doświetlona przestrzeń daje wiele możliwości aranżacyjnych. To metraż, który sprawdzi się zarówno jako pierwsze własne mieszkanie dla singla lub pary, jak i jako nieruchomość przeznaczona pod wynajem. - Nowoczesny budynek. Dobra lokalizacja. Przemyślany metraż. Zielone otoczenie. Jeśli szukasz mieszkania, które pozwoli Ci korzystać z uroków miasta, a jednocześnie zachować poczucie prywatności i komfortu, warto zobaczyć je na żywo. - Finanse: Cena mieszkania: 553.724,20 zł Cena za metr: 13.990,00 zł Termin oddania budynku przewidywany jest na październik/listopad 2026. Kupujący zwolniony z podatku PCC! Kupujący nie płaci prowizji(pokrywa ją deweloper)! Jedynym kosztem po stronie kupujących jest notariusz! Zapraszam do kontaktu po więcej informacji i umówienia się na prezentację. Małgorzata Smyk",,tak,aneks,,własność,,50.52428,22.686745
Lublin LSM,ul. Skrzatów,4,62,599999,9677.0,bez pośredników,,16,https://adresowo.pl/o/mieszkanie-lublin-lsm-ul-skrzatow-4-pokojowe-z2h1c5,https://s2.adresowa.pl/oi/4d/4d/412214_e890_cover@2x-4-pokojowe-mieszkanie-lublin-lsm-ul-skrzatow.webp,Lublin LSM,Skrzatów,4,1975.0,blok,,"Powierzchnia: 62,2 m² Liczba pokoi: 4 Piętro: 4/4 (blok po termomodernizacji) Cena: 599 000 zł Na sprzedaż wyjątkowe, dwustronne i niezwykle funkcjonalne 4-pokojowe mieszkanie o powierzchni 62 m², zlokalizowane w jednej z najbardziej poszukiwanych części Lublina – na zielonym LSM-ie przy ul. Skrzatów. NAJWIĘKSZE ATUTY MIESZKANIA: • Unikalny widok na wąwóz: Mieszkanie jest dwustronne. Okna aż TRZECH pokoi wychodzą bezpośrednio na urokliwy wąwóz. Dzięki 4. piętru zyskujesz niesamowitą panoramę na zieleń, pełną prywatność (brak sąsiadów zaglądających w okna) oraz ciszę i spokój. • Budynek po termomodernizacji: Blok przeszedł pełną termomodernizację (nowa elewacja, docieplenie dachu). Budynek doskonale trzyma ciepło zimą i nie nagrzewa się latem, co przekłada się na niskie koszty utrzymania. Nad głową nie masz już żadnych sąsiadów, co gwarantuje absolutną ciszę. • Perfekcyjny układ (63 m²): o 4 niezależne, ustawne pokoje (idealne dla rodziny lub na bezpieczny wynajem dla studentów KUL, UMCS czy Politechniki), o Oddzielna, jasna kuchnia z oknem, o Zadbana łazienka, o Przedpokój z pojemnymi szafami w stałej zabudowie – mnóstwo miejsca do przechowywania! • Dodatkowa przestrzeń: Do mieszkania przynależy klasyczny balkon oraz wyjątkowo spora piwnica, idealna na rowery, wózki czy sprzęt sezonowy. STAN MIESZKANIA: Mieszkanie jest bardzo zadbane, czyste i gotowe do wprowadzenia lub lekkiego odświeżenia według własnego uznania. Wbudowane szafy wnękowe zostają w cenie. LOKALIZACJA (Serce LSM): Ul. Skrzatów to punkt idealny. W zasięgu kilkuminutowego spaceru znajduje się pełne zaplecze akademickie (Miasteczko Akademickie, uczelnie), szkoły, przedszkola, sklepy oraz przystanki MPK zapewniające błyskawiczne połączenie z każdą częścią Lublina. Tuż pod blokiem zaczynają się ścieżki spacerowe i rowerowe w wąwozie. Zapraszam do kontaktu osoby indywidualne (nie współpracujemy z agencjami) i na prezentację 26 września.",tak,,osobna,plastikowe,własność,,51.233777,22.526799
Lublin Czechów Południowy,ul. Braci Wieniawskich,4,57,500000,8772.0,bez pośredników,,8,https://adresowo.pl/o/mieszkanie-lublin-czechow-poludniowy-ul-braci-wieniawskich-4-pokojowe-q9u1b0,https://s2.adresowa.pl/oi/31/6d/4120a6_3b15_cover@2x-4-pokojowe-mieszkanie-lublin-czechow-poludniowy-ul-braci-wieniawskich.webp,Lublin Czechów Południowy,Braci Wieniawskich,3,2002.0,blok,,"4 pokoje z windą i balkonem - Czechów Południowy. Na sprzedaż jasne i rozkładowe mieszkanie o powierzchni 57 m², zlokalizowane na 3. piętrze w wysokim bloku z windą przy ul. Braci Wieniawskich w Lublinie. Układ pomieszczeń: 4 niezależne pokoje - doskonały potencjał pod wynajem dla studentów lub dla rodziny. Oddzielna kuchnia z oknem. Łazienka oraz osobne WC. Balkon oraz przynależna piwnica. Stan mieszkania i potencjał: Mieszkanie jest czyste, zadbane i wolne od obciążeń. Na podłogach znajduje się mozaika parkietowa w dobrym stanie. Okna są plastikowe (PCV), dzięki czemu mieszkanie jest ciepłe i ciche. Układ ścian pozwala na łatwą przebudowę i stworzenie dużego salonu z jadalnią. Mieszkanie posiada założoną Księgę Wieczystą. Parking: Ogromnym atutem nieruchomości są kwestie parkingowe. Bezpośrednio pod blokiem znajduje się duży parking z dużą liczbą darmowych miejsc postojowych dla mieszkańców. Dodatkowo, bliziutko budynku usytuowany jest parking strzeżony. Lokalizacja: Czechów Południowy z pełną infrastrukturą i szybkim dojazdem do centrum. W pobliżu znajdują się szkoła, przedszkole, przychodnia, kościół, sklepy oraz przystanki komunikacji miejskiej. Sprzedaż bezpośrednia przez właścicieli. Biurom nieruchomości dziękujemy. Cena: 500000 Zapraszam do kontaktu.",tak,,osobna,,,,51.262723,22.546223
Lublin Czuby,ul. Agatowa,3,55,619000,11255.0,bez pośredników,,13,https://adresowo.pl/o/mieszkanie-lublin-czuby-ul-agatowa-3-pokojowe-f1p5j5,https://s2.adresowa.pl/oi/4d/7c/411ece_f52a_cover@2x-3-pokojowe-mieszkanie-lublin-czuby-ul-agatowa.webp,Lublin Czuby,Agatowa,3,2008.0,blok,,"Sprzedam słoneczne i ustawne 3-pokojowe mieszkanie o pow. 55 m², położone przy ul. Agatowej na osiedlu Poręba w Lublinie, w bliskim sąsiedztwie Starego Gaju. Mieszkanie znajduje się na 3. piętrze niskiego, 3-piętrowego bloku z 2008 roku. Jest ciepłe, klimatyzowane i dobrze doświetlone, a dwustronna ekspozycja wschód-zachód zapewnia naturalne światło o różnych porach dnia. Dużym atutem mieszkania jest przestronny balkon o powierzchni ponad 10 m² z widokiem na zieleń - idealne miejsce na poranną kawę, odpoczynek czy stworzenie własnej zielonej przestrzeni. Najważniejsze informacje: - powierzchnia: 55 m² - 3 pokoje - łazienka z WC - piętro 3 (brak windy) - rok budowy: 2008 - ekspozycja: wschód-zachód - ciepłe i słoneczne mieszkanie - ogrzewanie i ciepła woda z sieci miejskiej - klimatyzacja - duży balkon - ponad 10 m² - piwnica - mieszkanie gotowe do zamieszkania - bezpłatne miejsca parkingowe na terenie należącym do wspólnoty - cena: 619 000 zł Zieleń i przestrzeń tuż obok domu To lokalizacja dla osób, które chcą korzystać z wygód miasta, a jednocześnie cenią zieleń, przestrzeń i możliwość odpoczynku na świeżym powietrzu. W pobliżu znajdują się Stary Gaj, wąwozy oraz tereny spacerowe. Dodatkowym atutem okolicy jest brak gęstej zabudowy i duża ilość zieleni. Do wspólnoty należy duży, wygrodzony i monitorowany teren, na którym znajdują się m.in. plac zabaw dla dzieci oraz boisko do piłki nożnej. To duża zaleta szczególnie dla rodzin z dziećmi. Wszystko, czego potrzeba na co dzień, w zasięgu spaceru W najbliższej okolicy znajdują się sklepy, przedszkole, szkoła podstawowa, przychodnia oraz komunikacja miejska i kolejowa. Orientacyjne odległości: - sklep - ok. 200 m - przedszkole - ok. 200 m (ok. 3 min pieszo) - pętla autobusowa / komunikacja miejska - ok. 300 m (4-5 min pieszo) - przychodnia / lekarz rodzinny - ok. 300 m (4-5 min pieszo) - przystanek kolejowy Lublin Zachodni - ok. 500 m (6-7 min pieszo) - Szkoła Podstawowa nr 51 - ok. 800 m (ok. 10 min pieszo) Mieszkanie będzie bardzo dobrym wyborem dla rodziny z dziećmi, ale również dla osób szukających spokojnego miejsca z dobrym dostępem do komunikacji i terenów zielonych. Cena: 619 000 zł Zapraszam do kontaktu i umówienia się na prezentację mieszkania.",tak,,,plastikowe,własność,Wyposażenie: klimatyzacja,51.221932,22.504047
Lublin Czuby,ul. Herbowa,3,64,449999,7031.0,Pośrednik,,12,https://adresowo.pl/o/mieszkanie-lublin-czuby-ul-herbowa-3-pokojowe-w1o2j0,https://s2.adresowa.pl/oi/4a/7f/40e17c_3ddc_cover@2x-3-pokojowe-mieszkanie-lublin-czuby-ul-herbowa.webp,Lublin Czuby,Herbowa,4,1986.0,blok,,"Chciałbym Państwu zaproponować duże 64,53 m2 rozkładowe mieszkanie z 3 pokojami na Lubelskich Czubach przy ul. Herbowej. Mieszkanie usytuowane jest na 4 piętrze w niskim bloku i składa się : - salonu - oddzielnej kuchni - dwóch sypialni - łazienki - toalety - przedpokoju - do mieszkania przynależy balkon ok 5m2 - piwnica 5m Miejsce jest idealne dla rodziny jak i pod inwestycję gdyż posiada 3 niezależne pokoje. Okolica jest cicha, bezpieczna i sprzyja komfortowemu wypoczynkowi. Dla osób mających dzieci : - blisko szkoła podstawowa - przedszkole - żłobek - liczne place zabaw Dla osób lubiących aktywnie spędzać czas: - orlik 200m od bloku - boisko do koszykówki i siatkówki - skatepark - ścieżki rowerowe, prowadzące nad Zalew lub np do Rezerwatu ""Stary Las"" - korty tenisowe - wąwóz łączący LSM i Czuby - ogródki działkowe Dodatkowo bardzo dobrze rozwinięta infrastruktura: - liczne sklepy w odległości do 500m (Stokrotna, Kaufland, Biedronka ,Lidl, E.Leclerc, Obi czy Galeria Orkana) - Spa Orkana - Szpital - kościół - biblioteka 400m - restauracje i punkty usługowe - Klub osiedlowy Błonie - bardzo dobre połączenie Komunikacją Miejską autobusy i trolejbusy nr [numer][numer]9, 162 dowiozą pasażerów w każda część miasta. - szybki dojazd do obwodnicy Lublina PLUSY Nieruchomości : - niski blok, cisza i spokój - mieszkanie bez piecyka gazowego - duży balkon skierowany na południowy-zachód - bardzo dużo zieleni - spokojni sąsiedzi - czysta i zadbana klatka schodowa - duża piwnica 5m2 Mieszkanie wymaga odświeżenia, tudzież remontu!! Finanse: 449999zł Tylko 6973.49 za m2!!!! Zapraszam do kontaktu w celu uzyskania szczegółowych informacji oraz umówienia prezentacji lokalu. Sebastian Smyk",,,osobna,,,,51.235356,22.508407
Lublin,ul. Środkowa,3,50,589000,11780.0,Pośrednik,,6,https://adresowo.pl/o/mieszkanie-lublin-ul-srodkowa-3-pokojowe-w7i5m0,https://s2.adresowa.pl/oi/63/60/40e17a_cf64_cover@2x-3-pokojowe-mieszkanie-lublin-ul-srodkowa.webp,Lublin ,Środkowa,2,,kamienica,,"3-pokojowy apartament po generalnym remoncie w ścisłym Centrum Lublina – ul. Środkowa | 50 m² | 2 piętro | Gotowe do zamieszkania Na sprzedaż stylowe i funkcjonalne mieszkanie o powierzchni 50 m², położone na 2 piętrze w zabytkowej kamienicy przy ul. Środkowej w Lublinie. Lokal przeszedł generalny remont, dzięki czemu nowy właściciel może wprowadzić się bez konieczności ponoszenia dodatkowych nakładów finansowych. W trakcie prac wymieniono instalację elektryczną i hydrauliczną, wykonano nowe podłogi, gładzie, odświeżono ściany, stworzono nowoczesną łazienkę oraz przygotowano funkcjonalną zabudowę kuchenną. Ogromnym atutem mieszkania są wysokie pomieszczenia – blisko 3 m wysokości – które nadają wnętrzom wyjątkową przestronność, zapewniają doskonałe doświetlenie i tworzą niepowtarzalny klimat charakterystyczny dla solidnego budownictwa. Dodatkowo jest to jedyne mieszkanie znajdujące się na tym poziomie, co gwarantuje większą prywatność, spokój i komfort codziennego użytkowania. To doskonała propozycja zarówno dla rodziny, pary, jak i osób poszukujących nieruchomości pod inwestycję. Najważniejsze atuty nieruchomości:- 50 m² gustownie i funkcjonalnie zaprojektowanej przestrzeni, - przestronny salon z aneksem kuchennym, - dwie niezależne sypialnie, - wysokość pomieszczeń blisko 3 m – wyjątkowe poczucie przestrzeni, - jedyne mieszkanie na tym poziomie budynku, - dodatkowy schowek znajdujący się na tym samym piętrze, - 2 piętro – jedna z najbardziej pożądanych kondygnacji, - generalny remont wykonany z dbałością o jakość i estetykę, - wymieniona instalacja elektryczna i hydrauliczna, - nowoczesna łazienka wykonana od podstaw, - balkon z widokiem na zieleń, - przynależna piwnica, - miejsca parkingowe dla mieszkańców budynku, - jasne i doskonale doświetlone wnętrza, - mieszkanie gotowe do zamieszkania od zaraz. Lokalizacja: Nieruchomość znajduje się przy ul. Środkowej w ścisłym Centrum Lublina. To lokalizacja, która pozwala korzystać ze wszystkich udogodnień i atrakcji kulturalnych centrum miasta w odległości rekreacyjnego spaceru. W najbliższym otoczeniu znajdują się sklepy, punkty usługowe, restauracje, siłownie, Stare Miasto, teatry, kina, centra handlowe, szkoły, przedszkola oraz przystanki komunikacji miejskiej. Bliskość terenów zielonych i miejsc spacerowych zapewnia komfort codziennego życia oraz możliwość aktywnego wypoczynku. To idealna propozycja dla osób poszukujących estetycznego, wyremontowanego mieszkania w centrum miasta, które łączy funkcjonalny układ, ponadprzeciętną przestrzeń oraz komfort wynikający z kameralnego usytuowania lokalu. Bezpieczna transakcja z biurem nieruchomości. Współpracujemy z klientami w oparciu o umowę pośrednictwa z ustalonym wynagrodzeniem. Zapraszam do kontaktu oraz na prezentację mieszkania. Dorota Jędruch",,,,,własność,,51.24252,22.557354
Lublin Węglin,ul. Kryształowa,3,50,598000,11960.0,bez pośredników,,12,https://adresowo.pl/o/mieszkanie-lublin-weglin-ul-krysztalowa-3-pokojowe-p8b5c0,https://s2.adresowa.pl/oi/5f/79/411e3c_415e_cover@2x-3-pokojowe-mieszkanie-lublin-weglin-ul-krysztalowa.webp,Lublin Węglin,Kryształowa,4,2012.0,blok,,"3 pokoje | 50,26 m² | Węglin | klimatyzacja | duża loggia Na sprzedaż jasne i funkcjonalne 3-pokojowe mieszkanie o powierzchni 50,26 m², położone przy ul. Kryształowej w Lublinie – Węglin. Mieszkanie jest gotowe do zamieszkania i w pełni wyposażone, dzięki czemu nowy właściciel może wprowadzić się bez konieczności przeprowadzania remontu. Najważniejsze atuty mieszkania: * 50,26 m² * 3 pokoje * 4. piętro z 6 * duża loggia – ok. 6,5 m² * klimatyzacja * dwustronne i dobrze doświetlone * ogrzewanie gazowe * winda * dwie niezależne sypialnie * duży salon z wyjściem na loggię * mieszkanie sprzedawane z wyposażeniem * piwnica * spokojna i dobrze zagospodarowana okolica UKŁAD MIESZKANIA Mieszkanie ma bardzo funkcjonalny układ. Po wejściu znajduje się przestronny przedpokój z zabudową. Po lewej stronie znajdują się dwie niezależne sypialnie o powierzchniach ok. 11,14 m² i 9,11 m². Po prawej stronie znajduje się salon o powierzchni ok. 18,91 m², połączony z funkcjonalnym aneksem kuchennym o powierzchni ok. 6,39 m². Z salonu prowadzi wyjście na dużą, częściowo przeszkloną loggię o powierzchni ok. 6,5 m², która może być wygodnym miejscem do odpoczynku, wypicia porannej kawy czy urządzenia niewielkiego kącika z roślinami. W mieszkaniu znajduje się również łazienka o powierzchni ok. 4,10 m². KOMFORT Dużym atutem mieszkania jest klimatyzacja, szczególnie doceniana w okresie letnim. Dwustronny układ mieszkania zapewnia dobre doświetlenie pomieszczeń w ciągu dnia. Mieszkanie znajduje się na 4. piętrze w budynku z windą, co zapewnia zarówno dobrą perspektywę, jak i wygodny dostęp do lokalu. LOKALIZACJA Nieruchomość położona jest na Węglinie, przy ul. Kryształowej, w dobrze rozwiniętej części Lublina. W pobliżu znajdują się sklepy, punkty usługowe, szkoły, przedszkola, komunikacja miejska oraz tereny sprzyjające spacerom i aktywnemu wypoczynkowi. Położenie mieszkania zapewnia dobry dostęp do pozostałych części miasta, a jednocześnie pozwala korzystać z zalet spokojnej, mieszkaniowej okolicy. DODATKOWE INFORMACJE Mieszkanie sprzedawane jest z wyposażeniem widocznym na zdjęciach. Do mieszkania przynależy piwnica. Opcjonalnie dostępny jest również zamykany garaż podziemny o powierzchni 16,24 m² – 95 000 zł. Garaż posiada odrębną księgę wieczystą.",tak,tak,aneks,plastikowe,własność,Wyposażenie: klimatyzacja,51.2236108,22.4969872
Lublin Węglin,ul. Jantarowa,2,47,570000,12128.0,bez pośredników,,14,https://adresowo.pl/o/mieszkanie-lublin-weglin-ul-jantarowa-2-pokojowe-z7u5t9,https://s2.adresowa.pl/oi/71/5f/411d2e_aeb6_cover@2x-2-pokojowe-mieszkanie-lublin-weglin-ul-jantarowa.webp,Lublin Węglin,Jantarowa,parter,2019.0,blok,,"MIESZKANIE, DO KTÓREGO MOŻESZ WPROWADZIĆ SIĘ OD RAZU! 48 m² | wysoki standard | narożny balkon 10 m² | ul. Jantarowa Szukasz mieszkania, które nie wymaga remontu, urządzania ani dodatkowych nakładów? Ta nieruchomość może być właśnie dla Ciebie. Na sprzedaż bardzo zadbane i komfortowe mieszkanie 48 m², położone na wysokim parterze w nowoczesnym budynku z 2019-2020 roku. Duży narożny balkon ok. 10 m² – idealne miejsce na poranną kawę, odpoczynek, rośliny czy letnie spotkania. Przemyślany układ: przestronny salon – 16 m² pokój – 12 m² kuchnia – 7 m² przedpokój – 8 m² łazienka – 4,6 m² Mieszkanie zostało wykończone w wysokim standardzie i jest sprzedawane z wyposażeniem. Szafy, szafki w łazience i meble w salonie wykonane przez stolarza na wymiar. Kuchnia wyposażona w sprzęt AGD Samsung oraz kuchenkę gazową. Ogrzewanie miejskie. Do mieszkania przynależy komórka lokatorska 5 m², a dodatkowo dostępne jest miejsce postojowe pod blokiem. Miejsce postojowe: 30 000 zł – zakup obligatoryjny. Świetna lokalizacja – wszystko pod ręką: żłobek – ok. 200 m przedszkole – ok. 500 m szkoła – ok. 500 m sklep – ok. 500 m DLACZEGO WARTO? 48 m² funkcjonalnej przestrzeni wysoki standard wykończenia gotowe do zamieszkania wyposażenie w cenie duży narożny balkon 10 m² szafy na wymiar budynek z 2019 -2020 roku ogrzewanie miejskie komórka lokatorska 5 m² miejsce postojowe Cena mieszkania: [570 000zł] Miejsce postojowe: 30 000 zł – obligatoryjnie Zapraszam na prezentację. Takie mieszkanie najlepiej ocenić na żywo – zadzwoń i umów się na oglądanie!",tak,tak,,plastikowe,własność,Wyposażenie: kuchenkę,51.22289,22.494925
Lublin LSM,ul. Konrada Wallenroda,2,57,570000,10000.0,bez pośredników,,11,https://adresowo.pl/o/mieszkanie-lublin-lsm-ul-konrada-wallenroda-2-pokojowe-v6d1x8,https://s2.adresowa.pl/oi/44/73/411abc_fa1f_cover@2x-2-pokojowe-mieszkanie-lublin-lsm-ul-konrada-wallenroda.webp,Lublin LSM,Konrada Wallenroda,1,1960.0,blok,,"2-pokojowe mieszkanie po remoncie, położone na 1. piętrze w kameralnym, ceglanym bloku z lat 60. przy ul. Wallenroda, na osiedlu Mickiewicza w Lublinie. Mieszkanie obejmuje dwa pokoje, kuchnię, łazienkę, balkon oraz piwnicę. Mieszkanie przeszło remont w 2023 roku i zostało w całości autorsko zaaranżowane przez obecnego właściciela, lubelskiego artystę. Właściciel stworzył wnętrze według własnej wizji, świadomie zachowując oryginalny charakter mieszkania i klimat lat 60. Dzięki temu wnętrze ma indywidualny, artystyczny charakter i wyróżnia się spośród typowych współczesnych aranżacji. Instalacje nie były wymieniane, ponieważ specjalista ocenił ich stan jako dobry. Mieszkanie w zielonej części Lublina, ul. Konrada Wallenroda. Mieszkanie znajduje się na spokojnym, bardzo zielonym osiedlu, w świetnej lokalizacji blisko centrum. W okolicy znajdują się sklepy, apteki, przychodnie, targ przy ul. Wileńskiej, E.Leclerc, siłownia oraz tereny rekreacyjne. W niedalekiej odległości znajduje się również wąwóz, idealny na spacery i aktywny wypoczynek. Dużym atutem jest bliskość uczelni. UMCS, UP i KUL znajdują się około 10 minut spacerem. W pobliżu są również przedszkola, żłobek, SP nr 29 i XXX LO. Bardzo dobra komunikacja miejska zapewnia szybki dojazd do pozostałych części Lublina. Okolica jest cicha i pełna zieleni, idealna dla osób ceniących spokój, a jednocześnie chcących mieszkać blisko centrum. Czynsz około 900 zł miesięcznie. Media: woda, prąd i gaz według zużycia. Mieszkanie dostępne od października. Sprzedaż bezpośrednia.",tak,,,,,,51.241528,22.526168
Lublin Węglin,ul. Jantarowa,3,59,769000,13034.0,Pośrednik,,9,https://adresowo.pl/o/mieszkanie-lublin-weglin-ul-jantarowa-3-pokojowe-b7t4q2,https://s2.adresowa.pl/oi/1f/7b/40e176_bbce_cover@2x-3-pokojowe-mieszkanie-lublin-weglin-ul-jantarowa.webp,Lublin Węglin,Jantarowa,1,2021.0,blok,,"Trzypokojowe, w pełni wykończone mieszkanie zlokalizowane przy ulicy Jantarowej w Lublinie. Nieruchomość znajduje się na pierwszym piętrze nowoczesnego budynku z windą i nie wymaga żadnych nakładów finansowych na start – jest gotowa do natychmiastowego wprowadzenia się. Krótki opis mieszkania Lokal o powierzchni 59,07 m² charakteryzuje się przemyślanym rozkładem, który łączy wygodę codziennego użytkowania z maksymalnym wykorzystaniem przestrzeni. Wnętrza są bardzo zadbane, jasne i zaaranżowane w sposób spójny i estetyczny. Najważniejsze zalety- Nowe budownictwo: budynek oddany do użytku w 2021 roku, wyposażony w cichobieżną windę. - Standard wykończenia: mieszkanie nie wymaga odświeżenia ani remontu. - Kompletne zaplecze: dostępność komórki lokatorskiej oraz miejsca postojowego w garażu podziemnym. - Bezpieczeństwo transakcji: nieruchomość posiada założoną Księgę Wieczystą z przejrzystym stanem prawnym. Rozkład pomieszczeń Mieszkanie ma funkcjonalny i w pełni rozkładowy układ, który naturalnie dzieli przestrzeń na strefę dzienną i prywatną:- przestronny salon z aneksem kuchennym (doskonałe miejsce do codziennego funkcjonowania i spędzania czasu), - dwie ustawne sypialnie (dobrze doświetlone, łatwe w aranżacji jako pokoje dla dzieci, sypialnia główna lub gabinet do pracy zdalnej), - łazienka z wanną, - przestronny przedpokój zapewniający swobodną komunikację między wszystkimi pomieszczeniami, - balkon stanowiący dodatkową strefę do odpoczynku. Wyposażenie i standard W cenie nieruchomości pozostaje nowoczesna zabudowa kuchenna wykonana na wymiar wraz z kompletnym, sprawnym sprzętem AGD. W przedpokoju zamontowano dużą, pojemną szafę wnękową (również realizowaną pod zamówienie), która mieści większość ubrań i rzeczy codziennego użytku. Całość wykończona materiałami dobrej jakości, z dbałością o detale. Budynek i otoczenie Nowoczesny blok z 2021 roku wyróżnia się estetycznymi klatkami schodowymi oraz obecnością windy, co znacząco podnosi komfort codziennego życia. Budynek usytuowany jest na spokojnym, czystym i dobrze zagospodarowanym osiedlu z przyjazną infrastrukturą wewnętrzną. Lokalizacja Ulica Jantarowa to obecnie jeden z najbardziej poszukiwanych adresów mieszkalnych w Lublinie. W najbliższym sąsiedztwie znajduje się wszystko, co niezbędne do wygodnego życia: sklepy spożywcze, punkty usługowe, szkoły oraz przedszkola. Lokalizacja sprzyja także rekreacji – blisko stąd do terenów spacerowych oraz rozbudowanych ścieżek rowerowych. Dzielnica jest świetnie skomunikowana z pozostałymi częściami miasta, zapewniając szybki i sprawny dojazd do centrum. Informacje dodatkowe- Stan prawny: Pełna własność z założoną Księgą Wieczystą. - Miejsce postojowe: Mieszkanie dostępne jest z wygodnym miejscem w garażu podziemnym (płatne dodatkowo 60 000 zł). - Komórka lokatorska: Do lokalu przynależy komórka o powierzchni 2,45 m², idealna na przechowywanie sprzętu sportowego lub sezonowego (płatna dodatkowo 10 000 zł). KONTAKT: Justyna Krawczyk-Stadnik",,,,,własność,,51.225214,22.491518
Lublin Czuby,ul. Dziewanny,2,55,599000,10891.0,Pośrednik,,7,https://adresowo.pl/o/mieszkanie-lublin-czuby-ul-dziewanny-2-pokojowe-p2m2o0,https://s2.adresowa.pl/oi/28/5a/40e16e_e71b_cover@2x-2-pokojowe-mieszkanie-lublin-czuby-ul-dziewanny.webp,Lublin Czuby,Dziewanny,parter,2010.0,apartamentowiec,,"Chciałbym Państwu zaproponować 55,16m rozkładowe mieszkanie z 2 pokojami na Lubelskich Czubach. ""WIŚNIOWY SAD"" Prestiżowe zamknięte osiedle, powstałe w 2010r i usytuowane przy malowniczym wąwozie łączącym LSM i CZUBY. Prezentowana nieruchomość znajduje się przy ulicy Dziewanny. Ma wystawę okienna na południe i zachód, co sprawia że mieszkanie jest jasne i ciepłe. Mieszkanie usytuowane jest na parterze i składa się : - dużego salonu z aneksem kuchennym, część którą można nazwać dzienną przestrzenią. - sypialni która znajdują się w drugiej części mieszkania - łazienki w której mamy dużą wannę - korytarza. - do mieszkania przynależy duży balkon 8m. - piwnica 3m2 Do mieszkania przypisane jest miejsce parkingowe za szlabanem!!! Mieszkanie jest idealne dla rodziny, ale może być również inwestycją, ponieważ jest to bardzo atrakcyjna lokalizacja i chętnych pod wynajem nie trzeba długo szukać. Dla osób mających dzieci : - blisko szkoła podstawowa. - duży plac zabaw tylko dla mieszkańców. - teren ogrodzony, brak ruchliwej ulicy. - cisza, spokój i bezpieczeństwo. - przedszkole. - żłobek. Dla osób lubiących aktywnie spędzać czas: - boisko do gry w piłkę nożną 300m od bloku. - boisko do koszykówki i kort tenisowy jak również stół do gry w tenisa stołowego dla mieszkańców na terenie wspólnoty. - ścieżki rowerowe, prowadzące nad Zalew lub np do Rezerwatu ""Stary Las"". - wąwóz łączący LSM i Czuby, który jest miejscem sportu i rekreacji na pobliskich mieszkańców. - siłownie pod chmurką. - miejsca na grilla . - dużo przestrzeni dla zwierząt, piesek ma się gdzie wybiegać. - ogródki działkowe Dodatkowo bardzo dobrze rozwinięta infrastruktura: - liczne sklepy w odległości do 500m (Stokrotna, Biedronka ,Lidl, E.Leclerc, Media Market) - Spa Orkana 900m - Szpital - kościół - biblioteka 400m - restauracje i punkty usługowe PLUSY Nieruchomości : - mieszkanie bez piecyka gazowego. - duży balkon skierowany na południowy-zachód - bardzo dużo zieleni. - cisi i mili sąsiedzi. - duża łazienka. - piwnica 3m2 Mieszkanie do odświeżenia!!! Finanse 599 000zł za : -mieszkanie 55,16m2 -miejsce parkingowe zewnętrzne -komórka lokatorska Zapraszam do kontaktu w celu uzyskania szczegółowych informacji oraz umówienia prezentacji lokalu. Sebastian Smyk",,,,,,,51.233211,22.518458
Lublin Czuby,ul. Bursztynowa,4,82,820000,10000.0,bez pośredników,,8,https://adresowo.pl/o/mieszkanie-lublin-czuby-ul-bursztynowa-4-pokojowe-c0j0q8,https://s2.adresowa.pl/oi/77/34/411918_a4e3_cover@2x-4-pokojowe-mieszkanie-lublin-czuby-ul-bursztynowa.webp,Lublin Czuby,Bursztynowa,1,2001.0,blok,,"Na sprzedaż 4-pokojowe, przestronne i funkcjonalne mieszkanie o powierzchni 82,40 m². Lokalizacja: Lublin, Czuby, os. Widok, ul. Bursztynowa. Układ pomieszczeń: - 3 sypialnie - salon z kuchnią - łazienka - WC - przedpokój - balkon Piętro: 1/10. Winda: 2 windy, w tym 1 winda towarowa. Parking: Ogólnodostępne, bezpłatne miejsca parkingowe przy bloku. Obok bloku dodatkowo parking zamknięty (odpłatny). Na powierzchnię składają się: • Przestronny salon z kuchnią • Sypialnia 1 • Sypialnia 2 • Sypialnia 3 • Przedpokój • Łazienka • WC z sauną Do mieszkania przynależy duży balkon oraz piwnica o powierzchni 2,99 m². Przed budynkiem znajduje się duży parking. MOŻLIWOŚĆ ZAKUPU SAMODZIELNEGO GARAŻU W ODLEGŁOŚCI OK. 50 M OD MIESZKANIA. Mieszkanie sprzedawane częściowo z wyposażeniem. Lokal znajduje się na pierwszym piętrze w dziesięciopiętrowym budynku. Mieszkanie jest rozkładowe; składa się z trzech niezależnych sypialni, przedpokoju zabudowanego dużą szafą, przestronnego salonu z balkonem, połączonego z kuchnią (z możliwością wydzielenia). Posiada łazienkę z wanną oraz osobne WC, w którym znajduje się drewniana sauna fińska. Mieszkanie jest widne, z ekspozycją okien na wschód. Brak bezpośredniej zabudowy przed oknami. Jest bardzo dobrze wyciszone, a blok jest docieplony. Mieszkanie jest bardzo ciepłe w sezonie zimowym. Układ pomieszczeń jest bardzo funkcjonalny, co pozwala na komfortowe użytkowanie i daje możliwość aranżacji według własnych potrzeb. Na podłogach parkiet. Ogrzewanie z sieci miejskiej (z elektrociepłowni Lublin, LPEC). Przyłącze gazowe w kuchni. Dostępna telewizja kablowa oraz światłowód. LOKALIZACJA I OKOLICA: Osiedle Widok to jedna z tych lokalizacji, które świetnie sprawdzają się na co dzień: jest spokojnie, zielono i wygodnie. Z jednej strony budynku znajduje się las, z drugiej plac zabaw oraz wąwóz, dlatego mieszkanie będzie idealne dla rodziny z dziećmi, pary lub osób szukających komfortowej przestrzeni w otoczeniu zieleni. W najbliższej okolicy znajdują się: - Las Stary Gaj - Wąwóz Jana Pawła II - pętla autobusowa os. Widok - szkoła podstawowa - kościół - Biedronka - Stokrotka - przychodnia To miejsce daje bardzo wygodny dostęp do codziennych usług, a jednocześnie pozwala odpocząć od miejskiego zgiełku. Spacer, rower, plac zabaw, zakupy, szkoła czy komunikacja miejska są w zasięgu kilku minut. Mieszkanie jest bardzo dobrze skomunikowane z pozostałą częścią miasta. W pobliżu znajduje się pętla autobusowa oraz postój taksówek. W odległości kilkuset metrów znajduje się dworzec kolejowy Lublin Zachodni (dojście dla pieszych chodnikiem wzdłuż torów od ul. Bursztynowej). Zapewnia bezproblemowy i szybki dojazd do centrum Lublina oraz lubelskich uczelni. DODATKOWE INFORMACJE: • Mieszkanie posiada księgę wieczystą, nie jest obciążone hipoteką. • Mieszkanie w dobrym stanie, okna plastikowe. • Do mieszkania przynależy piwnica. • Ogłoszenie bezpośrednio od właściciela. • Cena do negocjacji. Ogłoszenie ma charakter informacyjny i nie stanowi oferty handlowej w rozumieniu art. 66 § 1 Kodeksu Cywilnego.",tak,tak,aneks,,,,51.222321,22.514511
Lublin Śródmieście,ul. Peowiaków,2,36,570000,15833.0,bez pośredników,,3,https://adresowo.pl/o/mieszkanie-lublin-srodmiescie-ul-peowiakow-2-pokojowe-w4j7i5,https://s2.adresowa.pl/oi/2f/58/4117be_5a47_cover@2x-2-pokojowe-mieszkanie-lublin-srodmiescie-ul-peowiakow.webp,Lublin Śródmieście,Peowiaków,2,2017.0,apartamentowiec,,"Na sprzedaż wyjątkowy, 2-pokojowy apartament o powierzchni 36,33 m2, usytuowany w prestiżowym budynku mieszkalno-usługowym w samym sercu Lublina (ul. Peowiaków). Nieruchomość stanowi doskonałą propozycję zarówno dla klientów poszukujących komfortowego miejsca do życia, jak i inwestorów szukających pewnej lokaty kapitału z dużym potencjałem najmu krótkoterminowego lub długoterminowego. - Cena: 570 000 zł brutto - Forma własności: Własność spółki z o.o. (sprzedaż na fakturę VAT – kupujący zwolniony z 2% podatku PCC) Układ i parametry mieszkania: Lokal o funkcjonalnym układzie (2 pokoje + aneks kuchenny) znajduje się w stanie deweloperskim, co daje pełną swobodę aranżacji wnętrza według własnych potrzeb. Na przestrzeń składają się: Przestronny salon z aneksem kuchennym - Ustawny pokój (sypialnia/gabinet) - Komfortowy przedpokój - Łazienka Atuty nieruchomości: - Prestiżowa lokalizacja: Ścisłe centrum Lublina – bliskość urokliwego Starego Miasta, uczelni, terenów zielonych, a także licznych kawiarni, restauracji i punktów usługowych. - Klimatyzacja w cenie: W apartamencie zamontowano nowoczesny klimatyzator Haier z możliwością montażu sterownika ściennego (w cenie nieruchomości). - Nowoczesne budownictwo: Wysoki standard części wspólnych, nowoczesna architektura oraz cichobieżna winda. - Stan deweloperski: Możliwość wykończenia wnętrza „pod siebie” bez żadnych kompromisów. - Komfort transakcyjny: Sprzedaż na fakturę VAT przez spółkę z o.o. (brak podatku PCC). Zapraszam do kontaktu telefonicznego w celu uzyskania szczegółowych informacji oraz umówienia prezentacji nieruchomości. Treść niniejszego ogłoszenia nie stanowi oferty handlowej w rozumieniu Kodeksu Cywilnego, lecz ma charakter informacyjny. Dokładamy wszelkich starań, aby oferty były rzetelnie sprawdzone oraz aktualne.",,,aneks,,,Wyposażenie: klimatyzacja,51.246634,22.559813
Lublin Czechów Południowy,ul. Stefana Kisielewskiego,2,52,650000,12500.0,bez pośredników,,20,https://adresowo.pl/o/mieszkanie-lublin-czechow-poludniowy-ul-stefana-kisielewskiego-2-pokojowe-b9f5s4,https://s2.adresowa.pl/oi/23/7e/41161c_f2da_cover@2x-2-pokojowe-mieszkanie-lublin-czechow-poludniowy-ul-stefana-kisielewskiego.webp,Lublin Czechów Południowy,Stefana Kisielewskiego,3,2002.0,blok,,"Oferuję na sprzedaż 2-pokojowe mieszkanie o powierzchni 52,68 m². Nieruchomość znajduje się na trzecim piętrze w bloku z 2002 roku. Mieszkanie jest w stanie do zamieszkania i oferuje wygodne wyposażenie: meble, pralkę, lodówkę, kuchenkę oraz piekarnik. Stan wykończenia pozwala na wprowadzenie i mieszkanie, ale przydałby się mały remont. Każdy ma swój gust, więc lepiej zrobić samemu, a nie brać za 15 z metra z nie do końca tym, co by pasowało. Ściany w 2025 odświeżone - można szaleć z kolorami, jeśli biel przeszkadza. Ogrzewanie z własnego pieca dwufunkcyjnego daje pełną kontrolę ogrzewania (co do minuty), co znacznie obniża rachunki. Do dyspozycji masz również dwa balkony, każdy po 24m² (dlatego cena trochę wyższa, bo to łącznie 105m² wszystkiego) - budynki sąsiedzkie daleko, więc można się ""opalać"". Istnieje też możliwość zabudowy tych tarasów i stworzenie jeszcze bardziej prywatnej przestrzeni/oranżerii. Piwnica tylko dla siebie o powierzchni 4,17m² - rzadkość na tym osiedlu i w cenie. Miejsce parkingowe to wzdłuż całej ulicy Kisielewskiego, ale czasem pojawiają się garaże do sprzedaży - warto zapolować. Okolica cicha, spokojna i wciąż zielona jeszcze trochę, nie czuć miasta. Do Uniwersytetu Medycznego raptem 12min na piechotę - idealne dla studentów. Lokalizacja w Czechowie Południowym zapewnia łatwy dostęp do wielu udogodnień. W bliskiej odległości znajdziesz: - sklepy spożywcze (w tym Auchan, Biedronka) - Koh-i-Nori Kebab i Miami Pizza, PizzaLover, Cube, Olimp, Multikino, Kręgle... - szkoły oraz uczelnie, w tym Międzynarodowe Liceum Ogólnokształcące Paderewski - przystanki komunikacji miejskiej, co ułatwia poruszanie się po Lublinie. Skontaktuj się ze mną, aby umówić się na prezentację mieszkania, nie we wtorki i nie w środę, chyba, że wieczorem - zapraszam konkretne i zdecydowane osoby. Niniejsze ogłoszenie nie jest ofertą w rozumieniu Kodeksu Cywilnego, a jedynie ma charakter informacyjny, zapoznawczy. Przedstawione zdjęcia bez rybiego oka mają charakter wyłącznie poglądowy i stanowią wyłącznie materiał pomocniczy, ułatwiający zorientowanie się w ogólnym stanie oferowanej nieruchomości.",tak,tak,,plastikowe,własność,"Wyposażenie: kuchenkę, lodówkę, piekarnik, pralkę",51.268373,22.561087
Lublin Felin,ul. Królowej Jadwigi 14,2,48,630000,13125.0,Pośrednik,,10,https://adresowo.pl/o/mieszkanie-lublin-felin-ul-krolowej-jadwigi-2-pokojowe-u5u7p8,https://s2.adresowa.pl/oi/18/42/40e16c_6fb5_cover@2x-2-pokojowe-mieszkanie-lublin-felin-ul-krolowej-jadwigi.webp,Lublin Felin,Królowej Jadwigi 14,parter,2023.0,blok,,"Gotowe do zamieszkania, wykończone w wysokim standardzie 2-pokojowe mieszkanie (48,79 m²) na Felinie – położone na parterze w nowym bloku z 2023 roku, z pełną dostępnością bez barier architektonicznych, przy ul. Królowej Jadwigi 14 w Lublinie. Nieruchomość stanowi odrębną własność z czystą Księgą Wieczystą (brak jakichkolwiek obciążeń czy hipotek w Działach III i IV KW). GŁÓWNE PARAMETRY NIERUCHOMOŚCI:- Powierzchnia użytkowa: 48,79 m² - Liczba pokoi: 2 (przestronny salon z aneksem kuchennym + sypialnia) - Piętro: 0 / parter (budynek 7-piętrowy) - Rok budowy: 2023 (nowy budynek z silikatu) - Powierzchnia dodatkowa: Loggia - Stan lokalu: Bardzo dobry, gotowy do zamieszkania od zaraz bez nakładów finansowych - Wystawa okien: Północ – Południe (doskonałe doświetlenie i cyrkulacja powietrza) KOMFORT I BEZ BARIER ARCHITEKTONICZNYCH: Budynek został zaprojektowany z myślą o pełnej wygodzie i dostępności:- Brak barier architektonicznych: Wejście do budynku i komunikacja wewnątrz są całkowicie dostosowane do potrzeb osób starszych lub niepełnosprawnych. - Nowoczesna winda: Zjeżdża bezpośrednio do poziomu zero (brak jakichkolwiek schodów do pokonania). - Okna trzyszybowe: Gwarantują doskonałą izolację termiczną oraz ciszę wewnątrz mieszkania. - Bezpieczeństwo: Domofon, nowa stolarka i nowoczesne części wspólne. STANDARD WYKOŃCZENIA I WYPOSAŻENIE: Mieszkanie wykończone materiałami wysokiej jakości, sprzedawane z pełnym umeblowaniem i wyposażeniem AGD:- Kuchnia w zabudowie na wymiar: Wyposażona w kompletny sprzęt AGD (lodówka, zamrażarka, płyta indukcyjna, piekarnik, okap, zmywarka). - Łazienka z WC: Nowoczesna, wyposażona w wygodny prysznic, pralkę oraz suszarkę. - Podłogi: Trwałe panele oraz elegancka terakota. - Ogrzewanie i ciepła woda: Z sieci miejskiej (CO miejskie, brak gazu w budynku – bezpieczeństwo i komfort). LOKALIZACJA I KOMUNIKACJA: Mieszkanie znajduje się w doskonale skomunikowanej części Lublina, charakteryzującej się w pełni rozwiniętą, bogatą infrastrukturą handlowo-usługową. Położenie to zapewnia wyjątkowy komfort codziennego życia oraz idealne połączenie z każdym punktem na mapie miasta i kraju. Świetny dojazd i bezpośredni wyjazd z miasta na trasy ekspresowe (S): Mieszkanie znajduje się w miejscu gwarantującym szybki dostęp do głównych arterii komunikacyjnych Lublina oraz bezproblemowy, kilkuminutowy wyjazd na węzły obwodnicy Lublina.- Droga ekspresowa S17: sprawny wylot w kierunku Warszawy oraz Zamościa i przejścia granicznego w Hrebennem, - Droga ekspresowa S12: szybki kierunek na Chełm / Dorohusk, - Droga ekspresowa S19 (Via Carpatia): bezpośredni wyjazd w stronę Rzeszowa (na południe) oraz Lubartowa i Białegostoku (na północ), - Port Lotniczy Lublin (Świdnik): bezpośredni i szybki dojazd trasą S12/S17 w zaledwie kilkanaście minut. Komunikacja miejska: W bezpośrednim sąsiedztwie znajdują się przystanki autobusowe, gwarantujące szybki, wygodny i bezpośredni dojazd do ścisłego centrum miasta, na wszystkie lubelskie uczelnie wyższe oraz do pozostałych dzielnic Lublina. W najbliższym otoczeniu (pełna infrastruktura): W promieniu krótkiego spaceru dostępna jest pełna infrastruktura niezbędna do codziennego funkcjonowania:- sklepy spożywcze i punkty handlowo-usługowe, - placówki medyczne i apteki, - szkoły oraz przedszkola, - tereny rekreacyjne i spacerowe, idealne do wypoczynku na świeżym powietrzu. CENA I FINANSE:- Cena ogólna: 630 000 PLN - Cena za m²: 12 912,48 PLN/m² - Stan prawny: Własność (KW bez obciążeń – brak hipotek) ZAPRASZAM NA PREZENTACJĘ! To idealna propozycja zarówno dla pary, osób poszukujących komfortowego mieszkania bez barier, jak i jako pewna inwestycja pod wynajem. Bezpieczna transakcja z biurem nieruchomości. Współpracujemy z klientami w oparciu o umowę pośrednictwa z ustalonym wynagrodzeniem. KONTAKT: Justyna Krawczyk-Stadnik",,,,,własność,"Wyposażenie: lodówka, piekarnik, pralkę, suszarkę, zmywarka",51.217934,22.640948
Lublin Węglinek,ul. Gęsia,3,63,756840,12013.0,Pośrednik,,9,https://adresowo.pl/o/mieszkanie-lublin-weglinek-ul-gesia-3-pokojowe-g6s6c5,https://s2.adresowa.pl/oi/40/2f/40e16a_dac2_cover@2x-3-pokojowe-mieszkanie-lublin-weglinek-ul-gesia.webp,Lublin Węglinek,Gęsia,1,2020.0,blok,,"Na sprzedaż – 3-pokojowe mieszkanie, ul. Gęsia – Węglinek | 63,07 m² | rok 2020 Funkcjonalne i bardzo ustawne mieszkanie o powierzchni 63,07 m² usytuowane jest na I piętrze w 4 piętrowym bloku, położone w dzielnicy Węglinek przy ul. Gęsiej. Mieszkanie znajduje się w nowym budownictwie z 2020 roku i posiada doskonały, dwustronny rozkład pomieszczeń, który zapewnia komfort i dużo naturalnego światła. Wystawa okienna: wschód – południe – zachód Mieszkanie jest bardzo ciepłe, słoneczne i dobrze doświetlone. Rozkład pomieszczeń: • Salon – 25,24 m² • Kuchnia – 7,05 m² • Sypialnia – 9,85 m² • Sypialnia – 10,31 m² • Korytarz – 7,10 m² • Balkon – 8,09 m² • Łazienka - 4,15 m² Mieszkanie posiada świetny, bardzo funkcjonalny układ – po jednej stronie znajduje się przestronny salon z kuchnią, w części środkowej korytarz i łazienka, a po drugiej stronie dwie ustawne sypialnie. Idealne dla rodziny lub jako inwestycja. Bardzo dobra infrastruktura w sąsiedztwie znajdują się: sklepy cukiernia apteka przychodnia szkoła przedszkola i żłobki stacja benzynowa szybki dojazd do centrum Dodatkowo: • Duża komórka lokatorska – 12 000 zł • Miejsce parkingowe naziemne za szlabanem – 30 000 zł Mieszkanie gotowe do zamieszkania, idealne dla osób szukających komfortowego lokum w bardzo dobrej i pożądanej lokalizacji. Węglinek to młode, nowoczesne osiedle z niską zabudową, dobrą infrastrukturą i komfortową przestrzenią do życia, cenione przez osoby szukające spokoju i wygody na co dzień. Bezpieczna transakcja z biurem nieruchomości. Współpracujemy z klientami w oparciu o umowę pośrednictwa z ustalonym wynagrodzeniem. Zapraszam do umówienia się na prezentację! Prowadząca ofertę: Justyna Krawczyk-Stadnik",,,aneks,,własność,,51.226019,22.486291
Lublin Czuby,ul. Fantastyczna,3,59,525000,8898.0,bez pośredników,,8,https://adresowo.pl/o/mieszkanie-lublin-czuby-ul-fantastyczna-3-pokojowe-p7w5x0,https://s2.adresowa.pl/oi/50/5e/41146a_31d6_cover@2x-3-pokojowe-mieszkanie-lublin-czuby-ul-fantastyczna.webp,Lublin Czuby,Fantastyczna,parter,,blok,,"Mieszkanie 3-pokojowe o pow. 59,5 m2, z oddzielną kuchnią, łazienką i osobnym WC. Balkon. Mieszkanie 2-stronne, ekspozycja wschód-zachód. Wysoki parter. Do mieszkania przynależy piwnica o pow. 4,7 m2.",tak,,osobna,,,,51.227635,22.528461
Lublin Kośminek,ul. Obrońców Lublina,3,48,565000,11771.0,bez pośredników,,16,https://adresowo.pl/o/mieszkanie-lublin-kosminek-ul-obroncow-lublina-3-pokojowe-m3h0o4,https://s2.adresowa.pl/oi/7c/31/4113b0_6577_cover@2x-3-pokojowe-mieszkanie-lublin-kosminek-ul-obroncow-lublina.webp,Lublin Kośminek,Obrońców Lublina,1,2018.0,blok,,"Na sprzedaż jasne, 3-pokojowe mieszkanie o powierzchni 48,4 m², położone w spokojnej okolicy. Mieszkanie jest zadbane i funkcjonalne. Mieszkanie składa się z: - salonu z aneksem kuchennym, oddzielonym od części wypoczynkowej ścianką, - jasnej sypialni, - jasnego pokoju dziecięcego, - łazienki, - przedpokoju, - balkonu. Obie sypialnie wyposażone są w duże, nowoczesne szafy przesuwne wykonane na wymiar przez stolarza, zajmujące całą ścianę. Pokój dziecięcy może również pełnić funkcję gabinetu, pokoju gościnnego czy dodatkowej sypialni. Biała kuchnia jest wyposażona w dobrej jakości sprzęt AGD, w tym piekarnik z funkcją mikrofalówki. W mieszkaniu znajduje się również klimatyzacja, która sprawdzi się szczególnie w cieplejszych miesiącach. Mieszkanie ma ekspozycję północ-południe, dzięki czemu jest dobrze doświetlone w ciągu dnia. Z jednej strony znajduje się przyjemny widok na zieleń, a spokojne otoczenie pozwala odpocząć od miejskiego hałasu i codziennego zgiełku. Dużym atutem jest również lokalizacja i dostępność najważniejszych punktów na co dzień: - Aldi - ok. 500 m - Biedronka - ok. 600 m - Przedszkole Haguś - ok. 1 km - Żłobek Dzielne Zuchy - ok. 600 m - przystanek autobusowy linii nr 3 - ok. 400 m, z wygodnym połączeniem z innymi częściami miasta - Nocna i świąteczna opieka zdrowotna przy ul. Abramowickiej - ok. 1,7 km - Centrum Handlowe Felicity - ok. 4,9 km Mieszkanie jest gotowe do zamieszkania, bez konieczności przeprowadzania dodatkowych prac. Zapraszamy do kontaktu po więcej zdjęć, szczegółowe informacje oraz w celu umówienia się na oglądanie mieszkania.",,,aneks,plastikowe,własność,"Wyposażenie: klimatyzacja, piekarnik",51.209986,22.599294
Lublin Felin,ul. Zygmunta Augusta,2,51,599000,11745.0,bez pośredników,,9,https://adresowo.pl/o/mieszkanie-lublin-felin-ul-zygmunta-augusta-2-pokojowe-l0b5g3,https://s2.adresowa.pl/oi/18/61/411210_9e38_cover@2x-2-pokojowe-mieszkanie-lublin-felin-ul-zygmunta-augusta.webp,Lublin Felin,Zygmunta Augusta,2,2019.0,blok,,"To przestronne mieszkanie o powierzchni 51,25 m² znajduje się na 2. piętrze bloku z 2019 roku w niskiej zabudowie. Oferuje pełną własność oraz wygodne wyposażenie. Mieszkanie jest bardzo ładnie urządzone. Blisko znajdują się sklepy oraz szkoła. Mieszkanie jest ciepłe i słoneczne. Mieszkanie do sprzedaży bezpośredniej, dziękuję biurom nieruchomości.",,,,drewniane,własność,,51.217801,22.632287
Lublin Śródmieście,ul. Chmielna,1,219,2200000,10046.0,Pośrednik,,3,https://adresowo.pl/o/mieszkanie-lublin-srodmiescie-ul-chmielna-1-pokoj-a9v9s6,https://s2.adresowa.pl/oi/2c/40/40e166_804f_cover@2x-1-pokojowe-mieszkanie-lublin-srodmiescie-ul-chmielna.webp,Lublin Śródmieście,Chmielna,4,,kamienica,,"Penthouse 219 m² w rewitalizowanej kamienicy – Centrum Lublina! Szukasz unikatowej nieruchomości premium? Na sprzedaż trafia wyjątkowy, bezkonkurencyjny penthouse o powierzchni 219 m² Zlokalizowany na ostatnim piętrze prestiżowej kamienicy w ścisłym centrum Lublina. Budynek przechodzi obecnie kapitalny remont (wymiana okien, wszystkich instalacji oraz oraz montowana jest nowoczesna cichobieżna winda). Lokal zostanie oddany w stanie deweloperskim, co daje pełną swobodę aranżacji – od luksusowego apartamentu mieszkalnego po prestiżowe biuro, kancelarię lub showroom! Lokalizacja (Wszystko w zasięgu krótkiego spaceru): Nieruchomość znajduje się w sercu miasta. -500 m – do Fontanny Multimedialnej na Placu Litewskim -10 minut pieszo – do Bramy Krakowskiej i na historyczne Stare Miasto - 10 minut pieszo – do Orodu Saskiego (idealnego na spacer czy relaks) -liczne restauracje na wyciągnięcie ręki Dlaczego ta oferta jest wyjątkowa? Ograniczona podaż: Dwupoziomowe przestrzenie o metrażu ponad 200 m² na ostatnich piętrach zabytkowych kamienic w Lublinie pojawiają się na rynku raz na kilka lat. Bezpieczna lokata kapitału: Rewitalizowane kamienice w topowych lokalizacjach najszybciej zyskują na wartości i są odporne na wahania rynkowe. Nowy standard w historycznej bryle: Otrzymujesz klimat klasycznej architektury z pełnym komfortem i bezpieczeństwem technicznym nowej konstrukcji. Finanse: 2 200 000zł Kontakt i prezentacja: Lokal jest dostępny do obejrzenia po wcześniejszym umówieniu. Zapraszam do kontaktu inwestorów oraz osoby prywatne szukające bezkompromisowej przestrzeni. -- Sebastian Smyk",,,,,,,51.25108,22.55737
Lublin,ul. Gliniana,3,49,429000,8755.0,Pośrednik,,6,https://adresowo.pl/o/mieszkanie-lublin-ul-gliniana-3-pokojowe-g3m5o1,https://s2.adresowa.pl/oi/2c/54/40e164_5fa9_cover@2x-3-pokojowe-mieszkanie-lublin-ul-gliniana.webp,Lublin ,Gliniana,4,1970.0,blok,,"Na sprzedaż 3 pokojowe mieszkanie o powierzchni 49,72 m2 położone przy ul. Glinianej w Lublinie Mieszkanie jest funkcjonalne i posiada 3 oddzielne pokoje, oddzielną kuchnię oraz łazienkę. Lokal wymaga odświeżenia dzięki czemu nowy właściciel może dostosować jego wygląd i aranżację do własnych potrzeb. Najważniejsze atuty mieszkania.- Znakomita lokalizacja w pobliżu Politechnika Lubelska, Uniwersytet Przyrodniczy. - 3 oddzielne pokoje wraz z oddzielną kuchnią toaletą i WC. - Czynsz w granicach 800 zł wraz z ogrzewaniem - miejsce parkingowe za szlabanem - miejsce w piwnicy 4,5 m2 - Spokojna okolica Mieszkanie posiada duży potencjał inwestycyjny było wcześniej zamieszkiwane przez studentów, co pokazuje że jego układ i lokalizacja dobrze sprawdzają się w tego typu najmie. Znajduje się w świetnie skomunikowanej części Lublina. Bezpieczna transakcja z biurem nieruchomości. Współpracujemy w oparciu o umowę pośrednictwa z ustalonym wynagrodzeniem. Łukasz Czerski",,tak,,,własność,,51.239415,22.546113
Lublin Węglin,ul. Jantarowa,3,52,650000,12500.0,bez pośredników,,19,https://adresowo.pl/o/mieszkanie-lublin-weglin-ul-jantarowa-3-pokojowe-c1n1n0,https://s2.adresowa.pl/oi/48/4e/4111f2_6d0f_cover@2x-3-pokojowe-mieszkanie-lublin-weglin-ul-jantarowa.webp,Lublin Węglin,Jantarowa,parter,2018.0,blok,,"Na sprzedaż w pełni wyposażone, 3-pokojowe mieszkanie o powierzchni 52 m², usytuowane na parterze w bloku przy ul. Jantarowej w Lublinie. To idealna propozycja dla rodziny, pary lub jako inwestycja, niewymagająca dosłownie żadnych dodatkowych nakładów finansowych - wchodzisz i mieszkasz! Układ pomieszczeń: Mieszkanie jest bardzo funkcjonalne i doskonale doświetlone. Składa się z: - Przestronnego salonu z aneksem kuchennym, - 2 osobnych, nieprzechodnich sypialni/pokoi, - Łazienki, - Ogromnego balkonu (14 m²), który stanowi idealne miejsce do porannej kawy i relaksu. - Komórki lokatorskiej (2,5 m²) - idealnej na walizki, przetwory czy sprzęt sezonowy. Stan i wyposażenie - WSZYSTKO W CENIE: Mieszkanie sprzedawane jest z kompletnym wyposażeniem. Wszystkie meble oraz sprzęty AGD widoczne na zdjęciach pozostają w mieszkaniu! Dzięki temu od razu po zakupie możesz się wprowadzić lub bezproblemowo wynająć lokal, nie tracąc czasu i pieniędzy na urządzanie. Unikalne atuty oferty: - Świetna akustyka i wyciszenie: Bardzo dobra izolacja akustyczna ścian gwarantuje ciszę, komfort oraz pełną prywatność we własnym wnętrzu. - Brak barier architektonicznych (brak schodów!): Od strony wejścia do budynku do samego mieszkania dostaniesz się z poziomu zero, bez pokonywania ani jednego schodka. To gigantyczne ułatwienie dla rodzin z wózkami, osób starszych czy przy codziennych zakupach. - Prywatność i bezpieczeństwo (wysoki parter): Mimo wygodnego wejścia bez schodów, od strony okien i balkonu mieszkanie znajduje się na wysokim parterze. - Piękny widok na zieleń: Z okien i balkonu roztacza się kojący widok na zieleń, a nie na ulicę czy okna sąsiadów. - Cisza i spokój: Blok znajduje się na samym końcu ślepej uliczki, co gwarantuje brak uciążliwego ruchu samochodowego. - Bliskość natury: Tuż obok znajduje się wąwóz, las oraz rezerwat przyrody Stary Gaj - idealne tereny na spacery i aktywność na świeżym powietrzu. - Ponadgabarytowe miejsce w garażu podziemnym: Do mieszkania przynależy niezwykle duże miejsce parkingowe o powierzchni aż 32 m² (zmieści np. duży samochód + motocykle/rowery). Lokalizacja i infrastruktura: Mieszkanie znajduje się w doskonale skomunikowanej i rozwiniętej części miasta (os. Węglin Południowy). - W bliskim sąsiedztwie pełna infrastruktura: sklepy, szkoła, przedszkola i żłobki. - Bardzo dobra komunikacja miejska i podmiejska: w pobliżu pętla autobusowa os. Poręba oraz stacja PKP Lublin Zachodni. Koszty: - Cena mieszkania: 650 000 zł - Miejsce w garażu podziemnym opcjonalnie (32 m²): 100 000 zł - Czynsz administracyjny: ok. 665 zł / miesiąc (kalkulowany przy 2 osobach, zawarte ogrzewanie, woda i wywóz odpadów). Mieszkanie wolne od 1 października (szybki termin wydania). Zainteresowanych zapraszam do kontaktu i obejrzenia mieszkania na żywo!",tak,tak,aneks,plastikowe,własność,,51.22289,22.494925
Lublin Tatary,ul. Przyjaźni,2,45,398000,8844.0,bez pośredników,,6,https://adresowo.pl/o/mieszkanie-lublin-tatary-ul-przyjazni-2-pokojowe-c8y6t3,https://s2.adresowa.pl/oi/13/11/41119a_c40f_cover@2x-2-pokojowe-mieszkanie-lublin-tatary-ul-przyjazni.webp,Lublin Tatary,Przyjaźni,2,1978.0,blok,,"Mieszkanie jest jasne, słoneczne, z balkonem, gotowe do wprowadzenia. Ładna okolica i bardzo dobra lokalizacja, blisko centrum, sklepy, szkoły, przychodnie, uczelnie, przystanki autobusowe. Do mieszkania przynależy piwnica.",tak,,,,,,51.243179,22.588421
Lublin Kalinowszczyzna,ul. Stefana Okrzei,3,45,495000,11000.0,bez pośredników,,9,https://adresowo.pl/o/mieszkanie-lublin-kalinowszczyzna-ul-stefana-okrzei-3-pokojowe-k4c4v7,https://s2.adresowa.pl/oi/39/1a/411060_d63b_cover@2x-3-pokojowe-mieszkanie-lublin-kalinowszczyzna-ul-stefana-okrzei.webp,Lublin Kalinowszczyzna,Stefana Okrzei,2,1970.0,blok,,"Na sprzedaż jasne, funkcjonalne 3-pokojowe mieszkanie o powierzchni 45,94 m², położone na 2. piętrze budynku, bezpośrednio od właściciela, położone przy ulicy Stefana Okrzei. Mieszkanie jest gotowe do zamieszkania od razu, odświeżone we wrześniu i wyposażone w pojemne zabudowy oraz sprzęt AGD. Łączy wygodny układ, dużo miejsca do przechowywania oraz bardzo dobrą lokalizację - praktycznie wszystkie codzienne zakupy, usługi, komunikacja miejska i tereny rekreacyjne znajdują się w zasięgu kilku minut spacerem. Centralną część mieszkania stanowi salon połączony z kuchnią. Część salonowa ma powierzchnię około 13,6 m². Kuchnia znajduje się w głębi pomieszczenia, dzięki czemu strefa wypoczynkowa i kuchenna są funkcjonalnie rozdzielone. Poza salonem z kuchnią mieszkanie posiada: sypialnię - ok. 9,7 m² dodatkowy pokój - ok. 9 m² zabudowaną loggię - ok. 3,7 m² niewliczona do powierzchni użytkowej mieszkania piwnicę - 4,84 m² Mieszkanie jest dwustronne, z oknami wychodzącymi na północ i południe, dzięki czemu jest jasne i łatwe do przewietrzenia. Gotowe do zamieszkania We wrześniu mieszkanie zostało odświeżone i odmalowano ściany. W łazience wcześniej wymieniono instalację hydrauliczną, a niedawno zamontowano również nowy system spłukujący Geberit. Okna są plastikowe, szczelne i w dobrym stanie. Ogrzewanie jest miejskie. Na podłogach znajduje się naturalny drewniany parkiet, który dobrze komponuje się z jasnym wnętrzem. Dużym atutem mieszkania jest ilość miejsca do przechowywania. W cenie pozostają aż 4 pojemne szafy, w tym dwie duże szafy PAX - w sypialni i przedpokoju, wysoka szafa w mniejszym pokoju oraz dodatkowa szafa w przechodnim holu. Kuchnia pozostaje wyposażona w lodówkę, piekarnik, zmywarkę, kuchenkę gazową, okap oraz zabudowę meblową. W mieszkaniu dostępne jest przyłącze światłowodowe, gotowe do podłączenia usługi przez wybranego operatora. Lokalizacja, w której naprawdę można obyć się bez samochodu Jednym z największych atutów mieszkania jest bezpośrednie otoczenie budynku. W parterze budynku znajdują się m.in. piekarnia, Top Market, warzywniak, garmażerka, cukiernia, fryzjer, Poczta Polska, sklep wielobranżowy oraz sklep hydrauliczny. W odległości około 200 m znajdują się Lidl i Biedronka, około 50 m apteka, a około 100 m żłobek i przedszkole. Do VIVO! Lublin jest około 800 m, a do Zamku Lubelskiego około 900 m. W pobliżu znajduje się Uniwersytet Medyczny - około 1,2 km, a Wojewódzki Szpital Specjalistyczny około 800 m od mieszkania. W najbliższej okolicy znajdują się również liczne przystanki komunikacji miejskiej obsługiwane przez wiele linii, dzięki czemu można wygodnie dostać się do centrum i innych części Lublina. Około 150 m od budynku znajduje się Wąwóz Kalina z terenami spacerowymi i siłownią plenerową Outdoor Gym. W okolicy są liczne place zabaw, boisko i Orlik około 190 m od mieszkania, kryta pływalnia około 480 m oraz wybieg dla psów około 200 m od budynku. To lokalizacja, która dobrze sprawdzi się zarówno dla rodziny z dziećmi, jak i dla osób aktywnych, właścicieli psa czy osób szukających zielonego otoczenia bez rezygnacji z bliskości centrum. Budynek i parking Przy budynku znajdują się ogólnodostępne miejsca parkingowe po obu jego stronach i z naszego dotychczasowego doświadczenia nie było problemu ze znalezieniem miejsca w pobliżu klatki. W tym roku odświeżono również bezpośrednie otoczenie wejścia do budynku - wykonano nową kostkę brukową oraz barierkę przy wejściu do klatki. Budynek posiada domofon. Mieszkanie znajduje się na wygodnym 2. piętrze, a sąsiedztwo jest spokojne. Forma prawna: spółdzielcze własnościowe prawo do lokalu. Mieszkanie nie wymaga remontu i może zostać wydane bezpośrednio po zakupie. Zapraszam do kontaktu i obejrzenia mieszkania na żywo. !!!! Sprzedaż bezpośrednia. Pośrednikom dziękuję - proszę nie dzwonić ani nie pisać w sprawie współpracy. Uporczywy kontakt mimo tej prośby będzie skutkował negatywną opinią. !!!",tak,,aneks,plastikowe,spółdzielcze własnościowe,"Wyposażenie: kuchenkę, lodówkę, piekarnik, zmywarkę",51.255253,22.582944
Lublin Węglinek,ul. Koralowa,1,30,370560,12352.0,Pośrednik,,10,https://adresowo.pl/o/mieszkanie-lublin-weglinek-ul-koralowa-1-pokoj-c4l6z3,https://s2.adresowa.pl/oi/65/4b/40e160_a5ed_cover@2x-1-pokojowe-mieszkanie-lublin-weglinek-ul-koralowa.webp,Lublin Węglinek,Koralowa,5,2026.0,blok,,"Szukają Państwo małego mieszkania w atrakcyjnej lokalizacji ? Zapraszam do zapoznania się z ta ofertą! Stan deweloperski na os. Węglinek (ul. Koralowa) Mieszkanie usytuowane jest na 5 piętrze w 5 piętrowym bloku. Powierzchnia nieruchomości to 30,88m2 . Kawalerka składa się z : -pokój z aneksem kuchennym -łazienki -istnieje możliwość wydzielenia oddzielnej sypialni z oknem Do mieszkania przynależy duży 6 metrowy balkon! Szukasz idealnego miejsca dla siebie lub pod pewną inwestycję? Masz dość czekania latami na oddanie bloku przez dewelopera? Ta oferta jest właśnie dla Ciebie! Prezentujemy wyjątkowe mieszkanie w stanie deweloperskim, zlokalizowane przy ul. Koralowej na osiedlu Węglinek – w jednej z najbardziej pożądanych i najchętniej wybieranych dzielnic Lublina. Dlaczego Węglinek i ul. Koralowa? To osiedle to synonim wygody i komfortowego życia! Zamieszkaj w otoczeniu zieleni, ciesząc się jednocześnie doskonałą infrastrukturą i szybkim dostępem do wszystkich najważniejszych punktów miasta. To idealne miejsce dla osób, które ceniących spokój, wygodę i wysoką jakość życia każdego dnia. Komunikacja i dojazdy.- Obwodnica Lublina: zaledwie 1,5 km do węzła, co gwarantuje błyskawiczny wylot z miasta w każdym kierunku. - Przystanek MPK: w odległości 500 m (świetne połączenie z centrum i uczelniami). - Stacja PKP Lublin Zachodni: ok. 1 km – idealna opcja dla osób podróżujących do Warszawy czy Kraśnika. Wszystko czego potrzebujesz na co dzień masz w zasięgu ręki. Zapomnij o długich wyprawach na zakupy. W promieniu kilku minut spacerem znajdziesz:- Markety: Lidl, Biedronka, Aldi, Stokrotka, Lewiatan, Żabka. - Centrum Handlowe na większe zakupy. - Usługi: Poczta, dwa salony fryzjerskie, apteka. Zdrowie i rekreacja.- Opieka medyczna: Dwie przychodnie zdrowia oraz dwa nowoczesne salony stomatologiczne. - Zielone sąsiedztwo: Tuż obok znajduje się Rezerwat Przyrody Stary Gaj – idealne miejsce na poranny jogging, spacery z psem czy weekendowy odpoczynek. - Dla aktywnych: Rozbudowana sieć ścieżek rowerowych łączących osiedle z resztą miasta. - Gastronomia: Wieczorem nie musisz gotować – na osiedlu działają świetne restauracje i klimatyczne pizzerie. - Na osiedlu znajduje się również kościół. Najważniejsze zalety oferty: Mieszkanie w stanie deweloperskim, wykończą Państwo je według swojego projektu! Istnieje możliwość wydzielenia oddzielnej sypialni z oknem na południe Ostatnie 5 piętro z 5 Bez piecyka gazowego! Pewna lokata kapitału: Węglinek to dzielnica, której wartość stale rośnie. Mieszkania w tej części miasta cieszą się dużym zainteresowaniem na rynku wtórnym oraz wynajmu, co sprawia że zakup nieruchomości tutaj to nie tylko komfort codziennego życia, ale również inwestycja z perspektywą na przyszłość. Finanse: Mieszkanie - 370 560zł Cena za m2 - 12 000zł Miejsce parkingowe zewnętrzne 30 000zł Zapraszam do kontaktu w celu uzyskania szczegółowych informacji oraz umówienia prezentacji lokalu. Bezpieczna transakcja z biurem nieruchomości. Współpracujemy w oparciu o umowę pośrednictwa z ustalonym wynagrodzeniem. Sebastian Smyk",,,,,własność,,51.225055,22.485222
Lublin,ul. Zbigniewa Herberta 9,3,48,499977,10416.0,Pośrednik,,1,https://adresowo.pl/o/mieszkanie-lublin-ul-zbigniewa-herberta-3-pokojowe-l8l3m0,https://s2.adresowa.pl/oi/4d/6f/40e156_d48e_cover@2x-3-pokojowe-mieszkanie-lublin-ul-zbigniewa-herberta.webp,Lublin ,Zbigniewa Herberta 9,parter,1976.0,blok,,"Na sprzedaż wyjątkowe, 3-pokojowe mieszkanie zlokalizowane na parterze w budynku przy ul. Herberta 9. Mieszkanie znajduje się w świetnie skomunikowanej okolicy. W bliskim otoczeniu dostępna jest pełna infrastruktura: sklepy, punkty usługowe, szkoły, przedszkola oraz przystanki komunikacji miejskiej. Aktualnie przechodzi gruntowny remont. Wymieniane jest dosłownie wszystko – od instalacji po podłogi. Kupujesz nieruchomość pachnącą nowością, do której wejdziesz bez żadnych dodatkowych kosztów i stresu związanego z remontem. Wyjątkowa okazja: Zdecyduj, jak będzie wyglądać Twoje mieszkanie. Jeśli zdecydujesz się na zakup na obecnym etapie remontu, zyskujesz niepowtarzalną możliwość personalizacji wnętrza. Możesz samodzielnie wybrać:- Kolory ścian w pokojach. - Kolory i styl frontów meblowych w kuchni. - Inne wybrane detale wykończenia. Najważniejsze informacje o mieszkaniu:- Liczba pokoi: 3. - Piętro: Parter (wygodne i łatwo dostępne). - Wyposażenie kuchni w cenie: Mieszkanie zostanie sprzedane z kompletnym, pełnym wyposażeniem AGD w kuchni. - Media: Ogrzewanie z sieci miejskiej, ciepła woda z bojlera. - Dodatkowe przestrzenie: Do mieszkania przynależy balkon oraz piwnica o powierzchni 3 m2. Finanse: Cena: 499 977 zł Czynsz: ok. 607 zł Bezpieczna transakcja z biurem nieruchomości. Współpracujemy z klientami w oparciu o umowę pośrednictwa z ustalonym wynagrodzeniem. Nie przegap okazji, by zamieszkać w nowym wnętrzu stworzonym według Twojego pomysłu. Zadzwoń i zapytaj o szczegóły oraz aktualny etap prac remontowych. Północ Nieruchomości Smyk Kamil Krawczyk",,,,,własność,,51.213591,22.573982
Lublin LSM,ul. Nadbystrzycka,3,53,585000,11038.0,bez pośredników,,4,https://adresowo.pl/o/mieszkanie-lublin-lsm-ul-nadbystrzycka-3-pokojowe-p7x9j0,https://s2.adresowa.pl/oi/56/47/410fd2_6734_cover@2x-3-pokojowe-mieszkanie-lublin-lsm-ul-nadbystrzycka.webp,Lublin LSM,Nadbystrzycka,1,1975.0,blok,,"Dzień dobry Na sprzedaż funkcjonalne mieszkanie inwestycyjne o powierzchni 53 m², położone na pierwszym piętrze (2. kondygnacji), w bardzo atrakcyjnej lokalizacji. Lokal zostanie oddany po generalnym remoncie, z zastosowaniem wysokiej jakości materiałów. Doskonała lokalizacja – idealna pod wynajem. Mieszkanie znajduje się w bezpośrednim sąsiedztwie kluczowych ośrodków akademickich: Politechnika Lubelska – ok. 2 minuty pieszo Uniwersytet Przyrodniczy – ok. 12 minut pieszo UMCS – ok. 20 minut pieszo Przemyślany układ: 3 niezależnych pokoi, oddzielna kuchnia, łazienki z WC, przedpokój, balkon Niezależny układ pokoi daje możliwość elastycznego wykorzystania mieszkania i jest szczególnie korzystny z punktu widzenia wynajmu poszczególnych pokoi. Zakres remontu obejmuje: wymianę instalacji elektrycznej, wymianę instalacji wodno-kanalizacyjnej, nowe okładziny ścienne, nowe podłogi, nową glazurę i terakotę + urządzenia sanitarne nową kuchnię wykonaną na wymiar przez stolarza (fronty lakierowane), kompletny sprzęt AGD w kuchni ze zmywarką. Umeblowanie mieszkania – do indywidualnego uzgodnienia. Możliwe jest przygotowanie lokalu w standardzie odpowiednim do rozpoczęcia wynajmu. Planowany termin zakończenia prac remontowych: koniec października 2026 r. Zdjęcia zamieszczone w ogłoszeniu mają charakter poglądowy i przedstawiają standard oraz jakość wykonania z innej, zrealizowanej inwestycji. To propozycja dla osób, które szukają nieruchomości gotowej do zamieszkania lub produktu inwestycyjnego do wynajmu. Zapraszam do kontaktu.",tak,,osobna,plastikowe,własność,,51.229187,22.53807
Lublin Wieniawa,al. Racławickie,3,70,1250000,17857.0,bez pośredników,,7,https://adresowo.pl/o/mieszkanie-lublin-wieniawa-al-raclawickie-3-pokojowe-i4y5i4,https://s2.adresowa.pl/oi/30/3c/410f92_3253_cover@2x-3-pokojowe-mieszkanie-lublin-wieniawa-al-raclawickie.webp,Lublin Wieniawa,Racławickie,1,2000.0,apartamentowiec,,Piekne mieszkanie na 4 p .lub 1 p..w barze dobrej lokalizacji na al-raclawickich nr.1 w Lublinie .możliwość zakupu 35 m2.,tak,,osobna,plastikowe,własność,,51.249392,22.538776
Lublin Czuby,ul. Bursztynowa,1,37,430000,11622.0,bez pośredników,,16,https://adresowo.pl/o/mieszkanie-lublin-czuby-ul-bursztynowa-1-pokoj-c8j8s3,https://s2.adresowa.pl/oi/56/51/410c90_a762_cover@2x-1-pokojowe-mieszkanie-lublin-czuby-ul-bursztynowa.webp,Lublin Czuby,Bursztynowa,1,2004.0,apartamentowiec,,"Sprzedam mieszkanie o powierzchni 36,6 m² na osiedlu Poręba, Czuby Południowe, Lublin. Znajdujące się w 3-piętrowym bloku z 2004 roku. Mieszkanie składa się z przestronnego salonu z parkietem na podłodze, przestronnej, oddzielnej jasnej kuchni, przestronnej łazienki (dużej jak na ten metraż) i korytarza. Mieszkanie jest usytuowane na pierwszym piętrze, jest dwustronne i ma funkcjonalny układ. Dodatkowym atutem jest duży balkon w stylu ""loggia"", co sprawia, że mieszkanie zyskuje dodatkową przestrzeń. Do lokalu przynależy duża i zadbana piwnica. ​To idealne miejsce dla osób szukających komfortu, ciszy i odpoczynku w miejskim otoczeniu ze względu na dostęp do infrastruktury. W najbliższej okolicy znajduje się wszystko, co niezbędne, aby prowadzić wygodne życie: ​Lidl, Stokrotka, Żabka ​przystanki autobusowe ​restauracja ​parking ​Mieszkanie nie wymaga żadnych nakładów finansowych — jest gotowe do natychmiastowego zamieszkania lub wynajmu. ​Atuty: ​dobra lokalizacja ​gotowe do zamieszkania ​pożądane pierwsze piętro ​bezpieczeństwo i komfort ​ciche sąsiedztwo ​zadbany blok ​niski czynsz, 430 zł ​dodatkowa przestrzeń do przechowywania w postaci piwnicy. Zapraszam do kontaktu",tak,tak,osobna,,własność,,51.222321,22.514511
Lublin Węglinek,ul. Kryształowa 12,2,66,799000,12106.0,Pośrednik,,9,https://adresowo.pl/o/mieszkanie-lublin-weglinek-ul-krysztalowa-2-pokojowe-b1x4f9,https://s2.adresowa.pl/oi/4e/5e/40e154_b47d_cover@2x-2-pokojowe-mieszkanie-lublin-weglinek-ul-krysztalowa.webp,Lublin Węglinek,Kryształowa 12,6,2018.0,blok,,"Wyjątkowe, elastyczne mieszkanie z kominkiem parowym, balkonem loggia, klimatyzacją, rowerownią, komórką i miejscem parkingowym – ul. Kryształowa 12, Lublin (Węglinek) Na sprzedaż nowoczesne, funkcjonalne i słoneczne mieszkanie o powierzchni 66,80 m² usytuowane na 6. (ostatnim) piętrze w budynku z 2018 roku przy ul. Kryształowej 12 w Lublinie. Obecnie mieszkanie zostało zaaranżowane jako przestronne, wygodne mieszkanie 2-pokojowe z dużą, otwartą strefą dzienną. Istnieje pełna możliwość łatwego powrotu do pierwotnego, 3-pokojowego układu poprzez postawienie jednej ścianki działowej! UNIKALNY AKCENT – BEZPIECZNY KOMINEK PAROWY NA ULTRADŹWIĘKI: W salonie znajduje się nowoczesny, efektowny kominek parowy z realistycznym efektem płomienia i delikatnej mgiełki wodnej, który tworzy wyjątkowo przytulny klimat i stanowi wyjątkową dekorację salonu. Jak działa taki kominek?- Wlewasz zwykłą wodę do zbiornika. - Ultradźwięki zamieniają wodę w zimną, delikatną mgiełkę. - Oświetlenie LED podświetla mgłę, tworząc niesamowicie realistyczny efekt żywych płomieni i delikatnego dymu. - Nie ma prawdziwego ognia, spalin ani zapachu – kominek jest w 100% bezpieczny (płomień jest zimny i nie stwarza ryzyka poparzenia). - Można go bezpiecznie i legalnie użytkować w mieszkaniu w bloku, ponieważ nie wymaga podłączenia do przewodu kominowego. PODSTAWOWE INFORMACJE: - Lokalizacja: Lublin, ul. Kryształowa 12 (prężnie rozwijająca się, spokojna i zielona dzielnica) - Powierzchnia mieszkania: 66,80 m² - Piętro: 6 z 6 (siódma kondygnacja nadziemna – kameralnie, bez sąsiadów nad głową, duży komfort i świetny widok) - Rok budowy: 2018 (pozwolenie na użytkowanie z 2018 r., budynek z windą) - Forma własności: Pełna własność z urządzoną Księgą Wieczystą (odrębna własność lokalu) UKŁAD POMIESZCZEŃ I MOŻLIWOŚCI ARANŻACJI: W dokumentacji aktowej lokalu widnieje układ 3-pokojowy:- Obecny stan: Mieszkanie jest przerobione na 2 bardzo przestronne pokoje, dzięki czemu zyskano imponującą przestrzeń w części dziennej. - Opcja 3-pokojowa (stan pierwotny): Bez problemu można przywrócić pierwotny układ (salon + 2 niezależne sypialnie) poprzez postawienie jednej ścianki działowej. W skład mieszkania wchodzą:- Przestronny Salon z kominkiem parowym / Strefa dzienna. - Sypialnia z garderobą - Aneks kuchenny. - Łazienka. - Przedpokój / Hol z miejscem na pojemne szafy. DODATKOWE ATUTY I UDOGODNIENIA:- Balkon typu Loggia: o powierzchni 5,70 m² – idealny do relaksu. - Komórka lokatorska: o powierzchni 2,14 m² w cenie / przynależna do lokalu (łączna powierzchnia użytkowa w dokumentach: 68,94 m²). - Wyznaczone miejsce parkingowe: naziemne miejsce parkingowe nr 32 tuż przy budynku (wyłączne prawo do korzystania). dodatkowo płatne 30 000 zł. - Dostęp do wózkowni / rowerowni: na kondygnacji obok mieszkania - Infrastruktura osiedla: plac zabaw, zadbane alejki i zieleń. BUDYNEK I OGRZEWANIE:- Ogrzewanie i ciepła woda: miejskie (LPEC) – bez piecyków gazowych. - Cichobieżna winda, monitoring, czyste i nowoczesne klatki schodowe. LOKALIZACJA: Ulica Kryształowa – cicha, bardzo ceniona część Lublina z doskonałą infrastrukturą (sklepy, szkoły, przedszkola, MPK, szybki wyjazd na obwodnicę). CENA: 799 000 zł. Bezpieczna transakcja z biurem nieruchomości. Współpracujemy z klientami w oparciu o umowę pośrednictwa z ustalonym wynagrodzeniem. KONTAKT: Justyna Krawczyk-Stadnik",,,,,własność,,51.224313,22.49808
Lublin Śródmieście,ul. Krakowskie Przedmieście,5,74,790000,10676.0,Pośrednik,,12,https://adresowo.pl/o/mieszkanie-lublin-srodmiescie-ul-krakowskie-przedmiescie-5-pokojowe-h4b0i0,https://s2.adresowa.pl/oi/5d/53/40e152_f817_cover@2x-5-pokojowe-mieszkanie-lublin-srodmiescie-ul-krakowskie-przedmiescie.webp,Lublin Śródmieście,Krakowskie Przedmieście,1,,kamienica,,"Szukają Państwo nieruchomości pod inwestycję? Mamy idealną propozycję. Mieszkanie pod najem krótkoterminowy. Wyjątkowy apartament w sercu Lublina – przy samym Placu Litewskim! "" Zamieszkaj przy prestiżowym Krakowskim Przedmieściu, gdzie historia spotyka się z pulsującym życiem miasta. Ten stylowy apartament w wyremontowanej kamienicy to idealna baza wypadowa – klimatyczne restauracje, Stare Miasto i słynne pokazy fontann masz dosłownie na wyciągnięcie ręki. Poczuj wyjątkowy klimat wysokich wnętrz, zrelaksuj się w komfortowej przestrzeni i ciesz się wszystkim, co Lublin ma najlepszego do zaoferowania. Zarezerwuj swój pobyt i bądź w samym centrum wydarzeń... "" Tak może brzmieć Twoje ogłoszenie na wynajem mieszkania dla turystów, których z roku na rok jest coraz więcej w Lublinie. Mieszkanie mieści się w kamienicy po remoncie i jest usytuowane na 1 piętrze z 2. Lokalizacja topowa!! Krakowskie Przedmieście i Plac Litewski. Deptak...restauracje, zabytki Starego Miasta na wyciągnięcie ręki!! Nieruchomość, o której mowa ma 72m2 i składa się z : -dwóch pokoi -kuchni -łazienki -korytarza Finanse: Cena mieszkania: 790 000zł Zapraszam do kontaktu i umówienia prezentacji! Sebastian Smyk",,,,,,,51.247656,22.558621
Lublin Ponikwoda,ul. Tomasza Strzembosza,3,62,749000,12081.0,bez pośredników,,14,https://adresowo.pl/o/mieszkanie-lublin-ponikwoda-ul-tomasza-strzembosza-3-pokojowe-l2p6d9,https://s2.adresowa.pl/oi/7d/68/410814_9595_cover@2x-3-pokojowe-mieszkanie-lublin-ponikwoda-ul-tomasza-strzembosza.webp,Lublin Ponikwoda,Tomasza Strzembosza,parter,2009.0,blok,,"Witam, Na sprzedaż komfortowe, ciepłe i przytulne mieszkanie o powierzchni 62 m², położone przy ul. Tomasza Strzembosza 5 w spokojnej i dobrze skomunikowanej części Lublina (Ponikwoda). Największym atutem nieruchomości jest przestronny, 20-metrowy prywatny taras. Częściowe zadaszenie i osłonięcie od otoczenia zapewniają prywatność i pozwalają korzystać z niego przez większą część roku. Czynsz w przeliczeniu na 3 osoby wynosi 500 zł (w opłatę wliczone są zaliczki na wodę). Układ i wykończenie wnętrz: Salon z aneksem kuchennym i strefą jadalnianą: Jasna przestrzeń dzienna z dużymi przeszkleniami i wyjściem na taras, wykończona naturalną deską barlinecką na podłodze, ścianami w ciepłych beżowych barwach i sztukaterią przysufitową. Kuchnia: Nowoczesny aneks w złamanej bieli, czerni i kolorze drewna, wyposażony w sprzęt AGD w zabudowie (piekarnik, zmywarka), płytę gazową, okap oraz wolnostojącą lodówkę Side-by-Side, dopełniony elegancką wyspą zwieńczoną naturalnym marmurem z towarzyszącymi hokerami. Sypialnia główna: Przestrzeń wypoczynkowa, z dużym łóżkiem małżeńskim i szafkami nocnymi oraz ogromną powierzchnią garderobianą w postaci szafy wnękowej robionej na zamówienie w kolorze antracytu, z mosiężnymi uchwytami. Drugi pokój: Jasny, ustawny, w pełni wyposażony pokój do dowolnej aranżacji (pokój dziecka, gabinet, pokój dla gości). Łazienka: Gustownie wykończona łazienka od podstaw w materiałach najwyższej jakości (naturalny marmur, zabudowa meblowa robiona na wymiar w odcieniach szałwiowych, armatura łazienkowa Grohe w kolorze szczotkowanego złota) wyposażona w wannę z funkcją prysznica (słuchawka+deszczownica+przelew wannowy), nowoczesną umywalkę nablatową, pralkę, suszarkę oraz WC. Przedpokój: Korytarz na planie kwadratu z pojemną szafą wnękową w zabudowie z lustrzanymi frontami. Dodatkowe atuty: • naziemne miejsce parkingowe przynależne do mieszkania • Spora ilość miejsc ogólnodostępnych, jak również spora pula miejsc parkingowych, blokowanych, wyłącznie dla mieszkańców bloku. Okolica: Ponikwoda to dzielnica łącząca spokojny charakter z bardzo dobrą infrastrukturą. W pobliżu znajdują się sklepy, restauracje, apteki, przychodnie, żłobki, paczkomaty różnych firm (InPost, Orlen Paczka, GLS, DHL), przedszkola i szkoły. Niedaleko znajdują się również Lidl, Aldi, IKEA i SKENDE, a okolica oferuje liczne tereny zielone, skwerki, place zabaw i miejsca rekreacyjne. Dobra komunikacja miejska zapewnia wygodny dojazd do pozostałych części Lublina (przystanek w odległości ok. 300 m).",,tak,aneks,plastikowe,własność,"Wyposażenie: lodówkę, piekarnik, pralkę, suszarkę, zmywarka",51.270598,22.58385
Lublin Czuby,ul. Różana 20,3,74,685000,9257.0,bez pośredników,,20,https://adresowo.pl/o/mieszkanie-lublin-czuby-ul-rozana-3-pokojowe-s7m3b3,https://s2.adresowa.pl/oi/60/57/41012c_68f5_cover@2x-3-pokojowe-mieszkanie-lublin-czuby-ul-rozana.webp,Lublin Czuby,Różana 20,2,1997.0,apartamentowiec,,"Unikalne mieszkanie w wyjątkowej, zacisznej okolicy nad samym wąwozem - tylko 15 minut do centrum Lublina. Monitorowany świeżo wyremontowany budynek. Wjazd chroniony szlabanem otwieranym pilotem. Mieszkanie znajduje się na 2 piętrze, posiada piwnicę , balkon i garaż w tym samym budynku (sprzedawany osobno). Lokal jest 1.5 poziomowy a w szczytowym punkcie ma aż 5 metrów wysokości! Łączna powierzchnia to 74 m2 plus 12 m2 antresola. Pierwotnie składało się z 5 osobnych pomieszczeń ale zostało przearanżowane na wielki otwarty i bardzo przestrzenny salon, ktory połączony jest z kuchnią, jadalnią i korytarzem wejsciowym. Do tego mamy zamkniętą sypialnię z wyjściem na szeroki balkon a bezpośrednio nad sypialnią na polpietrze znajduje się antresola – wprost idealna na domowe biuro, drugą sypialnię czy strefę relaksu. Dzięki otwartej przestrzeni mieszkanie ma możliwość optymalnej aranżacji. Ale zwolennicy zamknietych pokoi moga z powrotem przeszktalcic jadalnię w sypialnie (tak jak bylo w oryginalnym planie). Ogromna powiekszona łazienka, toaleta osobno. Od południa znajdują się drewniane okna dachowe, co daje olbrzymią ilość dziennego światła. Po stronie pełnego drzewostanu wąwozu są plastikowe okna o ciekawym ksztalcie , które również wpuszczają mnóstwo światła. To mieszkanie to prawdziwa perełka. Takich na rynku nie ma. Zdjęcia nie oddają jego potencjału… Przyjdź i przekonaj się sam. Zadzwoń po umówienie [numer] Oferta od osoby prywatnej. agencjom dziekujemy",tak,tak,osobna,plastikowe,własność,,51.232419,22.523091
Lublin Sławinek,ul. Czeremchowa,3,54,599000,11093.0,bez pośredników,,9,https://adresowo.pl/o/mieszkanie-lublin-slawinek-ul-czeremchowa-3-pokojowe-o1x7d5,https://s2.adresowa.pl/oi/1a/1b/41067a_649a_cover@2x-3-pokojowe-mieszkanie-lublin-slawinek-ul-czeremchowa.webp,Lublin Sławinek,Czeremchowa,3,1995.0,blok,,"3 pokoje | 54 m² | Sławinek | garaż | gotowe do zamieszkania Na sprzedaż eleganckie i funkcjonalne mieszkanie o powierzchni 54 m², położone w cenionej i bardzo dobrze skomunikowanej dzielnicy Sławinek. Mieszkanie składa się z trzech pokoi i zostało wyposażone w meble wykonane na indywidualne zamówienie, w tym pojemne szafy w zabudowie Komandor. Z sypialni rozpościera się widok na zielone, zamknięte patio, co zapewnia przyjemną i spokojną przestrzeń do odpoczynku. Dodatkowym atutem są wymienione kilka lat temu okna Velux na nowe okna plastikowe. Najważniejsze atuty: * 54 m² | 3 pokoje * meble wykonane na zamówienie * szafy w zabudowie Komandor * widok z sypialni na zielone, zamknięte patio * wymienione okna Velux na plastikowe * piwnica w cenie mieszkania * dostęp do ogólnodostępnej wózkowni * odrębna własność lokalu + księga wieczysta * możliwość dokupienia garażu – 120 000 zł Lokalizacja Sławinek to spokojna, zielona dzielnica, zapewniająca jednocześnie bardzo dobrą komunikację z centrum oraz szybki dostęp do drogi ekspresowej. W bezpośrednim sąsiedztwie znajdują się sklepy, przedszkola i szkoła, co sprawia, że lokalizacja jest wygodna zarówno na co dzień, jak i dla osób ceniących łatwy dostęp do miejskiej infrastruktury. Mieszkanie łączy funkcjonalność, ponadczasowe rozwiązania i dogodną lokalizację – gotowe, aby stać się wygodnym miejscem do życia. Osoby zainteresowane zapraszam do kontaktu:[numer] Nie jestem zainteresowana współpracą z biurami nieruchomości.",tak,tak,osobna,plastikowe,własność,,51.253265,22.517317
Lublin Czechów,ul. Kameralna,2,45,609080,13535.0,Pośrednik,,10,https://adresowo.pl/o/mieszkanie-lublin-czechow-ul-kameralna-2-pokojowe-z1o1t7,https://s2.adresowa.pl/oi/3b/5b/40e150_fa23_cover@2x-2-pokojowe-mieszkanie-lublin-czechow-ul-kameralna.webp,Lublin Czechów,Kameralna,5,2026.0,blok,,"Nowoczesne 45,83 m² w sercu Nowego Czechowa - stan deweloperski. Są mieszkania, które po prostu dobrze wyglądają. I są takie, w których od pierwszej chwili można poczuć, że to dobre miejsce do życia. Na ul. Kameralnej w Lublinie czeka 45,83 m² zaprojektowane z myślą o osobach, które chcą połączyć miejski styl, wygodę i spokojne otoczenie. - Mieszkanie składa się z: 1. Korytarz - 7,43 m2 2. Łazienka - 4,27 m2 3. Sypialnia - 12,69 m2 4. salon + aneks kuchenny - 21,44 m2 5. balkon - 5,04 m2 - Nowoczesność zaczyna się od budynku Mieszkanie znajduje się w inwestycji Nowy Czechów, wyróżniającej się współczesną architekturą i dopracowanymi częściami wspólnymi. Minimalistyczna forma budynku, reprezentacyjne lobby oraz estetycznie wykończone korytarze tworzą standard, który zdecydowanie wykracza poza typowe rozwiązania. Na komfort mieszkańców wpływają również nowoczesne technologie – od cichobieżnych wind po systemy bezpieczeństwa. Zastosowane rozwiązania dotyczą także izolacji i mediów, dzięki czemu codzienne użytkowanie może być bardziej ekonomiczne. - Lokalizacja, która daje swobodę Mieszkanie przy ul. Kameralnej to propozycja dla tych, którzy nie chcą wybierać między dostępem do miasta a spokojem. Bliskość komunikacji miejskiej ułatwia szybki dojazd do centrum oraz na lubelskie uczelnie. W okolicy znajdują się sklepy, restauracje, siłownie i trasy rowerowe, a zielone otoczenie Czechowa pozwala odpocząć od miejskiego tempa. Dodatkowym atutem jest sąsiedztwo ponadhektarowego terenu zielonego, który deweloper planuje zrewitalizować. - 45 m², które możesz urządzić po swojemu Ustawna i dobrze doświetlona przestrzeń daje wiele możliwości aranżacyjnych. To metraż, który sprawdzi się zarówno jako pierwsze własne mieszkanie dla singla lub pary, jak i jako nieruchomość przeznaczona pod wynajem. - Nowoczesny budynek. Dobra lokalizacja. Przemyślany metraż. Zielone otoczenie. Jeśli szukasz mieszkania, które pozwoli Ci korzystać z uroków miasta, a jednocześnie zachować poczucie prywatności i komfortu, warto zobaczyć je na żywo. - Finanse: Cena mieszkania: 609.080,70 zł Cena za metr: 13.290 zł Termin oddania budynku przewidywany jest na październik/listopad 2026. Kupujący zwolniony z podatku PCC! Kupujący nie płaci prowizji(pokrywa ją deweloper)! Jedynym kosztem po stronie kupujących jest notariusz! Zapraszam do kontaktu po więcej informacji i umówienia się na prezentację. Małgorzata Smyk",,tak,aneks,,własność,,50.52428,22.686745
Lublin Konstantynów,ul. Bohaterów Monte Cassino,4,109,1100000,10092.0,Pośrednik,,17,https://adresowo.pl/o/mieszkanie-lublin-konstantynow-ul-bohaterow-monte-cassino-4-pokojowe-e2u9o6,https://s2.adresowa.pl/oi/50/67/40de9c_3254_cover@2x-4-pokojowe-mieszkanie-lublin-konstantynow-ul-bohaterow-monte-cassino.webp,Lublin Konstantynów,Bohaterów Monte Cassino,2,1996.0,blok,,"Na sprzedaż przestronne i wyjątkowo funkcjonalne mieszkanie o powierzchni 109,10 m², położone na 2 piętrze kameralnego, zadbanego budynku przy ul. Bohaterów Monte Cassino w Lublinie. To nieruchomość, która zdecydowanie wyróżnia się na tle typowych mieszkań. Duża powierzchnia, kominek, garaż, dodatkowe pomieszczenia oraz otaczający budynek ogród sprawiają, że można poczuć się tutaj niemal jak w domu jednorodzinnym, zachowując jednocześnie wygodę mieszkania w mieście. Przestrzeń dla całej rodziny Mieszkanie ma wygodny i funkcjonalny układ. Składa się z trzech sypialni, dużego salonu, oddzielnej kuchni, łazienki, toalety oraz garderoby. Sercem mieszkania jest przestronny salon z kominkiem wyposażonym w system rozprowadzania ciepła. Kominek tworzy wyjątkowy klimat, ale pełni również funkcję praktyczną - może stanowić dodatkowe źródło ogrzewania mieszkania. Do mieszkania przynależą także: piwnica - 12 m² , strych - 10,50 m² , garaż pod budynkiem - 18,85 m² ( za dodatkową opłatą) Ogromnym atutem nieruchomości jest duży balkon, zielony teren należący do budynku. Liczne drzewa, krzewy i nasadzenia tworzą przyjemną, kameralną przestrzeń, która daje mieszkańcom możliwość odpoczynku na świeżym powietrzu. Na terenie znajduje się również prywatny plac zabaw, co będzie szczególnie dużym udogodnieniem dla rodzin z dziećmi. Zieleń wokół budynku daje poczucie przestrzeni i prywatności. Kameralny budynek i świetna lokalizacja Budynek został wybudowany w 1996 roku z cegły. Jest zadbany i estetyczny, a jego otoczenie stanowi przede wszystkim spokojna zabudowa domów jednorodzinnych. Lokalizacja zapewnia szybki dojazd do centrum Lublina, bardzo dobrą komunikację oraz łatwy dostęp do sklepów, usług i centrum handlowego. To propozycja dla osób, które chciałyby połączyć komfort dużego mieszkania z atmosferą domu jednorodzinnego - mieć kominek, garaż, ogród i mnóstwo dodatkowej przestrzeni, a jednocześnie pozostać blisko centrum miasta. Zapraszam do kontaktu i na prezentację. Sylwia tel. [numer] OFERTA DOSTĘPNA WYŁĄCZNIE W BIURZE NIERUCHOMOŚCI 3KLUCZE Otwieramy przed Tobą całe miasto! Sprzedajemy i wynajmujemy mieszkania, domy, lokale i działki. Działamy zarówno na rynku pierwotnym, jak i wtórnym. Zapewniamy kompleksową obsługę: doradztwo kredytowe i prawne, pomoc notariusza, architekta oraz projektanta wnętrz. Opis oferty sporządzony został na podstawie informacji pochodzących od właściciela oferującego nieruchomość, dokumentów opisujących jej stan prawny i przeprowadzonych oględzin. Opis ten może podlegać aktualizacji w miarę zmiany stanu fizycznego i prawnego nieruchomości oraz nie stanowi oferty handlowej określonej w art. 66 i następnych K.C. Na prezentacji prosimy Państwa o podpisanie potwierdzenia przekazania adresu. Ze względów bezpieczeństwa właścicieli nieruchomości konieczne będzie podanie swoich danych. Imię i nazwisko, PESEL, nr telefonu, a także złożenie czytelnego podpisu na karcie odbioru adresu. Prosimy pamiętać, że do ceny transakcyjnej należy doliczyć opłaty notarialne oraz koszt obsługi transakcji przez biuro nieruchomości.",tak,tak,,plastikowe,własność,,51.247193,22.507007
Lublin Śródmieście,ul. Głęboka,2,46,460000,10000.0,bez pośredników,,13,https://adresowo.pl/o/mieszkanie-lublin-srodmiescie-ul-gleboka-2-pokojowe-o7k3l4,https://s2.adresowa.pl/oi/11/4a/410512_9701_cover@2x-2-pokojowe-mieszkanie-lublin-srodmiescie-ul-gleboka.webp,Lublin Śródmieście,Głęboka,4,1965.0,blok,,"Oferuję na sprzedaż przestronne mieszkanie o powierzchni 46,75 m², znajdujące się na 4. piętrze w bloku z lat 60-tych. Mieszkanie jest w pełni umeblowane i gotowe do zamieszkania, wyposażone w pralkę, lodówkę, kuchenkę oraz piekarnik. Do dyspozycji masz również balkon, piwnicę oraz miejsce parkingowe. Lokalizacja w Śródmieściu Lublina zapewnia bliskość do wielu atrakcji.",tak,tak,,plastikowe,własność,"Wyposażenie: kuchenkę, lodówkę, piekarnik, pralkę",51.243764,22.536032
Lublin Śródmieście,ul. Józefa Bema,3,64,800000,12500.0,bez pośredników,,11,https://adresowo.pl/o/mieszkanie-lublin-srodmiescie-ul-jozefa-bema-3-pokojowe-i9g4b2,https://s2.adresowa.pl/oi/29/11/40fcd8_8d54_cover@2x-3-pokojowe-mieszkanie-lublin-srodmiescie-ul-jozefa-bema.webp,Lublin Śródmieście,Józefa Bema,2,1996.0,apartamentowiec,,"Cena obejmuje garaż. W budynku jest sauna , siłownia, ochrona. 100 m od hotelu asystenta UMCS.",,tak,aneks,drewniane,własność,,51.247185,22.536197
Lublin Dziesiąta,ul. Pawia 25,1,18,189000,10500.0,bez pośredników,,8,https://adresowo.pl/o/mieszkanie-lublin-dziesiata-ul-pawia-1-pokoj-k0l6v4,https://s2.adresowa.pl/oi/7e/41/40f8da_42f8_cover@2x-1-pokojowe-mieszkanie-lublin-dziesiata-ul-pawia.webp,Lublin Dziesiąta,Pawia 25,parter,1932.0,kamienica,,"Sprzedam kawalerkę położoną w Lublinie przy ul. Pawiej 25, o powierzchni 18,65 m², składająca się z pokoju , łazienki i przedpokoju z aneksem kuchennym . Mieszkanie wyposażone w niezbędny sprzęt AGD. Ogrzewanie i ciepła woda z sieci miejskiej . W pobliżu Dworzec Metropolitalny. Miejsce bardzo dobrze skomunikowane z całym miastem. Czynsz 350 zł z zaliczką za wodę ciepłą i zimną oraz ogrzewanie Mieszkanie jest świetną opcją zarówno dla osób szukających miejsca do zamieszkania, jak i inwestorów, którzy chcą kontynuować wynajem. Mieszkanie jest aktualnie wynajmowane.",,,aneks,,własność,,51.2272,22.571745
Lublin,ul. Bursztynowa,3,60,550000,9167.0,Pośrednik,,15,https://adresowo.pl/o/mieszkanie-lublin-ul-bursztynowa-3-pokojowe-s8s4r9,https://s2.adresowa.pl/oi/10/56/40cf34_a35a_cover@2x-3-pokojowe-mieszkanie-lublin-ul-bursztynowa.webp,Lublin ,Bursztynowa,3,1997.0,blok,,"Do sprzedania przestronne, słoneczne mieszkanie 2-poziomowe (poł. na piętrze trzecim i poddaszu, o pow. użytkowej 61 mkw, powierzchnia po podłodze ok. 85 mkw). Spokojna osiedlowa lokalizacja. Mieszkanie w dobrym stanie technicznym, po odnowieniu. w cenie zostaje umeblowanie kuchni (szafki, kuchenka, okap), brak innego umeblowania. . *** Rozkład pomieszczeń: * poziom I-szy: kuchnia, przedpokój, łazienka z WC, sypialnia, pokój dzienny ze schodami na poziom górny * poziom II-gi (poddasze): pokój otwarty + garderoba + schowek *** Wydanie: od 01.10.2026 ::DODATKOWE INFORMACJE Rodzaj budynku: blok Gaz: jest Woda: ciepła - miejska Dojazd: asfalt Ogrzewanie: miejskie Linie telefoniczne: TAK Internet: TAK Telewizja kablowa: TAK Winda: NIE Rozkład: rozkładowe Usytuowanie: dwustronne Min. okres naj. (mies.): 12 Opłaty w czynszu: fundusz remontowy, CO Opłaty wg liczników: woda, prąd, gaz, CO Rodzaj mieszkania: dwupoziomowe Piwnica: TAK Stan lokalu: dobry Okna: DREWNIANE NOWY TYP Balkon: loggia Powierzchnia użytkowa [m2]: 60,9600 Rok budowy: 1997 Liczba pokoi: 3 Powierzchnia pokoi [m2]: 15, 11, 20 Podłogi pokoi: wykładzina dywanowa, panele Wystawa okien - pokoje : Zach, Wsch Typ kuchni: widna Rodzaj kuchni: z zabudową kuchenną Powierzchnia kuchni [m2]: 11 Podłoga kuchni: terakota Typ łazienki: razem z wc Wyposażenie łazienki: kabina prysznicowa Podłoga przedpokoi: terakota ::LINK DO STRONY [www]/oferta.aspx?id=[numer] ::KONTAKT DO AGENTA Marcin Kuczyński [numer] [numer] [email] ::DANE BIURA BIURO NIERUCHOMOŚCI ANMA - MK Marcin Kuczyński BIURO NIERUCHOMOŚCI ANMA - MK MARCIN KUCZYŃSKI Hugona Kołłątaja 4 20-006 Lublin +48 [numer], [numer], +48 [numer] [www] Pośrednik odpowiedzialny zawodowo za wykonanie umowy pośrednictwa: Marcin Kuczyński (licencja nr: 4256)",,,osobna,,,"Wyposażenie: internet, kuchenka",51.222409,22.518605
Lublin,Sławinek,3,61,825000,13525.0,Pośrednik,,6,https://adresowo.pl/o/mieszkanie-lublin-slawinek-3-pokojowe-61-m2-x7r3x7,https://s2.adresowa.pl/oi/5d/2d/40c044_d9bb_cover@2x-3-pokojowe-mieszkanie-lublin-slawinek.webp,Lublin Sławinek,,4,2023.0,blok,,"Oferujemy do sprzedaży mieszkanie w nowym bloku na Rogatce Warszawskiej. Budynek oddany do użytkowania około 2023 roku. Mieszkania wykończone. Istnieje możliwość oddzielenia kuchni od salonu. Mieszkanie dwustronne, posiada 2 duże balkony - 6,09 mkw oraz 3,15 mkw. Łączna powierzchnia mieszkania ok 61,07 mkw: - pokój dzienny z aneksem kuchennym o powierzchni ok 26,23 mkw (istnieje możliwość oddzielenia kuchni), z wyjściem na balkon - sypialnia 12,23 mkw z wyjściem na balkon - sypialnia 10,10 mkw - łazienka 4,29 mkw - przedpokój 8,21 mkw Budynek 4 piętrowy z windą zjeżdżającą do poziomu garażowiska. Do mieszkania przynależy komórka lokatorska 1,45 mkw. Idealne pod inwestycję pod wynajem z uwagi na bliskość do miasteczka akademickiego. Potrzebujesz wsparcia w zakresie uzyskania kredytu - oferujemy bezpłatne porady specjalistów. Chcesz połączyć zakup nowej nieruchomości ze sprzedażą obecnej? Pomożemy, skontaktuj się z Nami. Z Naszym Biurem oszczędzisz czas i pieniądze! Będziemy z Tobą na każdym etapie transakcji od wyboru mieszkania, aż do finansowania i odbioru lokalu! Posiadamy w ofercie podobne nieruchomości, mamy dostęp do dużej bazy ofert nieruchomości na terenie Lublina i okolic. Zapraszam do obejrzenia mieszkania, zadzwoń i umów się na bezpłatne spotkanie! Szanowni Państwo, nasze biuro zawsze dąży do tego, aby informacje zawarte w ofertach były jak najbardziej dokładne i aktualne. Warto jednak mieć na uwadze fakt, że opis oferty przygotowywany na podstawie oględzin nieruchomości oraz informacji uzyskanych od właściciela, może podlegać aktualizacji i nie stanowi oferty w rozumieniu Kodeksu Cywilnego.",tak,tak,,,,,51.252998,22.518999
Lublin Wieniawa,al. Racławickie,3,48,460000,9583.0,bez pośredników,,8,https://adresowo.pl/o/mieszkanie-lublin-wieniawa-al-raclawickie-3-pokojowe-x4e1l6,https://s2.adresowa.pl/oi/34/55/40f64a_2a1c_cover@2x-3-pokojowe-mieszkanie-lublin-wieniawa-al-raclawickie.webp,Lublin Wieniawa,Racławickie,2,1969.0,blok,,"Oferuję na sprzedaż mieszkanie o powierzchni 48 m². Do mieszkania przynależy piwnica ok 2m². Kuchnia i łazienka po remoncie, do ew. odświeżenia. Mieszkanie posiada klimatyzację. Blok 10 piętrowy z windą. Pośrednikom dziękuję.",tak,,,plastikowe,własność,,51.249345,22.53907
Lublin Czuby,ul. Jemiołuszki,1,29,360000,12414.0,bez pośredników,,1,https://adresowo.pl/o/mieszkanie-lublin-czuby-ul-jemioluszki-1-pokoj-x2z9n6,https://s2.adresowa.pl/oi/25/1f/40f34a_4f04_cover@2x-1-pokojowe-mieszkanie-lublin-czuby-ul-jemioluszki.webp,Lublin Czuby,Jemiołuszki,3,2004.0,blok,,Nowe mieszkanie na ulicy Jemiołuszki. Dostępne od zaraz. Jeden pokój z możliwością wydzielenia oddzielnej sypialni. Dodatkowo płatne miejsce postojowe pod budynkiem i piwnica - 65000 zł.,tak,tak,,,,,51.222559,22.47875
Lublin,Sławin,4,70,728000,10400.0,Pośrednik,,9,https://adresowo.pl/o/mieszkanie-lublin-slawin-4-pokojowe-70-m2-a8f7a5,https://s2.adresowa.pl/oi/35/6c/40ba4a_92a8_cover@2x-4-pokojowe-mieszkanie-lublin-slawin.webp,Lublin Sławin,,3,2026.0,blok,,"Mieszkanie z antresolą na III piętrze apartamentowca na Botaniku. Salon z aneksem kuchennym o pow. 36,07m2 z wyjściem na balkon. Łazienka z WC 4,25m2. Antresola o pow. 29,68m2 z wyjściem na taras. Wystawa okien: zachód. Taras o pow. 63,3m2. Miejsce postojowe w garażu podziemnym w cenie 49.000 zł. INWESTYCJA ZREALIZOWANA MEDIA: ogrzewanie miejskie, woda, prąd. Wybrane zdjęcia przedstawiają przykładową aranżację wnętrz wykonaną przy użyciu AI i mają charakter poglądowy. Otwieramy przed Tobą całe miasto! Jesteśmy specjalistami od rynku pierwotnego. U nas znajdziesz najlepsze inwestycje w jednym miejscu. Zamiast przeglądać oferty różnych deweloperów, zapoznaj się z naszą ofertą. Zapewniamy kompleksową obsługę: doradztwo kredytowe i prawne, pomoc notariusza, architekta oraz projektanta wnętrz. Zadzwoń do nas i dowiedz się więcej, tel. [numer]. Opis oferty sporządzony został na podstawie informacji pochodzących od właściciela oferującego nieruchomość, dokumentów opisujących jej stan prawny i przeprowadzonych oględzin. Opis ten może podlegać aktualizacji w miarę zmiany stanu fizycznego i prawnego nieruchomości oraz nie stanowi oferty handlowej określonej w art. 66 i następnych K.C. Na prezentacji prosimy Państwa o podpisanie potwierdzenia przekazania adresu. Ze względów bezpieczeństwa właścicieli nieruchomości konieczne będzie podanie swoich danych. Imię i nazwisko, PESEL, nr telefonu, a także złożenie czytelnego podpisu na karcie odbioru adresu. Pośrednik odpowiedzialny zawodowo za wykonanie umowy pośrednictwa: Katarzyna Długosz (licencja nr: 12340)",,tak,aneks,,,,51.268342,22.52
Lublin,Sławin,2,34,570000,16765.0,Pośrednik,,7,https://adresowo.pl/o/mieszkanie-lublin-slawin-2-pokojowe-34-m2-t4m7j6,https://s2.adresowa.pl/oi/5e/7c/40b930_2e3e_cover@2x-2-pokojowe-mieszkanie-lublin-slawin.webp,Lublin Sławin,,1,2006.0,blok,,"2 pokoje | Sławin | wykończone pod klucz | nowy budynek Na sprzedaż 2-pokojowe mieszkanie na Sławinie , położone na I piętrze nowego budynku z 2026 roku . Lokal zostanie kompleksowo wykończony pod klucz i będzie gotowy do wprowadzenia do końca września . Mieszkanie składa się z: salonu z aneksem kuchennym i wyjściem na balkon, sypialni, łazienki z WC. Wnętrze zaprojektowano w ciepłej, ponadczasowej stylistyce - jasne beże, naturalne drewno i eleganckie czarne detale. W ramach wykończenia przewidziano m.in. kuchnię oraz pojemne zabudowy wykonane na wymiar, kompletnie wykończoną łazienkę i urządzoną sypialnię . Dużym atutem jest lokalizacja na Sławinie - spokojna i bardzo dobrze skomunikowana część Lublina. W pobliżu dostępne są sklepy, usługi, komunikacja miejska i wszystko, co potrzebne na co dzień. Jednocześnie lokalizacja zapewnia wygodny i szybki dojazd do centrum miasta . Ekspozycja okien: wschód. Ogrzewanie miejskie. Miejsce postojowe w garażu podziemnym - 49 000 zł . To propozycja dla osób, które chcą kupić nowe mieszkanie i wprowadzić się do gotowego, spójnie zaprojektowanego wnętrza - bez remontu, szukania ekip i dodatkowych nakładów. Prezentowane wizualizacje przedstawiają projekt planowanego wykończenia mieszkania. Elementy dekoracyjne i wyposażenie ruchome mogą różnić się od finalnej realizacji. Otwieramy przed Tobą całe miasto! Jesteśmy specjalistami od rynku pierwotnego. U nas znajdziesz najlepsze inwestycje w jednym miejscu. Zamiast przeglądać oferty różnych deweloperów, zapoznaj się z naszą ofertą. Zapewniamy kompleksową obsługę: doradztwo kredytowe i prawne, pomoc notariusza, architekta oraz projektanta wnętrz. Zadzwoń do nas i dowiedz się więcej, tel. [numer], [numer]. Opis oferty sporządzony został na podstawie informacji pochodzących od właściciela oferującego nieruchomość, dokumentów opisujących jej stan prawny i przeprowadzonych oględzin. Opis ten może podlegać aktualizacji w miarę zmiany stanu fizycznego i prawnego nieruchomości oraz nie stanowi oferty handlowej określonej w art. 66 i następnych K.C. Na prezentacji prosimy Państwa o podpisanie potwierdzenia przekazania adresu. Ze względów bezpieczeństwa właścicieli nieruchomości konieczne będzie podanie swoich danych. Imię i nazwisko, PESEL, nr telefonu, a także złożenie czytelnego podpisu na karcie odbioru adresu. Prosimy pamiętać, że do ceny transakcyjnej należy doliczyć 2% podatku od czynności cywilnoprawnych, koszt taksy notarialnej oraz koszt obsługi transakcji przez biuro nieruchomości.",,tak,aneks,,,,51.268342,22.52
Lublin Czechów Południowy,ul. Jana Chęcińskiego,3,56,499000,8911.0,bez pośredników,,14,https://adresowo.pl/o/mieszkanie-lublin-czechow-poludniowy-ul-jana-checinskiego-3-pokojowe-r1o2o6,https://s2.adresowa.pl/oi/15/6d/40f136_7c29_cover@2x-3-pokojowe-mieszkanie-lublin-czechow-poludniowy-ul-jana-checinskiego.webp,Lublin Czechów Południowy,Jana Chęcińskiego,7,1979.0,blok,,"Na sprzedaż 3-pokojowe mieszkanie o powierzchni 56,6 m², położone przy ul. Chęcińskiego 6 na Czechowie. Lokalizacja zapewnia wygodny dojazd do centrum Lublina oraz lubelskich uczelni. Okolica jest świetnie skomunikowana i zapewnia dostęp do pełnej infrastruktury: szkół, przedszkoli, sklepów, przychodni oraz kilku placów zabaw. Lokal znajduje się na 7. piętrze dziesięciopiętrowego budynku. Wokół budynku znajduje się dużo zieleni i przestrzeni, a także duży parking. W budynku są dwie windy, które są obecnie wymieniane na nowe. Jednym z atutów mieszkania jest południowo-zachodnia ekspozycja oraz piękny, szeroki i niczym niezasłonięty widok. Wieczorami z okien można podziwiać zachody słońca. Układ mieszkania: - salon 17,1 m² z balkonem, - dwa oddzielne pokoje, - osobna kuchnia, - łazienka, - osobne WC, - duży przedpokój. Dwa mniejsze pokoje mogą służyć jako sypialnie, pokoje dziecięce lub gabinet. W przedpokoju jest miejsce na dwie duże szafy w zabudowie. Oddzielna kuchnia i osobne WC sprawiają, że mieszkanie dobrze sprawdza się także przy większej liczbie domowników. Na podłogach znajduje się drewniany parkiet, który można odnowić. Mieszkanie daje możliwość urządzenia wnętrza według własnego pomysłu. Opłaty i stan prawny: - czynsz około 790 zł miesięcznie przy 4 zameldowanych osobach - w czynszu zawarte są m.in. zaliczki na wodę i centralne ogrzewanie - lokal własnościowy - zakup jest możliwy również z wykorzystaniem kredytu hipotecznego - wydanie kluczy do mieszkania możliwe od października 2026 roku Mieszkanie będzie dobrym wyborem zarówno dla rodziny, jak i jako inwestycja pod wynajem. Cena: 499 000 zł - do negocjacji. Zapraszam do kontaktu i umówienia się na prezentację.",,,osobna,drewniane,,,51.2586,22.543102
Lublin Śródmieście,ul. Lubartowska,3,59,890000,15085.0,bez pośredników,,12,https://adresowo.pl/o/mieszkanie-lublin-srodmiescie-ul-lubartowska-3-pokojowe-x7z9k8,https://s2.adresowa.pl/oi/71/5c/40ef96_79df_cover@2x-3-pokojowe-mieszkanie-lublin-srodmiescie-ul-lubartowska.webp,Lublin Śródmieście,Lubartowska,1,2020.0,blok,,"Na sprzedaż nowoczesne, zadbane mieszkanie o powierzchni 59,3 m², położone na 1 piętrze w budynku z 2020 roku. Nieruchomość znajduje się w doskonałej lokalizacji w centrum Lublina, w bezpośrednim sąsiedztwie Uniwersytetu Medycznego. To idealna propozycja zarówno dla osób szukających komfortowego miejsca do życia jak i inwestorów planujących wynajem. Mieszkanie jest w bardzo dobrym stanie, wykończone w nowoczesnym stylu i nie wymaga żadnych nakładów finansowych - jest gotowe do zamieszkania od zaraz. Rozkład mieszkania: - przestronny salon z aneksem kuchennym, - dwie ustawne sypialnie (ok. 10 m² każda), - łazienka, - garderoba. Najważniejsze atuty: - nowe budownictwo (2020 r.), - 1. piętro, - dwie klimatyzacje - w salonie oraz jednej z sypialni, - centralny system uzdatniania wody, - funkcjonalny układ pomieszczeń, - mieszkanie gotowe do wprowadzenia, - cicha winda, - tylko 8 mieszkań na jednej kondygnacji, - doskonała lokalizacja - idealna również pod wynajem. Lokalizacja: Ogromnym atutem jest świetnie rozwinięta infrastruktura. Tuż przy budynku znajdują się przystanki MPK zapewniające szybki dojazd do każdej części Lublina. W pobliżu dostępne są sklepy, w tym Biedronka, liczne punkty usługowe, restauracje oraz centra handlowe Olimp i VIVO!. W kilka minut można dotrzeć również na Stare Miasto. Bliskość Uniwersytetu Medycznego sprawia, że mieszkanie stanowi atrakcyjną i bezpieczną inwestycję pod wynajem. Czynsz: ok. 770 zł (wraz z zaliczkami na ogrzewanie i ciepłą wodę) Zapraszam do kontaktu i umówienia się na prezentację.",,,aneks,plastikowe,,Wyposażenie: klimatyzacje,51.253541,22.569145
Lublin Sławinek,ul. Bajkowa,3,56,695000,12411.0,bez pośredników,,8,https://adresowo.pl/o/mieszkanie-lublin-slawinek-ul-bajkowa-3-pokojowe-u2a0r8,https://s2.adresowa.pl/oi/53/47/40ed2c_fff0_cover@2x-3-pokojowe-mieszkanie-lublin-slawinek-ul-bajkowa.webp,Lublin Sławinek,Bajkowa,2,2002.0,blok,,"Na sprzedaż wyjątkowo przytulne i bardzo ustawne 3-pokojowe mieszkanie o powierzchni 56,70 m², położone przy ul. Bajkowej na lubelskim Sławinku, w kameralnym budynku z 2002 roku. MIESZKANIE ZNAJDUJE SIĘ na 2 PIĘTRZE, w budynku 4-piętrowym. Mieszkanie składa się z 3 pokoi, w tym salonu połączonego z kuchnią, oraz dwóch dodatkowych pokoi o powierzchni około 10 m² i 9 m². To mieszkanie ma bardzo przyjemną, jasną przestrzeń dzienną. Duże okna świetnie doświetlają wnętrze, a szczególnym atutem jest trójskrzydłowe okno w salonie, z którego wychodzi się bezpośrednio na przestronny taras. Taras ma około 9 mkw., to zdecydowanie więcej niż klasyczny balkon - to dodatkowa, prywatna przestrzeń do życia w cieplejszych miesiącach. Mieszkanie zostało gruntownie odświeżone i częściowo wyremontowane. Około trzy lata temu wykonano m.in. generalny remont łazienki - wszystko zostało skute i wykonane na nowo, wymianę drzwi wewnętrznych na nowe, w tym roku odnowiono drewnianą podłogę. Do mieszkania przynależy duży garaż o powierzchni około 23 m² oraz piwnica o powierzchni około 6,60 m², bardzo praktyczną przestrzeń nie tylko na samochód, ale również na rowery, sprzęt sportowy, narzędzia czy rzeczy, na które zwykle trudno znaleźć miejsce w mieszkaniu. Łączna powierzchnia mieszkania, garażu i piwnicy wynosi około 86,30 m². Ul. Bajkowa znajduje się na Sławinku, w rejonie Rogatki Warszawskiej. To lokalizacja, która bardzo dobrze łączy bliskość miasta z kameralnym i spokojnym charakterem okolicy. Z jednej strony jesteśmy blisko centrum Lublina, z drugiej - po powrocie do domu można odpocząć od miejskiego zgiełku. Garaż jest oferowany w komplecie z mieszkaniem, w cenie 120 000 zł. Ze względu na charakter sprzedaży prosimy o kontakt bezpośredni. Pośrednikom nieruchomości dziękujemy.",tak,tak,aneks,,,,51.251881,22.521397
Lublin,Sławin,4,119,1290000,10840.0,Pośrednik,,3,https://adresowo.pl/o/mieszkanie-lublin-slawin-4-pokojowe-119-m2-m3h8o1,https://s2.adresowa.pl/oi/30/53/40ad00_5956_cover@2x-4-pokojowe-mieszkanie-lublin-slawin.webp,Lublin Sławin,,1,2026.0,,,"Apartament 119,32 m² z dwoma tarasowymi balkonami | Sławin | Ogród Botaniczny Na sprzedaż wyjątkowy 4-pokojowy apartament o powierzchni 119,32 m² , położony na I piętrze kameralnego, nowoczesnego osiedla domów na Sławinie, tuż przy Ogrodzie Botanicznym. Apartament jest już oddany do użytkowania - dostępny od zaraz i gotowy do wykończenia według własnego projektu. To mieszkanie bezczynszowe z prywatnym wejściem, zlokalizowane na zamkniętym osiedlu z prywatną drogą wewnętrzną , zapewniającym spokój i kameralną atmosferę. Najważniejsze atuty: salon z aneksem kuchennym - 44,79 m² , 3 ustawne sypialnie, spiżarnia, łazienka i osobne WC, dwa przestronne balkony o powierzchni 37,04 m² i 13,15 m² (łącznie ponad 50 m²), wiata garażowa na 1 samochód. W standardzie m.in. ogrzewanie podłogowe, instalacja alarmowa, wideodomofon oraz pełne instalacje gazowe, elektryczne i wodno-kanalizacyjne . To idealna propozycja dla osób, które cenią nowoczesną architekturę, dużą przestrzeń oraz zieloną, prestiżową lokalizację z szybkim dojazdem do centrum Lublina. Wizualizacje przedstawiają przykładową aranżację wnętrza i tarasów oraz mają charakter poglądowy. OFERTA DOSTĘPNA WYŁĄCZNIE W BIURZE NIERUCHOMOŚCI 3KLUCZE Otwieramy przed Tobą całe miasto! Sprzedajemy i wynajmujemy mieszkania, domy, lokale i działki. Działamy zarówno na rynku pierwotnym, jak i wtórnym. Zapewniamy kompleksową obsługę : doradztwo kredytowe i prawne, pomoc notariusza, architekta oraz projektanta wnętrz. W razie pytań, po prostu skontaktuj się z nami. Więcej informacji pod nr telefonu [numer]. Opis oferty sporządzony został na podstawie informacji pochodzących od właściciela oferującego nieruchomość, dokumentów opisujących jej stan prawny i przeprowadzonych oględzin. Opis ten może podlegać aktualizacji w miarę zmiany stanu fizycznego i prawnego nieruchomości oraz nie stanowi oferty handlowej określonej w art. 66 i następnych K.C. Na prezentacji prosimy Państwa o podpisanie potwierdzenia przekazania adresu. Ze względów bezpieczeństwa właścicieli nieruchomości konieczne będzie podanie swoich danych. Imię i nazwisko, PESEL, nr telefonu, a także złożenie czytelnego podpisu na karcie odbioru adresu. Prosimy pamiętać, że do ceny transakcyjnej należy doliczyć 2% podatku od czynności cywilnoprawnych, koszt taksy notarialnej oraz koszt obsługi transakcji przez biuro nieruchomości.",,,,,,,51.265406,22.513853
Lublin,ul. Wyścigowa 37,3,45,622000,13822.0,Pośrednik,,13,https://adresowo.pl/o/mieszkanie-lublin-ul-wyscigowa-3-pokojowe-x5s9k8,https://s2.adresowa.pl/oi/2a/3e/40ac70_4283_cover@2x-3-pokojowe-mieszkanie-lublin-ul-wyscigowa.webp,Lublin ,Wyścigowa 37,3,2026.0,kamienica,,"Nowoczesne, funkcjonalne i zaprojektowane tak, aby od pierwszego dnia dawać poczucie komfortu. Mieszkanie, w którym nie musisz wybierać pomiędzy dobrym układem, wysokim standardem i spokojną lokalizacją. To właśnie ta nieruchomość. Zapraszam do zapoznania się z ofertą 3-pokojowego mieszkania o powierzchni 45,92 m², położonego na 3. piętrze kameralnego budynku nr 5 inwestycji Nowe Sokolniki przy ul. Wyścigowej 37 Mieszkanie jest obecnie w trakcie kompleksowego remontu, a planowany termin zakończenia prac to 15.10.2026 r. Dzięki temu otrzymujesz wnętrze świeże, nowoczesne i przygotowane do zamieszkania – bez konieczności organizowania własnej ekipy remontowej. Na powierzchnię 45,92 m² składają się:- przestronny salon z aneksem kuchennym, - sypialnia, - dodatkowa sypialnia – idealna jako pokój dziecka, gabinet lub pokój gościnny, - łazienka, - przedpokój, - duży balkon o powierzchni 6,54 m². Duże okna zapewniają bardzo dobre doświetlenie pomieszczeń, a funkcjonalny układ pozwala maksymalnie wykorzystać każdy metr mieszkania. Salon z kuchnią – centrum domowego życia Salon połączony z aneksem kuchennym tworzy nowoczesną, otwartą przestrzeń, w której można zarówno odpocząć po pracy, jak i spędzać czas z rodziną czy znajomymi. Kuchnia zostanie wykonana na wymiar przez stolarza i wyposażona w sprzęt AGD: (lodówkę, płytę indukcyjną, piekarnik, okap, zmywarkę). Całość uzupełniają karnisze LED, które nadają wnętrzu nowoczesnego i przytulnego charakteru. Dwie sypialnie – więcej możliwości Dwie niezależne sypialnie to ogromny atut mieszkania. Jedna może pełnić funkcję komfortowej sypialni głównej, druga natomiast sprawdzi się jako pokój dziecięcy, gabinet, garderoba lub pokój gościnny. To rozwiązanie, które daje dużą elastyczność – zarówno rodzinie, jak i parze czy osobie pracującej z domu. Nowoczesna łazienka Łazienka została zaprojektowana z myślą o codziennym komforcie. Na szczególną uwagę zasługują:- ogrzewanie podłogowe, - meble łazienkowe wykonane na wymiar, - nowoczesne wykończenie, - funkcjonalna zabudowa. Balkon 6,54 m² Duży balkon to naturalne przedłużenie salonu. Poranna kawa, kilka roślin, wieczorny odpoczynek po pracy – niewielka rzecz, a potrafi znacząco zmienić komfort codziennego życia. Do mieszkania przynależy:- naziemne miejsce parkingowe – 25 000 zł, - komórkę lokatorską 2,36 m² – 10 000 zł, - wyposażenie: meble ruchome + sprzęt AGD – 15 000 zł. Komfort nowego budownictwa Nowe Sokolniki to kameralna zabudowa, która łączy nowoczesną architekturę z wygodą codziennego życia. Budynek jest niewielki i spokojny, co daje bardziej kameralną atmosferę niż w dużych blokach. Do dyspozycji mieszkańców pozostaje również bezpieczny i atrakcyjny plac zabaw. W najbliższej okolicy znajdują się sklepy, restauracje, przedszkola, punkty usługowe oraz wszystko, czego potrzebujesz na co dzień. MIESZKANIE ZWOLNIONE Z PODATKU PCC 2% Rozważasz kredytowanie tej nieruchomości? Współpracujemy z zaufanym i skutecznym doradcą kredytowym, który bez żadnych zobowiązań porówna dla Ciebie oferty kredytowe różnych banków. Zapraszam na prezentację. Tomasz Jurowicz",tak,,aneks,,własność,"Wyposażenie: lodówkę, piekarnik, zmywarkę",51.224043,22.565271
Lublin Rury,ul. Wajdeloty,3,48,539000,11229.0,bez pośredników,,12,https://adresowo.pl/o/mieszkanie-lublin-rury-ul-wajdeloty-3-pokojowe-r4y8y1,https://s2.adresowa.pl/oi/49/30/40eb76_987b_cover@2x-3-pokojowe-mieszkanie-lublin-rury-ul-wajdeloty.webp,Lublin Rury,Wajdeloty,3,1970.0,blok,,"Jasne, ciche i pełne dobrej energii mieszkanie na wyjątkowym osiedlu Adama Mickiewicza. Kapitalny remont — wszystko zrobione od podstaw Mieszkanie przeszło kapitalny remont, dzięki czemu nowy właściciel może cieszyć się nie tylko pięknym wnętrzem, ale również spokojem wynikającym z wykonanych prac technicznych. W ramach remontu wymieniono: *całą instalację elektryczną wraz ze skrzynką elektryczną i uziemieniem, *całą instalację wodno-kanalizacyjną, *całą instalację gazową. Są mieszkania, które można po prostu kupić. I są takie, w których od pierwszej chwili można poczuć, że to może być dom. Na ulicy Wajdeloty, w jednym z najbardziej klimatycznych zakątków Lublina, znajduje się mieszkanie, które łączy w sobie wszystko to, czego szukamy w codziennym życiu: spokój, bezpieczeństwo, światło, zieleń, wygodę i świetną komunikację z całym miastem. Wokół są szkoły, przedszkola, apteki 24h, pepco, żabki, przychodnie. Osiedle Adama Mickiewicza ma w sobie coś wyjątkowego. Miejsce otoczone ogromną ilością starodrzewu, zieleni i przestrzeni. Z okien mieszkania zamiast miejskiego chaosu widać przede wszystkim korony drzew, dzięki czemu wnętrze ma niezwykle przyjemny, niemal romantyczny klimat. Mieszkanie jest dwustronne, przez co jasne przez cały dzień. To ogromna wartość — najważniejsze elementy mieszkania zostały wykonane od podstaw, a nie jedynie odświeżone. Mieszkanie jest ciepłe, suche i komfortowe, a szczelne okna zapewniają dobrą izolację i dodatkowy komfort. Na ziemi leżą świetnie zachowane deski parkietowe, w przedpokoju deska barlinecka. Również łazienka została kompleksowo wymieniona rok temu, więc jest to przestrzeń gotowa do użytkowania bez konieczności ponoszenia kolejnych nakładów. Na obszernym balkonie (dług. 5,6 m, pow. 4,9 m2) położono profesjonalną izolację hydrofobową, pozostaje jedynie zgodnie z własną potrzebą położyć gres lub żywicę do balkonów. - bardzo dobry kontakt ze spółdzielnią (wszystko załatwiają od ręki) Wajdeloty i osiedle Adama Mickiewicza to lokalizacja dla osób, które nie chcą wybierać pomiędzy miejskim stylem życia a spokojem i zielenią tutaj można mieć jedno i drugie. Mieszkanie jest wolne od stycznia i może stać się wyjątkowym miejscem dla kolejnych właścicieli. Zapraszamy do kontaktu, pośrednikom dziękujemy. Oferta bez prowizji.",tak,,aneks,plastikowe,spółdzielcze własnościowe,,51.242173,22.523246
Lublin Czuby,ul. Szmaragdowa,4,84,930000,11071.0,bez pośredników,,1,https://adresowo.pl/o/mieszkanie-lublin-czuby-ul-szmaragdowa-4-pokojowe-g2d0j0,https://s2.adresowa.pl/oi/44/33/40eae4_e46c_cover@2x-4-pokojowe-mieszkanie-lublin-czuby-ul-szmaragdowa.webp,Lublin Czuby,Szmaragdowa,1,1990.0,blok,,"84,89 m² | 4 pokoje | taras | loggia | piwnica | możliwość zakupu garażu Przestrzeń, światło i zieleń za oknem! Na sprzedaż przestronne, wyjątkowo jasne mieszkanie o powierzchni 84,89 m², położone w miejscu, które łączy wygodę codziennego życia z bliskością natury. Mieszkanie oferuje 4 ustawne pokoje, taras, loggię oraz piwnicę. Dodatkowo istnieje możliwość zakupu garażu, co jest dużym atutem przy codziennym funkcjonowaniu. Jednym z największych walorów nieruchomości jest widok na zielony wąwóz. Tuż za oknem mamy przestrzeń idealną na spacery, rower czy rodzinny czas na świeżym powietrzu z pięknymi ścieżkami rowerowymi i placami zabaw. Mieszkanie jest doskonale doświetlone przez cały dzień. Poranne słońce naturalnie budzi mieszkańców, a popołudniami wnętrza ponownie wypełnia ciepłe światło. Lokalizacja zapewnia wszystko, co potrzebne na co dzień - przedszkole i szkołę, sklepy spożywcze, stacje benzynową, siłownię, hotel, warzywniaki, kościół i wiele innych. Jednocześnie okolica jest bardzo dobrze skomunikowana, dzięki czemu można sprawnie dotrzeć w różne części Lublina. To mieszkanie dla osób, które szukają przestrzeni, światła i wygody, ale nie chcą rezygnować z zieleni i spokojnego otoczenia. Zapraszam do oglądania! na żywo to mieszkanie ma jeszcze więcej do zaoferowania.",tak,tak,osobna,plastikowe,spółdzielcze własnościowe,,51.226153,22.518331
Lublin LSM,ul. Juliana Ochockiego,4,62,585000,9435.0,bez pośredników,,11,https://adresowo.pl/o/mieszkanie-lublin-lsm-ul-juliana-ochockiego-4-pokojowe-m2h5k6,https://s2.adresowa.pl/oi/14/37/40e9b2_c814_cover@2x-4-pokojowe-mieszkanie-lublin-lsm-ul-juliana-ochockiego.webp,Lublin LSM,Juliana Ochockiego,3,,blok,,"Jasne, dwustronne i rozkładowe mieszkanie 4-pokojowe o powierzchni 62,2 m², zlokalizowane na 3. piętrze w niskim, 4-piętrowym budynku. 4 niezależne pokoje, osobna widna kuchnia, łazienka, osobne WC, przedpokój, balkon. Odnowione, w pełni umeblowane i wyposażone (pralka, lodówka, kuchenka gazowa) - gotowe do zamieszkania lub natychmiastowego wynajmu bez nakładów finansowych. Ogrzewanie miejskie. Komórka lokatorska. Dużo darmowych miejsc postojowych pod blokiem oraz parking strzeżony w pobliżu. Wyjątkowo zielone, ciche i dobrze utrzymane osiedle z pełną infrastrukturą. Blisko uczelni (UMCS, Politechnika Lubelska), w pobliżu szkoła i przedszkole. Przystanki z bezpośrednim dojazdem do każdej części miasta, sklepy, punkty usługowe, restauracje. Zapraszam do kontaktu i obejrzenia mieszkania!",tak,,osobna,,,"Wyposażenie: kuchenka, lodówka, pralka",51.235462,22.534232
Lublin,ul. Wyścigowa,3,45,637000,14156.0,Pośrednik,,13,https://adresowo.pl/o/mieszkanie-lublin-ul-wyscigowa-3-pokojowe-w2o4n8,https://s2.adresowa.pl/oi/56/39/40a504_49fc_cover@2x-3-pokojowe-mieszkanie-lublin-ul-wyscigowa.webp,Lublin ,Wyścigowa,parter,2026.0,kamienica,,"Nowoczesne 3-pokojowe mieszkanie z prywatnym ogródkiem | Nowe Sokolniki, ul. Wyścigowa | Brak PCC 2% Szukasz nieruchomości, która łączy funkcjonalność miejskiego apartamentu z komfortem posiadania własnej zielonej strefy relaksu? Ta oferta spełni oczekiwania najbardziej wymagających klientów szukających gotowego, pachnącego nowością mieszkania w kameralnym budynku. Na sprzedaż wyjątkowy lokal mieszkalny o powierzchni 45,51 m² usytuowany na parterze w nowoczesnym, kameralnym budynku (nr 5) na prestiżowej inwestycji Nowe Sokolniki przy ul. Wyścigowej (dzielnica Dziesiąta). Nieruchomość jest w trakcie kompleksowych prac wykończeniowych — planowany termin oddania gotowego do wprowadzenia lokalu to 15 października 2026 roku. Kupujący zyskuje w pełni urządzone, stylowe wnętrze oraz oszczędność czasu i kosztów — zakup jest zwolniony z 2% podatku PCC. Przemyślany i ergonomiczny układ (3 pokoje) Mieszkanie zostało zaprojektowane tak, aby maksymalnie wykorzystać każdy metr kwadratowy:- Salon z aneksem kuchennym: serce domu z bezpośrednim wyjściem na przestronny balkon i do ogrodu. - Główna sypialnia: ustawna przestrzeń zapewniająca spokój i prywatność. - Dodatkowa sypialnia/gabinet: idealny pokój dziecięcy, sypialnia dla gości lub domowe biuro. - Elegancka łazienka: wyposażona w komfortowe ogrzewanie podłogowe oraz zabudowę na wymiar. - Przedpokój: zoptymalizowany pod kątem wygodnego przechowywania z dużą szafą. - Prywatna strefa relaksu: duży balkon o powierzchni 6,54 m² oraz rzadko spotykany, słoneczny ogródek o metrażu aż 31,54 m² – idealne miejsce na poranną kawę, odpoczynek na leżaku czy bezpieczną zabawę dla dzieci. Standard wykończenia i wyposażenie pod klucz Mieszkanie wykańczane jest z dbałością o każdy detal, według najnowszych trendów wnętrzarskich:- Meble na wymiar: wykonana przez stolarza zabudowa kuchenna oraz meble łazienkowe. - Pełny sprzęt AGD: lodówka, płyta indukcyjna, piekarnik, okap, zmywarka, pralka oraz suszarka. - Nowoczesne oświetlenie: designerskie, nastrojowe karnisze zintegrowane z listwami LED. - Ogrzewanie i woda: z bezpiecznej i ekonomicznej sieci miejskiej. - Duże przeszklenia: gwarantujące świetne doświetlenie naturalnym światłem przez cały dzień. Budynek i lokalizacja – Dziesiąta / Nowe Sokolniki Inwestycja charakteryzuje się niską, kameralną zabudową w spokojnym otoczeniu. Na terenie osiedla znajduje się bezpieczny, estetyczny plac zabaw. W bezpośrednim sąsiedztwie dostępna jest kompletna infrastruktura miejska: liczne sklepy, markety, restauracje, przedszkola, szkoły oraz przystanki komunikacji miejskiej, co zapewnia szybki dojazd do centrum Lublina. Podsumowanie parametrów technicznych i finansowych- Powierzchnia mieszkania: 45,51 m² - Kondygnacja: Parter - Czynsz administracyjny: ok. 500 zł - Podatek PCC: 0% (zwolnienie z podatku 2%) Dodatkowe elementy (płatne obligatoryjnie):- Miejsce postojowe w garażu podziemnym: 45 000 zł - Komórka lokatorska (2,46 m²): 10 000 zł - Pakiet pełnego wyposażenia (meble ruchome + kompletny sprzęt AGD): w cenie! Rozważasz kredytowanie tej nieruchomości? Współpracujemy z zaufanym i skutecznym doradcą kredytowym, który bez żadnych zobowiązań porówna oferty kredytowe w różnych bankach. Zapraszam na prezentację! Twój Agent – Tomasz Jurowicz",tak,tak,aneks,,własność,"Wyposażenie: lodówka, piekarnik, pralka, suszarka, zmywarka",51.223343,22.565216
Lublin,ul. Szmaragdowa,2,48,519000,10812.0,Pośrednik,,6,https://adresowo.pl/o/mieszkanie-lublin-ul-szmaragdowa-2-pokojowe-s7w0i0,https://s2.adresowa.pl/oi/72/28/406e9a_6914_cover@2x-2-pokojowe-mieszkanie-lublin-ul-szmaragdowa.webp,Lublin ,Szmaragdowa,2,1978.0,blok,,"Na sprzedaż mieszkanie 2 pokojowe w Lublinie przy ul. Szmaragdowej. Mieszkanie z funkcjonalnym układem, przestronny i ustawny salon z wyjściem na bardzo duży balkon (widok na zieleń), sypialnia, oddzielna widna kuchnia, łazienka z wc oraz przedpokój. Do mieszkania przynależy piwnica. Bardzo dobra lokalizacja, blisko przystanek autobusowy, sklepy, przedszkole, szkoła, centrum sportowe. Osiedle z dużą ilością zieleni, place zabaw, ścieżki rowerowe itp. Nieruchomość prezentuje: Sylwia tel. [numer]​​​​​​​ OFERTA DOSTĘPNA WYŁĄCZNIE W BIURZE NIERUCHOMOŚCI 3KLUCZE Otwieramy przed Tobą całe miasto! Sprzedajemy i wynajmujemy mieszkania, domy, lokale i działki. Działamy zarówno na rynku pierwotnym, jak i wtórnym. Zapewniamy kompleksową obsługę : doradztwo kredytowe i prawne, pomoc notariusza, architekta oraz projektanta wnętrz. Opis oferty sporządzony został na podstawie informacji pochodzących od właściciela oferującego nieruchomość, dokumentów opisujących jej stan prawny i przeprowadzonych oględzin. Opis ten może podlegać aktualizacji w miarę zmiany stanu fizycznego i prawnego nieruchomości oraz nie stanowi oferty handlowej określonej w art. 66 i następnych K.C. Na prezentacji prosimy Państwa o podpisanie potwierdzenia przekazania adresu. Ze względów bezpieczeństwa właścicieli nieruchomości konieczne będzie podanie swoich danych. Imię i nazwisko, PESEL, nr telefonu, a także złożenie czytelnego podpisu na karcie odbioru adresu. Prosimy pamiętać, że do ceny transakcyjnej należy doliczyć 2% podatku od czynności cywilnoprawnych, koszt taksy notarialnej oraz koszt obsługi transakcji przez biuro nieruchomości.",,,,plastikowe,,,51.226849,22.519672
Lublin Wrotków,ul. Jana Samsonowicza,2,39,430000,11026.0,bez pośredników,,7,https://adresowo.pl/o/mieszkanie-lublin-wrotkow-ul-jana-samsonowicza-2-pokojowe-j4g7j3,https://s2.adresowa.pl/oi/6d/59/40e946_2b05_cover@2x-2-pokojowe-mieszkanie-lublin-wrotkow-ul-jana-samsonowicza.webp,Lublin Wrotków,Jana Samsonowicza,9,,blok,,"Na sprzedaż mieszkanie o powierzchni 39,06 m², położone na IX piętrze w wieżowcu z nową windą. Mieszkanie składa się z dwóch pokoi, kuchni, korytarza oraz łazienki z WC. Do mieszkania przynależy również piwnica. Jest ono bardzo jasne, ciepłe i ustawne. Okolica jest spokojna, z dużą ilością zieleni i miejsc do spacerowania. Dodatkowym atutem jest parking przed blokiem. W pobliżu znajduje się szkoła podstawowa, przedszkole, kościół, punkty usługowe i sklepy oraz Zalew Zemborzycki. Bardzo dobre połączenie komunikacji miejskiej z miastem. Lokal nadaje się do odświeżenia lub własnej aranżacji. Dzielnica Wrotków, ulica Jana Samsonowicza. Czynsz miesięczny to około 500 zł. Nieruchomość posiada księgę wieczystą. Agencjom nieruchomości serdecznie dziękujemy. Zapraszamy do kontaktu.",tak,,,,,,51.208219,22.547227
Lublin,Felin,2,28,400000,14286.0,bez pośredników,,8,https://adresowo.pl/o/mieszkanie-lublin-felin-2-pokojowe-28-m2-i4f4k4,https://s2.adresowa.pl/oi/29/59/40e88c_f6af_cover@2x-2-pokojowe-mieszkanie-lublin-felin.webp,Lublin Felin,,parter,2020.0,blok,,"Sprzedam kawalerkę na Felinie, nowe budownictwo 2020 r. Blok trzypiętrowy. 28,54 m2. Salon z aneksem kuchennym, sypialnia, duży balkon zabudowany 10 m2. Kuchnia w zabudowie. Niski czynsz, średni 310 zł. CO z sieci. W pobliżu sklepy, usługi. Spokojna okolica. Do mieszkania przynależą: - piwnica 4,62 m2 (w cenie 15000 zł) - miejsce parkingowe na zewnątrz (29000 zł) Kontakt: Bez pośredników.",tak,tak,aneks,,,,51.217999,22.632287
Lublin Bazylianówka,al. Spółdzielczości Pracy,4,65,760000,11692.0,bez pośredników,,3,https://adresowo.pl/o/mieszkanie-lublin-bazylianowka-al-spoldzielczosci-pracy-4-pokojowe-t2s3y9,https://s2.adresowa.pl/oi/68/61/40e634_c3d1_cover@2x-4-pokojowe-mieszkanie-lublin-bazylianowka-al-spoldzielczosci-pracy.webp,Lublin Bazylianówka,Spółdzielczości Pracy,parter,2026.0,blok,,"Do sprzedania nowe mieszkanie o powierzchni 65,4m2 z ogródkiem o powierzchni 100m2 i przynależnym miejscem garażowym w hali podziemnej. Mieszkanie jest usytuowane na parterze w cichym zadrzewionym i ustronnym miejscu. Osiedle ma teren zamknięty. Mieszkanie ma możliwość rozebrania nie których ścianek czym można powiększyć pomieszczenia. Największym atutem mieszkania jest jego doskonała lokalizacja – w pobliżu Galerii Olimp, jednej z największych galerii handlowo-rozrywkowych w Lublinie. To idealne miejsce dla osób, które cenią sobie wygodę życia w mieście i chcą mieć najważniejsze punkty usługowe oraz sklepy w zasięgu ręki. W bezpośrednim sąsiedztwie znajduje się bogata oferta handlowa, restauracje, kawiarnie, kino Multikino, siłownia, punkty usługowe oraz liczne miejsca rozrywki. Dzięki temu codzienne zakupy, załatwienie spraw czy spędzenie wolnego czasu nie wymagają dalekich dojazdów. Lokalizacja zapewnia również bardzo dobrą komunikację – okolica jest dobrze skomunikowana zarówno z centrum Lublina, jak i pozostałymi częściami miasta. Bliskość głównych ciągów komunikacyjnych oraz komunikacji miejskiej stanowi dodatkowy atut zarówno dla osób pracujących, jak i studentów. Okolica jest świetnym wyborem również pod kątem inwestycyjnym. Atrakcyjna lokalizacja w pobliżu dużego centrum handlowego, punktów usługowych i infrastruktury miejskiej sprawia, że mieszkanie może być interesującą propozycją także pod wynajem. Najważniejsze atuty lokalizacji: bliskość Galerii Olimp i licznych sklepów, restauracje, kawiarnie, kino i rozrywka w najbliższej okolicy, siłownie i obiekty rekreacyjne, łatwy dostęp do codziennych usług i zakupów, dobra komunikacja z centrum i innymi częściami Lublina, atrakcyjna lokalizacja zarówno do zamieszkania, jak i pod inwestycję, sąsiedztwo dużych osiedli mieszkaniowych i rozwiniętej infrastruktury miejskiej. To mieszkanie łączy komfort codziennego życia z miejską wygodą – wszystko, czego potrzebujesz, znajduje się w zasięgu krótkiego spaceru lub szybkiego dojazdu. Mogę również pomóc w ogarnięciu ekipy do wykończenia całego mieszkania z łazienką za 25-27tyś- robocizna. Oczywiście bez mebli. Biurom nieruchomości dziękuję. Nie interesuje mnie współpraca.",,tak,,plastikowe,własność,,51.265876,22.574544
Lublin Kalinowszczyzna,ul. Lwowska,3,58,582900,10050.0,Pośrednik,,20,https://adresowo.pl/o/mieszkanie-lublin-kalinowszczyzna-ul-lwowska-3-pokojowe-z6x9e7,https://s2.adresowa.pl/oi/59/6f/4069f2_fa54_cover@2x-3-pokojowe-mieszkanie-lublin-kalinowszczyzna-ul-lwowska.webp,Lublin Kalinowszczyzna,Lwowska,7,1973.0,blok,,"Zapraszam do zapoznania się z ofertą, mieszkanie przytulne, słoneczne, po remoncie! Informacje ogólne: Na sprzedaż mieszkanie 3-pokojowe o powierzchni 58,34 m², położone na 7. piętrze zadbanego, wysokiego bloku z 1973 roku. Układ mieszkania: Przemyślany układ obejmuje przestronny salon od strony południowej, dwie ustawne sypialnie (jedna od południa druga od zachodu) oraz osobną, jasną kuchnię z oknem, z wejściem z przedpokoju, funkcjonalną łazienkę oraz osobne wc. Oddzielna kuchnia sprzyja wygodzie codziennego użytkowania, a wysokie piętro zapewnia piękny widok i optymalne doświetlenie. Standard i wyposażenie: Mieszkanie w bardzo idealnym stanie technicznym, 8 lat temu przeszło generalny remont wszystkich instalacji. Wyposażone, gotowe do zamieszkania bez większych nakładów. Nieruchomość dostępna po nowym roku (w okolicy Maja/Czerwca 2027),do zamieszkania, ale wszelkie warunki sprzedaży pozostają do uzgodnienia stron. Istnieje możliwość zakupu w tym roku, z możliwości wynajmu przez obecnych właścicieli. Budynek i otoczenie: Mieszkanie znajduje się w wysokim bloku z wielkiej płyty. Do dyspozycji mieszkańców 2 nowe windy, które ułatwiają codzienne korzystanie z 7. piętra. Wejście do budynku zabezpieczone domofonem. Otoczenie pełne zieleni, dbające o kameralny charakter osiedla. Dodatkowo istnieje możliwośc zakupu garażu zlokalizowanego tuż obok bloku, z bramą zamykaną na pilota. Lokalizacja: Lokalizacja zapewnia spokój, a jednocześnie świetnie skomunikowaną część miasta. W pobliżu przystanki komunikacji miejskiej, w każdą stronę miasta (linie autobusowe nr [numer], [numer]50, 301, oraz N 2 nocny) sklepy i wszelkie udogodnienia codziennego życia. Szeroki dostęp do terenów zielonych pozwala wypocząć tuż za progiem. Najważniejsze atuty: Mieszkanie wyróżnia się funkcjonalnym układem, wysokim standardem oraz atrakcyjną lokalizacją. Doskonałe zarówno do zamieszkania, jak i jako inwestycja pod wynajem. Pomieszczenia:- Salon ok. 19m - Sypialnia od południa ok.10m - Sypialnia od zachodu z wyjściem na balkon ok. 10,50m - Kuchnia ok. 6m - Łazienka ok. 3,90m - WC ok. 1,30m - Hall ok 7,64m - Piwnica pomieszczenie dodatkowe ok 4m - Balkon ok 5m Odległość do:- Brama Krakowska ok. 1,80km (26min. pieszo) - Uniwersytet Medyczny ok. 1,30km (19min. pieszo) - UMCS ok. 3,90km (autobusy linii nr [numer]) - KUL ok. 3,50km (autobusy linii nr [numer]) - Zalew Zemborzycki (autobus bezpośredni linii nr 6, 38 minut) Jeśli szukasz gotowego do wprowadzenia mieszkania na wysokim piętrze z pięknym widokiem i dobrą komunikacją, ta propozycja jest dla Ciebie! Zapraszamy po szczegóły i na prezentację.",tak,tak,osobna,,własność,,51.257878,22.582001
Lublin,al. Racławickie 32,3,45,410000,9111.0,Pośrednik,,14,https://adresowo.pl/o/mieszkanie-lublin-al-raclawickie-3-pokojowe-o2a1e3,https://s2.adresowa.pl/oi/60/33/405d9e_8021_cover@2x-3-pokojowe-mieszkanie-lublin-al-raclawickie.webp,Lublin ,Racławickie 32,4,1975.0,blok,,"3-pokojowe mieszkanie, 45.50 m2 w ścisłym centrum Lublina | Al. Racławickie | Wieniawa | 2-windy | Balkon | Piwnica Na sprzedaż 3-pokojowe mieszkanie o powierzchni 45.50 m2 przy Al. Racławickich 32, w ścisłym centrum Lublina. Nieruchomość jest atrakcyjną propozycją zarówno dla osób szukających mieszkania w centrum, jak i inwestorów zainteresowanych lokalem pod wynajem. Największym atutem jest lokalizacja - blisko centrum oraz najważniejszych lubelskich uczelni, do których można szybko dotrzeć pieszo. Mieszkanie od około 10 lat z powodzeniem wykorzystywane było w celach inwestycyjnych. W niewielkiej odległości znajdują się KUL, UMCS, Politechnika Lubelska oraz Uniwersytet Przyrodniczy. Możliwość dotarcia do uczelni pieszo stanowi istotny atut, szczególnie z punktu widzenia wynajmu studentom. Do Krakowskiego Przedmieścia można dojść w około 15 minut. W pobliżu znajdują się również Ogród Saski, Centrum Kultury, restauracje, sklepy i markety, centra handlowe, szkoły, licea, urzędy oraz liczne punkty handlowo-usługowe, tereny zielone. Okolica jest bardzo dobrze skomunikowana - w pobliżu znajdują się liczne przystanki komunikacji miejskiej oraz ogólnodostępne miejsca parkingowe. Lokalizacja łączy więc bliskość uczelni, ścisłego centrum, terenów zielonych i pełnej infrastruktury miejskiej. Mieszkanie o powierzchni 45.50 m2 położone jest na 4. piętrze w 10-piętrowym budynku z dwoma windami i składa się z: -dwóch niezależnych sypialni - ok. 9 m2 i 6,5 m2, -przejściowego salonu o powierzchni ok. 18 m2, pełniącego obecnie funkcję części wspólnej, -balkonu o powierzchni ok. 6 m2, z wyjściem z salonu, -oddzielnej kuchni ok. 4.86 m2 z możliwością połączenia z salonem, -łazienki ok. 3.00 m2, -przedpokoju ok. 4.15 m2. Do mieszkania przynależy piwnica, zapewniająca dodatkową przestrzeń do przechowywania. Obecny układ dobrze sprawdza się pod wynajem, a jednocześnie daje możliwość modernizacji i dostosowania wnętrza do potrzeb przyszłego właściciela. Ostatni większy remont przeprowadzono 15 lat temu, natomiast rok temu mieszkanie zostało odmalowane. Lokal od 10 lat był wynajmowany i wykorzystywany głównie inwestycyjnie. Oferowany jest w stanie widocznym na zdjęciach i może być dalej użytkowany w obecnym standardzie lub stanowić bazę do modernizacji. W mieszkaniu zamontowano okna PCV oraz wymieniono drzwi zewnętrzne i wewnętrzne. Na podłogach znajduje się drewniany parkiet oraz płytki. Kuchnia wyposażona jest w lodówkę, piekarnik, płytę gazową, zmywarkę i okap, natomiast w łazience znajduje się pralka. Ogrzewanie pochodzi z sieci miejskiej. Ciepłą wodę zapewnia sprawny piecyk gazowy, który przechodził regularne przeglądy. Istnieje możliwość zastąpienia go bojlerem elektrycznym. Zadbany, 10-piętrowy budynek posiada jedną klatkę schodową oraz dwie windy. Na każdym piętrze znajdują się tylko 4 mieszkania. Klatka schodowa została odnowiona, a części wspólne są utrzymane w dobrym stanie. STAN PRAWNY: Nieruchomość stanowi własność osób prywatnych i posiada uregulowany stan prawny. Mieszkanie jest wolne od zadłużeń i obciążeń hipotecznych, co umożliwia sprawne przeprowadzenie transakcji. POTENCJAŁ INWESTYCYJNY Położenie w ścisłym centrum, w sąsiedztwie KUL, UMCS, Politechniki Lubelskiej i Uniwersytetu Przyrodniczego, sprawia, że nieruchomość jest szczególnie atrakcyjna pod kątem wynajmu. Mieszkanie przez około 10 lat funkcjonowało na rynku najmu i może być dalej wykorzystywane inwestycyjnie bez konieczności ponoszenia dużych nakładów na start. Jednocześnie modernizacja wnętrza daje możliwość podniesienia jego standardu i atrakcyjności na rynku najmu. Zapraszam do kontaktu oraz umówienia się na prezentację. Niniejsze ogłoszenie ma charakter informacyjny i nie stanowi oferty w rozumieniu art. 66 i następnych Kodeksu cywilnego. Dane zawarte w ogłoszeniu zostały sporządzone na podstawie informacji uzyskanych od właściciela nieruchomości i mogą ulec zmianie. ::",,,,,spółdzielcze własnościowe,"Wyposażenie: lodówkę, piekarnik, pralka, zmywarkę",51.249345,22.53907
Lublin Ponikwoda,ul. Migdałowa,2,53,749000,14132.0,bez pośredników,,11,https://adresowo.pl/o/mieszkanie-lublin-ponikwoda-ul-migdalowa-2-pokojowe-t5p1t0,https://s2.adresowa.pl/oi/60/67/40e6fc_843c_cover@2x-2-pokojowe-mieszkanie-lublin-ponikwoda-ul-migdalowa.webp,Lublin Ponikwoda,Migdałowa,1,2025.0,blok,,"SPRZEDAŻ BEZPOŚREDNIA – BEZ PROWIZJI Na sprzedaż nowoczesne, w pełni wykończone mieszkanie o powierzchni 53 m², położone przy ul. Migdałowej na Osiedlu Narcyzowym w Lublinie. Mieszkanie znajduje się na 1. piętrze budynku z 2025 roku z windą. Zostało urządzone z dbałością o funkcjonalność i spójny wygląd wnętrza. Jest gotowe do zamieszkania bez konieczności ponoszenia dodatkowych kosztów związanych z wykończeniem. Sercem mieszkania jest jasny salon z aneksem kuchennym i częścią jadalnianą. Duże przeszklenia dobrze doświetlają wnętrze i prowadzą na przestronny balkon o powierzchni 9,5 m² – idealny na poranną kawę czy odpoczynek. Kuchnia została wykonana w zabudowie i wyposażona w sprzęt AGD. Zapewnia dużo miejsca do przechowywania oraz wygodną przestrzeń roboczą. Osobna sypialnia połączona jest z funkcjonalną garderobą oraz wydzieloną częścią pralnianą. Dzięki temu pralka, suszarka, ubrania i rzeczy codziennego użytku mają swoje miejsce, a pozostała część mieszkania pozostaje uporządkowana. Mieszkanie posiada również klimatyzację. Do lokalu przynależy piwnica o powierzchni 4,2 m², znajdująca się na tej samej księdze wieczystej – piwnica jest w cenie mieszkania. Ogrzewanie oraz woda pochodzą z sieci miejskiej. Najważniejsze informacje: 53 m² budynek z 2025 roku piętro z windą salon z aneksem kuchennym i jadalnią osobna sypialnia garderoba z pralnią balkon 9,5 m² piwnica 4,2 m² w cenie klimatyzacja ogrzewanie i woda miejskie czynsz ok. 837 zł mieszkanie gotowe do zamieszkania Cena: 749 000 zł Dodatkowo dostępne jest miejsce postojowe w garażu – 49 000 zł. Miejsce posiada oddzielną księgę wieczystą. Cena mieszkania wraz z miejscem postojowym: 798 000 zł. To propozycja dla osób, które szukają nowego, gotowego mieszkania z dużym balkonem, świetnie wykorzystaną przestrzenią i dużą ilością miejsca do przechowywania. Zapraszam do kontaktu i umówienia prezentacji. Sprzedaż bezpośrednia – pośrednikom dziękuję.",tak,tak,aneks,plastikowe,własność,"Wyposażenie: klimatyzacja, pralka, suszarka",51.272239,22.593684
Lublin Kalinowszczyzna,ul. Ignacego Daszyńskiego,2,48,500000,10417.0,bez pośredników,,19,https://adresowo.pl/o/mieszkanie-lublin-kalinowszczyzna-ul-ignacego-daszynskiego-2-pokojowe-y0o2h0,https://s2.adresowa.pl/oi/25/63/40e4b0_d295_cover@2x-2-pokojowe-mieszkanie-lublin-kalinowszczyzna-ul-ignacego-daszynskiego.webp,Lublin Kalinowszczyzna,Ignacego Daszyńskiego,4,1988.0,blok,,"Mieszkanie, które łączy miasto i naturę | Kalinowszczyzna, Lublin Są mieszkania, które po prostu się ogląda — i są takie, z których nie chce się wychodzić. To wyjątkowo funkcjonalne, słoneczne mieszkanie na ostatnim, 4. piętrze, położone w spokojnej części Kalinowszczyzny, oferuje coś coraz trudniejszego do znalezienia w mieście: dużo zieleni, ciszę, prywatność i wygodę codziennego życia. Spokojnie, ale wszędzie blisko Rano wyskakujesz po pieczywo, zakupy lub na pocztę dosłownie w kilka minut. Wieczorem wychodzisz na balkon i zamiast patrzeć w okna sąsiadów, masz przed sobą park, drzewa i otwartą przestrzeń. To rzadkie połączenie wygody dużego miasta z ciszą, zielenią i poczuciem oddechu. Najważniejsze atuty • 2 ustawne pokoje, w tym przestronny i słoneczny salon • Oddzielna, praktyczna garderoba/spiżarnia • Duża kuchnia z wygodnym aneksem jadalnym na podwyższeniu • Przestronna łazienka z wanną • Balkon z pięknym widokiem na zieleń • Schowek pod podestem jadalni • Jasny przedpokój wykończony w drewnie • Prywatna piwnica • Dodatkowa, dzielona wózkownia w klatce schodowej • Parking bezpośrednio przed blokiem • Ostatnie piętro — żadnych sąsiadów nad głową Lokalizacja łączy kameralny charakter z wygodnym dostępem do codziennej infrastruktury: • Stokrotka, Żabka i poczta znajdują się około 2 minut spacerem od mieszkania. • Przystanek końcowy autobusów znajduje się za blokiem, około 4 minut pieszo. • Parking jest bezpośrednio przed budynkiem. • Plac zabaw znajduje się za parkingiem, za schodkami, w niewielkiej odległości od bloku, ale na tyle oddalony, aby codzienna zabawa dzieci nie zakłócała spokoju mieszkańców. Obszerny Park Zawilcowa widoczny z balkonu tworzy naturalną barierę przed intensywną zabudową. Zdjęcia parku dostępne w ogłoszeniu. Prywatność i bezpieczeństwo Mieszkanie znajduje się na ostatnim, 4. piętrze, dzięki czemu nad głową nie ma żadnych sąsiadów. To większa prywatność, mniej odgłosów z góry i spokojniejszy rytm życia. To nie jest zwykłe mieszkanie. Dwa pokoje, oddzielna garderoba, duża kuchnia z jadalnią, schowek, piwnica, parking i wyjątkowy widok na zieleń tworzą zestaw cech, który trudno znaleźć w jednej ofercie.",tak,tak,osobna,plastikowe,własność,,51.260728,22.598292
Lublin,ul. Radości 5,3,60,549000,9150.0,Pośrednik,,26,https://adresowo.pl/o/mieszkanie-lublin-ul-radosci-3-pokojowe-b0b6k0,https://s2.adresowa.pl/oi/27/6e/405b6a_6c34_cover@2x-3-pokojowe-mieszkanie-lublin-ul-radosci.webp,Lublin ,Radości 5,2,1982.0,blok,,"Szukasz mieszkania dla rodziny, które łączy wygodną przestrzeń, funkcjonalny układ i dobrą lokalizację? Ta nieruchomość może być właśnie tym, czego szukasz. Na sprzedaż 3-pokojowe mieszkanie o powierzchni 60,30 m², położone na 2. piętrze przy ul. Radości 5 w Lublinie. To propozycja dla osób, które potrzebują większej przestrzeni do życia, a jednocześnie chcą korzystać z wygody miejskiej infrastruktury. Mieszkanie oferuje 3 ustawne pokoje, dzięki czemu z łatwością można wydzielić strefę dzienną oraz prywatną. To układ, który świetnie sprawdzi się zarówno dla rodziny z dziećmi, jak i dla pary potrzebującej dodatkowego pokoju na gabinet, pokój dziecka czy przestrzeń dla gości. Jednym z istotnych atutów mieszkania jest ogrzewanie oraz ciepła woda z sieci miejskiej. Oznacza to wygodę codziennego użytkowania i brak konieczności korzystania z piecyka gazowego do podgrzewania wody. Czynsz wynosi około 1000 zł miesięcznie. Dodatkową przestrzeń do przechowywania zapewnia przynależna do mieszkania piwnica o powierzchni około 3 m². Balkon to niewątpliwy atut mieszkania. To miejsce, które można wykorzystać na poranną kawę, kilka donic z roślinami czy wieczorny odpoczynek po pracy. Ul. Radości 5 to propozycja dla osób, które chcą mieszkać w Lublinie i jednocześnie mieć wygodny dostęp do najważniejszych punktów miasta. W okolicy znajduje się pełna infrastruktura potrzebna do codziennego życia – sklepy, punkty usługowe, szkoły, przedszkola oraz komunikacja miejska. Dobra lokalizacja sprawia, że mieszkanie będzie wygodne zarówno dla rodziny, jak i osób aktywnych zawodowo, które cenią sobie sprawny dojazd do pracy i łatwy dostęp do miejskich udogodnień. Najważniejsze informacje:- 60,30 m² - 3 pokoje - 2. piętro - balkon - piwnica ok. 3 m² - ogrzewanie miejskie - ciepła woda miejska - czynsz ok. 1000 zł - funkcjonalny układ - atrakcyjna propozycja dla rodziny Rozważasz kredytowanie tej nieruchomości? Współpracujemy z zaufanym i skutecznym doradcą kredytowym, który bez żadnych zobowiązań porówna oferty kredytowe w różnych bankach i pomoże znaleźć najkorzystniejsze finansowanie. Zapraszam na prezentację! Twój Agent – Tomasz Jurowicz",,,osobna,plastikowe,spółdzielcze własnościowe,,51.227523,22.53163
Lublin Sławin,ul. Rozmarynowa,3,61,549000,9000.0,Pośrednik,,18,https://adresowo.pl/o/mieszkanie-lublin-slawin-ul-rozmarynowa-3-pokojowe-n7l0v8,https://s2.adresowa.pl/oi/53/22/4052e2_bccb_cover@2x-3-pokojowe-mieszkanie-lublin-slawin-ul-rozmarynowa.webp,Lublin Sławin,Rozmarynowa,parter,2000.0,blok,,"***Tylko w Imperium Nieruchomości*** Prezentuję Państwu przytulne , rodzinne mieszkanie 3-pokojowe o powierzchni 61,96m², Lublin, Sławin, ul. Rozmarynowa. Informacje niezbędne dla kupującego: - Wysoki parter w 2-piętrowym bloku bez windy z 2000 roku, - Duży balkon ok 10m- piwnica 6,78m, kuchnia z oknem, otwarta na salon, - Nieruchomość wymaga kapitalnego remontu, własnej aranżacji według uznania nowego nabywcy, - Świetne mieszkanie dla rodziny, jeśli szukasz cichej i spokojnej okolicy ta nieruchomość jest właśnie dla Ciebie! - Blokiem zarządza wspólnota ADM Śródmieście,, czynsz ok 407zł przy 1 osobie, (przeprowadzony remont elewacji bloku 2024/2025r.), plus rachunki wg zużycia(prąd, gaz), ogrzewanie gazowe ma wiele plusów, nie mieszkasz, jesteś na wakacjach-to nie płacisz! - Odrębna własność z księgą wieczystą. - Na tyłach bloku znajduje się zadbany ogród do wspólnego użytku dla właścicieli. Okolica spokojna, z dala od zgiełku miasta, ale świetnie z nim skomunikowana, kilka minut pieszo pętla autobusowa- zbożowa. - W ogłoszeniu znajdziecie Państwo poglądowy rzut nieruchomości/rozkładu pomieszczeń. Nieruchomość składa się z następujących pomieszczeń: - Kuchnia ok 6,20m otwarta na salon (północny zachód, zdjęcie wizualizacja IA) - Salon ok 15,00m (zdjęcie wizualizacja IA) - Sypialnia ok 15,50m z dużym balkonem od strony południowo wschodniej, - Sypialnia ok 12m (zdjęcie wizualizacja IA) - Łazienka ok 8,40m, (istnieje możliwość wydzielenia osobnego wejścia do wc, zdjęcie wygenerowane przez IA) - Hall ok 4,86m wraz z szafą w zabudowie - Piwnica 6,78m - Balkon ok 10m W pobliżu: - sklepy: Lewiatan, Biedronka, Lidl, Stokrotka, Żabka, - żłobki, przedszkola, kościół, szkoła podstawowa, szpital, uczelnia, - fryzjer, kosmetyczka, kwiaciarnia, garmażerka, - dogodne połączenia MPK (w odległości 500m - pętla autobusowa zbożowa 02) Zapraszam na prezentację! Cena podlega negocjacji. Pomagam również w uzyskaniu kredytu hipotecznego!",tak,,aneks,plastikowe,własność,,51.277332,22.501107
Lublin Bazylianówka,ul. Mariańska,3,48,580000,12083.0,bez pośredników,,6,https://adresowo.pl/o/mieszkanie-lublin-bazylianowka-ul-marianska-3-pokojowe-u2t0d1,https://s2.adresowa.pl/oi/49/29/40e498_a2b7_cover@2x-3-pokojowe-mieszkanie-lublin-bazylianowka-ul-marianska.webp,Lublin Bazylianówka,Mariańska,3,1991.0,blok,,"Ustawne mieszkanie 48 m² z dużym balkonem – ul. Mariańska Sprzedam bezpośrednio komfortowe, 3 pokojowe mieszkanie o powierzchni 48 m², zlokalizowane przy ul. Mariańskiej 21. Lokalu nie obciążają prowizje biur nieruchomości – ogłoszenie prywatne! Lokalizacja i budynek. 3. piętro w niskim, 4-piętrowym bloku. Otoczenie: Spokojna okolica, przed budynkiem znajduje się ogólnodostępny parking . Mieszkanie jest w pełni przygotowane do zamieszkania lub pod wynajem. Sprzedaję je z kompletnym wyposażeniem widocznym na zdjęciach, w skład którego wchodzą sprzęty AGD oraz meble:Kuchnia i łazienka (AGD): lodówka Bosch, pralko-suszarka Haier, płyta grzewcza, zmywarka oraz piekarnik marki Leonard.Pokoje i przedpokój: pojemna, duża szafa Ikea, wygodna kanapa Ikea oraz mniejsza szafa wnękowa w przedpokoju. Balkon: Duży, rozciągający się na całą długość pokoju dziennego – idealne miejsce na relaks. Brak windy. Piwnica Pośrednikom i biurom nieruchomości na razie dziękuję – proszę nie dzwonić.",tak,,aneks,plastikowe,własność,"Wyposażenie: lodówka, piekarnik, suszarka, zmywarka",51.268611,22.574445
Lublin Dziesiąta,ul. Jacka Przybylskiego,2,31,280000,9032.0,bez pośredników,,8,https://adresowo.pl/o/mieszkanie-lublin-dziesiata-ul-jacka-przybylskiego-2-pokojowe-d7w9w6,https://s2.adresowa.pl/oi/75/1f/40dfae_5be3_cover@2x-2-pokojowe-mieszkanie-lublin-dziesiata-ul-jacka-przybylskiego.webp,Lublin Dziesiąta,Jacka Przybylskiego,parter,,blok,,"Witam, Sprzedam mieszkanie na parterze przy ulicy Jacka Przybylskiego. Mieszkanie 2 pokojowe z przechodnim pokojem. Do mieszkania przynależy duża piwnica. Cena do rozsądnej negocjacji po oględzinach. Pośrednikom i biurom nieruchomości dziękuję. Sprzedaż bezpośrednia. Kontakt wyłącznie telefoniczny. Nie odpowiadam na wiadomości.",tak,,,,,,51.214742,22.574791
Lublin Czechów Dolny,ul. Niccolo Paganiniego,3,60,599000,9983.0,bez pośredników,,19,https://adresowo.pl/o/mieszkanie-lublin-czechow-dolny-ul-niccolo-paganiniego-3-pokojowe-t1o0d0,https://s2.adresowa.pl/oi/62/79/40dddc_c572_cover@2x-3-pokojowe-mieszkanie-lublin-czechow-dolny-ul-niccolo-paganiniego.webp,Lublin Czechów Dolny,Niccolo Paganiniego,10,1981.0,blok,,"Witam, Oferuję do sprzedaży bardzo przestronne mieszkanie o powierzchni 60,4 m2 na dolnym Czechowie przy ulicy Paganiniego. Do dyspozycji są 3 pokoje o powierzchni około 8, 12 i 22 metrów kwadratowych. Pokoje nie są przechodnie i posiadają, podobnie jak łazienka i ubikacja, solidne drzwi z litego sosnowego drewna. Mieszkanie posiada nowe okna, wyremontowany balkon z terakotą i solidne drzwi antywłamaniowe. Salon oraz jedna sypialnia jest świeżo pomalowana. Pozostałe pomieszczenia wymagają ewentualnie lekkiego odświeżenia. Cała instalacja elektryczna w mieszkaniu została zmieniona na miedzianą. Wyposażenie kuchni, łazienki, toalety ma około 9 lat i nie wymaga nakładów finansowych. Lokalizacja zapewnia świetny dostęp zarówno do centrum (10-15 minut spacerem do zamku lub na deptak), lubelskich urzędów (5 minut spacerem) jak też np. lubelskich szpitali (10-15 minut spacerem w okolice Staszica lub Jaczewskiego). Dodatkowo w pobliżu mamy szkołę, przedszkole oraz sklepy. Plusem jest również fakt, iż mieszkanie jest częściowo umeblowane i jest praktycznie gotowe do zamieszkania. W cenie piwnica oraz udział z sąsiadem w wózkowni na półpiętrze. Pośrednikom i biurom nieruchomości z góry podziękuję.",tak,,,plastikowe,własność,,51.257923,22.551901
Lublin,ul. Różana,2,39,455000,11667.0,Pośrednik,,5,https://adresowo.pl/o/mieszkanie-lublin-ul-rozana-2-pokojowe-q7d7m0,https://s2.adresowa.pl/oi/46/74/4052c2_6cf3_cover@2x-2-pokojowe-mieszkanie-lublin-ul-rozana.webp,Lublin ,Różana,2,2004.0,apartamentowiec,,"Oferujemy do sprzedaży mieszkanie w nowej inwestycji na Czubach ul. Różana Płatność w transzach rozłożona na kilka rat kwartalnych. Przestronny balkon o powierzchni ok 9 mkw. Okna usytuowane od północy i od wschodu. Powierzchnia mieszkania ok 40 mkw mkw, składa się z: - pokoju z aneksem kuchennym o powierzchni ok 21,74 mkw - sypialni 11,32 mkw - łazienka z WC 3,55 mkw - przedpokój 5,04 mkw Brak piecyków gazowych. Ogrzewanie miejskie. Mieszkania położone na 2 piętrze w 7 piętrowym budynku z windą zjeżdżającą do poziomu -1. Do mieszkania przynależy piwnica w cenie 10 tys zł. Dodatkowo płatne miejsce parkingowe ok 12,5 mkw w garażu podziemnym w cenie 60 tyś zł. Ogrzewanie podłogowe w mieszkaniu. Planowane zakończenie budowy 2 kwartał 2027 rok. Potrzebujesz wsparcia w zakresie uzyskania kredytu - oferujemy bezpłatne porady specjalistów. Chcesz połączyć zakup nowej nieruchomości ze sprzedażą obecnej? Pomożemy, skontaktuj się z Nami. Z Naszym Biurem oszczędzisz czas i pieniądze! Będziemy z Tobą na każdym etapie transakcji od wyboru mieszkania, aż do finansowania i odbioru lokalu! Posiadamy w ofercie podobne nieruchomości, mamy dostęp do dużej bazy ofert nieruchomości na terenie Lublina i okolic. Zapraszam do obejrzenia mieszkania, zadzwoń i umów się na bezpłatne spotkanie! Szanowni Państwo, nasze biuro zawsze dąży do tego, aby informacje zawarte w ofertach były jak najbardziej dokładne i aktualne. Warto jednak mieć na uwadze fakt, że opis oferty przygotowywany na podstawie oględzin nieruchomości oraz informacji uzyskanych od właściciela, może podlegać aktualizacji i nie stanowi oferty w rozumieniu Kodeksu Cywilnego.",tak,tak,,plastikowe,,,51.231941,22.517141
Lublin,ul. Teodora Leszetyckiego,3,58,609000,10500.0,Pośrednik,,13,https://adresowo.pl/o/mieszkanie-lublin-ul-teodora-leszetyckiego-3-pokojowe-y4v8t6,https://s2.adresowa.pl/oi/2c/57/4051c4_352f_cover@2x-3-pokojowe-mieszkanie-lublin-ul-teodora-leszetyckiego.webp,Lublin ,Teodora Leszetyckiego,4,1981.0,blok,,"Oferujemy do sprzedania atrakcyjne 3 pokojowe mieszkanie idealne dla rodziny. BLOK Z WINDĄ ORAZ Z WINDĄ I PLATFORMĄ SCHODOWĄ DLA NIEPEŁNOSPRAWNYCH. Sprzedaż z pełnym umeblowaniem. Powierzchnia o powierzchni 58,55 mkw dodatkowo duża piwnica 6,75 mkw. Świetna lokalizacja- Czechów os Paderewskiego, blisko szkoła, przedszkole, punkty handlowo-usługowe, bezpieczna okolica, blisko przystanek MPK. Mieszkanie usytuowane na 4 piętrze w budynku z nową windą. Mieszkanie składa się z: salonu o powierzchni około 21 mkw z wyjściem na balkon od zachodniej strony oddzielnej sypialni o powierzchni około 12 mkw oddzielnej sypialni o powierzchni około 10 mkw przestronny przedpokój łazienki z kabina prysznicową oddzielna toaleta W pokojach na podłodze ładny parkiet ułożony w jodełkę. w kuchni terakota. W przedpokoju sufit podwieszany z oświetleniem, ściany wykończone ładnymi tapetami, jedna ze ścian wykończona imitacją białej cegły. W pomieszczeniu znajduje się pojemna, nowoczesna szafa w zabudowie z lustrzanymi drzwiami i z dodatkowym miejscem na zabudowę po drugiej stronie przedpokoju. Na podłodze panele. Kilka lat temu zostały wymienione instalacje, nowe okna pcv, nowe drzwi wewnętrzne, drzwi wejściowe antywłamaniowe. Ładnie zaaranżowana łazienka wyposażona w kabinę prysznicową, umywalka z pojemnymi szafkami podblatowymi. Meble kuchenne oraz sprzęt AGD pozostaje w cenie mieszkania (kuchenka, okap, lodówka). Mieszkanie dwustronne, narożne. Ogrzewanie i ciepła woda z sieci miejskiej, brak piecyków gazowych, obecny czynsz wynosi około 800 zł, w czynszu zaliczki na wodę ciepła, zimną, ogrzewanie gaz ryczałt itd. Do mieszkania przynależy prawie 7 mkw piwnica. Blok z elewacja po remoncie i ociepleniu. Przed blokiem duży parking. Sąsiedzi bezkonfliktowi. ******************************************************************************************* Potrzebujesz wsparcia w zakresie uzyskania kredytu - oferujemy bezpłatne porady specjalistów. Chcesz połączyć zakup nowej nieruchomości ze sprzedażą obecnej? Pomożemy, skontaktuj się z Nami. Z Naszym Biurem oszczędzisz czas i pieniądze! Będziemy z Tobą na każdym etapie transakcji od wyboru mieszkania, aż do finansowania i odbioru lokalu! Posiadamy w ofercie podobne nieruchomości, mamy dostęp do dużej bazy ofert nieruchomości na terenie Lublina i okolic. Zapraszam do obejrzenia mieszkania, zadzwoń i umów się na bezpłatne spotkanie! Szanowni Państwo, nasze biuro zawsze dąży do tego, aby informacje zawarte w ofertach były jak najbardziej dokładne i aktualne. Warto jednak mieć na uwadze fakt, że opis oferty przygotowywany na podstawie oględzin nieruchomości oraz informacji uzyskanych od właściciela, może podlegać aktualizacji i nie stanowi oferty w rozumieniu Kodeksu Cywilnego.",tak,,,plastikowe,własność,"Wyposażenie: kuchenka, lodówka",51.275599,22.553478
Lublin LSM,ul. Wajdeloty 18,2,38,410000,10789.0,bez pośredników,,14,https://adresowo.pl/o/mieszkanie-lublin-lsm-ul-wajdeloty-2-pokojowe-b6g0u6,https://s2.adresowa.pl/oi/35/2b/40dd02_b580_cover@2x-2-pokojowe-mieszkanie-lublin-lsm-ul-wajdeloty.webp,Lublin LSM,Wajdeloty 18,parter,1963.0,blok,,"Oferuję na sprzedaż prywatnie 2 pokojowe mieszkanie o powierzchni 38,40 m² na parterze w 3 piętrowym bloku. Mieszkanie jest częściowo umeblowane, po generalnym remoncie w 2015r. Okna plastikowe, drzwi antywłamaniowe Gerda. Do mieszkania przynależy piwnica. Parking ogólnodostępny. Spółdzielcze-własnościowe z księgą wieczystą. Cena 410.000zł. Sprzedaje prywatnie-Agencjom i pośrednikom dziękuję.",tak,,osobna,,spółdzielcze własnościowe,,51.2417,22.520284
Lublin Dziesiąta,ul. Nowy Świat,3,64,569000,8891.0,bez pośredników,,17,https://adresowo.pl/o/mieszkanie-lublin-dziesiata-ul-nowy-swiat-3-pokojowe-p3t6o4,https://s2.adresowa.pl/oi/66/32/40dc46_70d9_cover@2x-3-pokojowe-mieszkanie-lublin-dziesiata-ul-nowy-swiat.webp,Lublin Dziesiąta,Nowy Świat,parter,1959.0,blok,,"Na sprzedaż przestronne i funkcjonalne, 3-pokojowe mieszkanie o powierzchni 64,88 m², położone na parterze kameralnego budynku wielorodzinnego. To propozycja przede wszystkim dla osób, które szukają mieszkania o wygodnym, klasycznym układzie: trzy niezależne pokoje, oddzielna kuchnia, osobna łazienka i WC oraz duży przedpokój. Do mieszkania przynależy dodatkowo wyjątkowo duża piwnica o powierzchni 11,27 m² i garaż. Dużym atutem nieruchomości jest jej położenie na parterze oraz lokalizacja mieszkania w środkowej części budynku. UKŁAD MIESZKANIA Na powierzchnię 64,88 m² składają się: - pokój 1 - 12,92 m² - pokój 2 - 13,72 m² - pokój 3 - 17,16 m² - oddzielna kuchnia - 8,70 m² - przedpokój - 8,17 m² - łazienka - 2,74 m² - oddzielne WC - 1,47 m² Układ mieszkania jest bardzo praktyczny do każdego z trzech pokoi prowadzi niezależne wejście, dzięki czemu nie ma pomieszczeń przechodnich. Pozwala to wygodnie zaaranżować mieszkanie dla rodziny, pary potrzebującej dodatkowego gabinetu albo pod wynajem. Kuchnia stanowi osobne pomieszczenie, co będzie zaletą dla osób, które nie chcą łączyć części kuchennej z salonem. Oddzielenie łazienki od WC również poprawia komfort codziennego użytkowania, szczególnie przy większej liczbie domowników. STAN MIESZKANIA Mieszkanie jest zadbane i nadaje się do zamieszkania, natomiast jego standard oraz stylistyka odpowiadają wcześniejszym trendom wykończeniowym. Dla kupującego oznacza to możliwość korzystania z lokalu od początku i jednocześnie przeprowadzenia modernizacji w wybranym przez siebie zakresie. Nie przedstawiam nieruchomości jako mieszkania po generalnym remoncie zdjęcia pokazują jego rzeczywisty stan. To dobra baza dla osoby, która woli samodzielnie zdecydować o docelowym wystroju zamiast płacić wyższą cenę za remont wykonany według gustu poprzedniego właściciela. PIWNICA - 11,27 M² Do mieszkania przynależy piwnica nr 10 o powierzchni aż 11,27 m². Przy dzisiejszym budownictwie tak duże pomieszczenie przynależne jest rzadkością. Zapewnia dużo dodatkowego miejsca na rowery, sprzęt sportowy, narzędzia, wyposażenie sezonowe czy rzeczy, których nie chcemy przechowywać w mieszkaniu. Łączna powierzchnia mieszkania i przynależnej piwnicy wynosi 76,15 m². GARAŻ Wraz z nieruchomością dostępny jest również garaż blaszany, znajdujący się w zespole garaży przy budynku, na gruncie spółdzielni użytkowanym na podstawie umowy dzierżawy. To istotne udogodnienie w tej części miasta. Samochód można pozostawić bezpośrednio przy miejscu zamieszkania, a sam garaż daje również dodatkową przestrzeń do przechowywania. BUDYNEK I OTOCZENIE Mieszkanie znajduje się w dwuklatkowym budynku wielorodzinnym z 1959 roku, wykonanym w tradycyjnej technologii murowanej z cegły i pustaków. Budynek jest całkowicie podpiwniczony. Wokół budynku znajduje się dużo zieleni. Bezpośrednie otoczenie jest zagospodarowane, są ławki oraz miejsce ze stołem i zadaszoną drewnianą altaną, z którego mogą korzystać mieszkańcy. Zdjęcia zamieszczone w ogłoszeniu pokazują faktyczne otoczenie nieruchomości. Cała posesja, w której skład wchodzą dwa budynki mieszkalne jest ogrodzona i całodobowo monitorowana. Przy budynku znajdują się również miejsca wykorzystywane do parkowania samochodów. NAJWAŻNIEJSZE INFORMACJE - Powierzchnia mieszkania: 64,88 m² - Liczba pokoi: 3 - Piętro: parter - Kuchnia: oddzielna - Łazienka i WC: osobno - Piwnica: 11,27 m² - Rok budowy: ok. 1959 - Technologia: tradycyjna, cegła/pustak - Ogrzewanie: centralne - Cena: 569 000 zł Cena mieszkania odpowiada około 8 770 zł/m² powierzchni mieszkalnej, bez doliczania ponad 11-metrowej piwnicy do powierzchni przyjmowanej do wyliczenia ceny za metr. W cenie jest również zawarty garaż. DLA KOGO? Nieruchomość szczególnie dobrze sprawdzi się jako mieszkanie rodzinne, trzy niezależne pokoje pozwalają wydzielić salon oraz dwie sypialnie, a osobna kuchnia pozostawia pełną powierzchnię pokoi do wykorzystania. To również interesująca propozycja dla inwestora. Niezależne pokoje, parter i funkcjonalny układ dają możliwość przygotowania mieszkania pod wynajem bez konieczności tworzenia pokoi przechodnich. Atutem dla osób starszych lub mających trudności z poruszaniem się będzie natomiast położenie na parterze. Sprzedaż bezpośrednia. Zapraszam do kontaktu oraz umówienia terminu prezentacji mieszkania. Chętnie udzielę dodatkowych informacji i odpowiem na pytania dotyczące nieruchomości.",tak,tak,osobna,plastikowe,własność,,51.22587,22.564568
Lublin Tatary,ul. Hutnicza 8,3,46,370000,8043.0,bez pośredników,,9,https://adresowo.pl/o/mieszkanie-lublin-tatary-ul-hutnicza-3-pokojowe-i8j8o8,https://s2.adresowa.pl/oi/20/64/40db0e_c252_cover@2x-3-pokojowe-mieszkanie-lublin-tatary-ul-hutnicza.webp,Lublin Tatary,Hutnicza 8,2,1966.0,blok,,"BLOK MAŁY TRZYKLATKOWY DRUGIE PIĘTRO TEREN WOKÓŁ ZILELONY BLISKO SZKOŁA ,PRZEDSZKOLE, SKLEPY CENTRA HANDLOWE ,SPOKOJNI SĄSIEDZI, ŁAZIENKA Z WC ODDZIELNA KUCHNIA ,TRZY POKOJE ,PRZEDPOKÓJ,PARKIET W POKOJACH.",tak,,osobna,plastikowe,własność,,51.244157,22.594399
Lublin,Węglin,2,50,560000,11200.0,Pośrednik,,9,https://adresowo.pl/o/mieszkanie-lublin-weglin-2-pokojowe-50-m2-a4x0u7,https://s2.adresowa.pl/oi/26/40/4051b2_f6a8_cover@2x-2-pokojowe-mieszkanie-lublin-weglin.webp,Lublin Węglin,,3,2015.0,blok,,"Do sprzedania mieszkanie 2-pokojowe, o powierzchni ok 50,37 mkw. Świetna lokalizacja- Węglin, bezpieczna okolica, blisko przystanek MPK, sklepy, szkoła. Mieszkanie usytuowane na 3 piętrze budynku z windą, blok z około 2015 roku. Mieszkanie składa się z: salonu o powierzchni 17,72 mkw wyjściem na duży, około 6 mkw balkon od zachodniej strony, kuchni półotwartej na salon, widnej z możliwością jej całkowitego wydzielenia o powierzchni 7,25 mkw oddzielnej sypialni o powierzchni około 11 mkw przestronny przedpokój łazienki razem z WC o powierzchni 3,37 mkw garderoby o powierzchni 1,5 mkw W pokojach na podłodze panele, w kuchni i przedpokoju terakota Na ściany - gładź gipsowa. Łazienka wyposażona w narożną wannę. Meble kuchenne oraz sprzęt AGD pozostaje w cenie mieszkania ( piekarnik, zmywarka, okap, lodówka). Istnieje możliwość pozostawienia umeblowania w cenie. Ogrzewanie i ciepła woda z sieci miejskiej, brak piecyków gazowych, obecny czynsz wynosi około 620 zł. Co rocznie są zwroty z ogrzewania. Zamontowana klimatyzacja w salonie. Do mieszkania przynależy piwnica ok 4,4 mkw. Mozliwość zakupu miejsca parkingowego w garazowisku w cenie 60 tys zł Przy bloku parking za szlabanem dla mieszkańców. Potrzebujesz wsparcia w zakresie uzyskania kredytu - oferujemy bezpłatne porady specjalistów. Chcesz połączyć zakup nowej nieruchomości ze sprzedażą obecnej? Pomożemy, skontaktuj się z Nami. Z Naszym Biurem oszczędzisz czas i pieniądze! Będziemy z Tobą na każdym etapie transakcji od wyboru mieszkania, aż do finansowania i odbioru lokalu! Posiadamy w ofercie podobne nieruchomości, mamy dostęp do dużej bazy ofert nieruchomości na terenie Lublina i okolic. Zapraszam do obejrzenia mieszkania, zadzwoń i umów się na bezpłatne spotkanie! Szanowni Państwo, nasze biuro zawsze dąży do tego, aby informacje zawarte w ofertach były jak najbardziej dokładne i aktualne. Warto jednak mieć na uwadze fakt, że opis oferty przygotowywany na podstawie oględzin nieruchomości oraz informacji uzyskanych od właściciela, może podlegać aktualizacji i nie stanowi oferty w rozumieniu Kodeksu Cywilnego.",tak,tak,,plastikowe,własność,"Wyposażenie: klimatyzacja, lodówka, piekarnik, zmywarka",51.223999,22.487
Lublin,Sławinek,3,88,1150000,13068.0,Pośrednik,,17,https://adresowo.pl/o/mieszkanie-lublin-slawinek-3-pokojowe-88-m2-r5y6g9,https://s2.adresowa.pl/oi/25/28/4051a8_7a0e_cover@2x-3-pokojowe-mieszkanie-lublin-slawinek.webp,Lublin Sławinek,,parter,2013.0,blok,,"ATRAKCYJNE, pięknie wykończone mieszkanie położone na Sławinku II Górka Kameralny budynek z około 2012 roku, remont 2024 rok Tylko jedno mieszkanie na piętrze, dwa w klatce. Lokal ma duże okna na 3 strony świata, usytuowany jest od strony salonu na parterze a od strony sypialni i kuchni na wysokości piętra. Do wyłącznej dyspozycji ładnie zagospodarowany ogródek ponad 150 mkw, z częścią wypoczynkową, rekreacyjną, dużo nasadzeń, wysokie tuje wzdłuż granicy działki gwarantują prywatność. Całkowita powierzchnia mieszkania wynosi około 88,4 mkw Do mieszkania przynależy piwnica ok 4,6 mkw Składa się z: -otwartej przestrzeni a w niej część wypoczynkowa, część jadalniana, aneks kuchenny - oddziela sypialnia główna z garderoba o pow. ok 17 mkw - oddzielna sypialnia ok 15,4 mkw - łazienka ok 5,8 mkw Mieszkanie wykończone i urządzone w wysokim standardzie. Podłogi - wysokiej jakości panele. Okna pcv. W przedpokoju pojemne szafy w zabudowie na wymiar, fronty fornirowane, szafki zamontowane na stałe w salonie również fronty fornirowane. W salonie rolety rzymskie sterowane elektrycznie. Duży schowek w przedpokoju obok łazienki, który mieści pralkę, odkurzacz itd. Kuchnia w nowoczesnej antracytowej kolorystyce, dużo szuflad, cały sprzęt w zabudowie marki Bosch, Whirlpool, wysokiej jakości bateria kuchenna, chowana w blat. Witryna z podświetleniem ze szkła wykonana na indywidualne zamówienie. W kuchni zamontowane rolety bambusowe, niespotykany, szklany parapet na zamówienie. Łazienka z kabiną typu walk-in ""wtapianą"" w posadzkę, odpływ liniowy, umywalka nablatowa, blat kwarcyt, armatura podtynkowa Grohe, ładnie schowany piec gazowy z miejscem do przechowywania, nowoczesny dekoracyjny grzejnik. Główna sypialnia po kapitalnym remoncie w 2024 roku, wykonano ścianę w panele tapicerowane, wykonano gniazdka, USB, oświetlenie nocne. Drewniane łóżko szerokości 200 cm, drewniana komoda, szklane szafki-witryny na zamówienie, garderoba ze szklanymi drzwiami. Wszystko wykonane w najwyższej jakości i z najwyżej jakości materiałów. Klimatyzacja zamontowana w salonie. Oświetlenie w mieszkaniu pozostaje na wyposażeniu, zakupione w ekskluzywnym salonie oświetlenia, plafony wykonane z forniru. Mieszkanie jasne, przestronne z dużymi możliwościami aranżacji. Pierwotnie wydzielona była jeszcze jedna sypialnia, można przywrócić ten rozkład. Mieszkanie bezczynszowe. Opłacasz tylko zużyte media. Ogrzewanie i ciepła woda z pieca dwufunkcyjnego gazowego. Do mieszkania przynależą 2 duże miejsca parkingowe w garażu w cenie 75 tys zł każde. W mieszkaniu zamontowany system alarmowy, blok monitorowany, cicha i spokojna okolica. Zamieszkaj w miejscu, które pozwoli Ci cieszyć się równocześnie bliskością miasta i urokami przyrody. To idealne miejsce dla rodzin, które poszukują nowoczesnego apartamentu w spokojnej i dobrze skomunikowanej lokalizacji. Potrzebujesz wsparcia w zakresie uzyskania kredytu - oferujemy bezpłatne porady specjalistów. Chcesz połączyć zakup nowej nieruchomości ze sprzedażą obecnej? Pomożemy, skontaktuj się z Nami. Z Naszym Biurem oszczędzisz czas i pieniądze! Będziemy z Tobą na każdym etapie transakcji od wyboru mieszkania, aż do finansowania i odbioru lokalu! Posiadamy w ofercie podobne nieruchomości, mamy dostęp do dużej bazy ofert nieruchomości na terenie Lublina i okolic. Zapraszam do obejrzenia mieszkania, zadzwoń i umów się na bezpłatne spotkanie! Szanowni Państwo, nasze biuro zawsze dąży do tego, aby informacje zawarte w ofertach były jak najbardziej dokładne i aktualne. Warto jednak mieć na uwadze fakt, że opis oferty przygotowywany na podstawie oględzin nieruchomości oraz informacji uzyskanych od właściciela, może podlegać aktualizacji i nie stanowi oferty w rozumieniu Kodeksu Cywilnego.",tak,tak,,plastikowe,własność,"Wyposażenie: klimatyzacja, pralkę",51.252998,22.518999
Lublin LSM,ul. Balladyny,3,55,440000,8000.0,bez pośredników,,7,https://adresowo.pl/o/mieszkanie-lublin-lsm-ul-balladyny-3-pokojowe-y8o1a6,https://s2.adresowa.pl/oi/15/55/40db20_a3af_cover@2x-3-pokojowe-mieszkanie-lublin-lsm-ul-balladyny.webp,Lublin LSM,Balladyny,4,1974.0,blok,,"Ogłoszenie wystawione grzecznościowo, nie odpisuję na wiadomości, proszę o kontakt telefoniczny. Na sprzedaż 3-pokojowe mieszkanie w Lublinie przy ul. Balladyny. Mieszkanie ma 55,1 m2 i jest zlokalizowane na 4 piętrze bez windy. Stan mieszkania - do remontu. Brak obciążeń w księdze wieczystej.",,,,,,,51.246198,22.521122
Lublin Węglin,ul. Koralowa,2,56,790000,14107.0,bez pośredników,,8,https://adresowo.pl/o/mieszkanie-lublin-weglin-ul-koralowa-2-pokojowe-u5w3a2,https://s2.adresowa.pl/oi/2f/26/40d98e_fed0_cover@2x-2-pokojowe-mieszkanie-lublin-weglin-ul-koralowa.webp,Lublin Węglin,Koralowa,parter,2013.0,blok,,"Na sprzedaż komfortowe i bardzo zadbane mieszkanie położone na parterze przy ul. Koralowej w Lublinie. Największym atutem nieruchomości jest pięknie zagospodarowany ogródek o powierzchni ok. 65 m². Zadbany trawnik, starannie dobrane nasadzenia oraz taras tworzą spójną, zieloną przestrzeń, która już od wejścia pozwala poczuć wyjątkowy klimat tego miejsca. Z salonu prowadzi bezpośrednie wyjście na taras i do ogródka, dzięki czemu w cieplejszych miesiącach staje się on naturalnym przedłużeniem przestrzeni mieszkania - idealnym miejscem na poranną kawę, odpoczynek czy spotkania z rodziną i przyjaciółmi. Przemyślany układ i wysoki standard. Mieszkanie ma 52 m² i składa się z: - przestronnego salonu z kuchnią i częścią jadalnianą, - sypialni, - garderoby, - łazienki z WC, - przedpokoju. Do mieszkania przynależy komórka lokatorska o powierzchni 3,56 m², dzięki czemu łączna powierzchnia mieszkania wraz z pomieszczeniem przynależnym wynosi 56 m². Mieszkanie zostało wykończone z dużą dbałością o jakość i szczegóły. W 2023 roku wykonano remont, a liczne zabudowy zostały wykonane na wymiar. Przy wykańczaniu mieszkania nie oszczędzano na materiałach ani rozwiązaniach, które mają służyć przez lata. Na szczególną uwagę zasługują trzyszybowe okna oraz podłogi wykonane z deski wielowarstwowej. W cenie pozostają meble w zabudowie oraz sprzęt AGD: - zmywarka Hotpoint Ariston, - lodówka Whirlpool, - płyta indukcyjna Whirlpool, - piekarnik Samsung. W łazience zastosowano armaturę Villeroy &amp; Boch. Mieszkanie nie wymaga remontu - można w nim komfortowo zamieszkać od razu. Cisza, prywatność i komfort przez cały rok. Mieszkanie posiada wschodnią ekspozycję, dzięki czemu jest przyjemnie doświetlone, a w upalne dni nie nagrzewa się nadmiernie. W połączeniu z zacisznym ogrodem tworzy to bardzo dobre warunki do wypoczynku również w cieplejszych miesiącach. Dużym atutem jest również położenie mieszkania - okna nie wychodzą ani na ulicę, ani bezpośrednio na wejście do klatki schodowej. Dzięki temu jest tu naprawdę cicho i spokojnie, a ogród zapewnia dodatkową prywatność. To propozycja dla osób, które chcą mieszkać w mieście, ale jednocześnie cenią ciszę, zieleń i własną przestrzeń do odpoczynku. Budynek i opłaty. Budynek jest wyposażony w windę. Mieszkanie posiada ogrzewanie miejskie. Dodatkowo: światłowód, monitoring, alarm, domofon, trzyszybowe okna. Czynsz: ok. 600 zł, w tym zaliczki na CO, wodę ciepłą i zimną, fundusz remontowy oraz pozostałe opłaty administracyjne. Dla gości dostępne są pod budynkiem miejsca postojowe zabezpieczone zamykanymi blokadami. Miejsce postojowe. Do mieszkania można dokupić miejsce postojowe w garażu podziemnym. Sprzedaż bezpośrednio od właściciela. Biurom nieruchomości dziękuję.",tak,tak,,,własność,"Wyposażenie: lodówka, piekarnik, zmywarka",51.222992,22.485621
Lublin Ponikwoda,ul. Daliowa,2,36,543000,15083.0,bez pośredników,,13,https://adresowo.pl/o/mieszkanie-lublin-ponikwoda-ul-daliowa-2-pokojowe-u1y5g0,https://s2.adresowa.pl/oi/11/1d/40d588_ce4e_cover@2x-2-pokojowe-mieszkanie-lublin-ponikwoda-ul-daliowa.webp,Lublin Ponikwoda,Daliowa,3,2026.0,blok,,"Sprzedam wykończone, nowe mieszkanie na dzielnicy Ponikwoda, przy ul. Daliowej 19. Tylko 3 km od Uniwersytetu Medycznego. Mieszkanie o powierzchni ponad 36 m², z wygodnym miejscem postojowym w garażu oraz prawie 3 m² komórką lokatorską. Kuchnia wyposażona w lodówkę w zabudowie, zmywarkę, piekarnik z funkcją mikrofali, płytę indukcyjną oraz okap. Wszystko nowe, na gwarancji. W przedpokoju duża szafa. W łazience dużo miejsc do przechowywania. Mieszkanie mieści się na trzecim, najwyższym piętrze. Blok oddany do użytkowania w 2026 r., wyposażony w windę. Balkon na stronę wschodnio-południową. Cena miejsca w garażu 45 tys. zł i komórki lokatorskiej 12 tys. zł. KUPUJĄCY NIE PŁACI PODATKU PCC ANI PROWIZJI BIURA. Sprzedaję bezpośrednio. Marta",tak,tak,,plastikowe,własność,"Wyposażenie: lodówkę, piekarnik, zmywarkę",51.275065,22.592023
Lublin,Śródmieście,2,45,393000,8733.0,Pośrednik,,20,https://adresowo.pl/o/mieszkanie-lublin-srodmiescie-2-pokojowe-45-m2-q7a3a0,https://s2.adresowa.pl/oi/5f/36/4051a2_7ac1_cover@2x-2-pokojowe-mieszkanie-lublin-srodmiescie.webp,Lublin Śródmieście,,4,1960.0,blok,,"BLISKO MIASTECZKO AKADEMICKIE, IDEALNE DLA STUDENTA LUB POD WYNAJEM Balkon na szerokość mieszkania. Oferujemy do sprzedania mieszkanie DWUPOKOJOWE usytuowane na 4 piętrze niskiego bloku (nad mieszkaniem jest jeszcze kondygnacja z pomieszczeniami na strychu) Blok porządnie zbudowany z cegły, dodatkowo po odnowieniu elewacji. Świeżo po remoncie klatka schodowa. Mieszkanie składa się z: - przestronnego pokoju około 25 mkw z balkonem - sypialni o powierzchni ok 10 mkw (wcześniej była tu kuchnia, więc są przyłącza, które można odtworzyć) - aneksu kuchennego usytuowanego w przedpokoju - przedpokoju - łazienki wraz z wc o powierzchni około 3,2 mkw W mieszkaniu wymienione zostały kilka lat temu drzwi wejściowe, drzwi wewnętrzne, okna. Na podłodze mozaika parkietowa w salonie, panele w sypialni. Ogrzewanie z sieci LPEC (ryczałt), woda zimna ryczałt, woda ciepła z piecyka gazowego. Możliwość korzystania z piwnicy oraz ze strychu. Czynsz około 640 zł (ogrzewanie ryczałt, woda ryczałt, śmieci, fundusz remontowy itd) Czysta klatka schodowa. Spokojni i mili sąsiedzi. Mieszkanie mimo usytuowania w centrum jest ciche a teren koło budynku jest ładnie zagospodarowany zielenią. Mieszkanie w atrakcyjnej lokalizacji Centrum i blisko Miasteczka Akademickiego",tak,,,,własność,,51.247002,22.556
Lublin Węglin,ul. Jemiołuszki,3,51,559000,10961.0,Pośrednik,,9,https://adresowo.pl/o/mieszkanie-lublin-weglin-ul-jemioluszki-3-pokojowe-x2d3s9,https://s2.adresowa.pl/oi/3b/59/405198_f3a6_cover@2x-3-pokojowe-mieszkanie-lublin-weglin-ul-jemioluszki.webp,Lublin Węglin,Jemiołuszki,3,2026.0,blok,,"Oferujemy do sprzedaży mieszkanie w nowej inwestycji na Węglinie ul. Jemiołuszki Dostępne również inne metraże i rozkłady. Mieszkanie - 3 pokoje z aneksem kuchennym. Mieszkanie usytuowane od wschodu i południa. Duzy około 11 mkw balkon z wyjściem z dwóch stron. Powierzchnia mieszkania ok 51,85 mkw, składa się z: - salonu z aneksem kuchennym o powierzchni około 18 mkw - sypialni około 12 mkw - sypialni około 10 mkw - łazienka z WC około 4 mkw - przedpokój Brak piecyków gazowych. Ogrzewanie miejskie. Mieszkania położone na 3 piętrze w 3 piętrowym budynku z windą zjeżdżającą do poziomu -1. Do mieszkania przynależy piwnica ok 2,78 mkw w cenie 5 tys zł. Dodatkowo płatne miejsce parkingowe ok 12,5 w garażu podziemnym w cenie 55 tyś zł. Mieszkanie gotowe do wykończenia. Potrzebujesz wsparcia w zakresie uzyskania kredytu - oferujemy bezpłatne porady specjalistów. Chcesz połączyć zakup nowej nieruchomości ze sprzedażą obecnej? Pomożemy, skontaktuj się z Nami. Z Naszym Biurem oszczędzisz czas i pieniądze! Będziemy z Tobą na każdym etapie transakcji od wyboru mieszkania, aż do finansowania i odbioru lokalu! Posiadamy w ofercie podobne nieruchomości, mamy dostęp do dużej bazy ofert nieruchomości na terenie Lublina i okolic. Zapraszam do obejrzenia mieszkania, zadzwoń i umów się na bezpłatne spotkanie! Szanowni Państwo, nasze biuro zawsze dąży do tego, aby informacje zawarte w ofertach były jak najbardziej dokładne i aktualne. Warto jednak mieć na uwadze fakt, że opis oferty przygotowywany na podstawie oględzin nieruchomości oraz informacji uzyskanych od właściciela, może podlegać aktualizacji i nie stanowi oferty w rozumieniu Kodeksu Cywilnego.",tak,tak,,plastikowe,,,51.220502,22.478813
Lublin Ponikwoda,ul. Konrada Bielskiego,3,71,750000,10563.0,bez pośredników,,8,https://adresowo.pl/o/mieszkanie-lublin-ponikwoda-ul-konrada-bielskiego-3-pokojowe-j2o4i6,https://s2.adresowa.pl/oi/2e/1b/40d526_90ec_cover@2x-3-pokojowe-mieszkanie-lublin-ponikwoda-ul-konrada-bielskiego.webp,Lublin Ponikwoda,Konrada Bielskiego,1,2008.0,blok,,"Na sprzedaż komfortowe mieszkanie o pow. 71,56m2. 3 pokoje, kuchnia, łazienka z WC, duży przedpokój. Balkon, piwnica - 5,8m2. Blok z 2008r. Ogrzewanie i ciepła woda z sieci miejskiej. Instalacja pod indukcję. Założona klimatyzacja. Światłowód. Teren wspólnoty ogrodzony i monitorowany, bardzo ładnie zagospodarowany. Plac zabaw. Ogólnodostępne miejsca parkingowe na terenie wspólnoty dla jej mieszkańców. Mieszkanie gotowe do zamieszkania od zaraz. Pełna własność, bez obciążeń. W czynszu zaliczki na wodę, ścieki, CO, opłaty na rzecz administracji, fundusz remontowy. Dla 4os. 1170zł Zapraszam do kontaktu. Sprzedaż prywatna. Biurom nieruchomości dziękuję, proszę nie dzwonić.",tak,,osobna,plastikowe,własność,Wyposażenie: klimatyzacja,51.274733,22.577123
Lublin,ul. Franciszka Mireckiego,3,82,869000,10598.0,bez pośredników,,8,https://adresowo.pl/o/mieszkanie-lublin-ul-franciszka-mireckiego-3-pokojowe-j5s8c2,https://s2.adresowa.pl/oi/11/67/40d0b8_b21d_cover@2x-3-pokojowe-mieszkanie-lublin-ul-franciszka-mireckiego.webp,Lublin ,Franciszka Mireckiego,2,,kamienica,,"Na sprzedaż funkcjonalne, jasne mieszkanie o powierzchni 82,41 m², usytuowane na II piętrze. • Gotowe do zamieszkania. • Ekspozycja południowo-zachodnia. • Realna powierzchna mieszkania jest większa, ok 90m po podłodze. Lokalizacja i bliska okolica: • ok 150m Lidl, Karczma • ok 150m przystanek „Wyścigowa” (dobrze skomunikowana część Lublina) • blisko szkoła podstawowa, liceum, przedszkola i żłobki, punkty usługowe • spokojna i zielona okolica domków jednorodzinnych Rozkład pomieszczeń: • Salon z kuchnią i częścią jadalnianą + wyjście na balkon z widokiem na zieleń • Sypialnia główna • Pokój dziecięcy / Drugi pokój • Duża łazienka • Toaleta Główne atuty: • Sprzedajemy z zabudową kuchenną z pełnym sprzętem AGD i meblami robionymi na wymiar. Pozostałe meble do dogadania. • Możliwość podłączenia klimatyzacji do gotowej instalacji. • Niskie rachunki za ogrzewanie gazowe dzięki ekspozycji zachodniej i dobremu ociepleniu. • Bez czynszu • W cenie miejsce postojowe na zamykanym podwórku. Cena: 869 000 zł Zapraszam do kontaktu telefonicznego. SPRZEDAŻ BEZPOŚREDNIA. Agentom dziękujemy.",,tak,aneks,,,,51.222533,22.574163
Lublin Wieniawa,al. Racławickie,2,49,479000,9776.0,bez pośredników,,9,https://adresowo.pl/o/mieszkanie-lublin-wieniawa-al-raclawickie-2-pokojowe-k3r1u6,https://s2.adresowa.pl/oi/3b/56/40ce92_3043_cover@2x-2-pokojowe-mieszkanie-lublin-wieniawa-al-raclawickie.webp,Lublin Wieniawa,Racławickie,2,,blok,,"Lublin, Aleje Racławickie 34. Mieszkanie o powierzchni użytkowej 49,78 m2, składające się z dwóch pokoi (o pow. ok. 19 m2 i 13,5 m2), kuchni (o pow. ok. 7,65 m2), łazienki oraz przedpokoju, położone na drugim piętrze budynku. Lokal rozkładowy (niezależne wejścia do wszystkich pomieszczeń z przedpokoju), przestronny (wysokość pomieszczeń wynosi ok. 2,72 m) oraz widny (duże okna z wystawą na dwie przeciwległe strony świata), z możliwością korzystania z jednego pomieszczenia na strychu budynku. Odrębna własność lokalu. Brak obciążeń w księdze wieczystej. Budynek czterokondygnacyjny (parter oraz trzy piętra) z poddaszem nieużytkowym. Wejście do klatki schodowej z dwóch stron budynku. Przy budynku przystanek MPK (linie autobusowe i trolejbusowe), z drugiej strony zaciszny skwer. Na terenie nieruchomości wspólnej miejsca parkingowe oraz parking (ze szlabanem) dostępne wyłącznie dla mieszkańców. Znakomita lokalizacja nieopodal Centrum Miasta i Miasteczka Akademickiego (kilka minut pieszo do UMCS, KUL oraz Uniwersytetu Przyrodniczego). W sąsiedztwie 1 Wojskowy Szpital Kliniczny z Polikliniką SPZOZ, w pobliżu m.in. I Liceum Ogólnokształcące im. Stanisława Staszica, Zespół Szkół Chemicznych i Przemysłu Spożywczego, Państwowe Szkoły Budownictwa i Geodezji im. Hieronima Łopacińskiego, w bliskiej okolicy Ogród Saski, Centrum Spotkania Kultur oraz pełna infrastruktura (sklepy, punkty usługowe, restauracje i kawiarnie). Miejsce doskonale skomunikowane z pozostałymi częściami miasta. Z uwagi na powyższe, nieruchomość idealna zarówno na cele oddania w najem, jak i zaspokojenie własnych potrzeb mieszkaniowych. Pośrednikom w obrocie nieruchomościami: Dziękuję.",,,,plastikowe,własność,,51.249948,22.533484
Lublin,Felin,3,48,654900,13644.0,Pośrednik,,10,https://adresowo.pl/o/mieszkanie-lublin-felin-3-pokojowe-48-m2-k8u3a7,https://s2.adresowa.pl/oi/68/39/404fac_c6a2_cover@2x-3-pokojowe-mieszkanie-lublin-felin.webp,Lublin Felin,,3,2026.0,blok,,"NOWY FELIN | 3 POKOJE | 48,68 m² | PANORAMICZNY WIDOK | WYKOŃCZONE POD KLUCZ | BEZ PCC Na sprzedaż wyjątkowe, 3-pokojowe mieszkanie o powierzchni 48,68 m², położone na nowoczesnym osiedlu ""Nowy Felin"" w Lublinie. Mieszkanie zostało wykończone pod klucz zgodnie z indywidualnym projektem, z dużą dbałością o jakość wykonania, funkcjonalność oraz detale. Co szczególnie istotne - lokal jest całkowicie nowy i nigdy wcześniej niezamieszkały. Przyszły właściciel może wprowadzić się od razu, bez konieczności ponoszenia jakichkolwiek dodatkowych nakładów. UKŁAD MIESZKANIA: • przestronny salon z aneksem kuchennym i wyjściem na balkon, • dwie niezależne sypialnie, • łazienka, • funkcjonalna przestrzeń komunikacyjna. Ogromnym atutem mieszkania jest balkon z pięknym, panoramicznym widokiem na bezpośrednio sąsiadującą Kalinówkę. Otwarta przestrzeń przed budynkiem daje poczucie prywatności i stanowi świetne dopełnienie części dziennej mieszkania. Wnętrze zostało zaprojektowane jako spójna i funkcjonalna całość. Meble wykonano na wymiar, dzięki czemu przestrzeń została maksymalnie wykorzystana. Kuchnia wyposażona jest w kompletny zestaw wysokiej jakości sprzętu AGD. Mieszkanie nie wymaga żadnych prac wykończeniowych ani dodatkowych inwestycji - wystarczy wnieść swoje rzeczy i zamieszkać. DODATKOWO: • komórka lokatorska o powierzchni ponad 3 m² - 12 000 zł, • możliwość zakupu dwóch miejsc postojowych w hali garażowej - 45 000 zł za każde miejsce. Zakup miejsc postojowych nie jest obligatoryjny. Dodatkowym atutem oferty jest brak podatku PCC, co oznacza realną oszczędność dla kupującego. To propozycja dla osób szukających nowego, gotowego do zamieszkania mieszkania, które łączy nowoczesne wykończenie, funkcjonalny układ, świetny widok oraz komfort, jaki daje możliwość posiadania nawet dwóch miejsc postojowych w hali garażowej. Najważniejsze atuty: • 48,68 m², • 3 pokoje, • mieszkanie nowe - nigdy niezamieszkałe, • wykończenie pod klucz według indywidualnego projektu, • zabudowy meblowe wykonane na wymiar, • pełne wyposażenie AGD, • balkon z panoramicznym widokiem, • komórka lokatorska, • możliwość zakupu dwóch miejsc w hali garażowej, • brak konieczności ponoszenia dodatkowych nakładów, • brak podatku PCC. Zapraszam do kontaktu i umówienia prezentacji!!!",,tak,,,własność,,51.2152,22.631287
Lublin Sławinek,ul. Spadowa,4,117,899000,7684.0,Pośrednik,,17,https://adresowo.pl/o/mieszkanie-lublin-slawinek-ul-spadowa-4-pokojowe-q9j8k0,https://s2.adresowa.pl/oi/57/1d/404e12_a95d_cover@2x-4-pokojowe-mieszkanie-lublin-slawinek-ul-spadowa.webp,Lublin Sławinek,Spadowa,3,1998.0,blok,,"Ofertą sprzedaży jest mieszkanie 4-pokojowe o powierzchni 117,5 m² Trzecie piętro w 4-piętrowym bloku bez windy z 1990 roku, Lublin, Sławinek, ul. Spadowa, Balkon-typu loggia, piwnica, otwarta kuchnia z oknem, Mieszkanie w bardzo dobrym stanie(wymaga odświeżenia, bądź remontu- według uznania nowego nabywcy), okna część plastikowe a część drewniane, Spółdzielcze własnościowe z księgą wieczystą, Blokiem zarządza Spółdzielnia ""Unia"", czynsz ok 1600zł przy 2 osobach, plus rachunki wg zużycia(prąd, gaz), Świetne mieszkanie dla rodziny, oraz na wynajem, wyposażenie pozostaje w cenie. Nieruchomość składa się z następujących pomieszczeń: *Kuchnia z jadalnią około 20,00 m *Salon 22,00 m *Sypialnia nr 1 20,00 m *Sypialnia nr 2 18,00 m *Sypialnia nr 3 10,00 m *Łazienka z Wc 8,6 m *Hall 19,00 m *Balkon około 4,00 m *Piwnica około 9,00 m W pobliżu: - sklepy: Lidl, Stokrotka, Żabka, - żłobki, przedszkola, kościół, szkoła podstawowa, - fryzjer, kosmetyczka, kwiaciarnia, garmażerka, - dogodne połączenia MPK (rondo Honorowych Krwiodawców) Mieszkanie i blok informacje: - ogrzewanie z sieci miejskiej - wyposażona łazienka - w pełni wyposażona kuchnia (lodówka, kuchenka, płyta gazowa, zmywarka) -ściany- gładzie -blok oraz balkony docieplone, Do mieszkania przynależy komórka lokatorska (piwnica) o powierzchni około 9 m2 w cenie mieszkania. Dookoła bloku liczne miejsca parkingowe naziemne, dla mieszkańców tego bloku szlaban wjazdowy, zapewniający ogólne miejsca naziemne, od czasu do czasu sąsiedzi sprzedają garaże, można trafić raz do roku na zakup garażu w bloku. Zapraszam na prezentację, cena podlega negocjacji, Pomagamy również w uzyskaniu kredytu hipotecznego,",tak,,aneks,,spółdzielcze własnościowe,"Wyposażenie: kuchenka, lodówka, zmywarka",51.254217,22.52571
Lublin Czechów,ul. Koncertowa,2,43,635000,14767.0,bez pośredników,,14,https://adresowo.pl/o/mieszkanie-lublin-czechow-ul-koncertowa-2-pokojowe-g8j0m5,https://s2.adresowa.pl/oi/14/24/40ccda_bfa2_cover@2x-2-pokojowe-mieszkanie-lublin-czechow-ul-koncertowa.webp,Lublin Czechów,Koncertowa,1,2025.0,blok,,"Dzień dobry, posiadam na sprzedaż nowe, wykończone mieszkanie z klimatyzacją, 2 pokoje, 43 m2 z balkonem i garażem podziemnym (miejsce w garażu dodatkowo płatne). Mieszkanie usytuowane jest na pierwszym piętrze w nowym, trzykondygnacyjnym bloku oddanym do użytkowania w 2025 roku, wyposażonym w cichobieżną windę. Mieszkanie składa się z salonu, sypialni z wnęką szafową, otwartej kuchni wyposażonej w zabudowę kuchenną na wymiar, łazienki i korytarza z wnęką szafową. Blok znajduje się na nowoczesnym osiedlu Koncertowa Dolina przy ulicy Koncertowej i Dereckiego w Lublinie w Dzielnicy Czechów Północny. Z uwagi na świetną lokalizację idealne do zamieszkania lub na wynajem. Blisko centrum Lublina oraz uczelni medycznych. Koncertowa Dolina to ciche, spokojne miejsce, doskonale połączone z centrum Lublina i innymi dzielnicami miasta. W pobliżu znajdują się: szkoły i przedszkola sklepy i punkty usługowe przychodnie i przystanki (pętla autobusowa) komunikacji miejskiej To nowoczesne osiedle zarówno dla singli, par, jak i rodzin z dziećmi czy osób starszych. Mieszkanie jest wykończone i wyposażone w KLIMATYZACJĘ, zabudowę kuchenną i łazienkową na wymiar, wideodomofon oraz rekuperację. Opłaty czynszowe około 500 zł / na miesiąc. Do mieszkania przynależy miejsce parkingowe w garażu podziemnym - zakup obligatoryjny. Cena mieszkania 635 000 zł do lekkiej negocjacji plus dodatkowo płatne, przynależne do mieszkania miejsce parkingowe w garażu podziemnym w cenie 55 000,00 zł.",,tak,aneks,plastikowe,własność,,51.272023,22.543218
Lublin Węglinek,ul. Jaspisowa,3,63,720000,11429.0,bez pośredników,,17,https://adresowo.pl/o/mieszkanie-lublin-weglinek-ul-jaspisowa-3-pokojowe-c5u5b7,https://s2.adresowa.pl/oi/40/52/40cc16_495c_cover@2x-3-pokojowe-mieszkanie-lublin-weglinek-ul-jaspisowa.webp,Lublin Węglinek,Jaspisowa,1,2010.0,blok,,"Na sprzedaż ustawne mieszkanie o powierzchni 63,4 m2, położone w Lublinie na dzielnicy Węglinek, przy ul. Jaspisowej 4 Lokal znajduje się w zadbanym budynku z 2010 roku. Mieszkanie składa się z: - pokój dzienny 22,4 m2 - pokój 10,4 m2 - pokój 10,5 m2 - kuchnia oddzielna 7,5 m2 - łazienka 5,7 m2 - przedpokój 7,8 m2 Duży balkon z podwójnym wejściem z salonu i pokoju. Do mieszkania przynależy również piwnica 6,7 m2. Czynsz około 350,00 zł miesięcznie. Pełna własność, dostępne od 01.10.2026r. Osiedle znajduje się w dzielnicy Węglinek, składa się w całości z nowych bloków. W bardzo bliskiej odległości sklepy, punkty usługowe, markety, place zabaw, tereny zielone. Dobre połączenie komunikacją miejską z całą częścią miasta Lublin. Więcej informacji udzielę telefonicznie. Biurom nieruchomości dziękuję. Treść niniejszego ogłoszenia nie stanowi oferty handlowej w rozumieniu Kodeksu Cywilnego. Ma charakter informacyjny i zalecamy jej osobistą weryfikację.",tak,,,,własność,,51.225247,22.490421
Lublin Dziesiąta,ul. Jacka Przybylskiego,2,38,334000,8789.0,bez pośredników,,10,https://adresowo.pl/o/mieszkanie-lublin-dziesiata-ul-jacka-przybylskiego-2-pokojowe-i2a4s2,https://s2.adresowa.pl/oi/3f/16/40cb78_363c_cover@2x-2-pokojowe-mieszkanie-lublin-dziesiata-ul-jacka-przybylskiego.webp,Lublin Dziesiąta,Jacka Przybylskiego,2,1976.0,blok,,"Na sprzedaż funkcjonalne, 2-pokojowe mieszkanie o powierzchni 38,70 m², położone na II piętrze budynku bez windy przy ul. Jacka Przybylskiego. Lokal jest przeznaczony do kompleksowego remontu, co daje kupującemu możliwość urządzenia wnętrza całkowicie według własnego projektu i potrzeb. Mieszkanie ma praktyczny układ obejmujący dwa pokoje, oddzielną kuchnię (z możliwością stworzenia przestronnego salonu z aneksem kuchennym), przedpokój oraz łazienkę z WC. Do lokalu przynależy piwnica o powierzchni 2,12 m². Atutem mieszkania jest także spokojne otoczenie z dużą ilością zieleni oraz bardzo dobra dostępność codziennej infrastruktury. W odległości około 100-300 metrów znajdują się liczne sklepy, punkty usługowe, poczta, apteka, przychodnia, przystanki komunikacji miejskiej, żłobek, przedszkole i szkoła. Lokalizacja pozwala wygodnie załatwiać codzienne sprawy bez konieczności korzystania z samochodu. Miesięczny czynsz wynosi 570 zł. Mieszkanie jest ciepłe i słoneczne. Okna wychodzą na południowy zachód. Stan prawny mieszkania jest uregulowany: odrębna własność z księgą wieczystą. Mieszkanie może zostać wydane natychmiast po zawarciu umowy.",tak,,,plastikowe,własność,,51.214742,22.574791
Lublin,al. gen. Władysława Sikorskiego 1,5,122,790000,6475.0,Pośrednik,,10,https://adresowo.pl/o/mieszkanie-lublin-al-gen-wladyslawa-sikorskiego-5-pokojowe-v0l8m0,https://s2.adresowa.pl/oi/3b/7c/4030b2_4595_cover@2x-5-pokojowe-mieszkanie-lublin-al-gen-wladyslawa-sikorskiego.webp,Lublin ,gen. Władysława Sikorskiego 1,4,1994.0,blok,,"Przestronne, dwupoziomowe mieszkanie z ogromnym potencjałem aranżacyjnym – idealne dla rodziny, osób ceniących przestrzeń lub inwestora. Na sprzedaż dwupoziomowe mieszkanie o powierzchni 122,90 m², które dzięki funkcjonalnemu układowi daje wiele możliwości aranżacyjnych. Obecnie mieszkanie oferuje 5 pokoi, jednak istnieje możliwość wydzielenia 6. pokoju bez utraty funkcjonalności pozostałej części mieszkania. To nieruchomość dla osób, które szukają czegoś więcej niż standardowego mieszkania – dużej przestrzeni, prywatności i możliwości dopasowania wnętrza do własnych potrzeb. UKŁAD MIESZKANIA Mieszkanie składa się z:- 5 pokoi (możliwość wydzielenia 6. pokoju) - 3 łazienek - funkcjonalnych części komunikacyjnych - 4 balkonów Dwupoziomowy układ zapewnia naturalny podział na strefę dzienną i prywatną, dzięki czemu mieszkanie może być bardzo wygodne zarówno dla dużej rodziny, jak i kilku osób mieszkających wspólnie. Cztery balkony to ogromny atut nieruchomości – zapewniają dodatkową przestrzeń do wypoczynku oraz dużo światła i możliwość korzystania z zewnętrznej przestrzeni z różnych części mieszkania. POTENCJAŁ INWESTYCYJNY Nieruchomość dzięki swojej powierzchni, liczbie pokoi i 3 łazienkom daje również bardzo duże możliwości inwestycyjne. Może sprawdzić się m.in. jako:- mieszkanie dla dużej rodziny, - nieruchomość pod wynajem dla studentów, - mieszkanie dla kilku osób pracujących, - inwestycja pod wynajem pokoi, - przestrzeń do stworzenia nowoczesnego, wielopokojowego lokalu. LOKALIZACJA — TOP DLA STUDENTÓW Aleja Gen. Wł. Sikorskiego 1 — lokalizacja z doskonałym dostępem do każdej uczelni:- UMCS – ok. 6–7 min, - KUL – ok. 6–7 min, - Uniwersytet Przyrodniczy – 5 min, - szybki wyjazd w kierunku Warszawy, - tuż obok sklepy, przystanki, pełna infrastruktura. Rozważasz kredytowanie tej nieruchomości? Współpracujemy z zaufanym i skutecznym doradcą kredytowym, który bez żadnych zobowiązań porówna oferty kredytowe w różnych bankach i pomoże wybrać najkorzystniejsze finansowanie. Zapraszam do kontaktu i umówienia prezentacji. Tomasz Jurowicz",tak,tak,,drewniane,spółdzielcze własnościowe,,51.254317,22.527689
Lublin,ul. Bursztynowa,4,58,550000,9483.0,Pośrednik,,7,https://adresowo.pl/o/mieszkanie-lublin-ul-bursztynowa-4-pokojowe-w3i6v5,https://s2.adresowa.pl/oi/58/2c/402b1c_e172_cover@2x-4-pokojowe-mieszkanie-lublin-ul-bursztynowa.webp,Lublin ,Bursztynowa,3,1993.0,blok,,"Na sprzedaż funkcjonalne mieszkanie o powierzchni 58 m², położone na trzecim piętrze w czteropiętrowym bloku. Lokal składa się z trzech oddzielnych pokoi oraz przestronnego salonu z aneksem kuchennym. Dodatkowym atutem jest duży balkon, zapewniający komfortową przestrzeń do wypoczynku. Mieszkanie ma ekspozycję północno-południową, dzięki czemu jest dobrze doświetlone o różnych porach dnia. Nieruchomość znajduje się w bardzo dobrze skomunikowanej i rozwiniętej części miasta. W najbliższej okolicy dostępne są wszystkie udogodnienia potrzebne do codziennego funkcjonowania: szkoły, przedszkola, sklepy, restauracje, przychodnie lekarskie oraz apteka. W pobliżu znajduje się również duży park i las, co stwarza doskonałe warunki do spacerów i aktywnego wypoczynku. Dobre połączenie komunikacyjne z centrum miasta sprawia, że mieszkanie jest wygodne zarówno dla rodziny, jak i studentów. Nieruchomość może stanowić również atrakcyjną propozycję inwestycyjną pod wynajem. Najważniejsze atuty: • 58 m² powierzchni • trzy oddzielne pokoje • salon z aneksem kuchennym • duży balkon • bliskość parku i lasu • bardzo dobra infrastruktura • dogodna komunikacja z miastem • idealne mieszkanie dla rodziny, studentów lub inwestora • ekspozycja północno-południowa • trzecie piętro w czteropiętrowym bloku Zapraszam do kontaktu i umówienia się na prezentację mieszkania.",,,aneks,plastikowe,,,51.2223206,22.5145106
Lublin Tatary,ul. Hutnicza,1,25,315000,12600.0,bez pośredników,,7,https://adresowo.pl/o/mieszkanie-lublin-tatary-ul-hutnicza-1-pokoj-q7n8r2,https://s2.adresowa.pl/oi/74/6b/40cb40_c792_cover@2x-1-pokojowe-mieszkanie-lublin-tatary-ul-hutnicza.webp,Lublin Tatary,Hutnicza,1,1980.0,blok,,"Sprzedam mieszkanie o powierzchni 25 m² w atrakcyjnej lokalizacji. Przynależne do cenionej Robotniczej Spółdzielni Mieszkaniowej Motor. Znajduje się na pierwszym piętrze czteropiętrowego budynku. Mieszkanie jest po generalnym remoncie, wymieniona instalacja elektryczna, hydrauliczna, stolarka. W pełni wyposażone w nowe meble, pralkę, lodówkę, kuchenkę oraz piekarnik. AGD z gwarancją, sprzęt nigdy nieużywany. Mieszkanie jeszcze nie było zamieszkałe. Do dyspozycji przynależy balkon oraz piwnica. Ogrzewanie miejskie zapewnia komfort, ciepła woda miejska bez piecyka gazowego. Lokalizacja Tatary w Lublinie gwarantuje dostęp do wielu udogodnień. W pobliżu znajdują się: - przystanki autobusowe (Hutnicza 01, Przyjaźni 03) - sklepy spożywcze (abc, Lewiatan) - restauracje (McDonald's, Chili) - parki (Skwer imienia błogosławionego Jerzego Popiełuszki) - szkoły i uczelnie (Zespół Szkół Ogólnokształcących nr 2, Lubelska Akademia WSEI) Dzięki niskiemu czynszowi wynoszącemu 450 PLN miesięcznie, mieszkanie jest idealne zarówno dla singli, jak i par. Zabezpieczenia w postaci drzwi i okien antywłamaniowych oraz domofonu zapewniają bezpieczeństwo. Teren wokół monitorowany. Nie czekaj, zadzwoń i umów się na prezentację!",tak,,,plastikowe,własność,"Wyposażenie: kuchenkę, lodówkę, piekarnik, pralkę",51.242634,22.593938
Lublin Dziesiąta,ul. Obrońców Lublina,3,65,975000,15000.0,bez pośredników,,11,https://adresowo.pl/o/mieszkanie-lublin-dziesiata-ul-obroncow-lublina-3-pokojowe-v8r1w8,https://s2.adresowa.pl/oi/4c/2c/40caac_d242_cover@2x-3-pokojowe-mieszkanie-lublin-dziesiata-ul-obroncow-lublina.webp,Lublin Dziesiąta,Obrońców Lublina,1,2017.0,blok,,"Mieszkanie 3-pokojowe na sprzedaż - przestrzeń stworzona do komfortowego życia: - salon z aneksem kuchennym (premium): jasna strefa dzienna z nowoczesną zabudową kuchenną na wymiar oraz markowym sprzętem AGD. Przestrzeń idealna do relaksu i kulinarnych eksperymentów. - sypialnia z prywatną garderobą: twoja prywatna oaza spokoju. Zapomnij o wielkich szafach zagracających przestrzeń – pojemna, świetnie zorganizowana garderoba na wymiar, pomieści wszystko i ułatwi utrzymanie idealnego porządku. - pokój dziecięcy: przestronny, bezpieczny i pełen naturalnego światła – gotowy do aranżacji dla Twojej pociechy (lub jako gabinet do pracy zdalnej). - stylowa łazienka: wykończona designerskimi płytkami oraz nowoczesną, renomowaną armaturą. Przemyślany design łączy estetykę z codzienną wygodą, tworząc wnętrze idealne na domowe SPA.",tak,tak,aneks,plastikowe,własność,,51.209907,22.598758
Lublin Węglin,ul. Wróbla,3,72,836395,11617.0,bez pośredników,,16,https://adresowo.pl/o/mieszkanie-lublin-weglin-ul-wrobla-3-pokojowe-g7k7m6,https://s2.adresowa.pl/oi/32/1a/40c56e_44a3_cover@2x-3-pokojowe-mieszkanie-lublin-weglin-ul-wrobla.webp,Lublin Węglin,Wróbla,3,2016.0,blok,,"Na sprzedaż wyjątkowe, przestronne 3-pokojowe mieszkanie o powierzchni 72,73 m², położone na 3. piętrze w nowoczesnym, 4-piętrowym budynku z 2016 roku z windą. Nieruchomość znajduje się w jednej z najbardziej pożądanych i dynamicznie rozwijających się dzielnic - Węglin, przy ul. Wróbla. To idealna propozycja dla rodziny lub osób szukających komfortowej przestrzeni do życia w świetnej lokalizacji. Na powierzchni 72,73 m² znajduje się: - Salon z wyjściem na balkon - Aneks kuchenny - Dwie sypialnie - Łazienka - Przedpokój - Garderoba GŁÓWNE ATUTY MIESZKANIA I BUDYNKU: - Osobna garderoba: Dedykowane pomieszczenie zapewniające mnóstwo miejsca do przechowywania i utrzymanie porządku w mieszkaniu. - Gotowe do wprowadzenia: Mieszkanie jest w stanie do zamieszkania (wymaga jedynie odświeżenia). - Pełne wyposażenie w cenie: W cenie nieruchomości pozostają wszystkie meble oraz kompletny sprzęt AGD (zmywarka, piekarnik, płyta indukcyjna, lodówka). - Balkon: Przestrzeń do wypoczynku i relaksu po pracy. - Nowoczesny budynek: Kameralne osiedle z 2016 roku z obszerną, zadbaną klatką schodową oraz wygodną windą. - Rowerownia i wózkownia: Dostępne w budynku do użytku mieszkańców. - Usługi na miejscu: W lokalach usługowych na dole budynku znajdują się m.in. dentysta, barber oraz weterynarz. - Bezpieczeństwo i wygoda: Ogrzewanie oraz ciepła woda dostarczane są z sieci miejskiej. Dla pełnego komfortu istnieje możliwość dokupienia: - 2 miejsc postojowych (obok siebie) w cenie 85 000 zł - 2 piwnic / komórek lokatorskich (obok siebie) Lokalizacja przy ul. Wróbla zapewnia idealny balans między wygodą miejskiego życia a spokojem: - Komunikacja: Zaledwie 3 minuty pieszo do przystanku autobusowego - szybki i wygodny dojazd do każdej części miasta. - Infrastruktura na wyciągnięcie ręki: W najbliższym sąsiedztwie znajdują się Biedronka, piekarnia, apteka, centrum handlowe oraz liczne restauracje i punkty usługowe. INFORMACJE FINANSOWE: - Cena: 11 500 zł / m² (łączna cena mieszkania: 836 395 zł) - Czynsz administracyjny: ok. 1 000 zł - Forma własności: Pełna własność Ogłoszenie prywatne - pośrednikom i agencjom nieruchomości serdecznie dziękuję. Zapraszam do kontaktu i obejrzenia mieszkania na żywo!",,,aneks,plastikowe,własność,"Wyposażenie: lodówka, piekarnik, zmywarka",51.225209,22.47551
Lublin LSM,ul. Leonarda,2,38,384120,10108.0,Pośrednik,,11,https://adresowo.pl/o/mieszkanie-lublin-lsm-ul-leonarda-2-pokojowe-i5m9d3,https://s2.adresowa.pl/oi/6c/25/402880_c23f_cover@2x-2-pokojowe-mieszkanie-lublin-lsm-ul-leonarda.webp,Lublin LSM,Leonarda,8,1972.0,blok,,"Na sprzedaż 2-pokojowe mieszkanie o powierzchni 38,8 m2, położone na 8 piętrze budynku przy ul. Leonarda w dzielnicy LSM. Funkcjonalny rozkład pomieszczeń:- I pokój z wyjściem na balkon 15,1 m2 - II pokój 8,2 m2 - kuchnia - łazienka - toaleta - przedpokój Dodatkowo:- piwnica Główne atuty nieruchomości:- blisko placówek edukacyjnych: UMCS, KUL, Uniwersytet Przyrodniczy, Politechnika Lubelska - w pobliżu znajduje się wiele przystanków autobusowych z dogodnym połączeniem z każdą dzielnicą miasta, supermarkety, obiekty gastronomiczne, szkoły itp. Czynsz administracyjny wynosi: ok. 616 zł. (1 os.) Miejsca parkingowe: ogólnodostępne Mieszkanie dzięki swojej lokalizacji oraz rozkładowi może stanowić świetną propozycję zarówno do zamieszkania, jak i jako inwestycja pod wynajem. Uwaga: Rzut mieszkania prześlę na życzenie osoby zainteresowanej. Stan nieruchomości dokładnie taki jak na zdjęciach. Zapraszam do kontaktu telefonicznego oraz prezentacji nieruchomości.",,,,plastikowe,,,51.240371,22.514852
Lublin Czuby,ul. Szczytowa,3,66,599000,9076.0,Pośrednik,,19,https://adresowo.pl/o/mieszkanie-lublin-czuby-ul-szczytowa-3-pokojowe-i3w4o0,https://s2.adresowa.pl/oi/4f/6a/400d48_c9eb_cover@2x-3-pokojowe-mieszkanie-lublin-czuby-ul-szczytowa.webp,Lublin Czuby,Szczytowa,1,1994.0,blok,,"Ofertą sprzedaży jest mieszkanie 3-pokojowe o powierzchni 66,10 m² Pierwsze piętro w 3-piętrowym bloku z cegły, bez windy z 1994 roku, Lublin, Czuby, ul. Szczytowa, zaledwie 2,50km od Politechniki Lubelskiej, zaledwie 2 przystanki do Uczelni! Balkon-typu loggia, blok świeżo po termomodernizacji, docieplony, piwnica, osobna kuchnia z oknem, Mieszkanie w bardzo dobrym stanie(wymaga odświeżenia, bądź remontu- według uznania nowego nabywcy), okna drewniane, ale bardzo szczelne. Odrębna własność z księgą wieczystą, Blokiem zarządza Spółdzielnia ""Mikołaj"", czynsz ok 700zł przy 1 osobie, plus rachunki wg zużycia(prąd, gaz), Świetne mieszkanie dla rodziny, oraz na wynajem, wyposażenie pozostaje w cenie, oprócz mebli w salonie. Nieruchomość składa się z następujących pomieszczeń: *Kuchnia 9,00 m *Salon 22,40 m *Sypialnia nr 1 10,00 m (zdjęcie w ofercie jest wizualizacją) *Sypialnia nr 2 11,00 m *Łazienka 4,00 m (zdjęcie jest wizualizacją) *WC 1,30m (zdjęcie jest wizualizacją) *Hall 8,40 m *Balkon 4,50 m *Piwnica 5,50 m W pobliżu: - sklepy: Lewiatan, Biedronka, Lidl, Stokrotka, Żabka, - żłobki, przedszkola, kościół, szkoła podstawowa, - fryzjer, kosmetyczka, kwiaciarnia, garmażerka, - ścieżka rowerowa do Centrum oraz nad Zalew Zemborzycki, - dogodne połączenia MPK (w odległości 300 m - 2 przystanki) Mieszkanie i blok informacje: - ogrzewanie i woda z sieci miejskiej, - zabudowana szafa w pokoju, - wyposażona łazienka - w pełni wyposażona kuchnia (lodówka, kuchenka, płyta gazowa, zmywarka) -ściany- tapety bardzo trwałe, przepuszczające powietrze, nadające się do malowani, -suszarnia i wózkownia w budynku, -blok oraz balkony docieplone, Istnieje możliwość dokupienia garażu w cenie 120 000tys zł (zakup nieobowiązkowy), Do mieszkania przynależy komórka lokatorska (piwnica) o powierzchni 5,50 m2 w cenie mieszkania. Zapraszam na prezentację, cena podlega negocjacji, Pomagamy również w uzyskaniu kredytu hipotecznego,",tak,tak,osobna,drewniane,własność,"Wyposażenie: kuchenka, lodówka, zmywarka",51.223436,22.533921
Lublin,ul. Koralowa,1,27,349000,12926.0,bez pośredników,,8,https://adresowo.pl/o/mieszkanie-lublin-ul-koralowa-1-pokoj-v2y9y1,https://s2.adresowa.pl/oi/50/43/40c4ca_5e79_cover@2x-1-pokojowe-mieszkanie-lublin-ul-koralowa.webp,Lublin ,Koralowa,3,2020.0,blok,,"Do sprzedania nowocześnie wykończona kawalerka o powierzchni 27,03 m², z podziemnym miejscem postojowym, położona przy ul. Koralowej 29 w Lublinie. Mieszkanie znajduje się na 3. piętrze w 5-piętrowym bloku z windą. Jest środkowe, ciepłe i ekonomiczne w utrzymaniu. Budynek został oddany do użytkowania w grudniu 2020 roku. Powierzchnia: - salon z aneksem kuchennym - 18,89 m² - łazienka - 3,72 m² - przedpokój - 4,42 m² - balkon - 9,09 m² - komórka lokatorska - 1,73 m² - podziemne miejsce postojowe - 12,55 m² Cena 349 000 zł dotyczy mieszkania, podziemne miejsce postojowe dodatkowo płatne: 75 000 zł. Wyposażenie mieszkania: - Salon: rozkładana sofa, pojemna szafa, telewizor, stół, dwa krzesła - Kuchnia: zabudowa kuchenna, lodówka z zamrażarką, płyta indukcyjna, piekarnik elektryczny, czajnik elektryczny - Łazienka: pralka, kabina prysznicowa z deszczownicą - Przedpokój: szafa, wieszak na ubrania, domofon Dodatkowe atuty: - duży balkon o powierzchni 9,09 m², - komórka lokatorska, - winda od poziomu garażu podziemnego, - ciepła woda oraz ogrzewanie z sieci miejskiej, - miejsce postojowe położone blisko wejścia do klatki schodowej, zapewniające wygodny dostęp do samochodu oraz większą przestrzeń przy wysiadaniu i załadunku. Mieszkanie idealnie sprawdzi się jako pierwsze lokum lub inwestycja pod wynajem. Zapraszam do kontaktu i umówienia się na prezentację.",tak,tak,aneks,plastikowe,własność,"Wyposażenie: lodówka, piekarnik, pralka, telewizor",51.222207,22.48522
Lublin Kalinowszczyzna,ul. Lwowska,4,58,620000,10690.0,bez pośredników,,20,https://adresowo.pl/o/mieszkanie-lublin-kalinowszczyzna-ul-lwowska-4-pokojowe-q8b2z9,https://s2.adresowa.pl/oi/16/52/40c252_2d39_cover@2x-4-pokojowe-mieszkanie-lublin-kalinowszczyzna-ul-lwowska.webp,Lublin Kalinowszczyzna,Lwowska,4,1975.0,blok,,"Sprzedaję bezpośrednio 4-pokojowe mieszkanie przy ul. Lwowskiej na Kalinowszczyźnie. Mieszkanie ma 58,95 m² i znajduje się na 4 (ostatnim) piętrze. Dużym plusem tego rozwiązania jest cisza - nikt nie hałasuje nad głową, a z okien jest ładny widok na Zamek Lubelski i otaczającą zieleń. W 2017 roku mieszkanie przeszło generalny remont. Wymieniono całą instalację elektryczną i posadzki oraz stworzono przejście między dwoma pokojami. Dzięki temu światło wpada na przestrzał, a przestrzeń optycznie znacznie się powiększyła. Wnętrza są zadbane, wykończone w spójnym, neutralnym stylu i nie wymagają poprawek - można się od razu wprowadzać. Co zostaje w mieszkaniu i co ułatwia życie na co dzień: - Klimatyzacja: Dwie osobne jednostki (w sypialni oraz w salonie) - niezastąpione w upalne dni. - Pełne wyposażenie w cenie: Zostawiam meble oraz sprzęt RTV/AGD ze zdjęć. W cenie jest m.in. stół z litego drewna z 6 krzesłami, biokominek, TV 55"" ze soundbarem oraz pojemna szafa Komandor. - Kuchnia: Wykonana pod wymiar, z pełnym zestawem AGD oraz stacją filtracji wody. - Internet i bezpieczeństwo: Podłączone łącze światłowodowe oraz prywatny monitoring (kamera przy dzwonku ze stacją bazową). - Parking: Bezpośrednio pod blokiem znajduje się ogólnodostępny parking, na którym niedawno miasto dodało kilkanaście nowych miejsc. Układ pomieszczeń (58,95 m²): - Salon połączony z jadalnią - Osobny pokój wypoczynkowy / TV - Sypialnia główna - Pokój pełniący obecnie funkcję garderoby (z dużą szafą i witrynami) - Kuchnia oraz łazienka z prysznicem - Balkon (loggia) i piwnica przynależna do lokalu Lokalizacja: Lwowska to praktyczny punkt Kalinowszczyzny. W kilka minut pieszo dojdziemy do Galerii VIVO!, Biedronki, szkoły, przedszkola, na basen czy do dentysty. Pod blokiem są przystanki MPK z szybkim dojazdem do Starego Miasta i na lubelskie uczelnie. Finanse i stan prawny: - Cena: 620 000 zł (do negocjacji) - Pełna własność z Księgą Wieczystą - Czynsz: ok. 1100 zł Mieszkanie można obejrzeć po wcześniejszym kontakcie telefonicznym.",tak,,osobna,plastikowe,własność,"Wyposażenie: internet, klimatyzacja, tv",51.25532,22.579649
Lublin,ul. Krańcowa,4,58,620000,10690.0,bez pośredników,,8,https://adresowo.pl/o/mieszkanie-lublin-ul-krancowa-4-pokojowe-l1l3z0,https://s2.adresowa.pl/oi/2d/76/40c106_c5a8_cover@2x-4-pokojowe-mieszkanie-lublin-ul-krancowa.webp,Lublin ,Krańcowa,2,,blok,,"Na sprzedaż mieszkanie o pow. 58m². Lublin ul. Krańcowa 76. Mieszkanie po remoncie: - wymienione okna - nowa instalacje elektryczna - wymieniona hydraulika - wszystkie pokoje na ścianach gładź Mieszkanie własnościowe bez pośredników. Atutem mieszkania są 4 nieprzechodnie pokoje. Blisko przedszkole, szkoła podstawowa, przystanek, sklepy: Lewiatan, Biedronka, Kaufland, Lidl. Pokój nr 3 i nr 4 został przedzielony. Można przywrócić powierzchnię pierwotną tworząc duży salon. Pokój nr 1 powierzchnia 10m² Pokoje 2, 3, 4 powierzchnia 12m² Kuchnia powierzchnia 10m²",,,,,,,51.228439,22.586512
Lublin,ul. Gliniana 27,3,46,550000,11957.0,Pośrednik,,25,https://adresowo.pl/o/mieszkanie-lublin-ul-gliniana-3-pokojowe-k1l7u5,https://s2.adresowa.pl/oi/2f/2f/400754_90ce_cover@2x-3-pokojowe-mieszkanie-lublin-ul-gliniana.webp,Lublin ,Gliniana 27,5,1979.0,blok,,"3 Pokoje z osobną kuchnią – Inwestycyjny HIT (ul. Gliniana) Szukasz idealnego mieszkania, które świetnie sprawdzi się dla rodziny lub jako gotowiec inwestycyjny zarabiający na siebie od pierwszego dnia roku akademickiego? Ta oferta to strzał w dziesiątkę! Na sprzedaż oferujemy funkcjonalne, bardzo jasne mieszkanie zlokalizowane w zielonej i dobrze skomunikowanej części Lublina – przy ul. Glinianej 27. Najważniejsze informacje:- Powierzchnia: 46,20 m² - Liczba pokoi: 3 (świetny układ pod wynajem dla studentów!) - Kuchnia: Osobna i widna - Piętro: 5. w 10-piętrowym bloku (budynek z windą) - Stan prawny: Pełna własność z Księgą Wieczystą (KW) - Czynsz administracyjny: 721 zł / miesiąc (kalkulacja przy 2 osobach) Atuty nieruchomości:- Doskonałe nasłonecznienie: Wystawa okien na wschód i południe gwarantuje, że wnętrza są pełne naturalnego światła przez większość dnia. - Przestrzeń dodatkowa: Do mieszkania przynależy balkon z przyjemnym widokiem na zieloną okolicę oraz wyjątkowo duża, ustawna piwnica o powierzchni aż 6 m². - Gotowe do działania: Mieszkanie nie wymaga nakładów finansowych –obecnie cały czas wynajmowane! Znakomita lokalizacja: Mieszkanie znajduje się w niezwykle zielonej okolicy, a jednocześnie w bezpośrednim sąsiedztwie Miasteczka Akademickiego. To gwarantuje stałe zainteresowanie najemców.- Politechnika Lubelska – dosłownie rzut beretem! - Uniwersytet Przyrodniczy & UMCS – w zasięgu krótkiego spaceru. - Pełna infrastruktura na wyciągnięcie ręki: sklepy, punkty usługowe, kluby studenckie, tereny rekreacyjne oraz doskonałe połączenia komunikacji miejskiej z całym Lublinem. Rozważasz kredytowanie tej nieruchomości? Współpracujemy z zaufanym i skutecznym doradcą kredytowym, który bez żadnych zobowiązań porówna oferty kredytowe w różnych bankach. Zapraszam na prezentację! Twój Agent – Marek Gągola",tak,,osobna,plastikowe,własność,,51.218195,22.554678
Lublin Ponikwoda,ul. Daliowa 14,2,36,545000,15139.0,Pośrednik,,8,https://adresowo.pl/o/mieszkanie-lublin-ponikwoda-ul-daliowa-2-pokojowe-r2d3u6,https://s2.adresowa.pl/oi/32/54/3ffeca_2dce_cover@2x-2-pokojowe-mieszkanie-lublin-ponikwoda-ul-daliowa.webp,Lublin Ponikwoda,Daliowa 14,parter,2026.0,blok,,"Są miejsca, które od pierwszego przekroczenia progu sprawiają, że przestajesz oglądać kolejne oferty. Zamiast zastanawiać się ""czy to będzie dobry wybór?"", zaczynasz wyobrażać sobie, gdzie powiesisz obraz i z kim wypijesz pierwszą kawę we własnym domu - To właśnie jedno z takich mieszkań. Przy ul. Daliowej, na jednej z najbardziej dynamicznie rozwijających się części Lublina – Ponikwodzie – powstaje wnętrze zaprojektowane z myślą o osobach, które cenią estetykę, wygodę i najwyższą jakość wykonania. Nie kupujesz mieszkania wymagającego remontu. Nie kupujesz pustych ścian. Kupujesz gotowy styl życia. Już we wrześniu 2026 roku mieszkanie będzie całkowicie wykończone, wyposażone i gotowe do zamieszkania. Wszystko będzie nowe – od zabudowy wykonanej przez stolarza, przez nowoczesny sprzęt AGD, aż po starannie dobrane detale tworzące wyjątkowy klimat wnętrza. Serce domu Salon z aneksem kuchennym to przestrzeń, w której życie toczy się naturalnie. To tutaj rozpoczniesz dzień przy aromatycznej kawie, ugotujesz kolację dla przyjaciół i odpoczniesz po intensywnym dniu pracy. Duże przeszklenia wpuszczają mnóstwo naturalnego światła, a wyjście na prywatny taras z ogródkiem sprawia, że granica między wnętrzem a zielenią niemal znika. Wieczorem klimat podkreślą subtelne karnisze LED, tworząc elegancką i przytulną atmosferę. Kuchnia, która zachwyca wyglądem i funkcjonalnością Nowoczesna zabudowa wykonana na indywidualne zamówienie przez stolarza została wyposażona w komplet wysokiej klasy sprzętu AGD (lodówkę, płytę indukcyjną, piekarnik, okap, zmywarkę, pralkę, i suszarkę). Wprowadzasz się bez dodatkowych wydatków i bez miesięcy oczekiwania na realizację mebli. Sypialnia stworzona do odpoczynku To przestrzeń, która pozwala zwolnić tempo. Przemyślany układ zapewnia miejsce na pojemną zabudowę oraz wygodne łóżko, tworząc komfortową strefę relaksu po każdym dniu. Łazienka w standardzie hotelowym Elegancka, ponadczasowa i dopracowana w najmniejszych detalach. Znajdziesz tutaj: • ogrzewanie podłogowe, • meble wykonywane na wymiar, • wysokiej klasy armaturę, • nowoczesne wykończenie inspirowane wnętrzami butikowych hoteli. Twój prywatny ogród w mieście Jednym z największych atutów tej nieruchomości jest taras o powierzchni 5,75 m² oraz przyległy ogródek 13,21 m². To miejsce stworzone na poranną kawę, letnie śniadania, odpoczynek z książką czy zabawę z dzieckiem. Trudno o bardziej komfortową przestrzeń do życia, zwłaszcza w nowoczesnym budownictwie. Budynek został zaprojektowany zgodnie z najnowszymi trendami architektonicznymi i oferuje udogodnienia, które jeszcze kilka lat temu były dostępne wyłącznie w inwestycjach premium. Do dyspozycji mieszkańców pozostają:- Smart Home umożliwiający wygodne zarządzanie mieszkaniem - reprezentacyjne części wspólne - monitoring oraz wideodomofony - zielone patio i ogrody deszczowe - prywatna siłownia - rowerownia ze stacją serwisową - ładowarki do samochodów elektrycznych - garaż podziemny - dodatkowo płatny 45 000 zł - komórka lokatorska - dodatkowo płatna 10 000 zł To miejsce zaprojektowane z myślą o wygodzie nie tylko dziś, ale również za kilka i kilkanaście lat lokalizacja, która zyskuje na wartości Ponikwoda od lat pozostaje jedną z najbardziej pożądanych dzielnic Lublina. Bliskość centrum miasta, świetna komunikacja, nowoczesna infrastruktura oraz liczne tereny zielone sprawiają, że jest to lokalizacja wybierana zarówno przez osoby szukające własnego miejsca do życia, jak i inwestorów. To mieszkanie będzie doskonałym wyborem dla osób, które chcą mieszkać wygodnie, nowocześnie i bez kompromisów. Najważniejsze informacje:- ul. Daliowa 14 – budynek B2 - 36,13 m² - taras 5,75 m² + ogródek 13,21 m² - komórka lokatorska 3,04 m² - miejsce parkingowe w garażu podziemnym - parter - kupujący nie płaci podatku PCC- to realna oszczędność już na starcie. Rozważasz kredytowanie tej nieruchomości? Współpracujemy z zaufanym i skutecznym doradcą kredytowym, który bez żadnych zobowiązań porówna oferty kredytowe w różnych bankach. Jeżeli marzysz o mieszkaniu, do którego wystarczy wnieść walizki i rozpocząć nowy etap życia, zapraszam do kontaktu. Tomasz Jurowicz",,tak,aneks,,własność,"Wyposażenie: lodówkę, piekarnik, pralkę, suszarkę, zmywarkę",51.277606,22.589585
Lublin Czechów Górny,ul. Harnasie,3,61,659000,10803.0,bez pośredników,,20,https://adresowo.pl/o/mieszkanie-lublin-czechow-gorny-ul-harnasie-3-pokojowe-g8r4l3,https://s2.adresowa.pl/oi/73/38/40be62_ba93_cover@2x-3-pokojowe-mieszkanie-lublin-czechow-gorny-ul-harnasie.webp,Lublin Czechów Górny,Harnasie,3,1988.0,blok,,"Bezpośrednio od właściciela, komfortowe mieszkanie o powierzchni 61 m2 przy ul. Harnasie 10, na osiedlu Szymanowskiego na Czechowie Północnym. Mieszkanie posiada 3 pokoje, oddzielną toaletę oraz kuchnię z zabudową meblową oraz zmywarką. Salon o powierzchni 19 m2 z oknami na południe z dużym balkonem. Mieszkanie znajduje się na 3 piętrze czteropiętrowego bloku. W mieszkaniu światłowód. Do mieszkania przypisane 2 piwnice ( jedna duża, druga mała). Lokal dobrze skomunikowany z centrum Lublina. Przystanek oddalony kilkanaście metrów od bloku ( 7 linii autobusowych ). Na osiedlu znajduje się pełna infrastruktura potrzebna do życia: kilka przedszkoli, żłobek, piekarnia, biblioteka, kościół oraz dwie szkoły podstawowe (43 i 16). W SP 16 znajduje się basen. W bezpośrednim sąsiedztwie znajduje się duży, ogólnodostępny parking. W okolicy znajdują się również sklepy Lidl, Aldi, Stokrotka oraz piekarnia. Szybki dojazd do obwodnicy od ul. Zelwerowicza.",tak,,osobna,plastikowe,własność,,51.276859,22.545012
Lublin LSM,ul. Tomasza Zana,2,44,399000,9068.0,bez pośredników,,8,https://adresowo.pl/o/mieszkanie-lublin-lsm-ul-tomasza-zana-2-pokojowe-b7c6r2,https://s2.adresowa.pl/oi/39/77/40be06_d10b_cover@2x-2-pokojowe-mieszkanie-lublin-lsm-ul-tomasza-zana.webp,Lublin LSM,Tomasza Zana,1,1970.0,blok,,"-mieszkanie 2 pokojowe, na 1 piętrze w 10 piętrowym wieżowcu z lat 70' -z balkonem i piwnicą -umeblowane -w pobliżu targ przy ul. Wileńskiej, Leclerc, przychodnia oraz przystanek autobusowy -do częściowego remontu -pełna własność -na podłogach w pokojach parkiet, w łazience, kuchni i przedpokoju kafelki",tak,,osobna,plastikowe,własność,,51.244357,22.516974
Lublin Bronowice,ul. Krańcowa,2,46,449000,9761.0,bez pośredników,,10,https://adresowo.pl/o/mieszkanie-lublin-bronowice-ul-krancowa-2-pokojowe-c9y8g1,https://s2.adresowa.pl/oi/24/16/40b86c_a38e_cover@2x-2-pokojowe-mieszkanie-lublin-bronowice-ul-krancowa.webp,Lublin Bronowice,Krańcowa,10,1985.0,blok,,"Na sprzedaż zadbane, funkcjonalne mieszkanie o powierzchni 48 m², położone na 10. piętrze w Lublinie, w dzielnicy Bronowice. Mieszkanie jest gotowe do zamieszkania i stanowi świetną propozycję zarówno dla osób szukających własnego mieszkania, jak i inwestora. Najważniejsze atuty mieszkania: - 48 m² powierzchni - 2 niezależne pokoje - 10. piętro (2 windy) - balkon z bardzo szerokim widokiem na Lublin i okolicę - Nowa klimatyzacja - Światłowód - Kamera - Wideofon - Jasny i przestronny salon - Komfortowa sypialnia - W pełni funkcjonalna kuchnia - Łazienka z prysznicem i pralką - Funkcjonalny przedpokój z dużą ilością miejsca do przechowywania (zabudowana szafa z wielkim lustrem) - Mieszkanie zadbane i urządzone w spójnej kolorystyce - Piękny widok z wysokiego piętra - Możliwość zarezerwowania strzeżonego miejsca parkingowego. Lublin Bronowice. Mieszkanie znajduje się w dobrze skomunikowanej części Lublina. Bronowice zapewniają wygodny dostęp do infrastruktury miejskiej, sklepów, punktów usługowych, komunikacji miejskiej oraz terenów rekreacyjnych. W pobliżu: Restauracje, Sklepy spożywcze, Szkoły, Przedszkola, Siłownia, Basen, Place zabaw. !BEZPOŚREDNIO OD WŁAŚCICIELA! Zapraszam do kontaktu i umówienia prezentacji. Mieszkanie warto zobaczyć na żywo, szczególnie ze względu na przestronność i funkcjonalność.",,,,,własność,Wyposażenie: klimatyzacja,51.231203,22.590761
Lublin,ul. Bernarda Wapowskiego,3,63,739000,11730.0,Pośrednik,,13,https://adresowo.pl/o/mieszkanie-lublin-ul-bernarda-wapowskiego-3-pokojowe-l5j5n5,https://s2.adresowa.pl/oi/10/74/3fdb74_fa34_cover@2x-3-pokojowe-mieszkanie-lublin-ul-bernarda-wapowskiego.webp,Lublin ,Bernarda Wapowskiego,parter,2005.0,blok,,"3-pokojowe mieszkanie 63,4 m² | Parter | Balkon | Lublin, ul. Wapowskiego Na sprzedaż przestronne i funkcjonalne mieszkanie o powierzchni 63,4 m², położone na parterze w zadbanym, czteropiętrowym bloku z 2005 roku, przy ul. Wapowskiego w Lublinie. To idealna propozycja dla rodzin z dziećmi, seniorów oraz osób poszukujących mieszkania bez barier architektonicznych. Przemyślany układ pomieszczeń oraz spokojna okolica sprawiają, że nieruchomość doskonale nadaje się również jako inwestycja pod wynajem. Najważniejsze informacje- powierzchnia: 63,4 m² - 3 ustawne pokoje - parter - blok 4-piętrowy z 2005 roku - balkon - łazienka oraz osobne WC - spółdzielcze własnościowe prawo do lokalu - czynsz ok. 570 zł/mies. Atuty mieszkania- monitorowane i ogrodzone osiedle, - domofon, - budynek przystosowany dla osób z niepełnosprawnościami, - telewizja kablowa i Internet, - plac zabaw na osiedlu, - liczne ogólnodostępne miejsca parkingowe wokół budynku. Lokalizacja Nieruchomość znajduje się przy ul. Wapowskiego na osiedlu z dobrze rozwiniętą infrastrukturą. W pobliżu znajdują się sklepy, szkoły, przedszkola, tereny rekreacyjne oraz przystanki komunikacji miejskiej, zapewniające sprawny dojazd do centrum Lublina.",,,,plastikowe,,Wyposażenie: internet,51.203006,22.547774
Lublin Bronowice,ul. Pogodna,1,36,325000,9028.0,Pośrednik,,12,https://adresowo.pl/o/mieszkanie-lublin-bronowice-ul-pogodna-1-pokoj-i8y3i4,https://s2.adresowa.pl/oi/71/54/3fd86c_82bb_cover@2x-1-pokojowe-mieszkanie-lublin-bronowice-ul-pogodna.webp,Lublin Bronowice,Pogodna,2,1965.0,blok,,"Do sprzedania zadbana, duża kawalerka w spokojnej osiedlowej lokalizacji (Lublin na os.Bronowice). Stan mieszkania dobry, może być sprzedane z pełnym umeblowaniem i wyposażeniem (także pralka, duża lodówka). Rozkład: duży pokój z wnęką sypialnianą + widna kuchnia + łazienka + WC + przedpokój. Przed blokiem duzo miejsc parkingowych, w bliskiej odległości sklepy (min Biedronka), przychodnie, szkoły, dogodny dojazd do centrum i do innych dzielnic miasta. Termin wydania: od 28.09.2026 ::DODATKOWE INFORMACJE Rodzaj budynku: blok Gaz: jest Woda: piecyk gazowy Dojazd: asfalt Ogrzewanie: miejskie Linie telefoniczne: TAK Internet: TAK Telewizja kablowa: TAK Winda: NIE Rozkład: rozkładowe Usytuowanie: narożne Opłaty wg liczników: woda, prąd, gaz Rodzaj mieszkania: jednopoziomowe Piwnica: TAK Stan lokalu: dobry Okna: nowe PCV Balkon: jest Powierzchnia użytkowa [m2]: 36,3300 Rok budowy: 1965 Liczba pokoi: 1 Powierzchnia pokoi [m2]: 20 Podłogi pokoi: panele Ściany pokoi: gładzie gipsowe Typ kuchni: widna Rodzaj kuchni: z zabudową kuchenną Powierzchnia kuchni [m2]: 5 Podłoga kuchni: terakota Typ łazienki: osobno z wc Glazura łazienki: nowego typu Podłoga łazienki: terakota Wyposażenie łazienki: wanna Ściany łazienki: glazura Podłoga przedpokoi: terakota ::LINK DO STRONY [www]/oferta.aspx?id=[numer] ::KONTAKT DO AGENTA Marcin Kuczyński [numer] [numer] [email] ::DANE BIURA BIURO NIERUCHOMOŚCI ANMA - MK Marcin Kuczyński BIURO NIERUCHOMOŚCI ANMA - MK MARCIN KUCZYŃSKI Hugona Kołłątaja 4 20-006 Lublin +48 [numer], [numer], +48 [numer] [www] Pośrednik odpowiedzialny zawodowo za wykonanie umowy pośrednictwa: Marcin Kuczyński (licencja nr: 4256)",,,osobna,plastikowe,własność,"Wyposażenie: internet, lodówka, pralka",51.233167,22.59544
Lublin Czechów Południowy,ul. Organowa,4,103,990000,9612.0,bez pośredników,,10,https://adresowo.pl/o/mieszkanie-lublin-czechow-poludniowy-ul-organowa-4-pokojowe-x8c6i4,https://s2.adresowa.pl/oi/3c/50/40b6d2_42a3_cover@2x-4-pokojowe-mieszkanie-lublin-czechow-poludniowy-ul-organowa.webp,Lublin Czechów Południowy,Organowa,2,1998.0,blok,,"Sprzedam wyjątkowe i niepowtarzalne dwupoziomowe mieszkanie o powierzchni 103 m2 (położone na drugim i trzecim piętrze budynku trzy piętrowego) wraz z dwoma komórkami oraz miejscem parkingowym w garażu podziemnym (całość 130m2). Mieszkanie o bardzo funkcjonalnym układzie, składa się z: - przestronnego jasnego salonu z kominkiem, kuchni, jadalni, garderoby, wc z umywalką i balkonem (pierwszy poziom mieszkania) oraz - 3 niezależnych pokoi z klimatyzacją, dużej łazienki i balkonu (drugi górny poziom mieszkania). Nieruchomość stanowi pełną własność, wspólnota mieszkaniowa. To unikatowa oferta komfortowego mieszkania w cichej i spokojnej wypełnionej zielenią okolicy oraz prestiżowej lokalizacji - Czechów Południowy przy ul. Organowej 3. Jest to idealna propozycja zarówno do zamieszkania przez rodzinę jak i jako inwestycja. Zainteresowanych zapraszam do kontaktu i obejrzenia. Cena do ew. negocjacji.",,tak,,plastikowe,własność,,51.260232,22.557807
Lublin,Tatary,3,46,445000,9674.0,bez pośredników,,7,https://adresowo.pl/o/mieszkanie-lublin-tatary-3-pokojowe-46-m2-w0q3b5,https://s2.adresowa.pl/oi/5d/4d/40b11e_c80d_cover@2x-3-pokojowe-mieszkanie-lublin-tatary.webp,Lublin Tatary,,2,,blok,,"Na sprzedaż funkcjonalne i przestronne mieszkanie o powierzchni 46 m², położone na 2. piętrze w dzielnicy Tatary w Lublinie. Mieszkanie składa się z: trzech niezależnych pokoi, oddzielnej kuchni, łazienki, przedpokoju. Do mieszkania przynależy również piwnica, zapewniająca dodatkową przestrzeń do przechowywania. Miesięczny czynsz wynosi około 400 zł. To idealna propozycja dla rodzin - w pobliżu znajdują się szkoły, przedszkola, sklepy oraz przystanki komunikacji miejskiej. Dzięki funkcjonalnemu układowi mieszkanie doskonale sprawdzi się również jako inwestycja pod wynajem. Zapraszam do kontaktu i obejrzenia mieszkania na żywo.",tak,,osobna,,,,51.243999,22.595551
Lublin Węglin,ul. Wróbla,2,47,634777,13506.0,Pośrednik,,15,https://adresowo.pl/o/mieszkanie-lublin-weglin-ul-wrobla-2-pokojowe-k8a3e3,https://s2.adresowa.pl/oi/54/5f/3fbef8_c34c_cover@2x-2-pokojowe-mieszkanie-lublin-weglin-ul-wrobla.webp,Lublin Węglin,Wróbla,2,2016.0,blok,,"Nowoczesne, funkcjonalne i gotowe do zamieszkania dwu pokojowe mieszkanie na osiedlu Węglin przy ulicy Wróbla. Bliskość komunikacji miejskiej, a także ciche i spokojne sąsiedztwo to nie jedyne atuty tej nieruchomości. Świetna propozycja dla par lub mieszkania na start. Na powierzchni 47,89 m2 znajduje się: - salon z wyjściem na balkon - sypialnia z wyjściem na balkon - aneks kuchenny - łazienka - przedpokój Czynsz administracyjny wynosi 609 zł. Ogrzewanie oraz woda z sieci miejskiej. Brak piecyka gazowego. Mieszkanie znajduje się na 2 piętrze w budynku z roku 2016 wyposażonym w windę. Duży balkon o powierzchni 10 m2 z pięknym widokiem na zachód. Możliwy zakup m miejsca postojowego w garażu podziemnym. Cena 60 000 zł. Wokół bloku miejsca ogólnodostępne za szlabanem. Doskonale rozwinięta infrastruktura - w bliskiej odległości ścieżka rowerowa, Stary Gaj, liczne sklepy i punkty usługowe, szkoły i przedszkola, miejsca rekreacyjne i galeria handlowa. Stan nieruchomości dokładnie tak jak na zdjęciach! Serdecznie zapraszam do kontaktu oraz na prezentację.",,,,,własność,,51.225053,22.470603
Lublin LSM,ul. Skrzatów,4,57,599000,10509.0,Pośrednik,,14,https://adresowo.pl/o/mieszkanie-lublin-lsm-ul-skrzatow-4-pokojowe-v1x2z9,https://s2.adresowa.pl/oi/4f/13/3fbef4_60c7_cover@2x-4-pokojowe-mieszkanie-lublin-lsm-ul-skrzatow.webp,Lublin LSM,Skrzatów,1,1972.0,blok,,"Ofertą sprzedaży jest 4 pokojowe mieszkanie, dwustronne, zlokalizowane w dzielnicy LSM-ul. Skrzatów! Nieruchomość idealna na wynajem jak i dla rodziny. Lokata kapitału! Blokiem zarządza Spółdzielnia- czynsz ok 910 zł przy jednej osobie. Mieszkanie składa się z następujących pomieszczeń łącznie: -Salon z wyjściem na balkon ok 15,00m -Kuchnia ok 6,70m -Sypialnia ok 6,50m -Sypialnia ok 10,50m -Sypialnia ok 7,50m -Łazienka ok 3,00m -WC ok. 1,00m -Hall ok 7,20m -Dodatkowo piwnica oraz schowek na klatce schodowej (płatne dodatkowo 20 000zł) -Balkon. ***Nieruchomość przeszła właśnie gruntowny remont: - wymianę instalacji elektrycznej - gładź na ścianach, - wymianę paneli w pokojach, - płytki gresow, łazienka, wc i przedpokój, - remont oraz wyposażenie łazienki (tj. kabina prysznicowa, umywalka z szafką, wc), - remont oraz wyposażenie kuchni (tj. meble w zabudowie kuchennej robione na wymiar, AGD-płyta indukcyjna , okap, piekarnik elektryczny, zlewozmywak), - wymiana drzwi wraz z ościeżnicami, Usytuowanie/odległość od: ***POLITECHNIKA LUBELSKA-2,00km! ***Kul-2,40km ***UMCS-1,70km ***Uniwersytet Przyrodniczy-1,80km ***Ogród Saski-2,80km ***Zalew Zemborzycki -ścieżka rowerowa-7,30km ok 20 min rowerem Zapraszam na prezentację, cena do lekkiej negocjacji!",tak,,osobna,,własność,Wyposażenie: piekarnik,51.234372,22.526927
Lublin Rury,ul. Skierki,3,54,479000,8870.0,bez pośredników,,10,https://adresowo.pl/o/mieszkanie-lublin-rury-ul-skierki-3-pokojowe-o2l5x1,https://s2.adresowa.pl/oi/16/2f/40af7e_a8f5_cover@2x-3-pokojowe-mieszkanie-lublin-rury-ul-skierki.webp,Lublin Rury,Skierki,3,1978.0,blok,,"Do sprzedania 3-pokojowe mieszkanie przy ul. Skierki 1 w Lublinie o powierzchni 54,7 m2 plus komórka o pow. 6,04 m2. 3-cie piętro (budynek 4-piętrowy). Stan techniczny mieszkania - do remontu/modernizacji. Okna z PCV w b. dobrym stanie technicznym, szczelne. Budynek jest b. dobrze docieplony. Klatka schodowa czysta, sąsiedzi przyjaźni. Miesięczny czynsz eksploatacyjny do LSM (zawierający między innymi media tzn. ogrzewanie, wodę, ścieki kanaliz., wywóz śmieci dla 3 osób) to 730 zł. Budynek jest w dobrym stanie technicznym, stale konserwowany. Obecnie w bloku prowadzone są prace remontowe elewacji. Mieszkanie posiada duży potencjał jeśli chodzi o zmianę funkcji i nowoczesnego designu. Poprzez częściowe wyburzenie ścian działowych gr. 14 cm (zaznaczone na czerwono na poglądowym rysunku) można stworzyć nową, przyjazną i funkcjonalną przestrzeń mieszkalną, dokładnie wpisującą się w obecne standardy projektowania i aranżacji mieszkań. Dzięki takiej aranżacji powstaje salon z funkcją kuchni o powierzchni ok. 30 metrów kwadratowych, przez co przyszli użytkownicy nie będą mieli poczucia ciasnoty, a wrażenie otwartej relaksacyjnej przestrzeni. Stworzenie tak dużej strefy wypoczynkowej w mieszkaniu o pow. 54,7 m kwadratowych to było duże wyzwanie projektowe, które tu z powodzeniem jest możliwe do zrealizowania, a co jest praktycznie niemożliwe do uzyskania w budynkach z lat 70/80-tych ubiegłego wieku, gdzie zgodnie z normami/wytycznymi projektowymi tamtych czasów, ""salony"" miały powierzchnię ok. 14 metrów kwadratowych, max. do 16 metrów. Jedna z załączonych plansz pokazuje nową aranżację pomieszczeń po wyburzeniu ścian działowych wraz z usytuowaniem sprzętów AGD, zabudowy kuchennej, sprzętów i akcesoriów łazienkowych oraz mebli w pokojach. Podsumowując - potencjalny nabywca wraz z kupnem mieszkania otrzymuje znakomitą koncepcję zmiany funkcji mieszkania i designu gratis, bez konieczności angażowania pracowni architektonicznej. Plusy tej lokalizacji to bliskość i dostępność do infrastruktury społecznej, czyli wygodne parkowanie z licznymi miejscami parkingowymi dla mieszkańców, świetna komunikacja miejska (50 m do najbliższego przystanku MPK) gwarantująca dojazd do centrum w 10 min., ALAB-diagnostyka, przychodnia zdrowia to odległość 30m, dwie szkoły podstawowe to 100m z możliwością dojścia osiedlową alejką bez konieczności przechodzenia przez ruchliwą ulicę, targ warzywny Wileńska 6 dni w tygodniu z lokalizacją restauracji, barów, kawiarni - odległość ok.100m, dwa domy kultury. Dużo zielonej przestrzeni, cisza, spokój, bezpieczna okolica to gwaranty prywatności i wysokiego komfortu życia. Z tego miejsca wszędzie jest blisko i szybko. Stan prawny nieruchomości: jeden właściciel, założona KW (nr do wglądu na życzenie kupującego), w dziale III, IV KW (roszczenia, ograniczenia, hipoteki) brak wpisów.",,,,plastikowe,własność,,51.243875,22.519028
Lublin Śródmieście,ul. Czwartek,2,40,491050,12276.0,bez pośredników,,10,https://adresowo.pl/o/mieszkanie-lublin-srodmiescie-ul-czwartek-2-pokojowe-l1k8x9,https://s2.adresowa.pl/oi/59/52/40ab96_b02b_cover@2x-2-pokojowe-mieszkanie-lublin-srodmiescie-ul-czwartek.webp,Lublin Śródmieście,Czwartek,2,,blok,,"Sprzedam mieszkanie 40.25m2, bardzo dobrej lokalizacji, blisko centrum. Mieszkanie 2 pokojowe z aneksem kuchennym, przedpokój i łazienka, oraz z komórką lokatorską. Mieszkanie znajduje się na 3 piętrze w bloku 9 piętrowym z windą. Jakiś czas temu po generalnym remoncie wymieniono instalacje wodno-kanalizacyjną oraz elektryczną/gazową. Zainteresowane osoby proszę o kontakt telefoniczny.",tak,,aneks,plastikowe,własność,,51.255028,22.572675
Lublin Bronowice,ul. Droga Męczenników Majdanka 53,2,37,380000,10270.0,bez pośredników,,13,https://adresowo.pl/o/mieszkanie-lublin-bronowice-ul-droga-meczennikow-majdanka-2-pokojowe-w2f5a7,https://s2.adresowa.pl/oi/49/76/40aa08_2dbf_cover@2x-2-pokojowe-mieszkanie-lublin-bronowice-ul-droga-meczennikow-majdanka.webp,Lublin Bronowice,Droga Męczenników Majdanka 53,8,1970.0,blok,,"Mieszkanie po remoncie, udostępnione od zaraz.w pełni umeblowane. Wyposażone w płytę gazową solgaz ,meble kuchenne robione na wymiar. W okolicy basen rekreacyjny 5 minut Przystanek autobusowy i trolejbusowy przy bloku.Do centrum 10 min. Okna na zachód. W okolicy dużo zieleni. Lidl,Biedronka ,Sokrotka,,Lewiatan ,targ Bronowice. Bezpośredni wyjazd na trasę szybkiego ruchu.",tak,,aneks,plastikowe,własność,,51.229931,22.594
Lublin,ul. Marii Curie-Skłodowskiej,3,87,860000,9885.0,Pośrednik,,36,https://adresowo.pl/o/mieszkanie-lublin-ul-marii-curie-sklodowskiej-3-pokojowe-a3z6b8,https://s2.adresowa.pl/oi/7d/37/3f9f24_45ae_cover@2x-3-pokojowe-mieszkanie-lublin-ul-marii-curie-sklodowskiej.webp,Lublin ,Marii Curie-Skłodowskiej,3,1930.0,kamienica,,"IDEALNE MIESZKANIE DLA STUDENTÓW NA MIASTECZKU AKADEMICKIM! | 87,14 m² – 3 POKOJE + GARAŻ | ROI PONAD 5%! Rozglądasz się za mieszkaniem dla świeżo upieczonego studenta? A może szukasz nieruchomości, która bezpiecznie ulokuje Twój kapitał i od pierwszego dnia po odświeżeniu zacznie generować wysokie, stabilne zyski? Ta oferta to absolutny unikat na lubelskim rynku. Przedwojenna kamienica przy ul. Marii Curie-Skłodowskiej to adres, który dla lubelskich studentów jest synonimem lokalizacji idealnej. Lokalizacja: Lublin, ul. Marii Curie-Skłodowskiej (Miasteczko Akademickie / Centrum) Cena całkowita (Mieszkanie + Garaż + Miejsce postojowe + Piwnica): 960 000 zł Szacowany koszt adaptacji: ok. 20 000 zł ANALIZA ROI – Policzmy Twój zysk: Mieszkanie ma 87,14 m² i doskonały układ pozwalający na bezproblemowy powrót do 3 niezależnych, potężnych i jasnych pokoi oraz osobnej kuchni. Przygotowanie lokalu pod najem studencki obejmuje drobne prace remontowe (wybicie jednych drzwi, zamurowanie starego otworu, odświeżenie ścian oraz pełne wyposażenie pokoi pod potrzeby studentów) o szacowanym budżecie ok. 20 000 zł. Prognozowany przychód miesięczny: - Wynajem 3 dużych pokoi studenckich: 3 × 1100 zł = 3300 zł / mc (przyjmując bezpieczną, średnią stawkę 1000–1200 zł za pokój w tej lokalizacji) - Wynajem prywatnego garażu (towar absolutnie deficytowy w centrum!): 500 zł / mc - Wynajem drugiego miejsca postojowego na zamykanym podwórku: 250 zł / mc - ŁĄCZNY PRZYCHÓD: 4050 zł miesięcznie (48 600 zł rocznie!) Roczna stopa zwrotu (ROI): Przy całkowitym koszcie inwestycji (zakup + adaptacja) wynoszącym 980000 zł, nieruchomość generuje rentowność na poziomie ponad 5% rocznie czystego zysku z najmu. Warto pamiętać, że wskaźnik ten nie uwzględnia stałego, długoterminowego wzrostu wartości samej nieruchomości w tej prestiżowej lokalizacji! Dlaczego studenci wybiorą właśnie to mieszkanie? - Doskonała LOKALIZACJA: Uniwersytet Marii Curie-Skłodowskiej (UMCS), Uniwersytet Przyrodniczy oraz KUL znajdują się w zasięgu kilkuminutowego spaceru. Studenci nie tracą czasu ani pieniędzy na dojazdy. - Przestrzeń i komfort: Ponadstandardowa wysokość sufitów przedwojennej kamienicy, olbrzymie okna i aż dwa balkony gwarantują standard, jakiego brakuje w ciasnych blokach z wielkiej płyty. - Zielony azyl w Centrum: Bezpośrednie sąsiedztwo Parku Saskiego oraz... dostęp do prywatnego ogrodu w centrum miasta. Garaż w centrum – Twój as w rękawie: Zakup mieszkania wraz z garażem i dodatkowym miejscem na zamykanym podwórku to klucz do maksymalizacji zysków. W tej części Lublina znalezienie wolnego miejsca graniczy z cudem. Garaż możesz wynająć lokatorowi, osobie z zewnątrz (np. pracownikowi okolicznych biur lub uczelni za 500 zł/mc) albo zostawić do własnej dyspozycji. Dodatkowy atut: Do mieszkania przynależy duża piwnica, idealna na przechowanie rowerów czy hulajnóg studenckich. Nie pozwól, aby ubiegł Cię inny inwestor. Taka powierzchnia z garażem na Miasteczku Akademickim to rzadkość, która szybko znika z rynku! Zapraszam na prezentację! Twój Agent - Marek Gągola",tak,,osobna,plastikowe,własność,,51.245886,22.544605
Lublin Majdan Tatarski,ul. Majdan Tatarski 6,2,52,465000,8942.0,Pośrednik,,28,https://adresowo.pl/o/mieszkanie-lublin-majdan-tatarski-ul-majdan-tatarski-2-pokojowe-r0v0s4,https://s2.adresowa.pl/oi/3f/6f/3f8e5c_c01d_cover@2x-2-pokojowe-mieszkanie-lublin-majdan-tatarski-ul-majdan-tatarski.webp,Lublin Majdan Tatarski,Majdan Tatarski 6,3,1994.0,blok,,"Przestronne, dwustronne mieszkanie w zielonej części Lublina – ul. Majdan Tatarski 6 Szukasz idealnego miejsca dla rodziny lub cichej oazy z doskonałym dojazdem do centrum? To funkcjonalne mieszkanie o powierzchni 52,76 m² które łączy w sobie urok spokojnej, zielonej okolicy z pełną miejską infrastrukturą. Zlokalizowane na trzecim piętrze w kameralnym, trzypiętrowym bloku z 1994 roku, oferuje przestrzeń, jakiej próżno szukać na nowo powstających, ciasno zabudowanych osiedlach. Układ pomieszczeń i wyjątkowa ekspozycja! Mieszkanie charakteryzuje się niezwykle poszukiwanym, dwustronnym układem, który gwarantuje przewiew oraz doskonałe doświetlenie przez większość dnia:- Długie godziny ze słońcem: Salon z wyjściem na balkon oraz sypialnia wychodzą na południowy wschód. Dzięki takiej ekspozycji naturalne światło gości w tych pokojach od samego rana i utrzymuje się przez bardzo długi czas, sprawiając, że wnętrza są wyjątkowo jasne, ciepłe i przytulne. - Słoneczne popołudnia i wieczory: Duża, jasna i oddzielna kuchnia skierowana jest na zachód. To idealne rozwiązanie, które zapewnia świetne doświetlenie w godzinach popołudniowych, kiedy przygotowujesz posiłki po powrocie z pracy. - Komfort na co dzień: Dwa ustawne pokoje, oddzielna łazienka oraz całkowicie niezależna toaleta to układ zapewniający prywatność wszystkim domownikom. Standard i wyposażenie:- Kuchnia: W cenie nieruchomości pozostaje pełna zabudowa meblowa wraz z kompletnym wyposażeniem AGD. - Okna: Stolarka PCV w dobrym stanie, doskonale spełniająca swoją funkcję. - Instalacje: Elektryka miedziana, co gwarantuje spokój i bezpieczeństwo na lata. - Media z sieci miejskiej: Ogrzewanie oraz ciepła woda dostarczane są z sieci miejskiej (brak piecyka gazowego). W lokalu dostępny jest prąd, gaz, woda, kanalizacja oraz szybki światłowód. Dodatkowe atuty nieruchomości:- Bezpieczny, przestronny balkon: Został w pełni zabezpieczony siatką – to idealne rozwiązanie chroniące przed ptakami oraz zapewniające pełne bezpieczeństwo dla Twojego kota lub psa. - Przechowywanie: Do mieszkania przynależy pojemna piwnica o pow. 3,35 m2. - Prywatny parking: Oprócz standardowych miejsc postojowych przy bloku, mieszkańcy mają wyłączny dostęp do własnego, ogrodzonego terenu parkingowego zamykanego na klucz. - Solidne budownictwo: Blok wzniesiony z ciepłego i trwałego materiału (Suporex) + ocieplony styropianem. - Stan prawny: Czysta sytuacja formalna – założona Księga Wieczysta, nieruchomość nie posiada żadnych obciążeń hipotecznych. Lokalizacja, która ułatwia życie: Majdan Tatarski to rejon, który dynamicznie się rozwija, jednak ta konkretna lokalizacja broni się niską zabudową i ogromną ilością dojrzałej zieleni wokół bloku.- Zakupy pod ręką: W najbliższym sąsiedztwie znajdują się markety Kaufland oraz Biedronka. - Dla rodziny: Bliskość szkół oraz przedszkoli sprawia, że jest to logistyczny raj dla rodziców. Komunikacja: Świetny i szybki dojazd do ścisłego centrum Lublina, a także błyskawiczny wylot na obwodnicę miasta. Rozważasz kredytowanie tej nieruchomości? Współpracujemy z zaufanym i skutecznym doradcą kredytowym, który bez żadnych zobowiązań porówna oferty kredytowe w różnych bankach. Zapraszam na prezentację! Twój Agent – Tomasz Jurowicz",tak,,aneks,plastikowe,własność,,51.237222,22.590833
Lublin LSM,ul. Pana Wołodyjowskiego,3,47,475000,10106.0,bez pośredników,,8,https://adresowo.pl/o/mieszkanie-lublin-lsm-ul-pana-wolodyjowskiego-3-pokojowe-i6d8z1,https://s2.adresowa.pl/oi/3b/14/40a99e_7def_cover@2x-3-pokojowe-mieszkanie-lublin-lsm-ul-pana-wolodyjowskiego.webp,Lublin LSM,Pana Wołodyjowskiego,parter,,blok,,"Oferuję na sprzedaż mieszkanie o powierzchni 47,90 m², znajdujące się na parterze bloku 4-piętrowego. Budynek położony jest w otoczeniu zieleni, w pobliżu osiedlowego wąwozu. W pobliżu sklepy, apteka, przedszkole, place zabaw, punkty usługowe. Miejsce jest dobrze skomunikowane z innymi częściami miasta, 3 przystanki na UMCS, UP, Politechnikę. Mieszkanie jest umeblowane i gotowe do zamieszkania. Jest idealne dla rodzin z dziećmi, osób starszych (parter, sklep obok) oraz jako inwestycja na wynajem. Do mieszkania przynależy piwnica.",tak,,,,,,51.238323,22.514488
Lublin,LSM,3,47,499000,10617.0,bez pośredników,,8,https://adresowo.pl/o/mieszkanie-lublin-lsm-3-pokojowe-47-m2-l1r5f2,https://s2.adresowa.pl/oi/36/12/40a928_a4a2_cover@2x-3-pokojowe-mieszkanie-lublin-lsm.webp,Lublin LSM,,1,,blok,,"Oferuję do sprzedania mieszkanie w spokojnej dzielnicy na starym LSM-ie. Mieszkanie znajduje się na pierwszym piętrze, z balkonem. Środkowa kondygnacja. Nad mieszkaniem tylko jedno piętro. Składa się z trzech pokoi, kuchni i łazienki. Stan dobry, po częściowym remoncie (łazienka, część drzwi w mieszkaniu). Na wyposażeniu kuchni zmywarka oraz kuchenka elektryczno - gazowa (lodówka, raczej do wymiany). W łazience prysznic. Brak mebli. Do mieszkania przynależą dwie piwnice. Budynek znajduje się w otoczeniu zieleni, blisko do przychodni, marketu (E.Leclerc na T. Zana), targu, aptek, poczty, żłobka, przedszkola, szkół podstawowych (nr 3 oraz 29), szkoły średniej (IX L.O.), a także uczelni (UMCS, Uniwersytet Przyrodniczy), łatwo dostać się również do KULu oraz Politechniki Lubelskiej.",tak,,,,,"Wyposażenie: kuchenka, lodówka, zmywarka",51.24001,22.525
Lublin Kalinowszczyzna,ul. Niepodległości,3,57,600000,10526.0,bez pośredników,,15,https://adresowo.pl/o/mieszkanie-lublin-kalinowszczyzna-ul-niepodleglosci-3-pokojowe-h6x3p2,https://s2.adresowa.pl/oi/58/19/40a8e8_8b3b_cover@2x-3-pokojowe-mieszkanie-lublin-kalinowszczyzna-ul-niepodleglosci.webp,Lublin Kalinowszczyzna,Niepodległości,7,1980.0,blok,,"Komfortowe mieszkanie na zielonym, dobrze skomunikowanym osiedlu w Lublinie. Blok z wielkiej płyty lat '80. Układ mieszkania jednostronny, wystawa wschodnio-południowa. Mieszkanie po generalnym remoncie. Wymieniona instalacja elektryczna, gazowa i sanitarna. Nie wymaga wkładu finansowego, jedynie odświeżenia. W skład wchodzą: - 3 niezależne pokoje, - kuchnia, - łazienka, - toaleta, - przynależna komórka lokatorska. Blisko szkoła, przedszkole, apteka, przychodnia, Park Zawilcowa i kościół. Mieszkanie usytuowane na 7 piętrze, 2 windy w bloku. Mieszkanie wyposażone w meble na wymiar w kuchni, salonie oraz korytarzu duża szafa wnękowa. W salonie i sypialni zamontowano niedawno rolety plisowane zacieniające typu plaster miodu. W pokoju dziecięcym i kuchni rolety dzień-noc. W bloku dostęp do pomieszczenia wspólnego ""wózkowni"" zlokalizowanej na parterze. Klatka zabezpieczona kratą na klucz, 4 mieszkania w jednym skrzydle, 8 na piętrze. Cena podlega rozsądnym negocjacjom.",tak,,,plastikowe,własność,,51.25866,22.593008
Lublin,ul. Altanowa 6,2,48,189000,3938.0,Pośrednik,,24,https://adresowo.pl/o/mieszkanie-lublin-ul-altanowa-2-pokojowe-v1c5y3,https://s2.adresowa.pl/oi/5a/2f/3f8874_651a_cover@2x-2-pokojowe-mieszkanie-lublin-ul-altanowa.webp,Lublin ,Altanowa 6,3,,blok,,"Do odstąpienia mieszkanie w systemie TBS o powierzchni 48 m², położone w spokojnej i dobrze skomunikowanej części Lublina. Świetna lokalizacja – blisko Ogrodu Botanicznego jest to idealne miejsce na spacery i relaks. W pobliżu pełna infrastruktura: sklepy, przystanki komunikacji miejskiej, kościół, przychodnia medyczna i ścieżka rowerowa. Idealne mieszkanie dla rodzin lub osób szukających przestronnego lokum w przystępnej cenie! Lokalizacja: Lublin, ul. Altanowa 6 Powierzchnia: 48 m² Piętro: 3 z 3 Liczba pokoi: 2 Czynsz: ok. 1500 zł Najważniejsze atuty mieszkania: - Ogrzewanie gazowe ze wspólnej kotłowni – ekonomiczne i wydajne rozwiązanie - Ciepła woda z kotłowni wspólnej – brak konieczności korzystania z bojlera - Piwnica – ok 3 m² dodatkowej przestrzeni do przechowywania - Balkon - Kuchenka gazowa - Funkcjonalny układ pomieszczeń – wygodna przestrzeń do życia - Dobra lokalizacja – blisko przystanki komunikacji miejskiej, sklepy, szkoły, przedszkola W cenie 189 000 zł zawarta jest kaucja oraz partycypacja, czyli realnie koszt odstępnego to jedyne 138 000 zł! Warunki TBS: Mieszkanie jest w systemie Towarzystwa Budownictwa Społecznego (TBS), co oznacza, że kupujący przejmuje partycypację i wynajmuje mieszkanie od TBS na preferencyjnych warunkach. Ogłoszenie dedykowane jest dla osób spełniających wymagane warunki o przydziale mieszkania w zasobach TBS. To idealne rozwiązanie dla kogoś, kto nie chce lub nie może skorzystać z kredytu hipotecznego, a chce posiadać nieruchomość i swobodnie nią dysponować. Zapraszam do kontaktu i na prezentację! Twój Agent – Tomasz Jurowicz",tak,,osobna,,,Wyposażenie: kuchenka,51.265701,22.522748
Lublin,ul. Bursztynowa,2,23,299000,13000.0,Pośrednik,,19,https://adresowo.pl/o/mieszkanie-lublin-ul-bursztynowa-2-pokojowe-h1n4j7,https://s2.adresowa.pl/oi/4a/42/3f8258_4ca1_cover@2x-2-pokojowe-mieszkanie-lublin-ul-bursztynowa.webp,Lublin ,Bursztynowa,4,1996.0,blok,,"Na sprzedaż funkcjonalne i dobrze rozplanowane mieszkanie o powierzchni 23,75 m², położone przy ul. Bursztynowej. To doskonała propozycja dla singla, pary, studenta lub inwestora poszukującego mieszkania pod wynajem. Najważniejsze atuty nieruchomości:- powierzchnia użytkowa: 23,75 m² - po podłodze większa! - 2 pokoje – salon z aneksem kuchennym oraz oddzielna sypialnia - do mieszkania przynależy piwnica - nowe okna PCV (Velux) wyposażone w rolety zaciemniające - nowe drzwi wejściowe - schowek przy łazience - ekspozycja okien na południowy zachód, zapewniająca dobre doświetlenie wnętrz - cicha i spokojna okolica, blisko Starego Gaju - świetna lokalizacja z szybkim dojazdem do centrum miasta, a także błyskawiczny wylot na obwodnicę miasta. Mieszkanie jest idealnym wyborem dla osób ceniących komfort codziennego życia oraz dogodny dostęp do miejskiej infrastruktury. W pobliżu znajdują się sklepy, przystanki komunikacji miejskiej, tereny zielone oraz punkty usługowe. Rozważasz kredytowanie tej nieruchomości? Współpracujemy z zaufanym i skutecznym doradcą kredytowym, który bez żadnych zobowiązań porówna oferty kredytowe w różnych bankach. Zapraszam na prezentację! Twój Agent – Tomasz Jurowicz",tak,,aneks,plastikowe,własność,,51.222778,22.517511
Lublin Bronowice,ul. Łabędzia,3,44,528000,12000.0,bez pośredników,,16,https://adresowo.pl/o/mieszkanie-lublin-bronowice-ul-labedzia-3-pokojowe-g5d6a3,https://s2.adresowa.pl/oi/40/6e/40a3c8_55dd_cover@2x-3-pokojowe-mieszkanie-lublin-bronowice-ul-labedzia.webp,Lublin Bronowice,Łabędzia,2,1980.0,blok,,"Pośredników zapraszam wyłącznie z konkretnym, zainteresowanym klientem. Nie podpisuję umów pośrednictwa, umów na wyłączność ani innych umów o współpracy. Na sprzedaż trzypokojowe mieszkanie o powierzchni 44,19 m², położone na 2. piętrze dziesięciopiętrowego bloku przy ul. Łabędziej 17 w Lublinie. Mieszkanie jest dwustronne, z ekspozycją północną i wschodnią. Za oknami znajduje się dużo zieleni, dzięki czemu wnętrza mają przyjemny, zielony widok mimo miejskiej lokalizacji. Funkcjonalny układ trzech pokoi na powierzchni 44,19 m² pozwala wygodnie zorganizować salon, sypialnię oraz pokój dziecięcy albo gabinet. Drugie piętro zapewnia wygodny dostęp do mieszkania, a w budynku znajdują się dwie windy. W skład mieszkania wchodzą: trzy oddzielne pokoje, osobna kuchnia, łazienka, przedpokój, balkon. Do mieszkania przynależy również piwnica o powierzchni około 3 m². Lokal przeszedł generalny remont wnętrza. Ściany zostały wyrównane i wykończone gładzią, zamontowano spójną stolarkę drzwiową, w tym nowe drzwi wewnętrzne i wejściowe. W całym mieszkaniu wykonano jednolitą podłogę na jednym poziomie, bez progów między pomieszczeniami. Kuchnia została wyposażona w nową zabudowę meblową oraz sprzęt AGD: lodówkę, piekarnik, płytę gazową i zmywarkę o szerokości 60 cm. Odnowiona łazienka ma nową glazurę, armaturę i pralkę. Pokoje pozostają nieumeblowane, dzięki czemu mieszkanie można szybko urządzić zgodnie z własnym gustem i potrzebami. Układ sprawdzi się zarówno dla pary, rodziny z dzieckiem, jak i osoby potrzebującej dodatkowego pokoju do pracy. Część zdjęć przedstawia wizualizacje komputerowe przykładowego umeblowania salonu, sypialni, pokoju dziecięcego i przedpokoju. Wizualizacje zostały wykonane na podstawie rzeczywistych zdjęć pomieszczeń. Pokazane na nich meble oraz dodatki nie stanowią wyposażenia mieszkania i nie są przedmiotem sprzedaży. Dużym atutem jest rozwinięta infrastruktura dostępna w zasięgu krótkiego spaceru. Orientacyjne odległości pieszo: apteka i punkt pobrań Luxmed - w budynku, Żabka - około 100 m, Stokrotka - około 100 m, Rynek Bronowice - około 100 m, przystanki autobusowe - około 100 m, przychodnia - około 100 m, Centrum Sportowo-Rekreacyjne Łabędzia z basenami - około 100 m, liczne punkty gastronomiczne i restauracje - w promieniu około 100 m, Rossmann - około 150 m, Biedronka - około 200 m, Lidl - około 300 m, szkoła podstawowa - około 300 m, piekarnia Orlikowski - około 500 m, Kaufland - około 600 m, OBI - około 700 m, centrum handlowe Felicity i Leroy Merlin - około 1,2 km. Takie położenie pozwala załatwić większość codziennych spraw bez korzystania z samochodu, a bliskość szkoły, punktów medycznych, sklepów i obiektów rekreacyjnych jest szczególnie praktyczna dla rodziny z dzieckiem. Czynsz administracyjny wynosi obecnie około 800 zł miesięcznie. Forma własności to pełna własność, a dla lokalu prowadzona jest księga wieczysta. Zapraszam do kontaktu w celu uzyskania dodatkowych informacji i umówienia prezentacji mieszkania.",tak,,osobna,,własność,"Wyposażenie: lodówkę, piekarnik, pralkę, zmywarkę",51.232066,22.59297
Lublin Kalinowszczyzna,ul. Stefana Okrzei,1,23,284900,12387.0,bez pośredników,,12,https://adresowo.pl/o/mieszkanie-lublin-kalinowszczyzna-ul-stefana-okrzei-1-pokoj-t6u7h6,https://s2.adresowa.pl/oi/49/50/40a0d6_9e28_cover@2x-1-pokojowe-mieszkanie-lublin-kalinowszczyzna-ul-stefana-okrzei.webp,Lublin Kalinowszczyzna,Stefana Okrzei,parter,1980.0,blok,,"Zapraszam do zakupu kameralnej kawalerki w urokliwej, dobrze skomunikowanej i położonej blisko centrum miasta okolicy. Mieszkanie umeblowane, z aneksem kuchennym w przedpokoju, pod blokiem parking wolnodostępny. Bez balkonu. Mieszkanie doskonałe na wynajem, co najmniej bardzo dobre do mieszkania wg dotychczasowych lokatorów. Obecnie wynajmowane, możliwość przejęcia aktualnej umowy najmu lub jej rozwiązania (2 m-ce okresu wypowiedzenia, do ewentualnej negocjacji). Najemca sprawdzony, godny polecenia.",,,aneks,,własność,,51.255287,22.583059
Lublin Tatary,ul. Hutnicza,3,46,395000,8587.0,bez pośredników,,8,https://adresowo.pl/o/mieszkanie-lublin-tatary-ul-hutnicza-3-pokojowe-r4o2i6,https://s2.adresowa.pl/oi/47/53/40a09a_54f1_cover@2x-3-pokojowe-mieszkanie-lublin-tatary-ul-hutnicza.webp,Lublin Tatary,Hutnicza,3,,blok,,"Mieszkanie 46 m² | 3 pokoje | Lublin, ul. Hutnicza 20 Na sprzedaż funkcjonalne 3-pokojowe mieszkanie o powierzchni 46 m², położone na 3. piętrze przy ul. Hutniczej 20 w Lublinie, w dzielnicy Tatary. Najważniejsze informacje: * powierzchnia: 46 m² * 3 pokoje * 3. piętro * ul. Hutnicza 20, Lublin - Tatary * funkcjonalny rozkład pomieszczeń * ogrzewanie miejskie * do mieszkania przynależy piwnica * spokojna okolica z bardzo dobrą infrastrukturą W pobliżu znajdują się sklepy, szkoły, przedszkola, przystanki komunikacji miejskiej oraz tereny zielone. Lokalizacja zapewnia szybki dojazd do centrum Lublina. Cena: 395 000 zł - do negocjacji. Zapraszam do kontaktu i umówienia się na prezentację mieszkania. Sprzedaż bezpośrednia",tak,,,,,,51.242799,22.594454
Lublin,Choiny,2,43,587250,13657.0,Pośrednik,,8,https://adresowo.pl/o/mieszkanie-lublin-choiny-2-pokojowe-43-m2-d1u1j5,https://s2.adresowa.pl/oi/7e/4b/3f817a_6a3a_cover@2x-2-pokojowe-mieszkanie-lublin-choiny.webp,Lublin Choiny,,3,2026.0,blok,,"Nowoczesne 2-pokojowe mieszkanie z widokiem na zieleń | 43,5 m² | Osiedle Koncertowe Wzgórze | Gotowe do zamieszkania Szukasz mieszkania, do którego możesz wprowadzić się od razu, bez remontów i dodatkowych nakładów finansowych? A może zależy Ci na nowoczesnym lokalu w świetnej lokalizacji, który będzie również doskonałą inwestycją pod wynajem? Ta oferta spełni oczekiwania nawet najbardziej wymagających. Na sprzedaż komfortowe, funkcjonalnie zaprojektowane mieszkanie o powierzchni 43,5 m², położone na 3 piętrze nowoczesnego budynku na cenionym osiedlu Koncertowe Wzgórze w Lublinie. Kupujący jest zwolniony z podatku PCC (2%), co oznacza realną oszczędność już na starcie. Funkcjonalny układ pomieszczeń: • salon z aneksem kuchennym - 20,65 m² • sypialnia - 12,94 m² • łazienka - 4,96 m² • przedpokój - 5,15 m² • przestronny balkon o powierzchni 6 m² Przemyślany rozkład sprawia, że mieszkanie jest niezwykle wygodne zarówno dla singla, pary, jak i małej rodziny. Lokal został wykończony w nowoczesnym, ponadczasowym stylu z dbałością o estetykę oraz funkcjonalność. Do dyspozycji przyszłego właściciela pozostaje wykonana na wymiar zabudowa kuchenna wraz z kompletnym sprzętem AGD. Całość jest gotowa do wprowadzenia bez konieczności ponoszenia dodatkowych kosztów. Dlaczego warto? • nowoczesny budynek na kameralnym osiedlu, • mieszkanie gotowe do zamieszkania, • duży balkon z przyjemnym widokiem na tereny zielone, • spokojna i bardzo dobrze skomunikowana okolica, • świetna propozycja zarówno do zamieszkania, jak i jako inwestycja pod wynajem, • w pobliżu sklepy, punkty usługowe, przystanki komunikacji miejskiej oraz tereny rekreacyjne. Do mieszkania przynależy naziemne miejsce postojowe, dostępne za dodatkową opłatą 35 000 zł. Zapraszam do kontaktu i umówienia prezentacji. To doskonała okazja, aby zamieszkać na jednym z najbardziej poszukiwanych osiedli w Lublinie lub bezpiecznie ulokować swój kapitał w nieruchomości o wysokim potencjale.",,tak,,,własność,,51.279399,22.542132
Lublin Węglin,ul. Jemiołuszki,3,51,525000,10294.0,Pośrednik,,15,https://adresowo.pl/o/mieszkanie-lublin-weglin-ul-jemioluszki-3-pokojowe-l7t7h5,https://s2.adresowa.pl/oi/73/5c/3f4c1c_f078_cover@2x-3-pokojowe-mieszkanie-lublin-weglin-ul-jemioluszki.webp,Lublin Węglin,Jemiołuszki,1,2026.0,blok,,"3-pokojowe mieszkanie 51,85 m2 | Stan deweloperski | Osiedle Jemiołuszki | Węglin Południowy | Pierwsze piętro Na sprzedaż nowoczesne, 3-pokojowe mieszkanie o powierzchni 51,85 m2, położone na I piętrze kameralnego budynku z windą na Osiedlu Jemiołuszki w lubelskiej dzielnicy Węglin Południowy. To doskonała propozycja dla osób poszukujących komfortowego mieszkania w nowym budownictwie, które chcą urządzić wnętrze zgodnie z własnym stylem i potrzebami. Mieszkanie zostało zaprojektowane z myślą o wygodzie mieszkańców i składa się z: -salonu z aneksem kuchennym - 17,84 m2, -sypialni - 11,90 m2, -pokoju - 9,58 m2, -łazienki - 3,82 m2, -przestronnego przedpokoju - 8,71 m2. Dodatkowym atutem jest narożny balkon o powierzchni 11 m2, który stanowi idealne miejsce na poranną kawę lub popołudniowy relaks. Dwustronna ekspozycja okien na wschód i południe zapewnia doskonałe doświetlenie wnętrz przez cały dzień. Do największych zalet mieszkania należy funkcjonalny układ pomieszczeń oraz położenie na I piętrze nowoczesnego budynku wyposażonego w cichobieżną windę, która zapewnia wygodny dostęp również do hali garażowej. Mieszkanie oferowane jest w stanie deweloperskim, dzięki czemu przyszły właściciel może wykończyć je według własnego projektu i indywidualnych potrzeb. Miesięczny czynsz wynosi około 500 zł i obejmuje m.in. koszty ogrzewania oraz ciepłej wody. Nieruchomość posiada spółdzielcze własnościowe prawo do lokalu. Istnieje możliwość zakupu miejsca postojowego w garażu podziemnym w cenie 45 000 zł, co zapewnia wygodę i bezpieczeństwo parkowania przez cały rok. Do mieszkania przynależy Komórka loaktorska zawarta w cenie nieruchomości. Mieszkanie znajduje się na Osiedlu Jemiołuszki, zrealizowanym przez SBM Oaza. Kameralna zabudowa, nowoczesna architektura oraz estetycznie zagospodarowane części wspólne tworzą przyjazne miejsce do życia. Budynek wyposażony jest w windę, halę garażową oraz komórki lokatorskie, a teren osiedla jest ogrodzony i posiada wjazd zabezpieczony szlabanem. Budownictwo spółdzielcze cenione jest za solidne wykonanie, dbałość o jakość zastosowanych materiałów oraz przemyślane rozwiązania techniczne. To doskonała propozycja dla osób poszukujących trwałej i komfortowej nieruchomości na lata. Węglin Południowy to jedna z najszybciej rozwijających się części Lublina, ceniona za spokojne otoczenie i dużą ilość terenów zielonych. W pobliżu znajdują się sklepy, w tym Biedronka i Selgros, przystanki komunikacji miejskiej, szkoła podstawowa oraz planowany nowy kompleks szkolny. Lokalizacja zapewnia szybki dojazd do pozostałych części miasta, jednocześnie oferując komfort mieszkania z dala od miejskiego zgiełku. To idealna propozycja dla rodzin, par oraz osób szukających nowego mieszkania w atrakcyjnej lokalizacji z możliwością własnej aranżacji wnętrza. Zapraszam do kontaktu telefonicznego oraz na prezentacje nieruchomości. Niniejsze ogłoszenie ma charakter informacyjny i nie stanowi oferty w rozumieniu art. 66 i następnych Kodeksu cywilnego. Dane zawarte w ogłoszeniu zostały sporządzone na podstawie informacji uzyskanych od właściciela nieruchomości i mogą ulec zmianie. ::",,,aneks,,spółdzielcze własnościowe,,51.222559,22.47875
Lublin Wieniawa,ul. Józefa Bema,4,100,1300000,13000.0,bez pośredników,,20,https://adresowo.pl/o/mieszkanie-lublin-wieniawa-ul-jozefa-bema-4-pokojowe-v3e8p6,https://s2.adresowa.pl/oi/5d/5e/40a016_77f6_cover@2x-4-pokojowe-mieszkanie-lublin-wieniawa-ul-jozefa-bema.webp,Lublin Wieniawa,Józefa Bema,2,2016.0,kamienica,,"Eleganckie mieszkanie w dzielnicy Wieniawa o powierzchni użytkowej 100 m2, wybudowane w 2016 roku. Mieszkanie jest dwupoziomowe. Na I poziomie znajduje się salon, jadalnia z aneksem kuchennym i łazienka z wanną około 6 m2. oraz balkon z widokiem na zieleń. Podłoga wykończona gresem. Na II poziomie są trzy pokoje, łazienka z prysznicem i osobne pomieszczenie na pralnie. Podłoga drewno naturalne. Mieszkanie wykończone w wysokim standardzie. Ogrzewanie i ciepła woda piec dwufunkcyjny Buderus. Kamienica po kapitalnym remoncie. Do mieszkania przynależy garaż na ogrodzonym terenie z wygodnym wjazdem przez bramę otwieraną na pilota. Dodatkowym atutem są znajdujące się na działce miejsca postojowe. Mieszkanie znajduje się w doskonałej, spokojnej lokalizacji, wsród zieleni w bezpośrednim sąsiedztwie Miasteczka Akademickiego. W odległości 100 m znajdują się sklepy spożywcze, punkty gastronomiczne, przedszkola, żłobek, szkoła podstawowa, oraz szkoła średnia. Mieszkanie znajduje się w pobliżu licznych przystanków komunikacji miejskiej. Czynsz 660 zł. Dostępne od 1 września 2026. Bezpośrednio od właściciela.",,tak,aneks,,,,51.246952,22.536375
Lublin Konstantynów,ul. Ułanów,4,75,600000,8000.0,bez pośredników,,7,https://adresowo.pl/o/mieszkanie-lublin-konstantynow-ul-ulanow-4-pokojowe-f4i0j8,https://s2.adresowa.pl/oi/4a/1d/409f84_c3a0_cover@2x-4-pokojowe-mieszkanie-lublin-konstantynow-ul-ulanow.webp,Lublin Konstantynów,Ułanów,1,1995.0,blok,,"Na sprzedaż mieszkanie o powierzchni 75 m² w bloku z cegły, z 1995 roku. Znajduje się na pierwszym piętrze i ma pełną własność. W skład mieszkania wchodzi balkon, pomieszczenie użytkowe oraz piwnica. Do dyspozycji masz również garaż (sprzedawany osobno) lub miejsce parkingowe. Ogrzewanie miejskie oraz dostęp do internetu ułatwiają codzienne życie. Lokalizacja w Konstantynowie, w Lublinie, zapewnia łatwy dostęp do wielu udogodnień. W pobliżu znajdziesz: - sklepy spożywcze (Stokrotka Express, Groszek) - restauracje (Bistro Poczekajka, Koh-I-Noor) - szkoły oraz przedszkola - parki (Park Jana Pawła II) - przychodnie i apteki. Dobre połączenia komunikacyjne umożliwiają szybki dojazd do centrum Lublina. To idealne miejsce dla rodzin oraz osób ceniących wygodę. Ilość pokoi pozwala na inwestycję pod wynajem dla studentów. Możliwość zrobienia jeszcze jednego pokoju. Zainteresowany? Skontaktuj się i umów się na prezentację! Biurom nieruchomości DZIĘKUJĘ.",tak,tak,,drewniane,własność,Wyposażenie: internet,51.236673,22.504925
Lublin Śródmieście,ul. Bolesława Prusa,3,55,660000,12000.0,bez pośredników,,16,https://adresowo.pl/o/mieszkanie-lublin-srodmiescie-ul-boleslawa-prusa-3-pokojowe-j2d8s5,https://s2.adresowa.pl/oi/6b/7d/409f32_359f_cover@2x-3-pokojowe-mieszkanie-lublin-srodmiescie-ul-boleslawa-prusa.webp,Lublin Śródmieście,Bolesława Prusa,2,2004.0,blok,,"Oferuję przestronne mieszkanie na sprzedaż w Lublinie. Nieruchomość znajduje się na 2. piętrze trzypiętrowego bloku z cegły. Mieszkanie ma 55 m² i jest dostępne od września 2026 roku. W skład wyposażenia wchodzą meble, pralka, zmywarka, lodówka, kuchenka oraz piekarnik. Do lokalu przynależy także piwnica oraz taras, idealny do relaksu. Istnieje możliwość wynajęcia/zakupu miejsca parkingowego przy budynku. Mieszkanie położone jest w Śródmieściu, co zapewnia łatwy dostęp do wszelkich udogodnień. W okolicy znajdziesz: - sklepy spożywcze, w tym ""Żabka"" w sąsiednim bloku - instytucje edukacyjne, w tym Uniwersytet Medyczny - Instytut Medycyny Wsi - przystanki komunikacji miejskiej, ułatwiające poruszanie się po mieście - do Placu Litewskiego 10 min. pieszo - restauracje ""Dim Sum"" w bezpośrednim sąsiedztwie czy ""Prusa 8"". Umów się na prezentację, aby zobaczyć to mieszkanie na własne oczy.",tak,tak,,plastikowe,własność,"Wyposażenie: kuchenka, lodówka, piekarnik, pralka, zmywarka",51.254217,22.562227
Lublin Felin,ul. Kazimierza Jagiellończyka,1,32,385000,12031.0,Pośrednik,,13,https://adresowo.pl/o/mieszkanie-lublin-felin-ul-kazimierza-jagiellonczyka-1-pokoj-i9n7c8,https://s2.adresowa.pl/oi/2c/4a/3f46e8_7f58_cover@2x-1-pokojowe-mieszkanie-lublin-felin-ul-kazimierza-jagiellonczyka.webp,Lublin Felin,Kazimierza Jagiellończyka,9,1990.0,blok,,"Kawalerka 32 m2 po gruntownej modernizacji | 9. piętro | duży balkon | Lublin, Felin Na sprzedaż funkcjonalna kawalerka o powierzchni 32 m2, po gruntownej modernizacji, położona na 9. piętrze 10-piętrowego budynku przy ul. Jagiełły na lubelskim Felinie. Nieruchomość wyróżnia się przestronnym pokojem, dużym balkonem z widokiem na panoramę Lublina oraz funkcjonalnym układem, który daje możliwość wydzielenia dwóch niezależnych pokoi. Mieszkanie posiada bardzo duży i ustawny pokój, wyposażony w pojemną szafę w zabudowie. Z pokoju prowadzi bezpośrednie wyjście na przestronny balkon. W mieszkaniu znajduje się również oddzielna kuchnia wyposażona w nową zabudowę meblową, łazienka z wanną oraz funkcjonalny przedpokój, w którym bez problemu można zamontować dodatkową szafę na odzież wierzchnią i obuwie. Mieszkanie przeszło gruntowną modernizację, dzięki czemu przyszły właściciel nie musi rozpoczynać od czasochłonnych prac remontowych. W całym lokalu wykonano gładzie, wymieniono panele podłogowe, zamontowano nowe drzwi oraz nowe oświetlenie. Całość została odświeżona i przygotowana w taki sposób, aby stworzyć estetyczną i nowoczesną przestrzeń gotową do dalszej aranżacji według własnych potrzeb. UKŁAD I POWIERZCHNIA: -przestronny pokój - ok. 19 m2, -oddzielna kuchnia - ok. 6 m2, -łazienka - ok. 3 m2, -przedpokój - ok. 3,5 m2. Dodatkową przestrzeń stanowi duży balkon o powierzchni ok. 4,60 m2 oraz przynależna do mieszkania piwnica o powierzchni 2,50 m2. Lokal posiada okna PCV oraz miedzianą instalację elektryczną. Ogrzewanie i ciepła woda dostarczane są z sieci miejskiej, dzięki czemu w mieszkaniu nie ma piecyka gazowego. Oddzielna kuchnia jest dużym atutem, szczególnie w przypadku 32-metrowego mieszkania. Pozwala zachować pełną powierzchnię głównego pokoju jako część mieszkalną, bez konieczności łączenia jej z aneksem kuchennym. Kuchnia została wyposażona w nową zabudowę meblową, dzięki czemu stanowi estetyczną i funkcjonalną przestrzeń do codziennego użytkowania. Łazienka również została objęta gruntowną modernizacją i zaprojektowana z myślą o maksymalnym wykorzystaniu dostępnej przestrzeni. Znajdują się w niej wanna, toaleta podtynkowa typu Geberit, nowa szafka z umywalką, miejsce na pralkę oraz grzejnik drabinkowy. Całość uzupełnia duże lustro, które jest nie tylko praktycznym elementem wyposażenia, ale również optycznie powiększa wnętrze. BUDYNEK Mieszkanie znajduje się w zadbanym budynku z lat 90. Blok został docieplony, a części wspólne są utrzymane w dobrym stanie. Klatka schodowa jest czysta, pomalowana i odświeżona, natomiast w budynku zamontowano nową windę. W bezpośrednim sąsiedztwie budynku znajdują się również ogólnodostępne miejsca parkingowe. LOKALIZACJA - LUBLIN, FELIN Osiedle Felin to dobrze skomunikowana część Lublina, zapewniająca wygodny dostęp zarówno do infrastruktury potrzebnej na co dzień, jak i do głównych tras wyjazdowych z miasta. W najbliższej okolicy znajdują się sklepy, Stokrotka, apteka, restauracje, punkty handlowe i usługowe oraz przystanki komunikacji miejskiej. W niedużej odległości znajduje się również Galeria Felicity. Lokalizacja zapewnia sprawny dojazd do centrum Lublina i Starego Miasta, a jednocześnie szybki dostęp do obwodnicy miasta oraz drogi ekspresowej S17, co jest dużym udogodnieniem dla osób przemieszczających się w kierunku Warszawy lub Rzeszowa. STAN PRAWNY Mieszkanie stanowi odrębną własność i posiada księgę wieczystą. Stan prawny nieruchomości jest uregulowany. Księga wieczysta jest wolna od obciążeń hipotecznych, roszczeń oraz praw osób trzecich, a lokal nie jest zadłużony. Nieruchomość może zostać zakupiona również przy finansowaniu kredytem hipotecznym. Zapraszam do kontaktu w celu uzyskania szczegółowych informacji oraz umówienia prezentacji nieruchomości. Niniejsze ogłoszenie ma charakter informacyjny i nie stanowi oferty w rozumieniu art. 66 i następnych Kodeksu cywilnego. Dane zawarte w ogłoszeniu zostały sporządzone na podstawie informacji uzyskanych od właściciela nieruchomości i mogą ulec zmianie. ::",,,osobna,,,Wyposażenie: pralkę,51.218822,22.631134
Lublin Sławin,ul. Kwitnąca,2,36,431732,11993.0,Pośrednik,,4,https://adresowo.pl/o/mieszkanie-lublin-slawin-ul-kwitnaca-2-pokojowe-j9l4t7,https://s2.adresowa.pl/oi/72/74/3f40e2_2748_cover@2x-2-pokojowe-mieszkanie-lublin-slawin-ul-kwitnaca.webp,Lublin Sławin,Kwitnąca,3,2026.0,blok,,"Ostatnie piętro | Duży balkon 8,8 m2 | Najlepsze miejsca postojowe | Apartamenty Poligonowa Etap V | Sławin Kupujący NIE PŁACI PROWIZJI! Cena jak u dewelopera | Bez podatku PCC! Możliwość wykończenia pod Klucz Na sprzedaż oferujemy dwa identyczne mieszkania o powierzchni 36,28 m2, zlokalizowane przy ul. Kwitnącej w nowoczesnej inwestycji Apartamenty Poligonowa - Etap V na lubelskim Sławinie. To doskonała propozycja zarówno dla osób szukających swojego pierwszego mieszkania, jak i inwestorów poszukujących nieruchomości w atrakcyjnej lokalizacji z dużym potencjałem wzrostu wartości. Co najważniejsze - kupujesz w cenie dewelopera, bez podatku PCC oraz bez prowizji, a dodatkowo zyskujesz jedne z najlepiej położonych miejsc postojowych w całej inwestycji. Klucze do odbioru już w listopadzie tego roku! Dostępne mieszkania: Mieszkanie M99 - Klatka A -powierzchnia: 36,28 m2 -III (ostatnie) piętro -ekspozycja południowa -balkon 8,80 m2 -miejsce postojowe nr 111 Mieszkanie M48 - Klatka B -powierzchnia: 36,28 m2 -III (ostatnie) piętro -ekspozycja południowa -balkon 8,80 m2 -miejsce postojowe nr 28 Obydwa mieszkania posiadają identyczny układ funkcjonalny oraz znajdują się na ostatnim piętrze, dzięki czemu zapewniają więcej prywatności, ciszy oraz atrakcyjny, otwarty widok. Funkcjonalny układ mieszkania: Powierzchnia 36,28 m2 została bardzo dobrze zaprojektowana, dzięki czemu mieszkanie jest niezwykle ustawne i wygodne w codziennym użytkowaniu. W skład mieszkania wchodzą: -przestronny salon z aneksem kuchennym - idealne miejsce do wspólnego spędzania czasu, -oddzielna, ustawna sypialnia zapewniająca komfort i prywatność, -funkcjonalna łazienka, -przedpokój z miejscem na pojemną zabudowę, -bardzo duży balkon o powierzchni aż 8,80 m2. Tak duży balkon to ogromny atut przy mieszkaniu o tym metrażu. Bez problemu zmieści się na nim komplet mebli ogrodowych, leżaki czy rośliny, tworząc dodatkową przestrzeń do wypoczynku. Ostatnie piętro - cisza, prywatność i piękny widok Oba mieszkania znajdują się na ostatnim, III piętrze, co jest jednym z najbardziej poszukiwanych rozwiązań przez kupujących. Brak sąsiadów nad mieszkaniem oznacza większy komfort, ciszę oraz prywatność każdego dnia. Dodatkowo południowa ekspozycja sprawia, że wnętrza są doskonale doświetlone naturalnym światłem przez większą część dnia. Z dużego balkonu rozciąga się otwarty, niczym nieprzesłonięty widok, dzięki czemu można cieszyć się przestrzenią oraz spokojnym otoczeniem. To idealne miejsce na poranną kawę, relaks po pracy czy spotkania z rodziną i znajomymi. Stan deweloperski - wykończ według własnego pomysłu Mieszkania oferowane są w stanie deweloperskim, dzięki czemu nowy właściciel może urządzić je dokładnie według własnych potrzeb i gustu. Brak konieczności wykonywania kosztownych przeróbek po poprzednich właścicielach daje pełną swobodę aranżacji wnętrza. To doskonała okazja do stworzenia mieszkania idealnie dopasowanego do własnego stylu życia. Kameralne osiedle - komfort życia na co dzień Apartamenty Poligonowa to nowoczesna inwestycja wyróżniająca się kameralnym charakterem. Niska, trzypiętrowa zabudowa sprawia, że osiedle będzie znacznie spokojniejsze i mniej zatłoczone niż duże kompleksy mieszkaniowe. Mniejsza liczba mieszkańców przekłada się na większą prywatność, ciszę oraz komfort codziennego życia. To idealne miejsce dla osób, które cenią spokojne otoczenie, a jednocześnie chcą mieć szybki dostęp do centrum miasta, obwodnicy oraz pełnej infrastruktury handlowo-usługowej, edukacyjnej i medycznej. Wyjątkowe miejsca postojowe: Do każdego mieszkania przynależy miejsce postojowe wybrane już na bardzo wczesnym etapie realizacji inwestycji. Dzięki temu są to jedne z największych i najlepiej zlokalizowanych miejsc postojowych w całej hali garażowej. Ich największe atuty: - bezpośrednio przy wejściu do klatki schodowej, -tuż obok windy, -ponadprzeciętna szerokość zapewniająca wygodne parkowanie, -dodatkowa przestrzeń umożliwiająca wykonanie boksu garażowego (komórki lokatorskiej). Takie rozwiązanie pozwala uzyskać dodatkowe miejsce do przechowywania rowerów, opon, sprzętu sportowego czy rzeczy sezonowych, bez konieczności zakupu osobnej komórki lokatorskiej. To ogromna wartość, której nie da się dokupić na późniejszym etapie inwestycji. Inwestycja Apartamenty Poligonowa - Etap V Apartamenty Poligonowa Etap V to nowoczesny budynek obejmujący 110 mieszkań oraz 7 lokali usługowych. Projekt został zaprojektowany z myślą o wygodzie mieszkańców i wyróżnia się: -nowoczesną architekturą, -funkcjonalnymi układami mieszkań, -dużymi przeszkleniami zapewniającymi doskonałe doświetlenie wnętrz, -wysoką jakością wykonania, -estetycznymi częściami wspólnymi, -spokojnym i zielonym otoczeniem. Lokalizacja - Sławin Sławin od wielu lat jest jedną z najbardziej cenionych dzielnic Lublina. To miejsce idealne dla osób ceniących spokój, bezpieczeństwo oraz szybki dostęp do pełnej infrastruktury miejskiej. W najbliższej okolicy znajdują się: sklepy spożywcze i markety, liczne punkty usługowe, restauracje i kawiarnie, przystanki komunikacji miejskiej, szkoły, przedszkola i żłobki, przychodnie, gabinety lekarskie oraz apteki, tereny zielone, ścieżki spacerowe i rowerowe. Ogromnym atutem jest również bardzo szybki wyjazd na obwodnicę Lublina, dzięki czemu bez problemu można dostać się do każdej części miasta oraz poza jego granice. Dojazd do centrum Lublina zajmuje zaledwie kilkanaście minut. Cena mieszkania: 431 732 zł Cena miejsca postojowego: 49 000 zł Łączna cena: 480 732 zł Podana cena dotyczy każdego z oferowanych mieszkań. Kupujący nie płaci prowizji oraz podatku PCC. Kupujesz w cenie dewelopera, zyskując jednocześnie jedne z najlepszych miejsc postojowych w całej inwestycji. Zapraszam do kontaktu i umówienia prezentacji. Chętnie odpowiem na wszystkie pytania oraz przedstawię szczegóły dotyczące obu dostępnych mieszkań. Niniejsze ogłoszenie ma charakter informacyjny i nie stanowi oferty w rozumieniu art. 66 i następnych Kodeksu cywilnego. Dane zawarte w ogłoszeniu zostały sporządzone na podstawie informacji uzyskanych od właściciela nieruchomości i mogą ulec zmianie. ::",,,aneks,,,,51.265692,22.510453
Lublin,ul. Snopkowska,3,56,530000,9464.0,bez pośredników,,10,https://adresowo.pl/o/mieszkanie-lublin-ul-snopkowska-3-pokojowe-c9r2d2,https://s2.adresowa.pl/oi/1b/4f/409da6_fbe8_cover@2x-3-pokojowe-mieszkanie-lublin-ul-snopkowska.webp,Lublin ,Snopkowska,parter,,blok,,"Oferuję na sprzedaż mieszkanie o powierzchni 56 m² na wysokim parterze bloku. Jest umeblowane i gotowe do wprowadzenia. Doskonała propozycja dla osób szukających mieszkania dla siebie jak i do wynajmu studentom. Inwestycja nie generuje żadnych dodatkowych kosztów po stronie kupującego, wchodzisz i mieszkasz lub wynajmujesz. Bliskość uczelni takich jak: KUL, UMCS, Uniwersytet Przyrodniczy czy Uniwersytet Medyczny powoduje to, że jest aż nadmiar chętnych do wynajmu. Mieszkanie usytuowane jest w Lublinie przy ul. Snopkowskiej. Szczegóły: - 3 pokoje - łazienka i WC - za oknami dużo zieleni - piwnica zamykana na metalową kratę - pełna własność, księga wieczysta - blok niski, ocieplony - 3 mieszkania na klatce schodowej - bardzo mili sąsiedzi Mieszkanie po generalnym remoncie przeprowadzonym około 1 roku wstecz: - łazienka i WC: nowa glazura na ścianach i gres na podłodze - nowe solidne panele podłogowe na V fugę - ściany czyste bez plam i smug Mieszkanie jest kompletnie wyposażone do wynajmu dla studentów, począwszy od szczotki zmiotki, poprzez nową pralkę, mikrofalówkę, kuchnię gazową stojącą, sztućce i podstawową zastawę stołową, czajnik elektryczny, kosze na śmiecie, suszarkę do prania, a skończywszy na umeblowaniu kuchni i pokoi mieszkalnych zamykanych na odrębne klucze. Do holu dołączony jest światłowód do podłączenia internetu. Salon ma dostęp do dużego balkonu około 5 m długości i odrębnej anteny satelitarnej umieszczonej na dachu bloku za zgodą spółdzielni. Pokoje umeblowane, w oknach firanki i inne zasłony, nowe oświetlenie. Całość gustowna i estetyczna, gotowa do zamieszkania przez nowych lokatorów. Blok docieplony styropianem, ma dostęp do parkingu za tzw. szlabanem lub pod oknami bloku na ogólnodostępnych miejscach. Wejście do klatki schodowej po wciśnięciu odpowiedniego kodu na zamku szyfrowym, lub za pomocą klucza. Szczegóły łącznie z wymiarami pomieszczeń na fotografiach. Dzwońcie Państwo na numer i umówcie się na obejrzenie lokalu, lub dosłanie dodatkowych fotografii. Podpisanie aktu notarialnego we wskazanej przez Państwa kancelarii notarialnej. Kupujecie Państwo bez pośredników od właściciela, co eliminuje dodatkowe dosyć wysokie opłaty dla biura nieruchomości. Jeśli Państwo życzą sobie zakup przez biuro nieruchomości, również jestem do Państwa dyspozycji i akceptuję takie rozwiązanie.",tak,,,,własność,"Wyposażenie: internet, pralkę, suszarkę",51.253495,22.54179
Lublin Śródmieście,ul. Bolesława Prusa,2,54,535000,9907.0,bez pośredników,,8,https://adresowo.pl/o/mieszkanie-lublin-srodmiescie-ul-boleslawa-prusa-2-pokojowe-k6u5b5,https://s2.adresowa.pl/oi/18/35/409c94_c1b7_cover@2x-2-pokojowe-mieszkanie-lublin-srodmiescie-ul-boleslawa-prusa.webp,Lublin Śródmieście,Bolesława Prusa,2,1960.0,blok,,"Sprzedam mieszkanie w Lublinie, ul. Bolesława Prusa 2, śródmieście bardzo dobra lokalizacja, centrum powierzchnia: 54 m² + balkon 2 pokoje + kuchnia i łazienka 2 piętro piwnica mały parking przy bloku ogrzewanie miejskie mieszkanie umeblowane stan dobry, gotowe do zamieszkania Lokalizacja: przy Instytutucie Medycyny Wsi, na przeciwko bloku jest przystanek autobusowy, bardzo blisko jest żabka i biedronka Mieszkanie jest funkcjonalne i zadbane, idealne pod wynajem studencki lub pod zamieszkanie. Mieszkanie ciche i przytulne Cena: 529 000 zł Po więcej informacji zapraszam do kontaktu Tel: [numer] / [numer]",tak,,osobna,plastikowe,własność,,51.255161,22.563978
Lublin,ul. Wyścigowa,3,54,759000,14056.0,bez pośredników,,8,https://adresowo.pl/o/mieszkanie-lublin-ul-wyscigowa-3-pokojowe-m0q3l4,https://s2.adresowa.pl/oi/67/11/409c92_3609_cover@2x-3-pokojowe-mieszkanie-lublin-ul-wyscigowa.webp,Lublin ,Wyścigowa,5,2005.0,blok,,"Wyjątkowe, 3-pokojowe mieszkanie wykończone pod klucz w podwyższonym standardzie - gotowe do zamieszkania przy ulicy Wyścigowej 37 w Lublinie! Z przyjemnością prezentujemy przestronne, funkcjonalne i klimatyzowane mieszkanie o przemyślanym układzie, odebrane od dewelopera na początku tego roku. Mieszkanie znajduje się na 5. ostatnim piętrze, winda w budynku. Nieruchomość została wykończona z dbałością o każdy detal, przy użyciu wysokiej jakości materiałów. Najważniejsze atuty nieruchomości: * Gotowe do wprowadzenia bez dodatkowych nakładów finansowych i stresu związanego z remontem. * Zabudowa meblowa na wymiar - optymalne wykorzystanie przestrzeni w całym mieszkaniu (kuchnia, szafy). * Nowe sprzęty AGD na gwarancji - pełne wyposażenie w cenie. * Klimatyzacja - zapewnia komfort w gorące dni. * Komfortowy układ pomieszczeń - podział na strefę dzienną oraz prywatną, z osobną łazienką i toaletą. Rozkład pomieszczeń: * Salon z aneksem kuchennym (~23 m²) - jasny, ustawny, z bezpośrednim wyjściem na przestronny balkon. * Sypialnia 1 - idealna jako sypialnia główna, pokój dla dziecka lub gabinet. * Sypialnia 2 - druga komfortowa sypialnia. * Łazienka - wyposażona w wygodny prysznic z odpływem liniowym. * Osobna toaleta (WC) - duże udogodnienie dla domowników i gości. * Przestronny balkon - idealne miejsce na poranną kawę i relaks. Informacje finansowe: * Cena mieszkania: 790 000 zł. * Obligatoryjny zakup: 2 miejsca parkingowe w garażu podziemnym oraz komórka lokatorska - łączny pakiet w cenie 69 000 zł. Mieszkanie stanowi idealną propozycję dla rodziny, pary lub jako pewna inwestycja pod wynajem. Zapraszam do kontaktu i obejrzenia mieszkania na żywo! Sprzedaż bezpośrednia, agentom dziękujemy.",tak,tak,aneks,,,Wyposażenie: klimatyzacja,51.224441,22.563961
Lublin Bronowice,ul. Wrońska,4,58,929000,16017.0,Pośrednik,,17,https://adresowo.pl/o/mieszkanie-lublin-bronowice-ul-wronska-4-pokojowe-n6t4b2,https://s2.adresowa.pl/oi/36/1c/3f255c_8598_cover@2x-4-pokojowe-mieszkanie-lublin-bronowice-ul-wronska.webp,Lublin Bronowice,Wrońska,8,2026.0,blok,,"Na sprzedaż oferuję wyjątkowo zyskowny, gotowy biznes pasywny na rynku nieruchomości. Mieszkanie zlokalizowane jest w świetnie skomunikowanej dzielnicy Bronowice. Główne parametry nieruchomości:- Powierzchnia całkowita wynosi 58 m kwadratowych - Lokal znajduje się na wysokim 8 piętrze, wystawa okien północ południe - Mieszkanie zostało podzielone na 4 niezależne mikrokawalerki - Każdy pokój posiada własny aneks kuchenny - Układ obejmuje osobną toaletę oraz drugą łazienkę z prysznicem i wc - Do nieruchomości przynależy miejsce postojowe w garażu z boxem Analiza finansowa i stopa zwrotu:- Cena mieszkania to 929 000 zł - Cena miejsca postojowego z boxem to 70 000 zł - Łączny koszt inwestycji wynosi 999 000 zł - Przychód z jednej mikrokawalerki to około 1800 zł miesięcznie - Suma miesięcznego przychodu z 4 lokali wynosi około 7200 zł - Roczny przychód z najmu wynosi około 86 400 zł - Stopa zwrotu z inwestycji ROI brutto wynosi około 8,65% rocznie - Koszt utrzymania wynosi około 1000 zł miesięcznie za czynsz i prąd - Opłaty eksploatacyjne są w całości dzielone i pokrywane przez lokatorów Standard i wyposażenie lokali:- Wszystkie pokoje są w pełni umeblowane i wyposażone - Aneksy kuchenne wyposażone są w lodówkę, płytę grzewczą i zlew - Łazienki wykończone są w nowoczesnym i funkcjonalnym standardzie - W przedpokoju duże szafy, w których znajduje się pralka i suszarka - Box przy miejscu parkingowym pełni praktyczną funkcję piwnicy Atuty lokalizacji w Bronowicach:- Bliskość centrum gwarantuje szybki i bezpośredni dojazd - Doskonała komunikacja dzięki licznym liniom autobusowym i tramwajowym - Bogata infrastruktura i bardzo dużo sklepów dookoła budynku - W sąsiedztwie działają markety, restauracje oraz kawiarnie - Pozytywne otoczenie idealne dla studentów i młodych pracowników - Wysokie piętro zapewnia dobre doświetlenie i ładną panoramę Zamiast kupować 3 kawalerki na wynajem, dla dzieci, tu mamy jedno mieszkanie spełniające funkcję 4! Cała nieruchomość została zaprojektowana wraz z odpływami i przyłączami na etapie budowy, projektu deweloperskiego, wysoki standard wykończenia pod okiem projektantki, każda wnęka, każdy kąt mieszkania przemyślany i zaaranżowany tak, żeby było funkcjonalnie. Zapraszam na prezentację tej nietypowej, inwestycyjnej nieruchomości.",tak,tak,,,własność,"Wyposażenie: lodówkę, pralka, suszarka",51.236306,22.583657
Lublin Wieniawa,ul. Puławska 13,3,55,599000,10891.0,Pośrednik,,17,https://adresowo.pl/o/mieszkanie-lublin-wieniawa-ul-pulawska-3-pokojowe-u0i0b3,https://s2.adresowa.pl/oi/58/6f/3f0630_451d_cover@2x-3-pokojowe-mieszkanie-lublin-wieniawa-ul-pulawska.webp,Lublin Wieniawa,Puławska 13,3,1968.0,blok,,"Ofertą sprzedaży jest 3 pokojowe mieszkanie zlokalizowane w Centrum Studenckiego życia Lublina, ul. Puławska 13. Cisza i spokój dużo zieleni. Parking dla mieszkańców za szlabanem! Nieruchomość po generalnym remoncie, pachnie nowością! Mieszkanie które idealnie sprawdzi się dla siebie, na wynajem krótko terminowy jak i długo terminowy! Idealna inwestycja, lokata kapitału na przyszłość. Na nieruchomość składają się następujące pomieszczenia: ***Salon ok 15,00m ***Kuchnia ok 5,20m ***Sypialnia nr 1 ok 13,00m ***Sypialnia nr 2 ok 11,00m ***Łazienka z WC ok 2,70m ***Hall ok 6,80m ***Piwnica oraz balkon Lokalizacja idealna dla Studenta jak i dla siebie: ^^^Brama Krakowska -2,50km ^^^Ogród Saski -1,20km ^^^KUL -1,30km ^^^UMCS -1,50m Zapraszam na prezentację dostępne od zaraz!",tak,,osobna,,,,51.253981,22.530807
Lublin,ul. Nowy Świat,3,61,799000,13098.0,bez pośredników,,10,https://adresowo.pl/o/mieszkanie-lublin-ul-nowy-swiat-3-pokojowe-z0u3l1,https://s2.adresowa.pl/oi/60/10/409c86_e95a_cover@2x-3-pokojowe-mieszkanie-lublin-ul-nowy-swiat.webp,Lublin ,Nowy Świat,2,2005.0,blok,,"Na sprzedaż komfortowe mieszkanie 61 m² - w pełni wyposażone, garaż + 2 piwnice. Oferuję na sprzedaż komfortowe i w pełni wyposażone mieszkanie o powierzchni 61 m², położone na 2. piętrze w bloku. Mieszkanie jest gotowe do zamieszkania bez dodatkowych nakładów finansowych. W cenie pozostają meble oraz wyposażenie widoczne na zdjęciach, w tym również pralka, a także miejsce postojowe w garażu podziemnym i dwie piwnice. Wnętrze zaprojektowane z myślą o komforcie. Mieszkanie zostało zaprojektowane przez projektanta i wykończone w 2017 roku z wykorzystaniem wysokiej jakości materiałów. Zabudowy oraz meble zostały wykonane na indywidualne zamówienie, dzięki czemu przestrzeń jest funkcjonalna i dobrze wykorzystana. Mieszkanie jest zadbane, spójne stylistycznie i nie wymaga kompletowania wyposażenia - można się wprowadzić praktycznie od razu. Wyposażenie i udogodnienia: W cenie mieszkania pozostaje wyposażenie widoczne na zdjęciach. Na szczególną uwagę zasługują: - klimatyzacja w salonie, - kuchnia z pełną zabudową, - lodówka w zabudowie, - zmywarka, - piekarnik, - kuchenka mikrofalowa, - pralka, - osobny kranik z filtrowaną wodą nadającą się bezpośrednio do picia, - garderoba z bezpośrednim wejściem z sypialni, - meble wykonane na wymiar. Balkon, spokój i prywatność: Z salonu połączonego z kuchnią znajduje się wyjście na balkon położony od spokojnej i kameralnej strony budynku. Balkon nie wychodzi na główną drogę, a dodatkowym atutem jest brak sąsiadów bezpośrednio naprzeciwko. Zapewnia to dużą prywatność, ciszę i komfort - cechy, które coraz trudniej znaleźć w nowoczesnym, gęsto zabudowanym budownictwie. W cenie również garaż i 2 piwnice: Mieszkanie sprzedawane jest wraz z: - miejscem postojowym w garażu podziemnym - dwiema piwnicami - meblami wykonanymi na wymiar - sprzętem AGD, w tym pralką - pozostałym wyposażeniem widocznym na zdjęciach Całość jest zawarta w cenie sprzedaży. Mieszkanie będzie dobrym wyborem zarówno dla osób szukających wygodnego lokum dla siebie, jak i dla kogoś, komu zależy na nieruchomości gotowej do zamieszkania bez konieczności przeprowadzania remontu i kompletowania wyposażenia. Sprzedaż bezpośrednia - proszę o kontakt wyłącznie osoby zainteresowane zakupem. Uprzejmie proszę biura nieruchomości oraz pośredników o niekontaktowanie się ze mną. Sprzedaż prowadzę wyłącznie samodzielnie i nie jestem zainteresowana współpracą w zakresie pośrednictwa, publikacji ogłoszenia ani pozyskiwania klientów. Dziękuję za uszanowanie tej decyzji. Osoby zainteresowane zakupem zapraszam do kontaktu oraz umówienia się na obejrzenie mieszkania.",tak,tak,aneks,,,"Wyposażenie: klimatyzacja, kuchenka, lodówka, piekarnik, pralka, zmywarka",51.22587,22.564568
Lublin Śródmieście,ul. Probostwo,2,45,405000,9000.0,bez pośredników,,18,https://adresowo.pl/o/mieszkanie-lublin-srodmiescie-ul-probostwo-2-pokojowe-v1s6r8,https://s2.adresowa.pl/oi/3c/32/409c18_7f5a_cover@2x-2-pokojowe-mieszkanie-lublin-srodmiescie-ul-probostwo.webp,Lublin Śródmieście,Probostwo,1,,kamienica,,"Dzień dobry, Sprzedam bezpośrednio mieszkanie do remontu (odświeżenia) w ścisłym centrum. Prywatna kamienica bez zadłużeń z funduszem remontowym. Zarządzana przez prywatną administrację. Dwa pokoje, kuchnia, łazienka, dodatkowy zamykany korytarzyk (dla 2 mieszkań). Mieszkanie od strony cichego podwórza z miejscami parkingowymi i strefą zieleni. Cisza i jednocześnie centrum. Świetna propozycja dla osób ceniących bliskość miejskich atrakcji, jak również dla inwestorów (wynajem krótko- lub długoterminowy). Świetna lokalizacja. Bardzo blisko zamek, deptak i Stare Miasto. Niedaleko szpitale i uczelnie. Mieszkanie z potencjałem. Możliwość odkrycia cegły. Na podłodze oryginalna podłoga z ponad stuletnich desek (prawdopodobnie modrzew). Wysokość około 3 metrów. W cenę mieszkania wliczony murowany (cegła) garaż na zamkniętym podwórzu. Sprzedaż bez pośredników, bezpośrednio od właściciela. Pośrednikom i biurom nieruchomości dziękuję. Zapraszam do kontaktu oraz obejrzenia mieszkania!",,tak,,plastikowe,,,51.253883,22.56644
Lublin Wieniawa,ul. Stanisława Leszczyńskiego,3,54,499000,9241.0,bez pośredników,,19,https://adresowo.pl/o/mieszkanie-lublin-wieniawa-ul-stanislawa-leszczynskiego-3-pokojowe-g8t8j3,https://s2.adresowa.pl/oi/1f/51/409bc4_5e5c_cover@2x-3-pokojowe-mieszkanie-lublin-wieniawa-ul-stanislawa-leszczynskiego.webp,Lublin Wieniawa,Stanisława Leszczyńskiego,2,1910.0,kamienica,,"Na sprzedaż funkcjonalne, trzypokojowe mieszkanie położone na 2. piętrze kamienicy w bardzo atrakcyjnej lokalizacji - ul. Leszczyńskiego. Mieszkanie doskonale sprawdzi się zarówno jako komfortowe miejsce do zamieszkania, jak i jako inwestycja pod wynajem długoterminowy lub krótkoterminowy. Lokalizacja w pobliżu centrum oraz uczelni UMCS, KUL i Uniwersytetu Przyrodniczego zapewnia szeroką grupę potencjalnych najemców. UKŁAD POMIESZCZEŃ Mieszkanie ma funkcjonalny układ i składa się z: - pokoju dziennego - 13,80 m², - sypialni - ok. 12 m², - sypialni z garderobą - ok. 17 m², - kuchni, - łazienki z WC. Salon jest pokojem przejściowym, dzięki czemu mieszkanie może być bardzo dobrze wykorzystane np. przez studentów lub jako lokal inwestycyjny z możliwością niezależnego użytkowania poszczególnych pokoi. Łączna powierzchnia mieszkania, liczona po podłodze, wynosi 54,35 m². STANDARD I WYPOSAŻENIE Mieszkanie jest częściowo umeblowane i wyposażone w sprzęt AGD, dzięki czemu może być stosunkowo szybko przygotowane do zamieszkania lub wynajmu. Na podłogach w pokojach znajduje się deska barlinecka, natomiast w kuchni i łazience zastosowano terakotę. Dodatkowym atutem jest klimatyzacja, zapewniająca komfort podczas cieplejszych miesięcy. Ogrzewanie mieszkania oraz przygotowanie ciepłej wody zapewnia dwufunkcyjny piec gazowy. Do mieszkania przynależy również piwnica. DOSKONAŁA LOKALIZACJA Jednym z największych atutów nieruchomości jest jej lokalizacja. W pobliżu znajdują się najważniejsze lubelskie uczelnie, m.in.: - Uniwersytet Marii Curie-Skłodowskiej (UMCS), - Katolicki Uniwersytet Lubelski (KUL), - Uniwersytet Przyrodniczy w Lublinie - jego obiekty znajdują się m.in. przy ul. Akademickiej. Ścisłe centrum miasta znajduje się zaledwie około 10 minut spacerem od mieszkania. Dzięki temu mieszkańcy mają łatwy dostęp do restauracji, kawiarni, sklepów, usług, komunikacji miejskiej, uczelni oraz całej infrastruktury centrum Lublina. IDEALNE POD INWESTYCJĘ Nieruchomość posiada bardzo dobry potencjał inwestycyjny. Układ 3 pokoi, w tym dwóch sypialni, jest szczególnie atrakcyjny dla: - studentów, - osób pracujących w centrum, - młodych osób poszukujących mieszkania w dobrze skomunikowanej lokalizacji, - inwestorów zainteresowanych wynajmem długoterminowym, - inwestorów rozważających wynajem krótkoterminowy. Bliskość uczelni oraz centrum miasta pozwala kierować ofertę do szerokiego grona potencjalnych najemców. Centralne lokalizacje w pobliżu Ogrodu Saskiego i uczelni są również obecnie wykorzystywane przez inwestorów jako nieruchomości przeznaczone pod wynajem. To ciekawa propozycja dla osób poszukujących mieszkania w centralnej części Lublina oraz dla inwestorów szukających nieruchomości z potencjałem najmu. Połączenie 3 pokoi, funkcjonalnego układu, klimatyzacji, wyposażenia, piwnicy oraz świetnej lokalizacji w pobliżu Ogrodu Saskiego, uczelni i centrum miasta sprawia, że mieszkanie może być atrakcyjne zarówno do własnego użytkowania, jak i jako inwestycja. Zapraszam na prezentację nieruchomości.",tak,,,plastikowe,własność,Wyposażenie: klimatyzacja,51.250916,22.547407
Lublin,ul. Targowa,2,40,499656,12491.0,Pośrednik,,4,https://adresowo.pl/o/mieszkanie-lublin-ul-targowa-2-pokojowe-t7w8q1,https://s2.adresowa.pl/oi/39/40/3f0624_617d_cover@2x-2-pokojowe-mieszkanie-lublin-ul-targowa.webp,Lublin ,Targowa,3,1904.0,kamienica,,"Na sprzedaż mieszkanie o łącznej powierzchni 40,36 m2, położone na III piętrze kamienicy przy ul. Targowej w Lublinie, w bezpośrednim sąsiedztwie centrum miasta. Ta starannie zaprojektowana przestrzeń wyróżnia się nie tylko najwyższą jakością wykończenia ale przede wszystkim dbałością o detale. ROZKŁAD POMIESZCZEŃ: - pokój - 13,93 m2 m2 - salon z aneksem kuchennym - 22,04 m2 - łazienka + wc - 4,39 m2 Dodatkowo: - do lokalu przynależy szafa na III piętrze o powierzchni użytkowej 0,54 m2 - balkon Charakterystyka budynku: - ogrzewanie: z sieci miejskiej LPEC - media: prąd, woda, kanalizacja - stolarka okienna: PCV - rok budowy: 1904 - czynsz administracyjny 639 zł LOKALIZACJA - KLUCZOWY ATUT - Bliskość centrum, komunikacji miejskiej, uczelni, usług i infrastruktury Lokal może stanowić atrakcyjne źródło przychodów dla inwestora oparte na najmie długoterminowym oraz krótkoterminowym. Uwaga: Rzut mieszkania prześlę na życzenie osoby zainteresowanej. Stan nieruchomości dokładnie taki jak na zdjęciach. Zapraszam do kontaktu telefonicznego oraz prezentacji nieruchomości",,,,plastikowe,własność,,51.252782,22.569936
Lublin,ul. Targowa,3,44,534820,12155.0,Pośrednik,,5,https://adresowo.pl/o/mieszkanie-lublin-ul-targowa-3-pokojowe-i3w2z4,https://s2.adresowa.pl/oi/50/7f/3f0612_fd60_cover@2x-3-pokojowe-mieszkanie-lublin-ul-targowa.webp,Lublin ,Targowa,4,1904.0,kamienica,,"Na sprzedaż mieszkanie o łącznej powierzchni 44,20 m2, położone na III piętrze kamienicy przy ul. Targowej w Lublinie, w bezpośrednim sąsiedztwie centrum miasta. Ta starannie zaprojektowana przestrzeń wyróżnia się nie tylko najwyższą jakością wykończenia ale przede wszystkim dbałością o detale. ROZKŁAD POMIESZCZEŃ: - pokój - 12,26 m2 - pokój - 9,90 m2 - salon z aneksem kuchennym - 19,11 m2 - łazienka + wc - 2,93 m2 Dodatkowo: - piwnica - 3,69 m2 Charakterystyka budynku: - ogrzewanie: z sieci miejskiej LPEC - media: prąd, woda, kanalizacja - stolarka okienna: PCV - klimatyzacja - rok budowy: 1904 - czynsz administracyjny 665 zł LOKALIZACJA - KLUCZOWY ATUT - Bliskość centrum, komunikacji miejskiej, uczelni, usług i infrastruktury Lokal może stanowić atrakcyjne źródło przychodów dla inwestora oparte na najmie długoterminowym oraz krótkoterminowym. Uwaga: Rzut mieszkania prześlę na życzenie osoby zainteresowanej. Stan nieruchomości dokładnie taki jak na zdjęciach. Zapraszam do kontaktu telefonicznego oraz prezentacji nieruchomości",,,,plastikowe,własność,Wyposażenie: klimatyzacja,51.252782,22.569936
Lublin Wieniawa,ul. Legionowa,2,51,440000,8627.0,bez pośredników,,20,https://adresowo.pl/o/mieszkanie-lublin-wieniawa-ul-legionowa-2-pokojowe-t2g0a5,https://s2.adresowa.pl/oi/14/50/409a5a_f55b_cover@2x-2-pokojowe-mieszkanie-lublin-wieniawa-ul-legionowa.webp,Lublin Wieniawa,Legionowa,2,1961.0,blok,,"Na sprzedaż dwupokojowe mieszkania o powierzchni 51 m2, położone na drugim piętrze w bloku z cegły z 1961 roku. Budynek stoi przy ul. Legionowej 21, w jednej z najbardziej prestiżowych dzielnic Lublina - Wieniawie. To doskonała propozycja zarówno dla osób szukających mieszkania dla siebie, jak i dla inwestorów zainteresowanych wynajmem. Bliskość uczelni, centrum miasta oraz rozwiniętej infrastruktury sprawia, że nieruchomość posiada duży potencjał wzrostu wartości i stabilny popyt na najem. Najważniejsze atuty: - Lokalizacja - Wieniawa. - Ogrodzony teren z bramą na pilota, wewnętrzne podwórko. - Miejsca postojowe dla mieszkańców na terenie posesji. - Funkcjonalny układ pomieszczeń: salon z wyjściem na balkon (loggia 2,60 m2), oddzielna kuchnia, drugi pokój, łazienka, osobna toaleta, przedpokój (łazienka i toaleta po remoncie). - Piwnica. - Drugie piętro. - Miejskie ogrzewanie. - Mieszkanie z dużym potencjałem aranżacyjnym według własnych potrzeb. - Lokalizacja na Wieniawie w Lublinie to idealne miejsce dla osób ceniących sobie bliskość do atrakcji. W okolicy znajdziesz: - Galerię Labirynt (577 m). - Park Górki Czechowskie (747 m), Ogród Saski, Ogród Botaniczny, Skansen. - Liczne kawiarnie, np. Księżycowa (436 m). - Świetne połączenia komunikacyjne z innymi częściami miasta. - W pobliżu znajdują się także szkoły i uczelnie: szkoły podstawowe, licea, technika, szkoła samochodowa, przedszkola, żłobek, KUL, UMCS, Uniwersytet Przyrodniczy, szpital, przychodnie, sklepy spożywcze, kwiaciarnie, garmażerka i inne (wszystko w promieniu do kilometra). Zapraszam do kontaktu, możliwość negocjacji ceny.",tak,,osobna,plastikowe,własność,,51.253795,22.533121
Lublin Czuby,ul. Na Stoku,3,60,580000,9667.0,bez pośredników,,12,https://adresowo.pl/o/mieszkanie-lublin-czuby-ul-na-stoku-3-pokojowe-a9t3a7,https://s2.adresowa.pl/oi/42/1a/4098ea_a187_cover@2x-3-pokojowe-mieszkanie-lublin-czuby-ul-na-stoku.webp,Lublin Czuby,Na Stoku,4,1995.0,blok,,"Cena: 580 000 zł - do negocjacji. Na sprzedaż 3-pokojowe mieszkanie przy ul. Na Stoku w Lublinie, położone na ostatnim, 4. piętrze kameralnego budynku. To propozycja dla osób, które szukają mieszkania z funkcjonalnym układem, dużą ilością naturalnego światła i poczuciem przestrzeni, a jednocześnie chcą urządzić wnętrze dokładnie po swojemu. Mieszkanie: Lokal ma bardzo praktyczny, rozkładowy układ - wszystkie trzy pokoje są osobne, dzięki czemu mieszkanie sprawdzi się zarówno dla rodziny, jak i osób potrzebujących dodatkowego pokoju do pracy czy hobby. W skład mieszkania wchodzą: - 3 niezależne pokoje, - osobna kuchnia, - łazienka, - osobne WC, - przedpokój, - balkon, - piwnica. Ekspozycja okien na wschód i zachód sprawia, że mieszkanie jest dobrze doświetlone o różnych porach dnia. Dużym atutem jest widok z balkonu na zieleń. Brak bezpośredniej zabudowy przed oknami daje przyjemne poczucie oddechu i przestrzeni - szczególnie doceniane na co dzień. Ciepłe mieszkanie bez dodatkowych liczników: Mieszkanie jest bardzo ciepłe w sezonie zimowym, a dodatkowym atutem jest brak podzielników/liczników ciepła na grzejnikach. Parking: Pod budynkiem znajduje się ogólnodostępny parking z dużą liczbą miejsc, dzięki czemu znalezienie miejsca parkingowego nie powinno stanowić problemu. Na osiedlu znajduje się również plac zabaw. Lokalizacja - Czuby, ul. Na Stoku: Jednym z największych atutów nieruchomości jest lokalizacja. W najbliższej okolicy znajdują się m.in.: - supermarkety i sklepy spożywcze, - apteka, - warzywniak, - plac zabaw, - przystanki autobusowe os. Górki i os. Widok - około 5 minut spacerem. Dzięki bliskości komunikacji miejskiej mieszkanie jest bardzo dobrze skomunikowane z pozostałymi częściami Lublina. Miłośnicy spacerów i aktywnego wypoczynku również znajdą tu coś dla siebie. W pobliżu znajduje się wąwóz Jana Pawła, tereny zielone oraz las, a także droga rowerowa prowadząca w kierunku Zalewu Zemborzyckiego. To lokalizacja, która pozwala połączyć wygodę życia w mieście z łatwym dostępem do terenów zielonych i rekreacyjnych. Wyposażenie: Wyposażenie mieszkania pozostaje do uzgodnienia - może zostać w lokalu lub zostać usunięte przed sprzedażą. Do mieszkania przynależy piwnica. Do wspólnego użytku mieszkańców pozostaje również wózkownia. Cena: 580 000 zł Cena podlega negocjacji. Jeśli szukasz mieszkania z 3 osobnymi pokojami, balkonem z widokiem na zieleń, dobrym nasłonecznieniem i świetną komunikacją, warto zobaczyć tę nieruchomość na żywo. Zapraszam do kontaktu i na prezentację mieszkania. Poniedziałek - piątek w godzinach 16-21 oraz weekend w godzinach 9-21. Proszę o telefon",tak,,osobna,plastikowe,,,51.2227,22.52753
Lublin Wieniawa,ul. Stanisława Leszczyńskiego,2,70,2000000,28571.0,bez pośredników,,20,https://adresowo.pl/o/mieszkanie-lublin-wieniawa-ul-stanislawa-leszczynskiego-2-pokojowe-h1c4v2,https://s2.adresowa.pl/oi/6d/59/409896_8897_cover@2x-2-pokojowe-mieszkanie-lublin-wieniawa-ul-stanislawa-leszczynskiego.webp,Lublin Wieniawa,Stanisława Leszczyńskiego,2,2016.0,apartamentowiec,,"Elegancja, komfort i prestiżowa lokalizacja w sercu Lublina. Wyjątkowy apartament dla Klienta z segmentu luxury w budynku APARTAMENTY LESZCZYNSKIEGO, zaprojektowany przez Biuro Architektoniczne Plewa, gdzie projekt indywidualny wnętrza wykonał architekt z tejże Pracowni. Nabywca wraz z zakupem tej nieruchomości kupi wyjątkowy styl życia, prestiż, komfort i bezpieczeństwo. Takie właśnie wyjątkowe nieruchomości pojawiają się na rynku niezwykle rzadko. Ten luksusowy apartament to propozycja dla osób ceniących ponadczasową architekturę, najwyższy komfort codziennego życia oraz prestiż wynikający z lokalizacji. Na sprzedaż oferuję elegancki apartament o powierzchni 70 m², zaprojektowany przez renomowaną pracownię architektoniczną w Lublinie, położony przy ul. Stanisława Leszczyńskiego 8 - w jednej z najbardziej pożądanych części Lublina, w ścisłym centrum miasta, w bezpośrednim sąsiedztwie tj. styka się z obszarem Ogrodu Saskiego. To miejsce, które harmonijnie łączy bliskość natury z energią centrum miasta. Apartament zapewnia komfort mieszkania niemal w Ogrodzie Saskim, gdzie panuje cisza od zgiełku miasta, słychać jedynie odgłosy natury, gdzie właściciel ma możliwość bezpośredniej obserwacji flory i fauny Parku Saskiego, np. wiewiórki, dzięcioły czy ptactwo wodne w stawie. Unikalny atut tej nieruchomości to niepowtarzalny widok na Ogród Saski. Ten kameralny apartament klasy premium w niskiej zabudowie kamienic - będzie idealnym miejscem do komfortowego życia, jak też gotowym profile pod luksusowy najem. Apartament mieści się na drugim piętrze w nowoczesnym budynku oddanym do użytkowania w 2016 roku, którego kamienna elewacja jest wykonana z naturalnego piaskowca, klatka schodowa wykonana jest z granitu. Budynek charakteryzuje się wysokim standardem, jest wyposażony w cichobieżną windę. Wnętrze zostało właśnie kompleksowo odświeżone, dzięki czemu nowy właściciel może wprowadzić się od razu, bez konieczności przeprowadzania jakichkolwiek prac remontowych. Właściciel zadbał o najwyższy standard wykończenia i jakość użytych materiałów do wykończenia mieszkania, gdzie część ścian pokryta jest półszlachetnym kamieniem ozdobnym - onyksem, który jest luksusowym kamieniem naturalnym w odcieniach zieleni z białymi, brązowymi i rdzawymi pasmami, półprzezroczysty, idealny do podświetlenia i tą wyjątkową właściwość wykorzystano do podświetlenia wyjątkowej zabudowy kuchni, co nadaje aranżacji nieruchomości charakter wnętrza premium. Podłogi wykonane z pięknej, jasnej deski dębowej oraz ze spieku. Parapety i stopnie na portfener wykonane z granitu. Ściany łazienek wyglądają wyjątkowo z uwagi na zastosowanie spieku o ciemnej barwie. W łazience, WC oraz przedpokoju zastosowane są napinane sufity wraz z ledowym oświetleniem. W holu wejściowym ścianę pokrywa tafla kryształowego lustra nadającą przestronności. Projektant wnętrz połączył styl nowoczesny z nutą klasyki w postaci sztukaterii naściennej. Przemyślana przestrzeń: Na powierzchnię 70 m² składają się: - reprezentacyjny, przestronny salon, - komfortowa sypialnia, - oddzielna, w pełni wyposażona kuchnia, - elegancka łazienka, - osobne WC, - funkcjonalna garderoba wykonana w zabudowie na wymiar. Wysokość pomieszczeń wynosi 2,50 m, co zapewnia poczucie przestrzeni i komfortu. Standard wykończenia: Apartament został wykończony z dbałością o estetykę i funkcjonalność. Wysoki standard wykończenia - ściany i sufity pokryte gładzią gipsową, użyto najlepszych na rynku farb marki Flugger. Kuchnia wyposażona została w zabudowę meblową wykonaną na wymiar, marmurowy blat oraz wysokiej klasy sprzęt AGD w zabudowie, obejmujący: - lodówkę z zamrażarką, - nową zmywarkę, - piekarnik, - pojemne systemy przechowywania. Salon łazienkowy z wiszącym telewizorem oferuje zarówno przestronną kabinę prysznicową z baterią podtynkową i deszczownicą, toaletę z wolno opadającą deską i bidet marki Rocca, jak i nową wannę z funkcją jacuzzi i z funkcjami multimedialnymi, tworzą prywatną strefę relaksu na powierzchni kilkunastu m². Blaty łazienkowe wykonane z marmuru. Dodatkowym udogodnieniem jest oddzielne WC. Armatura podtynkowa marki Hansgrohe. Integralną część apartamentu stanowi również przestronna garderoba z indywidualnie zaprojektowaną zabudową, zapewniającą wygodne i estetyczne przechowywanie. O komfort mieszkańców przez cały rok dba wydajna klimatyzacja, gwarantująca optymalną temperaturę nawet podczas najbardziej upalnych dni, także z funkcją grzania. Dodatkowe atuty: - apartament do własnej aranżacji, - odrębna garderoba, - klimatyzacja, - bezpośredni widok za oknem na Ogród Saski, - miejsce postojowe w garażu podziemnym z bezpośrednim dostępem do budynku w odrębnej cenie 150 000 zł, - duża komórka lokatorska (4m²) zapewniająca dodatkową przestrzeń do przechowywania w odrębnej cenie 50 000 zł. Miejsce postojowe posiada bezpośredni wjazd z ulicy, co eliminuje konieczność manewrowania, a to oszczędza czas i likwiduje ryzyko zarysowania luksusowego auta z uwagi na wydzielenie słupem konstrukcyjnym. Samodzielność eliminuje brak sąsiedztwa ""drzwi w drzwi"", a więc ryzyko szkód parkingowych gwarantuje prywatność i komfort parkowania szerokich pojazdów marki premium. Cena za miejsce w garażu wynika z wyjątkowej lokalizacji i z uwagi na skrajny deficyt miejsc parkingowych w Śródmieściu. Garaż posiada własny monitoring oraz wentylację, ochronę przeciwpożarową. Komórka lokatorska posiada dużą powierzchnię i funkcjonalny kształt, ma pełne drzwi antywłamaniowe, murowane ściany (zamiast ażurowych wygrodzeń) oraz indywidualne oświetlenie i wentylację. Znajduje się w sąsiedztwie windy. Lokalizacja, która buduje wartość: Bezpośrednie sąsiedztwo Ogrodu Saskiego sprawia, że jest to jedna z najbardziej atrakcyjnych lokalizacji w Lublinie. Kilka kroków dzieli mieszkańców od zielonych terenów spacerowych, a jednocześnie w zasięgu kilku minut znajdują się restauracje, kawiarnie, instytucje kultury (CSK), szkoły, uczelnie oraz pełna infrastruktura miejska. To miejsce pozwala cieszyć się spokojem i prywatnością, nie rezygnując z wygody życia w centrum miasta. Najważniejsze informacje: - powierzchnia: 70 m² - budynek z 2016 roku - prestiżowa lokalizacja przy Ogrodzie Saskim - świeżo odświeżony apartament - klimatyzacja - salon i sypialnia - oddzielna kuchnia - garderoba - łazienka z nową wanną z hydromasażem (jacuzzi) oraz prysznicem z deszczownicą - osobne WC - miejsce postojowe w garażu podziemnym - komórka lokatorska - apartament gotowy do zamieszkania - ogrzewanie miejskie. To nieruchomość dla osób, które oczekują więcej niż tylko mieszkania. To przestrzeń łącząca doskonałą lokalizację, wysoki standard wykończenia i komfort codziennego życia, stanowiąca jednocześnie bezpieczną inwestycję na lata. Zapraszam do kontaktu i umówienia indywidualnej prezentacji. Jestem przekonana, że już od pierwszych chwil spędzonych w apartamencie docenią Państwo jego wyjątkowość i zapragną stać się jego nowym właścicielem.",tak,tak,osobna,,własność,"Wyposażenie: klimatyzacja, lodówkę, piekarnik, telewizor, zmywarkę",51.25017,22.550544
Lublin Śródmieście,ul. Targowa,1,34,373680,10991.0,Pośrednik,,7,https://adresowo.pl/o/mieszkanie-lublin-srodmiescie-ul-targowa-1-pokoj-q8c7i1,https://s2.adresowa.pl/oi/2d/50/3f060e_5b53_cover@2x-1-pokojowe-mieszkanie-lublin-srodmiescie-ul-targowa.webp,Lublin Śródmieście,Targowa,parter,1904.0,kamienica,,"Na sprzedaż mieszkanie o łącznej powierzchni 34,60 m2, położone na parterze kamienicy przy ul. Targowej w Lublinie, w bezpośrednim sąsiedztwie centrum miasta. Ta starannie zaprojektowana przestrzeń wyróżnia się nie tylko najwyższą jakością wykończenia ale przede wszystkim dbałością o detale. ROZKŁAD POMIESZCZEŃ: - pokój - 22,92 m2 - kuchnia - 4,19 m2 - łazienka + wc - 3,88 m2 - przedpokój - 3,61 m2 Dodatkowo: - piwnica - 3,04 m2 Charakterystyka budynku: - ogrzewanie: z sieci miejskiej LPEC - media: prąd, woda, kanalizacja - stolarka okienna: PCV - klimatyzacja - rok budowy: 1904 - czynsz administracyjny 594 zł LOKALIZACJA - KLUCZOWY ATUT - Bliskość centrum, komunikacji miejskiej, uczelni, usług i infrastruktury Lokal może stanowić atrakcyjne źródło przychodów dla inwestora oparte na najmie długoterminowym oraz krótkoterminowym. Uwaga: Rzut mieszkania prześlę na życzenie osoby zainteresowanej. Stan nieruchomości dokładnie taki jak na zdjęciach. Zapraszam do kontaktu telefonicznego oraz prezentacji nieruchomości",,,,plastikowe,własność,Wyposażenie: klimatyzacja,51.252782,22.569936
Lublin,ul. Czesława Strzeszewskiego,3,70,829000,11843.0,Pośrednik,,14,https://adresowo.pl/o/mieszkanie-lublin-ul-czeslawa-strzeszewskiego-3-pokojowe-h0d0z7,https://s2.adresowa.pl/oi/21/1b/3efebe_b000_cover@2x-3-pokojowe-mieszkanie-lublin-ul-czeslawa-strzeszewskiego.webp,Lublin ,Czesława Strzeszewskiego,2,2019.0,blok,,"3 pokoje | 70,56 m² | Balkon narożny 16,88 m² | II piętro | Lublin, ul. Strzeszewskiego Na sprzedaż wyjątkowe, bardzo jasne i funkcjonalne mieszkanie 3-pokojowe o powierzchni 70,56 m², położone na II piętrze przy ul. Strzeszewskiego w Lublinie. To mieszkanie wyróżnia przede wszystkim świetny układ pomieszczeń, duża ilość naturalnego światła oraz przestrzeń, która zapewnia komfort codziennego życia. Lokal jest zadbany, czysty i gotowy do zamieszkania. Dodatkowym atutem jest imponujący narożny balkon o powierzchni 16,88 m², który stanowi idealne miejsce do wypoczynku, spotkań z rodziną czy stworzenia własnej zielonej strefy relaksu. Rozkład pomieszczeń- Salon – 19,21 m² - Pokój – 11,59 m² - Pokój – 11,55 m² - Kuchnia – 10,65 m² - Przedpokój – 10,49 m² - Łazienka z WC – 5,55 m² - Pralnia/pomieszczenie gospodarcze – 1,52 m² Powierzchnia mieszkania: 70,56 m² Dodatkowo:- Narożny balkon – 16,88 m² - Komórka lokatorska – 4,06 m² Najważniejsze atuty ✔ bardzo jasne i słoneczne mieszkanie ✔ doskonały układ funkcjonalny ✔ przestronny salon ✔ duża, ustawna kuchnia ✔ garderoba ✔ pojemne szafy w zabudowie ✔ dużo miejsca do przechowywania ✔ ustawne pokoje ✔ duży narożny balkon 16,88 m² ✔ komórka lokatorska ✔ II piętro ✔ mieszkanie zadbane i gotowe do zamieszkania Lokalizacja Mieszkanie znajduje się przy ul. Strzeszewskiego w Lublinie. Lokalizacja zapewnia wygodny dostęp do sklepów, punktów usługowych, szkół, przedszkoli, terenów rekreacyjnych oraz komunikacji miejskiej. To idealne miejsce dla rodzin, par oraz osób ceniących komfort życia w dobrze rozwiniętej części miasta. Jeżeli szukasz przestronnego, jasnego mieszkania z dużym balkonem i funkcjonalnym układem, ta oferta jest właśnie dla Ciebie.",,,,,,,51.274245,22.580178
Lublin Tatary,ul. Motorowa,2,48,450000,9375.0,bez pośredników,,8,https://adresowo.pl/o/mieszkanie-lublin-tatary-ul-motorowa-2-pokojowe-l5x7p1,https://s2.adresowa.pl/oi/44/74/4096c0_3de2_cover@2x-2-pokojowe-mieszkanie-lublin-tatary-ul-motorowa.webp,Lublin Tatary,Motorowa,2,1968.0,blok,,"Zachęcam do kupna pięknego, słonecznego mieszkania. Powierzchnia 48 m. Blok z cegły- ciepły zimą, chłodny latem. Wokół dużo zieleni i miejsc parkingowych. Obok przedszkole i szkoła Montesori. Blisko centra handlowe i bardzo dobra komunikacja z Centrum. Gotowe do wprowadzenia lub odświeżenia.",tak,,osobna,plastikowe,własność,,51.247808,22.599699
Lublin Węglin,ul. Koralowa,2,49,559000,11408.0,bez pośredników,,7,https://adresowo.pl/o/mieszkanie-lublin-weglin-ul-koralowa-2-pokojowe-i9n4h8,https://s2.adresowa.pl/oi/5f/76/409470_3c79_cover@2x-2-pokojowe-mieszkanie-lublin-weglin-ul-koralowa.webp,Lublin Węglin,Koralowa,1,2012.0,blok,,"- - OFERTA BEZPOŚREDNIA, BIUROM NIERUCHOMOŚCI DZIĘKUJĘ - - Oferuję na sprzedaż 2-pokojowe mieszkanie o powierzchni 49 m² z oddzielną kuchnią na ul Koralowej w Lublinie. Mieszkanie znajduje się na pierwszym piętrze, w pięciopiętrowym bloku z 2012r. Mieszkanie jest umeblowane i gotowe do zamieszkania. Okna znajdują sie od wschodu, co sprawia, że w lecie nie jest gorąco. Ponadto w salonie i pokoju, w oknach zamontowane drewniane żaluzje. Do mieszkania należy komórka lokatorska - dodatkowo płatna 10.000 zl Czynsz przy trzyosobowej rodzinie to 750 zl. Wyposażenie obejmuje sprzęty AGD takie jak lodówka, zmywarka, piekarnik, pralka, ekspres do kawy czy biokominek. Miejsca parkingowe za szlabanem. Lokal nie jest obciazonh hipoteką, sprzedajacy to osoba prywatna . Mieszkanie będzie dostępne pod koniec roku. Bardzo dobra lokalizacja - w pobliżu sklepy spożywcze (stokrotka, lewiatan, żabki), w sąsiednim bloku funkcionuje przedszkole. W najblizszej okolicy znaduja sie szkoły publicze i prywatne, przychodnia, park handlowy, restauracje.",tak,,osobna,plastikowe,własność,"Wyposażenie: lodówka, piekarnik, pralka, zmywarka",51.224424,22.48289
Lublin Kalinowszczyzna,ul. Niepodległości,3,56,490000,8750.0,bez pośredników,,5,https://adresowo.pl/o/mieszkanie-lublin-kalinowszczyzna-ul-niepodleglosci-3-pokojowe-x7j3s7,https://s2.adresowa.pl/oi/27/34/409426_aae9_cover@2x-3-pokojowe-mieszkanie-lublin-kalinowszczyzna-ul-niepodleglosci.webp,Lublin Kalinowszczyzna,Niepodległości,1,1978.0,blok,,"Przestronne 3-pokojowe mieszkanie z balkonem – Kalinowszczyzna, Lublin Na sprzedaż jasne i funkcjonalne mieszkanie o powierzchni 56,6 m², położone na pierwszym piętrze w dziesięciopiętrowym, ocieplonym bloku z 1978 roku (wyposażonym w dwie windy). Układ pomieszczeń: Salon z wyjściem na balkon (ekspozycja północno-wschodnia) Dwa niezależne pokoje Oddzielna, jasna kuchnia Łazienka oraz osobne WC Przedpokój Pełna własność z księgą wieczystą (brak obciążeń). Świetna lokalizacja: Kalinowszczyzna to zielona i spokojna okolica, w pobliżu znajdują się szkoły, przedszkole, place zabaw, przychodnia, liczne sklepy oraz przystanki autobusowe zapewniające szybki dojazd do centrum. Tuż obok jest Park Zawilcowa. Do mieszkania przynależy piwnica, a wokół budynku dostępne są ogólnodostępne miejsca parkingowe dla mieszkańców. Ogrzewanie miejskie, okna plastikowe. Zapraszam do kontaktu telefonicznego [numer] w celu uzyskania szczegółowych informacji oraz umówienia się na prezentację nieruchomości. Agencjom Nieruchomości - dziękuję!",tak,,osobna,plastikowe,własność,,51.25866,22.593008
Lublin Śródmieście,ul. Krzemieniecka,2,37,345084,9327.0,Pośrednik,,7,https://adresowo.pl/o/mieszkanie-lublin-srodmiescie-ul-krzemieniecka-2-pokojowe-s9o4k0,https://s2.adresowa.pl/oi/52/63/3ee59a_713e_cover@2x-2-pokojowe-mieszkanie-lublin-srodmiescie-ul-krzemieniecka.webp,Lublin Śródmieście,Krzemieniecka,4,1970.0,kamienica,,"Na sprzedaż mieszkanie zlokalizowane przy ul. Krzemienieckiej w Lublinie, w sąsiedztwie ścisłego centrum miasta. Nieruchomość znajduje się w niskim bloku mieszkalnym, a mieszkanie charakteryzuje się funkcjonalnym układem pomieszczeń oraz bezpośrednim widokiem na Zamek Lubelski i panoramę Starego Miasta. Parametry techniczne i standard: - Wykończenie: Na podłogach ułożono gumową wykładzinę, która aktualnie przykrywa parkiet, który czeka by przywrócić jego potencjał. - Kuchnia: Widna kuchnia, otwarta na salon, wraz z zabudową, bez sprzętu AGD. - Doświetlenie: Duże przeszklenia zapewniają optymalne doświetlenie pomieszczeń. - Instalacje: Prąd, woda miejska, CO miejskie, gaz na klatce (można przyłączyć), światłowód, instalacja TV. Rozkład pomieszczeń- Salon z aneksem kuchennym: Główna przestrzeń dzienna. - Sypialnia: Przestrzeń z miejscem na duże łóżko i szafę garderobianą. - Łazienka: Wyposażona w wannę oraz dodatkowe oświetlenie LED. - Przedpokój: Komunikacja Lokalizacja i infrastruktura: Mieszkanie przy ul. Krzemienieckiej zapewnia szybki dostęp do infrastruktury miejskiej: - Komunikacja: Bliskość przystanków komunikacji miejskiej oraz głównych arterii drogowych umożliwia sprawny dojazd do każdej dzielnicy Lublina. - Centrum miasta: Odległość od Starego Miasta i Zamku pozwala na dotarcie tam pieszo w kilkanaście minut. - Otoczenie: W bezpośrednim sąsiedztwie znajdują się sklepy spożywcze, supermarkety, apteki, przychodnie medyczne oraz placówki edukacyjne (szkoły i przedszkola). - Rekreacja: W pobliżu przebiegają ścieżki rowerowe oraz miejskie tereny zielone. Stan prawny nieruchomości jest w pełni uregulowany, bez obciążeń. Szczegółowy rzut techniczny, rzuty 3D oraz dodatkowe zdjęcia prześlę w wiadomości prywatnej. Zapraszam do kontaktu telefonicznego w celu umówienia prezentacji nieruchomości.",,,,plastikowe,własność,Wyposażenie: tv,51.255819,22.577902
Lublin Śródmieście,ul. Ogrodowa,2,72,1023660,14218.0,Pośrednik,,13,https://adresowo.pl/o/mieszkanie-lublin-srodmiescie-ul-ogrodowa-2-pokojowe-f2t4f5,https://s2.adresowa.pl/oi/2a/22/3e8d1c_cb44_cover@2x-2-pokojowe-mieszkanie-lublin-srodmiescie-ul-ogrodowa.webp,Lublin Śródmieście,Ogrodowa,2,1963.0,kamienica,,"Mieszkanie 2 pokojowe, Lublin, Centrum, ul. Ogrodowa Piękny apartament o powierzchni 72,6m2, wysoki standard wykończenia. Wnętrza zaprojektowane przez projektanta z dbałością o detale. Nieruchomość składa się z: - przestrzennego salonu, - bardzo dużej, umeblowanej sypialni z wyjściem na balkon, - oddzielnej, widnej kuchni (zabudowa, sprzęt AGD) - łazienki z oknem, prysznicem, wolnostojącą wanną i pomieszczeniem gospodarczym (na pralkę i suszarkę) - przedpokoju Do mieszkania przynależy piwnica. Możliwość parkowania samochodu na zamkniętym podwórku (automatyczna brama wjazdowa) Mieszkanie gotowe do wprowadzenia, umeblowanie i wyposażenie wliczone w cenę. LOKALIZACJA:Urokliwa, prestiżowa uliczka położona w samym sercu Śródmieścia, odchodząca od ul. 3 Maja, łącząca ścisłe centrum miasta z malowniczymi terenami w stronę doliny Czechówki. Doskonały dostęp do miejskiej infrastruktury Mie jsce idealne do zamieszkania jak również idealna inwestycja pod wynajem. Wybrane zdjęcia przedstawiają przykładową aranżację wnętrz wykonaną przy użyciu AI i mają charakter poglądowy. OFERTA DOSTĘPNA WYŁĄCZNIE W BIURZE NIERUCHOMOŚCI 3KLUCZE Otwieramy przed Tobą całe miasto! Sprzedajemy i wynajmujemy mieszkania, domy, lokale i działki. Działamy zarówno na rynku pierwotnym, jak i wtórnym. Zapewniamy kompleksową obsługę : doradztwo kredytowe i prawne, pomoc notariusza, architekta oraz projektanta wnętrz. Nieruchomość prezentuje: Sylwia tel. [numer] Opis oferty sporządzony został na podstawie informacji pochodzących od właściciela oferującego nieruchomość, dokumentów opisujących jej stan prawny i przeprowadzonych oględzin. Opis ten może podlegać aktualizacji w miarę zmiany stanu fizycznego i prawnego nieruchomości oraz nie stanowi oferty handlowej określonej w art. 66 i następnych K.C. Na prezentacji prosimy Państwa o podpisanie potwierdzenia przekazania adresu. Ze względów bezpieczeństwa właścicieli nieruchomości konieczne będzie podanie swoich danych. Imię i nazwisko, PESEL, nr telefonu, a także złożenie czytelnego podpisu na karcie odbioru adresu. Prosimy pamiętać, że do ceny transakcyjnej należy doliczyć 2% podatku od czynności cywilnoprawnych, koszt taksy notarialnej oraz koszt obsługi transakcji przez biuro nieruchomości.",,,,plastikowe,,"Wyposażenie: pralkę, suszarkę",51.25061,22.556149
Lublin Śródmieście,ul. Niecała,3,65,740000,11385.0,bez pośredników,,22,https://adresowo.pl/o/mieszkanie-lublin-srodmiescie-ul-niecala-3-pokojowe-w7e3l9,https://s2.adresowa.pl/oi/27/4e/408e7c_5a3e_cover@2x-3-pokojowe-mieszkanie-lublin-srodmiescie-ul-niecala.webp,Lublin Śródmieście,Niecała,1,1936.0,kamienica,,"Witam, wystawiam na sprzedaż przestronne, 2-pokojowe mieszkanie z oddzielną kuchnią o powierzchni 65,97 m², położone na 1. piętrze kamienicy przy ul. Niecałej 12 w Lublinie. Mieszkanie znajduje się w nowszej części budynku. Kamienica jest ocieplona. Do mieszkania przynależy piwnica o powierzchni 6,21 m². Dodatkowym atutem jest balkon o powierzchni 2m² oraz możliwość korzystania z wewnętrznego parkingu dla mieszkańców, z wjazdem na pilota. Mieszkanie ma funkcjonalny układ i duży potencjał aranżacyjny. Obecny układ można dostosować do własnych potrzeb. Przy odpowiedniej aranżacji możliwe jest m.in. wydzielenie trzeciego pokoju przy pozostawieniu osobnej kuchni, stworzenie trzech pokoi z aneksem kuchennym lub pozostawienie dwóch dużych pokoi z kuchnią i wydzielenie dodatkowego gabinetu albo miejsca do pracy. Obecny układ obejmuje: • salon – ok. 19,08 m² • pokój – ok. 18,25 m² • kuchnia – ok. 13,75 m² • przedpokój – ok. 6,30 m² • łazienka – ok. 3,46 m² • WC – ok. 0,82 m² • balkon – ok. 2,07 m² • zabudowana szafa we wnęce • piwnica – 6,21 m² *Rzut mieszkania został wykonany na podstawie własnych, orientacyjnych pomiarów. Podane na nim powierzchnie pomieszczeń mogą nieznacznie różnić się od wartości wynikających z dokumentacji technicznej. Rzut ma charakter poglądowy i przedstawia przede wszystkim układ oraz możliwości aranżacyjne mieszkania. Powierzchnia lokalu wynikająca z księgi wieczystej wynosi 65,970 m² wraz z piwnicą. Mieszkanie może być również ciekawą propozycją inwestycyjną pod wynajem. Obecny układ pozwala na wygodne wykorzystanie lokalu jako mieszkania 2-pokojowego, a jego duża powierzchnia daje możliwość stworzenia dodatkowego pokoju lub gabinetu. Najważniejsze informacje: Powierzchnia: 65,97 m² Piętro: 1 Liczba pokoi: 2 Kuchnia: oddzielna Balkon: tak Piwnica: 6,21 m² Parking: wewnętrzny parking dla mieszkańców, wjazd na pilota Ogrzewanie: gazowe Budynek: kamienica, nowsza część budynku, ocieplona Grunt pod budynkiem: wykupiony Hipoteka: brak Ochrona konserwatorska: budynek nie znajduje się pod ochroną konserwatora zabytków Sprzedaż: bezpośrednio od właściciela Lokalizacja: Nieruchomość znajduje się przy ul. Niecałej 12, w ścisłym centrum Lublina. W bezpośrednim sąsiedztwie znajdują się restauracje, kawiarnie, sklepy, punkty usługowe oraz komunikacja miejska. Orientacyjne odległości: Plac Litewski – ok. 350 m Brama Krakowska – ok. 700 m Stare Miasto – ok. 800 m Ogród Saski – ok. 1,1 km UMCS i KUL – ok. 2 km Dworzec PKP Lublin Główny – ok. 2,5 km Lokalizacja pozwala na wygodne korzystanie z centrum miasta bez konieczności codziennego korzystania z samochodu. Jednocześnie możliwość parkowania na wewnętrznym terenie kamienicy jest dużym atutem w tej części Lublina. Sprzedaż bezpośrednio od właściciela. Nie jestem zainteresowany współpracą z biurami nieruchomości ani podpisywaniem umów pośrednictwa.",tak,,osobna,drewniane,własność,,51.251211,22.559805
Lublin Czuby,ul. Hetmańska,2,47,548000,11660.0,bez pośredników,,5,https://adresowo.pl/o/mieszkanie-lublin-czuby-ul-hetmanska-2-pokojowe-f5n9m0,https://s2.adresowa.pl/oi/59/4a/408ca6_635d_cover@2x-2-pokojowe-mieszkanie-lublin-czuby-ul-hetmanska.webp,Lublin Czuby,Hetmańska,2,1991.0,blok,,"Sprzedam mieszkanie Czuby-Blonie 47,9 m2, 2 pietro, do remontu/wykonczenia, 2 sypialnie, funkcjonalny pokoj dzienny z aneksem kuchennym. Duzy balkon, piwnica + schowek, tylko 2 mieszkania na pietrze. ekspozycja okien wschod- zachod . Nowa instalacja elektryczna i wymienione okna. Cicha i spokojna dzielnica",tak,,osobna,plastikowe,spółdzielcze własnościowe,,51.234358,22.501853
Lublin Wieniawa,ul. Puławska,2,48,530000,11042.0,bez pośredników,,10,https://adresowo.pl/o/mieszkanie-lublin-wieniawa-ul-pulawska-2-pokojowe-j2t3n9,https://s2.adresowa.pl/oi/44/64/4089d0_ea18_cover@2x-2-pokojowe-mieszkanie-lublin-wieniawa-ul-pulawska.webp,Lublin Wieniawa,Puławska,parter,1989.0,blok,,"Cena: 530 000 zł Informacje podstawowe: Powierzchnia: 48,60 m² Liczba pokoi: 2 Ogrzewanie: miejskie Piętro: parter/4 Czynsz: 1000 zł/miesiąc (za 2 osoby) Stan wykończenia: do wejścia Rynek: wtórny Forma własności: pełna własność, księga wieczysta Dostępne od: zaraz Typ ogłoszeniodawcy: prywatne Informacje dodatkowe: Piwnica, oddzielna kuchnia, oddzielne WC, parking za bramą wjazdową. Budynek i materiały: Rok budowy: 1989 Winda: nie Okna: plastikowe Wyposażenie: Media: telewizja kablowa Opis: Przestronne, rozkładowe, 2-pokojowe mieszkanie z balkonem na Wieniawie, idealne zarówno dla osób poszukujących komfortowego i spokojnego miejsca do życia wśród zieleni, jak i inwestorów. Centrum miasta, bliskość szkół, przedszkoli i uczelni oraz pełna infrastruktura sprawia, że jest to lokalizacja poszukiwana przez mieszkańców w każdym wieku. Mieszkanie usytuowane jest na parterze w 4-piętrowym budynku z 1989 roku. Budynek otacza zadbana zieleń, jest plac zabaw i skwer, a mieszkańcy mają do dyspozycji liczne ogólnodostępne miejsca postojowe, w tym wydzielony parking, ogrodzony, z bramą zamykaną na pilota. Klatka schodowa jest czysta i dobrze utrzymana. Lokal o powierzchni 48,60 m² posiada funkcjonalny, rozkładowy układ pomieszczeń, który zapewnia wygodę codziennego użytkowania. W skład mieszkania wchodzą: - przestronny salon z balkonem - ustawna sypialnia - oddzielna, widna kuchnia - łazienka z wanną ze szklanym parawanem - osobna toaleta - przestronny przedpokój w literę ""L"" - piwnica Ekspozycja okien dwustronna: okna salonu z balkonem skierowane są na południowy wschód, kuchni i sypialni na północny zachód, dzięki czemu mieszkanie jest dobrze doświetlone. O komfort mieszkańców dba ogrzewanie z sieci miejskiej, a dodatkową przestrzeń do przechowywania zapewnia przestronna piwnica z regałami. Najważniejsze atuty nieruchomości: - prestiżowa lokalizacja - Wieniawa, - dwa ustawne i jasne pokoje, - oddzielna, widna kuchnia, - ekspozycja okien, dwustronny układ pomieszczeń, - osobne WC, - ogrzewanie z sieci miejskiej, - piwnica, - liczne ogólnodostępne miejsca parkingowe oraz wydzielony dla mieszkańców odrębny parking, - zielone i spokojne otoczenie, których brakuje na nowych, peryferyjnych osiedlach, - w pobliżu żłobek, przedszkole, szkoła podstawowa i szkoły ponadpodstawowe, uczelnie, Szpital Wojskowy, - przystanki komunikacji miejskiej, - sklepy, w tym Lidl i Stokrotka, McDonald's, - park Saski, - odrębna własność z księgą wieczystą. Mieszkanie nigdy nie było wynajmowane.",tak,,osobna,plastikowe,własność,,51.254733,22.531277
Lublin Sławin,ul. Poligonowa,2,65,880000,13538.0,Pośrednik,,7,https://adresowo.pl/o/mieszkanie-lublin-slawin-ul-poligonowa-2-pokojowe-l0s0h4,https://s2.adresowa.pl/oi/2b/5e/3e321a_c49c_cover@2x-2-pokojowe-mieszkanie-lublin-slawin-ul-poligonowa.webp,Lublin Sławin,Poligonowa,3,2021.0,blok,,"Na sprzedaż wyjątkowe mieszkanie dwupoziomowe o powierzchni ok. 65 m², zlokalizowane na 3 piętrze nowoczesnego budynku przy ul. Poligonowej. Nieruchomość jest obecnie w trakcie wykańczania , zgodnie z wizualizacją. Funkcjonalny układ mieszkania zapewnia komfortową przestrzeń do życia: • poziom dolny (ok. 37 m²): - przestronny salon z aneksem kuchennym, - łazienka, - balkon, • antresola (ok. 27 m²): - sypialnia, - wyjście na imponujący taras o powierzchni ok. 60 m² - idealne miejsce do wypoczynku, stworzenia zielonej strefy relaksu lub organizowania spotkań. Do mieszkania przynależą 2 miejsca postojowe . Atuty nieruchomości: nowoczesny, dwupoziomowy układ, mieszkanie w trakcie wykańczania, możliwość dopracowania aranżacji według własnych potrzeb, bardzo duży, ok. 60-metrowy taras, jasne i ustawne pomieszczenia, balkon, 2 miejsca postojowe, atrakcyjna lokalizacja przy ul. Poligonowej. Cena: 880 000 PLN To idealna propozycja dla osób poszukujących nowoczesnego, przestronnego mieszkania z wyjątkową przestrzenią zewnętrzną. Dwupoziomowy układ, duży taras oraz możliwość wpływu na finalny charakter wnętrza sprawiają, że nieruchomość ma wyjątkowy potencjał zarówno do zamieszkania, jak i jako inwestycja.",,tak,,,,,51.27492,22.529363
Lublin Czuby,ul. Szczytowa,3,54,548000,10148.0,Pośrednik,,24,https://adresowo.pl/o/mieszkanie-lublin-czuby-ul-szczytowa-3-pokojowe-i0i0r9,https://s2.adresowa.pl/oi/28/4b/3e0302_6d1d_cover@2x-3-pokojowe-mieszkanie-lublin-czuby-ul-szczytowa.webp,Lublin Czuby,Szczytowa,1,2005.0,blok,,"Na sprzedaż funkcjonalne mieszkanie trzypokojowe, położone na pierwszym piętrze bloku w atrakcyjnej dzielnicy Czuby przy ul. Szczytowej Układ pomieszczeń: - salon z aneksem kuchennym (zabudowa kuchenna wraz ze sprzętem AGD) z wyjściem na balkon, - dwie ustawne sypialnie, - łazienka z wc wyposażona w wannę Dodatkowo miejsce postojowe w garażu podziemnym 50tys. zł Media i opłaty: czynsz 693 zł (zawiera ogrzewanie oraz ciepłą wodę z kotłowni gazowej). Lokalizacja: nieruchomość znajduje się w dobrze rozwiniętej części osiedla. W pobliżu znajdują się liczne sklepy, szkoły, przedszkola, obiekty sportowe, kościół, ścieżki rowerowe. Mieszkanie idealne dla rodziny lub jako inwestycja pod wynajem. Wybrane zdjęcia przedstawiają przykładową aranżację wnętrz wykonaną przy użyciu AI i mają charakter poglądowy. Otwieramy przed Tobą całe miasto! Sprzedajemy i wynajmujemy mieszkania, domy, lokale i działki. Działamy zarówno na rynku pierwotnym, jak i wtórnym. Zapewniamy kompleksową obsługę : doradztwo kredytowe i prawne, pomoc notariusza, architekta oraz projektanta wnętrz. W razie pytań, po prostu skontaktuj się z nami. Nieruchomość prezentuje: Sylwia, tel. [numer] Opis oferty sporządzony został na podstawie informacji pochodzących od właściciela oferującego nieruchomość, dokumentów opisujących jej stan prawny i przeprowadzonych oględzin. Opis ten może podlegać aktualizacji w miarę zmiany stanu fizycznego i prawnego nieruchomości oraz nie stanowi oferty handlowej określonej w art. 66 i następnych K.C. Na prezentacji prosimy Państwa o podpisanie potwierdzenia przekazania adresu. Ze względów bezpieczeństwa właścicieli nieruchomości konieczne będzie podanie swoich danych. Imię i nazwisko, PESEL, nr telefonu, a także złożenie czytelnego podpisu na karcie odbioru adresu. Prosimy pamiętać, że do ceny transakcyjnej należy doliczyć 2% podatku od czynności cywilnoprawnych, koszt taksy notarialnej oraz koszt obsługi transakcji przez biuro nieruchomości.",,,,plastikowe,własność,,51.222292,22.53365
Lublin Felin,ul. Królowej Jadwigi,3,61,900000,14754.0,bez pośredników,,8,https://adresowo.pl/o/mieszkanie-lublin-felin-ul-krolowej-jadwigi-3-pokojowe-f8v7o4,https://s2.adresowa.pl/oi/70/3c/40897a_beae_cover@2x-3-pokojowe-mieszkanie-lublin-felin-ul-krolowej-jadwigi.webp,Lublin Felin,Królowej Jadwigi,3,2024.0,blok,,"Na sprzedaż przestronne mieszkanie 60m² na Felinie - Osiedle Europejskie, etap Oslo. Sprzedaż bezpośrednia od osoby prywatnej. Mieszkanie znajduje się w nowym bloku, zostało odebrane i wykończone w IV kwartale 2024 r. Układ: • przestronny salon z kuchnią • 2 sypialnie • łazienka • przedpokój • 2 duże balkony o łącznej powierzchni ok. 30 m² Wnętrze zostało urządzone w nowoczesnym stylu z dużą ilością miejsca do przechowywania i dobrze wykorzystaną przestrzenią. Wnętrze jest jasne, spójne i gotowe do zamieszkania bez dodatkowych nakładów. W przedpokoju znajduje się również pojemna szafa gospodarcza, w której ukryte są pralka oraz suszarka. Mieszkanie jest w pełni wyposażone i gotowe do zamieszkania. Okna wychodzą na wschód i zachód. Osiedle posiada bardzo dobrze rozwiniętą infrastrukturę, która nadal się rozwija. W pobliżu znajdują się sklepy, szkoły, przedszkola, żłobki, place zabaw oraz liczne tereny zielone. Dodatkowym atutem jest bardzo szybki dojazd do obwodnicy Lublina. Dużym atutem są dwa przestronne balkony oraz zamykany, prywatny garaż w hali podziemnej. Garaż dodatkowo płatny 110 000 zł. Cena mieszkania obejmuje pełne wyposażenie znajdujące się w lokalu, w tym cały sprzęt RTV i AGD. Nieruchomość nie jest obciążona hipoteką ani innymi zobowiązaniami zabezpieczonymi na nieruchomości. Więcej informacji udzielę telefonicznie. Wyrażam zgodę na przedstawianie i oferowanie tej nieruchomości klientom biur nieruchomości zainteresowanym jej zakupem. Wyrażam zgodę na publikowanie ogłoszenia we własnych katalogach. Pośrednikom kontaktującym się wyłącznie w celu podpisania umowy na wyłączność z góry dziękuję.",,tak,aneks,,,"Wyposażenie: pralka, suszarka, tv",51.217433,22.640184
Lublin Rury,ul. Leonarda,2,32,402000,12562.0,bez pośredników,,3,https://adresowo.pl/o/mieszkanie-lublin-rury-ul-leonarda-2-pokojowe-l3c3y8,https://s2.adresowa.pl/oi/34/55/40873c_571f_cover@2x-2-pokojowe-mieszkanie-lublin-rury-ul-leonarda.webp,Lublin Rury,Leonarda,7,1975.0,blok,,"Opis Na sprzedaż przytulne i funkcjonalne mieszkanie o powierzchni 32 m², idealne dla singla, pary lub jako inwestycja pod wynajem. Mieszkanie składa się z salonu z kuchnią, osobnego pokoju, łazienki z wc i przedpokoju. Do mieszkania przynależy również piwnica i schowek na półpiętrze. W 2023 roku mieszkanie przeszło generalny remont, dzięki czemu jest zadbane i gotowe do zamieszkania bez konieczności ponoszenia dodatkowych nakładów. Dużym atutem jest bardzo dobra lokalizacja – w pobliżu znajdują się uczelnie, sklepy, punkty usługowe oraz ścieżki rowerowe. Wszystko, co potrzebne na co dzień, jest w zasięgu ręki. To świetne miejsce zarówno do życia, jak i pod wynajem. Mieszkanie jest ciepłe, przytulne i dobrze rozplanowane, dzięki czemu mimo niewielkiego metrażu jest komfortowe i praktyczne. - Świetna lokalizacja - Gotowe do zamieszkania - 32 m² + piwnica - Generalny remont w 2023 roku Cena: 402000 zł Lokalizacja: LSM Zapraszam do kontaktu i obejrzenia mieszkania na żywo!",tak,,aneks,,własność,,51.24044,22.515538
Lublin Węglin,ul. Koralowa,3,49,635000,12959.0,bez pośredników,,6,https://adresowo.pl/o/mieszkanie-lublin-weglin-ul-koralowa-3-pokojowe-j4y7v6,https://s2.adresowa.pl/oi/15/50/40870e_f45a_cover@2x-3-pokojowe-mieszkanie-lublin-weglin-ul-koralowa.webp,Lublin Węglin,Koralowa,3,2015.0,blok,,"Na sprzedaż jasne i wyjątkowo funkcjonalne mieszkanie o powierzchni ~49m2, zlokalizowane przy ulicy Koralowej 19 w Lublinie. Znajduje się na trzecim piętrze w nowoczesnym, pięciopiętrowym budynku z dużą cichobieżną windą. Elastyczny układ obejmujący przedpokój, oddzielną widną kuchnię, 10m2 pokój i duży salon 20m2, który został podzielony ścianką kartonowo-gipsową na dwa pokoje po 10m2. Nowi nabywcy mogą usunąć tę ściankę i przywrócić reprezentacyjny przestronny pokój dzienny. Bardzo duży balkon. Na podłogach parkiet dębowy i płytki drewnopodobne. Mieszkanie z wschodnią ekspozycją - wspaniałe poranne słońce we wszystkich pokojach i kuchni, przyjemny chłód w gorące popołudnia. Osiedle zapewnia pełną infrastrukturę handlowo-usługową, bliskość szkół, przedszkoli oraz świetne połączenie komunikacyjne z centrum miasta. Dodatkowo płatne wygodne miejsce postojowe w garażu podziemnym +70000zł Super lokum zarówno do mieszkania jak i inwestycję na wynajem. Zapraszam do kontaktu telefonicznego (biurom i agentom nieruchomości dziękuję - proszę nie dzwonić)",tak,tak,osobna,plastikowe,własność,,51.224016,22.484978
Lublin,ul. Bursztynowa,2,48,449000,9354.0,Pośrednik,,11,https://adresowo.pl/o/mieszkanie-lublin-ul-bursztynowa-2-pokojowe-y8u0g8,https://s2.adresowa.pl/oi/52/34/3df380_dba0_cover@2x-2-pokojowe-mieszkanie-lublin-ul-bursztynowa.webp,Lublin ,Bursztynowa,5,1992.0,blok,,"Na sprzedaż funkcjonalne mieszkanie o powierzchni 48,2 m² położone w jednej z najbardziej cenionych dzielnic Lublina -Czuby, przy ulicy Bursztynowej. Lokal znajduje się w spokojnej, zielonej okolicy z bardzo dobrą infrastrukturą oraz szybkim dojazdem do centrum miasta. Mieszkanie składa się z: • pokoju z wyjściem na balkon • sypialni • oddzielnej i widnej kuchni • przedpokoju • łazienki z prysznicem oraz WC Lokal wymaga remontu, co daje możliwość aranżacji wnętrza według własnych potrzeb i gustu-idealna propozycja zarówno dla osób szukających mieszkania ""pod siebie"", jak i inwestorów. Atuty nieruchomości: • ogólnodostępne miejsca parkingowe • dodatkowe pomieszczenie do użytku wspólnego • w salonie wymienione panele w 2025 r. • cicho i spokojnie a jednocześnie wszędzie blisko • w pobliżu: liczne sklepy, szkoły, przedszkola, punkty usługowe i medyczne Uwaga: Rzut mieszkania przesyłamy na życzenie osoby zainteresowanej. Serdecznie zapraszam do kontaktu.",,,osobna,plastikowe,własność,,51.223677,22.50849
Lublin Wieniawa,ul. Bartosza Głowackiego,2,50,610000,12200.0,Pośrednik,,17,https://adresowo.pl/o/mieszkanie-lublin-wieniawa-ul-bartosza-glowackiego-2-pokojowe-j9k2b6,https://s2.adresowa.pl/oi/2b/5e/3df28e_b8ec_cover@2x-2-pokojowe-mieszkanie-lublin-wieniawa-ul-bartosza-glowackiego.webp,Lublin Wieniawa,Bartosza Głowackiego,1,1965.0,blok,,"Do sprzedania wyjątkowe, pięknie wykończone mieszkanie zaaranżowane według projektu architekta wnętrz, znajdujące się w wyśmienitej lokalizacji - blisko centrum Lublina, w sąsiedztwie Miasteczka Akademickiego (kilka-kilkanaście minut od KUL, UMCS i Uniw. Przyrodniczego). Okolica bardzo spokojna, lokalizacja prestiżowa i bezpieczna. Mieszkanie w stanie idealny, po remoncie generalnym i kompleksowej przebudowie w 2021/2022 r. Sprzedawane jest z kompletnym eleganckim umeblowaniem i wyposażeniem (w tym także m.in. najwyższej jakości zabudowa kuchenna pod wymiar, z wyspą i stołem jadalnianym, sprzęt AGD firmy Bosch). W sypialni duże podwójne łóżko z materacem, w salonie wygodna sofa, szafka i TV. Rozkład mieszkania: na planie otwartym holl + pokój dzienny z aneksem kuchennym, duża sypialnia, przestronna łazienka z WC, dodatkowo w przedpokoju wydzielona oddzielna duża garderoba Termin wydania: OD ZARAZ ::DODATKOWE INFORMACJE Rodzaj budynku: blok Plac zabaw: TAK Widok: na inne budynki Gaz: jest Woda: ciepła - piecyk gazowy Dojazd: asfalt Ogrzewanie: miejskie Linie telefoniczne: TAK Internet: TAK Telewizja kablowa: TAK Winda: NIE Rozkład: rozkładowe Usytuowanie: dwustronne Opłaty w czynszu: zaliczka na fundusz remontowy, wywóz śmieci, woda, ogrzewanie, Części wspólne, administracja, fundusz remontowy, CO Opłaty wg liczników: woda, prąd, gaz Rodzaj mieszkania: jednopoziomowe Piwnica: TAK Stan lokalu: wysoki standard Okna: nowe PCV Instalacje: wymienione Balkon: jest Powierzchnia użytkowa [m2]: 50,7100 Rok budowy: 1965 Liczba pokoi: 2 Powierzchnia pokoi [m2]: 22, 12 Podłogi pokoi: deska barlinecka Ściany pokoi: gładzie gipsowe Typ kuchni: widna Rodzaj kuchni: z nowoczesną zabudową kuchenną Podłoga kuchni: gres Typ łazienki: razem z wc Glazura łazienki: nowego typu Podłoga łazienki: terakota Wyposażenie łazienki: WC, umywalka, kabina prysznicowa Podłoga przedpokoi: deska barlinecka, gres ::LINK DO STRONY [www]/oferta.aspx?id=[numer] ::KONTAKT DO AGENTA Marcin Kuczyński [numer] [numer] [email] ::DANE BIURA BIURO NIERUCHOMOŚCI ANMA - MK Marcin Kuczyński BIURO NIERUCHOMOŚCI ANMA - MK MARCIN KUCZYŃSKI Hugona Kołłątaja 4 20-006 Lublin +48 [numer], [numer], +48 [numer] [www] Pośrednik odpowiedzialny zawodowo za wykonanie umowy pośrednictwa: Marcin Kuczyński (licencja nr: 4256)",,,osobna,plastikowe,własność,"Wyposażenie: internet, tv",51.250866,22.535838
Lublin Stare Miasto,ul. Migdałowa,3,59,749000,12695.0,bez pośredników,,11,https://adresowo.pl/o/mieszkanie-lublin-stare-miasto-ul-migdalowa-3-pokojowe-d4g9i4,https://s2.adresowa.pl/oi/76/5c/4084ec_c40d_cover@2x-3-pokojowe-mieszkanie-lublin-stare-miasto-ul-migdalowa.webp,Lublin Stare Miasto,Migdałowa,1,2026.0,blok,,"Oferujemy nowoczesne, trzypokojowe mieszkanie o powierzchni 59 m², wykończone do zamieszkania wraz pełnym wyposażeniem widocznym na zdjęciach oraz klimatyzacją, usytuowane na 1. piętrze nowo oddanego budynku na osiedlu Narcyzowe. Rozkład pomieszczeń: - Przestronny salon z aneksem kuchennym i wyjściem na balkon - (22,20m2) - Dwie przytulne sypialnie - (10,64 m2 i 11,73 m2) - Łazienka z WC - (5,13 m2) - Przedpokój - (9,20 m2) Dodatkowe atuty: - balkon - (6,02m2) - Ekspozycja okien: południe i północ - miejsce postojowe w garażu podziemnym (dodatkowo płatne: 50 000 zł) - zakup miejsca postojowego NIE jest obligatoryjny - komórka lokatorska (w cenie mieszkania) Media: - Ogrzewanie i woda - miejskie - Prąd - Światłowód - woda - stacja uzdatniania wody Lokalizacja i otoczenie: Mieszkanie znajduje się w spokojnej, zielonej okolicy w północnej części Lublina. Brak podatku 2% PCC oraz prowizji!",tak,tak,aneks,,własność,,51.272438,22.593238
Lublin LSM,ul. Nadbystrzycka,3,49,495000,10102.0,bez pośredników,,1,https://adresowo.pl/o/mieszkanie-lublin-lsm-ul-nadbystrzycka-3-pokojowe-j1b4p7,https://s2.adresowa.pl/oi/1d/67/408084_c008_cover@2x-3-pokojowe-mieszkanie-lublin-lsm-ul-nadbystrzycka.webp,Lublin LSM,Nadbystrzycka,2,1985.0,blok,,"SPRZEDAM MIESZKANIE, 3 POK, 49M2-LSM os. PRUSA Mieszkanie własnościowe /KW+ udział w gruncie / składa się z 3 pokoi, łazienki z wc, przedpokoju oraz widnej, osobnej kuchni. Mieszkanie jest jednostronne z dużymi oknami, wychodzącymi na wschód- na zieleń podwórka. Do remontu/ część prac wykonana/- jest możliwość wykończenia według własnej aranżacji. Blok ocieplony, nowe balkony, okna PVC, winda, II p/10. Czynsz 1000 zł/2 os. ze wszystkimi zaliczkami/ wywóz śmieci, gaz, fundusz remontowy, części wspólne/. Dodatkowo płatny prąd. Ogrzewanie miejskie. Brak piecyków. Założony internet. Do mieszkania przynależy także piwnica i duży balkon 5m. Parkingi ogólnodostępne pod blokiem z dużą ilością miejsc. Idealne miejsce dla studenta(obok Politechnika i świetny dojazd do innych uczelni). Wspaniałe miejsce do zamieszkania dla rodziny lub osób starszych ze względu na super lokalizację i bliskość centrum miasta, sklepy, szkoła, apteka, poczta itp. Doskonałe pod inwestycję. cena: 495.000 PLN/ do negocjacji/ Sprzedaż bezpośrednio od właściciela.",tak,,osobna,plastikowe,własność,Wyposażenie: internet,51.229187,22.53807
Lublin Śródmieście,ul. Podzamcze,1,42,359000,8548.0,bez pośredników,,11,https://adresowo.pl/o/mieszkanie-lublin-srodmiescie-ul-podzamcze-1-pokoj-g3p0a9,https://s2.adresowa.pl/oi/15/79/408150_c1bb_cover@2x-1-pokojowe-mieszkanie-lublin-srodmiescie-ul-podzamcze.webp,Lublin Śródmieście,Podzamcze,1,1970.0,blok,,"Na sprzedaż mieszkanie o powierzchni 42 m² w centrum Lublina. Mieszkanie składa się z kuchni, łazienki, przedpokoju i pokoju, który oddzielony jest drewnianą przesuwaną ścianką. Mieszkanie posiada wspólny taras z zewnątrz. Lokalizacja mieszkania znajduje się na ul. Podzamcze 4. Z względu na położenie nieruchomość sprawdzi się jako wygodne miejsce do życia, jak i dobra inwestycja pod wynajem. Największe atuty: 1) Lokalizacja: - zaledwie 400m do galerii VIVO - parki i tereny zielone, idealne na spacery - restauracje i kawiarnie - szkoły i uczelnie - siłownie - przystanki komunikacji miejskiej 2) Parking: - darmowy parking pod blokiem 3) Własna piwnica 4) Niski koszt czynszu administracyjnego: - ok 850 zł za kwartał Zapraszam do kontaktu i obejrzenia mieszkania na żywo. Chętnie odpowiem na wszelkie pytania.",tak,,,plastikowe,własność,,51.25374,22.574866
Lublin Czechów,ul. Radzyńska,5,58,625000,10776.0,Pośrednik,,15,https://adresowo.pl/o/mieszkanie-lublin-czechow-ul-radzynska-5-pokojowe-q5z7z3,https://s2.adresowa.pl/oi/1c/39/3dedf2_5d44_cover@2x-5-pokojowe-mieszkanie-lublin-czechow-ul-radzynska.webp,Lublin Czechów,Radzyńska,parter,1990.0,blok,,"Gotowiec inwestycyjny - 5 pokoi | Czechów | blisko Uniwersytetu Medycznego Na sprzedaż atrakcyjne mieszkanie inwestycyjne o powierzchni 58 m2, (5-pokoi) zlokalizowane przy ul. Radzyńskiej na lubelskim Czechowie - w bezpośrednim sąsiedztwie Uniwersytet Medyczny w Lublinie. Mieszkanie usytuowane jest na wysokim parterze w 4-piętrowym, zadbanym budynku, co zapewnia wygodny dostęp bez konieczności korzystania z windy, a jednocześnie większą prywatność niż na standardowym parterze. Do lokalu przynależy balkon, który stanowi dodatkową przestrzeń do odpoczynku, oraz piwnica, idealna do przechowywania rzeczy sezonowych. Ogrzewanie oraz ciepła woda pochodzą z sieci miejskiej, dzięki czemu mieszkanie nie posiada piecyka gazowego. lokalizacja gwarantująca stałe zainteresowanie najemców. Nieruchomość położona jest w doskonale skomunikowanej części miasta, zapewniającej szybki dojazd do centrum oraz uczelni. W najbliższym otoczeniu znajdują się: -liczne sklepy i punkty handlowo-usługowe -supermarkety oraz galerie handlowe -uczelnie wyższe i prywatne szkoły -tereny zielone, miejsca spacerowe i rekreacyjne Mieszkanie o przemyślanym układzie zostało zaprojektowane typowo pod inwestycję i składa się z: -5 niezależnych pokoi (każdy w pełni umeblowany) -części wspólnej - salonu z aneksem kuchennym -w pełni wyposażonej łazienki z WC -dodatkowej, osobnej toalety Każdy najemca ma do dyspozycji własne szafki kuchenne, co znacząco podnosi komfort użytkowania. Nieruchomość przeszła gruntowny remont w 2021 roku, dzięki czemu jest w bardzo dobrym stanie technicznym i nie wymaga dodatkowych nakładów finansowych. W ramach prac wykonano m.in.: -pełną wymianę instalacji elektrycznej oraz hydraulicznej -położenie nowych gładzi, wyrównanie ścian oraz ich malowanie -montaż wysokiej jakości paneli podłogowych oraz gresu -montaż nowych drzwi zewnętrznych oraz wewnętrznych -wykonanie nowej zabudowy kuchennej -montaż nowego oświetlenia w całym mieszkaniu -kompleksowe wykończenie oraz pełne wyposażenie łazienek -umeblowanie wszystkich pokoi oraz części wspólnej -wyposażenie kuchni w niezbędny sprzęt AGD, w tym również pralkę -Nieruchomość posiada również okna PCV, co wpływa na dobrą izolację termiczną i akustyczną. Mieszkanie sprzedawane jest z pełnym wyposażeniem - gotowe do dalszego wynajmu bez dodatkowych nakładów. Potencjał inwestycyjny: -obecnie wynajmowane - możliwość przejęcia najemców -dochód netto: ponad 4000 zł miesięcznie (po wszystkich opłatach i podatkach) -układ maksymalizujący rentowność (5 niezależnych pokoi) Dodatkowe informacje Budynek otoczony jest zielenią, co sprzyja spacerom i rekreacji. W najbliższym otoczeniu dostępne są liczne ogólnodostępne miejsca parkingowe, co jest dużym atutem dla mieszkańców i najemców. Istnieje również możliwość przywrócenia pierwotnego układu mieszkania - połączenia salonu z aneksem kuchennym oraz wydzielenia 3 niezależnych pokoi, co daje elastyczność zarówno dla inwestora, jak i osób szukających lokalu na własne potrzeby. Dana oferta to Idealna propozycja dla inwestora szukającego gotowego produktu generującego stabilny dochód od pierwszego dnia. Zapraszamy do kontaktu telefonicznego oraz na prezentację nieruchomości. Niniejsze ogłoszenie ma charakter informacyjny i nie stanowi oferty w rozumieniu art. 66 i następnych Kodeksu cywilnego. Informacje zawarte w ogłoszeniu zostały sporządzone na podstawie danych uzyskanych od właściciela oraz oględzin nieruchomości i mogą podlegać aktualizacji. ::",,,aneks,,,Wyposażenie: pralkę,51.257732,22.549098
Lublin,Sławin,2,36,431732,11993.0,Pośrednik,,5,https://adresowo.pl/o/mieszkanie-lublin-slawin-2-pokojowe-36-m2-b0w6x0,https://s2.adresowa.pl/oi/39/78/3d5d2e_edd5_cover@2x-2-pokojowe-mieszkanie-lublin-slawin.webp,Lublin Sławin,,3,2026.0,blok,,"Dwupokojowe mieszkanie na III piętrze budynku w trakcie realizacji na Botaniku. Salon z aneksem kuchennym o pow. 20,79m2 z wyjściem na balkon. Sypialnia o pow. 11,24m2. Łazienka z WC 4,25m2. Wystawa okien: południe. Miejsce postojowe w garażu podziemnym w cenie 49.000 zł. TERMIN REALIZACJI: IV kwartał 2026r. MEDIA: ogrzewanie miejskie, woda, prąd. Otwieramy przed Tobą całe miasto! Jesteśmy specjalistami od rynku pierwotnego. U nas znajdziesz najlepsze inwestycje w jednym miejscu. Zamiast przeglądać oferty różnych deweloperów, zapoznaj się z naszą ofertą. Zapewniamy kompleksową obsługę: doradztwo kredytowe i prawne, pomoc notariusza, architekta oraz projektanta wnętrz. Nieruchomość prezentuje: Sylwia, tel. [numer] Opis oferty sporządzony został na podstawie informacji pochodzących od właściciela oferującego nieruchomość, dokumentów opisujących jej stan prawny i przeprowadzonych oględzin. Opis ten może podlegać aktualizacji w miarę zmiany stanu fizycznego i prawnego nieruchomości oraz nie stanowi oferty handlowej określonej w art. 66 i następnych K.C. Na prezentacji prosimy Państwa o podpisanie potwierdzenia przekazania adresu. Ze względów bezpieczeństwa właścicieli nieruchomości konieczne będzie podanie swoich danych. Imię i nazwisko, PESEL, nr telefonu, a także złożenie czytelnego podpisu na karcie odbioru adresu. Prosimy pamiętać, że do ceny transakcyjnej należy doliczyć 2% podatku od czynności cywilnoprawnych, koszt taksy notarialnej oraz koszt obsługi transakcji przez biuro nieruchomości.",,tak,aneks,,,,51.268342,22.52
Lublin Wrotków,ul. Antoniego Słomkowskiego,3,67,690000,10299.0,bez pośredników,,15,https://adresowo.pl/o/mieszkanie-lublin-wrotkow-ul-antoniego-slomkowskiego-3-pokojowe-b5q4x0,https://s2.adresowa.pl/oi/49/63/407bb6_4c3e_cover@2x-3-pokojowe-mieszkanie-lublin-wrotkow-ul-antoniego-slomkowskiego.webp,Lublin Wrotków,Antoniego Słomkowskiego,3,2008.0,blok,,"Sprzedam mieszkanie o powierzchni 62,63 m2 wraz z przynależną w budynku piwnicą (5,22m2) i garażem podziemnym (16,07 m2). Mieszkanie składa się z salonu połączonego z kuchnią, dwóch sypialni, przedpokoju, łazienki i oddzielnego wc. W wyposażeniu mieszkania pozostają meble kuchenne wraz z kuchenką i piekarnikiem oraz szafy: w przedpokoju i w jednej sypialni. W łazience znajduje się duża wanna, szafka pod zlewem, szafka stojąca i duże lustro. Mieszkanie posiada balkon o wymiarach: 6 x 1,5 m. Wymiary pomieszczeń: - przedpokój: 11,04 m2 - kuchnia: 9,36 m2 - salon: 17,64 m2 - sypialnia 1: 7,35 m2 - sypialnia 2: 10,05 m2 - łazienka: 3,85 m2 - wc: 1,66 m2 Mieszkanie usytuowane jest na 3 piętrze ( w budynku znajduje się winda:) w nowoczesnej dzielnicy Lublina – Wrotków / Słoneczny Dom. W pobliżu znajdują się przedszkola, szkoła podstawowa, przychodnia zdrowia, sklepy, a także ścieżka rowerowa i tereny zielone nad Zalewem Zemborzyckim (5 min pieszo). Cena mieszkania: 690 000zł do negocjacji Cena garażu: 80 000zł Kontakt tel.: [numer]",tak,tak,aneks,plastikowe,własność,Wyposażenie: piekarnik,51.198429,22.542424
Lublin Czuby,ul. Szmaragdowa,2,49,530000,10816.0,bez pośredników,,14,https://adresowo.pl/o/mieszkanie-lublin-czuby-ul-szmaragdowa-2-pokojowe-r5l8v4,https://s2.adresowa.pl/oi/4c/58/407b50_a916_cover@2x-2-pokojowe-mieszkanie-lublin-czuby-ul-szmaragdowa.webp,Lublin Czuby,Szmaragdowa,2,1988.0,blok,,"Na sprzedaż 2-pokojowe mieszkanie o powierzchni 49 m², położone przy ul. Szmaragdowej w Lublinie, na 2. piętrze. Mieszkanie przeszło remont pod koniec 2025 roku, dzięki czemu jest świeże, zadbane i gotowe do zamieszkania. UKŁAD I POWIERZCHNIA POMIESZCZEŃ Mieszkanie składa się z: - salon - 24,77 m² - sypialnia - 7,79 m² - oddzielna kuchnia - 6,13 m² - łazienka - 4,25 m² - przedpokój - 5,23 m² - przestronny balkon - 4,86 m² - piwnica - ok. 6 m² Łączna powierzchnia mieszkania: ok. 49 m². WYPOSAŻENIE Mieszkanie jest wyposażone w sprzęty potrzebne do codziennego funkcjonowania. W łazience znajduje się: - pralka, - szafka na pranie - we wnęce znajduje się półka. - Nad wanną również znajduje się półka na kosmetyki. - Szafka pod umywalką Kuchnia wyposażona jest w: - lodówkę, - płytę gazową, - piekarnik elektryczny. - Duża ilość półek, które ułatwiają przechowywanie. Przedpokój wyposażony jest: - Duża szafa w zabudowie - Szafka na buty - lustro LOKALIZACJA W najbliższej okolicy znajdują się m.in.: - Wąwóz - 170 m - Biedronka Jana Pawła - 800 m - Biedronka Bursztynowa - 550 m - Stokrotka - 400 m - Żabka - 350 m - pizzeria - 350 m - kościół - 450 m - przedszkole - 400 m - żłobek / przedszkole prywatne - 66 m - szkoła - 700 m - apteka - 800 m - przystanek komunikacji miejskiej - 300 m - przychodnia - 600 m - stacja paliw Circle K - 600 m - stacja paliw Amic - 290 m - a także Action, Rossman - 600 m NAJWIĘKSZE ATUTY - remont wykonany pod koniec 2025 roku - powierzchnia 49 m² - 2 niezależne pokoje - 2 piętro - Przestronny balkon - oddzielna kuchnia - piwnica ok. 6 m² - bardzo dobra infrastruktura w okolicy - mieszkanie gotowe do zamieszkania Zapraszam do kontaktu oraz na prezentację mieszkania.",tak,,osobna,plastikowe,własność,"Wyposażenie: lodówkę, piekarnik, pralka",51.226849,22.519672
Lublin,Sławin,2,36,431732,11993.0,Pośrednik,,5,https://adresowo.pl/o/mieszkanie-lublin-slawin-2-pokojowe-36-m2-m3d3d6,https://s2.adresowa.pl/oi/70/68/3d5d2a_687f_cover@2x-2-pokojowe-mieszkanie-lublin-slawin.webp,Lublin Sławin,,2,2026.0,blok,,"Dwupokojowe mieszkanie na II piętrze budynku w trakcie realizacji na Botaniku. Salon z aneksem kuchennym o pow. 20,79m2 z wyjściem na balkon. Sypialnia o pow. 11,24m2. Łazienka z WC 4,25m2. Wystawa okien: południe. Miejsce postojowe w garażu podziemnym w cenie 49.000 zł. TERMIN REALIZACJI: IV kwartał 2026r. MEDIA: ogrzewanie miejskie, woda, prąd. Nieruchomość prezentuje: Sylwia, tel. [numer] Opis oferty sporządzony został na podstawie informacji pochodzących od właściciela oferującego nieruchomość, dokumentów opisujących jej stan prawny i przeprowadzonych oględzin. Opis ten może podlegać aktualizacji w miarę zmiany stanu fizycznego i prawnego nieruchomości oraz nie stanowi oferty handlowej określonej w art. 66 i następnych K.C. Na prezentacji prosimy Państwa o podpisanie potwierdzenia przekazania adresu. Ze względów bezpieczeństwa właścicieli nieruchomości konieczne będzie podanie swoich danych. Imię i nazwisko, PESEL, nr telefonu, a także złożenie czytelnego podpisu na karcie odbioru adresu. Prosimy pamiętać, że do ceny transakcyjnej należy doliczyć 2% podatku od czynności cywilnoprawnych, koszt taksy notarialnej oraz koszt obsługi transakcji przez biuro nieruchomości.",,tak,aneks,,,,51.268342,22.52
Lublin Śródmieście,ul. Probostwo,4,59,436600,7400.0,Pośrednik,,13,https://adresowo.pl/o/mieszkanie-lublin-srodmiescie-ul-probostwo-4-pokojowe-t8b0f6,https://s2.adresowa.pl/oi/69/2b/3d27c8_a097_cover@2x-4-pokojowe-mieszkanie-lublin-srodmiescie-ul-probostwo.webp,Lublin Śródmieście,Probostwo,parter,1905.0,kamienica,,"Udział w nieruchomości - dwa dwupokojowe mieszkania o łącznej powierzchni około 59m2 położone w Lublinie przy ulicy Probostwo. Mieszkania usytuowane są na parterze, z bezpośrednim wejściem z prywatnej klatki schodowej. Świetne dla inwestora - aktualnie wynajęte. Nieruchomość położona jest w centrum miasta, w pobliżu znajduje się wiele przystanków autobusowych z dogodnym połączeniem z każdą dzielnicą miasta, Uniwersytet Medyczny, centrum handlowe, liczne obiekty gastronomiczne itp. KAŻDE MIESZKANIE składa się z: - salonu z aneksem kuchennym - sypialni - łazienki z wc - przedpokoju Ważne: - ogrzewanie elektryczne, woda - podgrzewana elektrycznie, płyta indukcyjna - czynsz administracyjny 600zł Stan nieruchomości dokładnie taki jak na zdjęciach.",,,aneks,plastikowe,,,51.25284,22.56672
Lublin,Węglin,3,57,570000,10000.0,bez pośredników,,13,https://adresowo.pl/o/mieszkanie-lublin-weglin-3-pokojowe-57-m2-d9h5i9,https://s2.adresowa.pl/oi/6e/6a/40737c_42d3_cover@2x-3-pokojowe-mieszkanie-lublin-weglin.webp,Lublin Węglin,,2,1992.0,blok,,"Sprzedam 3-pokojowe mieszkanie o powierzchni 57 m2, położone w spokojnej i zielonej części Lublina - na Węglinie Południowym. Idealne dla rodziny, pary, czy jako inwestycja. Najważniejsze atuty mieszkania: - Funkcjonalny układ - niestandardowo wysokie (260 cm), 3 pokoje (jeden przechodni) z możliwością stworzenia 3 niezależnych pokoi lub powrotu do dwóch pokoi. - Łazienka z WC. - Przestronna, jasna kuchnia. - Okna PCV, na podłodze parkiet. - Duży balkon typu loggia z widokiem na park - prywatność i zieleń. - Parking pod blokiem - teren zamknięty, monitorowany, wjazd przez szlaban, nie ma problemu ze znalezieniem miejsca do parkowania. - Piwnica. Lokalizacja: - 500 m do Centrum Handlowego Orkana (m.in. Kaufland, Endorfina, Obi, Empik, Rossman, Luxmed). - 300 m do sklepu spożywczego Społem. - 300 m do placów zabaw. - 500 m do szkoły podstawowej z basenem. - Przystanki autobusowe: 100 m na ul. Roztocze, 400 m na al. Kraśnickiej - wygodny dojazd do Centrum. Stan mieszkania jak na zdjęciach - do zamieszkania, odświeżenia lub remontu - w zależności od potrzeb. Mieszkanie na 2-gim piętrze 3-piętrowego bloku z lat 90-tych, położonego kameralnie w sąsiedztwie zabudowy jednorodzinnej. Dookoła zieleń, park i ogródki działkowe. Blok ocieplony, o świetnych parametrach termicznych, klatki i tereny zielone czyste i zadbane. Ekspozycja okien na wschód (kuchnia i pokój) oraz południowy zachód (pozostałe pokoje i balkon). Mała spółdzielnia mieszkaniowa (""Mars"") - świetny kontakt z konserwatorem, księgowością i zarządem (ewentualne naprawy i inne potrzeby załatwiane od ręki). Comiesięczne opłaty w zależności od liczby osób zamieszkujących w mieszkaniu. Przy 4-osobowej rodzinie w granicach 900 zł miesięcznie (plus prąd i gaz - ciepła woda ze spółdzielni, brak piecyka gazowego w mieszkaniu). Możliwa zamiana na większe mieszkanie w tej okolicy. Zainteresowanych zapraszam do kontaktu i obejrzenia mieszkania. Naprawdę warto je zobaczyć własnym okiem i obejrzeć okolicę. Sprzedaż bezpośrednia - pośrednikom dziękuję.",tak,,,plastikowe,,,51.223999,22.487
Lublin Kalinowszczyzna,ul. Lwowska,2,38,399000,10500.0,bez pośredników,,8,https://adresowo.pl/o/mieszkanie-lublin-kalinowszczyzna-ul-lwowska-2-pokojowe-g9i2x7,https://s2.adresowa.pl/oi/56/62/407352_31a4_cover@2x-2-pokojowe-mieszkanie-lublin-kalinowszczyzna-ul-lwowska.webp,Lublin Kalinowszczyzna,Lwowska,10,,blok,,"Na sprzedaż - 2 pokojowe mieszkanie z balkonem o powierzchni 38 m² na 10. piętrze w Lublinie, dzielnica Kalinowszczyzna, ul. Lwowska. Mieszkanie składa się z: - salonu - sypialni - oddzielnej kuchni - łazienki z WC - holu Istnieje możliwość przearanżowania układu mieszkania (otwarcie salonu na kuchnię, zmiana wielkości pomieszczeń) - ściany pomiędzy pokojami i kuchnią nie są ścianami nośnymi. Blokiem zarządza wspólnota mieszkaniowa, dzięki czemu wysokość czynszu jest atrakcyjniejsza niż w przypadku spółdzielni mieszkaniowej. Do mieszkania przynależy sporych rozmiarów piwnica. Lokalizacja jest bardzo dobrze skomunikowana z pozostałą częścią miasta - w pobliżu jest przystanek autobusowy. Ponadto w bliskiej okolicy są sklepy (Lidl), szkoły, przedszkole, przychodnia, apteka oraz pasaż handlowy, a 15 minut piechotą jest galeria Vivo. Budynek jest po termomodernizacji, wyposażony w dwie nowoczesne windy. Sprzedaż bezpośrednia od właścicielek nieruchomości. Pośrednikom dziękujemy.",tak,,osobna,,,,51.25532,22.579649
Lublin Dziesiąta,ul. Młodzieżowa,3,47,479000,10191.0,bez pośredników,,8,https://adresowo.pl/o/mieszkanie-lublin-dziesiata-ul-mlodziezowa-3-pokojowe-w8o4g3,https://s2.adresowa.pl/oi/68/19/407350_392a_cover@2x-3-pokojowe-mieszkanie-lublin-dziesiata-ul-mlodziezowa.webp,Lublin Dziesiąta,Młodzieżowa,3,,blok,,"3-pokojowe mieszkanie po kapitalnym remoncie - zadbane, doinwestowane, gotowe do zamieszkania. Lokalizacja: dzielnica Dziesiata, ul. Młodzieżowa. Na sprzedaż nasze 3-pokojowe mieszkanie w budynku z okresu starego budownictwa, które 2 lata temu przeszło kapitalny remont. Od tego czasu było przez nas na bieżąco użytkowane i dodatkowo doinwestowane. Przez ostatnie dwa lata mieszkanie służyło nam jako wygodny i przytulny dom na czas budowy naszego własnego domu. Będzie wolne od listopada 2026 roku. Funkcjonalny układ: Mieszkanie składa się z: - 3 osobnych pokoi - obecnie jeden pełni funkcję salonu, drugi sypialni, a trzeci pokoju dziecięcego, - oddzielnej kuchni, - przedpokoju, - łazienki z WC. Trzy niezależne pokoje dają możliwość swobodnej aranżacji i sprawiają, że mieszkanie jest bardzo funkcjonalne zarówno dla rodziny, jak i pary potrzebującej dodatkowej przestrzeni. Kapitalny remont i doinwestowanie: Mieszkanie 2 lata temu przeszło remont, a następnie było przez nas zadbane i dodatkowo doinwestowane. Jest gotowe do zamieszkania i nie wymaga remontu ani dużych nakładów finansowych. Mieszkanie sprzedajemy częściowo umeblowane. Pozostają elementy wyposażenia i meble, które są trwale związane z mieszkaniem lub które chcemy pozostawić. Nasze prywatne rzeczy oraz część wyposażenia, które planujemy wykorzystać w naszym nowym domu, oczywiście zabieramy. Cicha, zielona okolica: Mieszkanie znajduje się w cichej i spokojnej okolicy, otoczonej dużą ilością zieleni. Jednocześnie lokalizacja zapewnia wygodny dostęp do centrum. W pobliżu znajdują się: - szkoła, - przedszkole, - żłobek, - dużo zieleni i terenów do spacerowania, - liczne miejsca parkingowe. To miejsce dla osób, które cenią spokój, zieleń i komfort codziennego życia, ale jednocześnie chcą mieć blisko do centrum. Najważniejsze informacje: - 3 osobne pokoje, - oddzielna kuchnia, - łazienka z WC, - 3. piętro, - balkon, - piwnica, - budynek bez windy, - budynek z okresu starego budownictwa, - kapitalny remont wykonany 2 lata temu, - mieszkanie dodatkowo doinwestowane, - częściowo umeblowane, - wolne od listopada 2026 roku. Sprzedajemy mieszkanie wyłącznie dlatego, że kończymy budowę naszego domu. Przez ostatnie dwa lata było naszym domem i bardzo dobrze się w nim mieszkało. Pośrednikom nieruchomości dziękujemy. Prosimy o kontakt wyłącznie osoby zainteresowane zakupem bezpośrednim. Zapraszamy do kontaktu i obejrzenia mieszkania.",tak,,osobna,,,,51.21151,22.572207
Lublin Śródmieście,ul. Niecała 12,2,52,498000,9577.0,Pośrednik,,12,https://adresowo.pl/o/mieszkanie-lublin-srodmiescie-ul-niecala-2-pokojowe-f4y6b2,https://s2.adresowa.pl/oi/14/42/3d097c_e156_cover@2x-2-pokojowe-mieszkanie-lublin-srodmiescie-ul-niecala.webp,Lublin Śródmieście,Niecała 12,4,1910.0,kamienica,,"Na sprzedaż mieszkanie po remoncie - ul. Niecała 12 Na sprzedaż atrakcyjne mieszkanie zlokalizowane w ścisłym centrum Lublina przy ul. Niecałej. Nieruchomość znajduje się na 4. piętrze w zadbanej kamienicy, co zapewnia prywatność, dobre doświetlenie oraz przyjemny widok na okolicę. Mieszkanie po generalnym remoncie - jest gotowe do wprowadzenia bez dodatkowych nakładów finansowych. Wnętrze zostało odświeżone i wykończone w neutralnym, nowoczesnym stylu, co daje możliwość łatwej aranżacji według własnych potrzeb. Atuty nieruchomości: doskonała lokalizacja - centrum miasta, mieszkanie po remoncie, 4 piętro - dobre nasłonecznienie i cisza, funkcjonalny układ pomieszczeń, idealne zarówno do zamieszkania, jak i pod inwestycję (wynajem). możliwość parkowania na podwórku kamienicy Czynsz: 240zł. (ogrzewanie i ciepła woda piecyk gazowy) Lokalizacja przy ul. Niecałej zapewnia szybki dostęp do pełnej infrastruktury miejskiej - w pobliżu znajdują się sklepy, restauracje, przystanki komunikacji miejskiej, uczelnie oraz tereny spacerowe. Kilka minut dzieli nieruchomość od Starego Miasta i głównych punktów miasta. To idealna propozycja dla osób szukających mieszkania w centrum Lublina lub inwestorów poszukujących pewnej lokaty kapitału. Wybrane zdjęcia przedstawiają przykładową aranżację wnętrz wykonaną przy użyciu AI i mają charakter poglądowy. OFERTA DOSTĘPNA WYŁĄCZNIE W BIURZE NIERUCHOMOŚCI 3KLUCZE Otwieramy przed Tobą całe miasto! Sprzedajemy i wynajmujemy mieszkania, domy, lokale i działki. Działamy zarówno na rynku pierwotnym, jak i wtórnym. Zapewniamy kompleksową obsługę : doradztwo kredytowe i prawne, pomoc notariusza, architekta oraz projektanta wnętrz. W razie pytań, po prostu skontaktuj się z nami. Nieruchomość prezentuje: Sylwia, tel. [numer] Opis oferty sporządzony został na podstawie informacji pochodzących od właściciela oferującego nieruchomość, dokumentów opisujących jej stan prawny i przeprowadzonych oględzin. Opis ten może podlegać aktualizacji w miarę zmiany stanu fizycznego i prawnego nieruchomości oraz nie stanowi oferty handlowej określonej w art. 66 i następnych K.C. Na prezentacji prosimy Państwa o podpisanie potwierdzenia przekazania adresu. Ze względów bezpieczeństwa właścicieli nieruchomości konieczne będzie podanie swoich danych. Imię i nazwisko, PESEL, nr telefonu, a także złożenie czytelnego podpisu na karcie odbioru adresu. Prosimy pamiętać, że do ceny transakcyjnej należy doliczyć 2% podatku od czynności cywilnoprawnych, koszt taksy notarialnej oraz koszt obsługi transakcji przez biuro nieruchomości.",,,,plastikowe,własność,,51.251211,22.559805
Lublin,Sławin,4,63,752199,11940.0,Pośrednik,,9,https://adresowo.pl/o/mieszkanie-lublin-slawin-4-pokojowe-63-m2-c1z7d5,https://s2.adresowa.pl/oi/3b/64/3d097a_b38e_cover@2x-4-pokojowe-mieszkanie-lublin-slawin.webp,Lublin Sławin,,3,2026.0,blok,,"Czteropokojowe mieszkanie na III piętrze budynku na Botaniku. Salon z aneksem kuchennym o pow. 19,04m2 z wyjściem na balkon. Trzy sypialnie o pow. 10,09m2, 8,75m2, 8,3m2. Łazienka 5,16m2, osobno WC 1,71m2. Przedpokój o pow. 10,16m2. Wystawa okien: północ, wschód. Możliwość zakupu miejsc postojowych w garażu podziemnym w cenie 49.000 zł/miejsce. Wybrane zdjęcia przedstawiają przykładową aranżację wnętrz wykonaną przy użyciu AI i mają charakter poglądowy. INWESTYCJA ZREALIZOWANA MEDIA: ogrzewanie miejskie, woda, prąd. Otwieramy przed Tobą całe miasto! Jesteśmy specjalistami od rynku pierwotnego. U nas znajdziesz najlepsze inwestycje w jednym miejscu. Zamiast przeglądać oferty różnych deweloperów, zapoznaj się z naszą ofertą. Zapewniamy kompleksową obsługę: doradztwo kredytowe i prawne, pomoc notariusza, architekta oraz projektanta wnętrz. W razie pytań, po prostu skontaktuj się z nami. Nieruchomość prezentuje: Sylwia, tel. [numer] Opis oferty sporządzony został na podstawie informacji pochodzących od właściciela oferującego nieruchomość, dokumentów opisujących jej stan prawny i przeprowadzonych oględzin. Opis ten może podlegać aktualizacji w miarę zmiany stanu fizycznego i prawnego nieruchomości oraz nie stanowi oferty handlowej określonej w art. 66 i następnych K.C. Na prezentacji prosimy Państwa o podpisanie potwierdzenia przekazania adresu. Ze względów bezpieczeństwa właścicieli nieruchomości konieczne będzie podanie swoich danych. Imię i nazwisko, PESEL, nr telefonu, a także złożenie czytelnego podpisu na karcie odbioru adresu. Prosimy pamiętać, że do ceny transakcyjnej należy doliczyć 2% podatku od czynności cywilnoprawnych, koszt taksy notarialnej oraz koszt obsługi transakcji przez biuro nieruchomości.",,tak,aneks,,,,51.268342,22.52
Lublin LSM,ul. Kaliska,3,48,449000,9354.0,bez pośredników,,7,https://adresowo.pl/o/mieszkanie-lublin-lsm-ul-kaliska-3-pokojowe-b0b5r2,https://s2.adresowa.pl/oi/40/2f/40711a_d59c_cover@2x-3-pokojowe-mieszkanie-lublin-lsm-ul-kaliska.webp,Lublin LSM,Kaliska,2,1974.0,blok,,"PEREŁKA NA LSM! 3 pokoje z balkonem, 48m², ul. Kaliska, 2. piętro + KW Na sprzedaż wyjątkowo ustawne, 3-pokojowe mieszkanie o powierzchni 48 m², zlokalizowane w samym sercu LSM-u (ul. Kaliska). Nieruchomość znajduje się na 2. piętrze z 4 pięter w niskim bloku z 1974 roku. Bez windy. Idealny układ inwestycyjny: 3 w pełni niezależne, nieprzechodnie pokoje - absolutny unikat na tym metrażu. Idealne pod bezpieczny i zyskowny wynajem dla studentów (blisko Politechnika Lubelska, UMCS, UP) lub dla rodziny. Mieszkanie posiada piwnicę, co zapewnia dodatkową przestrzeń do przechowywania. Pełna własność z Księgą Wieczystą - czysta sytuacja prawna, bez żadnych obciążeń, idealna pod kredyt hipoteczny (szybka transakcja). Okna PCV przeszły profesjonalny serwis i wymianę uszczelek - są szczelne i sprawne, co eliminuje kosztowny wydatek na nową stolarkę na starcie. Mieszkanie jest dwustronne, bardzo jasne i dobrze doświetlone. Największy pokój z balkonem od strony południowej. Lokal przeznaczony jest do własnej aranżacji/remontu (instalacja elektryczna starszego typu), co daje nowemu właścicielowi pełną swobodę w wykończeniu według własnego standardu. Ogrzewanie z sieci miejskiej (LPEC), w łazience znajduje się piecyk gazowy. Parking na pilota/szlaban dla mieszkańców z wjazdem od Jana Sawy. Okolica słynie z ciszy, ogromnej ilości zieleni oraz doskonałej infrastruktury (sklepy, ryneczek, przystanki MPK, szkoły podstawowe, licea, uczelnie). Cena: 449 000 zł (do rozsądnej negocjacji). Sprzedaż bezpośrednia od właściciela - biurom nieruchomości dziękuję. Zapraszam do kontaktu.",tak,,,plastikowe,własność,,51.235263,22.524709
Lublin Węglin,ul. Kwarcowa,2,38,560000,14737.0,bez pośredników,,8,https://adresowo.pl/o/mieszkanie-lublin-weglin-ul-kwarcowa-2-pokojowe-f4u6o9,https://s2.adresowa.pl/oi/64/4d/406fd8_5ba2_cover@2x-2-pokojowe-mieszkanie-lublin-weglin-ul-kwarcowa.webp,Lublin Węglin,Kwarcowa,1,2019.0,blok,,"Do sprzedania komfortowe mieszkanie 2 pokojowe 38 m² z 2019 r na ul.Kwarcowej położone w jednej z najbardziej cenionych dzielnic Lublina .Mieszanie znajduje się na 1 piętrze plus winda , balkon 7.5 m kwadratowego ,posiada klimatyzację i wykonane jest z materiałów wysokiej jakości , sprzedaje z całym wyposażeniem. Do mieszkania przynależy komórka lokatorska w cenie 12 tys (dla zdecydowanego klienta istnieje możliwość przekazania piwnicy w cenie mieszkania ). Możliwość kupna miejsca postojowe w garażu podziemnym (oddzielna księga) cena 60 tys . Blok posiada monitoring , stacje uzdatnia wody oraz szlaban na pilota do wspólnoty Lokalizacja jest idealna , otoczenie jest ciche spokojne , na rekreację , w niedalekiej odległości las oraz przystanek PKP Lublin Zachodni. Blisko jest szkoła , kościół,sklepy ,punkty usługowe ,przystanki komunikacji miejskiej , przychodnia medyczna oraz galeria na Gęsiej Mieszkanie jest dostępne od 15.11.2026 Biurom Nieruchomości i Pośrednikom Dziękuje",tak,tak,aneks,plastikowe,własność,,51.221071,22.487313
Lublin Śródmieście,ul. Muzyczna,3,62,550000,8871.0,bez pośredników,,8,https://adresowo.pl/o/mieszkanie-lublin-srodmiescie-ul-muzyczna-3-pokojowe-t1q2a4,https://s2.adresowa.pl/oi/78/4b/3ec820_3563_cover@2x-3-pokojowe-mieszkanie-lublin-srodmiescie-ul-muzyczna.webp,Lublin Śródmieście,Muzyczna,1,1962.0,blok,,"Przestronne mieszkanie 62 m² | Lublin, ul. Muzyczna 3 | 1. piętro | Prywatny parking Na sprzedaż jasne i funkcjonalne mieszkanie o powierzchni 62 m², położone na 1. piętrze zadbanego budynku przy ul. Muzycznej 3 w Lublinie. Lokal wyróżnia się bardzo praktycznym układem pomieszczeń, dużymi oknami oraz balkonem z widokiem na zieleń. Mieszkanie jest zadbane, gotowe do zamieszkania lub odświeżenia według własnego pomysłu. Najważniejsze atuty: 62 m² powierzchni, 1 piętro, przestronne, ustawne i dobrze doświetlone pokoje, osobna, funkcjonalna kuchnia, balkon, prywatny parking dla mieszkańców za zamykaną bramą – bez problemów z parkowaniem, spokojna i zielona okolica. Świetna lokalizacja Mieszkanie znajduje się w jednej z najbardziej wygodnych części Lublina. W pobliżu znajdują się: Politechnika Lubelska, UMCS i Uniwersytet Przyrodniczy, liczne parki i tereny rekreacyjne, sklepy, punkty usługowe, restauracje, przystanki komunikacji miejskiej zapewniające szybki dojazd do centrum. Idealne dla rodziny, osób studiujących lub pracujących w Lublinie, inwestora pod wynajem, kancelarii prawnej, notarialnej, biura rachunkowego, gabinetu lub innej spokojnej działalności, dzięki dogodnej lokalizacji na 1. piętrze oraz wygodnemu parkingowi dla właścicieli. To mieszkanie łączy doskonałą lokalizację, funkcjonalny układ oraz komfort codziennego życia. Prywatny parking za bramą, bliskość uczelni i terenów zielonych sprawiają, że jest to atrakcyjna propozycja zarówno do zamieszkania, jak i pod inwestycję. Zapraszam do kontaktu i umówienia się na prezentację.",tak,tak,osobna,plastikowe,własność,,51.238497,22.553158
Lublin,Sławin,2,35,403075,11516.0,Pośrednik,,4,https://adresowo.pl/o/mieszkanie-lublin-slawin-2-pokojowe-35-m2-e6z2u9,https://s2.adresowa.pl/oi/3e/60/3d0972_97c2_cover@2x-2-pokojowe-mieszkanie-lublin-slawin.webp,Lublin Sławin,,parter,2026.0,blok,,"Dwupokojowe mieszkanie na parterze budynku w trakcie realizacji na Botaniku. Salon z aneksem kuchennym o pow. 20m2 z wyjściem na taras z ogródkiem. Sypialnia o pow. 10,52m2. Łazienka z WC 4,53m2. Wystawa okien: wschód. Ogródek z tarasem o pow. 26,69 m2 GRATIS Miejsce postojowe w garażu podziemnym w cenie 49.000 zł. TERMIN REALIZACJI: IV kwartał 2026r. MEDIA: ogrzewanie miejskie, woda, prąd. Otwieramy przed Tobą całe miasto! Jesteśmy specjalistami od rynku pierwotnego. U nas znajdziesz najlepsze inwestycje w jednym miejscu. Zamiast przeglądać oferty różnych deweloperów, zapoznaj się z naszą ofertą. Zapewniamy kompleksową obsługę: doradztwo kredytowe i prawne, pomoc notariusza, architekta oraz projektanta wnętrz. Zadzwoń do nas i dowiedz się więcej, tel. [numer]. Opis oferty sporządzony został na podstawie informacji pochodzących od właściciela oferującego nieruchomość, dokumentów opisujących jej stan prawny i przeprowadzonych oględzin. Opis ten może podlegać aktualizacji w miarę zmiany stanu fizycznego i prawnego nieruchomości oraz nie stanowi oferty handlowej określonej w art. 66 i następnych K.C. Na prezentacji prosimy Państwa o podpisanie potwierdzenia przekazania adresu. Ze względów bezpieczeństwa właścicieli nieruchomości konieczne będzie podanie swoich danych. Imię i nazwisko, PESEL, nr telefonu, a także złożenie czytelnego podpisu na karcie odbioru adresu. Pośrednik odpowiedzialny zawodowo za wykonanie umowy pośrednictwa: Katarzyna Długosz (licencja nr: 12340)",,tak,aneks,,,,51.268342,22.52
Lublin Śródmieście,ul. Tadeusza Kościuszki,4,128,1490000,11641.0,Pośrednik,,19,https://adresowo.pl/o/mieszkanie-lublin-srodmiescie-ul-tadeusza-kosciuszki-4-pokojowe-v6h7l6,https://s2.adresowa.pl/oi/2b/1b/3d095e_c854_cover@2x-4-pokojowe-mieszkanie-lublin-srodmiescie-ul-tadeusza-kosciuszki.webp,Lublin Śródmieście,Tadeusza Kościuszki,3,1914.0,kamienica,,"Gotowiec inwestycyjny przy ul. Kościuszki Dwa u meblowane i wyposażone apartamenty z niezależnymi wejściami w bezpośrednim sąsiedztwie Placu Litewskiego, w kamienicy z 1910 roku: Apartament 104m2 - salon, dwie sypialnie, oddzielna kuchnia, łazienka z wc Apartament 24m2 - salon/sypialnia, kuchnia, łazienka z wc Mieszkania po generalnym remoncie, wysoki standard wykończenia, wnętrza zaprojektowane przez projektanta z dbałością o detale . Idealne pod inwestycję. Najem długo lub krótkoterminowy. Wysoka stopa zwrotu . Istnieje możliwość zarządzania najmem. Do mieszkań przynależy piwnica i schowek. OFERTA DOSTĘPNA WYŁĄCZNIE W BIURZE NIERUCHOMOŚCI 3KLUCZE Otwieramy przed Tobą całe miasto! Sprzedajemy i wynajmujemy mieszkania, domy, lokale i działki. Działamy zarówno na rynku pierwotnym, jak i wtórnym. Zapewniamy kompleksową obsługę : doradztwo kredytowe i prawne, pomoc notariusza, architekta oraz projektanta wnętrz. W razie pytań, po prostu skontaktuj się z nami. Nieruchomość prezentuje: Sylwia tel. [numer] Opis oferty sporządzony został na podstawie informacji pochodzących od właściciela oferującego nieruchomość, dokumentów opisujących jej stan prawny i przeprowadzonych oględzin. Opis ten może podlegać aktualizacji w miarę zmiany stanu fizycznego i prawnego nieruchomości oraz nie stanowi oferty handlowej określonej w art. 66 i następnych K.C. Na prezentacji prosimy Państwa o podpisanie potwierdzenia przekazania adresu. Ze względów bezpieczeństwa właścicieli nieruchomości konieczne będzie podanie swoich danych. Imię i nazwisko, PESEL, nr telefonu, a także złożenie czytelnego podpisu na karcie odbioru adresu. Prosimy pamiętać, że do ceny transakcyjnej należy doliczyć 2% podatku od czynności cywilnoprawnych, koszt taksy notarialnej wpłacanej gotówką w kancelarii notarialnej oraz koszt obsługi transakcji przez biuro nieruchomości.",tak,,,plastikowe,własność,,51.247283,22.559843
Lublin Bazylianówka,ul. Czesława Strzeszewskiego,3,70,825000,11786.0,bez pośredników,,15,https://adresowo.pl/o/mieszkanie-lublin-bazylianowka-ul-czeslawa-strzeszewskiego-3-pokojowe-e0g2q6,https://s2.adresowa.pl/oi/7e/3d/406d20_9e0e_cover@2x-3-pokojowe-mieszkanie-lublin-bazylianowka-ul-czeslawa-strzeszewskiego.webp,Lublin Bazylianówka,Czesława Strzeszewskiego,parter,2016.0,apartamentowiec,,"Na wstępie Biurom nieruchomości i pośrednikom, dziękuję, proszę nie dzwonić!!! Przestronne i piękne mieszkanie w szeregowcu z 2016 roku o powierzchni 70 m², do zamieszkania. Mieszkanie na parterze z trzema pokojami, sslon z kuchnią otwartą, 2 sypialnie, lazienka z wc, w pełni wyposażone w meble i sprzęt AGD. Znajduje się w spokojnej okolicy w dzielnicy Ponikwoda-Bazylianowka, blisko szkół, przedszkoli i usług, 1 min od Galerii Olimp. W pobliżu są sklepy, apteki i punkty gastronomiczne, 5 minut do centrum, wygodny dojazd dzięki bliskości komunikacji miejskiej. Do nieruchomości przynależy ogródek (we współwłasności z sąsiadami z góry, taras oraz miejsce parkingowe na wyłączność (nawet dwa) przed budynkiem oraz garaż pod budynkiem, o powierzchni 34 m, do którego wchodzą 2 małe auta albo jedno duże (cena 100 tyś zł, obligatoryjnie przy kupnie mieszkania). Budynek ma certyfikat energetyczny klasy A. Zabezpieczenia obejmują rolety antywłamaniowe, drzwi i okna antywłamaniowe oraz domofon. Dodatkowo w oknach założone są moskitiery. Na więcej pytań odpowiem telefonicznie, ewentualna prezentacja mieszkania możliwa w każdej chwili, po wcześniejszym ustaleniu telefonicznym.",tak,tak,aneks,plastikowe,własność,,51.274024,22.578513
Lublin LSM,ul. Skrzatów,4,57,520000,9123.0,bez pośredników,,21,https://adresowo.pl/o/mieszkanie-lublin-lsm-ul-skrzatow-4-pokojowe-w4n8o4,https://s2.adresowa.pl/oi/42/6f/406cd2_8187_cover@2x-4-pokojowe-mieszkanie-lublin-lsm-ul-skrzatow.webp,Lublin LSM,Skrzatów,5,1975.0,blok,,"Na sprzedaż wyjątkowo atrakcyjne, w pełni rozkładowe mieszkanie 4-pokojowe zlokalizowane w najbardziej poszukiwanej dzielnicy Lublina – na zielonym LSM (Osiedle im. Marii Konopnickiej, ul. Skrzatów). Lokal mieści się w zadbanym bloku otoczonym dojrzałą zielenią. Ze względu na swój układ oraz strategiczne położenie, jest to pewny i gotowy produkt inwestycyjny generujący wysoką stopę zwrotu z wynajmu dla studentów lub doskonałe, przestrzenne lokum dla rodziny. Sąsiedztwo uczelni: Błyskawiczny, pieszy dystans do Politechniki Lubelskiej, UMCS, KUL oraz Uniwersytetu Przyrodniczego. Studenci nie muszą nawet korzystać z komunikacji miejskiej! Zaledwie kilka minut do przystanków autobusowych i trolejbusowych łączących LSM z każdą częścią Lublina. Spokojne, bezpieczne osiedle z pełnym zapleczem (sklepy spożywcze, punkty gastronomiczne, apteki, garmażerka, wąwóz LSM na spacery). FUNKCJONALNY UKŁAD POMIESZCZEŃ (zobacz załączony rzut). Salon jasny i ustawny, z bezpośrednim wyjściem na balkon (widok na zieleń), 3+1 niezależne sypialnie: idealne pod wynajem na pokoje lub jako pokoje dla dzieci i sypialnia. Oddzielna kuchnia z oknem ustawna łazienka oraz całkowicie osobne WC, ogromny komfort logistyczny dla lokatorów. Przedpokój z dwoma szafami. Do mieszkania przynależy również piwnica i pomieszczenie, schowek przynależny dla dwóch mieszkań, na piętrze tylko dwa mieszkania. Mieszkanie z umeblowaniem i wyposażeniem na załączonych zdjęciach. Stan prawny nieruchomości jest w pełni uregulowany (brak jakichkolwiek obciążeń). Sprzedaż odbywa się bezpośrednio od właściciela, dzięki czemu kupujący nie płaci prowizji dla biura nieruchomości. Cena została skorygowana do poziomu rynkowego i podlega symbolicznej negocjacji dla zdecydowanego klienta. Zapraszam serdecznie na prezentację mieszkania oraz do kontaktu telefonicznego. Jeśli nie odbieram (praca), proszę o SMS – oddzwonię! Biurom nieruchomości z góry dziękuję",tak,,osobna,plastikowe,własność,,51.234383,22.52696
Lublin Kalinowszczyzna,ul. Niepodległości,4,58,625000,10776.0,bez pośredników,,21,https://adresowo.pl/o/mieszkanie-lublin-kalinowszczyzna-ul-niepodleglosci-4-pokojowe-t5r0p8,https://s2.adresowa.pl/oi/50/12/406a9a_7c5c_cover@2x-4-pokojowe-mieszkanie-lublin-kalinowszczyzna-ul-niepodleglosci.webp,Lublin Kalinowszczyzna,Niepodległości,parter,1974.0,blok,,"SPRZEDAŻ BEZPOŚREDNIO OD WŁAŚCICIELA Pośrednikom i agentom nieruchomości dziękuję - proszę nie dzwonić! Sprzedam duże, komfortowe mieszkanie w zielonej dzielnicy Lublina Kalinowszyzna, ul. Niepodległości 58 m² 4 pokoje Parter Niski blok - brak zsypów Mieszkanie w środkowej części bloku - bardzo ciepłe w zimie (bez potrzeby rozkręcania grzejników na full) W 2025 r. zrobiony generalny remont: - nowa instalacja elektryczna - nowe podłogi - nowe drzwi wraz z ościeżnicami - izolacja akustyczna (wyciszenie) - podwieszane sufity - hydroizolacja - prysznic bezprogowy Walk-in z odpływem liniowym - zabudowa kuchenna pod wymiar Sprzęty AGD są jeszcze na gwarancji: Zmywarka Whirlpool 5-palnikowa płyta gazowa Beko Piekarnik elektryczny Electrolux Mieszkanie ma odrębną własność z księgą wieczystą. Do mieszkania przynależy komórka lokatorska. Obok bloku przedszkole, sklepy, paczkomat, place zabaw, fryzjer Nieopodal szkoła podstawowa, przychodnia, kościół, bank PKO, stomatolog, siłownia 2 min do dwóch przystanków MPK: linie [numer], 57, 150, N2 Szybki i bezpośredni dojazd do uczelni WSEI, KUL, UMCS, UM 5 min piechotą do Parku Zawilcowa oraz Wąwozu Kalina Pod blokiem bardzo dużo ogólnodostępnych miejsc parkingowych.",tak,,osobna,plastikowe,własność,"Wyposażenie: piekarnik, zmywarka",51.25866,22.593008
Lublin,Śródmieście,4,98,1390000,14184.0,Pośrednik,,24,https://adresowo.pl/o/mieszkanie-lublin-srodmiescie-4-pokojowe-98-m2-d1q6q4,https://s2.adresowa.pl/oi/7f/33/3d0942_7e78_cover@2x-4-pokojowe-mieszkanie-lublin-srodmiescie.webp,Lublin Śródmieście,,1,1930.0,kamienica,,"Ekskluzywny apartament 98,62 m² | 2 balkony | 2 garderoby | przy Ogrodzie Saskim | miejsce postojowe Na sprzedaż przestronny i elegancki apartament o powierzchni 98,62 m² , położony w wyjątkowej lokalizacji przy Ogrodzie Saskim . Mieszkanie zostało zaprojektowane przez projektanta wnętrz i wykończone wysokiej jakości materiałami, z dbałością o każdy detal. Zadbana kamienica z 1930r. z możliwością parkowania na podwórku. Duże przeszklenia, wysokie pomieszczenia ze sztukaterią oraz drewniany parkiet nadają wnętrzu reprezentacyjny i ponadczasowy charakter . Układ mieszkania Funkcjonalny rozkład zapewnia wyraźny podział na część dzienną i prywatną. Część dzienna przestronny salon z częścią wypoczynkową jadalnia z dużym stołem kuchnia otwarta na jadalnię wyjście na balkon Część prywatna sypialnia z garderobą i wyjściem na drugi balkon gabinet / druga sypialnia Dodatkowo druga garderoba łazienka z WC (wanna oraz kabina prysznicowa) Standard wykończenia egzotyczny parkiet drewniany gres wysokiej jakości elegancka sztukateria sufitowa zabudowy wykonane na wymiar wnętrze zaprojektowane przez projektanta Media i opłaty czynsz: 730 zł ogrzewanie gazowe - piec dwufunkcyjny Najważniejsze atuty ✔ prestiżowa lokalizacja przy Ogrodzie Saskim ✔ 2 balkony ✔ 2 garderoby ✔ wysoki standard wykończenia ✔ funkcjonalny i przestronny układ ✔ duża reprezentacyjna część dzienna Wybrane zdjęcia przedstawiają przykładową aranżację wnętrz wykonaną przy użyciu AI i mają charakter poglądowy. OFERTA DOSTĘPNA WYŁĄCZNIE W BIURZE NIERUCHOMOŚCI 3KLUCZE Otwieramy przed Tobą całe miasto! Sprzedajemy i wynajmujemy mieszkania, domy, lokale i działki. Działamy zarówno na rynku pierwotnym, jak i wtórnym. Zapewniamy kompleksową obsługę : doradztwo kredytowe i prawne, pomoc notariusza, architekta oraz projektanta wnętrz. W razie pytań, po prostu skontaktuj się z nami. Nieruchomość prezentuje: Sylwia, tel. [numer] Opis oferty sporządzony został na podstawie informacji pochodzących od właściciela oferującego nieruchomość, dokumentów opisujących jej stan prawny i przeprowadzonych oględzin. Opis ten może podlegać aktualizacji w miarę zmiany stanu fizycznego i prawnego nieruchomości oraz nie stanowi oferty handlowej określonej w art. 66 i następnych K.C. Na prezentacji prosimy Państwa o podpisanie potwierdzenia przekazania adresu. Ze względów bezpieczeństwa właścicieli nieruchomości konieczne będzie podanie swoich danych. Imię i nazwisko, PESEL, nr telefonu, a także złożenie czytelnego podpisu na karcie odbioru adresu. Prosimy pamiętać, że do ceny transakcyjnej należy doliczyć 2% podatku od czynności cywilnoprawnych, koszt taksy notarialnej oraz koszt obsługi transakcji przez biuro nieruchomości.",,,aneks,plastikowe,,,51.247002,22.556
Lublin Śródmieście,ul. Nowy Świat 4,2,25,313125,12525.0,Pośrednik,,8,https://adresowo.pl/o/mieszkanie-lublin-srodmiescie-ul-nowy-swiat-2-pokojowe-c3i4l3,https://s2.adresowa.pl/oi/21/27/3d0922_65ba_cover@2x-2-pokojowe-mieszkanie-lublin-srodmiescie-ul-nowy-swiat.webp,Lublin Śródmieście,Nowy Świat 4,2,2026.0,blok,,"Na sprzedaż nowoczesne mieszkania w inwestycji Nowy Świat 4 w Lublinie - doskonałe zarówno dla osób szukających komfortowego miejsca do życia, jak i inwestorów nastawionych na stabilny najem. Lokalizacja Inwestycja położona jest w dobrze skomunikowanej części miasta, zapewniającej szybki dostęp do centrum oraz pełnej infrastruktury miejskiej - sklepów, szkół, komunikacji i terenów rekreacyjnych. w pobliżu przystanki komunikacji miejskiej szybki dojazd do centrum rozwijająca się okolica Dodatkowym atutem jest planowana naprzeciwko inwestycji budowa nowoczesnego Centrum Sztuki Dzieci i Młodzieży przy ul. Kunickiego (inwestycja o wartości ok. 74 mln zł), która znacząco podniesie atrakcyjność tej części miasta oraz wpłynie na wzrost wartości nieruchomości w przyszłości. O inwestycji nowoczesna architektura funkcjonalne układy mieszkań wysoki standard wykonania idealne metraże pod wynajem i dla rodzin Nowy Świat 4 wyróżnia się na tle innych realizacji kameralnym charakterem i wyjątkową dbałością o detale. Inwestycja obejmuje 13 apartamentów i 1 lokal usługowy , co gwarantuje przyszłym mieszkańcom poczucie intymności, prywatności i spokoju . Każdy z apartamentów jest wyjątkowo dobrze doświetlony dzięki przemyślanemu rozmieszczeniu okien , co maksymalizuje dostęp do naturalnego światła i optycznie powiększa przestrzeń. Udogodnienia Apartamenty zostały wyposażone w nowoczesne systemy techniczne, gwarantujące optymalne warunki wewnętrzne niezależne od pory roku. Efektywny system ogrzewania zapewnia idealną temperaturę. Ponadto, przygotowana instalacja klimatyzacji umożliwia łatwy montaż jednostek chłodzących. Uzupełnieniem jest wentylacja mechaniczna. Standard wykończenia Inwestycja oferuje Klientom pełną elastyczność w procesie wykańczania apartamentu, dostosowując się do indywidualnych potrzeb i harmonogramów: - stan deweloperski - wykończenie pod klucz Dlaczego warto? świetna relacja ceny do potencjału najmu (stopa zwrotu ROI 8-9%) rosnąca wartość lokalizacji duży popyt na wynajem w tej części Lublina idealne jako pierwsze mieszkanie lub inwestycja gotowy produkt inwestycyjny bez remontu generalnego bezpieczna lokata kapitału - Termin oddania: sierpień 2026 r. - Funkcjonalny układ idealny pod wynajem - Brak prowizji od kupującego Dostępne różne lokale inwestycyjne w tej inwestycji! MEDIA: ogrzewanie gazowe (wspólna kotłownia), woda, prąd. Wskazana cena stanowi kwotę netto i nie obejmuje podatku VAT. Otwieramy przed Tobą całe miasto! Jesteśmy specjalistami od rynku pierwotnego. U nas znajdziesz najlepsze inwestycje w jednym miejscu. Zamiast przeglądać oferty różnych deweloperów, zapoznaj się z naszą ofertą. Zapewniamy kompleksową obsługę: doradztwo kredytowe i prawne, pomoc notariusza, architekta oraz projektanta wnętrz. Nieruchomość prezentuje: Sylwia, tel. [numer] Opis oferty sporządzony został na podstawie informacji pochodzących od właściciela oferującego nieruchomość, dokumentów opisujących jej stan prawny i przeprowadzonych oględzin. Opis ten może podlegać aktualizacji w miarę zmiany stanu fizycznego i prawnego nieruchomości oraz nie stanowi oferty handlowej określonej w art. 66 i następnych K.C.",,tak,aneks,,,,51.228144,22.571912
Lublin,ul. Poligonowa,2,37,380000,10270.0,bez pośredników,,3,https://adresowo.pl/o/mieszkanie-lublin-ul-poligonowa-2-pokojowe-t5y0l6,https://s2.adresowa.pl/oi/7c/15/40680a_3efb_cover@2x-2-pokojowe-mieszkanie-lublin-ul-poligonowa.webp,Lublin ,Poligonowa,1,2010.0,blok,,Sprzedam mieszkanie na ul. Poligonowej 8/10. Blok z roku 2010.,,,,,,,51.266335,22.528137
Lublin,Śródmieście,3,56,465000,8304.0,bez pośredników,,10,https://adresowo.pl/o/mieszkanie-lublin-srodmiescie-3-pokojowe-56-m2-e7p4l8,https://s2.adresowa.pl/oi/41/48/40671a_408e_cover@2x-3-pokojowe-mieszkanie-lublin-srodmiescie.webp,Lublin Śródmieście,,1,,blok,,"Oferuję na sprzedaż przytulne mieszkanie o powierzchni 56,08 m². Znajduje się na pierwszym piętrze 3-piętrowego bloku. Mieszkanie jest umeblowane. W pokojach i przedpokoju drewniana podłoga (parkiet). Okna plastikowe. Kuchnia widna. Oddzielnie łazienka i WC. Mieszkanie wymaga remontu. Do mieszkania przynależna piwnica. Z uwagi na super położenie i świetne skomunikowanie z całym miastem - w pobliżu kilku uczelni, idealne pod wynajem dla studentów, inwestycję lub do zamieszkania dla rodziny. Możliwość zakupu również garażu o pow. 19,68 m², blisko budynku, w cenie 65 tys. zł. Sprzedaż bezpośrednio od właściciela. Pośrednikom dziękuję.",tak,tak,,,,,51.247002,22.556
Lublin Kalinowszczyzna,ul. Stefana Okrzei,3,55,580000,10545.0,bez pośredników,,16,https://adresowo.pl/o/mieszkanie-lublin-kalinowszczyzna-ul-stefana-okrzei-3-pokojowe-x8w3o3,https://s2.adresowa.pl/oi/44/3b/402f28_35c1_cover@2x-3-pokojowe-mieszkanie-lublin-kalinowszczyzna-ul-stefana-okrzei.webp,Lublin Kalinowszczyzna,Stefana Okrzei,parter,1970.0,blok,,"Jasne i przestronne mieszkanie na sprzedaż w Lublinie na ul Okrzei 4, osiedle Kalinowszczyzna. Znakomita komunikacja, dojazd do każdego miejsca w Lublinie (universytety, stare miasto galerie handlowe, PKP, PKS) Na wyciągnięcie ręki mamy żłobek, przedszkole, szkoła, przychodnie, biedronka, lidl, stokrotka. A po krótkim spacerze galeria VIVO, centrum handlowe na Turystycznej, rynek na Ruskiej, stare miasto. 3 pokoje = 54.55m2 + piwnica 2,03m2 Generalny remont zrobiony w styczniu 2022. Mieszkanie jest na parterze, ale okna na wysokości pierwszego piętra. Południowe okna zrobione z drewna są porządne z co 6cio miesięcznym przeglądem i konserwacja. W oknach żaluzje aluminiowe. Mieszkanie jest bardzo ciepłe i w całości opomiarowane: podzielniki ciepła, wodomierze Blok z 1970 ocieplony w 2025. Posiadam świadectwo energetyczne. Glazura i terakota w kuchni i łazience, panele podłogowe w pokojach. Wbudowane szafy w przedpokoju oraz nowe drzwi (wymienione w 2022) Czynsz ok 850 zł (woda, CO, wywóz śmieci przy 2 osobach) Mieszkanie do sprzedaży ze wszystkimi meblami tak jak na zdjęciach, lodówką, pralką i telewizorami. Część wyposażenia (garnki ,szklanki, talerze, itp) również mogę zostawić. Mieszkanie w bardzo dobrym stanie i bez łańcucha transakcyjnego. Cena: 580 000 za wszystko, do małej negocjacji dla zdecydowanych.",tak,,aneks,drewniane,własność,Wyposażenie: telewizor,51.255569,22.582764
Lublin Śródmieście,ul. Nowy Świat 4,1,26,258489,9942.0,Pośrednik,,6,https://adresowo.pl/o/mieszkanie-lublin-srodmiescie-ul-nowy-swiat-1-pokoj-y4g2v1,https://s2.adresowa.pl/oi/20/7e/3d091e_b5bb_cover@2x-1-pokojowe-mieszkanie-lublin-srodmiescie-ul-nowy-swiat.webp,Lublin Śródmieście,Nowy Świat 4,1,2026.0,blok,,"Na sprzedaż nowoczesne mieszkania w inwestycji Nowy Świat 4 w Lublinie - doskonałe zarówno dla osób szukających komfortowego miejsca do życia, jak i inwestorów nastawionych na stabilny najem. Lokalizacja Inwestycja położona jest w dobrze skomunikowanej części miasta, zapewniającej szybki dostęp do centrum oraz pełnej infrastruktury miejskiej - sklepów, szkół, komunikacji i terenów rekreacyjnych w pobliżu przystanki komunikacji miejskiej szybki dojazd do centrum rozwijająca się okolica Dodatkowym atutem jest planowana naprzeciwko inwestycji budowa nowoczesnego Centrum Sztuki Dzieci i Młodzieży przy ul. Kunickiego (inwestycja o wartości ok. 74 mln zł), która znacząco podniesie atrakcyjność tej części miasta oraz wpłynie na wzrost wartości nieruchomości w przyszłości. O inwestycji nowoczesna architektura funkcjonalne układy mieszkań wysoki standard wykonania idealne metraże pod wynajem i dla rodzin Nowy Świat 4 wyróżnia się na tle innych realizacji kameralnym charakterem i wyjątkową dbałością o detale. Inwestycja obejmuje 13 apartamentów i 1 lokal usługowy , co gwarantuje przyszłym mieszkańcom poczucie intymności, prywatności i spokoju . Każdy z apartamentów jest wyjątkowo dobrze doświetlony dzięki przemyślanemu rozmieszczeniu okien , co maksymalizuje dostęp do naturalnego światła i optycznie powiększa przestrzeń. Udogodnienia Apartamenty zostały wyposażone w nowoczesne systemy techniczne, gwarantujące optymalne warunki wewnętrzne niezależne od pory roku. Efektywny system ogrzewania zapewnia idealną temperaturę. Ponadto, przygotowana instalacja klimatyzacji umożliwia łatwy montaż jednostek chłodzących. Uzupełnieniem jest wentylacja mechaniczna. Standard wykończenia Inwestycja oferuje Klientom pełną elastyczność w procesie wykańczania apartamentu, dostosowując się do indywidualnych potrzeb i harmonogramów: - stan deweloperski - wykończenie pod klucz Dlaczego warto? świetna relacja ceny do potencjału najmu (stopa zwrotu ROI 8-9%) rosnąca wartość lokalizacji duży popyt na wynajem w tej części Lublina idealne jako pierwsze mieszkanie lub inwestycja gotowy produkt inwestycyjny bez remontu generalnego bezpieczna lokata kapitału - Termin oddania: sierpień 2026 r. - Funkcjonalny układ idealny pod wynajem - Brak prowizji od kupującego Dostępne różne lokale inwestycyjne w tej inwestycji! MEDIA: ogrzewanie gazowe (wspólna kotłownia), woda, prąd. Wskazana cena stanowi kwotę netto i nie obejmuje podatku VAT. Otwieramy przed Tobą całe miasto! Jesteśmy specjalistami od rynku pierwotnego. U nas znajdziesz najlepsze inwestycje w jednym miejscu. Zamiast przeglądać oferty różnych deweloperów, zapoznaj się z naszą ofertą. Zapewniamy kompleksową obsługę: doradztwo kredytowe i prawne, pomoc notariusza, architekta oraz projektanta wnętrz. Nieruchomość prezentuje: Sylwia, tel. [numer] Opis oferty sporządzony został na podstawie informacji pochodzących od właściciela oferującego nieruchomość, dokumentów opisujących jej stan prawny i przeprowadzonych oględzin. Opis ten może podlegać aktualizacji w miarę zmiany stanu fizycznego i prawnego nieruchomości oraz nie stanowi oferty handlowej określonej w art. 66 i następnych K.C.",,tak,aneks,,,,51.228144,22.571912
Lublin Śródmieście,ul. Nowy Świat 4,2,38,467880,12313.0,Pośrednik,,8,https://adresowo.pl/o/mieszkanie-lublin-srodmiescie-ul-nowy-swiat-2-pokojowe-w0r8i9,https://s2.adresowa.pl/oi/7c/56/3d091a_4df2_cover@2x-2-pokojowe-mieszkanie-lublin-srodmiescie-ul-nowy-swiat.webp,Lublin Śródmieście,Nowy Świat 4,2,2026.0,blok,,"Na sprzedaż nowoczesne mieszkania w inwestycji Nowy Świat 4 w Lublinie - doskonałe zarówno dla osób szukających komfortowego miejsca do życia, jak i inwestorów nastawionych na stabilny najem. Lokalizacja Inwestycja położona jest w dobrze skomunikowanej części miasta, zapewniającej szybki dostęp do centrum oraz pełnej infrastruktury miejskiej - sklepów, szkół, komunikacji i terenów rekreacyjnych w pobliżu przystanki komunikacji miejskiej szybki dojazd do centrum rozwijająca się okolica Dodatkowym atutem jest planowana naprzeciwko inwestycji budowa nowoczesnego Centrum Sztuki Dzieci i Młodzieży przy ul. Kunickiego (inwestycja o wartości ok. 74 mln zł), która znacząco podniesie atrakcyjność tej części miasta oraz wpłynie na wzrost wartości nieruchomości w przyszłości. O inwestycji nowoczesna architektura funkcjonalne układy mieszkań wysoki standard wykonania idealne metraże pod wynajem i dla rodzin Nowy Świat 4 wyróżnia się na tle innych realizacji kameralnym charakterem i wyjątkową dbałością o detale. Inwestycja obejmuje 13 apartamentów i 1 lokal usługowy , co gwarantuje przyszłym mieszkańcom poczucie intymności, prywatności i spokoju . Każdy z apartamentów jest wyjątkowo dobrze doświetlony dzięki przemyślanemu rozmieszczeniu okien , co maksymalizuje dostęp do naturalnego światła i optycznie powiększa przestrzeń. Udogodnienia Apartamenty zostały wyposażone w nowoczesne systemy techniczne, gwarantujące optymalne warunki wewnętrzne niezależne od pory roku. Efektywny system ogrzewania zapewnia idealną temperaturę. Ponadto, przygotowana instalacja klimatyzacji umożliwia łatwy montaż jednostek chłodzących. Uzupełnieniem jest wentylacja mechaniczna. Standard wykończenia Inwestycja oferuje Klientom pełną elastyczność w procesie wykańczania apartamentu, dostosowując się do indywidualnych potrzeb i harmonogramów: - stan deweloperski - wykończenie pod klucz Dlaczego warto? świetna relacja ceny do potencjału najmu (stopa zwrotu ROI 8-9%) rosnąca wartość lokalizacji duży popyt na wynajem w tej części Lublina idealne jako pierwsze mieszkanie lub inwestycja gotowy produkt inwestycyjny bez remontu generalnego bezpieczna lokata kapitału - Termin oddania: sierpień 2026 r. - Funkcjonalny układ idealny pod wynajem - Brak prowizji od kupującego Dostępne różne lokale inwestycyjne w tej inwestycji! MEDIA: ogrzewanie gazowe (wspólna kotłownia), woda, prąd. Wskazana cena stanowi kwotę netto i nie obejmuje podatku VAT. Otwieramy przed Tobą całe miasto! Jesteśmy specjalistami od rynku pierwotnego. U nas znajdziesz najlepsze inwestycje w jednym miejscu. Zamiast przeglądać oferty różnych deweloperów, zapoznaj się z naszą ofertą. Zapewniamy kompleksową obsługę: doradztwo kredytowe i prawne, pomoc notariusza, architekta oraz projektanta wnętrz. Nieruchomość prezentuje: Sylwia, tel. [numer] Opis oferty sporządzony został na podstawie informacji pochodzących od właściciela oferującego nieruchomość, dokumentów opisujących jej stan prawny i przeprowadzonych oględzin. Opis ten może podlegać aktualizacji w miarę zmiany stanu fizycznego i prawnego nieruchomości oraz nie stanowi oferty handlowej określonej w art. 66 i następnych K.C.",,tak,aneks,,,,51.228144,22.571912
Lublin Kalinowszczyzna,ul. Niepodległości,2,47,425000,9043.0,bez pośredników,,7,https://adresowo.pl/o/mieszkanie-lublin-kalinowszczyzna-ul-niepodleglosci-2-pokojowe-l5k5p0,https://s2.adresowa.pl/oi/54/50/4021b6_573d_cover@2x-2-pokojowe-mieszkanie-lublin-kalinowszczyzna-ul-niepodleglosci.webp,Lublin Kalinowszczyzna,Niepodległości,9,1980.0,blok,,"Sprzedam 2-pokojowe mieszkanie o powierzchni 47,20 m² (plus piwnica 3,80 m²) z oddzielną: kuchnią, łazienką i toaletą położone przy ul. Niepodległości 11 w Lublinie. Lokal znajduje się na 9 piętrze w 11-piętrowym budynku z widokiem na piękną panoramę Lublina. W okolicy: Park Zawilcowa, duży bezpłatny parking, szkoła, kościół, sklepy, apteki, przychodnia, poczta, ścieżka rowerowa, przystanki autobusowe, place zabaw - dużo zieleni. Bardzo dobra komunikacja z centrum miasta i Miasteczkiem Akademickim. cena: 425 000 zł do negocjacji",tak,,osobna,plastikowe,spółdzielcze własnościowe,,51.260009,22.59473
Lublin Czechów,ul. Organowa,3,81,950000,11728.0,bez pośredników,,8,https://adresowo.pl/o/mieszkanie-lublin-czechow-ul-organowa-3-pokojowe-t4s1z1,https://s2.adresowa.pl/oi/6b/25/406078_9073_cover@2x-3-pokojowe-mieszkanie-lublin-czechow-ul-organowa.webp,Lublin Czechów,Organowa,parter,1992.0,blok,,"Na sprzedaż wyjątkowe, dwupoziomowe mieszkanie - Czechów, ul. Organowa. Na sprzedaż przestronne, dwupoziomowe mieszkanie o powierzchni 81,40 m² wraz z komórką lokatorską. Do mieszkania przynależy również miejsce postojowe w garażu podziemnym. Mieszkanie znajduje się na zamkniętym, ogrodzonym osiedlu z bramami wjazdowymi otwieranymi pilotem oraz furtkami zabezpieczonymi kluczem. Na terenie osiedla znajduje się duże, zadbane patio dostępne wyłącznie dla mieszkańców. Układ mieszkania: - przestronny salon z wyjściem na taras, - nowoczesna kuchnia wykonana na wymiar przez stolarza, wyposażona w zabudowę oraz sprzęt AGD: piekarnik, kuchenkę mikrofalową, zmywarkę i płytę indukcyjną, - 2 sypialnie, - garderoba, - 2 łazienki - po jednej na każdym poziomie (na piętrze znajduje się duża łazienka wyposażona m.in. w pralkę), - 2 tarasy - jeden z wyjściem z salonu, drugi z sypialni, - ogrzewanie gazowe. Ogromnym atutem jest lokalizacja. Mieszkanie położone jest na lubelskim Czechowie, jednej z najbardziej cenionych i spokojnych dzielnic miasta. W najbliższej okolicy znajdują się m.in.: szpital, pętla autobusowa oraz przystanki komunikacji miejskiej, szkoły i przedszkola, Uniwersytet Medyczny, liczne sklepy, punkty usługowe oraz centra handlowe. To spokojna, bezpieczna i przyjazna okolica, idealna zarówno dla rodzin z dziećmi, jak i osób ceniących wygodę oraz szybki dostęp do pełnej infrastruktury miejskiej. Zainteresowanych zapraszam do kontaktu pod numer tel. Chętnie udzielę więcej informacji oraz umówię prezentację mieszkania.",tak,tak,,,,"Wyposażenie: kuchenkę, piekarnik, pralkę, zmywarkę",51.260232,22.557807
Lublin Śródmieście,ul. Mieczysława Biernackiego,3,65,919000,14138.0,bez pośredników,,4,https://adresowo.pl/o/mieszkanie-lublin-srodmiescie-ul-mieczyslawa-biernackiego-3-pokojowe-x2s3e5,https://s2.adresowa.pl/oi/6c/48/40604a_f478_cover@2x-3-pokojowe-mieszkanie-lublin-srodmiescie-ul-mieczyslawa-biernackiego.webp,Lublin Śródmieście,Mieczysława Biernackiego,3,2026.0,blok,,"Atrakcyjne dla osób, które chcą mieszkać blisko PSK 4, PSK 1, blisko centrum i Starego Miasta. Może też być dobrą inwestycją. Nowy blok przy ulicy Biernackiego z windą. Właśnie wykańczam mieszkanie w wysokim standardzie - będzie gotowe we wrześniu, dlatego nie ma zdjęć, a jedynie wizualizacje. Bardzo duży salon z aneksem kuchennym, 2 sypialnie, łazienka i pralnia. Salon został bardziej niż na rzucie otwarty. Mieszkanie posiada klimatyzację. Dużo miejsca do przechowywania zarówno w kuchni, hallu, sypialni jak i łazience. Do mieszkania przynależy miejsce parkingowe w cenie 65 tys. zł - dodatkowo płatne i zakup jest obowiązkowy. Cena mieszkania podana po wykończeniu i kompletnym umeblowaniu - jeśli kupisz na wcześniejszym etapie ustalimy w jakim stanie i w jakiej cenie się dogadamy. POŚREDNIKOM DZIĘKUJĘ",,tak,aneks,plastikowe,własność,,51.254896,22.566784
Lublin Śródmieście,ul. Nowy Świat 4,2,94,949600,10102.0,Pośrednik,,9,https://adresowo.pl/o/mieszkanie-lublin-srodmiescie-ul-nowy-swiat-2-pokojowe-p4t8y3,https://s2.adresowa.pl/oi/69/77/3d0910_3a05_cover@2x-2-pokojowe-mieszkanie-lublin-srodmiescie-ul-nowy-swiat.webp,Lublin Śródmieście,Nowy Świat 4,2,2026.0,blok,,"Na sprzedaż nowoczesne mieszkania w inwestycji Nowy Świat 4 w Lublinie - doskonałe zarówno dla osób szukających komfortowego miejsca do życia, jak i inwestorów nastawionych na stabilny najem. Lokalizacja Inwestycja położona jest w dobrze skomunikowanej części miasta, zapewniającej szybki dostęp do centrum oraz pełnej infrastruktury miejskiej - sklepów, szkół, komunikacji i terenów rekreacyjnych. w pobliżu przystanki komunikacji miejskiej szybki dojazd do centrum rozwijająca się okolica Dodatkowym atutem jest planowana naprzeciwko inwestycji budowa nowoczesnego Centrum Sztuki Dzieci i Młodzieży przy ul. Kunickiego (inwestycja o wartości ok. 74 mln zł), która znacząco podniesie atrakcyjność tej części miasta oraz wpłynie na wzrost wartości nieruchomości w przyszłości. O inwestycji nowoczesna architektura funkcjonalne układy mieszkań wysoki standard wykonania idealne metraże pod wynajem i dla rodzin Nowy Świat 4 wyróżnia się na tle innych realizacji kameralnym charakterem i wyjątkową dbałością o detale. Inwestycja obejmuje 13 apartamentów i 1 lokal usługowy , co gwarantuje przyszłym mieszkańcom poczucie intymności, prywatności i spokoju . Każdy z apartamentów jest wyjątkowo dobrze doświetlony dzięki przemyślanemu rozmieszczeniu okien , co maksymalizuje dostęp do naturalnego światła i optycznie powiększa przestrzeń. Udogodnienia Apartamenty zostały wyposażone w nowoczesne systemy techniczne, gwarantujące optymalne warunki wewnętrzne niezależne od pory roku. Efektywny system ogrzewania zapewnia idealną temperaturę. Ponadto, przygotowana instalacja klimatyzacji umożliwia łatwy montaż jednostek chłodzących. Uzupełnieniem jest wentylacja mechaniczna. Standard wykończenia Inwestycja oferuje Klientom pełną elastyczność w procesie wykańczania apartamentu, dostosowując się do indywidualnych potrzeb i harmonogramów: - stan deweloperski - wykończenie pod klucz Dlaczego warto? świetna relacja ceny do potencjału najmu (stopa zwrotu ROI 8-9%) rosnąca wartość lokalizacji duży popyt na wynajem w tej części Lublina idealne jako pierwsze mieszkanie lub inwestycja gotowy produkt inwestycyjny bez remontu generalnego bezpieczna lokata kapitału - Termin oddania: sierpień 2026 r. - Funkcjonalny układ idealny pod wynajem - Brak prowizji od kupującego Dostępne różne lokale inwestycyjne w tej inwestycji! MEDIA: ogrzewanie gazowe (wspólna kotłownia), woda, prąd. Wskazana cena stanowi kwotę netto i nie obejmuje podatku VAT. Otwieramy przed Tobą całe miasto! Jesteśmy specjalistami od rynku pierwotnego. U nas znajdziesz najlepsze inwestycje w jednym miejscu. Zamiast przeglądać oferty różnych deweloperów, zapoznaj się z naszą ofertą. Zapewniamy kompleksową obsługę: doradztwo kredytowe i prawne, pomoc notariusza, architekta oraz projektanta wnętrz. Nieruchomość prezentuje: Sylwia, tel. [numer] Opis oferty sporządzony został na podstawie informacji pochodzących od właściciela oferującego nieruchomość, dokumentów opisujących jej stan prawny i przeprowadzonych oględzin. Opis ten może podlegać aktualizacji w miarę zmiany stanu fizycznego i prawnego nieruchomości oraz nie stanowi oferty handlowej określonej w art. 66 i następnych K.C.",,tak,aneks,,,,51.228197,22.571907
Lublin Śródmieście,ul. Fryderyka Chopina,4,98,1150000,11735.0,Pośrednik,,24,https://adresowo.pl/o/mieszkanie-lublin-srodmiescie-ul-fryderyka-chopina-4-pokojowe-t5m5j7,https://s2.adresowa.pl/oi/68/3c/3d01d0_3d28_cover@2x-4-pokojowe-mieszkanie-lublin-srodmiescie-ul-fryderyka-chopina.webp,Lublin Śródmieście,Fryderyka Chopina,2,1935.0,blok,,"Do sprzedania idealna oferta inwestycyjna (mieszkanie przeznaczone pod wynajem, podzielone na 2 oddzielne lokale , każdy z lokali z oddzielnym opomiarowaniem, z niezależnymi wejściami z klatki schodowej), wynajmowane (możliwość kupna nieruchomości z przejęciem obecnych stabilnych i solidnych najemców) . Wyśmienita lokalizacja - na 2. piętrze zadbanej kamienicy w ścisłym centrum Lublina, spokojne i bezpieczne miejsce, w pobliżu wszystkich uczelni wyższych / maks. kilkanaście minut na piechotę od KUL, UMCS, UP, PL/. Stan prawny uregulowany - odrębna własność z księgą wieczystą. Nieruchomość w bardzo dobrym stanie, po remoncie generalnym w 2017 roku (w tym także podczas remontu wymienione zostały wszystkie instalacje), sprzedawane z pełnym umeblowaniem i wyposażeniem. Do mieszkania przynależne jest własne miejsce parkingowe na ogrodzonym podwórzu. Rozkład pomieszczeń: * lokal nr 1 o pow. ok. 73 mkw: 3 oddzielne duże sypialnie (każdy z pokoi przygotowany do zamieszkania dla 1-2 osób, wyposażony w łóżka, biurko, szafy) + oddzielna kuchnia (z pełnym wyposażeniem i umeblowaniem) + łazienka (z kabiną prysznicową) + WC (toaleta, umywalka , pralka) + holl (z garderobą) * lokal nr 2 o pow. ok. 25 mkw: przestronna kawalerka na planie otwartym + (z pełnym wyposażeniem i umeblowaniem) + łazienka (z kabiną prysznicową, WC, umywalką i pralką) Termin wydania do uzgodnienia - od zaraz (w przypadku zakupu wraz z przejęciem obecnych najemców) lub w stanie wolnym do dyspozycji nabywcy (w terminie do miesiąca od podpisania umowy przedwstępnej) ::DODATKOWE INFORMACJE Rodzaj budynku: blok Gaz: jest Woda: ciepła woda z piecyka gazowego dwufunkcyjnego Dojazd: asfalt Ogrzewanie: piec Linie telefoniczne: TAK Winda: TAK Rozkład: dwustronne rozkładowe Usytuowanie: dwustronne Drzwi antywłamaniowe: TAK Teren ogrodzony: TAK Opłaty w czynszu: zaliczka na fundusz remontowy, wywóz nieczystości, sprzątanie, fundusz remontowy, Części wspólne, administracja Opłaty wg liczników: woda, prąd, gaz Rodzaj mieszkania: jednopoziomowe Piwnica: TAK Stan lokalu: bardzo dobry Okna: PCV Instalacje: wymienione Balkon: jest Powierzchnia użytkowa [m2]: 98,4000 Rok budowy: 1935 Liczba pokoi: 4 Powierzchnia pokoi [m2]: 22, 22, 18, 17 Podłogi pokoi: parkiet, panele Ściany pokoi: gładzie gipsowe Typ kuchni: oddzielna Rodzaj kuchni: z nowoczesną zabudową kuchenną Liczba łazienek: 2 Glazura łazienki: nowego typu Podłoga przedpokoi: gres Ściany przedpokoi: gładzie gipsowe ::LINK DO STRONY [www]/oferta.aspx?id=[numer] ::KONTAKT DO AGENTA Marcin Kuczyński [numer] [numer] [email] ::DANE BIURA BIURO NIERUCHOMOŚCI ANMA - MK Marcin Kuczyński BIURO NIERUCHOMOŚCI ANMA - MK MARCIN KUCZYŃSKI Hugona Kołłątaja 4 20-006 Lublin +48 [numer], [numer], +48 [numer] [www] Pośrednik odpowiedzialny zawodowo za wykonanie umowy pośrednictwa: Marcin Kuczyński (licencja nr: 4256)",,,osobna,plastikowe,,Wyposażenie: pralka,51.244339,22.553976
Lublin,ul. Czwartaków,2,37,469000,12676.0,bez pośredników,,8,https://adresowo.pl/o/mieszkanie-lublin-ul-czwartakow-2-pokojowe-v3i3f1,https://s2.adresowa.pl/oi/28/23/405ffa_3251_cover@2x-2-pokojowe-mieszkanie-lublin-ul-czwartakow.webp,Lublin ,Czwartaków,3,1960.0,blok,,"Na sprzedaż bez pośredników ustawne mieszkanie o powierzchni 37,03 m2, zlokalizowane w Lublinie przy ul. Czwartaków 5 . Doskonała lokalizacja przy miasteczku akademickim. Blisko UMCS, KUL , UP Mieszkanie składa się z 2 pokoi oraz oddzielnej kuchni. Do mieszkania przynależy piwnica. Mieszkanie znajduje się na 2 pietrze w 5 - cio piętrowym budynku. Brak windy. Budynek wybudowany w latach 60- tych Mieszkanie dostępne od ręki.",tak,,osobna,,,,51.248221,22.532486
Lublin Felin,ul. Zygmunta Augusta,2,48,615000,12812.0,bez pośredników,,15,https://adresowo.pl/o/mieszkanie-lublin-felin-ul-zygmunta-augusta-2-pokojowe-g3l4s7,https://s2.adresowa.pl/oi/37/45/40544c_462e_cover@2x-2-pokojowe-mieszkanie-lublin-felin-ul-zygmunta-augusta.webp,Lublin Felin,Zygmunta Augusta,3,2020.0,blok,,"Na sprzedaż przytulne, w pełni wyposażone mieszkanie o powierzchni 48,91 m². Znajduje się na trzecim piętrze bloku z windą, wybudowanego w 2020 roku. Mieszkanie zostało zaprojektowane w bardzo ergonomiczny sposób, znajduje się tu wiele szaf i zabudów meblowych robionych na wymiar przez stolarza, przez co mieszkanie jest bardzo pojemne. Stan wykończenia jest gotowy do zamieszkania, sprzedaż z pełnym wyposażeniem mebli i agd. Dodatkowym atutem mieszkania jest duży balkon z zadaszeniem. Mieszkanie znajduje się w dzielnicy Felin w Lublinie, blisko licznych sklepów, restauracji, a także szkoły. W pobliżu dostępne są także tereny zielone, takie jak Park Centralny. Komunikacja miejska jest dobrze rozwinięta, a przystanki znajdują się w zasięgu kilku minut spaceru. Do mieszkania przynależy komórka lokatorska 4 m2, miejsce parkingowe w garażu podziemnym za dodatkową opłatą 50 000zł",tak,tak,aneks,plastikowe,własność,,51.217801,22.632287
Lublin Ponikwoda,ul. Tomasza Strzembosza,2,57,800000,14035.0,bez pośredników,,17,https://adresowo.pl/o/mieszkanie-lublin-ponikwoda-ul-tomasza-strzembosza-2-pokojowe-t7p3w9,https://s2.adresowa.pl/oi/43/3c/404d9e_ec41_cover@2x-2-pokojowe-mieszkanie-lublin-ponikwoda-ul-tomasza-strzembosza.webp,Lublin Ponikwoda,Tomasza Strzembosza,3,2020.0,blok,,"Nowoczesne, jasne mieszkanie 57,38 m² - Lublin, ul. Strzembosza 9A - gotowe do zamieszkania. Położone na 3 piętrze w nowym bloku z windą - ostatnia kondygnacja (mieszkanie bardzo ciche). Składa się z salonu z otwartą kuchnią, sypialni, łazienki, przedpokoju oraz dwóch balkonów 5,37 i 4,88m². W cenie mieszkania pozostają meble widoczne na zdjęciach wraz ze sprzętem AGD i RTV. Wszystkie meble są wykonane na wymiar, lakierowane lub fornirowane. Do mieszkania przynależy miejsce postojowe dodatkowo płatne (50 tysięcy). Blok posiada ogólną stację uzdatniania wody i fotowoltaikę. W pobliżu sklepy, przystanki komunikacji miejskiej, tereny zielone oraz infrastruktura potrzebna na co dzień.",,tak,aneks,plastikowe,własność,Wyposażenie: tv,51.27141,22.583981
Lublin,ul. Roztocze,2,42,531500,12655.0,Pośrednik,,11,https://adresowo.pl/o/mieszkanie-lublin-ul-roztocze-2-pokojowe-f9f9p3,https://s2.adresowa.pl/oi/3e/58/3c9a2a_64d3_cover@2x-2-pokojowe-mieszkanie-lublin-ul-roztocze.webp,Lublin ,Roztocze,2,2026.0,blok,,"NOWE M2 Z LOGGIĄ - ""OSIEDLE ROZTOCZE"" LUBLIN - taniej niż u DEWELOPERA! 2. piętro | 42,52 m² | LOGGIA 4,50 m² | Na sprzedaż oferuję 2-pokojowe mieszkanie w stanie deweloperskim, położone w nowoczesnej inwestycji Osiedle Roztocze – kameralnym, nowoczesnym osiedlu zlokalizowanym w dynamicznie rozwijającej się dzielnicy Lublina. MIESZKANIE: Mieszkanie znajduje się na 2. piętrze i ma 42,52 m² powierzchni użytkowej. Składa się z:- przedpokoju – 3,19 m² - łazienki – 5,88 m² - sypialni – 11,29 m² - pokoju dziennego z aneksem kuchennym – 22,16 m² Do mieszkania przynależy również Loggia o powierzchni 4,50 m² – idealne miejsce na relaks na świeżym powietrzu. Miejsce w garażu podziemnym w cenie 39 000 zł. Komórka Lokatorska o pow. 4,59 m² w cenie 15 000 zł. ŚWIETNA LOKALIZACJA: Położenie osiedla to jeden z jego największych atutów. Osiedle Roztocze zlokalizowane jest w pobliżu:- terenów zielonych i rekreacyjnych - 3 km od ścisłego centrum Lublina - sklepów spożywczych, centrum handlowego - szkół i przedszkoli, dworca PKP - przychodni i punktów usługowych Osiedle jest bardzo dobrze skomunikowane z resztą miasta – w pobliżu znajdują się przystanki MPK oraz ważne arterie komunikacyjne, co zapewnia szybki i wygodny dojazd do centrum oraz innych dzielnic. To idealne miejsce do życia dla rodzin, singli, jak i osób starszych – cicho, wygodnie, zielono i blisko wszystkiego, co potrzebne na co dzień. INWESTYCJA – Osiedle Roztocze To innowacyjny kompleks mieszkaniowy wyróżniający się:- współczesną architekturą, eleganckimi elewacjami i estetyką wykończenia - wysoką jakością materiałów i dbałością o szczegóły - cichobieżnymi windami zapewniającymi komfortową komunikację między kondygnacjami - wentylacją mechaniczną, która poprawia jakość powietrza i komfort użytkowania - kompletnym zapleczem instalacyjnym: prąd, woda, kanalizacja, centralne ogrzewanie - kameralnym układem budynków i funkcjonalnym zagospodarowaniem terenu (miejsca postojowe, plac zabaw, oświetlenie, śmietnik, czerpnie powietrza) MIESZKANIE GOTOWE DO WYKOŃCZENIA Lokal sprzedawany jest w stanie deweloperskim - prezentowane zdjęcia są wizualizacjami. DLA KOGO? To mieszkanie jest idealne dla:- singla, który szuka nowoczesnego lokum - pary planującej pierwsze wspólne mieszkanie - młodej rodziny 2+1 – dzięki przemyślanemu układowi pomieszczeń Możliwość zakupu na kredyt – pomagamy również w uzyskaniu finansowania i sprawdzeniu zdolności. ZAPRASZAM NA PREZENTACJĘ Chętnie pokażę Ci inwestycję i odpowiem na wszystkie pytania – również te dotyczące standardów wykończenia oraz dostępnych mieszkań. Twój Agent – Tomasz Jurowicz",,tak,aneks,plastikowe,własność,,51.234291,22.490141
Lublin,ul. 1 Maja,2,36,219000,6083.0,bez pośredników,,7,https://adresowo.pl/o/mieszkanie-lublin-ul-1-maja-2-pokojowe-d7x0s6,https://s2.adresowa.pl/oi/28/56/404c4a_3149_cover@2x-2-pokojowe-mieszkanie-lublin-ul-1-maja.webp,Lublin ,1 Maja,1,,kamienica,,"Sprzedaż bezpośrednia. Proponuję Państwu mieszkanie 2 pokojowe, 36 m2 do remontu. Nieruchomość znajduje się na ulicy 1 Maja, nieopodal Dworca Lublin i jest bardzo dobrze skomunikowana z pozostałą częścią miasta. Mieszkanie usytuowane na 1 piętrze, w 6 lokalowej dwukondygnacyjnej kamienicy. Księga wieczysta - odrębna własność. Spokojna kamienica, zamykana brama od ulicy z domofonem. W skład mieszkania wchodzi przestronny salon, kuchnia, sypialnia, WC oraz piwnica. W bliskim sąsiedztwie sklepy spożywcze, Biedronka, Poczta Polska, Arena Lublin czy Aqua Lublin. Serdecznie polecam i zapraszam do kontaktu telefonicznego.",tak,,,,własność,,51.235052,22.570715
Lublin Wieniawa,ul. Weteranów,3,47,499900,10636.0,bez pośredników,,20,https://adresowo.pl/o/mieszkanie-lublin-wieniawa-ul-weteranow-3-pokojowe-n2p5z9,https://s2.adresowa.pl/oi/22/56/404b2a_d83f_cover@2x-3-pokojowe-mieszkanie-lublin-wieniawa-ul-weteranow.webp,Lublin Wieniawa,Weteranów,4,1974.0,blok,,"Na sprzedaż ustawne, gotowe do zamieszkania, 3-pokojowe mieszkanie o powierzchni 47 m², położone na 4. piętrze w 10-piętrowym budynku z windą. To jedna z najbardziej atrakcyjnych i poszukiwanych lokalizacji w Lublinie - bezpośrednie sąsiedztwo Alei Racławickich, Miasteczka Akademickiego, KUL i UMCS, a jednocześnie bliskość centrum miasta, terenów zielonych oraz pełnej infrastruktury. MIESZKANIE Na powierzchnię 47 m² składają się: - salon, - dwie oddzielne sypialnie, - oddzielna kuchnia, - łazienka z WC, - przedpokój. Bardzo funkcjonalny układ 3 pokoi na 47 m² sprawia, że mieszkanie świetnie sprawdzi się zarówno dla rodziny lub pary, jak również jako nieruchomość inwestycyjna przeznaczona pod wynajem. Do mieszkania przynależy piwnica. Lokal stanowi odrębną nieruchomość. STAN MIESZKANIA W mieszkaniu wykonano już kilka istotnych prac: - wymieniona instalacja elektryczna, - nowe grzejniki, - wymienione drzwi wejściowe antywłamaniowe, - okna PCV. Oryginalny parkiet w bardzo dobrym stanie, po odświeżeniu może stanowić bardzo atrakcyjny element wnętrza i pozwala uniknąć kosztownej wymiany podłogi. BUDYNEK Mieszkanie znajduje się w zadbanym budynku, który przeszedł termomodernizację. Do dyspozycji mieszkańców: - winda, - zadbana i czysta klatka schodowa, - domofon. MOŻLIWOŚĆ DOKUPIENIA GARAŻU Dodatkowym, bardzo dużym atutem oferty jest możliwość dokupienia wolnostojącego garażu po remoncie, znajdującego się zaledwie około 50 metrów od budynku. W tej części miasta własny garaż jest szczególnie wartościowym dodatkiem - zarówno dla osoby kupującej mieszkanie na własne potrzeby, jak i inwestora. LOKALIZACJA - JEDEN Z NAJWIĘKSZYCH ATUTÓW NIERUCHOMOŚCI Weteranów 17 to ścisła Wieniawa, przy samych Alejach Racławickich - jedna z najbardziej cenionych lokalizacji w Lublinie. To miejsce łączące bezpośrednią bliskość centrum z bardzo dobrą komunikacją, terenami zielonymi oraz pełną infrastrukturą potrzebną do codziennego życia. W pobliżu znajdują się m.in.: - KUL, - UMCS, - Uniwersytet Medyczny, - Uniwersytet Przyrodniczy, - Miasteczko Akademickie, - Ogród Saski, - szpital, - sklepy i markety, - restauracje i kawiarnie, - apteki i przychodnie, - szkoły, przedszkola i żłobki, - place zabaw, - punkty usługowe, - obiekty sportowe, - ścieżki rowerowe i tereny spacerowe. Liczne linie autobusowe i trolejbusowe zapewniają bardzo dobre połączenie z praktycznie każdą częścią Lublina. Do najważniejszych lubelskich uczelni można dotrzeć również pieszo w zaledwie kilka-kilkanaście minut. DOSKONAŁE RÓWNIEŻ POD INWESTYCJĘ Połączenie 3 pokoi, niewielkiego metrażu oraz lokalizacji w bezpośrednim sąsiedztwie największych lubelskich uczelni sprawia, że mieszkanie ma bardzo dobry potencjał jako nieruchomość przeznaczona pod wynajem. Wieniawa i okolice Alei Racławickich od lat należą do lokalizacji szczególnie poszukiwanych przez studentów, młode osoby pracujące oraz osoby chcące mieszkać blisko centrum. Dzięki temu jest to propozycja zarówno dla osób szukających mieszkania dla siebie, jak również dla inwestora poszukującego nieruchomości w lokalizacji o wysokim potencjale najmu. Zapraszam do kontaktu oraz na prezentację mieszkania.",tak,tak,osobna,plastikowe,własność,,51.249071,22.533926
Lublin Konstantynów,ul. gen. Michała Kruka,4,99,1040000,10505.0,bez pośredników,,14,https://adresowo.pl/o/mieszkanie-lublin-konstantynow-ul-gen-michala-kruka-4-pokojowe-v8p3a3,https://s2.adresowa.pl/oi/70/69/4043b8_5b3a_cover@2x-4-pokojowe-mieszkanie-lublin-konstantynow-ul-gen-michala-kruka.webp,Lublin Konstantynów,gen. Michała Kruka,2,2008.0,blok,,"Do Sprzedania BEZ CZYNSZOWE, 4 pokojowe Mieszkanie z Garażem na drugim piętrze budynku przy Ulicy Michała Generała Kruka. Garaż 17m2. Do lokalu przypisany jest też ogródek. Przestronny, jasny salon z częścowo odgrodzonym aneksem kuchennym. 3 sypialnie oraz duża łazienka z pomieszczeniem gospodarczym. Dodatkowa oddzielna toaleta. Balkon około 5m2. Budynek z około 2008 r. Cicha spokojna okolica. Okna wychodzą głównie na połudnowy zachód co zapewnia dobre naturalne oświtlenie. Blisko do sklepu osiedlowego. Dobry dostęp do komunikacji miejsciej. W pobliżu: przystanek autobusowy Poczekajka, Przedszkola, Szkoły, Galeria Handlowa. Częściowo umeblowane.",,tak,aneks,plastikowe,własność,,51.241703,22.499029
Lublin Czuby,ul. Szafirowa,3,63,639300,10148.0,Pośrednik,,20,https://adresowo.pl/o/mieszkanie-lublin-czuby-ul-szafirowa-3-pokojowe-d6j1z5,https://s2.adresowa.pl/oi/3d/73/3c1bba_46f1_cover@2x-3-pokojowe-mieszkanie-lublin-czuby-ul-szafirowa.webp,Lublin Czuby,Szafirowa,3,2000.0,blok,,"Jedyna taka oferta na rynku !!! Widok na las!!! Tylko w Imperium Nieruchomości, zapraszamy! - Nieruchomość dwupoziomowa, zlokalizowana na trzecim i czwartym piętrze w budynku z 2000 roku z widokiem na las! - Mieszkanie własnościowe, przytulne, rodzinne i zadbane. Cicha i spokojna okolica, idealna dla rodzin z dziećmi i nie tylko. - Lokal z 2 oddzielnymi pokojami i dużą łazienką z wanna na 4 piętrze oraz na 3 piętrze salon, łazienka z prysznicem i oddzielna kuchnia z oknem! - Ze strefy dziennej wyjście na balkon. Istnieje możliwość podzielenia mieszkania na dwa oddzielne (dwa wejścia z klatki schodowej, jedno na 3 piętrze drugie na 4 piętrze). - Z sypialni na górze również wyjście na drugi balkon z widokiem na las, oraz stacje pociągów Lublin Zachód 300m (5 min pieszo) - Do mieszkania przynależy piwnica, istnieje możliwość zakupu garażu w bryle budynku obok o powierzchni 21,17m2. Dookoła budynku duża ilość miejsc ogólnodostępnych parkingowych. - Budynkiem zarządza ""Ksj"", czynsz ok 780zł przy jednej osobie, plus prąd (ok 400zł co 2 miesiące) oraz gaz ( około 65zł za 2 miesiące). Nieruchomość składa się z następujących pomieszczeń: IV PIĘTRO: - Sypialnia ok 8,50 od zachodu - Sypialni ok 13,40m z wyjściem na balkon od strony wschodniej - Łazienka z wc ok 3,90m - Hall ok 4,30m III PIĘTRO - Salon z wyjściem na balkon ok 17m od strony wschodniej - Kuchnia z oknem ok 8,50m od zachodu - Łazienka z wc ok 3,90m - Hall ok 4,30m - Klatka schodowa wewnętrzna (schody drewniane, kręcone) - Piwnica 3,42m - Polecam serdecznie, warto zobaczyć! - Mieszkanie dostępne od września do wprowadzenia. - Zapraszam na prezentację po wcześniejszym umówieniu spotkania! - Nie czekaj, nie przegap takiej oferty, zadzwoń dzisiaj, zapytaj o szczegóły! - Pomagamy również w uzyskaniu kredytu hipotecznego!",tak,tak,osobna,,własność,,51.222741,22.508205
Lublin,ul. Edwarda Dembowskiego,4,59,419000,7102.0,Pośrednik,,8,https://adresowo.pl/o/mieszkanie-lublin-ul-edwarda-dembowskiego-4-pokojowe-n1c7n3,https://s2.adresowa.pl/oi/3f/19/3c0bc8_e047_cover@2x-4-pokojowe-mieszkanie-lublin-ul-edwarda-dembowskiego.webp,Lublin ,Edwarda Dembowskiego,4,1980.0,blok,,"Oferta sprzedaży przestronnego mieszkanie o funkcjonalnym, rozkładowym układzie zlokalizowanego w popularnej dzielnicy Kalinowszczyzna w Lublinie przy ulicy Dębowskiego - blisko Uniwersytetu Medycznego, komunikacji miejskiej, pełnej infrastruktury i terenów zielonych. Podstawowe informacje: -Powierzchnia: 59,05 m2 -Piętro: 4/4 w niskim bloku -Układ: 4 pokoje (15.00 m2, 12.00 m2, 8.50 m2, 10.00 m2), kuchnia (4.00 m2), łazienka (2.50 m2), Przedpokój (7.00 m2) -Dodatki: balkon (2.00 m2), piwnica ok. 6 m2 -Stan: do remontu - duże możliwości aranżacji -Forma własności: odrębna własność z księgą wieczystą (brak hipoteki oraz roszczeń - czysta KW`). Standard i media: Mieszkanie posiada okna PCV, ogrzewanie i ciepłą wodę z sieci miejskiej (bez piecyka gazowego), co obniża koszty eksploatacji i zwiększa bezpieczeństwo. Lokal jest słoneczny, ustawny i posiada optymalny rozkład pomieszczeń - idealny pod różne cele użytkowania. Potencjał użytkowy: Nieruchomość świetnie sprawdza się zarówno jako przestrzeń dla rodziny, jak i inwestycja pod wynajem - m.in. na pokoje - dzięki oddzielnym pokojom i praktycznemu rozkładowi. Rozwiązanie idealne dla inwestorów inwestorów poszukujących nieruchomości z dobrą stopą zwrotu. Lokalizacja i otoczenie: Nieruchomość położona w dobrze skomunikowanej części Lublin, co zapewnia szybki i wygodny dostęp do wszystkich najważniejszych punktów miasta. W najbliższej okolicy znajdują się przystanki komunikacji miejskiej, liczne sklepy oraz punkty usługowe. W pobliżu dostępne są również szkoły, przedszkola oraz tereny rekreacyjne i spacerowe. Spacer do centrum oraz na Zamek Lubelski zajmuje około 15 minut. Do Uniwersytet Medyczny w Lublinie można dotrzeć pieszo w około 20 minut, co czyni lokalizację atrakcyjną także pod wynajem. Dodatkowym atutem jest bliskość centrum handlowego Vivo! Lublin. Zapraszamy do kontaktu telefonicznego oraz na prezentacji nieruchomości. Niniejsze ogłoszenie ma charakter informacyjny i nie stanowi oferty w rozumieniu art. 66 i następnych Kodeksu cywilnego. Informacje zawarte w ogłoszeniu zostały sporządzone na podstawie danych uzyskanych od właściciela oraz oględzin nieruchomości i mogą podlegać aktualizacji. ::",,,,,,,51.252734,22.582275
Lublin Wieniawa,al. Racławickie,3,46,490000,10652.0,bez pośredników,,11,https://adresowo.pl/o/mieszkanie-lublin-wieniawa-al-raclawickie-3-pokojowe-g0c7k3,https://s2.adresowa.pl/oi/3a/48/404802_35af_cover@2x-3-pokojowe-mieszkanie-lublin-wieniawa-al-raclawickie.webp,Lublin Wieniawa,Racławickie,3,1968.0,blok,,"Jasne, funkcjonalne 3-pokojowe mieszkanie 46 m² – Lublin, Wieniawa (Al. Racławickie) Oferuję na sprzedaż bezpośrednio od właściciela rozkładowe, 3-pokojowe mieszkanie o powierzchni 46 m², usytuowane na 3. piętrze w 10-piętrowym bloku z windą. Lokal znajduje się w jednej z najbardziej pożądanych i świetnie skomunikowanych lokalizacji w Lublinie – na Wieniawie przy Al. Racławickich 32. Układ i standard wykończenia: Mieszkanie jest w stanie do zamieszkania, gotowe do wprowadzenia się bez konieczności ponoszenia natychmiastowych nakładów finansowych. W skład lokalu wchodzą: Salon oraz dwie niezależne sypialnie Osobna, jasna kuchnia Łazienka Przedpokój Do mieszkania przynależy balkon oraz piwnica. Wyposażenie i media: W cenie pełne wyposażenie meblowe oraz sprzęt AGD: pralka, zmywarka, lodówka, kuchenka oraz piekarnik. Bezpieczeństwo: drzwi i okna antywłamaniowe oraz domofon/wideofon. Stolarka okienna: okna plastikowe (PCV). Podłączone media: internet, telewizja kablowa oraz telefon. Opłaty i stan prawny: Forma własności: spółdzielcze własnościowe prawo do lokalu. Czynsz: ok. 880 zł / miesiąc. Ogrzewanie: z sieci miejskiej. Rynek: wtórny. Dostępność: lokal gotowy do przekazania od 1 sierpnia 2026 r. Części wspólne: Klatka schodowa po remoncie Lokalizacja i odległości od punktów usługowych: Handel i usługi: Żabka – 86 m Rossmann – 160 m Stokrotka – 290 m Bankomat – 300 m Paczkomat InPost – 300 m Poczta Polska – 400 m Zdrowie: Szpital – 160 m Przychodnia – 160 m Apteka – 270 m Edukacja: Szkoła podstawowa – 400 m Uczelnie (KUL, UMCS, UP) – 950 m Przedszkole – 1 km Sport i rekreacja: Siłownia – 120 m Boisko – 350 m Park Saski – 1,2 km Komunikacja miejska: Przystanek autobusowy – 170 m Obsługiwane linie: [numer], N[numer]8, 950. Pośrednikom dziękuję.",tak,tak,osobna,plastikowe,spółdzielcze własnościowe,"Wyposażenie: internet, kuchenka, lodówka, piekarnik, pralka, zmywarka",51.249441,22.534384
Lublin Stare Miasto,ul. Jezuicka,3,47,790000,16809.0,bez pośredników,,13,https://adresowo.pl/o/mieszkanie-lublin-stare-miasto-ul-jezuicka-3-pokojowe-o0h8r9,https://s2.adresowa.pl/oi/34/5c/4046ea_2d66_cover@2x-3-pokojowe-mieszkanie-lublin-stare-miasto-ul-jezuicka.webp,Lublin Stare Miasto,Jezuicka,2,1954.0,kamienica,,"Sprzedam bezpośrednio (bez prowizji) unikalne, klimatyczne mieszkanie zlokalizowane w samym sercu Lublina - przy ul. Jezuickiej 2 na Starym Mieście. Nieruchomość znajduje się na 2. piętrze w zabytkowej, odbudowanej po wojnie kamienicy. To idealna propozycja dla osób poszukujących klimatycznego lokum dla siebie, jak i doskonała inwestycja pod wynajem krótkoterminowy (np. Airbnb / Booking. com) dzięki wyjątkowemu położeniu i architekturze. Najważniejsze atuty nieruchomości: - Lokalizacja: Ścisłe Stare Miasto - widok z okien wprost na Bramę Krakowską oraz na ciche, wewnętrzne podwórko. - Przestrzeń i klimat: Bardzo wysokie pomieszczenia (ponad 3 m), które dają poczucie ogromnej przestrzeni i pozwalają na ciekawe rozwiązania aranżacyjne (np. antresola). - Bezpieczny parking: Do mieszkania przynależy miejsce parkingowe na zamkniętym podwórku - ogromny i rzadki komfort na Starym Mieście! - Potencjał aranżacyjny: Niezależny, funkcjonalny układ. Istnieje możliwość połączenia jasnej, osobnej kuchni z sąsiadującym pokojem. Układ i parametry: - Powierzchnia: 47,2 m² - Liczba pokoi: 3 osobne pokoje - Kuchnia: Osobna, jasna (z oknem) - Łazienka i WC: Osobno - Korytarz - Ekspozycja okien: Dwustronna (2 okna na ul. Jezuicką / Bramę Krakowską, 2 okna na podwórko) - Piętro: 2 z 3 (bez windy) - Dodatkowo: Do mieszkania przynależy piwnica. (Rzut mieszkania załączony do ogłoszenia ma charakter przybliżony/poglądowy). Stan techniczny i opłaty: - Stan: Do gruntownego odświeżenia / własnej aranżacji (większość mebli może zostać na życzenie kupującego). - Ogrzewanie: Centralne miejskie. - Ciepła woda: Piecyk gazowy. - Czynsz: Około 920 zł / miesiąc. - Forma własności: Pełna własność z Księgą Wieczystą. Cena: - 790 000 zł (do rozsądnej negocjacji). Kontakt: Sprzedaż prywatna - zapraszam do kontaktu telefonicznego oraz na prezentację mieszkania na żywo.",tak,tak,osobna,plastikowe,własność,,51.247563,22.56708
Lublin Bronowice,ul. Lotnicza,2,47,410000,8723.0,bez pośredników,,16,https://adresowo.pl/o/mieszkanie-lublin-bronowice-ul-lotnicza-2-pokojowe-a6f5g0,https://s2.adresowa.pl/oi/50/7f/3e5298_f877_cover@2x-2-pokojowe-mieszkanie-lublin-bronowice-ul-lotnicza.webp,Lublin Bronowice,Lotnicza,parter,1953.0,blok,,"bezpośtrednio, bez agencji nieruchomości, Mieszkanie 47 m² – Bronowice (parter) mieszkanie w bloku z cegły, ciepłe i przytulne, ogrzewanie miejskie, rozkładowe, okna wschód i zachód, zapewnia komfort przez cały rok, w pełni wyposażone. Wymienione okna na 3 szybowe energooszczędne, nowe kaloryfery, sufity podwieszane ze zintegrowanym oświetleneim, wymieniona elektyka, gniazdka etc. Układ i wykończenie: Salon połączonyw pełni wyposażoną kuchnią (pełne umeblowanie w tym wyspa, blaty bukowe, AGD: zmywarka, lodówka, piekarnik, płyta gazowa, filtr wody osmoza, kompozytowy zlewozmywak). Przestronny drugi pokój, oryginalny bukowy parkiet w pokojach. Szafa z lustrem w przedpokoju. Łazienka z wanną, nowym piecykiem gazowym Junkers (do ewentualnego odświeżenia), pralka. Do mieszkania przynależy piwnica (ok. 20 m²). Budynek: Kameralny blok z cegły z 1953 r. (2 piętra). Zadbane części wspólne: odnowiona klatka, nowa instalacja elektryczna, domofon na kod/brelok, automatyczne oświetlenie na klatkach schodowych, do dyspozycji suszarnia na strychu. Lokalizacja: Edukacja i zieleń: Szkoła i przedszkole, obok skwer i ścieżka rowerowa, Basen - Łabędzia - 10 min pieszo. Sklepy i usługi: W pobliżu Biedronka, Kaufland, Stokrotka, Rossmann, Targ Bronowice, Felicity, Obi, lekarz rodzinny - Lotnicza i Topolowa, fryzjer, zegarmistr, stomatolog, apteka, poczta. Komunikacja: Przystanek MPK– 1 min pieszo.",tak,,osobna,plastikowe,własność,"Wyposażenie: lodówka, piekarnik, pralka, zmywarka",51.233744,22.587085
Lublin,ul. Pana Wołodyjowskiego,3,57,534000,9368.0,Pośrednik,,10,https://adresowo.pl/o/mieszkanie-lublin-ul-pana-wolodyjowskiego-3-pokojowe-b4t0a9,https://s2.adresowa.pl/oi/3d/63/3bfe2e_4b5e_cover@2x-3-pokojowe-mieszkanie-lublin-ul-pana-wolodyjowskiego.webp,Lublin ,Pana Wołodyjowskiego,parter,1973.0,blok,,"Na sprzedaż dwustronne mieszkanie o powierzchni 57,8 m² położone na osiedlu Sienkiewicza, w atrakcyjnej lokalizacji blisko Miasteczka Akademickiego, idealne dla rodziny lub pod wynajem. Aktualny układ pomieszczeń: • salon z wyjściem na balkon z widokiem na wąwóz • sypialnia • kuchnia z jadalnią lub salon z kuchnią jeśli wolisz mieć dodatkowy pokój • przedpokój • łazienka z WC Do mieszkania przynależy piwnica o powierzchni około 5 m² - (doprowadzony prąd z mieszkania). Dodatkowe informacje: • mieszkanie po remoncie z dużym potencjałem aranżacyjnym, (która wizualizacja Tobie się podoba?) • ogrzewanie podłogowe ( kuchnia, przedpokój) • w pokojach gres 4 klasy ścieralności, tynk z brokatem czego nie zobaczysz na zdjęciach! • nowe sprzęty AGD (płyta indukcyjna, piekarnik, zmywarka, pralka i suszarka w zabudowie) • okna 3 szybowe • nowa instalacja elektryczna z siłą (wymieniona również w całym bloku) • drzwi antywłamaniowe Gerda • wysoki parter • ogólnodostępne miejsca parkingowe tuż pod blokiem • cicho i spokojnie a jednocześnie wszędzie blisko • w pobliżu: galeria LECLERC, targ, liczne sklepy, szkoły, przedszkola, punkty usługowe i medyczne Uwaga: Rzut mieszkania przesyłamy na życzenie osoby zainteresowanej. Serdecznie zapraszam do kontaktu.",,tak,,,własność,"Wyposażenie: piekarnik, pralka, suszarka, zmywarka",51.238011,22.514792
Lublin,ul. Wyścigowa,2,36,440640,12240.0,Pośrednik,,5,https://adresowo.pl/o/mieszkanie-lublin-ul-wyscigowa-2-pokojowe-w1c4j3,https://s2.adresowa.pl/oi/24/30/3a07f6_e7a4_cover@2x-2-pokojowe-mieszkanie-lublin-ul-wyscigowa.webp,Lublin ,Wyścigowa,3,2025.0,apartamentowiec,,"NOWE MIESZKANIE Z BALKONEM – APARTAMENTY WYŚCIGOWA, LUBLIN 3. piętro | 36,72 m² | balkon 11,28 m² | miejsce postojowe w garażu podziemnym Na sprzedaż oferuję 2-pokojowe mieszkanie położone w nowoczesnej inwestycji Apartamenty Wyścigowa – kameralnym, nowoczesnym osiedlu zlokalizowanym w dynamicznie rozwijającej się dzielnicy Lublina. MIESZKANIE: Mieszkanie znajduje się na 3. piętrze (4. kondygnacja) i ma 36,72 m² powierzchni użytkowej. Składa się z: - przedpokoju – 4,66 m² - łazienki – 3,72 m² - sypialni – 11,43 m² - pokoju dziennego z aneksem kuchennym – 16,91 m² - miejsce postojowe w garażu podziemnym: za dodatkowe 45 000 zł brutto Do mieszkania przynależy również duży balkon o powierzchni 11,28 m² – idealne miejsce na relaks na świeżym powietrzu. ŚWIETNA LOKALIZACJA: Położenie osiedla to jeden z jego największych atutów. Apartamenty Wyścigowa zlokalizowane są w pobliżu: - terenów zielonych i rekreacyjnych - 3 km od ścisłego centrum Lublina - sklepów spożywczych, centrum handlowego, Lidla - szkół i przedszkoli, dworca PKP - przychodni i punktów usługowych Osiedle jest bardzo dobrze skomunikowane z resztą miasta – w pobliżu znajdują się przystanki MPK oraz ważne arterie komunikacyjne, co zapewnia szybki i wygodny dojazd do centrum oraz innych dzielnic. To idealne miejsce do życia dla rodzin, singli, jak i osób starszych – cicho, wygodnie, zielono i blisko wszystkiego, co potrzebne na co dzień. INWESTYCJA – APARTAMENTY WYŚCIGOWA To innowacyjny kompleks mieszkaniowy wyróżniający się: - współczesną architekturą, eleganckimi elewacjami i estetyką wykończenia - wysoką jakością materiałów i dbałością o szczegóły - cichobieżnymi windami zapewniającymi komfortową komunikację między kondygnacjami - wentylacją mechaniczną, która poprawia jakość powietrza i komfort użytkowania - kompletnym zapleczem instalacyjnym: prąd, woda, kanalizacja, centralne ogrzewanie - kameralnym układem budynków i funkcjonalnym zagospodarowaniem terenu (miejsca postojowe, plac zabaw, oświetlenie, śmietnik, czerpnie powietrza) MIESZKANIE GOTOWE DO WYKOŃCZENIA Lokal sprzedawany jest w stanie deweloperskim, ale deweloper oferuje również możliwość kompleksowego wykończenia mieszkania pod klucz – według wybranego standardu i zgodnie z indywidualnymi preferencjami. Dodatkowo – dla zainteresowanych dostępne jest mieszkanie pokazowe w tej inwestycji, w pełni urządzone i gotowe do prezentacji. To doskonała okazja, by zobaczyć jakość i funkcjonalność przestrzeni na żywo. DLA KOGO? To mieszkanie jest idealne dla: - singla, który szuka nowoczesnego lokum - pary planującej pierwsze wspólne mieszkanie - młodej rodziny 2+1 – dzięki przemyślanemu układowi pomieszczeń Możliwość zakupu na kredyt – pomagamy również w uzyskaniu finansowania i sprawdzeniu zdolności. ZAPRASZAM NA PREZENTACJĘ Chętnie pokażę Ci inwestycję i odpowiem na wszystkie pytania – również te dotyczące standardów wykończenia oraz dostępnych mieszkań. Twój Agent – Tomasz Jurowicz",,tak,,plastikowe,,,51.22355,22.55785
Lublin LSM,ul. Grażyny,1,21,288000,13714.0,bez pośredników,,9,https://adresowo.pl/o/mieszkanie-lublin-lsm-ul-grazyny-1-pokoj-g5z3l5,https://s2.adresowa.pl/oi/34/4e/404030_277c_cover@2x-1-pokojowe-mieszkanie-lublin-lsm-ul-grazyny.webp,Lublin LSM,Grażyny,4,1964.0,blok,,"Komfortowa kawalerka z dużym balkonem. Bardzo spokojna okolica z dużą ilością parkowej zieleni. Jedno z najpiękniejszych osiedli w Polsce z doskonałą komunikacją i infrastrukturą. W pobliżu uczelnie: UMCS, Politechnika, Akademia Rolnicza. Własność gruntu. Niskie koszty ogrzewania.",,,,plastikowe,własność,,51.243492,22.527539
Lublin Czuby,ul. Różana,3,57,539000,9456.0,bez pośredników,,8,https://adresowo.pl/o/mieszkanie-lublin-czuby-ul-rozana-3-pokojowe-x0g4s7,https://s2.adresowa.pl/oi/7f/7b/403a16_59ea_cover@2x-3-pokojowe-mieszkanie-lublin-czuby-ul-rozana.webp,Lublin Czuby,Różana,2,,blok,,"Sprzedam mieszkanie o powierzchni 57,8 m² przy ul. Różanej (Czuby Północne). Piętro 2/4, 3 pokoje, łazienka i WC, przestronny przedpokój z oknem. Piwnica, pełna własność, księga wieczysta. Mieszkanie jasne, ciepłe i ciche. Blok ocieplony, 2 mieszkania na klatce schodowej, bardzo mili sąsiedzi.",tak,,,,własność,,51.231941,22.517141
Lublin Dziesiąta,ul. Władysława Kunickiego,2,31,377000,12161.0,Pośrednik,,16,https://adresowo.pl/o/mieszkanie-lublin-dziesiata-ul-wladyslawa-kunickiego-2-pokojowe-y6f1v5,https://s2.adresowa.pl/oi/78/71/3974f8_f82a_cover@2x-2-pokojowe-mieszkanie-lublin-dziesiata-ul-wladyslawa-kunickiego.webp,Lublin Dziesiąta,Władysława Kunickiego,parter,1960.0,blok,,"Ofertą sprzedaży jest 2 pokojowe mieszkanie, zlokalizowane blisko Centrum, 3,50km od Bramy Krakowskiej, ul. Kunickiego. Uczelnie Lubelskie w zasięgu 10min jazdy autobusem. Nieruchomość idealna na wynajem bądź dla singla/ młodej pary na start! Cicha i spokojna okolica, liczne miejsca parkingowe dla mieszkańców tego bloku. Mieszkanie składa się z następujących pomieszczeń łącznie: -Salon z aneksem ok 17,00m -Sypialnia ok 6,50m -Łazienka ok 2,50m -Hall ok 5m wraz z szafą wnękową -Dodatkowo piwnica ok 12m, brak balkonu Nieruchomość gotowa do zamieszkania lub wynajęcia, przeszła generalny remont! Koszty miesięczne to: czynsz około 400zł, ogrzewanie z sieci miejskiej -woda- piecyk gazowy, plus prąd i gaz według zużycia. Jedyna taka oferta na rynku. Usytuowanie/odległość od: ***POLITECHNIKA LUBELSKA ok 4kmkm ***Kul ok 4km ***UMCS ok 4km ***Uniwersytet Przyrodniczy ok 4,5km ***Ogród Saski-4km ***Brama Krakowska ok 3,50km Zapraszam na prezentację, nie czekaj aż zniknie z sieci! Cena podlega negocjacji.",tak,,aneks,,spółdzielcze własnościowe,,51.221185,22.577468
Lublin,ul. Bursztynowa,3,78,690000,8846.0,Pośrednik,,42,https://adresowo.pl/o/mieszkanie-lublin-ul-bursztynowa-3-pokojowe-r6p6i3,https://s2.adresowa.pl/oi/69/73/387c3a_aa3a_cover@2x-3-pokojowe-mieszkanie-lublin-ul-bursztynowa.webp,Lublin ,Bursztynowa,3,1995.0,blok,,"Przestronne 3-pokojowe mieszkanie z garderobą i widokiem na Stary Gaj – Bursztynowa Na sprzedaż funkcjonalne mieszkanie położone na 3. piętrze w niskim bloku z lat 90., zlokalizowane przy ul. Bursztynowej – na granicy dzielnic Czuby i Węglin, z widokiem na zielony teren Starego Gaju. Najważniejsze informacje: - Powierzchnia: aż 78,41 m² - Liczba pokoi: 3 (2 sypialnie + salon) - Oddzielna kuchnia z częścią jadalnianą - Duża łazienka z wydzieloną toaletą - Garderoba: ok. 5 m² – idealna do przechowywania - Balkon: duży, z ekspozycją południowo-zachodnią – widok na zieleń - Piwnica na poziomie -1: 6m2 - Domofon, okablowanie internetowe w każdym pokoju - Klimatyzacja w salonie Stan techniczny: - Salon gotowy do zamieszkania – zadbana podłoga - Sypialnie – parkiet w dobrym stanie, do odświeżenia - Ściany – gładzie, - Kuchnia: zabudowa meblowa pod sufit, osobny blat do codziennego spożywania posiłków, kuchenka gazowa - Łazienka przestronna, oddzielna strefa WC Budynek: - Niski blok z cegły - Czysta klatka schodowa - Spokojne sąsiedztwo - Dużo zieleni wokół - Miejsca parkingowe ogólnodostępne Media i instalacje: - Ogrzewanie i ciepła woda z sieci miejskiej (LPEC) - Instalacja elektryczna – miedziana - Gaz – obecny w kuchni Lokalizacja: - Świetna komunikacja z centrum i obwodnicą - Blisko przystanki MPK, szkoła, przedszkole, sklepy - W sąsiedztwie las Stary Gaj – idealny na spacery i rekreację - Dużo zieleni i placów zabaw To doskonała propozycja dla rodziny szukającej mieszkania z potencjałem w zielonej części Lublina – z pełną infrastrukturą w zasięgu ręki. Zapraszam na prezentację! Twój Agent – Tomasz Jurowicz",tak,,,plastikowe,spółdzielcze własnościowe,"Wyposażenie: internet, klimatyzacja, kuchenka",51.222778,22.517511
Lublin Abramowice,ul. Abramowicka,3,55,470000,8545.0,bez pośredników,,13,https://adresowo.pl/o/mieszkanie-lublin-abramowice-ul-abramowicka-3-pokojowe-h8v9l8,https://s2.adresowa.pl/oi/55/68/4031d0_4d71_cover@2x-3-pokojowe-mieszkanie-lublin-abramowice-ul-abramowicka.webp,Lublin Abramowice,Abramowicka,1,1980.0,blok,,"MIESZKANIE NA SPRZEDAŻ Lublin ul. Abramowicka ▫️pow. mieszkania 55,3 m, 1 piętro ▫️wys. mieszkania 280 cm ▫️garaż 1 stanowiskowy + miejsce postojowe przy garażu ▫️ogródek przy bloku do własnej uprawy oraz zielone części wspólne ▫️kameralne osiedle, dużo zieleni, tylko 3 bloki ▫️udziały w gruncie ▫️strych na poddaszu do dyspozycji mieszkańców ▫️na wyposażeniu zostaje to co na zdjęciach CENA 470 tys. tel. [numer] lub [numer]",,,,,własność,,51.191626,22.585658
Lublin,Bronowice,3,48,370000,7708.0,bez pośredników,,9,https://adresowo.pl/o/mieszkanie-lublin-bronowice-3-pokojowe-48-m2-a3p9g9,https://s2.adresowa.pl/oi/24/21/40312c_2af4_cover@2x-3-pokojowe-mieszkanie-lublin-bronowice.webp,Lublin Bronowice,,2,1970.0,blok,,"BEZPOŚREDNIO: Jasne 3 pokoje z balkonem + AGD | Lublin, Bronowice Na sprzedaż ustawne i słoneczne 3-pokojowe mieszkanie (48 m²) zlokalizowane na 2. piętrze w 10-piętrowym wieżowcu z windą. Oferta bezpośrednio od właściciela - bez prowizji! Mieszkanie wolne od zaraz. Najważniejsze informacje: Układ: Salon z wyjściem na balkon + 2 ustawne pokoje (południe-zachód, okna PCV). Kuchnia i łazienka świeżo po remoncie. W pokojach drewniana mozaika. Mieszkanie do odświeżenia (malowanie). Wyposażenie w cenie: Lodówka, kuchenka gazowa oraz pralka. Bezpieczne ogrzewanie z sieci miejskiej (brak piecyka gazowego w łazience). Dodatkowo: piwnica. Lokalizacja (wszystko w zasięgu spaceru): Zakupy: Tuż obok Park Handlowy Lotnicza (Biedronka, Kaufland), blisko do CH Felicity i VIVO!. Okolica: Kilka minut do zrewitalizowanego Parku Bronowickiego oraz bulwarów nad Bystrzycą. W pobliżu szkoły, przedszkola, żłobki i przychodnia. Komunikacja: Świetny dojazd do centrum i na uczelnie (blisko ul. Fabrycznej i Drogi Męczenników Majdanka, liczne przystanki MPK). Kontakt: Proszę o kontakt po godzinie 17 :) Cena: 370 000 zł (do negocjacji) Pośrednikom dziękuję, sprzedaż wyłącznie bezpośrednia.",tak,,,,,"Wyposażenie: kuchenka, lodówka, pralka",51.233002,22.590799
Lublin Wieniawa,ul. Cypriana Godebskiego,3,48,560000,11667.0,bez pośredników,,20,https://adresowo.pl/o/mieszkanie-lublin-wieniawa-ul-cypriana-godebskiego-3-pokojowe-d0q4z2,https://s2.adresowa.pl/oi/29/4e/402e80_7c36_cover@2x-3-pokojowe-mieszkanie-lublin-wieniawa-ul-cypriana-godebskiego.webp,Lublin Wieniawa,Cypriana Godebskiego,3,1966.0,blok,,"PREMIUM INWESTYCJA! 3 pokoje po generalnym remoncie - wolne OD ZARAZ - ul. Godebskiego 10, Lublin Szukasz nieruchomości pod wynajem studencki, która od pierwszego dnia zacznie generować zysk? A może szukasz nowoczesnego, wykończonego ""pod klucz"" lokalu dla siebie w topowej lokalizacji Lublina? Ta oferta spełni oczekiwania nawet najbardziej wymagających! Na sprzedaż dwustronne, niezwykle rozkładowe mieszkanie zlokalizowane w samym sercu Miasteczka Akademickiego (Wieniawa) przy ul. Cypriana Godebskiego 10. Wyjątkowy punkt inwestycyjny - zaledwie kilka minut pieszo od głównych lubelskich uczelni (UMCS, KUL, Uniwersytet Przyrodniczy, blisko także do Politechniki). Mieszkanie jest wolne od zaraz, po remoncie nikt w nim nie mieszkał - klucze przekazujemy natychmiast po transakcji! Wykończenie Premium i najważniejsze atuty (Stan bardzo dobry): - Bezpieczeństwo i cisza: W lokalu zamontowano nowe drzwi wejściowe wraz z nowymi ościeżnicami, co zapewnia doskonałą izolację akustyczną oraz poczucie komfortu. - Nowe ogrzewanie (LPEC): W całym mieszkaniu zostały zamontowane nowe grzejniki, profesjonalnie wymienione przez LPEC, co gwarantuje wysoką wydajność cieplną i nowoczesny wygląd. - Nowa elektryka i bezpieczniki: Cała instalacja elektryczna została wymieniona na nową od podstaw. Zamontowano również nowoczesną skrzynkę z bezpiecznikami (rozdzielnicę) - pełne bezpieczeństwo na dekady. - Nowoczesne sufity podwieszane i gładzie: W całym mieszkaniu zostały wykonane sufity podwieszane z energooszczędnym, wpuszczanym oświetleniem punktowym (oczka LED). Na wszystkich ścianach w każdym pokoju położono idealnie gładkie gładzie. - Pełne wyposażenie w cenie (Meble + AGD): Mieszkanie sprzedawane jest z całym wyposażeniem widocznym na zdjęciach. Wszystkie meble oraz sprzęty AGD zostają dla nowego właściciela (elementy home staging nie są elementem zakupu). W kuchni zamontowano także nowe blaty kuchenne. Kupujesz, przekazujesz klucze lokatorom i zarabiasz od pierwszego dnia! - Designerska łazienka: Zaprojektowana z pomysłem i odnowiona z dobrej jakości materiałów (piony techniczne pozostały bez zmian, zachowując pełną drożność i funkcjonalność). - Nowe, trwałe podłogi: W pokojach położono nowe, estetyczne panele - Prywatny parking za bramą: Budynek posiada ogrodzone podwórko z bramą wjazdową, gdzie parkować mogą wyłącznie mieszkańcy. Szczegóły nieruchomości: - Lokalizacja: ul. Cypriana Godebskiego 10, Lublin (Wieniawa / Miasteczko Akademickie) - Cena: 560 000 PLN - Powierzchnia całkowita: 48 m² (powierzchnia użytkowa mieszkania 45,2 m² + przynależna piwnica) - Piętro: 3. w 4-piętrowym bloku (budynek najprawdopodobniej z 1966 roku) - Liczba pokoi: 3 niezależne pokoje (metraże: ok. 15 m², 9 m² oraz 8 m²) - Kuchnia: Oddzielna, widna (z oknem, wyposażona w nowe blaty, meble i AGD) - Łazienka: wyremontowana, wyposażona w kabinę prysznicową - Okna: Okna PCV o wystawie wschodniej i zachodniej (mieszkanie dwustronne, bardzo dobrze doświetlone) oraz mnóstwo zieleni za oknami- rzadkość w dzisiejszych czasach - Ogrzewanie: Miejskie (nowe kaloryfery LPEC) - Ciepła woda: Piecyk gazowy - Forma własności: Pełna własność z Księgą Wieczystą (brak obciążeń) - Czynsz administracyjny: ok. 690 PLN (zawiera zaliczki na ogrzewanie, utrzymanie części wspólnych, fundusz remontowy oraz wywóz śmieci Lokalizacja, która gwarantuje stały zysk: Nieruchomość znajduje się w rejonie o najwyższym popycie najmu w Lublinie. - Edukacja: Kilka minut spacerem do miasteczka akademickiego UMCS, KUL oraz UP. - Infrastruktura: W najbliższym sąsiedztwie sklepy, punkty usługowe, apteki, przychodnie oraz liczne lokale gastronomiczne jak u Jadzi. - Komunikacja: Doskonały dojazd asfaltowy, bliskość przystanków komunikacji miejskiej łączących rejon z każdym zakątkiem Lublina. Kontakt i prezentacja: Sprzedaż bezpośrednia od właściciela (biura- proszę nie dzwonić!). Zapraszam do kontaktu w celu umówienia się na oglądanie mieszkania.",tak,,osobna,plastikowe,własność,,51.247334,22.535555
Lublin Czechów,ul. Radzyńska,4,66,498000,7545.0,Pośrednik,,19,https://adresowo.pl/o/mieszkanie-lublin-czechow-ul-radzynska-4-pokojowe-q6g1e5,https://s2.adresowa.pl/oi/63/76/384d6c_ecc4_cover@2x-4-pokojowe-mieszkanie-lublin-czechow-ul-radzynska.webp,Lublin Czechów,Radzyńska,7,1982.0,blok,,"Oferta dostępna tylko w Imperium Nieruchomości !! Na sprzedaż : Mieszkanie 4 pokojowe zlokalizowane w pobliżu Uniwersytetu Medycznego i Uniwersyteckiego Szpitala Klinicznego Nr 4 w Lublinie oraz dobrze skomunikowane z Centrum miasta i Miasteczkiem Akademickim. Mieszkanie które idealnie sprawdzi się na wynajem krótko terminowy jak i długo terminowy! Do własnej aranżacji. Powierzchnia : 66.20 m² Lokalizacja : Ul. Radzyńska , Czechów Południowy, Osiedle im. Karola Lipińskiego, blisko Uniwersytetu Medycznego i Uniwersyteckiego Szpitala Klinicznego Nr 4 w Lublinie oraz dobrze skomunikowane z Centrum miasta i Miasteczkiem Akademickim, idealne dla rodziny oraz na wynajem (jako inwestycja). Opis nieruchomości: Oferujemy na sprzedaż przestronne, jasne i słoneczne mieszkanie do remontu. Nieruchomość znajduje się na siódmym piętrze wysokiego bloku z windą w spokojnej okolicy z pełną infrastrukturą. Blok ocieplony, zadbany, wystawa Północ-Południe. Idealna inwestycja, lokata kapitału na przyszłość. Czynsz wraz zaliczkami ok 950 zł, ogrzewanie miejskie, woda ciepła z miasta - mieszkanie BEZ PIECYKA gazowego. Spółdzielcze Własnościowe Prawo do Lokalu z Księgą Wieczystą. Do mieszkania przynależy piwnica oraz balkon, liczne miejsca parkingowe dookoła bloku, cisza i spokój, dużo zieleni -to jedne z najważniejszych atutów tej nieruchomości. Możliwość zamieszkania od zaraz! Rozkład pomieszczeń: ***Pokój 1: ok 16,4 m² ***Pokój 2: ok 9,6 m² ***Pokój 3: ok 9,5 m² ***Pokój 4: ok 12,2 m² ***Kuchnia : ok 6 m² ***Łazienka z WC : ok 3,7 m² ***Hall : ok 4,5 m² Dodatkowo: Piwnica oraz balkon. Lokalizacja: idealna dla Studenta jak i dla siebie: ^^^UM i USK4/USzD - 1,30 km ^^^Luxmed/ V Komisariat Policji - 2,10 km ^^^Galeria Olimp/ WSPiA - 3,00 km ^^^Brama Krakowska -3,00 km ^^^Ogród Saski -3,00 km ^^^KUL -3,10 km ^^^UMCS -3,20 km Infrastruktura: W pobliżu znajdują się liczne sklepy, Licea , szkoła podstawowa, przedszkola oraz plac zabaw , boisko a zimą lodowisko. Doskonała komunikacja z każdą częścią miasta dzięki licznych przystankom autobusowym. Przy budynku dostępnych jest dużo parkingów. Informacje dodatkowe: - Budynek z 1982 roku, ocieplony i zadbany, nowa winda. - Mieszkanie do własnej aranżacji. Cena: 512 000 zł Zapraszam na prezentację. Pomagam również w uzyskaniu kredytu hipotecznego.",tak,,,plastikowe,spółdzielcze własnościowe,,51.259867,22.549389
Lublin,ul. Władysława Kunickiego,3,49,598000,12204.0,Pośrednik,,14,https://adresowo.pl/o/mieszkanie-lublin-ul-wladyslawa-kunickiego-3-pokojowe-k9g0o1,https://s2.adresowa.pl/oi/54/10/37cfb2_78b6_cover@2x-3-pokojowe-mieszkanie-lublin-ul-wladyslawa-kunickiego.webp,Lublin ,Władysława Kunickiego,2,1910.0,kamienica,,"Dwupak inwestycyjny po generalnym remoncie w odrestaurowanej kamienica w centrum Lublina, w pobliżu Dworcu Metropolitalnym Na sprzedaż oferujemy dwa niezależne mieszkania, stanowiące jedną nieruchomość (wspólna księga wieczysta), zlokalizowane w odrestaurowanej kamienicy w bezpośrednim sąsiedztwie Dworca Metropolitalnego w Lublinie. Oba lokale posiadają osobne wejścia z różnych klatek schodowych, są aktualnie wynajmowane i generują stabilny miesięczny przychód w wysokości 4 500 zł, co czyni ofertę atrakcyjną z punktu widzenia inwestora szukającego nieruchomości przynoszącej natychmiastowy zwrot. Układ funkcjonalny nieruchomości: Mieszkanie nr 1, 26.98m2 : -salon z aneksem kuchennym: 12,89 m2 -pokój: 4,50 m2 -łazienka: 4,21 m2 -przedpokój: 5,38 m2 Mieszkanie nr 2, 23.18m2 : -salon z aneksem kuchennym: 18,96 m2 -łazienka: 4,22 m2 Do nieruchomości przynależy również piwnica. Standard wykończenia: Oba lokale przeszły kompleksowy remont generalny obejmujący: -wymianę instalacji elektrycznej i hydraulicznej, -nowe ściany działowe, okna i drzwi zewnętrzne, -nowe podłogi i wykończenia wnętrz, -nowoczesną zabudowę kuchenną wraz z pełnym wyposażeniem AGD (piekarnik, płyta indukcyjna, pralko-suszarka, lodówka, zmywarka, okap). Mieszkania są w pełni umeblowane, wykończone ""pod klucz"", gotowe do dalszego wynajmu bez konieczności inwestycji. Co istotne - w lokalach nie ma piecyków gazowych, co zwiększa bezpieczeństwo i komfort użytkowania. Dodatkowo: -strop oraz dach zostały docieplone i zaizolowane, -dach budynku przeszedł pełną modernizację, -klatki schodowe zostały odnowione - w tym wymieniono okna i wyremontowano schody. Planowane prace modernizacyjne: Do wiosny 2026 roku przewidziany jest remont elewacji budynku, który dodatkowo podniesie wartość estetyczną i rynkową nieruchomości. Zmodernizowany zostanie również dziedziniec, gdzie zaplanowano m.in. montaż nowej, automatycznej bramy wjazdowej. Cały teren budynku zostanie ogrodzony i zamknięty dla osób postronnych tworząc nowoczesne kompaktowe osiedle. Lokalizacja: Nieruchomość położona jest w dynamicznie rozwijającej się części miasta. W bezpośrednim sąsiedztwie powstaje nowy kompleks mieszkaniowy, co wpłynie na dalszy wzrost wartości nieruchomości i atrakcyjność okolicy. W najbliższym otoczeniu znajdują się: -sklepy, punkty usługowe, szkoły, przedszkola, -galerie handlowe, obiekty sportowe, teatr, aquapark, -park miejski oraz tereny rekreacyjne, -dogodny dostęp do komunikacji miejskiej i dworca, -ok. 7 minut dojazdu do Zamku Lubelskiego. Podsumowanie: -dwa niezależne, nowoczesne mieszkania, -wykończenie w wysokim standardzie - gotowe do wynajmu, -stabilny przychód z najmu: 4 500 zł miesięcznie, -doskonała lokalizacja pod względem inwestycyjnym, -planowana modernizacja budynku zwiększająca wartość nieruchomości, -atrakcyjna stopa zwrotu z inwestycji. Zapraszamy do kontaktu w celu uzyskania szczegółowych informacji oraz umówienia prezentacji. Niniejsze ogłoszenie ma charakter informacyjny i nie stanowi oferty w rozumieniu art. 66 i następnych Kodeksu cywilnego. Informacje zawarte w ogłoszeniu zostały sporządzone na podstawie danych uzyskanych od właściciela oraz oględzin nieruchomości i mogą podlegać aktualizacji. ::",,,aneks,,,"Wyposażenie: lodówka, piekarnik, suszarka, zmywarka",51.220001220703,22.57799911499
Lublin Dziesiąta,ul. Władysława Kunickiego,2,43,319000,7419.0,bez pośredników,,10,https://adresowo.pl/o/mieszkanie-lublin-dziesiata-ul-wladyslawa-kunickiego-2-pokojowe-r0u2c8,https://s2.adresowa.pl/oi/71/61/40281c_8a2c_cover@2x-2-pokojowe-mieszkanie-lublin-dziesiata-ul-wladyslawa-kunickiego.webp,Lublin Dziesiąta,Władysława Kunickiego,parter,,kamienica,,"Sprzedam mieszkanie położone na parterze bezczynszowej kamienicy. W podwórku znajduje się ogródek. Mieszkanie składa się z: - sypialni - pokoju z aneksem kuchennym - łazienki - przedpokoju. Do mieszkania przynależą dwa pomieszczenia w piwnicy. W pobliżu: - dworzec kolejowy i autobusowy (niecałe 10 min pieszo) - wiele sklepów - rzeczka. Szeroki chodnik umożliwia parkowanie, możliwe jest także parkowanie w zamkniętym podwórku. Bardzo spokojni sąsiedzi.",tak,,aneks,plastikowe,własność,,51.22033,22.577725
Lublin,ul. Skołuby,2,47,448000,9532.0,bez pośredników,,8,https://adresowo.pl/o/mieszkanie-lublin-ul-skoluby-2-pokojowe-l0d2g9,https://s2.adresowa.pl/oi/6d/53/4027c2_d1df_cover@2x-2-pokojowe-mieszkanie-lublin-ul-skoluby.webp,Lublin ,Skołuby,7,,blok,,"Przedstawiam na sprzedaż mieszkanie 2 pokojowe w Lublinie przy ulicy Skołuby o pow. 47,2 m2. Układ mieszkania w kwadracie. Do każdego pomieszczenia osobne wejście z ustalonego korytarza. Kuchnia z dużym oknem. Osobna łazienka z wanną i osobne WC. Z salonu wyjście na balkon. Do mieszkania przynależy piwnica około 3 m2. Budynek ocieplony, balkon odnowiony. W bloku są 2 windy. Mieszkanie wolne od 1 października. Nie ma kłopotów z parkowaniem. Bardzo zielona i spokojna okolica. W pobliżu domu przychodnia, gab. stomatologiczny, dom kultury, kościół, poczta, przedszkole, szkoła, sklepu, blisko targ. Do KUL-u 2 przystanki autobusem. Mieszkanie usytuowane jest na osiedlu Moniuszki Czechów południe na 7 piętrze, co zapewnia spokój i ciszę oraz piękny widok na zieloną okolicę. Zapraszam do kontaktu telefonicznego.",tak,,,,,,51.260611,22.545727
Lublin Kalinowszczyzna,ul. Niepodległości,3,65,655000,10077.0,bez pośredników,,1,https://adresowo.pl/o/mieszkanie-lublin-kalinowszczyzna-ul-niepodleglosci-3-pokojowe-r7y6h5,https://s2.adresowa.pl/oi/20/79/40279c_763b_cover@2x-3-pokojowe-mieszkanie-lublin-kalinowszczyzna-ul-niepodleglosci.webp,Lublin Kalinowszczyzna,Niepodległości,parter,1985.0,blok,,"Mieszkanie 3 pokoje kuchnia, osobno łazienka i WC , 65,4 m2 plus piwnica 5,7m2, parter, blok 4 piętrowy, blisko szkoła, przedszkole, przychodnia, Stokrotka, komunikacja miejska, do centrum 19 min MPK, kościół, trzy parkingi, mieszkanie do remontu ( w trakcie ) lub do zamieszkania na gotowo kwestia do uzgodnienia. Cicha zielona spokojna okolica.",tak,,osobna,plastikowe,własność,,51.260191,22.593019
Lublin Śródmieście,ul. Stanisława Staszica,2,53,495000,9340.0,Pośrednik,,9,https://adresowo.pl/o/mieszkanie-lublin-srodmiescie-ul-stanislawa-staszica-2-pokojowe-v6n7y1,https://s2.adresowa.pl/oi/7c/4e/37ce6c_e1d2_cover@2x-2-pokojowe-mieszkanie-lublin-srodmiescie-ul-stanislawa-staszica.webp,Lublin Śródmieście,Stanisława Staszica,3,1925.0,kamienica,,"Do sprzedaży atrakcyjne, w pełni wyposażone 2 pokojowe mieszkanie poł. w zadbanej kamienicy w ścisłym Centrum Lublina. Okolica cicha i spokojna, cały teren ogrodzony. Mieszkanie ciepłe, słoneczne, bardzo zadbane, wykończone w wysokim standardzie. Mieszkanie składa się z: przedpokoju, pokoju dziennego z klimatyzacją, sypialni, w pełni wyposażonej kuchni oraz łazienki z WC. Pełne umeblowanie i wyposażenie (meble, sprzęt AGD, pralka itp.). Do mieszkania przynależy jedno własne miejsce parkingowe (na ogrodzonym podwórzu przy budynku) Termin wydania: OD ZARAZ ::DODATKOWE INFORMACJE Rodzaj budynku: kamienica Głośność: ciche Widok: na podwórko Gaz: tak - miejski Woda: piec gazowy dwufunkcyjny Dojazd: asfalt Otoczenie: centrum miasta Ogrzewanie: piec Linie telefoniczne: TAK Komunikacja publ.: autobus miejski Winda: NIE Rozkład: przejściowe Usytuowanie: jednostronne Drzwi antywłamaniowe: TAK Klimatyzacja: TAK Teren ogrodzony: TAK Opłaty w czynszu: wywóz śmieci, fundusz remontowy, Części wspólne, administracja Opłaty wg liczników: woda, prąd, gaz Rodzaj mieszkania: jednopoziomowe Garaż: miejsce parkingowe Piwnica [m2]: 5,8100 Piwnica: TAK Stan lokalu: bardzo dobry Okna: PCV Instalacje: wymienione Balkon: brak Powierzchnia użytkowa [m2]: 53,9800 Rok budowy: 1925 Liczba pokoi: 2 Wysokość pomieszczeń [m]: 2,7000 Powierzchnia pokoi [m2]: 21,85; 14,38 Podłogi pokoi: panele podłogowe Ściany pokoi: tapety, malowane, gładzie gipsowe Wystawa okien - pokoje : Pd-Zach Typ kuchni: jasna z oknem Rodzaj kuchni: umeblowana i wyposażona Powierzchnia kuchni [m2]: 8,55 Podłoga kuchni: gres Wystawa okien - kuchnia: Pd-Zach Typ łazienki: razem z wc Powierzchnia łazienki [m2]: 5,61 Glazura łazienki: nowego typu Podłoga łazienki: gres Wyposażenie łazienki: WC, wanna, umywalka, pralka, natrysk, lustro Ściany łazienki: glazura Powierzchnia przedpokoi [m2]: 3,59 Podłoga przedpokoi: gres Ściany przedpokoi: malowane, gładzie gipsowe ::LINK DO STRONY [www]/oferta.aspx?id=[numer] ::KONTAKT DO AGENTA Marcin Kuczyński [numer] [numer] [email] ::DANE BIURA BIURO NIERUCHOMOŚCI ANMA - MK Marcin Kuczyński BIURO NIERUCHOMOŚCI ANMA - MK MARCIN KUCZYŃSKI Hugona Kołłątaja 4 20-006 Lublin +48 [numer], [numer], +48 [numer] [www] Pośrednik odpowiedzialny zawodowo za wykonanie umowy pośrednictwa: Marcin Kuczyński (licencja nr: 4256)",tak,tak,,plastikowe,własność,"Wyposażenie: klimatyzacja, pralka",51.25035,22.562167
Lublin Rury Bonifraterskie,ul. Kredowa,6,142,899955,6338.0,Pośrednik,,18,https://adresowo.pl/o/mieszkanie-lublin-rury-bonifraterskie-ul-kredowa-6-pokojowe-p9t4z1,https://s2.adresowa.pl/oi/26/62/37c5ac_2da4_cover@2x-6-pokojowe-mieszkanie-lublin-rury-bonifraterskie-ul-kredowa.webp,Lublin Rury Bonifraterskie,Kredowa,parter,2000.0,blok,,"Sześciopokojowy lokal na sprzedaż o łącznej powierzchni 142,85m2 położony w Lublinie przy ul. Kredowej, usytuowany w budynku wybudowanym w 2000r. Z uwagi na dwa osobne wejścia lokal wykorzystywany jest jako dwa niezależnych od siebie mieszkania. Rozkład pomieszczeń: W każdym z mieszkań znajdziemy trzy nieprzechodnie przestronne pokoje, łazienkę z wc, kuchnię, przedpokój oraz pomieszczenie gospodarcze. Dodatkowo: podziemne miejsce postojowe o powierzchni 15,60 m2 - dodatkowo płatnetys. balkon który oferuje widok na otaczające tereny zielone Główne atuty nieruchomości: bliskość placówek edukacyjnych np: Politechnika Lubelska, Uniwersytet Przyrodniczy, UMCS, KUL miejsce dobrze skomunikowane z pozostałymi rejonami miasta, rozwinięta infrastruktura lokalizacja i funkcjonalny rozkład pomieszczeń oraz dwa odrębne wejścia umożliwiają korzystny wynajem całości lub części lokalu położenie oraz aranżacja lokalu pozostawia przestrzeń do prowadzenia różnego rodzaju działalności gospodarczejCzynsz administracyjny wynosi aktualnie: ok. 2300 zł (4 osoby zgłoszone). Idealna inwestycja - dla każdego kto lubi duże przestrzenie, chce zainwestować w lokal z perspektywą długoterminowego wynajmu lub rozwijać prowadzoną/planowaną działalność. Uwaga: Rzut mieszkania wyślę na życzenie osoby zainteresowanej.Stan Nieruchomości dokładnie taki jak na zdjęciach.",tak,,osobna,plastikowe,własność,,51.23278,22.54163
Lublin Tatary,ul. Przyjaźni,2,44,444950,10112.0,bez pośredników,,12,https://adresowo.pl/o/mieszkanie-lublin-tatary-ul-przyjazni-2-pokojowe-a5g1z3,https://s2.adresowa.pl/oi/48/57/4026d4_921f_cover@2x-2-pokojowe-mieszkanie-lublin-tatary-ul-przyjazni.webp,Lublin Tatary,Przyjaźni,3,1970.0,blok,,"Wyremontowane mieszkanie na ul. Przyjaźni 5 na sprzedaż: 2 pokoje z oddzielną kuchnią z oknem, łazienka z kabiną prysznicową, balkon (loggia) z widokiem na Katedrę Lubelską, przynależna piwnica o powierzchni ~3.5m2. W kuchni na ścianach i podłodze gres, AGD: lodówka Samsung, zmywarka Bosch, piekarnik elektryczny i płyta gazowa Beko, meble na wymiar. W łazience na podłodze gres, na ścianach glazura, kabina prysznicowa, pralka Electrolux. W przedpokoju na podłodze gres, w pokojach panele wysokiej klasy. Spokojna i czysta klatka schodowa, bezproblemowe sąsiedztwo. Świetnie skomunikowana lokalizacja: trolejbusy 155 i 159, autobusy: 25, 34, 47, komunikacja miejska nocna. Do Centrum ok. 10 minut samochodem i podobnie komunikacją MPK. Przystanek autobusowy na ul. Przyjaźni ok. 5 minut spacerem. Na osiedlu jest dużo bezpłatnych miejsc parkingowych. Osiedle jest położone nad rzeką Bystrzycą, którędy przebiegają ścieżki rowerowe i spacerowe m.in. nad Zalew Zemborzycki. Bliskość terenów zielonych. Na osiedlu jest przedszkole, szkoła podstawowa, liceum ogólnokształcące, wszystkie potrzebne punkty usługowe: apteka, fryzjer, stomatolog, placówka banku, przychodnia lekarska, sklepy spożywcze (m.in. Biedronka), etc. Mieszkanie ma założoną księgę wieczystą i jest niczym nieobciążone. Mogę przesłać więcej zdjęć, chętnie odpowiem na pytania we wiadomościach lub telefonicznie, preferuję rozmowę telefoniczną. Cena do negocjacji, jestem osobą prywatną, zapraszam do kontaktu i pozdrawiam, Elżbieta.",tak,,osobna,plastikowe,własność,"Wyposażenie: lodówka, piekarnik, pralka, zmywarka",51.242641,22.587501
Lublin Sławin,ul. Wędrowna,3,59,689000,11678.0,bez pośredników,,20,https://adresowo.pl/o/mieszkanie-lublin-slawin-ul-wedrowna-3-pokojowe-n8e6j1,https://s2.adresowa.pl/oi/52/42/402652_6aae_cover@2x-3-pokojowe-mieszkanie-lublin-slawin-ul-wedrowna.webp,Lublin Sławin,Wędrowna,parter,2019.0,blok,,"Nowoczesne, funkcjonalne mieszkanie w cichej dzielnicy Botanik, osiedle Nowy Ruczaj z szybkim dojazdem do centrum. Idealne dla rodziny, pary lub jako inwestycja. W pobliżu biblioteka, sklepy, restauracje, szkoła podstawowa, przedszkole, tereny rekreacyjne. Najważniejsze informacje: - Powierzchnia: 59,33 m² - Układ: 3 pokoje (salon z aneksem, 2 sypialnie), łazienka (prysznic i wanna) + osobna toaleta, przedpokój. - Piętro: wysoki parter w nowym budynku z cichobieżnymi windami i wideo domofonem. - Balkon: duży, dostępny z salonu i jednej sypialni. Posiada bardzo przyjemną i funkcjonalną zabudowę w 1/3 powierzchni. - Oświetlenie: wystawa okien południowo-zachodnia - mieszkanie bardzo jasne przez większość dnia. - Miejsca postojowe: dwa naziemne miejsca bezpośrednio przy budynku (dodatkowo płatne). - Komórka lokatorska: 4,66 m² (dodatkowo płatna). - Ogrzewanie i ciepła woda: sieć miejska. - Czynsz: ok. 600 zł Rozkład pomieszczeń: - Salon z aneksem kuchennym - 23,05 m² - Sypialnia - 12,46 m² - Pokój - 8,54 m² - Łazienka - 4,46 m² (wanna + prysznic) - Oddzielna toaleta - 1,79 m² - Przedpokój - 8,73 m² Standard i wyposażenie: Kuchnia w zabudowie, wyposażona w sprzęt AGD: zmywarkę, piekarnik, płytę indukcyjną. Wszystkie pomieszczenia odświeżone w jasnej, neutralnej kolorystyce. Drugi pokój można łatwo zaadaptować na pokój dziecięcy, gabinet lub drugą sypialnię. Wyjście na balkon z dwóch pomieszczeń, tzn. z salonu oraz sypialni. Komfortowa łazienka z wanną i prysznicem oraz osobna toaleta zwiększają wygodę codziennego użytkowania. Lokalizacja: Spokojna okolica w dzielnicy Botanik, z dobrą infrastrukturą i szybkim dojazdem do centrum Lublina. Cena: - Mieszkanie: 689 000 zł (bez konieczności zakupu - do negocjacji) - Miejsce postojowe naziemne: 45 000 zł za jedno (dwa dostępne bez konieczności zakupu - do negocjacji) - Komórka lokatorska 4,66 m²: 20 000 zł (bez konieczności zakupu - do negocjacji) Zapraszam do obejrzenia mieszkania. Sprzedaję jako osoba prywatna. Zapraszam do kontaktu.",tak,tak,aneks,,własność,"Wyposażenie: piekarnik, zmywarkę",51.270102,22.525285
Lublin LSM,ul. Emancypantek,3,48,440000,9167.0,bez pośredników,,8,https://adresowo.pl/o/mieszkanie-lublin-lsm-ul-emancypantek-3-pokojowe-k2k1t9,https://s2.adresowa.pl/oi/12/55/402362_7669_cover@2x-3-pokojowe-mieszkanie-lublin-lsm-ul-emancypantek.webp,Lublin LSM,Emancypantek,3,1974.0,blok,,"Na sprzedaż 3-pokojowe mieszkanie położone przy ul. Emancypantek w Lublinie, w zielonej i bardzo dobrze skomunikowanej dzielnicy LSM. Mieszkanie jest propozycją zarówno dla osób szukających wygodnego miejsca do życia, jak i dla inwestora poszukującego nieruchomości pod wynajem. Najważniejsze atuty nieruchomości: 3 pokoje, 3 piętro (bez windy), brak piecyka gazowego, ogrzewanie miejskie, balkon, piwnica, spokojna i zielona okolica, dogodna komunikacja z pozostałymi częściami Lublina, w pobliżu sklepy, punkty usługowe, szkoły, uczelnie i inne udogodnienia, brak problemu z miejscami parkingowymi Mieszkanie posiada uregulowany stan prawny, oraz księgę wieczystą. Dostępne od września 2026r. Zapraszam do kontaktu w celu uzyskania szczegółowych informacji.",tak,,,,,,51.236282,22.53227
Lublin Ponikwoda,ul. Czesława Strzeszewskiego,3,74,733000,9905.0,Pośrednik,,20,https://adresowo.pl/o/mieszkanie-lublin-ponikwoda-ul-czeslawa-strzeszewskiego-3-pokojowe-j7x5x3,https://s2.adresowa.pl/oi/4f/3f/36128c_2e4b_cover@2x-3-pokojowe-mieszkanie-lublin-ponikwoda-ul-czeslawa-strzeszewskiego.webp,Lublin Ponikwoda,Czesława Strzeszewskiego,2,2012.0,blok,,"Prezentuję Państwu przytulne , rodzinne mieszkanie 3-pokojowe o powierzchni 75m² Drugie piętro w 3-piętrowym bloku z dużą cichobieżną windą, Lublin, Ponikwoda, ul. Czesława Strzeszewskiego, Duży balkon/taras ok 12m od strony zachodniej, piwnica ok 12m, duża kuchnia z oknem - oddzielna, Mieszkanie w idealnym stanie, do zamieszkania, Odrębna własność z księgą wieczystą, Zarządcą budynku jest ""ADE-EM CENTRUM"", czynsz ok 750zł przy 1 osobach, plus rachunki wg zużycia(prąd), ogrzewanie miejskie, woda również (zaliczki w czynszu), Świetne mieszkanie dla rodziny, dwie duże sypialnie oraz salon ok 25m, Mieszkanie bardzo przytulne z klimatem, nie wymaga dużego nakładu finansowego (malowanie ścian), Strony świata-zachód i wschód, słoneczne. Nieruchomość składa się z następujących pomieszczeń: *Kuchnia -10,61m *Salon -24,54m *Sypialnia nr 1 -11,79m *Sypialnia nr 2 -12,08m *Łazienka z wc -3,86m *WC - 1,95m *Hall -9,50m *Balkon/ taras -11,78m *Piwnica - 12,65m Mieszkanie i blok informacje: -niski nowoczesny blok na terenie zamkniętym (2012 rok budowy), -2 mieszkania na klatce, - ogrzewanie i woda miejska, - zabudowana szafa w przedpokoju, oraz w salonie, - w pełni wyposażona kuchnia (lodówka, kuchenka, płyta indukcyjna 3-fazowa, zmywarka) -przyjazne rodzinne osiedle -możliwość dokupienia miejsca postojowego w garażu podziemnym za dodatkową opłatą, poza tym parking ogólnodostępny dla mieszkańców za szlabanem, zakup miejsca postojowego nie jest obowiązkowy. Cena podlega negocjacji. Zapraszam na prezentację. Pomagam również w uzyskaniu kredytu hipotecznego.",tak,tak,osobna,,własność,"Wyposażenie: kuchenka, lodówka, zmywarka",51.274318,22.577246
Lublin LSM,ul. Balladyny,2,36,350000,9722.0,Pośrednik,,17,https://adresowo.pl/o/mieszkanie-lublin-lsm-ul-balladyny-2-pokojowe-w3h7t0,https://s2.adresowa.pl/oi/63/63/35d564_d9af_cover@2x-2-pokojowe-mieszkanie-lublin-lsm-ul-balladyny.webp,Lublin LSM,Balladyny,4,1965.0,blok,,"Do sprzedania zadbane, rozkładowe, bardzo słoneczne mieszkanie 2-pokojowe, na os. Słowackiego (LSM), w pobliżu Miasteczka Uniwersyteckiego (kilka minut piechotą od UP, KUL, UMCS i PL), spokojna lokalizacja w środku osiedla. Mieszkanie sprzedawane z pełnym umeblowaniem i wyposażeniem, idealne do zamieszkania max. dla 2 lub 3 osób. Rozkład mieszkania: duży pokój z balkonem, mały pokoik, kuchnia (widna), łazienka z WC i przedpokój. Oferta idealna dla pary, studentów , także jako inwestycja - z przeznaczeniem na wynajem Termin wydania: do uzgodnienia (aktualnie mieszkanie jest wynajmowane, możliwość kupna wraz z przejęciem najemców lub do wydania w stanie wolnym - w ciągu 2 miesięcy od podpisania umowy przedwstępnej) ::DODATKOWE INFORMACJE Rodzaj budynku: blok Plac zabaw: TAK Gaz: jest Woda: ciepła - piecyk gazowy Dojazd: asfalt Ogrzewanie: miejskie Linie telefoniczne: TAK Internet: TAK Telewizja kablowa: TAK Winda: NIE Rozkład: rozkładowe Usytuowanie: jednostronne Opłaty w czynszu: zaliczka na fundusz remontowy, wywóz śmieci, woda, fundusz remontowy, Części wspólne, CO, administracja Opłaty wg liczników: prąd, gaz Rodzaj mieszkania: jednopoziomowe Piwnica: TAK Stan lokalu: dobry Okna: nowe PCV Instalacje: częściowo wymienione Balkon: jest Powierzchnia użytkowa [m2]: 36,1000 Rok budowy: 1965 Liczba pokoi: 2 Powierzchnia pokoi [m2]: 16, 6 Podłogi pokoi: panele Ściany pokoi: gładzie gipsowe Wystawa okien - pokoje : Pd Typ kuchni: widna Rodzaj kuchni: z zabudową kuchenną Powierzchnia kuchni [m2]: 7 Podłoga kuchni: terakota Wystawa okien - kuchnia: Pd Typ łazienki: razem z wc Glazura łazienki: nowego typu Podłoga łazienki: terakota Wyposażenie łazienki: wanna, pralka Ściany łazienki: glazura Podłoga przedpokoi: terakota ::LINK DO STRONY [www]/oferta.aspx?id=[numer] ::KONTAKT DO AGENTA Marcin Kuczyński [numer] [numer] [email] ::DANE BIURA BIURO NIERUCHOMOŚCI ANMA - MK Marcin Kuczyński BIURO NIERUCHOMOŚCI ANMA - MK MARCIN KUCZYŃSKI Hugona Kołłątaja 4 20-006 Lublin +48 [numer], [numer], +48 [numer] [www] Pośrednik odpowiedzialny zawodowo za wykonanie umowy pośrednictwa: Marcin Kuczyński (licencja nr: 4256)",,,osobna,plastikowe,spółdzielcze własnościowe,"Wyposażenie: internet, pralka",51.245593,22.523154
Lublin Wrotków,ul. Henryka Wolińskiego,4,85,799000,9400.0,bez pośredników,,13,https://adresowo.pl/o/mieszkanie-lublin-wrotkow-ul-henryka-wolinskiego-4-pokojowe-i8t8t7,https://s2.adresowa.pl/oi/45/3e/402082_a533_cover@2x-4-pokojowe-mieszkanie-lublin-wrotkow-ul-henryka-wolinskiego.webp,Lublin Wrotków,Henryka Wolińskiego,5,2026.0,blok,,"Sprzedam przestronne 4-pokojowe mieszkanie w nowoczesnym budynku, doskonale zlokalizowanym w południowej części Lublina, w dzielnicy Wrotków przy ul. Wolińskiego 1. Jest to dynamicznie rozwijająca się strefa miejska, idealna dla rodzin z dziećmi oraz osób prowadzących aktywny styl życia i ceniących bliskość natury (Zalew Zemborzycki, Las Dąbrowa). Mieszkanie składa się z: pokoju dziennego z aneksem kuchennym, trzech sypialni, dwóch łazienek, garderoby i dwóch balkonów. Lokal znajduje się na piątym (ostatnim) piętrze z ekspozycją okien od strony południowej i zachodniej, co zapewnia bardzo dobre doświetlenie wszystkich pomieszczeń mieszkalnych. Do mieszkania przynależy garaż, miejsce stanowiskowe na parkingu przed blokiem oraz komórka lokatorska. Szczegóły ogłoszenia: - Charakterystyka mieszkania: 85 m2 (salon z aneksem, 3 sypialnie, 2 łazienki, garderoba) - Cena: 799 000 zł (9 400 zł/m2) - Budynek oddany do użytku: czerwiec 2026 r. - Lokalizacja: Diamentowe Tarasy - Rynek: wtórny, stan deweloperski do własnej aranżacji, z funkcjonalnym rozkładem, z instalacją TV/Internet w salonie i sypialniach, klimatyzacją w centralnej części mieszkania (jednostka chłodząca na dachu budynku, a nie na balkonie). - Cichobieżna winda, przystosowana do potrzeb osób niepełnosprawnych. - Rozkład: piętro 5/5, jednopoziomowe. - Dwa balkony z przeszklonymi balustradami o powierzchni 2 x 6,90 m2. - Miejsca postojowe: 1 - w garażu wielostanowiskowym w bryle budynku (dodatkowo płatne 55 000 zł), 2 - na parkingu przed blokiem w otwartej przestrzeni (dodatkowo płatne 30 000 zł). - Komórka lokatorska: 2,5 m2 (dodatkowo płatna 15 000 zł). - Ogrzewanie z sieci miejskiej. - Drzwi antywłamaniowe oraz wideomofon. - Teren osiedla objęty monitoringiem. W okolicy znajdują się: - restauracje (KFC, BiM Garmażerka) - przedszkola i szkoły (Rodzinna Szkoła Podstawowa LEON, Niepubliczne Przedszkole Montessori) - przychodnie i apteki (NZOZ Przychodnia, Apteka Zdrowotna) - centra handlowe (Galeria Diamentowa) - przystanki komunikacji miejskiej (Domeyki 01, Domeyki 02). Osoby zainteresowane proszę o kontakt telefoniczny, aby dowiedzieć się o szczegółach i umówić na prezentację. Pośrednikom dziękuję.",tak,tak,aneks,plastikowe,własność,"Wyposażenie: internet, tv",51.205109,22.552244
Lublin,Wrotków,2,48,650000,13542.0,bez pośredników,,6,https://adresowo.pl/o/mieszkanie-lublin-wrotkow-2-pokojowe-48-m2-h9a4e6,https://s2.adresowa.pl/oi/42/4b/401ecc_8b18_cover@2x-2-pokojowe-mieszkanie-lublin-wrotkow.webp,Lublin Wrotków,,2,2020.0,blok,,"Sprzedam przestronne mieszkanie o powierzchni 48,7 m². Znajduje się na 2. piętrze w 5-piętrowym bloku z 2020 roku. Mieszkanie jest w stanie do zamieszkania i oferuje pełne wyposażenie, w tym meble, pralkę, zmywarkę oraz lodówkę. Do dyspozycji masz także balkon o pow. 4m², piwnicę i windę. Lokalizacja w dzielnicy Wrotków zapewnia wygodny dostęp do infrastruktury. W okolicy znajdują się: - przedszkola i szkoły, w tym Niepubliczne Alternatywne Liceum - restauracje, np. KFC oraz BiM Garmażerka - sklepy spożywcze oraz Galeria Diamentowa - przychodnie i apteki, np. NZOZ Przychodnia - przystanki autobusowe, co ułatwia komunikację. Czynsz wynosi 650 PLN. To idealna propozycja dla osób szukających spokojnego miejsca do życia w Lublinie. Nie zwlekaj, skontaktuj się, aby umówić się na prezentację!",tak,,aneks,plastikowe,własność,"Wyposażenie: lodówkę, pralkę, zmywarkę",51.203999,22.546
Lublin,LSM,2,38,430000,11316.0,bez pośredników,,8,https://adresowo.pl/o/mieszkanie-lublin-lsm-2-pokojowe-38-m2-b4b3v3,https://s2.adresowa.pl/oi/22/4e/401d6c_5aff_cover@2x-2-pokojowe-mieszkanie-lublin-lsm.webp,Lublin LSM,,4,1974.0,blok,,"Sprzedam mieszkanie 38 m² - LSM, Lublin Na sprzedaż mieszkanie o powierzchni 38 m², położone na 4. piętrze na osiedlu LSM w Lublinie. Mieszkanie składa się z: - dwóch oddzielnych pokoi, - oddzielnej kuchni, - łazienki, - korytarza, - balkonu. Do mieszkania przynależy również piwnica. Najważniejsze informacje: - powierzchnia: 38 m² - 2 niezależne pokoje - 4. piętro - ogrzewanie z sieci miejskiej - czynsz administracyjny: 640 zł - balkon - piwnica Doskonała lokalizacja Mieszkanie znajduje się na lubianym osiedlu LSM, w bardzo dobrej lokalizacji, z dogodnym dostępem do najważniejszych punktów miasta. W pobliżu znajdują się UMCS, KUL oraz Politechnika Lubelska, dzięki czemu mieszkanie może być atrakcyjne zarówno dla osób szukających własnego lokum, jak i pod inwestycję na wynajem. Dużym atutem jest również otoczenie - dużo zieleni, dorodne drzewa oraz piękne, pachnące krzewy, które tworzą przyjemną i spokojną atmosferę. Zapraszam do kontaktu i obejrzenia mieszkania. Sprzedam bezpośrednio, jako właściciel - bez pośredników i dodatkowych prowizji. Proszę dzwonić pod numer telefonu.",tak,,osobna,,,,51.24001,22.525
Lublin Węglinek,ul. Kryształowa 10,2,47,610000,12979.0,bez pośredników,,12,https://adresowo.pl/o/mieszkanie-lublin-weglinek-ul-krysztalowa-2-pokojowe-j5p2m6,https://s2.adresowa.pl/oi/11/61/401a68_8257_cover@2x-2-pokojowe-mieszkanie-lublin-weglinek-ul-krysztalowa.webp,Lublin Węglinek,Kryształowa 10,1,2018.0,apartamentowiec,,"Oferuję na sprzedaż przestronne mieszkanie o powierzchni 47,6 m², znajdujące się na pierwszym piętrze czteropiętrowego bloku o podwyższonym standardzie. Wokół ogrodzonego terenu jest piękny, zadbany ogród z bogato wyposażonym placem zabaw, dostępny tylko dla mieszkańców Dodatkowo do mieszkania przynależy balkon oraz piwnica W budynku znajduje się winda oraz system zabezpieczeń (monitoring). Lokalizacja w Węglinie Południowym w Lublinie zapewnia dogodny dostęp do infrastruktury. W pobliżu znajdują się: - przystanki autobusowe - sklepy spożywcze - kawiarnie i restauracje - szkoły i przedszkola - las (Stary Gaj). Tel. Kontakt [numer] Wszystko, co potrzebne do wygodnego życia, masz na wyciągnięcie ręki. Zainteresowany? Skontaktuj się ze mną, aby umówić się na prezentację!",tak,,aneks,drewniane,własność,,51.224552,22.496455
Lublin,Dziesiąta,4,90,820000,9111.0,bez pośredników,,12,https://adresowo.pl/o/mieszkanie-lublin-dziesiata-4-pokojowe-90-m2-g0r8s8,https://s2.adresowa.pl/oi/4c/2d/400eca_69db_cover@2x-4-pokojowe-mieszkanie-lublin-dziesiata.webp,Lublin Dziesiąta,,parter,,blok,,"Na sprzedaż mieszkanie w bliźniaku, parter, 4 pokoje, z balkonem, garażem i przynależnym ogródkiem. Spokojna, miła okolica. Bez pośredników. Powierzchnia użytkowa: 90,86 m². Powierzchnia całkowita: 126 m² (w tym pomieszczenie gospodarcze 10 m², pralnia, garaż 25 m²). Ogród: 91 m². Plus mieszkania: 2,7 m wysokości. Funkcjonalny układ - ekspozycja południe-północ. Mieszkanie znajduje się na parterze 2-piętrowego bliźniaka. Posiada przestronny układ pomieszczeń z oddzielną, dużą kuchnią w centrum domu i 2 pokojami mniejszymi oraz salonem i sypialnią z wydzielonym gabinetem (który może pełnić funkcję garderoby). Mieszkanie ma układ północ (ogród) / południe (balkon). Mieszkanie jest jasne, słoneczne z dobrą termoizolacją. Wrażenie przestrzeni zapewnia wysokość 270 cm oraz funkcjonalny, intuicyjny układ pomieszczeń, a także jasna kolorystyka wnętrza. Mieszkanie posiada wspólną klatkę schodową. Budynek powstał w latach 60-tych. Został rozbudowany i wyremontowany w latach 2008/2010. Zyskał nowy, komfortowy układ pomieszczeń, zadbano o wygodną komunikację. Kondygnacje powiększono o 2 pokoje, zmieniono rozkład i układ łazienek, dobudowano nową klatkę schodową. Wymieniono dach, a dom zyskał nową termoizolację i elewację oraz kute ogrodzenie. Lokal mieszkalny zaopatrzono w nową instalację elektryczną, hydrauliczną i gazową. Wszelkie konieczne naprawy i remonty prowadzone są systematycznie i z dbałością według potrzeb. Mieszkanie ogrzewane jest piecem dwufunkcyjnym. Do odnowienia pozostaje garaż i pomieszczenie gospodarcze; rewitalizacji wymaga również ogródek. Koszty utrzymania 4-osobowej rodziny są przeciętne. W pobliżu przedszkola, szkoły, stacja benzynowa, przystanki, 1,5 km do dworca Lublin Główny. Ogłoszenie bezpośrednio od właściciela.",,tak,osobna,,własność,,51.220001,22.572001
Lublin Felin,ul. Generała Stanisława Skalskiego,3,62,750000,12097.0,bez pośredników,,20,https://adresowo.pl/o/mieszkanie-lublin-felin-ul-generala-stanislawa-skalskiego-3-pokojowe-e3k8t0,https://s2.adresowa.pl/oi/34/44/400a74_30e8_cover@2x-3-pokojowe-mieszkanie-lublin-felin-ul-generala-stanislawa-skalskiego.webp,Lublin Felin,Generała Stanisława Skalskiego,parter,2019.0,blok,,"Na sprzedaż - nowoczesne, komfortowe 3-pokojowe mieszkanie 62 m² | Lublin, Felin ul. gen. Skalskiego. Na sprzedaż wyjątkowo zadbane, gotowe do zamieszkania mieszkanie z klimatyzacją o powierzchni 62 m², zlokalizowane na parterze nowoczesnego budynku z windą na cenionym osiedlu Felin w Lublinie. Mieszkanie zostało wykończone w wysokim standardzie i nie wymaga żadnych dodatkowych nakładów finansowych - wystarczy się wprowadzić. Układ pomieszczeń: - przestronny salon z aneksem kuchennym, - dwie ustawne sypialnie, - łazienka, - oddzielna toaleta, obecnie zaaranżowana jako funkcjonalna garderoba, - duży balkon, idealny do wypoczynku. - Do mieszkania przynależy również duża piwnica, zapewniająca dodatkową przestrzeń do przechowywania. Dodatkowo istnieje możliwość zakupu naziemnego miejsca parkingowego w cenie 50 000 zł. Najważniejsze atuty nieruchomości: - klimatyzacja, - wysoki standard wykończenia, - mieszkanie zadbane, gotowe do zamieszkania, - funkcjonalny i komfortowy układ pomieszczeń, - duży balkon, - parter z windą, - duża piwnica, - spokojna, dobrze skomunikowana lokalizacja, - w pobliżu sklepy, szkoły, przedszkola, przystanki komunikacji miejskiej oraz tereny rekreacyjne. To idealna propozycja dla osób poszukujących komfortowego mieszkania dla siebie lub jako inwestycji pod wynajem. Po więcej zdjęć jak i informacji zapraszam do kontaktu tel. (proszę o wcześniejszego smsa) oraz wiadomości prywatnej.",tak,tak,aneks,,własność,Wyposażenie: klimatyzacja,51.216557,22.629092
Lublin Czuby,ul. Rubinowa,3,64,599000,9359.0,bez pośredników,,19,https://adresowo.pl/o/mieszkanie-lublin-czuby-ul-rubinowa-3-pokojowe-e8k3s4,https://s2.adresowa.pl/oi/78/1a/400a6a_6e97_cover@2x-3-pokojowe-mieszkanie-lublin-czuby-ul-rubinowa.webp,Lublin Czuby,Rubinowa,4,2000.0,blok,,"Przytulne mieszkanie na ostatnim piętrze w bloku na ulicy Rubinowa 2. Blok ogrodzony w nowoczesnej zabudowie z placem zabaw i mnóstwem zieleni. Wejście do klatki z dwóch stron. Bezkonfliktowi sąsiedzi. Mieszkanie w skosach. Powierzchnia po podłodze wynosi 64m2. W cenie mieszkania prywatne MIEJSCE PARKINGOWE z brama na pilota. PIWNICA. OPŁATY: CZYNSZ na 2 osoby (wywóz śmieci, sprzątanie klatki schodowej, w czynszu są już zaliczki na wodę, ogrzewanie) - 933zł. Prąd, woda, gaz - wg wskazań licznika. MIESZKANIE: ALARM z aplikacją na telefon - system alarmowy z czujnikami ruchu, otwarcia drzwi, zalania wodą i pożaru. SALON Z KUCHNIĄ: TV 50`. Efektowne oświetlenie salonu i kuchni. Rozkładana 2-osobowa kanapa. Efektywnie zabudowana lodówka w salonie. Zabudowa AGD - piekarnik, mikrofalówka, lodówka, piekarnik, zmywarka. W zlewie znajduje się stacja uzdatniania i mineralizowania wody z wymiennymi filtrami dzięki czemu można pić wodę prosto z kranu. POKÓJ: Pokój z dużą szafą, biurkiem, fotelami i rozkładanym 2-osobowym łóżkiem. SYPIALNIA: Duże 2-osobowe łóżko, szafa, szafki nocne, TV 32` na ścianie. HOL: Hol z dużą szafą i 2 szafkami na buty. ŁAZIENKA: Łazienka z prysznicem, toaletą i bidetem. W łazience znajduję się pralka i zmywarka do naczyń. Łazienka posiada ogrzewanie podłogowe. W OKOLICY: Najpiękniejszy i najlepiej zagospodarowany wąwóz ze ścieżkami spacerowymi i rowerowymi w Lublinie - 100m. Las - 500m. Supermarket Biedronka i Stokrotka - 500m. Sklepik osiedlowy - 100m. Pętla autobusowa - 700m. Kościół - 200m. Szkoła podstawowa - 300m. Przedszkole - 300m. Poczta - 500m. Pizzeria 150m. Basen, ścianka wspinaczkowa - 300m. Boisko do koszykówki i piłki nożnej 300m. Bezpłatne kort tenisowy - 200m. Garmażerka, fryzjer, lodziarnia, piekarnia, bankomat, kwiaciarnia, apteka - wszystko w odległości kilkuset metrów. MINUSY: Brak windy i balkonu.",tak,tak,aneks,plastikowe,,"Wyposażenie: lodówka, mikrofalówka, piekarnik, pralka, tv, zmywarka",51.223239,22.515099
Lublin Czechów Południowy,ul. Kameralna,3,55,950000,17273.0,bez pośredników,,3,https://adresowo.pl/o/mieszkanie-lublin-czechow-poludniowy-ul-kameralna-3-pokojowe-m8w0t4,https://s2.adresowa.pl/oi/75/6e/400a52_8cdb_cover@2x-3-pokojowe-mieszkanie-lublin-czechow-poludniowy-ul-kameralna.webp,Lublin Czechów Południowy,Kameralna,parter,2026.0,apartamentowiec,,"OFERTA PREMIUM 3 pokoje | 55,20 m² | Ogródek 94,05 m² | Nowy Czechów | Cena ofertowa: 950 000 zł Wyjątkowe mieszkanie położone w kameralnej inwestycji Nowy Czechów w Lublinie. Idealne dla rodziny lub jako inwestycja. Planowane zakończenie etapu: 30 września 2026 r. Powierzchnia: 55,20 m² Liczba pokoi: 3 Ogródek: 94,05 m² Stan Deweloperski W cenie: Miejsce postojowe + komórka lokatorska Najważniejsze atuty: • Bardzo duży prywatny ogródek. • Funkcjonalny układ z garderobą. • Kameralne osiedle w cenionej części Lublina. • Blisko sklepy, szkoły, komunikacja miejska i tereny zielone. • Możliwość wykończenia według własnego projektu. Zapraszam do kontaktu w celu uzyskania szczegółowych informacji oraz umówienia spotkania.",tak,tak,,plastikowe,własność,,51.264988,22.552679
Lublin,Czechów Południowy,4,104,1950000,18750.0,bez pośredników,,20,https://adresowo.pl/o/mieszkanie-lublin-czechow-poludniowy-4-pokojowe-104-m2-r1x3h4,https://s2.adresowa.pl/oi/44/49/4005d2_efc9_cover@2x-4-pokojowe-mieszkanie-lublin-czechow-poludniowy.webp,Lublin Czechów Południowy,,7,2018.0,blok,,"Na sprzedaż wyjątkowe mieszkanie zaprojektowane i wykończone z myślą o komforcie codziennego życia. Każdy element wnętrza został starannie przemyślany - od zabudów wykonywanych na indywidualne zamówienie, przez wysokiej klasy materiały, aż po nietuzinkowe meble sprowadzane z Włoch i Półwyspu Iberyjskiego. To propozycja dla osób, które szukają przestronnego, prestiżowego i w pełni wyposażonego mieszkania, gotowego do zamieszkania od zaraz - bez konieczności prowadzenia remontu czy kompletowania wyposażenia. Salon - przestrzeń, światło i prywatna sala kinowa Salon stanowi prawdziwe serce mieszkania. Jest przestronny, doskonale doświetlony i funkcjonalnie zaprojektowany. Jego największym atutem jest ogromne przeszklenie typu HS z wyjściem na imponujący, około 30-metrowy taras. Zastosowana podłoga pływająca ułatwia utrzymanie powierzchni w czystości i zapewnia estetyczne wykończenie. Z salonu można również wyjść na dwa dodatkowe balkony o powierzchni około 5 m² każdy. Wnętrze wyposażono w: - komody zaprojektowane i wykonane na zamówienie, utrzymane w spójnej kolorystyce, - klimatyzację, - zintegrowany system nagłośnienia, - wysokiej klasy projektor Sony, - potężny zestaw nagłośnienia BOSE, - wysuwany z sufitu ekran o przekątnej aż 200 cali. Dzięki temu salon w kilka chwil może zamienić się w prywatną salę kinową. Projektor, ekran, oświetlenie oraz pozostałe elementy systemu mogą być obsługiwane za pomocą inteligentnego sterowania Loxone. Kuchnia - funkcjonalność w eleganckim wydaniu Kuchnia została zaprojektowana tak, aby łączyć wygodę codziennego użytkowania z nowoczesną estetyką. Do dyspozycji przyszłych właścicieli są: - długi i funkcjonalny blat roboczy, - duża wyspa kuchenna z miejscem do wspólnego gotowania i spożywania posiłków, - hokery sprowadzone na zamówienie z Włoch, idealnie dopasowane do wysokości wyspy, - zlew z młynkiem, - system Grohe Blue zapewniający filtrowaną wodę pitną bezpośrednio z kranu, również w wersji gazowanej, - lodówka side-by-side z kostkarką i bezpośrednim podłączeniem wody, - piekarnik w zabudowie, - kuchenka mikrofalowa w zabudowie. To przestrzeń, która sprawdzi się zarówno podczas szybkich, codziennych posiłków, jak i spotkań z rodziną czy przyjaciółmi. Sypialnia główna - komfort i prywatność Master bedroom została zaprojektowana jako wygodna, spokojna przestrzeń do odpoczynku. Znajdują się w niej: - ponadstandardowe łóżko małżeńskie o wymiarach 200 × 220 cm, - nowy, nieużywany materac wysokiej klasy, sprowadzony z Włoch, - pojemna szafa zajmująca całą ścianę, z wyraźnym podziałem na część damską i męską, - miękka, jasna i przyjemna w dotyku wykładzina renomowanej holenderskiej marki, - klimatyzacja, - dodatkowy panel umożliwiający sterowanie oświetleniem na korytarzu bez wychodzenia z sypialni. Pokój dziecięcy Pokój dziecięcy łączy przestrzeń do odpoczynku, zabawy i przechowywania. Na wyposażeniu znajdują się: - duże łóżko o wymiarach 140 × 200 cm, - nowy, nieużywany włoski materac wysokiej klasy, - wykonane na wymiar meble zapewniające dużo miejsca do przechowywania, - klimatyzacja, - telewizor, - solidnie zamontowany hak umożliwiający zawieszenie szarfy gimnastycznej lub innych akcesoriów. Gabinet z balkonem Osobny gabinet zapewnia komfortowe warunki do pracy zdalnej, prowadzenia firmy lub nauki. Pomieszczenie wyposażono w: - biurko zaprojektowane na wymiar, - dopasowaną meblościankę, - dużą szafę do przechowywania, - klimatyzację, - drążek do ćwiczeń, - możliwość zamontowania worka bokserskiego, który pozostaje na wyposażeniu. Z gabinetu można wyjść na kolejny balkon o powierzchni około 5 m². Zasłony oraz rolety balkonowe są sterowane automatycznie. Dwie łazienki i osobna garderoba W mieszkaniu znajdują się dwie komfortowe łazienki, dzięki czemu domownicy mają do dyspozycji: - dwie toalety, - wannę, - prysznic. Uzupełnieniem przestrzeni jest osobna, funkcjonalnie zaprojektowana garderoba z dużą liczbą wieszaków oraz praktycznymi koszami na buty. Osobna strefa pralnicza W mieszkaniu wydzielono również praktyczny kącik do prania, wyposażony w: - nową, nieużywaną pralkę, - nową, nieużywaną suszarkę. Dzięki temu urządzenia pozostają poza główną częścią mieszkania, a przestrzeń jest uporządkowana i wygodna w codziennym użytkowaniu. Inteligentny dom - KNX i Loxone Mieszkanie zostało wyposażone w rozbudowany system inteligentnego sterowania KNX oraz Loxone. Każde gniazdo i wyłącznik może zostać indywidualnie zaprogramowane. System umożliwia między innymi sterowanie: - oświetleniem, - roletami i zasłonami, - ogrzewaniem, - klimatyzacją, - kinem domowym, - projektorem i ekranem. W mieszkaniu zamontowano również czujniki ruchu sterujące oświetleniem dziennym i nocnym. Rozwiązanie zwiększa wygodę, bezpieczeństwo oraz pozwala dopasować działanie mieszkania do indywidualnego rytmu życia właścicieli. Do lokalu doprowadzony jest internet światłowodowy, a instalacja sieciowa została rozprowadzona do wszystkich pomieszczeń poprzez gniazda Ethernet. Zapewnia to stabilne połączenie zarówno podczas pracy zdalnej, jak i korzystania z multimediów. Do mieszkania przynależą: - komórka lokatorska, - dwa miejsca postojowe położone przy samej windzie, - zamykany garaż podziemny, - instalacja elektryczna 230 V oraz 400 V doprowadzona do miejsc postojowych, umożliwiająca ładowanie samochodu elektrycznego. Budynek oferuje swoim mieszkańcom: - prywatną siłownię, - portiernię, - trzy szybkie windy, - lokale usługowe i handlowe znajdujące się na parterze. Na dole budynku funkcjonują między innymi sklep Żabka, gabinet kosmetyczny, placówka medyczna oraz biura rachunkowe. Doskonała lokalizacja Mieszkanie znajduje się w ścisłym centrum miasta, w pobliżu Ogrodu Saskiego i Krakowskiego Przedmieścia. W najbliższej okolicy dostępne są szkoły, restauracje, urzędy, sklepy, supermarkety oraz wszystkie usługi potrzebne na co dzień. Centralne położenie pozwala korzystać z miejskiej infrastruktury, a jednocześnie duży taras, przestronne wnętrza i rozbudowane wyposażenie zapewniają poczucie prywatności oraz komfort porównywalny z domem. Mieszkanie stworzone do wygodnego życia To nieruchomość zaprojektowana i wykonana dla siebie, bez kompromisów jakościowych. Łączy przestrzeń, nowoczesną technologię, komfort, prestiżową lokalizację oraz wyjątkowe wyposażenie. Apartament jest gotowy do zamieszkania od zaraz i stanowi idealną propozycję dla osób, które cenią ponadstandardową jakość, funkcjonalność oraz rozwiązania niedostępne w typowych mieszkaniach z rynku pierwotnego. Zapraszamy do kontaktu i umówienia się na prezentację - zdjęcia nie oddają w pełni przestrzeni, jakości wykonania i możliwości tego wyjątkowego mieszkania.",tak,tak,,,własność,"Wyposażenie: internet, klimatyzacja, kuchenka, lodówka, piekarnik, pralkę, suszarkę, telewizor",51.259733,22.550227
Lublin Węglin,ul. Jemiołuszki,3,59,749000,12695.0,bez pośredników,,8,https://adresowo.pl/o/mieszkanie-lublin-weglin-ul-jemioluszki-3-pokojowe-c1s4o5,https://s2.adresowa.pl/oi/74/53/4005d0_70dd_cover@2x-3-pokojowe-mieszkanie-lublin-weglin-ul-jemioluszki.webp,Lublin Węglin,Jemiołuszki,parter,2023.0,blok,,"Do sprzedania 3 pokojowe mieszkanie na parterze bloku przy ul. Jemiołuszki. Salon z aneksem i dwie przestronne sypialnie, łazienka z wanną. Balkon ok. 6 m. Blok z 2023 r. Cicha i spokojna okolica, okna wychodzące na wschód i północ z widokiem na tereny zielone. Dzielnica dobrze skomunikowana, w pobliżu przystanek autobusowy, Park Węglin, Biedronka, Stokrotka, przedszkola i żłobki. Do mieszkania przynależy miejsce parkingowe w garażu podziemnym (dodatkowo płatne 50.000 zł). Brak komórki lokatorskiej. Czynsz dla 4 osób 950 zł.",tak,tak,aneks,,,,51.222559,22.47875
Lublin Rury,ul. Rymwida,1,20,296000,14800.0,bez pośredników,,3,https://adresowo.pl/o/mieszkanie-lublin-rury-ul-rymwida-1-pokoj-f8r5d7,https://s2.adresowa.pl/oi/76/3d/400484_2c79_cover@2x-1-pokojowe-mieszkanie-lublin-rury-ul-rymwida.webp,Lublin Rury,Rymwida,2,,blok,,"Do sprzedania jedno z rzadko trafiających się w tej lokalizacji kawalerek - mieszkanie 20m2 na 2 piętrze z balkonem na ulicy Rymwida (pinezka zaznaczona na mapie poniżej). Mieszkanie może generować stały miesięczny dochód ze względu na idealną lokalizację w pobliżu miasteczka UMCS / KUL / Uniwersytetu Przyrodniczego. Mieszkanie wyposażone w podstawowe sprzęty, gotowe do zamieszkania lub lekkiego odświeżenia. Parking za szlabanem dla mieszkańców z bramą na pilota. Czynsz 340 zł. Kawalerki na łamach uciekają szybko - nie czekaj aż ktoś Cię wyprzedzi! OFERTA PRYWATNA - BRAK KOSZTÓW POŚREDNIKA!",,,,,własność,,51.24132,22.529736
Lublin LSM,ul. Jana Sawy,3,89,960000,10787.0,bez pośredników,,21,https://adresowo.pl/o/mieszkanie-lublin-lsm-ul-jana-sawy-3-pokojowe-l6r2u6,https://s2.adresowa.pl/oi/16/59/40029a_6e45_cover@2x-3-pokojowe-mieszkanie-lublin-lsm-ul-jana-sawy.webp,Lublin LSM,Jana Sawy,1,2011.0,blok,,"Przestronne mieszkanie 89,9 m² – Lublin, LSM (Sunhill) | 2 pokoje + duży salon z aneksem | Balkon Na sprzedaż przestronne i funkcjonalne mieszkanie o powierzchni 89,9 m², położone na cenionym osiedlu LSM w Lublinie. To doskonała propozycja dla rodzin, par oraz osób poszukujących dużej przestrzeni do własnej aranżacji. W skład mieszkania wchodzą: dwa ustawne, niezależne pokoje, przestronny salon połączony z kuchnią, tworzący wygodną strefę dzienną, duża łazienka, balkon z widokiem na wąwóz przedpokój z miejscem do przechowywania. Mieszkanie jest do odświeżenia, dzięki czemu nowy właściciel może urządzić je według własnego gustu i potrzeb, bez konieczności kosztownej przebudowy. Najważniejsze atuty: powierzchnia 89,9 m² zapewniająca komfort codziennego życia, funkcjonalny i przestronny układ pomieszczeń, duży salon z otwartą kuchnią – idealne miejsce do wspólnego spędzania czasu, balkon z widokiem na wąwóz, portier, wspólnota mieszkaniowa dobrze funkcjonująca, ogrodzony teren zieleni dla mieszkańców. atrakcyjna lokalizacja na osiedlu LSM – w pobliżu sklepy, szkoły, przedszkola, uczelnie, przystanki komunikacji miejskiej oraz tereny zielone. To mieszkanie stanowi świetną propozycję zarówno dla osób szukających komfortowego miejsca do zamieszkania, jak i dla inwestorów poszukujących nieruchomości z dużym potencjałem. Zapraszam do kontaktu i umówienia się na prezentację. Warto zobaczyć je na żywo i przekonać się o jego możliwościach.",,tak,aneks,plastikowe,własność,,51.235383,22.522112
Lublin Konstantynów,ul. Ułanów,2,59,520000,8814.0,bez pośredników,,7,https://adresowo.pl/o/mieszkanie-lublin-konstantynow-ul-ulanow-2-pokojowe-a0s0m6,https://s2.adresowa.pl/oi/78/70/3ffdc6_9252_cover@2x-2-pokojowe-mieszkanie-lublin-konstantynow-ul-ulanow.webp,Lublin Konstantynów,Ułanów,3,1980.0,blok,,"Na sprzedaż jasne i funkcjonalne mieszkanie o powierzchni 59,91 m², położone na 3. piętrze w zadbanym 4-piętrowym bloku przy ul. Ułanów 19 w Lublinie. Mieszkanie wyróżnia się bardzo praktycznym układem pomieszczeń i doskonale sprawdzi się zarówno dla rodziny, pary, jak i osób szukających nieruchomości pod inwestycję. Układ mieszkania: * przestronny salon z wyjściem na duży balkon, * ustawna sypialnia, * oddzielna, nowoczesna kuchnia (wykonana 4 lata temu), * łazienka, * osobne WC, * funkcjonalny przedpokój, * piwnica. Mieszkanie przeszło generalny remont około 10 lat temu, natomiast kuchnia została całkowicie odnowiona 4 lata temu, dzięki czemu jest nowoczesna i gotowa do użytkowania. Atuty nieruchomości: * powierzchnia 59,91 m², * 3. piętro w 4-piętrowym budynku, * duży balkon - idealne miejsce na poranną kawę lub wieczorny relaks, * osobna łazienka i WC, * nowoczesna kuchnia, * piwnica w cenie, * możliwość wynajęcia miejsca parkingowego bezpośrednio pod blokiem. Świetna lokalizacja Mieszkanie znajduje się w jednej z najbardziej wygodnych części Lublina. W najbliższej okolicy znajdują się: * liczne sklepy spożywcze i punkty usługowe, * supermarkety, * przedszkola i szkoły, * przychodnie i apteki, * przystanki komunikacji miejskiej zapewniające szybki dojazd do centrum miasta, * tereny zielone, place zabaw oraz ścieżki spacerowe i rowerowe, * restauracje, kawiarnie oraz obiekty sportowo-rekreacyjne. To lokalizacja, która zapewnia komfort codziennego życia i dostęp do wszystkich najważniejszych udogodnień w zasięgu kilku minut. Cena: 520 000 zł Jeśli szukasz przestronnego, zadbanego mieszkania z funkcjonalnym układem i świetną lokalizacją, ta oferta jest właśnie dla Ciebie. Zapraszam do kontaktu i umówienia się na prezentację!",tak,tak,osobna,plastikowe,własność,,51.238527,22.507546
Lublin Czuby,ul. Hetmańska,3,59,720000,12203.0,bez pośredników,,15,https://adresowo.pl/o/mieszkanie-lublin-czuby-ul-hetmanska-3-pokojowe-h9g3i7,https://s2.adresowa.pl/oi/6f/46/3ff2e2_2f90_cover@2x-3-pokojowe-mieszkanie-lublin-czuby-ul-hetmanska.webp,Lublin Czuby,Hetmańska,2,1989.0,blok,,"Na sprzedaż przestronne i funkcjonalne 3-pokojowe mieszkanie o powierzchni 59,5 m², położone na 2 piętrze w bloku przy ul. Hetmańskiej 16 w Lublinie. To jest blok ocieplony i pomalowany jedyny z takim widokiem z balkonu. Osiedle jest naprawdę prześliczne, zielono i blisko do sklepów (Kaufland,, Biedronka, Stokrotka, Galeria Orkana itd. Przedszkola, szkoły, przychodnie, tereny zielone wąwóz między miedzy LSM a Czubami, doskonały na spacery czy na przejażdżki rowerowe-drogi rowerowe. Naprawdę miejsce jest uniwersalne, przepiękne. Mieszkanie jest jasne, ustawne i dobrze rozplanowane, dzięki czemu sprawdzi się zarówno dla rodziny, pary, jak i osób szukających mieszkania pod inwestycję. Układ mieszkania: • salon - 16,5 m² • pokój dziecięcy / gabinet - 12 m² • sypialnia - 8,8 m² • oddzielna kuchnia z oknem - 7,6 m² . świeżo po remoncie, nowa zabudowa i sprzęt AGD marki Bosch • łazienka - 3 m² 2 lata temu remont • osobne WC - 1,5 m² Dodatkowo do mieszkania przynależą: • balkon - 4,76 m² z widokiem na zieleń a nie na okna sąsiadów. • piwnica - 3,65 m² Atuty mieszkania: - blok jest ocieplony i pomalowany - funkcjonalny układ 3 niezależnych pokoi - jasne i przytulne wnętrza z dużą ilością naturalnego światła - oddzielna kuchnia - osobne WC - wygodne rozwiązanie dla domowników - balkon z widokiem na zieleń - idealny na odpoczynek - spokojna i dobrze skomunikowana okolica Lokalizacja: W pobliżu znajdują się sklepy, uczelnie, szkoły, przedszkola, przystanki komunikacji miejskiej oraz tereny zielone. Dzięki temu to komfortowe miejsce do życia zarówno dla rodzin, jak i osób pracujących w mieście. Zapraszam do kontaktu [numer] i obejrzenia mieszkania na żywo. Kontakt tel. [numer]",tak,tak,osobna,,spółdzielcze własnościowe,,51.234833,22.503353
Lublin Dziesiąta,ul. Wojenna,3,70,600000,8571.0,bez pośredników,,2,https://adresowo.pl/o/mieszkanie-lublin-dziesiata-ul-wojenna-3-pokojowe-r0k7n2,https://s2.adresowa.pl/oi/3e/26/3ff2c2_bcaa_cover@2x-3-pokojowe-mieszkanie-lublin-dziesiata-ul-wojenna.webp,Lublin Dziesiąta,Wojenna,parter,2008.0,blok,,"Duże, jasne dwustronne mieszkanie. Doskonale skomunikowane. Cicha i spokojna okolica. Dużo zieleni przy bloku. Blisko centrum. Doskonałe połączenie z uczelniami wyższymi.",tak,tak,osobna,plastikowe,własność,,51.215645,22.581305
Lublin,Czuby,4,82,890000,10854.0,bez pośredników,,8,https://adresowo.pl/o/mieszkanie-lublin-czuby-4-pokojowe-82-m2-u2d7z7,https://s2.adresowa.pl/oi/1b/59/3fece2_d997_cover@2x-4-pokojowe-mieszkanie-lublin-czuby.webp,Lublin Czuby,,parter,2001.0,blok,,"Oferuję na sprzedaż mieszkanie o powierzchni 82 m² na cichym i spokojnym osiedlu Czuby. Blisko znajduje się las, Stokrotka, plac zabaw, piekarnie, szkoła i kościół. Mieszkanie jest pięknie umeblowane i gotowe do wprowadzenia. Żona zadbała o estetykę, dopasowanie elementów i wystrój, a ja o praktyczność użytkowania (markiza na tarasie, jacuzzi, młynek do odpadów pod zlewem i wiele innych). Trzy lata temu mieszkanie zostało gruntownie odnowione. Wymienione zostały: łazienka - prysznic, płytki, podłoga, szafka, toaleta w całości, drzwi wewnętrzne w całym mieszkaniu, lodówka, piekarnik, płyta indukcyjna, płytki na balkonie, roleta na balkonie i wiele innych. Mieszkanie poprzez swój świetny, przestronny układ idealnie wpisuje się w wymarzone miejsce dla rodzin z dziećmi. Dużym atutem jest wielki taras, gdzie na okres wakacyjny postawiliśmy 6-cio osobowe jacuzzi oraz zestaw wypoczynkowy i huśtawkę. Daje to przyjemne miejsce do relaksu i odpoczynku, a markiza dba o prywatność. Mogę wysłać więcej zdjęć w wiadomości lub przez WhatsApp. Zapraszam do oględzin po wcześniejszym kontakcie telefonicznym. Biurom sprzedaży dziękuję.",,,,,,"Wyposażenie: lodówka, piekarnik",51.228001,22.514
Lublin,al. Spółdzielczości Pracy,2,40,520000,13000.0,bez pośredników,,3,https://adresowo.pl/o/mieszkanie-lublin-al-spoldzielczosci-pracy-2-pokojowe-n0b5o2,https://s2.adresowa.pl/oi/62/15/3fec7c_b43c_cover@2x-2-pokojowe-mieszkanie-lublin-al-spoldzielczosci-pracy.webp,Lublin ,Spółdzielczości Pracy,parter,1978.0,apartamentowiec,,"Murapol Primo - Lublin Nowoczesne mieszkanie z prywatnym ogródkiem Zamieszkaj w miejscu, które łączy miejski komfort z codziennym odpoczynkiem w otoczeniu zieleni. Murapol Primo przy al. Spółdzielczości Pracy to nowoczesna inwestycja zaprojektowana z myślą o wygodzie mieszkańców oraz funkcjonalności każdego metra kwadratowego. Mieszkanie 40 m² Przemyślany układ zapewnia wygodę zarówno singlom, parom, jak i młodym rodzinom. W skład mieszkania wchodzą: przestronny salon z aneksem kuchennym i jadalnią, komfortowa sypialnia z miejscem na dużą szafę nowoczesna łazienka, funkcjonalny przedpokój z zabudową. Duże przeszklenia doskonale doświetlają wnętrza, a wyjście na prywatny ogródek naturalnie powiększa przestrzeń dzienną. ⸻ Salon z kuchnią Serce mieszkania tworzy jasna strefa dzienna urządzona w stylu skandynawskim. Naturalne drewno, jasne kolory i proste formy tworzą wnętrze pełne harmonii. Aneks kuchenny został zaprojektowany z pełną zabudową oraz miejscem na wygodny stół dla czterech osób. To idealna przestrzeń zarówno do codziennego życia, jak i spotkań z rodziną czy przyjaciółmi. ⸻ Sypialnia Przytulna, spokojna i funkcjonalna. Duże łóżko, pojemna szafa oraz delikatne oświetlenie tworzą komfortową przestrzeń sprzyjającą wypoczynkowi. ⸻ Łazienka Elegancka łazienka została wyposażona w wannę z funkcją prysznica, podwieszaną szafkę z umywalką, dużą ilość miejsca do przechowywania oraz pralkę dyskretnie ukrytą w zabudowie. Dominują jasne płytki, drewno i czarne dodatki, które nadają wnętrzu nowoczesnego charakteru. ⸻ Prywatny ogródek 30 m² Największym atutem mieszkania jest własny ogródek. To miejsce stworzone do relaksu przez cały sezon. Projekt obejmuje: drewniany taras wypoczynkowy, wygodny komplet mebli ogrodowych, zielony trawnik, ozdobne rabaty z hortensjami, trawami i lawendą, klimatyczne oświetlenie LED, fotel wiszący, ścieżkę z płyt prowadzącą przez ogród. Wieczorem ogródek zmienia się w kameralną strefę relaksu, idealną na kolację pod gołym niebem lub poranną kawę. ⸻ Atuty inwestycji Murapol Primo Nowoczesna architektura Świetna komunikacja z centrum Lublina Blisko sklepy, szkoły i punkty usługowe Zieleń oraz tereny rekreacyjne Plac zabaw dla dzieci Garaż podziemny i komórki lokatorskie Funkcjonalne układy mieszkań Prywatne ogródki i przestronne balkony ⸻ Twój własny azyl w sercu miasta Murapol Primo to miejsce, w którym nowoczesna architektura spotyka się z wygodą codziennego życia. Funkcjonalne mieszkanie o powierzchni 40 m² z prywatnym, 30-metrowym ogródkiem pozwala cieszyć się przestrzenią, światłem i zielenią każdego dnia. To idealna propozycja dla osób poszukujących komfortowego mieszkania w Lublinie - gotowego do urządzenia zgodnie z własnym stylem i potrzebami. Stan deweloperski, na zdjęciach przykładowa aranżacja mieszkania i ogrodu. Dodatkowo miejsce parkingowe na parkingu podziemnym płatne 40 tyś. Zapraszam.",tak,tak,aneks,,,Wyposażenie: pralkę,51.272496,22.573392
Lublin LSM,ul. Żarnowiecka,2,38,410000,10789.0,bez pośredników,,6,https://adresowo.pl/o/mieszkanie-lublin-lsm-ul-zarnowiecka-2-pokojowe-q6w7k2,https://s2.adresowa.pl/oi/3d/2e/3fd4de_e0ca_cover@2x-2-pokojowe-mieszkanie-lublin-lsm-ul-zarnowiecka.webp,Lublin LSM,Żarnowiecka,2,1974.0,blok,,"Oferuję na sprzedaż dwupokojowe mieszkanie o pow. 38,7 m2 usytuowane na drugim piętrze w 3piętrowym bloku, dzielnica LSM. Mieszkanie jest do remontu. Na powierzchnię mieszkania składa się: - salon z balkonem - sypialnia - kuchnia z oknem - łazienka - wc Do mieszkania przynależy piwnica . Rozkład mieszkania dwustronne. Osiedle posiada parking przeznaczony wyłącznie dla mieszkańców, zabezpieczony szlabanem. Czynsz administracyjny ok. 780 zł/mc zawierającego opłaty za wywóz śmieci, zaliczkę na zimną wodę, zaliczkę na C.O. z sieci miejskiej, dodatkowe opłaty jedynie za prąd i gaz, w mieszkaniu znajduje się piecyk gazowy. Mieszkanie położone jest w doskonale skomunikowanej i rozwiniętej okolicy. W bezpośrednim sąsiedztwie znajdują się sklepy, piekarnia, salony kosmetyczne oraz liczne punkty usługowe. Dla rodzin z dziećmi dużym atutem są pobliskie place zabaw i tereny rekreacyjne. Okolica wyróżnia się dużą ilością zieleni, co zapewnia komfort codziennego wypoczynku. W pobliżu znajdują się także akademiki oraz przystanki komunikacji miejskiej, gwarantujące wygodny dojazd do różnych części miasta. Serdecznie zapraszam na prezentację",tak,,osobna,plastikowe,własność,,51.236162,22.525085
Lublin Sławin,ul. Jemiołowa,3,62,698000,11258.0,bez pośredników,,19,https://adresowo.pl/o/mieszkanie-lublin-slawin-ul-jemiolowa-3-pokojowe-w7u5g2,https://s2.adresowa.pl/oi/4e/49/3fe514_6bc0_cover@2x-3-pokojowe-mieszkanie-lublin-slawin-ul-jemiolowa.webp,Lublin Sławin,Jemiołowa,parter,2018.0,blok,,"Sprzedam mieszkanie w spokojnej, zielonej i bardzo dobrze z skomunikowanej części Lublina - w dzielnicy Sławin przy ul. Jemiołowej (uznanawana w ostatnich latach jako najbardziej atrakcyjne miejsce do mieszkania w mieście Lublin). Świetna lokalizacja dla osób starszych lub rodzin z dziećmi, studentów, jak i osób aktywnych zawodowo szukających miejsca na odpoczynek po pracy (mieszkam tu już 8 lat). - - - Lokalizacja - - - - w okolicy m.in. Ogród Botaniczny, Muzeum Wsi Lubelskiej, restauracja Stół i Wół, Cukiernia Czekoladowy; - 3 min pieszo na przystanek autobusowy (m.in. linie nr 2 i 18 - autobusy jadące do Centrum Lublina; bezpośredni dojazd do placówek oświatowych zlokalizowanych przy Al. Racławickich, w tym uczelni wyższych, tj. KUL czy Uniwersytet Medyczny), - 3 min pieszo do kościoła i apteki, - 3 min pieszo tereny spacerowe (ul. Skowronkowa), - 6 min pieszo do publicznego przedszkola i szkoły podstawowej nr 14 (Zespół Szkół nr 12 w Lublinie); - 6 min pieszo lokalne sklepy (Lewiatan, Groszek, Żabka), - 10 min pieszo pętla autobusowa Zbożowa, niedaleko której znajdują się sklepy Biedronka, Stokrotka oraz siłownia Cube; w bliskiej odległości sklep Lidl; - dogodny i szybki wyjazd na ekspresową obwodnicę Lublina, - - - Opis mieszkania - - - Mieszkanie mieści się w czteropiętrowym bloku z 2018r. (z windą) przy ul. Jemiołowej w Lublinie, na osiedlu składającym się z dwóch budynków wielorodzinnych (Jemiołowa 1 i 3). Jest to mieszkanie na parterze o powierzchni 62,61 mkw z dużym tarasem o nawierzchni z kostki betonowej (14 mkw). Taras wyposażony jest w systemowe ogrodzenie panelowe, podwyźszone sztachetami z antracytowej blachy falistej, co zapewnia bezpieczeństwo oraz eliminuje zwierzątka lubiące wspinać się po płotach (swego czasu mieliśmy nieproszonego kota, który wywracał nam doniczki na tarasie). Mieszkanie składa się z dwóch sypialni, jednego otwartego salonu oraz łazienki i kuchni. Okna mieszkania usytuowane są od strony południowej (oprócz jednej sypialni, gdzie okna są od strony wschodniej) dzięki czemu jest w nim jasno i przyjemnie. - - - Stan mieszkania - - - Wykończone, do odświeżenia. - - - Dodatkowe udogodnienia - - - * do mieszkania przynależy komórka lokatorska - dodatkowo płatne (15 tyś. zł) * okna i drzwi balkonowe (na taras) wyposażone w rolety zewnętrzne (przydatne również jako izolacja od słońca). * patio z placem zabaw dla dzieci, ławeczkami i stojakami na rowery. * istnieje możliwość dokupienia miejsca postojowego w garażu podziemnym (50 tyś. zł). Lokal dostępny od 12.2026 / 01.2027 (przeprowadzka). Agencjom i pośrednikom dziękuję",tak,tak,osobna,plastikowe,własność,,51.271578,22.504139
Lublin,ul. Kasztelańska,2,50,590000,11800.0,bez pośredników,,7,https://adresowo.pl/o/mieszkanie-lublin-ul-kasztelanska-2-pokojowe-j2u8g1,https://s2.adresowa.pl/oi/7b/27/3fdc22_41d6_cover@2x-2-pokojowe-mieszkanie-lublin-ul-kasztelanska.webp,Lublin ,Kasztelańska,1,2020.0,blok,,"Na sprzedaż nowoczesne mieszkanie 50,6 m2 - Osiedle Botanik, Lublin, ul. Kasztelańska 62. Szukasz mieszkania gotowego do zamieszkania, w nowoczesnym budynku i świetnej lokalizacji? Ta oferta spełni oczekiwania zarówno osób szukających swojego pierwszego mieszkania, jak i inwestorów. Oferuję na sprzedaż funkcjonalne i bardzo zadbane mieszkanie o powierzchni 50,6 m2, położone na 1. piętrze nowoczesnego bloku z windą, oddanego do użytku w 2020 roku, na cenionym osiedlu Botanik w Lublinie. Mieszkanie zostało zaprojektowane z myślą o komforcie codziennego życia. Przestronny salon z aneksem kuchennym tworzy jasną i otwartą strefę dzienną, z której znajduje się wyjście na duży balkon - idealne miejsce na poranną kawę lub odpoczynek po pracy. Duża sypialnia zapewnia komfort i prywatność, a przestronny korytarz z wnękami na szafy daje wiele możliwości przechowywania. Całość uzupełnia nowoczesna, funkcjonalna łazienka. Mieszkanie jest częściowo umeblowane i wyposażone w sprzęt AGD: * lodówkę, * piekarnik, * zmywarkę, * pralkę. Dzięki temu nowy właściciel może wprowadzić się bez konieczności ponoszenia dodatkowych kosztów na podstawowe wyposażenie. Do mieszkania przynależy komórka lokatorska, znajdująca się na poziomie -1, co stanowi dodatkową przestrzeń do przechowywania. Osiedle jest spokojne, nowoczesne i zadbane. Wjazd zabezpieczony jest szlabanem, a mieszkańcy mają do dyspozycji ogólnodostępne miejsca postojowe znajdujące się bezpośrednio przy budynkach. Atuty nieruchomości: * 50,6 m2 * 1. piętro w bloku z windą * Budynek z 2020 roku * Przestronny salon z aneksem kuchennym * Duża sypialnia * Duży balkon * Komórka lokatorska * Sprzęt AGD w cenie * Wjazd na osiedle przez szlaban * Ogólnodostępne miejsca parkingowe dla mieszkańców * Atrakcyjna lokalizacja - Osiedle Botanik To mieszkanie łączy nowoczesny standard wykończenia, funkcjonalny układ pomieszczeń oraz doskonałą lokalizację. Jest gotowe do zamieszkania i nie wymaga dodatkowych nakładów finansowych. Zapraszam do kontaktu oraz na prezentację - warto zobaczyć je na żywo!",tak,,aneks,,,"Wyposażenie: lodówkę, piekarnik, pralkę, zmywarkę",51.269227,22.520142
Lublin Tatary,ul. Przyjaźni,2,43,369000,8581.0,bez pośredników,,7,https://adresowo.pl/o/mieszkanie-lublin-tatary-ul-przyjazni-2-pokojowe-j7h2t5,https://s2.adresowa.pl/oi/74/31/3fd5da_3208_cover@2x-2-pokojowe-mieszkanie-lublin-tatary-ul-przyjazni.webp,Lublin Tatary,Przyjaźni,4,,blok,,"2 pokoje + kuchnia + łazienka z toaletą + balkon. Czynsz 570 zł. W czynszu woda i gaz. Prąd opłacony do połowy 2027. Do mieszkania przynależy piwnica. Osiedle Tatary ul. Przyjaźni. Ładna okolica i bardzo dobra lokalizacja, blisko centrum, sklepy, szkoły, przychodnie, uczelnie, przystanki autobusowe. Mieszkanie jest jasne, słoneczne. Zapraszam do kontaktu.",tak,,,,,,51.243477,22.588021
Lublin LSM,ul. Wajdeloty,3,60,600000,10000.0,bez pośredników,,17,https://adresowo.pl/o/mieszkanie-lublin-lsm-ul-wajdeloty-3-pokojowe-y0k5k9,https://s2.adresowa.pl/oi/58/10/3fd4bc_54a3_cover@2x-3-pokojowe-mieszkanie-lublin-lsm-ul-wajdeloty.webp,Lublin LSM,Wajdeloty,3,1963.0,blok,,"Sprzedam mieszkanie o powierzchni 60,2 mkw., 3 pokoje (16, 14 i 10,5 mkw.), rozkładowe, z oddzielną kuchnią (6,5 mkw.) oraz łazienką i WC, posiadające oryginalny parkiet dębowy, niecyklinowany. Mieszkanie jest na 3 piętrze, wystawa południowa i północna. Atrakcyjna lokalizacja na os. Mickiewicza, wokół dużo zieleni, alejek spacerowych oraz plac zabaw ze ""słynną rakietą"". W pobliżu pełna infrastruktura, sklepy (m.in. centrum handlowe E. Leclerc i targ Wileńska), szkoły, przychodnia itp. W bliskiej odległości przystanki autobusowe i trolejbusowe, szybki i łatwy dojazd do centrum oraz uczelni.",,,osobna,plastikowe,,,51.243276,22.52508
Lublin Kośminek,ul. Generała Witolda Urbanowicza,2,32,465000,14531.0,bez pośredników,,9,https://adresowo.pl/o/mieszkanie-lublin-kosminek-ul-generala-witolda-urbanowicza-2-pokojowe-h9u4a6,https://s2.adresowa.pl/oi/31/32/3fc9ee_304f_cover@2x-2-pokojowe-mieszkanie-lublin-kosminek-ul-generala-witolda-urbanowicza.webp,Lublin Kośminek,Generała Witolda Urbanowicza,parter,2020.0,blok,,"Na sprzedaż jasne i funkcjonalne mieszkanie wykończone w nowoczesnym stylu. Lokal składa się z salonu z aneksem kuchennym, sypialni, łazienki oraz balkonu z pięknym widokiem na zieleń. Mieszkanie jest w pełni umeblowane i wyposażone, gotowe do zamieszkania od zaraz. Atuty: - wysoki parter, - winda, - klimatyzacja, - balkon z widokiem na tereny zielone, - pełne wyposażenie AGD i meble w cenie, - nowoczesna zabudowa kuchenna, - duże okna i bardzo dobre doświetlenie, - spokojna okolica, - idealne do zamieszkania lub pod wynajem. Dodatkowo do mieszkania przynależą: - piwnica o powierzchni 8,23 m2 (dodatkowo płatne: 15 000 zł), - naziemne miejsce postojowe (dodatkowo płatne: 30 000 zł). Gotowe do wprowadzenia bez dodatkowych nakładów finansowych. Zapraszam do kontaktu i obejrzenia mieszkania na żywo.",tak,tak,aneks,plastikowe,własność,Wyposażenie: klimatyzacja,51.215081,22.630721
Lublin,al. Spółdzielczości Pracy,3,51,799000,15667.0,bez pośredników,,3,https://adresowo.pl/o/mieszkanie-lublin-al-spoldzielczosci-pracy-3-pokojowe-c3p9w2,https://s2.adresowa.pl/oi/5f/5e/3fc97a_b415_cover@2x-3-pokojowe-mieszkanie-lublin-al-spoldzielczosci-pracy.webp,Lublin ,Spółdzielczości Pracy,parter,2026.0,blok,,"Szukasz nowego mieszkania w jednej z najbardziej atrakcyjnych lokalizacji Lublina? To oferta, której już praktycznie nie znajdziesz u dewelopera! Na sprzedaż 3-pokojowe mieszkanie o powierzchni 51,05 m² w prestiżowej inwestycji Murapol Primo przy al. Spółdzielczości Pracy – naprzeciwko Galerii Olimp. Większość mieszkań w tej inwestycji została już wyprzedana. Inwestycja znajduje się zaledwie kilka minut od centrum miasta, z doskonałym dostępem do komunikacji, sklepów, restauracji oraz terenów rekreacyjnych. Najważniejsze atuty mieszkania: Parter z prywatnym ogródkiem o powierzchni 26 m² – idealny na poranną kawę, relaks lub zabawę z dziećmi. Najlepsze usytuowanie w budynku – mieszkanie znajduje się wewnątrz litery ""U"", dzięki czemu jest znacznie spokojniejsze i bardziej kameralne niż lokale od strony ulicy. Blisko klatki schodowej i windy – codzienny komfort dla mieszkańców. Miejsce postojowe w garażu podziemnym położone bardzo blisko windy – wygoda niezależnie od pogody. Odbiór mieszkania już we wrześniu 2026 r. – bez wieloletniego oczekiwania. Lokalizacja, która pracuje na wartość nieruchomości pakiet Smart Home naprzeciwko Galerii Olimp, szybki dojazd do centrum Lublina, doskonała komunikacja miejska, wygodny wyjazd na obwodnicę i drogi S12, w pobliżu sklepy, szkoły, przedszkola, siłownie, restauracje i tereny zielone. To doskonała propozycja zarówno dla osób szukających mieszkania dla siebie, jak i dla inwestorów. Lokalizacja gwarantuje bardzo duży potencjał wzrostu wartości oraz wysokie zainteresowanie najmem. Cena: Miejsce postojowe w garażu podziemnym – dodatkowo płatne 50 000 Zainteresowanych zapraszam do kontaktu telefonicznego. Chętnie udzielę dodatkowych informacji oraz przedstawię szczegóły oferty.",,,,,,,51.272496,22.573392
Lublin Kalinowszczyzna,ul. Wojciecha Kiwerskiego,4,72,649000,9014.0,bez pośredników,,12,https://adresowo.pl/o/mieszkanie-lublin-kalinowszczyzna-ul-wojciecha-kiwerskiego-4-pokojowe-c8b2z2,https://s2.adresowa.pl/oi/70/11/3fc638_85e8_cover@2x-4-pokojowe-mieszkanie-lublin-kalinowszczyzna-ul-wojciecha-kiwerskiego.webp,Lublin Kalinowszczyzna,Wojciecha Kiwerskiego,1,1990.0,blok,,"Przestronne 4-pokojowe mieszkanie z dużą loggią – 72,40 m² | Lublin, Kalinowszczyzna Na sprzedaż przestronne i funkcjonalne mieszkanie o powierzchni 72,40 m², położone na 1. piętrze w kameralnym, 3-piętrowym bloku z 1990 roku, w zielonej i spokojnej części Lublina – na osiedlu Kalinowszczyzna. Mieszkanie składa się z: czterech niezależnych pokoi, ustawnej kuchni, łazienki, oddzielnego WC, przedpokoju. Dwustronna ekspozycja okien (wschód–południe) sprawia, że mieszkanie jest jasne, ciepłe i dobrze doświetlone przez cały dzień. Dodatkowym atutem jest przestronna loggia o powierzchni około 8 m², idealna do wypoczynku, oraz piwnica o powierzchni 3 m², zapewniająca dodatkowe miejsce do przechowywania. Ogromnym atutem tej nieruchomości jest lokalizacja. Blok położony jest w otoczeniu zieleni, tuż przy zagospodarowanym wąwozie, który zachęca do spacerów, jazdy na rowerze i aktywnego wypoczynku. W najbliższym otoczeniu znajdują się szkoła, przedszkole oraz sklepy: Lidl, Biedronka i Stokrotka. Dobra komunikacja z pozostałymi częściami miasta sprawia, że jest to idealne miejsce do życia dla rodzin i osób ceniących wygodę. Cena: 649 000 zł – do negocjacji. To mieszkanie to doskonała propozycja dla osób poszukujących przestronnego lokalu z funkcjonalnym układem, dużym balkonem i świetną lokalizacją w jednej z najbardziej zielonych części Lublina.",tak,tak,osobna,plastikowe,spółdzielcze własnościowe,,51.254478,22.588014
Lublin Czuby,ul. Bursztynowa,3,60,570000,9500.0,bez pośredników,,13,https://adresowo.pl/o/mieszkanie-lublin-czuby-ul-bursztynowa-3-pokojowe-o1i8q5,https://s2.adresowa.pl/oi/16/5a/3fc572_cd6a_cover@2x-3-pokojowe-mieszkanie-lublin-czuby-ul-bursztynowa.webp,Lublin Czuby,Bursztynowa,2,1992.0,blok,,"Szukasz gotowego do wprowadzenia, przestronnego mieszkania w jednej z najbardziej lubianych i zielonych części Lublina? Ta oferta na ul. Bursztynowej łączy w sobie komfort, świetną lokalizację oraz doskonałą infrastrukturę idealną dla rodzin. Oferta bezpośrednia – brak prowizji od kupującego! Najważniejsze parametry i układ nieruchomości: Powierzchnia: 60 m² Układ: Mieszkanie w pełni rozkładowe, usytuowane na 2. piętrze w niskim, 5-piętrowym bloku. Liczba pokoi: 3 niezależne pokoje Kuchnia: Oddzielna, widna Oddzielna garderob, 2 piwnice Stan prawny: Pełna własność z za założoną Księgą Wieczystą (brak obciążeń). Rozkład pomieszczeń: Duży salon z wyjściem na balkon (salon o powierzchni prawie 25 m²) Dwa przestronne i nieprzechodnie pokoje Oddzielna, widna kuchnia Oddzielna garderoba Łazienka Osobne WC Przedpokój Balkon: Duży, idealny do wypoczynku Przechowywanie: Oddzielna garderoba oraz aż dwie piwnice do dyspozycji nowego właściciela Media i technologia: Ogrzewanie i woda: Z sieci miejskiej (brak piecyka gazowego – pełne bezpieczeństwo i wygoda). Instalacje: W mieszkaniu przeprowadzono całkowitą wymianę instalacji elektrycznej oraz hydraulicznej. Wyposażenie i standard: Mieszkanie jest gotowe do zamieszkania i na wstępie nie wymaga żadnych dodatkowych nakładów finansowych. Zabudowy: Praktyczne szafy na wymiar optymalnie zagospodarowujące przestrzeń. Sprzęt AGD W cenie pozostaje pełne wyposażenie w niezbędne sprzęty, w tym pralka, lodówka, kuchenka, zmywarka. Lokalizacja i otoczenie (Czuby-Poręba): To idealne miejsce do życia dla rodzin oraz osób ceniących bliskość natury połączoną z miejską wygodą: Tereny zielone: Tuż obok znajduje się malowniczy wąwóz – doskonałe miejsce na spacery, jogging czy wycieczki rowerowe. Dla rodzin z dziećmi: Okolica jest niezwykle cicha, bezpieczna i przyjazna rodzinom, z licznymi placami zabaw i dużą ilością zadbanej zieleni. Infrastruktura: Przemyślana niska zabudowa osiedla. W najbliższej okolicy znajdziesz wszystko, co potrzebne na co dzień: sklepy, punkty usługowe oraz szkołę. Informacje dodatkowe: Cena: Do negocjacji. Termin oglądania: Możliwość obejrzenia mieszkania po 3 sierpnia. Forma sprzedaży: Sprzedaż bezpośrednia (brak prowizji). Proszę o kontakt osoby prywatne – pośrednikom nieruchomości serdecznie dziękuję. Zapraszam do kontaktu i na prezentację tego wyjątkowego mieszkania – przekonaj się osobiście o jego potencjale!",tak,,osobna,plastikowe,spółdzielcze własnościowe,"Wyposażenie: kuchenka, lodówka, pralka, zmywarka",51.22242,22.511484
Lublin Węglin,ul. Jaspisowa,4,91,910000,10000.0,bez pośredników,,20,https://adresowo.pl/o/mieszkanie-lublin-weglin-ul-jaspisowa-4-pokojowe-u1v2n6,https://s2.adresowa.pl/oi/2e/47/3fbac8_6f77_cover@2x-4-pokojowe-mieszkanie-lublin-weglin-ul-jaspisowa.webp,Lublin Węglin,Jaspisowa,4,2010.0,blok,,"Sprzedaję przestronne mieszkanie o powierzchni 91,8 m². Znajduje się na 4. piętrze w budynku z 2010 roku. Mieszkanie jest w dobrym stanie i gotowe do zamieszkania. W skład wyposażenia wchodzą meble, pralka, zmywarka, lodówka, kuchenka, piekarnik, klimatyzacja oraz telewizor. W lokalu znajdziesz również balkon i piwnice. Garaż dodatkowo płatny. Lokalizacja mieszkania jest bardzo dobra. W pobliżu znajdują się przystanki autobusowe: ""Węglin końcowy"", ""Węglin początkowy"" oraz ""Węglin"", co ułatwia komunikację. W odległości 114 metrów zlokalizowany jest sklep ""Lewiatan"" co zapewnia wygodny dostęp do codziennych zakupów oraz naprzeciwko sklep Żabka. Nie przegap tej okazji! Skontaktuj się, aby umówić się na prezentację mieszkania.",tak,tak,,plastikowe,,"Wyposażenie: klimatyzacja, kuchenka, lodówka, piekarnik, pralka, telewizor, zmywarka",51.223545,22.490694
Lublin Węglinek,ul. Jemiołuszki,2,32,445000,13906.0,bez pośredników,,8,https://adresowo.pl/o/mieszkanie-lublin-weglinek-ul-jemioluszki-2-pokojowe-t3v4z5,https://s2.adresowa.pl/oi/29/28/3fb3d0_30e4_cover@2x-2-pokojowe-mieszkanie-lublin-weglinek-ul-jemioluszki.webp,Lublin Węglinek,Jemiołuszki,3,2024.0,apartamentowiec,,"Sprzedam BEZPOŚREDNIO 2 pokojowe mieszkanie przy ulicy Jemiołuszki 14 (Węglinek) o metrażu 32m2 z 2024 roku. Piętro 3/3 z windą. Mieszkanie ""szyte"" na miarę przez projektantkę - każda przestrzeń została wykorzystana. Agentom dziekuję, proszę nie dzwonić! Do mieszkania przynależy (dodatkowwo płatne, zakup obligatoryjny): - miejsce parkingowe w podziemnym garażu (65 tys.) - komórka lokatorska na półpiętrze - ok. 3.5m2, 4m wysokości (15 tys.) Atuty: - bliskość natury - nowoczesne osiedle - duży balkon (prawie 9m2) - naturalny kamień - marmur (Blaty w kuchni i łazience, parapety) - duża komórka lokatorska kilka kroków od mieszkania - mieszkanie ciche - narożne, ostatnie piętro - słoneczne - poludniowo-zachodnia ekspozycja - panele AC5 Czynsz wynosi 480zł Cena mieszkania: 445 tys. Zainteresowanych proszę o kontakt",tak,tak,,,,,51.222559,22.47875
Lublin Czechów,ul. Harnasie,2,45,469000,10422.0,bez pośredników,,8,https://adresowo.pl/o/mieszkanie-lublin-czechow-ul-harnasie-2-pokojowe-r6b1m5,https://s2.adresowa.pl/oi/3d/4d/3fb2c8_4896_cover@2x-2-pokojowe-mieszkanie-lublin-czechow-ul-harnasie.webp,Lublin Czechów,Harnasie,3,1985.0,blok,,"Mieszkanie 2-pokojowe na sprzedaż, 45,4m2. Północny Czechów, ul. Harnasie. Mieszkanie własnościowe z księgą wieczystą. Bezpośrednio od właściciela. Do mieszkania należy komórka lokatorska w piwnicy 3,4 m2. Ogrzewanie oraz ciepła woda z sieci miejskiej. Mieszkanie składa się z dwóch oddzielnych pokoi, kuchni, łazienki, WC oddzielnie, korytarza, przedpokoju. Z większego pokoju jest wyjście na duży balkon. Piętro 3/10, dwie windy. Mieszkanie narożne, sąsiedzi tylko przez jedną ścianę dużego pokoju. Mieszkanie odnowione, wszystkie sprzęty i meble mają po kilka lat. Kuchnia po remoncie. W mniejszym pokoju łóżko, biurko, duża szafa i półki, w kuchni szafki oraz szafa, w dużym pokoju regał, komoda, stół i krzesła. W łazienkach półki i szafka. W korytarzu duża zabudowana szafa, w przedpokoju szafa. Nie ma wszystkich mebli na zdjęciach. Przed blokiem duży parking. Czynsz do spółdzielni około 850zł w zależności od ilości osób (w tym zaliczki za wodę i gaz) + prąd. Mieszkały osoby niepalące. Do zamieszkania od zaraz, świetna lokalizacja do zamieszkania, także jako inwestycja na wynajem. W pobliżu pętla autobusowa, kościół, plac zabaw, przedszkole, szkoła, supermarkety, sklepy. Zapraszamy do kontaktu i obejrzenia mieszkania. Pośrednikom dziękuję!",tak,,osobna,,własność,,51.276773,22.547927
Lublin Węglin,ul. Jantarowa,3,50,600000,12000.0,bez pośredników,,7,https://adresowo.pl/o/mieszkanie-lublin-weglin-ul-jantarowa-3-pokojowe-k4m5r1,https://s2.adresowa.pl/oi/74/11/3fa4e6_5fc2_cover@2x-3-pokojowe-mieszkanie-lublin-weglin-ul-jantarowa.webp,Lublin Węglin,Jantarowa,5,2016.0,blok,,"Na sprzedaż wyjątkowo funkcjonalne i bardzo zadbane mieszkanie o powierzchni 50 m², położone na 5. piętrze w nowoczesnym bloku z windą (2016 r.) przy ul. Jantarowej w Lublinie. Nieruchomość znajduje się w spokojnej, rodzinnej okolicy z pełną infrastrukturą, a jednocześnie z szybkim dojazdem do centrum miasta. Mieszkanie posiada świetną ekspozycję południowo-zachodnią, dzięki czemu wnętrza są jasne, ciepłe i dobrze doświetlone przez cały dzień. Dużym atutem jest również duży balkon ok. 12 m², który daje komfortową przestrzeń do wypoczynku. Budynek z 2016 roku, zadbany, wyposażony w windę, z dużą ilością miejsc parkingowych. Dodatkowo garaż 90 000 zł. Więcej informacji udzielę telefonicznie.",,tak,,,,,51.22289,22.494925
Lublin Śródmieście,ul. Probostwo,3,84,950000,11310.0,bez pośredników,,11,https://adresowo.pl/o/mieszkanie-lublin-srodmiescie-ul-probostwo-3-pokojowe-m9q1l8,https://s2.adresowa.pl/oi/45/61/3fa492_68c2_cover@2x-3-pokojowe-mieszkanie-lublin-srodmiescie-ul-probostwo.webp,Lublin Śródmieście,Probostwo,2,1961.0,blok,,"Na sprzedaż przestronne i funkcjonalne mieszkanie o powierzchni 84 m², położone na 2. piętrze w kameralnym, 3-piętrowym bloku z 1961 roku, przy ul. Probostwo w Śródmieściu Lublina. Mieszkanie przeszło gruntowny remont w 2016 roku i jest gotowe do zamieszkania. Wysokość pomieszczeń 2,7 m zapewnia poczucie przestrzeni i doskonałe doświetlenie wnętrz. Układ mieszkania: - przestronny salon z aneksem kuchennym, - 2 ustawne sypialnie, - łazienka, - praktyczna spiżarnia, - balkon z pięknym widokiem na Zamek Lubelski, - duża piwnica. Atuty nieruchomości: - prestiżowa lokalizacja w Śródmieściu, - zamknięte, ogrodzone podwórko z bramą otwieraną pilotem, - ciche i zielone otoczenie, mimo położenia w centrum miasta, - zadbany blok po termomodernizacji oraz remoncie balkonów, - estetyczne i dobrze utrzymane części wspólne, - funkcjonalny rozkład pomieszczeń. Opłaty: - czynsz około 1 500 zł, obejmujący m.in. ogrzewanie i zaliczki na wodę. Mieszkanie będzie doskonałym wyborem dla osób ceniących komfort życia w centrum miasta, a także jako inwestycja pod wynajem dzięki świetnej lokalizacji i dużemu metrażowi. Pośrednikom dziękuję.",tak,,aneks,,spółdzielcze własnościowe,,51.253883,22.56644
Lublin LSM,ul. Pana Balcera,2,48,460000,9583.0,bez pośredników,,8,https://adresowo.pl/o/mieszkanie-lublin-lsm-ul-pana-balcera-2-pokojowe-q6j0f9,https://s2.adresowa.pl/oi/61/4a/3fa386_3b81_cover@2x-2-pokojowe-mieszkanie-lublin-lsm-ul-pana-balcera.webp,Lublin LSM,Pana Balcera,1,1974.0,blok,,"Sprzedam umeblowane mieszkanie 2-pokojowe przy ul. Pana Balcera na 1. piętrze. Z dużego pokoju wyodrębniono 3. pokój. Oddzielna kuchnia, łazienka, przedpokój. Mieszkanie z balkonem oraz piwnicą. Bardzo dobra lokalizacja, świetnie skomunikowane. W pobliżu znajdują się sklepy, szkoły, przedszkola oraz obiekty sportowe.",tak,,osobna,,,,51.235749,22.526802
Lublin Czechów Południowy,ul. Karola Lipińskiego,4,62,530000,8548.0,bez pośredników,,8,https://adresowo.pl/o/mieszkanie-lublin-czechow-poludniowy-ul-karola-lipinskiego-4-pokojowe-w8q3w8,https://s2.adresowa.pl/oi/3e/1e/3fa10a_2828_cover@2x-4-pokojowe-mieszkanie-lublin-czechow-poludniowy-ul-karola-lipinskiego.webp,Lublin Czechów Południowy,Karola Lipińskiego,parter,1980.0,blok,,"Do zaoferowania przestronne, czteropokojowe mieszkanie na Czechowie. Oferowane mieszkanie posiada świetną lokalizację. Jest położone na Czechowie Południowym na ul. Lipińskiego - bardzo blisko UMCS/KUL/UM, w bliskim otoczeniu sklepy, warzywniak, poczta, park. Mieszkanie dwustronne, położone na parterze. Składa się z 4 oddzielnych pokoi oraz oddzielnej kuchni, wc oraz łazienki. Ogrzewanie z sieci miejskiej. Pod blokiem duży darmowy parking. Mieszkanie przynosi realny kapitał- świetna lokalizacja jako inwestycja dla wynajmujących studentów.",tak,,osobna,plastikowe,własność,,51.25807,22.54613
Lublin Wrotków,ul. Ks. Wincentego Granata,2,39,485000,12436.0,bez pośredników,,1,https://adresowo.pl/o/mieszkanie-lublin-wrotkow-ul-ks-wincentego-granata-2-pokojowe-y6x2s3,https://s2.adresowa.pl/oi/16/16/3f98ca_4d4b_cover@2x-2-pokojowe-mieszkanie-lublin-wrotkow-ul-ks-wincentego-granata.webp,Lublin Wrotków,Ks. Wincentego Granata,3,2025.0,blok,,"Oferuję na sprzedaż 2-pokojowe mieszkanie w bloku. Mieszkanie jest dobrze zaaranżowane i ma osobną kuchnię. Posiada także balkon, który zapewnia dodatkową przestrzeń na relaks. Znajdziesz tutaj jedną łazienkę, co zwiększa komfort codziennego użytkowania. Nieruchomość znajduje się na rynku wtórnym, jest do umeblowania. Kuchnia i łazienka zrobione. To idealna propozycja dla osób szukających spokojnego miejsca do życia. Nie czekaj, skontaktuj się już dziś, aby umówić się na prezentację. Dodatkowo możliwość zakupu parkingu podziemnego 45 tys. Blok z 2025 roku. Ulica Granata 1. Mieszkanie w połowie wykończone, łazienka i kuchnia są zrobione. Podłogi również. Drzwi wstawione. Pozostało umeblować po swojemu.",,,osobna,,,,51.199566,22.552632
Lublin LSM,ul. Juliana Ochockiego,4,62,540000,8710.0,bez pośredników,,8,https://adresowo.pl/o/mieszkanie-lublin-lsm-ul-juliana-ochockiego-4-pokojowe-u9c1t5,https://s2.adresowa.pl/oi/49/14/3f8c54_2d39_cover@2x-4-pokojowe-mieszkanie-lublin-lsm-ul-juliana-ochockiego.webp,Lublin LSM,Juliana Ochockiego,1,,blok,,"Na sprzedaż mieszkanie w bloku czteropiętrowym. Lata 70-te. Ul. Ochockiego 2 Lublin, LSM, os. Prusa. W pobliżu Politechnika, UMCS, szkoła podstawowa, liceum ogólnokształcące. Kontakt wyłącznie telefoniczny. Balkon, piwnica. bez windy.",tak,,,,,,51.235678,22.534605
Lublin Kalinowszczyzna,ul. Franciszka Kleeberga,2,47,420000,8936.0,bez pośredników,,8,https://adresowo.pl/o/mieszkanie-lublin-kalinowszczyzna-ul-franciszka-kleeberga-2-pokojowe-g9a5o3,https://s2.adresowa.pl/oi/20/5f/3f8782_5406_cover@2x-2-pokojowe-mieszkanie-lublin-kalinowszczyzna-ul-franciszka-kleeberga.webp,Lublin Kalinowszczyzna,Franciszka Kleeberga,3,1975.0,blok,,"Sprzedam mieszkanie 2-pokojowe o powierzchni 47,50 m², położone na 3 piętrze w wieżowcu przy ul. Kleeberga na Kalinowszczyźnie. Budynek posiada dwie windy i domofon. Mieszkanie jest jasne i ustawne, znajduje się w środkowej części ocieplonego budynku, okna południowo-wschodnie. Pomieszczenia: - 2 nieprzechodnie pokoje - widna kuchnia - łazienka - oddzielne WC - przedpokój - balkon typu loggia - piwnica Lokalizacja w której znajduje się nieruchomość posiada pełną infrastrukturę: sklepy, szkoły, ośrodki zdrowia, przystanki komunikacji miejskiej, tereny spacerowe i rekreacyjne. Mieszkanie jest umeblowane i wyposażone, po niewielkim odświeżeniu nadaje się do zamieszkania.",tak,,osobna,plastikowe,spółdzielcze własnościowe,,51.256557,22.590425
Lublin Ponikwoda,ul. Nagietkowa,2,41,450000,10976.0,bez pośredników,,3,https://adresowo.pl/o/mieszkanie-lublin-ponikwoda-ul-nagietkowa-2-pokojowe-q2t2m2,https://s2.adresowa.pl/oi/71/24/3f8756_3312_cover@2x-2-pokojowe-mieszkanie-lublin-ponikwoda-ul-nagietkowa.webp,Lublin Ponikwoda,Nagietkowa,2,1995.0,apartamentowiec,,"Oferuję sprzedaż mieszkania o powierzchni 41,35 m². Znajduje się na drugim piętrze w 3-piętrowym apartamentowcu z windą. Budynek jest zlokalizowany w kameralnej inwestycji (łącznie 24 mieszkania w 4 blokach) z dogodnym dojazdem (ul. Nagietkowa, boczna ul. ks. Kłopotowskiego). Wykonanie części wspólnych w najwyższym standardzie - spieki kwarcowe, drzwi aluminiowe. Mieszkanie ma dobrze zorganizowany układ oraz jest narożne, co zapewnia dużo naturalnego światła. Do mieszkania przynależy balkon z wystawą południową. W budynku znajduje się instalacja klimatyzacji, możliwość łatwego montażu jednostki w mieszkaniu. To mieszkanie to doskonała opcja dla osób szukających kameralnych przestrzeni w dobrej lokalizacji. Mieszkanie spółdzielcze własnościowe. Mieszkanie w dzielnicy Ponikwoda, skrzyżowanie ulic Nagietkowej i Narcyzowej. Koniec budowy - II kwartał 2027 r. Dodatkowo płatne miejsce postojowe w podziemnym garażu wielostanowiskowym (40 000 zł) oraz komórka lokatorska o powierzchni 4,79 mkw (10 000 zł). W razie pytań proszę o kontakt.",tak,tak,,,spółdzielcze własnościowe,,51.274324,22.588053
Lublin,ul. Karola Lipińskiego,3,48,520000,10833.0,bez pośredników,,8,https://adresowo.pl/o/mieszkanie-lublin-ul-karola-lipinskiego-3-pokojowe-l2t5x1,https://s2.adresowa.pl/oi/63/6a/3f8080_e9b6_cover@2x-3-pokojowe-mieszkanie-lublin-ul-karola-lipinskiego.webp,Lublin ,Karola Lipińskiego,1,1978.0,blok,,"Na sprzedaż mieszkanie 48,2 m² – Lublin ul. Lipińskiego 15 w 4 piętrowym bloku z 1978 roku. Dogodna lokalizacja, blisko Uniwersytetu Medycznego. • 3 niezależne, nieprzechodnie pokoje zamykane na drzwi • 1. piętro • czynsz do spółdzielni ok. 650-700 zł (z zaliczką na wodę, c.o.) • mieszkanie dwustronne, okna wychodzące na północ i południe • duży parking pod blokiem • brak ruchliwej ulicy pod oknami • monitoring bloku • brak bezpośredniej zabudowy przy oknach – zapewniona prywatność bez „okno w okno” • własnościowe spółdzielcze prawo do lokalu • możliwość zakupu na kredyt, mieszkanie bez obciążeń • sprzedaż bezpośrednia – bez prowizji Układ mieszkania pozwala na wygodne zamieszkanie lub wynajem na 3 pokoje (lepsza rentowność niż standardowe 2 pokoje o podobnym metrażu). Standard: • drewniany parkiet w jodełkę • łazienka z prysznicem • plastikowe okna • kuchnia umeblowana z piekarnikiem, w bardzo dobrym stanie • w 2 pokojach szafa wnękowa w zabudowie • w przedpokoju szafa w zabudowie • mały balkon w największym pokoju • do mieszkania przynależy piwnica. Mieszkanie funkcjonalne, ustawne, gotowe do zamieszkania lub lekkiego odświeżenia. Dostępne od zaraz. Zapraszam do kontaktu.",tak,,,plastikowe,spółdzielcze własnościowe,Wyposażenie: piekarnik,51.257021,22.546939
Lublin Wieniawa,ul. Józefa Sowińskiego,1,39,420000,10769.0,bez pośredników,,8,https://adresowo.pl/o/mieszkanie-lublin-wieniawa-ul-jozefa-sowinskiego-1-pokoj-c4c6s9,https://s2.adresowa.pl/oi/15/5b/3f7b8e_2912_cover@2x-1-pokojowe-mieszkanie-lublin-wieniawa-ul-jozefa-sowinskiego.webp,Lublin Wieniawa,Józefa Sowińskiego,2,1965.0,blok,,"Sprzedam mieszkanie – ul. Sowińskiego 3, Lublin Na sprzedaż mieszkanie o powierzchni 39,55 m², położone na 2. piętrze w atrakcyjnej lokalizacji przy ul. Sowińskiego 3 w Lublinie. Opis mieszkania: - przestronna, jasna kawalerka, - duży, widny pokój, - oddzielna, widna kuchnia, - mały balkon, - do mieszkania przynależy piwnica, - okna plastikowe, - wszystkie instalacje zostały wymienione. Mieszkanie jest funkcjonalne i dobrze doświetlone, idealne zarówno do zamieszkania, jak i jako inwestycja pod wynajem. Cena: 420 000 zł. Pośrednikom i biurom nieruchomości dziękuję – proszę o niekontaktowanie się.",tak,,osobna,,własność,,51.242421,22.539606
Lublin Węglin,ul. Koralowa,3,54,640000,11852.0,bez pośredników,,16,https://adresowo.pl/o/mieszkanie-lublin-weglin-ul-koralowa-3-pokojowe-l2j4l7,https://s2.adresowa.pl/oi/72/16/3f7518_8553_cover@2x-3-pokojowe-mieszkanie-lublin-weglin-ul-koralowa.webp,Lublin Węglin,Koralowa,parter,2013.0,blok,,"Oferuję na sprzedaż funkcjonalne, przestronne i bardzo zadbane mieszkanie o powierzchni 54,64 m², położone na parterze nowoczesnego budynku z 2013 roku, znajdującego się na estetycznym i dobrze zagospodarowanym osiedlu przy ul. Koralowej 2 w Lublinie. Mieszkanie idealne dla osób niepełnosprawnych! Wjazd do mieszkania jest po płaskiej nawierzchni bez jakichkolwiek schodów. Mieszkanie zostało zaprojektowane z myślą o wygodzie mieszkańców i składa się z: dwóch niezależnych sypialni, przestronnego salonu z aneksem kuchennym, dużej, komfortowej łazienki, garderoby, przedpokoju, balkonu. Do mieszkania przynależy komórka lokatorska o powierzchni 1,95 m², zapewniająca dodatkową przestrzeń do przechowywania. Lokal jest w pełni wykończony i nie wymaga żadnych nakładów finansowych. Mieszkanie posiada pełną zabudowę kuchenną i jest gotowe do zamieszkania bez konieczności przeprowadzania remontów czy dodatkowych inwestycji. Blok ma 4 piętra (w tym parter) oraz windę, garaż podziemny z częścią dla pomieszczeń gospodarczych (piwnic). Mieszkanie nie jest nad bramą wjazdową do garażu. Brama jest po przeciwnej stronie budynku. Dodatkowym atutem jest możliwość parkowania samochodu na ogólnodostępnym parkingu przeznaczonym dla mieszkańców wspólnoty, zlokalizowanym bezpośrednio przed budynkiem. Teren parkingu jest zamknięty szlabanem, a właściciel posiada pilot oraz pełny dostęp do strefy parkingowej. Mieszkanie będzie dostępne od 1 sierpnia 2026 roku. Dużym atutem nieruchomości jest jej lokalizacja. Osiedle przy ul. Koralowej to nowoczesna i dynamicznie rozwijająca się część Lublina, ceniona za komfort życia oraz bardzo dobrą infrastrukturę. W najbliższej okolicy znajdują się liczne sklepy, markety, punkty usługowe, apteki, restauracje oraz tereny rekreacyjne. W pobliżu znajdują się również żłobki, przedszkola i szkoły, co sprawia, że jest to doskonałe miejsce dla rodzin z dziećmi. Mieszkańcy mają zapewniony wygodny dostęp do komunikacji miejskiej - w niedalekiej odległości znajdują się przystanki MPK, umożliwiające szybki dojazd do centrum miasta i innych części Lublina. Czynsz administracyjny wynosi około 670 zł przy czteroosobowej rodzinie. Numer księgi wieczystej to LU1I/00332388/7. To idealna propozycja dla osób poszukujących komfortowego mieszkania w nowoczesnym budownictwie, w spokojnej i dobrze skomunikowanej okolicy, gotowego do zamieszkania bez dodatkowych nakładów finansowych. Zapraszam do kontaktu oraz na prezentację mieszkania. Oferta prywatna. Pośrednikom dziękuję za kontakt.",tak,tak,aneks,,własność,,51.225499,22.48545
Lublin Wrotków,ul. Radzikowska,2,57,450000,7895.0,bez pośredników,,10,https://adresowo.pl/o/mieszkanie-lublin-wrotkow-ul-radzikowska-2-pokojowe-p1u0k9,https://s2.adresowa.pl/oi/24/5d/3f74f4_8f88_cover@2x-2-pokojowe-mieszkanie-lublin-wrotkow-ul-radzikowska.webp,Lublin Wrotków,Radzikowska,2,1996.0,blok,,"Oferuję na sprzedaż dwupokojowe mieszkanie o powierzchni 56,67 m2 w bloku z 1996r. znajdującego się przy ul. Radzikowskiej 8 w Lublinie. Mieszkanie jest w pełni umeblowane tak jak na zdjęciach, wyposażone we wszystkie niezbędne sprzęty AGD tj. lodówka, pralka, zmywarka, kuchenka, a także TV. Mieszkanie składa się z salonu o wymiarach 19,71m2 z wyjściem na balkon, przestronnej kuchni z oknem, łazienki 5,75m2 z oknem, jasnego przedpokoju również z oknem oraz przytulnej sypialni o wymiarach 14m2. Do mieszkania przynależy piwnica, a w budynku dostępna jest również rowerownia oraz suszarnia. Blok posiada wewnętrzne podwórko, gdzie można zaparkować samochód.",tak,,,,własność,"Wyposażenie: kuchenka, lodówka, pralka, tv, zmywarka",51.226588,22.550011
Lublin,LSM,2,55,651750,11850.0,bez pośredników,,8,https://adresowo.pl/o/mieszkanie-lublin-lsm-2-pokojowe-55-m2-t5d7e1,https://s2.adresowa.pl/oi/60/6d/3f737c_6485_cover@2x-2-pokojowe-mieszkanie-lublin-lsm.webp,Lublin LSM,,1,,blok,,"LSM 55m2 urocze mieszkanie jak w parku! Elektryka, hydraulika, kuchnia zaplanowana ręką doświadczonego projektanta wnętrz. Projekt wnętrz tego mieszkania, wizualizacje, lista zakupów GRATIS. Piętro 1/4. Bez gazu. Bojler Ariston nowy. Dwa bardzo duże pokoje zamykane na klucz. Oddzielna kuchnia. Balkon, piwnica, parking ze szlabanem, księga wieczysta. *Armatura włoska, szafka łazienkowa, niski brodzik, szafa pod wymiar w przedpokoju, płytki hiszpańskie. SPRZEDAŻ BEZPOŚREDNIA! Pośrednikom dziękuję!",tak,,osobna,,,,51.24001,22.525
Lublin Konstantynów,ul. Szwoleżerów,3,60,599000,9983.0,bez pośredników,,14,https://adresowo.pl/o/mieszkanie-lublin-konstantynow-ul-szwolezerow-3-pokojowe-z2w3f2,https://s2.adresowa.pl/oi/43/19/3f71e2_9b54_cover@2x-3-pokojowe-mieszkanie-lublin-konstantynow-ul-szwolezerow.webp,Lublin Konstantynów,Szwoleżerów,3,1987.0,blok,,"Na sprzedaż funkcjonalne i przestronne mieszkanie 3-pokojowe położone na 3.piętrze w niskim, 4-piętrowym bloku. Mieszkanie jest świeżo odmalowane, w pełni umeblowane i wyposażone - gotowe do zamieszkania od zaraz. Całe wyposażenie zostaje w cenie, dzięki czemu nie wymaga dodatkowych nakładów finansowych. Mieszkanie jest bardzo ciepłe, co przekłada się na komfort użytkowania. Najważniejsze atuty: - 3 jasne i ustawne pokoje, - możliwość wydzielenia 4. pokoju - duży balkon - idealny do wypoczynku, - piwnica o powierzchni 3,6m - funkcjonalny układ pomieszczeń. Świetna lokalizacja! Spokojna i zielona okolica z bardzo dobrą infrastrukturą. W pobliżu znajdują się: szkoły, przedszkola, przystanki MPK, sklepy, punkty handlowo-usługowe, szybki dojazd do centrum miasta, uczelni i obwodnicy. Doskonała propozycja zarówno dla rodzin, jak i osób szukających mieszkania pod inwestycję. Możliwość stworzenia 4. pokoju oraz świetna komunikacja z uczelniami sprawiają, że mieszkanie idealnie nadaje się również pod wynajem. Dla osób zainteresowanych chętnie prześlę więcej zdjęć mieszkania. Zapraszam do kontaktu telefonicznego. Zapraszam na prezentację!",tak,,osobna,plastikowe,własność,,51.237161,22.497682
Lublin Wrotków,ul. Nałkowskich,3,58,580000,10000.0,bez pośredników,,18,https://adresowo.pl/o/mieszkanie-lublin-wrotkow-ul-nalkowskich-3-pokojowe-d0i7z0,https://s2.adresowa.pl/oi/44/26/3f7032_e3c0_cover@2x-3-pokojowe-mieszkanie-lublin-wrotkow-ul-nalkowskich.webp,Lublin Wrotków,Nałkowskich,4,1980.0,blok,,"Oto ostateczna, zaktualizowana wersja ogłoszenia bez emotikonów. Dodałem informacje o klimatyzacji w salonie, roletach dzień-noc oraz siatkach na owady (moskitierach) w oknach. Bezpośrednio: Jasne, 3-pokojowe mieszkanie na Wrotkowie po remoncie – parking za szlabanem Dzień dobry, sprzedam bezpośrednio nasze prywatne, 3-pokojowe mieszkanie zlokalizowane w zielonej i spokojnej części Wrotkowa przy ul. Nałkowskich. Mieszkanie znajduje się na 4. piętrze. Za oknem rosną drzewa, są tu ścieżki spacerowe oraz plac zabaw — czyli to, co najlepsze w dawnym, przestrzennym planowaniu osiedli (brak zaglądania sobie w okna z sąsiadami). Mieszkanie przeszło generalny remont w 2018 roku, jest wolne i do wprowadzenia od zaraz. INFORMACJE O MIESZKANIU (Układ pomieszczeń) Mieszkanie jest bardzo ustawne, jasne i ma niezwykle funkcjonalny rozkład (łączna powierzchnia użytkowa to 58 m²). W skład mieszkania wchodzą: Duży salon z wyjściem na balkon – 25 m² Sypialnia – 10 m² Pokój / biuro – 6 m² Kuchnia (widna, oddzielna) – 9 m² Łazienka – 4 m² Korytarz – 4 m² STAN TECHNICZNY I UDOGODNIENIA Mieszkanie zostało gruntownie odnowione przy użyciu wysokiej jakości materiałów. W ramach przeprowadzonego remontu oraz doposażenia lokalu zapewniono: Klimatyzację: W dużym salonie zainstalowana jest wydajna klimatyzacja, która zapewnia pełen komfort termiczny w upalne dni. Wyposażenie okien: W oknach zamontowane są praktyczne rolety dzień-noc oraz funkcjonalne siatki na muchy (moskitiery). Wymianę instalacji wodnej oraz instalacji kanalizacyjnej. Wymianę instalacji elektrycznej (nowa elektryka). Doprowadzenie zasilania 3-fazowego (siła). Likwidację gazu w mieszkaniu (w kuchni zamontowana jest nowoczesna kuchenka indukcyjna, co zwiększa bezpieczeństwo). Wymianę starych grzejników żeliwnych na estetyczne, współczesne kaloryfery. Prace wykończeniowe ścian: wszystkie ściany zostały pogipsowane i pomalowane. Wymianę drzwi (nowe drzwi wewnętrzne i zewnętrzne). Wykończenie podłóg: w pokojach położono panele, natomiast w kuchni, łazience oraz korytarzu znajduje się trwała terakota. WYPOSAŻENIE W CENIE MIESZKANIA W cenie mieszkania zostaje większość stałej zabudowy oraz sprzętów, dzięki czemu jest ono gotowe do zamieszkania bez nakładów finansowych: Kuchnia: meble wraz z pełnym wyposażeniem AGD (płyta indukcyjna, piekarnik do zabudowy, lodówka, zmywarka, kuchenka mikrofalowa). Sypialnia: pojemna szafa przesuwna. Pokój/biuro: szafa w zabudowie oraz meble biurowe. Korytarz: dodatkowa szafa ubraniowa. Salon: meble pokojowe. Łazienka: pełne wyposażenie wraz z pralką. DODATKOWE ATUTY Parking: Do mieszkania przypisane są dwa piloty do wjazdu na ogólnodostępny parking za szlabanem. Miejsca parkingowe są tu dostępne absolutnie zawsze! Przechowywanie: Do mieszkania przynależy piwnica o powierzchni 2 m² (idealna na rowery czy przetwory). Stan prawny: Pełna własność z Księgą Wieczystą, bez żadnych obciążeń czy hipotek. Stan prawny w pełni uregulowany. OTOCZENIE I LOKALIZACJA Mieszkając tutaj, wszystko masz pod ręką. Wrotków to świetna, samowystarczalna dzielnica Lublina: Rekreacja: Zalew Zemborzycki i ścieżki rowerowe – spacerem lub rowerem dotrzesz tam w kilka minut. Idealne tereny na weekendowy reset i aktywny wypoczynek. Infrastruktura: Dosłownie pod nosem znajdują się sklepy (Lidl, Biedronka), liczne punkty usługowe, przedszkola oraz szkoła. Komunikacja: Blisko przystanki MPK zapewniające świetny i szybki dojazd do centrum oraz na lubelskie uczelnie. SZCZEGÓŁY I PREZENTACJA Sprzedaję mieszkanie prywatnie, dzięki czemu kupujący nie płaci prowizji dla biura nieruchomości. (Biurom i pośrednikom nieruchomości dziękuję – proszę nie dzwonić z ofertą współpracy). Mieszkanie można obejrzeć po wcześniejszym umówieniu telefonicznym – również w weekendy. Jeśli nie będę mógł odebrać, proszę o SMS – na pewno oddzwonię!",tak,tak,osobna,plastikowe,własność,"Wyposażenie: klimatyzacja, kuchenka, lodówka, piekarnik, zmywarka",51.208151,22.543947
Lublin Sławinek,ul. Powstańców Śląskich,2,46,550000,11957.0,bez pośredników,,8,https://adresowo.pl/o/mieszkanie-lublin-slawinek-ul-powstancow-slaskich-2-pokojowe-j0w4s7,https://s2.adresowa.pl/oi/4f/20/3f66ee_78f2_cover@2x-2-pokojowe-mieszkanie-lublin-slawinek-ul-powstancow-slaskich.webp,Lublin Sławinek,Powstańców Śląskich,parter,2003.0,blok,,"Na sprzedaż komfortowe, bezczynszowe mieszkanie o powierzchni 46,35 m², położone w jednej z najbardziej cenionych dzielnic Lublina - Sławinku, w okolicy ul. Powstańców Śląskich. To idealna propozycja dla osób szukających mieszkania z niskimi kosztami utrzymania, ogródkiem oraz garażem. Rozkład mieszkania: - jasny salon, - pokój, - oddzielna kuchnia z wyjściem do ogródka, - łazienka, - przedpokój. Do mieszkania przynależy garaż znajdujący się w bryle budynku, z wejściem zarówno z zewnątrz, jak i bezpośrednio z klatki schodowej. W garażu jest również toaleta oraz dodatkowe pomieszczenie. Garaż objęty jest tą samą księgą wieczystą i nie jest wliczony do powierzchni mieszkania. Atuty nieruchomości: - mieszkanie bezczynszowe - niskie koszty utrzymania, - ogródek, - garaż w cenie, - budynek z 2003 roku, - spokojna i zielona okolica, - funkcjonalny układ pomieszczeń, - bardzo dobra lokalizacja - szybki dojazd do centrum miasta, w pobliżu sklepy, szkoły, przystanki komunikacji miejskiej oraz tereny spacerowe. Mieszkanie sprawdzi się zarówno dla pary jak i jako inwestycja pod wynajem. Zapraszam do kontaktu i umówienia się na prezentację.",,tak,osobna,,,,51.256769,22.524681
Lublin,Czuby,5,106,860000,8113.0,bez pośredników,,12,https://adresowo.pl/o/mieszkanie-lublin-czuby-5-pokojowe-106-m2-x5q9n1,https://s2.adresowa.pl/oi/37/76/3f6452_7934_cover@2x-5-pokojowe-mieszkanie-lublin-czuby.webp,Lublin Czuby,,3,2000.0,blok,,"Mieszkanie posiada dwie oddzielne łazienki na obu poziomach. Mieszkanie jest dobrze skomunikowane. Teren spółdzielni jest bardzo dobrze utrzymany. Posiada alejki spacerowe, ławki, plac zabaw dla dzieci, tereny zielone. W pobliżu są różne sklepy, liczne apteki, przychodnie, siłownia całodobowa. Mieszkanie posiada garaż o powierzchni 18,5 m2. Cena garażu 80 000 zł.",,tak,,,własność,,51.228001,22.514
Lublin Czuby,ul. Bursztynowa,2,53,489000,9226.0,bez pośredników,,7,https://adresowo.pl/o/mieszkanie-lublin-czuby-ul-bursztynowa-2-pokojowe-k1b8x7,https://s2.adresowa.pl/oi/77/5d/3f61a8_9df5_cover@2x-2-pokojowe-mieszkanie-lublin-czuby-ul-bursztynowa.webp,Lublin Czuby,Bursztynowa,1,1999.0,blok,,"Sprzedam mieszkanie o powierzchni 53m2 na pierwszym piętrze. Mieszkanie jest narożne, widne. Z okien widok na drzewa i plac zabaw. Lokal składa się z dwóch pokoi, kuchni, łazienki, balkonu, piwnicy. Znajduje się w trzypiętrowym bloku z 1999r. Czynsz 1.100 zł + gaz i prąd. Odległości: - do lasu: 500m - do szkół: 400m - do kościoła, sklepów: 300m - do sklepów: 300m Pozdrawiam, Artur",tak,,osobna,drewniane,spółdzielcze własnościowe,,51.222858,22.513334
Lublin Śródmieście,al. Racławickie,3,76,745000,9803.0,bez pośredników,,8,https://adresowo.pl/o/mieszkanie-lublin-srodmiescie-al-raclawickie-3-pokojowe-b5q7j9,https://s2.adresowa.pl/oi/6c/52/3f60e8_b585_cover@2x-3-pokojowe-mieszkanie-lublin-srodmiescie-al-raclawickie.webp,Lublin Śródmieście,Racławickie,2,,blok,,"Mieszkanie o pow. 76.8 m kw. Centrum/Wieniawa. Al. Racławickie 40. Blok trzyklatkowy, drugie piętro, jedno mieszkanie na piętrze. Trzy pokoje: 1) 4.5/5.20 = 23,7 m kw. 2) 4.0/4.4 = 17.6 m kw. 3) 3.5/2.3 = 8 m kw. Kuchnia 3/2.9 = 8.7 m kw. Łazienka z oknem 2.8/2.8 = 5.6 m kw. WC 1.9/1.0 = 1.9 m kw. Przedpokój 6.2/1.5 + 1.0/1.0 = 10.3 m kw. Pomieszczenia mają wysokość 2.8 m. Budynek z cegły, ocieplony, nowa stolarka okienna (PCV). Mieszkanie posiada balkon i suchą piwnicę z oknem o pow. ok. 15 m kw. Możliwość korzystania ze strychu do suszenia prania. Za budynkiem miejsca parkingowe dla mieszkańców bloku. Wspólnota mieszkaniowa, domofon. Klatka schodowa ogrzewana. Możliwość pozostawienia sprzętu: lodówka, pralka, zmywarka, ew. mebli. Centralne ogrzewanie, woda podgrzewana piecykiem gazowym Vaillant, kuchenka gazowa. Mieszkanie zadbane.",tak,,,plastikowe,własność,"Wyposażenie: kuchenka, lodówka, pralka, zmywarka",51.250215,22.530651
Lublin Czechów Południowy,ul. Stefana Kisielewskiego,2,51,630000,12353.0,bez pośredników,,7,https://adresowo.pl/o/mieszkanie-lublin-czechow-poludniowy-ul-stefana-kisielewskiego-2-pokojowe-m3g0l8,https://s2.adresowa.pl/oi/46/47/3f5d70_ff8a_cover@2x-2-pokojowe-mieszkanie-lublin-czechow-poludniowy-ul-stefana-kisielewskiego.webp,Lublin Czechów Południowy,Stefana Kisielewskiego,3,2001.0,blok,,"Mieszkanie na sprzedaż o powierzchni 51 m². Znajduje się na 2. piętrze w bloku z 2001 roku. Oferuje pełną własność oraz do zamieszkania. W mieszkaniu znajdują się meble, pralka, zmywarka, lodówka, kuchenka i piekarnik. Dodatkowo, do dyspozycji masz balkon oraz ogrzewanie gazowe. Lokalizacja w Czechowie Południowym w Lublinie zapewnia dostęp do wielu udogodnień. W okolicy znajdziesz: - uczelnie: Uniwersytet Medyczny - kino Multikino - restauracje, takie jak Koh-i-Nori Kebab i Miami Pizza - szkoły, w tym Międzynarodowe Liceum Ogólnokształcące - sklepy, w tym Auchan i centra handlowe Olimp - przystanki autobusowe z dobrym połączeniem do centrum miasta. To idealne miejsce dla osób szukających komfortu i wygody. Skontaktuj się, aby umówić się na prezentację!",,,osobna,plastikowe,własność,"Wyposażenie: kuchenka, lodówka, piekarnik, pralka, zmywarka",51.268373,22.561087
Lublin Śródmieście,ul. Lubartowska,8,98,835000,8520.0,bez pośredników,,15,https://adresowo.pl/o/mieszkanie-lublin-srodmiescie-ul-lubartowska-8-pokojowe-y1x1h4,https://s2.adresowa.pl/oi/45/4c/3f5c52_9aed_cover@2x-8-pokojowe-mieszkanie-lublin-srodmiescie-ul-lubartowska.webp,Lublin Śródmieście,Lubartowska,2,2020.0,kamienica,,"Na sprzedaż nieruchomość inwestycyjna o łącznej powierzchni 98,1 m², zlokalizowana przy ul. Lubartowskiej w Lublinie. Nieruchomość zawiera cztery niezależne mieszkania z częścią wspólną i znajduje się w budynku, który obecnie przechodzi kompleksowy remont obejmujący praktycznie wszystkie elementy. To idealna propozycja dla inwestora szukającego gotowego projektu pod wynajem lub sprzedaż mieszkań po wykończeniu. Najważniejsze atuty: - 98,1 m² powierzchni całkowitej - 4 niezależne lokale mieszkalne - kapitalny remont całego budynku - nowe instalacje elektryczne oraz wodno-kanalizacyjne (osobno dla każdego mieszkania) - wymieniona stolarka okienna - funkcjonalny układ mieszkań - przygotowane instalacje pod kuchnie i łazienki - doskonała lokalizacja blisko centrum Lublina Wizualizacje: Do ogłoszenia dołączone zostały wizualizacje przedstawiające przykładową aranżację jednego z mieszkań. Projekt pokazuje potencjał lokali oraz standard, jaki można osiągnąć po zakończeniu prac wykończeniowych. Nowoczesna, minimalistyczna stylistyka z wydzieloną strefą sypialni, zabudową stolarską oraz pełnowymiarową kuchnią pozwala stworzyć atrakcyjne mieszkania pod wynajem lub sprzedaż. Stan nieruchomości: Najbardziej kosztowne etapy inwestycji zostały już wykonane, dzięki czemu przyszły właściciel przejmuje nieruchomość na etapie przygotowanym do wykończenia. Oferta skierowana jest zarówno do inwestorów indywidualnych, jak i firm poszukujących nieruchomości z wysokim potencjałem wzrostu wartości oraz stabilnego dochodu z najmu. Zapraszam do kontaktu w celu uzyskania szczegółowych informacji oraz umówienia prezentacji. Prezentowane wizualizacje mają charakter poglądowy i przedstawiają przykładową aranżację jednego z lokali. Nie stanowią elementu oferty sprzedaży. Za dodatkową opłatą możemy wykonać indywidualny projekt, każdego mieszkania oraz wycenić materiały i meble potrzebne do jego realizacji. Kontakt najlepiej przez whatsapp.",,,,plastikowe,własność,,51.256618,22.570378
Lublin Dziesiąta,ul. Wyścigowa,4,59,760000,12881.0,bez pośredników,,13,https://adresowo.pl/o/mieszkanie-lublin-dziesiata-ul-wyscigowa-4-pokojowe-x8r6b2,https://s2.adresowa.pl/oi/65/64/3f5b82_4cb3_cover@2x-4-pokojowe-mieszkanie-lublin-dziesiata-ul-wyscigowa.webp,Lublin Dziesiąta,Wyścigowa,1,2025.0,blok,,"Nowe, wykończone 4 pokoje | 59,38 m² | 1. piętro | Apartamenty Wyścigowa | Bez prowizji Oferta prywatna - kupujesz bezpośrednio od właściciela. Brak prowizji dla kupującego. Pośrednikom dziękuję. Na sprzedaż wyjątkowe, nowe i nigdy niezamieszkane mieszkanie 4-pokojowe o powierzchni 59,38 m², znajdujące się na 1. piętrze nowoczesnego budynku Apartamenty Wyścigowa w Lublinie. Mieszkanie zostało kompleksowo wykończone w wysokim standardzie i jest w pełni gotowe do zamieszkania. Nie wymaga żadnych dodatkowych nakładów finansowych ani prac remontowych - wystarczy wnieść swoje rzeczy i zamieszkać. To idealna propozycja dla osób szukających komfortowego mieszkania dla rodziny, pary lub jako bezpiecznej inwestycji pod wynajem. Największe atuty mieszkania: • 4 funkcjonalne pokoje - 59,38 m² • nowe mieszkanie, nigdy niezamieszkane • w pełni wykończone i gotowe do wprowadzenia • 1. piętro - wygodne i praktyczne usytuowanie • dwustronna ekspozycja - świetne doświetlenie przez cały dzień • balkon 4,85 m² • oddzielna toaleta • nowoczesny budynek z windą • funkcjonalny układ dla rodziny lub osób pracujących zdalnie • zakup bezpośrednio od właściciela - bez prowizji • miejsce postojowe w garażu podziemnym (dodatkowo płatne - 40 000 zł) Przemyślany układ pomieszczeń Mieszkanie zostało zaprojektowane tak, aby zapewnić wygodę i maksymalne wykorzystanie przestrzeni. Powierzchnie pomieszczeń: • salon z aneksem kuchennym - 17,84 m² • sypialnia - 10,10 m² • pokój - 8,81 m² • pokój - 8,40 m² • przedpokój - 9,70 m² • łazienka - 3,39 m² • oddzielne WC - 1,65 m² • balkon - 4,85 m² Dużym atutem jest czytelny podział na część dzienną i prywatną. Salon z aneksem kuchennym stanowi wygodną przestrzeń do wspólnego spędzania czasu, natomiast trzy osobne pokoje zapewniają prywatność i komfort wszystkim domownikom. Taki układ świetnie sprawdzi się dla: - rodziny z dziećmi, - osób pracujących zdalnie, - osób potrzebujących dodatkowego pokoju na biuro lub gabinet, - inwestorów szukających mieszkania pod wynajem. Apartamenty Wyścigowa - komfortowa inwestycja Mieszkanie znajduje się w nowoczesnej inwestycji Apartamenty Wyścigowa. Osiedle zostało zaprojektowane z myślą o wygodzie mieszkańców - oferuje estetyczne części wspólne, nowoczesną architekturę, windę oraz podziemną halę garażową. To miejsce łączy komfort codziennego życia z dogodnym dostępem do najważniejszych punktów Lublina. Lokalizacja Ul. Wyścigowa to dynamicznie rozwijająca się część miasta, zapewniająca wygodny dostęp do infrastruktury potrzebnej na co dzień. W pobliżu znajdują się m.in.: - sklepy i punkty usługowe, - szkoły i przedszkola, - tereny rekreacyjne, - komunikacja miejska, - główne arterie umożliwiające szybki dojazd do centrum Lublina. To idealne miejsce dla osób, które chcą mieszkać w spokojnej okolicy, jednocześnie pozostając blisko miejskich udogodnień. Zapraszam do kontaktu i obejrzenia mieszkania na żywo. Oferta prywatna. Sprzedaż bezpośrednia od właściciela. Kupujący nie płaci prowizji. Pośrednikom dziękuję.",,tak,aneks,plastikowe,własność,,51.223266,22.56655
Lublin Węglin,ul. Gęsia,2,50,568000,11360.0,bez pośredników,,14,https://adresowo.pl/o/mieszkanie-lublin-weglin-ul-gesia-2-pokojowe-b1a7g3,https://s2.adresowa.pl/oi/44/2a/3f5afc_9c1d_cover@2x-2-pokojowe-mieszkanie-lublin-weglin-ul-gesia.webp,Lublin Węglin,Gęsia,parter,2012.0,blok,,"Sprzedam 2-pokojowe mieszkanie w bloku z 2012 roku. Znajduje się na pierwszym piętrze i ma powierzchnię 50,32 m². Do mieszkania przynależą dwa balkony oraz piwnica o powierzchni 6,62 m². Ogrzewanie miejskie zapewnia komfort w chłodne dni. Czynsz wynosi 875 PLN. Mieszkanie położone jest w Węglinie Południowym, w Lublinie. W pobliżu znajdziesz wiele udogodnień, takich jak: - Sklepy: Stokrotka Express, Lewiatan - Restauracje: Bombardino, Musi Sushi - Park Węglin, idealny na spacery - Przystanki autobusowe: Gęsia II 01, Roztocze 01 W okolicy znajdują się również szkoły, przedszkola i uczelnie, co czyni to miejsce idealnym dla rodzin. W niedalekiej odległości są również przychodnie i apteki. Dodatkowo możliwość zakupienia miejsca postojowego pod płytą za 65 000,00 zł.",tak,tak,,plastikowe,własność,,51.22557,22.483925
Lublin,ul. Przyjaźni,2,37,409000,11054.0,bez pośredników,,8,https://adresowo.pl/o/mieszkanie-lublin-ul-przyjazni-2-pokojowe-w2k2b8,https://s2.adresowa.pl/oi/19/6c/3f5646_54d6_cover@2x-2-pokojowe-mieszkanie-lublin-ul-przyjazni.webp,Lublin ,Przyjaźni,parter,1970.0,blok,,"2-pokojowe mieszkanie w zielonej okolicy - blisko centrum, gotowe do zamieszkania! Na sprzedaż przytulne i funkcjonalne mieszkanie o bardzo praktycznym układzie. Składa się z przestronnego salonu z aneksem kuchennym, oddzielnego pokoju (idealnego na sypialnię lub pokój dziecięcy) oraz łazienki. To doskonała propozycja dla singla, pary lub rodziny z dzieckiem. Najważniejsze atuty nieruchomości: * salon z aneksem kuchennym * duża wyspa ułatwiająca przygotowywanie posiłków oraz miejsce wspólnego jedzenia * nowa lodówka * nowa pralko-suszarka * mikrofalówka * zmywarka * piekarnik * płyta indukcyjna * oddzielny pokój - sypialnia lub pokój dla dziecka, * dwie duże szafy * rolety zaciemniające zamówione pod wymiar * piwnica oraz wózkownia, * klatka na kod, * możliwość korzystania z wynajętego miejsca postojowego na ogrodzonym parkingu, * spokojni i życzliwi sąsiedzi. Świetna lokalizacja: Mieszkanie położone jest na cichym, zielonym osiedlu z licznymi placami zabaw i terenami spacerowymi. W pobliżu znajduje się rzeka, która zachęca do spacerów i aktywnego wypoczynku. Do centrum dojdziesz pieszo w około 15-20 minut, a przystanek autobusowy znajduje się zaledwie kilka minut od budynku. Na co dzień docenisz również doskonałą infrastrukturę - szkoła i przedszkole znajdują się dosłownie obok bloku. Pod samym domem jest sklep Żabka, a w odległości około 3 minut spacerem znajdują się kolejne sklepy. To mieszkanie łączy wygodę życia blisko centrum z ciszą, zielenią i rodzinną atmosferą osiedla. Mieszkanie przeszło generalny remont w 2020 i zostało odświeżone w 2024. W mieszkaniu nie ma piecyka gazowego. Cena nie obejmuje łóżka dziecięcego, telewizora, klimatyzatora, ekspresu do kawy i rzeczy osobistych :) Zapraszam do kontaktu oraz na prezentację - warto zobaczyć je na żywo! Pośrednikom i agencjom nieruchomości dziękuję. Nie jestem zainteresowany nawiązaniem współpracy. Proszę o kontakt wyłącznie osoby zainteresowane zakupem mieszkania.",tak,,aneks,,,"Wyposażenie: lodówka, mikrofalówka, piekarnik, suszarka, telewizor, zmywarka",51.243477,22.588021
Lublin Kalinowszczyzna,ul. Józefa Kustronia,3,48,439000,9146.0,bez pośredników,,15,https://adresowo.pl/o/mieszkanie-lublin-kalinowszczyzna-ul-jozefa-kustronia-3-pokojowe-k2q4m1,https://s2.adresowa.pl/oi/5b/51/3f5360_cc0b_cover@2x-3-pokojowe-mieszkanie-lublin-kalinowszczyzna-ul-jozefa-kustronia.webp,Lublin Kalinowszczyzna,Józefa Kustronia,4,1970.0,blok,,"Na sprzedaż funkcjonalne, bardzo jasne mieszkanie o powierzchni 48,6 m², położone na 4 piętrze w budynku przy ul. Kustronia 2 na Kalinowszczyźnie. Największym atutem nieruchomości jest wyjątkowy, niczym nieprzesłonięty widok na panoramę Lublina i Stare Miasto. Z okien oraz z balkonu można podziwiać zieleń i zabytkową część miasta, co jest rzadkością w tej lokalizacji. Mieszkanie posiada dwustronną ekspozycję (południe i zachód), dzięki czemu przez cały dzień jest doskonale doświetlone. Lokal wymaga remontu, co daje możliwość aranżacji wnętrza według własnych potrzeb i gustu. Rozkład pomieszczeń: - salon z wyjściem na balkon - 12,96 m² - sypialnia - 9,87 m² - pokój - 9,11 m² - oddzielna kuchnia z oknem - 7,11 m² - łazienka - 2,37 m² - osobne WC - 0,90 m² - przedpokój - 6,34 m² Dodatkowo: - balkon o powierzchni ok. 4,48 m² - piwnica 2,7 m² Najważniejsze atuty: - wyjątkowy widok na panoramę Lublina i Stare Miasto - jasne, dwustronne mieszkanie (południe-zachód) - 3 niezależne pokoje - oddzielna kuchnia z oknem - bardzo duży balkon - pełna własność - mieszkanie daje duże możliwości aranżacyjne - idealne zarówno do zamieszkania, jak i jako inwestycja pod wynajem Lokalizacja: Nieruchomość znajduje się w świetnie skomunikowanej części Kalinowszczyzny, zaledwie kilka minut od centrum miasta. W najbliższej okolicy znajdują się: - sklepy i punkty usługowe, - szkoły i przedszkola, - przystanki komunikacji miejskiej, - tereny zielone i spacerowe. Dzięki bliskości centrum oraz uczelni mieszkanie będzie doskonałym wyborem zarówno dla rodziny, jak i inwestora. Informacje podstawowe: - Powierzchnia: 48,6 m² - Liczba pokoi: 3 - Piętro: 4 - Forma własności: pełna własność - Balkon: ok. 4,48 m² - Piwnica: 2,7 m² - Ogrzewanie i ciepła woda z sieci miejskiej - Czynsz obejmuje m.in. ogrzewanie oraz zimną wodę. Oferta prywatna - bez pośredników. Zapraszam do kontaktu.",tak,,osobna,plastikowe,własność,,51.25292,22.587266
Lublin LSM,ul. Grażyny,2,49,499000,10184.0,bez pośredników,,17,https://adresowo.pl/o/mieszkanie-lublin-lsm-ul-grazyny-2-pokojowe-v7t7w0,https://s2.adresowa.pl/oi/54/36/3f4e24_cace_cover@2x-2-pokojowe-mieszkanie-lublin-lsm-ul-grazyny.webp,Lublin LSM,Grażyny,parter,1968.0,blok,,"BEZPOŚREDNIO sprzedam niezwykle funkcjonalne, 2-pokojowe mieszkanie o powierzchni 49,3 m², zlokalizowane w sercu lubelskiego LSM-u przy ul. Grażyny. Mieszkanie mieści się na wysokim parterze (wejście po zaledwie ok. 7 stopniach) w kameralnym, niskim, 3-piętrowym bloku zbudowanym z tradycyjnej czerwonej cegły (świetna akustyka i izolacja cieplna). Okna PCV skierowane są na stronę zachodnią, co zapewnia doskonałe doświetlenie w drugiej połowie dnia oraz piękny, kojący widok na dojrzałe tereny zielone - brak ruchu ulicznego pod oknami! STAN TECHNICZNY I WYPOSAŻENIE (Mieszkanie bez nakładów finansowych!): Mieszkanie w 2020 roku przeszło generalny remont od podstaw i jest w pełni przygotowane do zamieszkania lub dalszego wynajmu. Instalacje: Wymieniono całą instalację elektryczną (miedź) oraz wodno-kanalizacyjną. Kuchnia: Oddzielna, widna, w pełni umeblowana i wyposażona w sprzęt AGD (lodówka, kuchenka gazowa, piekarnik, mikrofalówka, pralka). Co ważne - w kuchni przygotowano już przyłącze pod płytę indukcyjną (siła/3 fazy), jeśli przyszły właściciel chciałby zrezygnować z gazu. Łazienka i WC: Osobna łazienka oraz niezależna toaleta - wyremontowane od podstaw w nowoczesnym standardzie. Meble: Wszystkie meble widoczne na zdjęciach zostają w mieszkaniu - idealna opcja dla inwestora (gotowiec inwestycyjny, który od 2020 roku bezprzerwowo zarabiał na wynajmie studentom) lub na start dla pary/singla. ROZKŁAD POMIESZCZEŃ: Przestronny, ustawny salon (ok. 19,7 m²) z wyjściem na duży balkon, Sypialnia/pokój (ok. 11,4 m²), Oddzielna kuchnia ( ok. 8,7 m² )z oknem, Łazienka, Osobne WC, Przedpokój. DODATKOWE ATUTY: Duży balkon: Zabezpieczony specjalnie wykonaną, bardzo estetyczną kratą, która gwarantuje 100% bezpieczeństwa i świetnie wpisuje się w architekturę budynku. Duża piwnica: Do mieszkania przynależy spora piwnica o powierzchni ok. 6 m² (idealna na rowery czy wózek). Stan prawny: PEŁNA WŁASNOŚĆ Z KSIĘGĄ WIECZYSTĄ (czysta hipoteka, brak obciążeń - idealne pod kredyt). Posiadam Świadectwo Charakterystyki Energetycznej budynku. LOKALIZACJA: LSM to jedna z najbardziej pożądanych dzielnic Lublina. Wszystko, co potrzebne do życia, znajduje się w zasięgu krótkiego spaceru: CH E.Leclerc, targowisko przy ul. Wileńskiej, przychodnie, szkoły, przedszkola oraz malowniczy wąwóz LSM. Dzięki bliskości kluczowych lubelskich uczelni (UMCS, Politechnika, Uniwersytet Przyrodniczy) mieszkanie stanowi doskonałą, bezpieczną lokatę kapitału pod wynajem. Pod blokiem znajduje się ogólnodostępny parking dla mieszkańców. Cena: 499 000 (do rozsądnej negocjacji). Zapraszam do kontaktu i na prezentację mieszkania! Biurom nieruchomości i pośrednikom dziękuję - sprzedaż wyłącznie bezpośrednia.",tak,,osobna,,własność,"Wyposażenie: kuchenka, lodówka, mikrofalówka, piekarnik, pralka",51.243492,22.527539
Lublin Śródmieście,ul. Ochotnicza,4,97,775000,7990.0,bez pośredników,,11,https://adresowo.pl/o/mieszkanie-lublin-srodmiescie-ul-ochotnicza-4-pokojowe-x8w7n6,https://s2.adresowa.pl/oi/4c/62/3f4494_692b_cover@2x-4-pokojowe-mieszkanie-lublin-srodmiescie-ul-ochotnicza.webp,Lublin Śródmieście,Ochotnicza,1,1960.0,kamienica,,"Sprzedam mieszkanie 97 mkw, 4 niezależne pokoje. Do mieszkania przynależy piwnica oraz balkon. Parkowanie na ulicy. Mieszkanie dwustronne: dwa pomieszczenia z widokiem na cichą ulicę, a pozostałe dwa na zielony ogród. Atrakcyjne położenie w Śródmieściu, dostęp do komunikacji miejskiej. Budynek murowany z lat 60., dobrze utrzymany i ocieplony. Uczelnie wyższe w odległości spacerowej. Lokalizacja atrakcyjna dla rodziny lub na wynajem dla studentów. Mieszkanie było wynajmowane od lat, nigdy nie było problemów ze znalezieniem najemców. Oferta prywatna, proszę o kontakt wyłącznie potencjalnych nabywców. Nie chcę zawierać umowy o pośrednictwo. Miesięczne opłaty 1250 zł, w tym fundusz remontowy.",tak,,,,,,51.239429,22.55345
Lublin LSM,ul. Pana Balcera,4,62,569000,9177.0,bez pośredników,,18,https://adresowo.pl/o/mieszkanie-lublin-lsm-ul-pana-balcera-4-pokojowe-t9d6o7,https://s2.adresowa.pl/oi/39/5a/3f3fd4_46b6_cover@2x-4-pokojowe-mieszkanie-lublin-lsm-ul-pana-balcera.webp,Lublin LSM,Pana Balcera,10,1975.0,blok,,"Na sprzedaż dwustronne, panoramiczne 4-pokojowe mieszkanie o powierzchni 62 m² (pełna własność z Księgą Wieczystą). Lokal znajduje się na 10. piętrze w odnowionym bloku przy ul. Pana Balcera 1 (widok na Lublin, parki, wąwozy i Zalew). Doskonała logistyka i parking: Rejon ul. Zana i Filaretów. Przystanki MPK tuż obok bloku gwarantują dojazd w każdy punkt miasta do 15 minut. Pieszy dystans do miasteczka akademickiego (UMCS, KUL, UP, PL). Bezpośrednio przy budynku znajduje się duży parking przeznaczony dla mieszkańców. Wszystko w zasięgu spaceru: 100 metrów do Biedronki, blisko do Stokrotki, Rossmanna, E.Leclerca oraz Media Marktu. Obok mieszczą się siłownie, klub fitness Endorfina Zana, hala ""Globus"". Wokół pełna i bezpieczna infrastruktura dla rodzin oraz studentów: szkoły podstawowe, przedszkola, przychodnie zdrowia, parki, punkty usługowe, restauracje i kawiarnie. Bogate zaplecze bez dodatkowych opłat: Do mieszkania przynależy balkon oraz piwnica. Atutem są pomieszczenia gospodarcze (komórka lokatorska oraz suszarnia) zlokalizowane kilka metrów od drzwi mieszkania. Ustawny rozkład: Przemyślany układ 4 niezależnych pokoi daje możliwości aranżacyjne dla rodziny lub pod wynajem pokoi dla studentów. Standard i wykończenie: Okna wymienione na PCV, podłączony światłowód (dostępne oferty 5 operatorów). W pokojach znajduje się drewniana mozaika. Niskie koszty: Mieszkanie jest ekonomiczne w utrzymaniu. Czynsz 849 zł, zawiera zaliczki za wodę, ścieki, CO, fundusz remontowy, sprzątanie klatek oraz śmieci. Stan prawny: Pełna własność (czysta Księga Wieczysta) Okna: PCV Media: światłowód (5 operatorów do wyboru), gaz, prąd Ogrzewanie: Z sieci miejskiej Zawsze ciepła woda z pełną kontrolą kosztów: Oszczędny podgrzewacz gazowy pozwala płacić wyłącznie za faktyczne zużycie – bez narzucanych z góry, wysokich opłat stałych w czynszu. W razie potrzeby układ techniczny mieszkania umożliwia przejście na nowoczesny podgrzewacz elektryczny. CENA: 569 000 zł Zapraszam do kontaktu bezpośredniego i na prezentację nieruchomości: Dariusz tel. [numer] Informacja dla biur nieruchomości: Współpraca wyłącznie z konkretnym, zdecydowanym klientem. Prowizja 0% ze strony sprzedającego. Zakaz kopiowania treści i zdjęć.",tak,tak,osobna,plastikowe,własność,,51.237065,22.525046
Lublin Ponikwoda,ul. Konrada Bielskiego,2,56,645000,11518.0,bez pośredników,,11,https://adresowo.pl/o/mieszkanie-lublin-ponikwoda-ul-konrada-bielskiego-2-pokojowe-x0r2g6,https://s2.adresowa.pl/oi/79/20/3f3ae2_2852_cover@2x-2-pokojowe-mieszkanie-lublin-ponikwoda-ul-konrada-bielskiego.webp,Lublin Ponikwoda,Konrada Bielskiego,2,2009.0,blok,,"Na sprzedaż gotowe do wprowadzenia, w pełni wyposażone mieszkanie o wysokim standardzie, niewymagające żadnych nakładów finansowych. Lokal o powierzchni 56,61 m² znajduje się na II piętrze w trzypiętrowym budynku z 2009 roku z windą. Położony w cichej, spokojnej okolicy, a jednocześnie z szybkim dojazdem do centrum (ok. 3,5 km). Cena: 645 000 zł + miejsce w garażu podziemnym 60 000 zł (zakup obligatoryjny) = 705 000 zł (cena do negocjacji) Oferta bezpośrednia – brak prowizji od kupującego. Pośrednikom dziękujemy. Rozkład pomieszczeń (56,61 m²): Salon z aneksem kuchennym – przestronna, jasna przestrzeń dzienna z wyjściem na balkon, klimatyzacją, rozkładaną kanapą i okrągłym, rozkładanym stołem. Sypialnia – z klimatyzacją, dwoma pojemnymi szafami oraz dużym, wykonanym na wymiar biurkiem do pracy. Łazienka – wyposażona w wannę oraz pralko-suszarkę LG. Przedpokój – z praktyczną, pojemną szafą wnękową. Balkon (5,7 m²) – z widokiem na zieleń i niską zabudowę. Piwnica (8,6 m²) – duża, wysoka, zlokalizowana na poziomie -1, z regałami i półkami. Najważniejsze atuty nieruchomości: Przechowywanie: mnóstwo miejsca w samym mieszkaniu (szafy w przedpokoju, sypialni i salonie) oraz wyjątkowo duża i wysoka piwnica (8,6 m²) z regałami i półkami Nowoczesne technologie: klimatyzacja z funkcją grzania w salonie i sypialni (sterowana aplikacją), inteligentne oświetlenie Philips Hue oraz inteligentne termostaty grzejnikowe. Bezpieczeństwo: osiedle zamknięte, monitorowane i całodobowo chronione (z portiernią). Parking: miejsce w garażu podziemnym + swobodna możliwość zostawienia drugiego auta na ogólnodostępnym parkingu tylko dla mieszkańców. Balkon z udogodnieniem: przestronny balkon wyposażony w solarny system nawadniania roślin (wykorzystujący skropliny z klimatyzacji). Klimatyzacja z funkcją ogrzewania w salonie i sypialni (sterowana także aplikacją). Opłaty eksploatacyjne: czynsz przy 3 osobach, łącznie z opłatą za miejsce postojowe, ok. 700 zł, w czynszu m. in. ogrzewanie centralne z sieci LPEC, koszty ekspoatacji mieszkania, garażu i części wspólnych, fundusz remontowy. Dodatkowo płatne media to prąd i woda wg zużycia oraz wywóz śmieci, ew. internet etc. Stan prawny: Pełna własność z księgą wieczystą (odrębna KW dla mieszkania i garażu). Brak jakichkolwiek obciążeń, służebności czy hipotek. Zapraszam do kontaktu.",tak,tak,aneks,plastikowe,własność,"Wyposażenie: internet, klimatyzacja, suszarkę",51.273242,22.576296
Lublin Sławin,ul. Jemiołowa,4,72,990000,13750.0,bez pośredników,,13,https://adresowo.pl/o/mieszkanie-lublin-slawin-ul-jemiolowa-4-pokojowe-p3b9v4,https://s2.adresowa.pl/oi/34/12/3f3436_8385_cover@2x-4-pokojowe-mieszkanie-lublin-slawin-ul-jemiolowa.webp,Lublin Sławin,Jemiołowa,2,2021.0,blok,,"Na sprzedaż oferuję komfortowe i funkcjonalne mieszkanie o powierzchni 72,32 m², położone na 2. piętrze nowoczesnego budynku z 2021 roku z windą, na cenionym osiedlu Sławin w Lublinie. Rozkład mieszkania: - przestronny salon z aneksem kuchennym, - 3 niezależne pokoje (sypialnia, pokój dziecięcy, gabinet), - łazienka, - osobne WC, - funkcjonalny przedpokój, - balkon o powierzchni 6,54 m². Do mieszkania przynależy zamykany box garażowy o powierzchni 16 m², który zapewnia wygodne i bezpieczne miejsce do parkowania oraz dodatkową przestrzeń do przechowywania. W pobliżu znajdują się sklepy, szkoła, przedszkole, przystanki komunikacji miejskiej, kościół oraz tereny rekreacyjne, dzięki czemu jest to doskonałe miejsce zarówno dla rodzin, jak i osób ceniących komfort i szybki dojazd do centrum.",,tak,aneks,plastikowe,własność,,51.270718,22.503322
Lublin LSM,ul. Mieszka I,3,55,519000,9436.0,bez pośredników,,19,https://adresowo.pl/o/mieszkanie-lublin-lsm-ul-mieszka-i-3-pokojowe-e3u1q0,https://s2.adresowa.pl/oi/73/24/3f33da_6d98_cover@2x-3-pokojowe-mieszkanie-lublin-lsm-ul-mieszka-i.webp,Lublin LSM,Mieszka I,4,1969.0,blok,,"3 pokoje | 55,9 m² | LSM – Piastowskie | Winda | Balkon | Po remoncie kuchni i łazienki | Idealne dla rodziny lub pod inwestycję Na sprzedaż oferuję jasne, przestronne i funkcjonalne mieszkanie o powierzchni 55,9 m², położone na 4. piętrze w budynku z windą przy ul. Mieszka I na lubelskim osiedlu Piastowskim (LSM). To doskonała propozycja zarówno dla rodziny, jak i inwestora. Dzięki bliskości UMCS, KUL, Politechniki Lubelskiej oraz innych uczelni mieszkanie świetnie sprawdzi się również jako inwestycja pod wynajem. Rozkład mieszkania Mieszkanie składa się z: • przestronnego salonu – 16,92 m² • pokoju – 9,27 m² • sypialni – 9,02 m² • oddzielnej kuchni – 6,42 m² • łazienki – 1,99 m² • oddzielnego WC – 1,19 m² • przedpokoju – 6,85 m² • balkonu. Do mieszkania przynależy również duża piwnica o powierzchni ponad 7 m² z nowymi drzwiami antywłamaniowymi, a dodatkowym atutem jest znajdująca się pod nią praktyczna piwniczka. Stan mieszkania Najbardziej kosztowne pomieszczenia zostały już wyremontowane. Nowoczesna, oddzielna kuchnia została wyposażona w zabudowę meblową wykonaną na wymiar. W cenie mieszkania pozostają: • zmywarka, • piekarnik, • płyta gazowa, • lodówka. Łazienka została wyremontowana w nowoczesnym stylu i wyposażona w prysznic typu walk-in z odpływem liniowym. W mieszkaniu pozostaje również pralka. W kuchni, łazience i WC wymieniono instalację elektryczną. Pozostałe pomieszczenia dają możliwość urządzenia według własnego gustu i potrzeb, bez konieczności wykonywania najbardziej kosztownych prac remontowych. Lokalizacja Osiedle Piastowskie to jedna z najbardziej cenionych lokalizacji w Lublinie. W pobliżu znajdują się: • UMCS, KUL, Politechnika Lubelska i inne uczelnie, • sklepy i punkty usługowe, • centrum handlowe Globus, • szkoły i przedszkola, • place zabaw, • tereny zielone, • hala sportowa, • liczne przystanki komunikacji miejskiej. Do centrum Lublina jest około 3 km, a dojazd do każdej części miasta jest szybki i wygodny. Dodatkowe informacje • powierzchnia: 55,9 m² 4. piętro • budynek z windą • rok budowy: 1969 • spółdzielcze własnościowe prawo do lokalu • ogrzewanie z sieci miejskiej • ciepła woda z piecyka gazowego • światłowód • czynsz ok. 730 zł + media Dodatkowe atuty ✔ bardzo funkcjonalny układ 3 niezależnych pokoi ✔ jasne i słoneczne mieszkanie ✔ oddzielna kuchnia ✔ balkon ✔ budynek z windą ✔ duża piwnica ✔ spokojna, zielona okolica ✔ świetna komunikacja z całym miastem ✔ idealne zarówno do zamieszkania, jak i pod wynajem Do ogłoszenia dołączony jest profesjonalny rzut mieszkania wykonany przez architekta z dokładnymi wymiarami wszystkich pomieszczeń, a także wizualizacje 3D i film, które pokazują potencjał aranżacyjny nieruchomości. Mieszkanie sprzedawane jest bez pośredników. Ze względu na to, że mieszkam w Wielkiej Brytanii, proszę o kontakt przede wszystkim przez WhatsApp. [numer]",tak,,osobna,plastikowe,spółdzielcze własnościowe,"Wyposażenie: lodówka, piekarnik, pralka, zmywarka",51.240335,22.535537
Lublin Węglin,ul. Kryształowa,4,74,1080000,14595.0,bez pośredników,,5,https://adresowo.pl/o/mieszkanie-lublin-weglin-ul-krysztalowa-4-pokojowe-i9f8n5,https://s2.adresowa.pl/oi/77/1e/3f2924_aca8_cover@2x-4-pokojowe-mieszkanie-lublin-weglin-ul-krysztalowa.webp,Lublin Węglin,Kryształowa,3,2015.0,blok,,"Oferuję na sprzedaż przestronne mieszkanie o powierzchni 74,6 m², znajdujące się na trzecim piętrze pięciopiętrowego bloku. Mieszkanie jest w stanie do zamieszkania i znajduje się w pionie o podwyższonym standardzie. Dodatkowo do mieszkania przynależy balkon oraz dodatkowo płatne: - piwnica (20 tys.) - miejsce parkingowe w garażu podziemnym (50 tys.) - miejsce postojowe zewnętrzne (30 tys.) W budynku znajduje się winda oraz system zabezpieczeń. Lokalizacja w Węglinie Południowym w Lublinie zapewnia dogodny dostęp do infrastruktury. W pobliżu znajdują się: - przystanki autobusowe - sklepy spożywcze - kawiarnie i restauracje - szkoły i przedszkola - las (Stary Gaj) Wszystko, co potrzebne do wygodnego życia, masz na wyciągnięcie ręki. Zainteresowany? Skontaktuj się ze mną, aby umówić się na prezentację!",tak,tak,,drewniane,własność,,51.223611,22.496987
Lublin Śródmieście,ul. Cicha,2,51,498000,9765.0,bez pośredników,,15,https://adresowo.pl/o/mieszkanie-lublin-srodmiescie-ul-cicha-2-pokojowe-y2w9e4,https://s2.adresowa.pl/oi/1f/43/3f2898_d4ba_cover@2x-2-pokojowe-mieszkanie-lublin-srodmiescie-ul-cicha.webp,Lublin Śródmieście,Cicha,3,1960.0,blok,,"Na sprzedaż 2-pokojowe mieszkanie o powierzchni 51,73 m², zlokalizowane w ścisłym centrum Lublina przy ul. Cichej 7. Ze względu na położenie tuż obok głównych uczelni wyższych oraz Placu Litewskiego, nieruchomość sprawdzi się zarówno jako wygodne miejsce do życia, jak i stabilna inwestycja pod wynajem. Ogłoszenie prywatne - sprzedaż bez prowizji dla biura nieruchomości. Największe atuty nieruchomości: - Lokalizacja: Zaledwie 300 metrów do Placu Litewskiego. W bezpośrednim sąsiedztwie znajdują się budynki Uniwersytetu Medycznego. Wszelkie sklepy, usługi i przystanki autobusowe są w zasięgu krótkiego spaceru. - Prywatny parking: Dużym udogodnieniem w tej części Śródmieścia jest możliwość parkowania samochodu na zamkniętym podwórku kamienicy (wjazd przez bramę na pilota), wyłącznie dla mieszkańców. - Korzystna ekspozycja: Mieszkanie jest trójstronne, bez ekspozycji zachodniej. Zapewnia to dobre doświetlenie w ciągu dnia, a jednocześnie chroni przed nadmiernym nagrzewaniem się pomieszczeń w lecie. Większy pokój posiada balkon z widokiem na zieleń. - Ogrzewanie i ciepła woda miejska: W mieszkaniu nie ma żadnego piecyka gazowego, a opłaty za ogrzewanie i ciepłą wodę zawarte są w czynszu administracyjnym. Podstawowe informacje: - Powierzchnia: 51,73 m² - Liczba pokoi: 2 oddzielne pokoje - Piętro: 3 w 4-piętrowym budynku z cegły (brak windy) - Czynsz administracyjny: ok. 800 zł (zawiera opłaty za wszystkie media poza prądem i gazem do kuchenki gazowej) Układ i stan techniczny: Mieszkanie ma funkcjonalny, dwustronny układ. Składa się z dwóch niezależnych pokoi, dużej, oddzielnej kuchni z oknem, łazienki oraz przedpokoju. Kuchnia jest wyposażona w niezbędny sprzęt (zmywarka, piekarnik, płyta gazowa), a w łazience znajduje się prysznic i pralka. Do lokalu przynależy również piwnica o powierzchni 3,74 m². W pokojach zachowano klasyczną drewnianą mozaikę, okna są drewniane. Nieruchomość jest zadbana i gotowa do zamieszkania od zaraz, jednocześnie daje nowemu nabywcy swobodę w zakresie ewentualnego remontu lub własnej aranżacji wnętrza. Stan prawny: Pełna własność z założoną Księgą Wieczystą (brak obciążeń). Zapraszam do kontaktu i obejrzenia mieszkania na żywo. Chętnie odpowiem na wszelkie pytania. W razie trudności z połączeniem na telefon, proszę o kontakt mailowy. (Powyższy opis nie stanowi oferty w rozumieniu przepisów kodeksu cywilnego)",tak,,osobna,drewniane,własność,"Wyposażenie: piekarnik, pralka, zmywarka",51.250173,22.557244
Lublin Sławin,ul. Tarasowa,2,46,479000,10413.0,bez pośredników,,8,https://adresowo.pl/o/mieszkanie-lublin-slawin-ul-tarasowa-2-pokojowe-c3s6s5,https://s2.adresowa.pl/oi/41/31/3f2870_6642_cover@2x-2-pokojowe-mieszkanie-lublin-slawin-ul-tarasowa.webp,Lublin Sławin,Tarasowa,parter,2001.0,blok,,"Przytulne, funkcjonalne 2-pokojowe mieszkanie, 46,8 m², ul. Tarasowa, os. Sławin. Na sprzedaż ładne i funkcjonalne mieszkanie 2-pokojowe o powierzchni 46,8 m², położone na parterze w 3-piętrowym bloku z 2001 r. Układ mieszkania: Salon ok. 20 m² z balkonem. Sypialnia ok. 10 m² z szafą w zabudowie. Oddzielna kuchnia ok. 8 m². Łazienka z prysznicem i WC ok. 4 m². Przedpokój. Do mieszkania przynależy piwnica. Czynsz administracyjny ok. 400 PLN, własne ogrzewanie. Lokalizacja idealna do zamieszkania i pod inwestycję. Zapraszam do kontaktu i umówienia się na prezentację.",tak,,osobna,,,,51.266465,22.520072
Lublin Sławinek,ul. Czeremchowa,2,39,470000,12051.0,bez pośredników,,8,https://adresowo.pl/o/mieszkanie-lublin-slawinek-ul-czeremchowa-2-pokojowe-q3d5f9,https://s2.adresowa.pl/oi/2c/48/3f24ca_6db5_cover@2x-2-pokojowe-mieszkanie-lublin-slawinek-ul-czeremchowa.webp,Lublin Sławinek,Czeremchowa,1,1995.0,blok,,"Sprzedam bardzo zadbane mieszkanie 2 - pokojowe (gotowe do zamieszkania) przy Rogatce Warszawskiej. Mieszkanie jest funkcjonalne i ustawne, położone blisko centrum, w jednej z najbardziej pożądanych lokalizacji Lublina na osiedlu przy ulicy Czeremchowej na pograniczu Śródmieścia. Okolica posiada doskonały węzeł komunikacyjny z różnymi dzielnicami miasta (4 minuty do przystanku autobusowego). Mieszkanie jest bardzo ciche z dużą ilością zieleni wokół bloku i na osiedlu. Mieszkanie składa się: - z jednego dużego niezależnego pokoju o powierzchni 18 m2, - drugiego mniejszego pokoju 7 m2 wydzielonego z kuchni, który może służyć jako pokój do pracy, jadalnia, ewentualnie pokój do spania, - ustawnego przedpokoju, - widnej kuchni z oknem od strony wschodniej, - dużej łazienki ( ok. 4 m2 ) z wc, wanną i oknem od strony północnej, - do mieszkania przynależy również piwnica ok. 4 m2, - loggia, Mieszkanie posiada praktyczny rozkład pomieszczeń, dzięki któremu przestrzeń w nim jest maksymalnie wykorzystana. Najważniejsze atuty mieszkania i lokalizacji : - powierzchnia 39,5 m2 - 2 ustawne pokoje, - wysoki parter (nad garażami), w oknach balkonowych założone zewnętrzne stalowe żaluzje, - duża loggia, która stanowi dodatkową przestrzeń do odpoczynku, - duża piwnica pod mieszkaniem, - ekspozycja okien pokojowych i kuchni od strony wschodniej (nie są odczuwalne upały w czasie lata), - tylko 3 mieszkania na jednym piętrze - blisko przystanki autobusowe i trolejbusowe, - lokalizacja zapewnia doskonałą komunikację z centrum miasta i pozostałymi dzielnicami Lublina, - mieszkanie ciche, jasne, dobrze doświetlone wnętrza (ekspozycja okien wschód – północ), - w pobliżu szkoły, przedszkola, sklepy (Stokrotka, Żabki, Rossman, piekarnia, restauracje, fryzjer), - 500 m – 800 m do Wydziału Nauk o Ziemii i Gospodarki Przestrzennej, Pedagogiki i Psychologii, Politologii i Dziennikarstwa oraz do Wydziału Artystycznego, - 2000 m - do innych Wydziałów UMCS i KUL, - ok. 2000 m - do Uniwersytetu Przyrodniczego, - blisko centrum biznesowe przy ul. Nałęczowskiej, Prezentowana nieruchomość to bardzo dobra propozycja zarówno do zamieszkania, jak i pod inwestycję po wynajem. Osiedle jest bezpieczne, spokojne, z dużą ilością zieleni, bardzo przyjemne do codziennego życia i doskonałe miejsce dla studentów. Lokalizacja, która pozwala korzystać z Lublina na co dzień – szybko, wygodnie bez tracenia czasu na dojazdy i stanie w korkach Dla kogo? Mieszkanie sprawdzi się idealnie jako: - pierwsze mieszkanie, - wygodne lokum dla singla lub pary, - nieruchomość inwestycyjna pod wynajem, - mieszkanie dla osób ceniących świetną komunikację i bliskość miejskiej infrastruktury. W nieruchomości można zamieszkać od razu, natomiast w zależności od własnych potrzeb można mieszkanie odświeżyć. Stan prawny: Spółdzielcze własnościowe prawo z księgą wieczystą. Sprzedaż bezpośrednia, biurom nieruchomości dziękujemy Cena do negocjacji",tak,,osobna,plastikowe,własność,,51.253265,22.517317
Lublin,ul. Zamojska,2,27,135000,5000.0,bez pośredników,,6,https://adresowo.pl/o/mieszkanie-lublin-ul-zamojska-2-pokojowe-q0i3m1,https://s2.adresowa.pl/oi/75/11/3f1a82_30a5_cover@2x-2-pokojowe-mieszkanie-lublin-ul-zamojska.webp,Lublin ,Zamojska,parter,,kamienica,,"Mieszkanie do generalnego remontu | 27 m² | Parter | Lublin - ul. Zamojska 39 Cena: 150 000 zł Na sprzedaż lokal o powierzchni 27 m², położony na parterze kamienicy w oficynie przy ul. Zamojskiej w Lublinie. To propozycja dla osób, które szukają niedrogiego mieszkania do własnej aranżacji lub inwestycji pod wynajem. Lokal wymaga generalnego remontu, dzięki czemu przyszły właściciel może dostosować go do własnych potrzeb i standardu. W ogłoszeniu znajdują się: - zdjęcia przedstawiające aktualny stan lokalu, - rzut z rzeczywistymi wymiarami, - przykładowa propozycja funkcjonalnego układu po remoncie. Najważniejsze informacje: - powierzchnia: 27 m² - parter - kamienica w oficynie - forma własności: udziały z pokryciem - lokal do generalnego remontu - zakup możliwy tylko za gotówkę - kamienica zarządzana przez wspólnotę - niski czynsz - cena: 150 000 zł Potencjał lokalu: Pomimo niewielkiego metrażu mieszkanie daje duże możliwości aranżacyjne. Zaproponowany układ pokazuje, że można stworzyć funkcjonalną przestrzeń obejmującą: - salon z aneksem kuchennym, - oddzielną sypialnię, - łazienkę, - przedpokój z miejscem na zabudowę. To tylko jedna z możliwych koncepcji - nowy właściciel może zrealizować własny projekt. Lokalizacja: Ul. Zamojska to jedna z najlepiej skomunikowanych części Lublina. W pobliżu znajdują się sklepy, przystanki komunikacji miejskiej oraz pełna infrastruktura miejska. Do centrum można dotrzeć w kilka minut. Dodatkowe informacje: Forma własności: udziały z pokryciem. Chętnie udzielę szczegółowych informacji dotyczących lokalu oraz odpowiem na pytania związane z formą własności. Zapraszam do kontaktu i umówienia się na prezentację. Posiadam jeszcze dwa lokale na sprzedaż w tej kamienicy o metrażach 35 m² i 29 m².",,,aneks,,,,51.241165,22.569298
Lublin Sławinek,ul. Spadowa,4,87,675000,7759.0,bez pośredników,,13,https://adresowo.pl/o/mieszkanie-lublin-slawinek-ul-spadowa-4-pokojowe-i6m8g4,https://s2.adresowa.pl/oi/31/3c/3f18d2_2c6e_cover@2x-4-pokojowe-mieszkanie-lublin-slawinek-ul-spadowa.webp,Lublin Sławinek,Spadowa,4,1995.0,blok,,"Szukasz przestronnego mieszkania? Potrzebujesz 4 oddzielnych pokoi? Zależy Ci na bliskości z Centrum miasta? Przedstawiam idealną ofertę dla osoby, która potrzebuje przestrzeni i komfortu! OPIS: Mieszkanie o pow. 87,5m2, o fantastycznym układzie, widne, przestronne, składa się z: * 4 rozkładowych pokoi o pow.: 20m2, 12,8m2, 11m2, 9,5m2. * Oddzielna umeblowana i wyposażona kuchnia o pow. 12m2 * Łazienka o pow. 5,8m2 z wanną, prysznicem, umywalką oraz miejscem na pralkę. * Oddzielne WC o pow. ok 2m2 z umywalką. * Z salonu wyjście na duży balkon o pow. ok 6m2 * Do mieszkania przynależy piwnica o pow. po ok 9m2 Mieszkanie zadbane, z zabudowanymi szafami, z pięknym parkietem brzozowym oraz dodatkowymi udogodnieniami. LOKALIZACJA: Mieszkanie położone jest na osiedlu Rogatka Warszawska, z którego jest bardzo dobry dostęp do Centrum, głównych uczelni oraz ze względu na bardzo dobrą komunikację w każdą część Lublina. W pobliżu znajdują się sklepy, przedszkole, kościół, restauracje. Mieszkanie położone jest na IV piętrze w niskim bloku z 1995 roku. Klatka schodowa przestronna, czysta i zabezpieczona domofonem. DODATKOWO istnieje możliwość powiększenia przestrzeni o strych.",tak,,,,własność,Wyposażenie: pralkę,51.25415,22.524365
Lublin Rury,ul. Konrada Wallenroda,3,58,530000,9138.0,bez pośredników,,8,https://adresowo.pl/o/mieszkanie-lublin-rury-ul-konrada-wallenroda-3-pokojowe-o2a9d4,https://s2.adresowa.pl/oi/2b/6b/3f08ae_e3c2_cover@2x-3-pokojowe-mieszkanie-lublin-rury-ul-konrada-wallenroda.webp,Lublin Rury,Konrada Wallenroda,1,1976.0,blok,,"3-pokojowe, rozkładowe, słoneczne mieszkanie z dużym balkonem o powierzchni 58 m², znajduje się na pierwszym piętrze w budynku szeregowym z 1976 roku. Pełna własność daje Ci komfort i swobodę użytkowania. Oferowane wyposażenie obejmuje meble, pralkę, lodówkę, kuchenkę oraz telewizor. Ogrzewanie miejskie zapewnia ciepło w zimowe dni. Mieszkanie wyłożone parkietem. Dobra komunikacja miejska oraz bliskość do ważnych instytucji sprawiają, że codzienne życie jest komfortowe.",,,,,własność,"Wyposażenie: kuchenkę, lodówkę, pralkę, telewizor",51.241528,22.526168
Lublin Wieniawa,ul. Przy Stawie,2,48,461000,9604.0,bez pośredników,,15,https://adresowo.pl/o/mieszkanie-lublin-wieniawa-ul-przy-stawie-2-pokojowe-b9z9e5,https://s2.adresowa.pl/oi/2a/6d/3f089c_33d4_cover@2x-2-pokojowe-mieszkanie-lublin-wieniawa-ul-przy-stawie.webp,Lublin Wieniawa,Przy Stawie,5,1980.0,blok,,"Szukasz mieszkania w samym sercu Lublina, skąd wszędzie dojdziesz pieszo? Cenisz sobie bliskość zieleni, a jednocześnie zależy Ci na wygodnym parkowaniu w centrum? Ta oferta jest właśnie dla Ciebie! Mam przyjemność zaprezentować 2-pokojowe mieszkanie o powierzchni 48 m², zlokalizowane w niezwykle prestiżowej i poszukiwanej dzielnicy Wieniawa - ścisłe centrum Lublina, tuż obok malowniczego Parku Saskiego. Mieszkanie znajduje się na 5. piętrze w budynku z nowoczesną windą. To idealna propozycja dla singla, pary, rodziny, jak i doskonała lokata kapitału pod bezpieczny wynajem (bliskość lubelskich uczelni!). Układ Pomieszczeń i Standard Mieszkanie ma bardzo funkcjonalny, rozkładowy układ przestrzenny. Nieruchomość jest zadbana, czysta i gotowa do wprowadzenia się od zaraz, jednak docelowo wymaga odświeżenia/własnej aranżacji, co daje nowemu właścicielowi ogromne możliwości dopasowania wnętrza do własnego gustu. W skład mieszkania wchodzą: - Przestronny, ustawny salon (ok. 17 m²) - serce mieszkania, idealne do wypoczynku oraz podziału na strefę dzienną i jadalnianą. - Przytulna sypialnia (ok. 9 m²) - cicha, zapewniająca prywatność i komfortowy sen. - Oddzielna kuchnia - Łazienka z WC - Przedpokój z pojemną szafą. Do mieszkania przynależy również piwnica, która idealnie sprawdzi się do przechowywania rowerów czy rzeczy sezonowych. Koniec z problemami z parkowaniem w centrum! Jednym z największych i najrzadszych atutów tej lokalizacji jest prywatny parking dla mieszkańców. Teren wokół budynku jest zamykany szlabanem na pilota. Zapomnij o traceniu czasu na szukanie miejsca w strefie płatnego parkowania - tutaj Twoje auto zawsze ma swoje bezpieczne miejsce. Lokalizacja, która broni się sama Ścisłe centrum Wieniawy to gwarancja pełnej infrastruktury miejskiej na wyciągnięcie ręki: - Zieleń i rekreacja: Park Saski niemal pod oknem - idealne miejsce na poranny jogging, spacery czy kawę na świeżym powietrzu. - Edukacja: W bliskiej odległości główne lubelskie uczelnie (UMCS, KUL, Uniwersytet Przyrodniczy, Uniwersytet Medyczny). - Komunikacja: Świetne połączenie z każdą częścią Lublina, liczne przystanki MPK. - Codzienne wygody: Wokół pełno klimatycznych restauracji, kawiarni, sklepów, punktów usługowych, aptek oraz teatrów. Zapraszam na prezentację! Mieszkania w tej okolicy i z takim zapleczem parkingowym pojawiają się na rynku niezwykle rzadko. Nie zwlekaj, zadzwoń i umów się na oglądanie, zanim zrobi to ktoś inny! Mieszkanie bezpośrednio od właściciela. Kontakt: Grzegorz",tak,,osobna,plastikowe,spółdzielcze własnościowe,,51.252686,22.544367
Lublin Wieniawa,al. Racławickie,2,45,505500,11233.0,bez pośredników,,6,https://adresowo.pl/o/mieszkanie-lublin-wieniawa-al-raclawickie-2-pokojowe-o6x2e0,https://s2.adresowa.pl/oi/46/4d/3f063a_de99_cover@2x-2-pokojowe-mieszkanie-lublin-wieniawa-al-raclawickie.webp,Lublin Wieniawa,Racławickie,3,1954.0,blok,,"Funkcjonalne, dwupokojowe mieszkanie położone przy Al. Racławickich, w jednej z najbardziej cenionych dzielnic Lublina - Wieniawie. Nieruchomość znajduje się w doskonałej lokalizacji, bezpośrednio przy miasteczku akademickim, w sąsiedztwie uczelni wyższych UMCS, KUL, UP oraz parków. To idealna propozycja zarówno dla osób szukających mieszkania dla siebie, dla dzieci, jak i dla inwestorów poszukujących nieruchomości pod wynajem - szczególnie dla studentów lub młodych pracujących. Mieszkanie składa się z: - dwóch przestronnych i ustawnych pokoi, - oddzielnej kuchni, - łazienki z WC, - przedpokoju. Do mieszkania przynależy również przestronna piwnica o powierzchni ok. 15 m² z wysokim sufitem, co zwiększa możliwości przechowywania. Mieszkanie jest w pełni funkcjonalne - można w nim zamieszkać od zaraz. Jednocześnie daje duży potencjał do własnej aranżacji, dla osób, które chcą urządzić wnętrze po swojemu lub przygotować je pod wynajem. Najważniejsze informacje: - jasne, dobrze nasłonecznione wnętrza - ekspozycja północ-południe - bardzo funkcjonalny układ pomieszczeń - widok na zieleń i spokojne otoczenie, - ponadczasowy parkiet w jodełkę, - budynek z cegły - w lecie jest przyjemnie chłodno, w zimie mury trzymają ciepło - okna PCV, - świetna komunikacja miejska - autobusy i trolejbusy, - bliskość centrum Lublina. Szczegóły: - Powierzchnia: 45 m² - Liczba pokoi: 2 - Piętro: 3/3 - Rok budowy: 1954 - Forma własności: pełna własność, jeden właściciel, księga wieczysta - Dostępne od zaraz - Preferowana transakcja gotówkowa W najbliższej okolicy znajdują się: ścieżki spacerowe i rowerowe, parki, ośrodki kulturalne, place zabaw, sklepy, restauracje, siłownie, apteki, szkoły, przedszkola oraz uczelnie wyższe: UMCS, KUL i Uniwersytet Przyrodniczy. Serdecznie zapraszam do kontaktu i na prezentację.",tak,,osobna,plastikowe,własność,,51.249345,22.53907
Lublin Śródmieście,ul. Gabriela Narutowicza,3,59,739000,12525.0,bez pośredników,,11,https://adresowo.pl/o/mieszkanie-lublin-srodmiescie-ul-gabriela-narutowicza-3-pokojowe-c7d7m0,https://s2.adresowa.pl/oi/5f/45/3efe20_c57c_cover@2x-3-pokojowe-mieszkanie-lublin-srodmiescie-ul-gabriela-narutowicza.webp,Lublin Śródmieście,Gabriela Narutowicza,4,1960.0,kamienica,,"Sprzedam trzypokojowe, przestronne mieszkanie w Centrum Lublina. Zlokalizowane w budynku położonym w 3 linii zabudowy, z widokiem na panoramę miasta i zieleń. Mieszkanie składa się z: - Przestronnego salonu z kuchnią 23,5 mkw i z dużym balkonem - Sypialni 10mkw z małym balkonem - Dużej sypialni 13,4 mkw - Przedpokoju - Łazienki z prysznicem. Do mieszkania przynależy piwnica. Mieszkanie w 2026 roku przeszło generalny remont. Zostały wymienione wszystkie instalacje (elektryczna, wodnokanalizacyjna, centralnego ogrzewania), posadzki zostały wylane na nowo, położone nowe tynki, wymieniona stolarka drzwiowa i okienna. Cały teren budynku jest ogrodzony, wjazd przez automatycznie otwieraną bramę. Na parkingu znajduje się dużo miejsc postojowych do dyspozycji tylko właścicieli mieszkań oraz ogród. Teren jest monitorowany. Ekspozycja okien: wschód zachód. Ogrzewanie miejskie; ciepła woda - elektryczny inteligentny boiler energooszczędny. Bardzo niskie koszty utrzymania - czynsz administracyjny 490 zł. Więcej zdjęć wkrótce. Polecam i zapraszam.",tak,,,plastikowe,,,51.24196,22.555637
Lublin Tatary,ul. Odlewnicza,2,34,360000,10588.0,bez pośredników,,13,https://adresowo.pl/o/mieszkanie-lublin-tatary-ul-odlewnicza-2-pokojowe-r8i1g5,https://s2.adresowa.pl/oi/22/68/3eee28_c278_cover@2x-2-pokojowe-mieszkanie-lublin-tatary-ul-odlewnicza.webp,Lublin Tatary,Odlewnicza,5,1965.0,blok,,"Szukasz inwestycji w Lublinie lub spokojnego miejsca do życia? Mam do zaoferowania funkcjonalne, dwupokojowe mieszkanie o powierzchni 34 m², w 9 piętrowym bloku z windą na lubelskich Tatarach. Lokalizacja i otoczenie: Doskonałe połączenie z centrum miasta oraz lubelskimi uczelniami. Wokół bloku znajduje się mnóstwo zadbanej zieleni, wysokie drzewa oraz place z ławkami. To idealna okolica na spokojne spacery, która świetnie sprawdzi się dla osób starszych czy właścicieli psów. Budynek: Mieszkanie znajduje się w bloku po termomodernizacji, w którym niedawno wymieniono windę na nową. Czysta, zadbana klatka schodowa. Układ: Mieszkanie składa się z ustawnego salonu, dodatkowego pokoju, jasnej kuchni oraz łazienki. Do lokalu przynależy balkon oraz piwnica. Zdj.: Część zdjęć to przykładowy wygląd po odświeżeniu mieszkania. Stan: Mieszkanie jest gotowe do zamieszkania bez dodatkowych nakładów. Wnętrze jest czyste i zadbane, a kuchnia oraz łazienka to idealna przestrzeń do odświeżenia lub remontu według własnego pomysłu. Mieszkanie posiada uregulowany stan prawny (pełna własność), bez żadnych obciążeń. Zapraszam do kontaktu. Odpowiem na wszystkie pytania telefonicznie.",tak,,osobna,,własność,,51.247188,22.595454
Lublin Czuby,ul. Husarska,3,60,500000,8333.0,bez pośredników,,8,https://adresowo.pl/o/mieszkanie-lublin-czuby-ul-husarska-3-pokojowe-n5w0d0,https://s2.adresowa.pl/oi/4f/51/3eece4_e9eb_cover@2x-3-pokojowe-mieszkanie-lublin-czuby-ul-husarska.webp,Lublin Czuby,Husarska,4,1990.0,blok,,"Oferowana nieruchomość to słoneczne 3-pokojowe mieszkanie usytuowane na Czubach (ul. Husarska). Idealna propozycja dla rodziny oraz jako inwestycja pod wynajem. Mieszkanie do częściowego remontu, z dużym potencjałem do dowolnej aranżacji przez nowego nabywcę. Nieruchomość znajduje się na 4 piętrze (ostatnim) w niskim bloku, dzięki czemu nikt nie będzie hałasował nad głową!!! Na powierzchni 60 m2 znajdują się: - salon 16,5 m2 z wyjściem na balkon o powierzchni 5 m2 - 2 pokoje 10,9 m2 i 11,3 m2 - kuchnia 7,5 m2 - łazienka 3,2 m2 - wc 1,5 m2 - przedpokój 7,8 m2 Do mieszkania przynależy duży balkon o pow. 5 m2 oraz piwnica o pow. 4 m2. Łazienka i WC są po kapitalnym remoncie, w stanie całkowicie nowym. Wszystkie ściany i sufity są świeżo pomalowane. Ekspozycja okien: północ i południe. Opłaty eksploatacyjne: 507 zł (od jednej osoby). W czynszu zaliczki m.in. na zimną i ciepłą wodę, gaz, centralne ogrzewanie (z sieci miejskiej), wywóz nieczystości, fundusz remontowy. Dodatkowo płatne media to tylko prąd. Brak piecyka gazowego w mieszkaniu. Ciepła woda oraz ogrzewanie z sieci miejskiej. Stan prawny: Lokal stanowiący odrębną własność z prawem do gruntu (bez zadłużeń, III i IV dział KW nie zawiera wpisów). Budynek: Blok wybudowany w technologii Wielkiej Płyty, powstały w 1990r., 4-piętrowy, zadbana klatka schodowa. Teren wokół budynku zagospodarowany z alejkami, trawnikami obsadzonymi drzewami oraz krzewami ozdobnymi. Wiele ogólnodostępnych miejsc postojowych przy samym bloku, co stanowi duży atut. Lokalizacja: Czuby, bezpośrednio przy ul. Ułanów, czyli ciche i zielone miejsce, które oferuje również wszelką potrzebną do życia infrastrukturę, taką jak: - wszelkiej maści sklepy (OBI, Galeria Orkana) - usługi - szkoły - przedszkole - place zabaw - kościół - bliska odległość od uniwersytetów, dzięki czemu powyższa nieruchomość sprawdzi się jako inwestycja pod wynajem i lokata kapitału. Doskonała komunikacja z każdą częścią miasta zapewniają liczne linie autobusowe. Lodówka i pralka widoczne na zdjęciach nie są częścią tego ogłoszenia. Zapraszam na prezentację.",tak,,,,własność,"Wyposażenie: lodówka, pralka",51.235054,22.498343
Lublin Węglinek,ul. Koralowa,3,66,730000,11061.0,bez pośredników,,13,https://adresowo.pl/o/mieszkanie-lublin-weglinek-ul-koralowa-3-pokojowe-k2o6u3,https://s2.adresowa.pl/oi/5e/67/3ede4e_e3ae_cover@2x-3-pokojowe-mieszkanie-lublin-weglinek-ul-koralowa.webp,Lublin Węglinek,Koralowa,3,2012.0,blok,,"Bezpośrednio od właściciela –brak prowizji Na sprzedaż jasne i przytulne 3-pokojowe, w pełni umeblowane i wyposażone mieszkanie o powierzchni 66,7 m2 położone na ul.Koralowej w Lublinie w spokojnej i rodzinnej dzielnicy Węglin Południowy wraz z dużym nietypowym miejscem parkingowym pod budynkiem i duża wysoka piwnica z regałami pod wymiar i drzwiami antywłamaniowymi. Mieszkanie znajduje się na 3 piętrze w pięciopiętrowym bloku z windą z 2011r i składa się z : Salonu z kuchnią 30m2 Sypialni 10,8 m2 Sypialni 8,5 m2 Łazienki 4,3m2 Wc 2,2m2 Przedpokoju 10,9 Rowerownia –zamykana na klucz Balkon Piwnica 3,30 Mieszkanie jest bardzo ustawne. Znajduje się mnóstwo szaf w zabudowie z wysokiej jakości materiałów ,w tym 4lustrzane szafy optycznie powiększające przestrzeń. Zero zbędnych ścian,zero marnowania miejsca.Każdy metr tu pracuje. Podłoga drewniana mozaika premium . Dużym atutem jest LOKALIZACJA , która robi robotę . Wokół pełna infrastruktura: -sklepy pod ręką (Stokrotka,Lewiatan,Żabka,Biedronka ,Lidl,Selgros,Decathlon, Agata Meble, Galeria Mozaika ,restauracje kawiarnie,piekarnia,fryzjer ,garmazerka,apteka itd.) -Komunikacja tuż obok ( ale nie za blisko,żeby nie halasowała) -pętla autubusowa -place zabaw ( każdy blok posiada swój plac ) -kościół -siłownia -wybieg dla czworonogów -w pobliżu nowo wybudowany peron Lublin Zachód -bliskość terenów zielonych: las Stary Gaj,rezerwat przyrody Stasin,wąwóz Węglinek –doskonałe na aktywny wypoczynek i ładowania baterii -szkoły/przedszkola /żłobki To miejsce ,które ułatwia codzienność .Po prostu. STAN PRAWNY Pełna własność,księga wieczysta bez obciążeń. KOSZTY UTRZYMANIA Czynsz dla 5osób 840 ,co roku nadpłata ogrzewania .Mieszkanie znajduje się w środku i kuchnia z salonem są od południa więc jest bardzo jasne i ciepłe. Woda z wodociągu miejskiego,ogrzewanie z sieci miejskiej. Cena mieszkania 740000zł miejsce postojowe 60000zl Zainteresowany? Zadzwoń i umów się na oglądanie!",tak,tak,aneks,plastikowe,własność,,51.224591,22.484882
Lublin Sławin,ul. Relaksowa,3,58,720000,12414.0,bez pośredników,,11,https://adresowo.pl/o/mieszkanie-lublin-slawin-ul-relaksowa-3-pokojowe-y3v5z3,https://s2.adresowa.pl/oi/43/15/3ed4d0_d440_cover@2x-3-pokojowe-mieszkanie-lublin-slawin-ul-relaksowa.webp,Lublin Sławin,Relaksowa,1,2021.0,blok,,"To przestronne mieszkanie o powierzchni 58,7 m² znajduje się na pierwszym piętrze w bloku z 2018 roku. Posiada pełną własność oraz jest w stanie do zamieszkania. Wyposażone jest w zmywarkę, lodówkę, kuchenkę i piekarnik. Dodatkowym atutem jest balkon, idealny na poranną kawę. Mimo, że mieszkanie zostało wybudowane w 2018, nikt w nim do tej pory nie mieszkał. Nie było też wynajmowane. Zostało wykończone w wysokim standardzie i stało kompletnie puste. Przeżyło parapetówkę i prezentację Termomixa (nie jest dołączony do oferty). Mieszkanie jest bezczynszowe, składka wspólnotowa na wspólne przestrzenie ~300 PLN. Lokalizacja w Sławinie, Lublinie, zapewnia doskonały dostęp do infrastruktury. W pobliżu znajdziesz: - sklepy spożywcze - kawiarnie, takie jak ""Cukiernia Williams"" - restauracje, na przykład ""Frizzante"" - parki, jak ""Park Górki Czechowskie"" - przedszkola i szkoły, w tym ""XXIV Liceum Ogólnokształcące"" - przystanki autobusowe, ułatwiające komunikację. Dzięki miejskiego ogrzewaniu oraz zabezpieczeniom, takim jak domofon, mieszkanie zapewnia komfort i bezpieczeństwo. Zainwestuj w swoją przyszłość i umów się na wizytę już dziś! Bez pośredników, prywatna oferta. Proszę o kontakt po godzinie 16-22 (w weekendy 9-22).",,,aneks,plastikowe,własność,"Wyposażenie: kuchenkę, lodówkę, piekarnik, zmywarkę",51.267871,22.524674
Lublin Śródmieście,ul. Lubartowska,2,42,575000,13690.0,bez pośredników,,12,https://adresowo.pl/o/mieszkanie-lublin-srodmiescie-ul-lubartowska-2-pokojowe-n1b1f9,https://s2.adresowa.pl/oi/78/21/3ec9e0_7188_cover@2x-2-pokojowe-mieszkanie-lublin-srodmiescie-ul-lubartowska.webp,Lublin Śródmieście,Lubartowska,4,2017.0,blok,,"Sprzedam mieszkanie na czwartym piętrze w dziesięciopiętrowym bloku z 2017 roku, blisko centrum i w otoczeniu terenów zielonych. W bloku są ciche windy. Mieszkanie posiada dwa pokoje, które są umeblowane i gotowe do zamieszkania. Wcześniej były dwie sypialnie, ale został zmieniony układ ścian na poczet aneksu z salonem. Jest możliwość przywrócenia pierwotnego układu. W kuchni znajdują się sprzęty AGD, w tym lodówka, piekarnik i zmywarka. Łazienka z prysznicem i toaletą, wykończona w jasnych kolorach. Mieszkanie jest jasne dzięki dużym oknom, od strony południowej z widokiem na centrum miasta. Dodatkowym atutem jest duży balkon, idealny do relaksu. Umiejscowienie bloku sprawia, że jest dużo ciszej niż blisko ulicy. To doskonała oferta dla osób szukających komfortowego lokalu w miejskim otoczeniu, jak i dobrej inwestycji pod wynajem. Inwestycja w bezpośrednim sąsiedztwie Uniwersytetu Medycznego (ul. Chodźki), co gwarantuje stałe zainteresowanie studentów i pracowników kadry medycznej. Czynsz przy 4-osobowej rodzinie wynosił obecnie 500 zł. W pobliżu są galerie, szpitale, uczelnie, szkoły, sklepy (w tym Biedronka), a także targ i piekarnie. Do mieszkania przynależy garaż podziemny (dodatkowo płatny 70 tys. zł). Zadzwoń i umów się na prezentację! Treść niniejszego ogłoszenia nie stanowi oferty handlowej w rozumieniu Kodeksu Cywilnego.",,tak,,,własność,"Wyposażenie: lodówka, piekarnik, zmywarka",51.257706,22.570189
Lublin Wrotków,ul. Ludwika Zalewskiego,3,54,700000,12963.0,bez pośredników,,15,https://adresowo.pl/o/mieszkanie-lublin-wrotkow-ul-ludwika-zalewskiego-3-pokojowe-x9a7y1,https://s2.adresowa.pl/oi/1e/78/3ec20c_2ba4_cover@2x-3-pokojowe-mieszkanie-lublin-wrotkow-ul-ludwika-zalewskiego.webp,Lublin Wrotków,Ludwika Zalewskiego,parter,2017.0,blok,,"3 pokoje | miejsce postojowe w cenie | komórka lokatorska | 500 m od Zalewu Zemborzyckiego Cena: 710 000 zł - do negocjacji Na sprzedaż komfortowe i funkcjonalne mieszkanie położone przy ul. ks. Ludwika Zalewskiego 7 w Lublinie, w jednej z najbardziej atrakcyjnych części Wrotkowa. To propozycja dla osób, które chcą połączyć wygodę życia w mieście z codziennym dostępem do terenów rekreacyjnych. Odległość od Zalewu Zemborzyckiego wynosi około 500 metrów, co pozwala w kilka minut dotrzeć do ścieżek spacerowych, tras rowerowych, terenów sportowych i miejsc wypoczynku. Mieszkanie znajduje się na parterze budynku oddanego do użytkowania w 2017 roku. Lokal został wykończony po odbiorze deweloperskim w 2019 roku i od tego czasu jest użytkowany przez właścicieli. Stan techniczny i wizualny pozwala na natychmiastowe zamieszkanie bez konieczności ponoszenia dodatkowych nakładów finansowych. Pierwotny układ został funkcjonalnie zmodyfikowany jeszcze na etapie wykończenia. Dzięki przeniesieniu kuchni do części dziennej, obecnie mieszkanie oferuje znacznie bardziej praktyczny układ 3-pokojowy. Rozkład pomieszczeń: - salon z aneksem kuchennym - 16,07 m² - sypialnia - 13,70 m² - drugi pokój (pokój dziecięcy / gabinet) - 9,18 m² - przedpokój - 10,00 m² - łazienka - 5,18 m² Łączna powierzchnia części mieszkalnej: 54,13 m² Dodatkowo: - loggia - 4,96 m² - komórka lokatorska - 3,24 m² - prywatne miejsce postojowe przy budynku Najważniejsze atuty nieruchomości: - funkcjonalny układ 3 pokoi - budynek z 2017 roku - mieszkanie gotowe do zamieszkania - prywatne miejsce postojowe w cenie - komórka lokatorska - loggia o powierzchni 4,96 m² - liczne zabudowy wykonane na wymiar - duża ilość miejsca do przechowywania - plac zabaw przy budynku - spokojna i zielona okolica - około 500 metrów od Zalewu Zemborzyckiego - ścieżki spacerowe i rowerowe w bezpośrednim sąsiedztwie - szybki dojazd do centrum Lublina Dodatkowe informacje: Mieszkanie znajduje się na parterze. Dzięki wysokiemu posadowieniu okien oraz oddaleniu od ciągów pieszych, zapewnia komfort i prywatność użytkowania. Do mieszkania przynależy prywatne miejsce postojowe zlokalizowane bezpośrednio przy budynku oraz komórka lokatorska o powierzchni 3,24 m². Miesięczny czynsz administracyjny wynosi około 730 zł przy 4-osobowej rodzinie. Stan prawny: pełna własność z księgą wieczystą. Mieszkanie będzie dostępne od lipca. Jeżeli szukasz mieszkania gotowego do zamieszkania, z funkcjonalnym układem pomieszczeń, miejscem postojowym oraz szybkim dostępem do terenów rekreacyjnych nad Zalewem Zemborzyckim, zapraszam do kontaktu i umówienia prezentacji. Pośrednikom dziękuję za kontakt.",tak,tak,aneks,plastikowe,własność,,51.196531,22.542066
Lublin Ponikwoda,ul. Józefa Pankiewicza,3,60,590000,9833.0,bez pośredników,,11,https://adresowo.pl/o/mieszkanie-lublin-ponikwoda-ul-jozefa-pankiewicza-3-pokojowe-m6w0v2,https://s2.adresowa.pl/oi/77/21/3ebb76_a60c_cover@2x-3-pokojowe-mieszkanie-lublin-ponikwoda-ul-jozefa-pankiewicza.webp,Lublin Ponikwoda,Józefa Pankiewicza,1,1988.0,blok,,"Oferujemy mieszkanie 3-pokojowe o powierzchni 60,1 m² na pierwszym piętrze bloku z 1988 roku. Posiada oddzielną kuchnię, łazienkę, toaletę, balkon i piwnicę. Mieszkanie jest gotowe do zamieszkania od lipca 2026 roku. Okolica jest spokojna oraz bezpieczna, a samo osiedle jest ogrodzone. Lokalizacja w dzielnicy Ponikwoda gwarantuje dostęp do wielu udogodnień. W pobliżu znajdziesz restauracje, sklepy i punkty usługowe. Dla rodzin z dziećmi dostępne są przedszkola i szkoły podstawowe oraz place zabaw w okolicy. Znajdziesz tu także placówki zdrowotne, apteki oraz tereny zielone. Komunikacja miejska zapewnia szybki dojazd do centrum i innych części miasta.",tak,,osobna,plastikowe,własność,,51.261657,22.584107
Lublin Czuby,ul. Kaczeńcowa,3,65,625000,9615.0,bez pośredników,,12,https://adresowo.pl/o/mieszkanie-lublin-czuby-ul-kaczencowa-3-pokojowe-t8d7f2,https://s2.adresowa.pl/oi/44/77/3eb880_bb6f_cover@2x-3-pokojowe-mieszkanie-lublin-czuby-ul-kaczencowa.webp,Lublin Czuby,Kaczeńcowa,7,1987.0,blok,,"Na sprzedaż dwustronne, pełnorozkładowe mieszkanie o powierzchni 65,3 m², położone w jednej z najbardziej pożądanych lokalizacji Lublina - na osiedlu Łęgi (Czuby). Lokal znajduje się na ostatnim, 7. piętrze, co zapewnia unikalną w skali osiedla prywatność oraz nieprzesłonięty, panoramiczny widok na zielone tereny miasta. Cena: 625 000 PLN (9571,21 zł/m²) Cena odzwierciedla unikalną kondygnację, ekspozycję na zieleń oraz fakt, że nad mieszkaniem nie ma już sąsiadów, co jest rzadkością na rynku wtórnym. Zestawienie pomieszczeń (65,3 m²) Mieszkanie posiada funkcjonalny, dwustronny układ (południowy wschód / północny zachód): - Salon: 16,8 m² (bardzo słoneczny, z wyjściem na balkon). - Sypialnia 1: 12,0 m². - Sypialnia 2: 10,0 m². - Przedpokój: 9,5 m². - Kuchnia: 7,2 m² (oddzielna, z oknem). - Garderoba: 4,1 m² (osobne, bardzo praktyczne pomieszczenie). - Korytarzyk: 2,5 m². - Łazienka: 2,3 m². - WC: 0,9 m². Dodatkowo do lokalu przynależą: - Balkon: 4,59 m² (nowe płytki, widok na panoramę Czubów). - Piwnica: 1,39 m². Budynek i udogodnienia - Winda: Nowoczesna, po generalnym remoncie. Winda dojeżdża do 6. piętra. Ostatni odcinek pokonuje się schodami, co gwarantuje brak przypadkowego ruchu osób trzecich na klatce bezpośrednio przy Twoich drzwiach. - Sąsiedztwo: Bardzo spokojni, wieloletni sąsiedzi; klatka schodowa utrzymana w czystości. - Parking: Duża liczba ogólnodostępnych miejsc postojowych pod blokiem i w bezpośredniej bliskości. Lokalizacja - ""Wszystko pod ręką"" Budynek przy ul. Kaczeńcowej 2 znajduje się w sercu osiedla z kompletną, dojrzałą infrastrukturą: - Edukacja: Szkoła podstawowa, Liceum ogólnokształcące, przedszkole i żłobek w zasięgu 5 minut pieszo. - Zakupy: Sklepy osiedlowe, piekarnia, przychodnia lekarska oraz apteki w bezpośrednim sąsiedztwie. - Centra Handlowe: Bliskość E.Leclerc oraz Galerii Orkana. - Rekreacja: Bezpośrednie wyjście do malowniczego Wąwozu na Czubach - idealnego miejsca na spacery, rower i codzienną rekreację. Stan techniczny i prawny - Okna: PCV (wymienione). - Stan: Mieszkanie czyste, zadbane i gotowe do wejścia (wymaga odświeżenia), docelowo do modernizacji według własnego uznania (podłogi, drzwi, armatura). - Własność: Odrębna własność z Księgą Wieczystą (wyodrębniony lokal, brak jakichkolwiek obciążeń). - Czynsz: ok. 800 zł (bez zaliczek na wodę). Zapraszam do kontaktu i obejrzenia nieruchomości na żywo. To doskonała oferta bezpośrednia dla osób poszukujących spokoju, świetnego doświetlenia i najlepszego widoku w tej części Lublina.",tak,,osobna,plastikowe,własność,,51.2317,22.50443
Lublin Kalinowszczyzna,ul. Niepodległości 4,3,61,499000,8180.0,bez pośredników,,11,https://adresowo.pl/o/mieszkanie-lublin-kalinowszczyzna-ul-niepodleglosci-3-pokojowe-n7t3h4,https://s2.adresowa.pl/oi/58/73/3eb4fe_ef64_cover@2x-3-pokojowe-mieszkanie-lublin-kalinowszczyzna-ul-niepodleglosci.webp,Lublin Kalinowszczyzna,Niepodległości 4,parter,1973.0,blok,,"3-pokojowe mieszkanie 61,3 m² (ok. 65,6 m² powierzchni użytkowanej) | parter | ul. Niepodległości 4 | Kalinowszczyzna | bez pośredników Na sprzedaż funkcjonalne, 3-pokojowe mieszkanie o powierzchni 61,3 m², położone na parterze 10-piętrowego bloku przy ul. Niepodległości 4 w Lublinie (Kalinowszczyzna). Do mieszkania przynależy piwnica o powierzchni ok. 2 m². Stan prawny: odrębna własność z księgą wieczystą. ________________________________________ Układ pomieszczeń • salon – 15,2 m² • pokój 1 – 10,5 m² • pokój 2 – 8,7 m² • kuchnia – 6,6 m² • spiżarnia – 3,6 m² • łazienka – 2,5 m² • WC – 1,5 m² • przedpokój – 8,2 m² Mieszkanie dwustronne. Salon i spiżarnia mają ekspozycję zachodnią, dwa pozostałe pokoje wschodnią, a kuchnia północną. Zapewnia to bardzo dobre doświetlenie i przewiewność. Dzięki wykonanej za zgodą administracji spółdzielni zabudowie części korytarza i przeniesieniu drzwi wejściowych, uzyskano ok. 4,3 m² dodatkowej powierzchni użytkowanej, co daje w praktyce około 65,6 m² realnej przestrzeni do dyspozycji mieszkańców. Powierzchnia ta nie jest ujawniona w metrażu formalnym lokalu ale stanowi trwałe, wieloletnie rozwiązanie funkcjonalne, czego efektem jest wyjątkowo przestronny przedpokój (łącznie 12,5 m²). ________________________________________ Stan techniczny Mieszkanie jest zadbane i nadaje się do zamieszkania, jednakże przyszły właściciel może rozważyć odświeżenie wnętrz oraz modernizację kuchni, łazienki i WC według własnych potrzeb. Istnieje możliwość przywrócenia pierwotnego układu funkcjonalnego tj. połączenia salonu z kuchnią (ścianka działowa oddzielająca spiżarnię z salonem została wykonana z płyt g-k). W lokalu znajdują się: • drewniana klepka w bardzo dobrym stanie w pokojach, • gres w kuchni i przedpokoju, • wymienione okna PCV, • wymienione drzwi wejściowe, • dwie duże szafy wnękowe w przedpokoju. ________________________________________ Lokalizacja – Kalinowszczyzna W najbliższej okolicy znajduje się pełna infrastruktura niezbędna do codziennego życia: • szkoła podstawowa i przedszkole, • przychodnia, apteka, • sklepy spożywcze i punkty usługowe, • przystanki komunikacji miejskiej, • place zabaw i tereny zielone. Przed budynkiem dostępne są liczne miejsca parkingowe. ________________________________________ Dodatkowe informacje • wejście do budynku z łagodnym podjazdem (dogodne także dla osób z ograniczoną mobilnością), • sprzedaż bezpośrednia – brak prowizji dla pośredników, • mieszkanie dostępne od zaraz. ________________________________________ Cena: 529 000 zł Zapraszam do kontaktu oraz obejrzenia mieszkania. Kontakt: tel.",,,,,własność,,51.256489,22.594124
Lublin Wieniawa,ul. Weteranów,3,57,626000,10982.0,bez pośredników,,11,https://adresowo.pl/o/mieszkanie-lublin-wieniawa-ul-weteranow-3-pokojowe-k7h3h3,https://s2.adresowa.pl/oi/40/37/3eb43c_ee7e_cover@2x-3-pokojowe-mieszkanie-lublin-wieniawa-ul-weteranow.webp,Lublin Wieniawa,Weteranów,4,1974.0,blok,,"Mieszkanie 57m2 DLA CEBIE Sprzedam mieszkanie 57m2 do remontu. Inwestycyjne lub do zamieszkania. Atrakcyjna lokalizacja, dobre skomunikowanie z centrum miasta i większością wyższych uczelni. Przedstawiona wizualizacja obrazuje projekt modernizacji tego lokalu. Prace ruszają w lipcu. Mile widziany kupujący, który na etapie przed remontem wniesie własne uwagi wersji wykonawczej. Biorę również pod uwagę zbycie lokalu w stanie pierwotnym wg zamieszczonego dotychczasowego planu mieszkania – wówczas cena to 517 tys. zł. Zainteresowanych proszę o kontakt telefoniczny.",tak,,osobna,plastikowe,spółdzielcze własnościowe,,51.249071,22.533926
Lublin,Śródmieście,4,80,595000,7438.0,bez pośredników,,7,https://adresowo.pl/o/mieszkanie-lublin-srodmiescie-4-pokojowe-80-m2-c0k2f8,https://s2.adresowa.pl/oi/3f/12/3eaf5c_640a_cover@2x-4-pokojowe-mieszkanie-lublin-srodmiescie.webp,Lublin Śródmieście,,3,2011.0,kamienica,,Na sprzedaż 4-pokojowe mieszkanie o powierzchni 80 m² w samym centrum Lublina (Śródmieście). Mieszkanie przeszło generalny remont. Posiada 2 balkony oraz piwnicę. Jest w pełni umeblowane i wyposażone. Nie ma czynszu. Znajduje się 700 m od Starego Miasta. Jest to idealna oferta pod wynajem - obecnie mieszkanie jest wynajmowane 4 studentom. Cena: 595 000 zł. Oferta pochodzi bezpośrednio od właściciela. Zapraszam do kontaktu prywatnego.,tak,,,,,,51.247002,22.556
Lublin Czuby,ul. Szczytowa,3,67,690000,10299.0,bez pośredników,,10,https://adresowo.pl/o/mieszkanie-lublin-czuby-ul-szczytowa-3-pokojowe-p8b0m9,https://s2.adresowa.pl/oi/33/27/3eaf3a_5d36_cover@2x-3-pokojowe-mieszkanie-lublin-czuby-ul-szczytowa.webp,Lublin Czuby,Szczytowa,2,1994.0,blok,,"Na sprzedaż komfortowe i funkcjonalne mieszkanie o powierzchni 68 m2, położone na 2 piętrze w zadbanym, 4-piętrowym bloku na lubelskim osiedlu Czuby. Lokal składa się z trzech ustawnych pokoi, oddzielnej kuchni, łazienki, wc oraz przedpokoju. Mieszkanie jest w stanie do zamieszkania, wykończone w wysokim standardzie, nie wymaga żadnych dodatkowych nakładów finansowych - jest gotowe do wprowadzenia od zaraz. Do mieszkania przynależy balkon oraz komórka lokatorska, zapewniająca dodatkową przestrzeń do przechowywania. Osiedle Czuby to jedna z najbardziej cenionych lokalizacji w Lublinie. W pobliżu znajdują się sklepy, szkoły, przedszkola, tereny zielone, ścieżki rowerowe oraz przystanki komunikacji miejskiej, co zapewnia wygodę codziennego życia. Warto zobaczyć to mieszkanie na własne oczy. Skontaktuj się, aby umówić się na prezentację!",tak,,osobna,,,,51.222292,22.53365
Lublin,ul. Zbigniewa Herberta,2,48,466000,9708.0,bez pośredników,,7,https://adresowo.pl/o/mieszkanie-lublin-ul-zbigniewa-herberta-2-pokojowe-k9w5y6,https://s2.adresowa.pl/oi/29/3d/3e9e7e_96bc_cover@2x-2-pokojowe-mieszkanie-lublin-ul-zbigniewa-herberta.webp,Lublin ,Zbigniewa Herberta,2,2004.0,blok,,"Sprzedam mieszkanie o pow. 48,98 m2 w Lublinie przy ul. Herberta. Mieszkanie położone jest na drugim piętrze w czteropiętrowym bloku. Osiedle w pełni zagospodarowane: sieć sklepów przemysłowych i spożywczych, punkty usługowe, szpital, przychodnie zdrowia, apteka. Na osiedlu znajduje się szkoła podstawowa, przedszkole i żłobek. W pobliżu liceum ogólnokształcące. Na przeciwko bloku przystanek MPK. Mieszkanie dwupokojowe z kuchnią oraz aneksem jadalnym. Wymaga niewielkiego remontu. Wolne, bez zobowiązań.",,,,,,,51.214908,22.569667
Lublin Sławin,ul. Kaskadowa,2,51,580000,11373.0,bez pośredników,,10,https://adresowo.pl/o/mieszkanie-lublin-slawin-ul-kaskadowa-2-pokojowe-m6b6p6,https://s2.adresowa.pl/oi/2f/56/3e82a4_ab15_cover@2x-2-pokojowe-mieszkanie-lublin-slawin-ul-kaskadowa.webp,Lublin Sławin,Kaskadowa,1,2006.0,blok,,"Sprzedam przestronne 2 - pokojowe mieszkanie (sypialnia plus salon z aneksem kuchennym) o powierzchni 51,47 m² na Sławinie. Mieszkanie znajduje się na 1. piętrze 3-piętrowego bloku z 2006 roku. Wystawa okien sypialnia - wschód, kuchnia i salon z balkonem - zachód. Kuchnia w pełni wyposażona w sprzęt AGD, na podłogach parkiet jesionowy, dodatkowo miejsce postojowe w garażu podziemnym wielostanowiskowym oraz piwnica o pow. 3,5 m² . Piec dwufunkcyjny (gazowy) zapewnia możliwość ogrzewania mieszkania przez cały rok, w zależności od indywidualnych potrzeb. Niskie opłaty miesięczne. Lokalizacja to atut tej nieruchomości. W pobliżu znajdują się: - przystanki autobusowe - parki, takie jak ""Park Górki Czechowskie"" - lokale gastronomiczne - Ogród Botaniczny i Skansen - szkoła i Przedszkole, biblioteka miejska - sklepy (Stokrotka, Lidl), przychodnia, place zabaw, boiska, - Kościół Miejsce postojowe w garażu podziemnym płatne dodatkowo - 40 000 zł (zakup obligatoryjny). Możliwość wynajęcia dodatkowego miejsca postojowego obok wyżej wymienionego. To idealne miejsce dla osób ceniących sobie spokój oraz bezpieczeństwo a jednocześnie szybki dostęp do centrum miasta oraz obwodnicy. Sprzedaż tylko bezpośrednia (bez pośrednika i biura nieruchomości).",tak,tak,aneks,plastikowe,własność,,51.265708,22.524537
Lublin Czuby,ul. Szczytowa,3,60,600000,10000.0,bez pośredników,,19,https://adresowo.pl/o/mieszkanie-lublin-czuby-ul-szczytowa-3-pokojowe-x1n1z9,https://s2.adresowa.pl/oi/2d/47/3e9746_701a_cover@2x-3-pokojowe-mieszkanie-lublin-czuby-ul-szczytowa.webp,Lublin Czuby,Szczytowa,4,1995.0,blok,,"Sprzedam przestronne mieszkanie o powierzchni 60 m². Znajduje się na czwartym piętrze budynku z cegły z 1995 roku. W lokalu znajdują się meble oraz sprzęty, takie jak pralka, zmywarka i lodówka. Mieszkanie jest gotowe do zamieszkania. Lokalizacja to Czuby Południowe w Lublinie, w pobliżu znajdziesz: - sklepy spożywcze - restauracje i bary - parki i tereny zielone - szkoły oraz przedszkola - przystanki komunikacji miejskiej - miejsca sportowe i baseny Mieszkanie ma pełną własność i dostęp do miejskiego ogrzewania. W budynku znajdują się zabezpieczenia, takie jak domofon oraz monitoring. Czynsz wynosi 700 PLN. W cenie mieszkania masz również balkon, piwnicę. Dodatkowo do mieszkania należy garaż ok. 16 m² za ok. 80 000 PLN. Nie czekaj! Zadzwoń i umów się na prezentację!",tak,tak,,plastikowe,własność,"Wyposażenie: lodówka, pralka, zmywarka",51.222292,22.53365
Lublin Węglin,ul. Jantarowa,2,53,680000,12830.0,bez pośredników,,37,https://adresowo.pl/o/mieszkanie-lublin-weglin-ul-jantarowa-2-pokojowe-t9n2b8,https://s2.adresowa.pl/oi/42/49/3e9192_8680_cover@2x-2-pokojowe-mieszkanie-lublin-weglin-ul-jantarowa.webp,Lublin Węglin,Jantarowa,2,2016.0,blok,,"Oferuje na sprzedaż funkcjonalne mieszkanie o powierzchni 53,42 m² na drugim piętrze w bloku z 2016 r., z windą do lekkiego odświeżenia. Mieszkanie jest umeblowane i gotowe do zamieszkania. W skład mieszkania wchodzą: - sypialnia – 11,95 m² - salon z aneksem – 28,77 m² - łazienka z WC – 3,92 m² - przedpokój – 8,78 m² - balkon – 12 m² Okna i balkon wychodzą na wschód i północ. Mieszkanie jest wyposażone w logotermę do zarządzania ciepłem. Ogrzewanie i ciepła woda jest podłączona do sieci miejskiej LPEC. Istnieje możliwość doprowadzenia gazu. W pobliżu znajdują się liczne sklepy, punkty usługowe i placówki edukacyjne. W okolicy jest dobrze rozwinięta infrastruktura komunikacyjna, w tym przystanki autobusowe i stacja kolejowa, co ułatwia dojazd do centrum miasta. W niedalekiej odległości znajdziesz sklepy spożywcze, apteki, szkoły i przedszkola. Blok jest ogrodzony, wjazd przez bramę na pilota. W podziemnych kondygnacjach znajduje się garaż o wielkości 15,56 m² zamykany na pilota (garaż wliczony w cenę). Mieszkanie idealne dla pary lub singla bądź pod wynajem. Zapraszam do kontaktu Pośrednikom nieruchomości dziękujemy",,tak,aneks,plastikowe,własność,,51.222573,22.493682
Lublin LSM,ul. Bolesława Śmiałego,4,98,1120000,11429.0,bez pośredników,,7,https://adresowo.pl/o/mieszkanie-lublin-lsm-ul-boleslawa-smialego-4-pokojowe-u0y7l8,https://s2.adresowa.pl/oi/37/3c/3e8a34_e4e7_cover@2x-4-pokojowe-mieszkanie-lublin-lsm-ul-boleslawa-smialego.webp,Lublin LSM,Bolesława Śmiałego,3,2024.0,blok,,"Na sprzedaż wyjątkowy, dwupoziomowy apartament położony na zielonym i spokojnym osiedlu LSM, blisko centrum miasta. Mieszkanie zachwyca przestrzenią oraz funkcjonalnym układem pomieszczeń. W skład apartamentu wchodzą: - przestronny salon, - oddzielna kuchnia, - trzy komfortowe sypialnie, - dwie łazienki, - dwa tarasy idealne do wypoczynku. Apartament jest pięknie wykończony, zadbany i gotowy do zamieszkania bez dodatkowych nakładów finansowych. Ogromnym atutem lokalizacji jest doskonale rozwinięta infrastruktura: - blisko przedszkola i szkoły, - w pobliżu sklepy oraz punkty usługowe, - szybki dojazd do centrum, - niedaleko uczelnie wyższe, - dużo zieleni i terenów spacerowych, - garderoba, - komórka lokatorska. Idealna propozycja dla rodzin oraz osób ceniących komfort życia w spokojnej, a jednocześnie świetnie skomunikowanej części miasta. Zapraszam do kontaktu oraz na prezentację apartamentu. Garaż podziemny +50000 zł.",tak,tak,osobna,,,,51.238909,22.538471
Lublin,ul. Nowy Świat,2,47,430000,9149.0,bez pośredników,,1,https://adresowo.pl/o/mieszkanie-lublin-ul-nowy-swiat-2-pokojowe-y0u5o9,https://s2.adresowa.pl/oi/2b/53/3e83ac_30f6_cover@2x-2-pokojowe-mieszkanie-lublin-ul-nowy-swiat.webp,Lublin ,Nowy Świat,3,1997.0,blok,,"Sprzedam mieszkanie 47 m². 2 pokoje, balkon. Do remontu. Blok z 1997 r. Nie interesują mnie pośrednicy. Proszę o kontakt telefoniczny.",,,,,,,51.22587,22.564568
Lublin Bronowice,ul. Wrońska,2,52,670000,12885.0,bez pośredników,,9,https://adresowo.pl/o/mieszkanie-lublin-bronowice-ul-wronska-2-pokojowe-i3r6r9,https://s2.adresowa.pl/oi/44/25/3e831c_b948_cover@2x-2-pokojowe-mieszkanie-lublin-bronowice-ul-wronska.webp,Lublin Bronowice,Wrońska,5,2018.0,blok,,"Sprzedaż bez pośredników – brak prowizji. Cena: 670000 zł (w cenie: piwnica oraz miejsce postojowe). Czynsz: ok. 650 zł (w tym woda i ogrzewanie) Jestem pierwszym właścicielem – mieszkanie nigdy nie było wynajmowane, nie było w nim palone. Na sprzedaż nowoczesne, w pełni wykończone mieszkanie o powierzchni 52.75 m², położone na 5. piętrze w 10-piętrowym budynku z 2018 roku. Do mieszkania przynależy duży balkon 9.25 m² Najważniejsze atuty mieszkania: gotowe do zamieszkania bez żadnych nakładów finansowych, kuchnia w formie aneksu, wykonana na wymiar, z zabudowanym osprzętem AGD, pełne umeblowanie i wyposażenie w cenie, ogrzewanie i ciepła woda z sieci miejskiej. Świetna lokalizacja – w pobliżu znajdują się: Biedronka, Kaufland oraz inne sklepy, apteki i przychodnie, Aqua Lublin, przystanki autobusowe, szybki i wygodny dojazd do centrum miasta. Pośredników nieruchomości zapraszam jedynie z gotowymi klientami z zastrzeżeniem, że strona sprzedająca nie ponosi żadnych kosztów. Nie wyrażam zgody na udostępnianie oferty na innych portalach.",tak,tak,,,własność,,51.235471,22.58431
Lublin Konstantynów,ul. Bohaterów Monte Cassino,5,140,1390000,9929.0,bez pośredników,,8,https://adresowo.pl/o/mieszkanie-lublin-konstantynow-ul-bohaterow-monte-cassino-5-pokojowe-v8c2l2,https://s2.adresowa.pl/oi/42/38/3e7aa4_9709_cover@2x-5-pokojowe-mieszkanie-lublin-konstantynow-ul-bohaterow-monte-cassino.webp,Lublin Konstantynów,Bohaterów Monte Cassino,1,2000.0,blok,,"140 m² komfortu w świetnej lokalizacji - Konstantynów | garaż | kominek Cena: 1 390 000 zł Pełna własność | brak kredytu Jeśli szukasz dużego mieszkania dla rodziny, w którym nie trzeba nic robić — tylko wejść i mieszkać — to warto zobaczyć tę ofertę. Sprzedam bezpośrednio przestronne, wielopoziomowe mieszkanie 140 m² przy ul. Bohaterów Monte Cassino (Konstantynów - jedna z najbardziej lubianych dzielnic Lublina). To idealne połączenie: cisza, zieleń i szybki dojazd do centrum. Przestrzeń, której dziś trudno szukać: * 140 m² * 5 pokoi - idealne dla rodziny lub pracy z domu * 3 łazienki - koniec porannych kolejek * duża kuchnia z jadalnią - serce domu * garderoba przy wejściu + duży schowek Komfort na co dzień: * kominek - wyjątkowy klimat * klimatyzacja - wygoda latem * wysoki standard - gotowe do zamieszkania * meble w zabudowie + 4 szafy na wymiar * ogrzewanie - piec dwufunkcyjny Dodatkowe atuty, które robią różnicę: * duży balkon z widokiem na zieleń (cisza i prywatność) * garaż 16 m² * piwnica 14 m² * duży parking pod blokiem - bez problemu z miejscami dla domowników i gości Budynek: * kameralny blok (tylko 2 kondygnacje) * rok budowy: 2000 * piętro 1 * spokojne sąsiedztwo Lokalizacja: Konstantynów → zielona, spokojna okolica → szybki dojazd do centrum → idealne miejsce do życia, nie tylko do mieszkania Sprzedaż bezpośrednia - pośrednikom dziękuję",tak,tak,,,własność,Wyposażenie: klimatyzacja,51.247193,22.507007
Lublin Śródmieście,ul. Józefa Sowińskiego,2,36,617000,17139.0,bez pośredników,,6,https://adresowo.pl/o/mieszkanie-lublin-srodmiescie-ul-jozefa-sowinskiego-2-pokojowe-q9w7n2,https://s2.adresowa.pl/oi/7a/47/3e6e8a_6818_cover@2x-2-pokojowe-mieszkanie-lublin-srodmiescie-ul-jozefa-sowinskiego.webp,Lublin Śródmieście,Józefa Sowińskiego,parter,1960.0,blok,,"Na sprzedaż mieszkanie o powierzchni 36 m², położone na parterze przy ul. Sowińskiego w Lublinie, w rejonie skrzyżowania z Al. Racławickimi. Bardzo dobra lokalizacja, obok KUL i UMCS, blisko centrum miasta, przystanków komunikacji miejskiej, sklepów i punktów usługowych. Do centrum są zaledwie 2 przystanki. Lokal jest obecnie wykorzystywany w najmie krótkoterminowym, dlatego może być ciekawą propozycją inwestycyjną. Sprawdzi się również jako mieszkanie dla studenta, pracownika uczelni, singla, pary albo jako lokal pod dalszy wynajem. Dużym atutem jest parter oraz istniejące techniczne wejście bezpośrednio z chodnika. Obecnie jest ono od środka zabudowane, ponieważ lokal funkcjonuje jako mieszkanie i używane jest standardowe wejście z klatki schodowej. Samo wejście od strony ulicy fizycznie istnieje, nie trzeba go dopiero budować ani wykonywać schodów — wystarczy przywrócić jego funkcję od środka i zamontować klamkę. Ze względu na lokalizację, parter i niezależne wejście lokal daje szersze możliwości niż zwykłe mieszkanie. Może nadal pełnić funkcję mieszkalną lub inwestycyjną, ale po odpowiednim dostosowaniu może sprawdzić się także jako gabinet, małe biuro, punkt usługowy, fryzjer, kosmetyka albo inna nieuciążliwa działalność. Oferta szczególnie ciekawa dla osoby szukającej lokalu w dobrej lokalizacji, blisko uczelni i centrum, z realnym potencjałem zarówno mieszkaniowym, jak i usługowym. Dopisek dla pośredników: Sprzedaż bezpośrednia. Pośrednikom dziękuję za kontakt w sprawie podpisania umowy pośrednictwa. Nie jestem zainteresowany usługą sprzedaży po stronie właściciela. Kontakt ze strony pośrednika możliwy wyłącznie w przypadku posiadania konkretnego klienta kupującego, z prowizją rozliczaną po stronie tego klienta.",,,,,własność,,51.242421,22.539606
Lublin Węglin,ul. Jemiołuszki,3,60,755000,12583.0,bez pośredników,,12,https://adresowo.pl/o/mieszkanie-lublin-weglin-ul-jemioluszki-3-pokojowe-b0e5i3,https://s2.adresowa.pl/oi/29/40/3e671a_b76c_cover@2x-3-pokojowe-mieszkanie-lublin-weglin-ul-jemioluszki.webp,Lublin Węglin,Jemiołuszki,parter,2024.0,blok,,"Mieszkanie zadbane w pełni urządzone. Używane przez kilka miesięcy. Koszty miesięczne za 4 osoby to około 1tyś zł. Dodatkowo do mieszkania przypisane jest miejsce parkingowe, tuż przy tarasie.",,tak,aneks,plastikowe,własność,,51.22081,22.478101
Lublin Bronowice,ul. Pogodna,3,60,569000,9483.0,bez pośredników,,10,https://adresowo.pl/o/mieszkanie-lublin-bronowice-ul-pogodna-3-pokojowe-z0u4n6,https://s2.adresowa.pl/oi/11/7b/3e65c2_cf58_cover@2x-3-pokojowe-mieszkanie-lublin-bronowice-ul-pogodna.webp,Lublin Bronowice,Pogodna,4,1984.0,blok,,"Sprzedam mieszkanie przestronne ,3 pokojowe , 60.69 m2 na ul. Pogodnej w dzielnicy Bronowice. Duży balkon. Mieszkanie usytuowane jest na 4 piętrze w czteropiętrowym bloku. Atutem mieszkania jest duży salon 24 m2 , z możliwością wydzielenia na dodatkowy pokój, Pokoje są rozkładowe, widne, oddzielna wc i łazienka. Ogrzewanie z sieci miejskiej. Ostatnio klatka wyremontowana , malowana, położone płytki gres. Do mieszkania przynależy również piwnica o pow. 7,60m2 jak i wózkownia ogólnodostępna. Miejsca parkingowe ogólnodostępne tuż przy bloku jak i drugi parking główny od ulicy Pogodnej. Lokalizacja mieszkania bardzo dobrze skomumikowana, w pobliżu szkoła, basen , Biedronka, OBI, Felicity, targ. Czynsz wynosi około 800 zł. oferta prywatna-bez pośredników Zapraszam do kontaktu.",tak,,osobna,plastikowe,własność,,51.232967,22.597
Lublin Wrotków,ul. Antoniego Słomkowskiego 12,3,60,725000,12083.0,bez pośredników,,10,https://adresowo.pl/o/mieszkanie-lublin-wrotkow-ul-antoniego-slomkowskiego-3-pokojowe-r1p9s3,https://s2.adresowa.pl/oi/4b/6e/3e639e_d112_cover@2x-3-pokojowe-mieszkanie-lublin-wrotkow-ul-antoniego-slomkowskiego.webp,Lublin Wrotków,Antoniego Słomkowskiego 12,parter,2018.0,blok,,"Mieszkanie zlokalizowane jest w pobliżu Zalewu Zemborzyckiego. Niedaleko znajduje sie przystanek autobusowy, sklepy, przychodnia, przedszkola, żłobki, szkoła, restauracje. Wraz z mieszkaniem. dostepne jest miejsce postojowe w wielostanowiskowym garażu podziemnym i duża komórka lokatorska. Budynek wyposażony jest w stację uzdatniania wody, a także panele fotowoltaiczne. Wokół jest dużo zieleni i terenów rekreacyjnych,okolica jest atrakcyjna zarówno dla rodzin z dziećmi jak i osób starszych.",tak,tak,aneks,plastikowe,własność,,51.196417,22.542877
Lublin Sławin,ul. Bukszpanowa,3,57,678382,11901.0,bez pośredników,,19,https://adresowo.pl/o/mieszkanie-lublin-slawin-ul-bukszpanowa-3-pokojowe-z3d4r2,https://s2.adresowa.pl/oi/7a/31/3e5020_bc08_cover@2x-3-pokojowe-mieszkanie-lublin-slawin-ul-bukszpanowa.webp,Lublin Sławin,Bukszpanowa,2,2022.0,blok,,"Mieszkanie widne w niższej, nowoczesnej zabudowie. 57,49 m2. W budynku znajduje się winda, klatki przestronne, nowe, wykończone z dbałością o szczegóły. Układ pomieszczeń: Przedpokój: 8,94 m2 Łazienka: 4,20 m2 Sypialnia: 11,08 m2 Salon z aneksem kuchennym: 22,87 m2 Pokój: 10,41 m2 Inwestycja realizowana z zasadami SmartHome - pełny monitoring: czujniki ruchu, dymu. Domofon wizyjny, pełny monitoring osiedla. Lokal wystawiony jest przez właściciela, bez pośredników. Mieszkanie bardzo ustawne, wszystkie pomieszczenia bardzo widne z dostępnością do balkonu. Balkon (10,38 m2)- dwa balkony narożne od strony północno-zachodniej. Na balkonie znajduje się zamykany schowek o pow. 1,68 m2. Stan deweloperski. Do mieszkania należy też komórka lokatorska (cena ok. 20 000 PLN - kto posiada, ten docenia), cena do uzgodnienia. Oraz miejsce parkingowe (cena 25 000 PLN) przy samym wejściu do budynku. Nie wykańczałem lokalu ze względu na nieplanowaną relokację do innego miasta. Okolica bardzo cicha z łatwym dostępem do wyjazdowych kierunków w stronę centrum Lublina, jak też do obwodnicy - realna oszczędność czasu. Na osiedlu znajdują się także dwa markety ogólnospożywcze, co bardzo ułatwia codzienne zakupy. Miejsce do mieszkania szalenie wygodne, otoczenie estetyczne i z dala od ruchu kołowego.",tak,tak,aneks,,własność,,51.27758,22.514938
Lublin Czuby,ul. Agatowa,4,80,795000,9938.0,bez pośredników,,10,https://adresowo.pl/o/mieszkanie-lublin-czuby-ul-agatowa-4-pokojowe-t0o3i1,https://s2.adresowa.pl/oi/3d/66/3e4cbc_4ec1_cover@2x-4-pokojowe-mieszkanie-lublin-czuby-ul-agatowa.webp,Lublin Czuby,Agatowa,2,2001.0,blok,,"Przestrzeń, spokój i natura tuż za progiem — Czuby Poręba. Są miejsca, do których wchodzi się i od razu wiadomo — tu chce się żyć. To właśnie takie mieszkanie. Na sprzedaż 4-pokojowe mieszkanie o powierzchni 80,88 m², położone na 2. piętrze 3-piętrowego budynku z 2001 roku na lubelskich Czubach Poręba — dzielnicy od lat uznawanej za jedną z najbardziej pożądanych do zamieszkania w mieście. Lokalizacja, która daje więcej niż tylko adres. W niedużej odległości znajdziesz szkoły, przedszkola, sklepy i przystanki komunikacji miejskiej. Ale to, co naprawdę wyróżnia tę okolicę, to bliskość natury — wąwóz ze ścieżką rowerową prowadzącą wprost na Zalew Zemborzycki oraz las Stary Gaj, gdzie można złapać oddech bez wychodzenia poza dzielnicę. To idealne miejsce dla rodzin z dziećmi i wszystkich, którzy chcą mieszkać w mieście, nie rezygnując z zieleni. Przemyślany układ, który daje przestrzeń każdemu. Mieszkanie jasne, przytulne i świetnie doświetlone. Na powierzchnię składają się: - Przestronny salon — 20,14 m² - Sypialnia 1 — 11,75 m² - Sypialnia 2 — 8,12 m² - Sypialnia 3 — 8,12 m² - Kuchnia — 8,77 m² - Przedpokój — 7,76 m² - Korytarz — 7,44 m² - Garderoba — 1,90 m² - Łazienka — 6,88 m² Do mieszkania przynależy duży balkon — dodatkowa strefa relaksu — oraz piwnica 6,16 m². Na podłodze znajduje się parkiet jesionowy, a przed budynkiem duży parking, na którym zawsze znajdzie się miejsce. Gotowe do wprowadzenia — od zaraz. Mieszkanie sprzedawane z pełnym wyposażeniem: kuchnia z zabudową meblową i sprzętem AGD marki Siemens w zestawie. W salonie stół, wygodna kanapa z funkcją spania, stolik kawowy, szafka RTV, barek i komoda. Osobny stół w kuchni, łóżko w sypialni głównej oraz kompletna zabudowa meblowa w drugiej sypialni dopełniają wyposażenie. 4 pokoje na Czubach Poręba to prawdziwa rzadkość. Jeśli szukasz przestronnego, rodzinnego mieszkania w jednej z najbardziej cenionych dzielnic Lublina — tu warto się zatrzymać na dłużej. Lokalizacja: Lublin, Czuby Poręba Cena:799 000 zł Sprzedaż bezpośrednia — agencjom i pośrednikom dziękuję, proszę nie dzwonić. Opcja dodatkowa: Garaż — 130 000 zł Istnieje możliwość zakupu garażu w tym samym budynku. Warto zauważyć, że w całym obiekcie dostępne są zaledwie 4 garaże.",tak,tak,osobna,drewniane,własność,Wyposażenie: tv,51.221932,22.504047
Lublin Dziesiąta,ul. Młodzieżowa,2,32,370000,11562.0,bez pośredników,,11,https://adresowo.pl/o/mieszkanie-lublin-dziesiata-ul-mlodziezowa-2-pokojowe-w0d2z6,https://s2.adresowa.pl/oi/47/7c/3e4872_d3d5_cover@2x-2-pokojowe-mieszkanie-lublin-dziesiata-ul-mlodziezowa.webp,Lublin Dziesiąta,Młodzieżowa,6,,blok,,"Na sprzedaż przytulne i funkcjonalne mieszkanie o powierzchni 32 m², położone na 6 piętrze w bloku z windą, w zielonej i świetnie skomunikowanej dzielnicy Dziesiąta w Lublinie na ul. Młodzieżowej. Mieszkanie składa się z: - salonu z aneksem kuchennym, - oddzielnej sypialni, - łazienki, - przedpokoju. Lokal po remoncie, gotowy do wprowadzenia bez dodatkowych nakładów finansowych. Istnieje możliwość pozostawienia mebli, dzięki czemu mieszkanie może być idealne zarówno do zamieszkania, jak i pod inwestycję lub wynajem. Mieszkanie posiada również dwie pojemne szafy w zabudowie, zapewniające wygodne miejsce do przechowywania. Najważniejsze atuty: - piękny widok na drzewa i wyjątkowe zachody słońca, - bardzo zielone i spokojne osiedle, - ogrzewanie z sieci miejskiej, - bezpłatne miejsca parkingowe dla mieszkańców — możliwość parkowania 2 samochodów na mieszkanie, - blok z windą, - funkcjonalny układ pomieszczeń. W najbliższej okolicy znajdują się: żłobek, przedszkole, szkoła, biblioteka, przychodnia, sklepy, piekarnia, cukiernia, garmażerka, bary mleczne, place zabaw, boisko oraz siłownia zewnętrzna. Dużym atutem jest także bardzo dobry dojazd do wszystkich części miasta oraz ścieżka rowerowa prowadząca nad Zalew Zemborzycki. Ocieplenie z sieci miejskiej, ciepła woda podgrzewana piecykiem gazowym. Mieszkanie idealne dla singla, pary, małej rodziny lub jako inwestycja pod wynajem. Sprzedaż prywatnie. Cena do negocjacji.",tak,,aneks,,,,51.213263,22.57175
Lublin Czuby,ul. Herbowa,2,35,427000,12200.0,bez pośredników,,8,https://adresowo.pl/o/mieszkanie-lublin-czuby-ul-herbowa-2-pokojowe-w5d1q7,https://s2.adresowa.pl/oi/1f/56/3e43d2_bec8_cover@2x-2-pokojowe-mieszkanie-lublin-czuby-ul-herbowa.webp,Lublin Czuby,Herbowa,4,2004.0,blok,,"Szukasz gotowego mieszkania w zielonej i spokojnej okolicy, a może pewnej inwestycji pod wynajem? Ta oferta jest dla Ciebie! Na sprzedaż ustawne, jasne mieszkanie wraz z dużą piwnicą o łącznej powierzchni 42,36 m², składające się z mieszkania o pow. 35,23 m² oraz piwnicy o powierzchni 7,13 m² zlokalizowane na osiedlu Błonie (Czuby) przy ul. Herbowej. Mieszkanie znajduje się na 4. piętrze w zadbanym, ocieplonym bloku, zarządzanym przez sprawnie działającą wspólnotę mieszkaniową. Kupujesz bezpośrednio - oszczędzasz! Sprzedaż odbywa się bezpośrednio od właściciela, co oznacza, że kupujący nie płaci prowizji dla biura nieruchomości. To oszczędność rzędu [numer]0 zł, które możesz przeznaczyć na własną aranżację lub formalności notarialne. Dlaczego warto wybrać to mieszkanie? Gotowe do zamieszkania: Lokal przeszedł generalny remont 5 lat temu. Jest zadbane, czyste i w pełni wyposażone. Funkcjonalny układ: * Przestronny pokój (18 m²) z wyjściem na duży balkon (4 m²). * Oddzielna, jasna kuchnia połączona z jadalnią (10 m²) - w pełni zabudowana, wyposażona w sprzęt AGD (lodówka, kuchenka, mikrofala). * Nowoczesna łazienka z kabiną prysznicową, podwieszanym WC, pralką i umywalką. * Przedpokój. Ogromna piwnica: Do mieszkania przynależy piwnica o powierzchni aż 7 m² - idealna na rowery, sprzęt sportowy czy domowe archiwum. Otoczenie: Budynek posiada odnowioną elewację, a teren wokół bloku jest wyjątkowo zadbany, z dużą ilością zieleni. Najważniejsze parametry techniczne: Media miejskie: Zarówno ogrzewanie (CO), jak i ciepła woda pochodzą z sieci miejskiej. W mieszkaniu nie ma piecyka gazowego, co gwarantuje bezpieczeństwo i wygodę. Bezpieczeństwo i standard: Zamontowane solidne drzwi antywłamaniowe oraz nowoczesne okna PCV. Wystawa okien: Zachodnia - mieszkanie jest bardzo dobrze doświetlone i ciepłe, szczególnie w godzinach popołudniowych. Niskie koszty: Czynsz administracyjny wynosi jedynie 414 zł (plus zaliczki na wodę według zużycia). Idealna lokalizacja Czuby to jedna z najbardziej pożądanych dzielnic Lublina. W zasięgu kilku minut spacerem znajdziesz: * Przystanki komunikacji miejskiej (świetne połączenie z centrum i uczelniami). * Pełną infrastrukturę: sklepy, apteki, punkty usługowe. * Tereny rekreacyjne i ścieżki rowerowe prowadzące nad Zalew Zemborzycki. Potencjał inwestycyjny Mieszkanie stanowi doskonałą ofertę pod wynajem. Dzięki funkcjonalnemu układowi (osobna kuchnia z jadalnią), bliskości infrastruktury oraz niskiemu czynszowi, nieruchomość gwarantuje stałe zainteresowanie najemców i stabilną stopę zwrotu. Cena: 427 000 zł Zapraszam do kontaktu i na prezentację mieszkania! Biurom nieruchomości dziękuję - sprzedaję wyłącznie bezpośrednio.",tak,,osobna,,,"Wyposażenie: kuchenka, lodówka",51.236275,22.508898
Lublin Kalinowszczyzna,ul. Edwarda Dembowskiego,2,46,460000,10000.0,bez pośredników,,17,https://adresowo.pl/o/mieszkanie-lublin-kalinowszczyzna-ul-edwarda-dembowskiego-2-pokojowe-j4m4z7,https://s2.adresowa.pl/oi/44/1a/3e3ad4_e37d_cover@2x-2-pokojowe-mieszkanie-lublin-kalinowszczyzna-ul-edwarda-dembowskiego.webp,Lublin Kalinowszczyzna,Edwarda Dembowskiego,parter,1975.0,blok,,"Oferuję na sprzedaż mieszkanie o powierzchni 46 m² w bloku z lat 70-tych. Mieszkanie znajduje się na parterze i jest w stanie do zamieszkania. Jest w pełni wyposażone w meble oraz sprzęt AGD, w tym: pralkę, lodówkę, kuchenkę, piekarnik oraz telewizor. Dodatkowe atuty to: - balkon, - piwnica, - oddzielna kuchnia, - miejskie ogrzewanie, - zabezpieczenia: drzwi i okna antywłamaniowe, domofon. Mieszkanie zlokalizowane jest w bliskiej odległości przychodni zdrowia, sklepów i przystanków komunikacji miejskiej. Dostępny jest bezpłatny parking ogólnodostępny. Czynsz wynosi 660 PLN miesięcznie. Mieszkanie będzie dostępne od 18 maja 2026 roku. Jeśli szukasz komfortowego mieszkania w dobrym stanie, skontaktuj się, aby umówić się na prezentację! Cena podlega negocjacji.",tak,,osobna,,,"Wyposażenie: kuchenkę, lodówkę, piekarnik, pralkę, telewizor",51.252734,22.582275
Lublin Kalinowszczyzna,ul. Lwowska,3,52,475000,9135.0,bez pośredników,,13,https://adresowo.pl/o/mieszkanie-lublin-kalinowszczyzna-ul-lwowska-3-pokojowe-l7s4b8,https://s2.adresowa.pl/oi/2b/42/3e117c_69d9_cover@2x-3-pokojowe-mieszkanie-lublin-kalinowszczyzna-ul-lwowska.webp,Lublin Kalinowszczyzna,Lwowska,5,1975.0,blok,,"Sprzedam mieszkanie. Powierzchnia: 52 m2. Lokalizacja: ul. Lwowska. Cena: 475 tys. zł. Liczba pokoi: 3. Dodatkowe udogodnienia: balkon, piwnica. .Okna: wschód/południe. Forma własności: własnościowe.Pośrednikom dziękuję. Przykładowe odległości: Biedronka 60m Galeria Vivo 700m Mpk 60m linie/2.4.6.16.18.32.34.39.47.57.ON2.301/ Basen 130m Szkoła podstawowa 180m Szkoła średnia 100m Liceum 600m Pizzeria30m Przedszkole200m Zamek 950m Lidl 400m Park 450m Uniwersytet medyczny1km",tak,,aneks,plastikowe,własność,,51.255568,22.578933
Lublin Bronowice,ul. Krańcowa,2,49,369500,7541.0,bez pośredników,,8,https://adresowo.pl/o/mieszkanie-lublin-bronowice-ul-krancowa-2-pokojowe-e5e7d5,https://s2.adresowa.pl/oi/7d/36/3dfa14_4e3e_cover@2x-2-pokojowe-mieszkanie-lublin-bronowice-ul-krancowa.webp,Lublin Bronowice,Krańcowa,3,1970.0,blok,,"Na sprzedaż: jasne, wysokie mieszkanie z klimatyzacją i ogromnym potencjałem – sprzedaż bezpośrednio ! Mieszkanie bardzo ciepłe, słoneczne i przestronne o świetnym układzie. Lokal daje ogromne możliwości aranżacyjne – bez problemu można go przebudować, zyskując trzeci, niezależny pokój. Wszystkie ściany w mieszkaniu to ściany działowe ! Idealne dla rodziny, pary lub jako inwestycja pod wynajem. ​Główne atuty mieszkania: • ​Przestrzeń i światło: Pokoje są bardzo ustawne, a ponadstandardowa wysokość (ponad 280 cm) optycznie powiększa wnętrze. •​ Doskonała ekspozycja: Okna wychodzą na wschód i południe, dzięki czemu mieszkanie jest naturalnie doświetlone przez cały dzień. • ​Komfort przez cały rok: Zamontowana klimatyzacja zapewnia przyjemny chłód latem, a zimą mieszkanie jest bardzo ciepłe. • W pokojach i przedpokoju znajduje się oryginalny, drewniany parkiet (do odświeżenia/wycyklinowania), który po renowacji nada wnętrzu niepowtarzalny charakter. • Mieszkanie jest ciche, co daje pełną prywatność i całkowity brak uciążliwych odgłosów z sąsiednich lokali. Stan: Mieszkanie jest do remontu, obecnie opróżniane jest z mebli oraz rzeczy osobistych, co przyspieszy proces przekazania kluczy nowemu właścicielowi. Lokalizacja: Lublin, ul. Krańcowa 108, dzielnica Bronowice. Dodatkowe atuty: • Zadbana przestrzeń • Odnowiona klatka schodowa i bardzo spokojne sąsiedztwo. ​• Zielona okolica: Osiedle pełne zieleni, w bezpośrednim sąsiedztwie parku. • ​Wszystko pod ręką: W najbliższej okolicy pełna infrastruktura handlowo-usługowa (Stokrotka, Biedronka, Kaufland, OBI, lokalny targ), a także basen, szkoły, przedszkole, żłobek, kościół, przychodnia, apteka, dom kultury, biblioteka. • ​Komunikacja: Świetnie skomunikowany punkt na mapie Lublina. Bliskość przystanków autobusowych i trolejbusowych gwarantuje szybki dojazd do centrum. Kierowcy docenią błyskawiczny wyjazd na Al. Witosa i węzeł S17/S12/S19. ​ • Masz dość oglądania drogich mieszkań z wystrojem, który nie do końca Ci odpowiada? • Chcesz zwykłe dwa pokoje przekształcić na zyskowną, trzypokojową inwestycję? • Stwórz rentowne 3 pokoje pod wynajem lub zbuduj od zera swój idealny kąt, w którym wszystko będzie zrobione po Twojemu bez przepłacania za cudze błędy wnętrzarskie. ​Sprzedaż wyłącznie bezpośrednia. Pośrednikom i agencjom nieruchomości z góry dziękuję za współpracę – proszę nie dzwonić. Zapraszam do kontaktu: tel. 53*******74",tak,,osobna,,własność,Wyposażenie: klimatyzacja,51.233279,22.591262
Lublin Śródmieście,al. Racławickie,2,56,999000,17839.0,bez pośredników,,18,https://adresowo.pl/o/mieszkanie-lublin-srodmiescie-al-raclawickie-2-pokojowe-d5h8z4,https://s2.adresowa.pl/oi/1a/2d/3dca1e_fccf_cover@2x-2-pokojowe-mieszkanie-lublin-srodmiescie-al-raclawickie.webp,Lublin Śródmieście,Racławickie,2,2020.0,blok,,"LOKALIZACJA: Lublin, Śródmieście, Al. Racławickie 10. Bezpośrednie sąsiedztwo Parku Saskiego oraz Centrum Spotkania Kultur (CSK). OPIS NIERUCHOMOŚCI: Z przyjemnością prezentujemy do sprzedaży wyjątkowy lokal o powierzchni 56,68 m², położony na 2. piętrze w prestiżowym apartamentowcu Unia Art Residence z 2020 roku. To jeden z najbardziej rozpoznawalnych i luksusowych adresów na mapie Lublina. KLUCZOWE ATUTY: - Wszechstronność: Lokal idealny jako luksusowy apartament mieszkalny, reprezentacyjne biuro lub dochodowa inwestycja pod wynajem krótkoterminowy (standard hotelowy). - Widok i Doświetlenie: Przeszklone wnętrza z kojącym widokiem na zielony skwer oraz plac przy Centrum Spotkania Kultur. - Elastyczność aranżacji: Przemyślany układ funkcjonalny pozwala na dowolne dostosowanie przestrzeni do potrzeb nowego właściciela (rzut lokalu dostępny w galerii). - Standard Premium: Wysoka jakość wykończenia zarówno lokalu (tynki ozdobne, drewniane drzwi, wysokiej jakości panele winylowe), jak i części wspólnych budynku. Możliwość zakupu z widocznymi na zdjęciach, eleganckimi meblami wykonanymi z drewna. BUDYNEK I BEZPIECZEŃSTWO: Unia Art Residence to synonim komfortu i bezpieczeństwa: - Całodobowa ochrona i zaawansowany monitoring. - Nowoczesne windy i eleganckie lobby. - Media z sieci miejskiej (ogrzewanie i ciepła woda). - Możliwość dokupienia lub wynajęcia miejsca postojowego w kondygnacji podziemnej. STAN PRAWNY: Pełna własność z Księgą Wieczystą - brak jakichkolwiek obciążeń czy hipoteki. Szybki i bezpieczny proces sprzedaży. CENA: 999 000 PLN netto (+ 23% VAT). Wystawiamy fakturę VAT - idealne rozwiązanie dla przedsiębiorców. Zapraszam na prezentację, aby osobiście poczuć prestiż tej lokalizacji. Oferta prywatna, zapraszam do kontaktu telefonicznego.",,tak,,,własność,,51.249345,22.53907
Lublin Czechów,ul. Oratoryjna,4,71,740000,10423.0,bez pośredników,,15,https://adresowo.pl/o/mieszkanie-lublin-czechow-ul-oratoryjna-4-pokojowe-l2h9v4,https://s2.adresowa.pl/oi/6e/6a/3dc562_73a8_cover@2x-4-pokojowe-mieszkanie-lublin-czechow-ul-oratoryjna.webp,Lublin Czechów,Oratoryjna,5,1992.0,blok,,"SPRZEDAM 4-pokojowe mieszkanie 71,6 m² + garaż 14,7 m² + piwnica 11,2 m² Lublin, Czechów, ul. Oratoryjna Na sprzedaż przestronne i funkcjonalne mieszkanie o powierzchni 71,6 m², położone na 5 piętrze w 7-kondygnacyjnym budynku z dwiema windami (rok budowy 1992), w spokojnej i zielonej części dzielnicy Czechów. Cena: 725 000 zł Mieszkanie posiada czystą księgę wieczystą - możliwość zakupu na kredyt. Najważniejsze atuty: - 4 niezależne pokoje - idealne dla rodziny lub pod wynajem - balkon 3,77 m² z widokiem na zieleń - duża piwnica aż 11,2 m² - samodzielny zamykany garaż 14,7 m² - mieszkanie po remoncie w 2021 roku - instalacja elektryczna miedziana - umeblowane - gotowe do zamieszkania od zaraz - ciche i spokojne sąsiedztwo Układ mieszkania: - salon + 3 sypialnie - osobna kuchnia - łazienka i WC oddzielnie - funkcjonalny, wygodny rozkład pomieszczeń Budynek i udogodnienia: - 2 windy - zadbana klatka schodowa - parking dla mieszkańców ze szlabanem - spokojna, zielona okolica Media i opłaty: - czynsz koszty administracji + zużycie - woda z sieci miejskiej (centralnie podgrzewana) - zdalny odczyt wodomierzy i grzejników - gaz i prąd - liczniki na klatce schodowej Lokalizacja: - przystanek autobusowy - 2-3 min pieszo - szkoła, przedszkole, liceum - ok. 600 m - szybki dojazd do centrum oraz uczelni - w pobliżu sklepy, usługi i tereny zielone Mieszkanie idealne zarówno do zamieszkania, jak i jako inwestycja pod wynajem. Zapraszam do kontaktu i na prezentację.",tak,,osobna,,własność,,51.257684,22.554437
Lublin Czechów,ul. Witolda Chodźki,2,58,595000,10259.0,bez pośredników,,10,https://adresowo.pl/o/mieszkanie-lublin-czechow-ul-witolda-chodzki-2-pokojowe-j6e0l9,https://s2.adresowa.pl/oi/24/66/3dba44_d8b9_cover@2x-2-pokojowe-mieszkanie-lublin-czechow-ul-witolda-chodzki.webp,Lublin Czechów,Witolda Chodźki,4,2000.0,blok,,"Do sprzedania mieszkanie 2-pokojowe o powierzchni 58 m². Lokalizacja: przy Uniwersytecie Medycznym. Mieszkanie jest umeblowane i wyposażone w sprzęt AGD. Składa się z: - 2 nieprzechodnich pokoi z balkonami, - łazienki z wanną, - kuchni, - przedpokoju z obszerną szafą. Do mieszkania przynależy piwnica oraz miejsce parkingowe dla mieszkańców.",tak,tak,osobna,plastikowe,własność,,51.258929,22.567936
Lublin Wrotków,ul. Nałkowskich,3,48,420000,8750.0,bez pośredników,,12,https://adresowo.pl/o/mieszkanie-lublin-wrotkow-ul-nalkowskich-3-pokojowe-f8z0h3,https://s2.adresowa.pl/oi/56/31/3db844_fd5f_cover@2x-3-pokojowe-mieszkanie-lublin-wrotkow-ul-nalkowskich.webp,Lublin Wrotków,Nałkowskich,4,1977.0,blok,,"Na sprzedaż funkcjonalne, słoneczne mieszkanie 3-pokojowe o powierzchni 48,17m2. Lokalizacja: ul. Nałkowskich, Wrotków. Mieszkanie znajduje się na IV piętrze w czteropiętrowym bloku. Bardzo dobra lokalizacja: - blisko przystanek MPK z dobrym dojazdem do centrum Lublina, - szkoła, - przedszkola, - żłobek, - przychodnia, - liczne sklepy i punkty usługowe, - ścieżka rowerowa nad Zalew Zemborzycki. Dodatkowe informacje: - balkon od strony południowej, - podwójna piwnica, - oddzielne WC, - ogrzewanie i ciepła woda LPEC, - czynsz przy jednej osobie około 570zł, - stan prawny - odrębna własność.",tak,,osobna,plastikowe,własność,,51.208149,22.543937
Lublin Węglin,ul. Koralowa,4,75,890000,11867.0,bez pośredników,,14,https://adresowo.pl/o/mieszkanie-lublin-weglin-ul-koralowa-4-pokojowe-s3y7z5,https://s2.adresowa.pl/oi/33/3b/3db774_d5b8_cover@2x-4-pokojowe-mieszkanie-lublin-weglin-ul-koralowa.webp,Lublin Węglin,Koralowa,2,2022.0,blok,,"Ogłoszenie grzecznościowe, zakup bez biura nieruchomości. Oferuję na sprzedaż przestronne mieszkanie o powierzchni 75,38 m² w Lublinie, dzielnica Węglin Południowy. Mieszkanie znajduje się na 2. piętrze w pięciopiętrowym bloku z 2022 roku. Wnętrze jest do zamieszkania i wyposażone w meble oraz sprzęt AGD, w tym pralkę, zmywarkę i lodówkę. Mieszkanie bardzo ciepłe i widne, okna na południe i zachód w strefie dziennej, a sypialnie od strony zachodnio-północnej. Relaks zapewnia balkon o powierzchni 8 m², na który prowadzi wejście z salonu. Mieszkanie wykończone z wysokiej jakości materiałów: drewniane podłogi, markowa armatura, zamontowany zmiękczacz wody oraz zestaw filtrów zapewniają wysoką jakość wody i łatwe utrzymanie czystości. Mieszkanie w stanie technicznym bardzo dobrym. Metraże pokoi: 12,97 m², 11,14 m², 9,36 m² oraz salon z aneksem o powierzchni 24,13 m². Lokalizacja jest bardzo atrakcyjna. W pobliżu znajdziesz: - Wąwóz Lessowy - Wiele sklepów spożywczych, piekarnia i cukiernia - Kawiarnia i Restauracje, jak Peccato di Gola czy Musi Sushi - Szkoła, kościół, liczne punkty usługowe. Dostępność od 1 lipca 2026 roku. Dodatkowe atuty to garaż, balkon, piwnica oraz winda w budynku. Czynsz wynosi 1000 PLN. Miejsce postojowe w budynku dodatkowo płatne w cenie 80 tys. zł.",tak,tak,aneks,plastikowe,własność,"Wyposażenie: lodówkę, pralkę, zmywarkę",51.222992,22.485621
Lublin Bronowice,ul. Zimowa,3,60,529000,8817.0,bez pośredników,,11,https://adresowo.pl/o/mieszkanie-lublin-bronowice-ul-zimowa-3-pokojowe-z7m1v2,https://s2.adresowa.pl/oi/2b/72/3d9ec2_368d_cover@2x-3-pokojowe-mieszkanie-lublin-bronowice-ul-zimowa.webp,Lublin Bronowice,Zimowa,parter,1986.0,blok,,"Na sprzedaż mieszkanie 3-pokojowe - 60,69 m² | Parter | Bez pośredników Na sprzedaż przestronne i funkcjonalne mieszkanie o powierzchni 60,69 m², zlokalizowane przy ul. Zimowej 10 w 10-piętrowym wieżowcu z 1986 roku. Lokal znajduje się na parterze, co zapewnia wygodny dostęp bez konieczności korzystania z windy. Układ mieszkania: - salon (z możliwością podziału na dwa niezależne pokoje), - oddzielna kuchnia, - 2 sypialnie, - osobna łazienka oraz oddzielne WC, - przedpokój. Mieszkanie jest dwustronne i bardzo słoneczne, co zapewnia komfort i dobre doświetlenie przez cały dzień. Dodatkowym atutem jest duży balkon z widokiem na zieleń, idealny do odpoczynku. Dodatkowe informacje: - do mieszkania przynależą aż 2 piwnice, - możliwość parkowania z dwóch stron budynku, - lokal wymaga odświeżenia - świetna okazja do aranżacji według własnych potrzeb. Lokalizacja: W pobliżu znajdują się liczne sklepy (m.in. Biedronka, Lidl, OBI, Makro), szkoła oraz przedszkola - wszystko w zasięgu ręki. Cena: 529 000 zł (do negocjacji) Oferta prywatna - bez pośredników. Zapraszam do kontaktu i obejrzenia mieszkania!",tak,,osobna,plastikowe,własność,,51.234742,22.598378
Lublin Kośminek,ul. Startowa,2,57,565000,9912.0,bez pośredników,,11,https://adresowo.pl/o/mieszkanie-lublin-kosminek-ul-startowa-2-pokojowe-a9q3a1,https://s2.adresowa.pl/oi/54/6e/3d929c_ce88_cover@2x-2-pokojowe-mieszkanie-lublin-kosminek-ul-startowa.webp,Lublin Kośminek,Startowa,1,2021.0,blok,,"Oferuje na sprzedaż mieszkanie nowe o powierzchni 57 m² Mieszkanie na I piętrze. Salon z aneksem kuchennym 23 m² 2 pokoje po około 8,5 m² hol, 2 łazienki, balkon 22 m² Do mieszkania przynależy komórka lokatorska dodatkowo płatna 10.000 oraz miejsce postojowe podziemne za 50.000 Cena do negocjacji Mieszkanie jest dostępne na rynku wtórnym, jest częściowo wykończone.",tak,tak,aneks,,własność,,51.232334,22.583141
Lublin,ul. Kolorowa,3,59,529000,8966.0,bez pośredników,,8,https://adresowo.pl/o/mieszkanie-lublin-ul-kolorowa-3-pokojowe-t9r4d0,https://s2.adresowa.pl/oi/59/7f/3d7830_ff5f_cover@2x-3-pokojowe-mieszkanie-lublin-ul-kolorowa.webp,Lublin ,Kolorowa,1,1997.0,blok,,"Oferuję 3 pokojowe mieszkanie o pow. 59,2 m2 na 1 piętrze w bloku z piwnicą na ul. Kolorowej - Rogatka Warszawska w Lublinie. Nieruchomość składają się z 3 pokoi, oddzielnej kuchni, łazienki z WC oraz balkonu. Mieszkanie umeblowane z przeznaczeniem do najmu lub zamieszkania. Do mieszkania przynależy obszerna piwnica. Mieszkanie wyposażone 2 funkcyjny piecyk gazowy. Blok z 1997r. Osiedle zlokalizowane na Rogatce Warszawskiej. W pobliżu przystanek MPK, sklepy, apteka z przychodnią zdrowia oraz uczelnie KUL i UMCS.",tak,,osobna,,własność,,51.252461,22.519008
Lublin,Wrotków,3,60,465000,7750.0,bez pośredników,,11,https://adresowo.pl/o/mieszkanie-lublin-wrotkow-3-pokojowe-60-m2-f0c0d5,https://s2.adresowa.pl/oi/78/7d/3d773c_9382_cover@2x-3-pokojowe-mieszkanie-lublin-wrotkow.webp,Lublin Wrotków,,7,1978.0,blok,,"Witam, sprzedam mieszkanie 60,08 m². Posiada przedpokój, 3 pokoje plus wnęka liczona jak pokój. Blok 10-piętrowy z 2 windami. Mieszkanie znajduje się na 7. piętrze. Rozkład pokoi umożliwia swobodną aranżację według własnych upodobań z demontażem ścianek. Do mieszkania wliczona jest piwnica. Mieszkanie posiada księgę wieczystą, nie jest zadłużone. Blisko szkoła, przedszkole, żłobek, sklepy itd. Więcej informacji udzielę telefonicznie. Zapraszam do oglądania oraz kupna.",tak,,,,,,51.203999,22.546
Lublin,LSM,3,48,456000,9500.0,bez pośredników,,8,https://adresowo.pl/o/mieszkanie-lublin-lsm-3-pokojowe-48-m2-c4n2u9,https://s2.adresowa.pl/oi/2a/54/3d6220_9298_cover@2x-3-pokojowe-mieszkanie-lublin-lsm.webp,Lublin LSM,,5,1974.0,blok,,"Sprzedam mieszkanie, 3 pokoje z kuchnią, 48 m2, LSM, osiedle J. Słowackiego. V piętro, winda. Kontakt wyłącznie telefoniczny.",,,,,,,51.24001,22.525
Lublin Czechów,ul. Młodej Polski,2,49,555000,11327.0,bez pośredników,,10,https://adresowo.pl/o/mieszkanie-lublin-czechow-ul-mlodej-polski-2-pokojowe-i1m8q2,https://s2.adresowa.pl/oi/43/74/3d5e38_fd9d_cover@2x-2-pokojowe-mieszkanie-lublin-czechow-ul-mlodej-polski.webp,Lublin Czechów,Młodej Polski,2,1986.0,blok,,"Oferta prywatna (pośrednikom dziękuję). 2- pokojowe, 49,1 m2 mieszkanie (z oddzielną i funkcjonalną kuchnią). W łazience prysznic i ciekawa, oryginalna mozaika. W kuchni meble ""na wymiar"" w szarym macie + zmywarka. 1.Nowoczesny styl tej nieruchomości ""trafi"" najszybciej w oko studenta, młodych rodzin. 2.Ta nieruchomość znajduje się w świetnie skomunikowanym osiedlu w okolicy Auchan na Czechowie. 3.Pobliskie przystanki z pokaźną bazą autobusów, umożliwiają dotarcie do każdej części miasta. 4.Kolejny atut to drugie piętro w niskim bo 4-piętrowym bloku. 5.Obszerny balkon z widokiem na ""wszechotaczającą zieleń"" daje oddech (to nie dzisiejsza ""betonowa sypialnia Lublina"", których tak wiele powstaje dookoła. Budynek po termoizolacji. 6.Tu jest pięknie o każdej porze roku. 7.Dogodna infrastruktura, sklepy, przeszkola, usługi, przemyślany (bo dawny) układ parkingów. 8.Tu dobrze i wygodnie się żyje. Oferta prywatna",tak,,osobna,plastikowe,własność,Wyposażenie: zmywarka,51.266195,22.557855
Lublin Wrotków,ul. Jana Samsonowicza,3,49,410000,8367.0,bez pośredników,,11,https://adresowo.pl/o/mieszkanie-lublin-wrotkow-ul-jana-samsonowicza-3-pokojowe-l3y0q5,https://s2.adresowa.pl/oi/5e/4b/3d43c0_7cb9_cover@2x-3-pokojowe-mieszkanie-lublin-wrotkow-ul-jana-samsonowicza.webp,Lublin Wrotków,Jana Samsonowicza,4,1980.0,blok,,"Na sprzedaż 3-pokojowe mieszkanie położone na 4. piętrze w spokojnej okolicy. Lokal przeznaczony do remontu. Mieszkanie jest jasne i ustawne, z funkcjonalnym układem pomieszczeń. Dużym atutem jest ładny widok z okien – brak bezpośredniej zabudowy „blok w blok” zapewnia większą prywatność i komfort. Do dyspozycji mieszkańców jest parking za szlabanem, co gwarantuje wygodne i bezpieczne miejsce do parkowania. W pobliżu znajdują się: • szkoła podstawowa • przedszkole • niezbędna infrastruktura do codziennego życia",tak,,osobna,plastikowe,własność,,51.208219,22.547227
Lublin Czuby,ul. Bursztynowa,3,65,647000,9954.0,bez pośredników,,12,https://adresowo.pl/o/mieszkanie-lublin-czuby-ul-bursztynowa-3-pokojowe-q2n1o3,https://s2.adresowa.pl/oi/7a/6c/3d261e_b2d4_cover@2x-3-pokojowe-mieszkanie-lublin-czuby-ul-bursztynowa.webp,Lublin Czuby,Bursztynowa,3,1992.0,blok,,"Opis Mieszkanie 65.2m2, 3 - pokojowe, III - pietro, wierzowiec 10-cio pietrowy. - Bardzo dobra lokalizacja - szybki wyjazd sampchodem z osiedla. (1 min: do Szkoly, kosciola, poczty, Stokrotka, Biedronka i skley osiedlowe, przystanek autobusowy oraz Stary las). Rok budynku 1992. Bardzo piekna okolica pelna zielonych i rekreacyjnych miejsc. Sloneczne mieszkanie przez caly dzien, przestronne i funkcjonalne: 3-pokojowe mieszkanie o powierzchni 65,2 m², położone na 3. piętrze w wieżowcu na cenionym osiedlu ul Bursztynowa 30 - Widok (Czuby) w Lublinie. Mieszkanie jest odświeżone, po remoncie, gotowe do zamieszkania. W lokalu wykonano nowy aneks kuchenny, co zapewnia nowoczesny wygląd i komfort użytkowania. Okna w pokojach skierowane są na północny-wschód, natomiast balkon oraz okno kuchenne na południowy-zachód, co zapewnia dobre doświetlenie i przyjemną cyrkulację światła przez cały dzień. "" Układ mieszkania: 3 niezależne pokoje, nowy aneks kuchenny, dwa przedpokoje do zagospodarowania, łazienka oraz toaleta (osobno). Okna skierowane na polnocny-wschod oraz balkon I kuchnia: poludniowy zachod. - Dwa przestronne i ustawne przedpokoje. - Kuchnia - 6.4m²: z nowym aneksem kuchennym: piekarnik elek,. plyta gazowa (czarne szklo), zmywarka, funkconalny okap oraz zlewozmywak, okno wychodzi na poludnowy-zachod. - Pokoj wypoczynkowy - 19m z duzym balkonem wychodzacym na poludnowy-zachod. - Pokoj sypialnia - 11.4m², okno skierowane na polodniowy-wschod. - Pokoj dzieciecy - 8m², , okno skierowane na polodniowy-wschod. - Lazienka - 3.2m² - Toaleta (osobna) - 1.8m² - Piwnica -4.1m² - Duzy balkon - skierowany na poludnowy-zachod. "" Stan techniczny: Mieszkanie po remoncie, sloneczne i ustawne pomieszczenia. "" Lokalizacja i komunikacja: Bardzo dobra lokalizacja z doskonałym połączeniem dla kogos kto porusza sie samochodem jak i dla kogos kto uzywa Komunikacji Miejskiej. Duza ilosc autobusow, zarówno do centrum miasta, jak i na uczelnie , - 1min do przystanku komunikacji miejskiej: [numer]4, 45, N1, 302. W bezpośredniej okolicy pełna infrastruktura: supermarkety Biedronka, Stokrotka i Żabka oraz Poczta Polska liczne sklepy i punkty usługowe w promieniu 1 min. Spokojne osiedle, uprzemi i pomocni sasiedzi, duzo zielonych rekreacyjnych miejsc i placow zabaw, blisko Starego lasu - idealne zarówno dla rodziny, jak i jako inwestycja pod wynajem. Dodatkowe informacje: - czynsz: 700zl - ogrzewanie: miejskie - forma własności: pełna własnosciowa Zapraszam do kontaktu i na prezentację mieszkania.",tak,,aneks,plastikowe,własność,"Wyposażenie: piekarnik, zmywarka",51.223554,22.521443
Lublin Bronowice,ul. Pogodna,2,51,479000,9392.0,bez pośredników,,20,https://adresowo.pl/o/mieszkanie-lublin-bronowice-ul-pogodna-2-pokojowe-r5x7d1,https://s2.adresowa.pl/oi/38/4e/3d1424_6ca0_cover@2x-2-pokojowe-mieszkanie-lublin-bronowice-ul-pogodna.webp,Lublin Bronowice,Pogodna,1,1951.0,blok,,"Na sprzedaż przestronne mieszkanie o powierzchni 51 m² w Lublinie, przy ulicy Pogodnej. Mieszkanie znajduje się na pierwszym piętrze w zadbanym bloku. Składa się z: - dwóch pokoi, - osobnej kuchni, - toalety, - łazienki wyposażonej w prysznic i wannę. Dodatkowym atutem jest bliskość terenów zielonych, dwóch basenów, przychodni oraz centrum miasta. Mieszkanie wyposażone jest w nowoczesny system Salus, umożliwiający inteligentne sterowanie strefową regulacją temperatury oraz oświetleniem. Do mieszkania przynależy duża komórka lokatorska o powierzchni 12 m² oraz strych. Mieszkanie jest po generalnym remoncie. W pobliżu szkoły, sklepy oraz świetna komunikacja. Dodatkowy atut stanowi ogólnodostępny, bezpłatny parking. Cena: 479 000 zł. Zapraszam do kontaktu!",tak,,osobna,,własność,,51.232967,22.597
Lublin Sławin,ul. Kameliowa,3,77,1050000,13636.0,bez pośredników,,13,https://adresowo.pl/o/mieszkanie-lublin-slawin-ul-kameliowa-3-pokojowe-d0s3l7,https://s2.adresowa.pl/oi/4d/7b/3d140a_3ed4_cover@2x-3-pokojowe-mieszkanie-lublin-slawin-ul-kameliowa.webp,Lublin Sławin,Kameliowa,1,2023.0,blok,,"Jeśli szukasz komfortowego mieszkania, ta oferta jest dla Ciebie. To 77 m² mieszkanie na pierwszym piętrze w szeregowcu z 2023 roku. Mieszkanie składa się z 3 oddzielnych sypialni, salonu z kuchnią oraz pomieszczenia gospodarczego/garderoby. Do lokalu przynależy duży 33 metrowy garaż oraz oddzielny ogródek z tyłu nieruchomości. Lokal znajduje się w dzielnicy Sławin w Lublinie, blisko szkół, przedszkoli i terenów zielonych. W pobliżu znajdziesz liczne sklepy, punkty usługowe i restauracje. Dogodny dostęp do komunikacji miejskiej ułatwia dojazd do centrum. Mieszkanie jest wykończone z wyłączeniem zabudowy kuchni (posiadamy projekt zabudowy). Ogłoszenie bezpośrednie. Zapraszam do kontaktu.",,tak,,plastikowe,własność,,51.271936,22.512469
Lublin,ul. Hetmańska,3,70,650000,9286.0,bez pośredników,,8,https://adresowo.pl/o/mieszkanie-lublin-ul-hetmanska-3-pokojowe-f7b1m1,https://s2.adresowa.pl/oi/4c/3d/3d0bc4_e7ce_cover@2x-3-pokojowe-mieszkanie-lublin-ul-hetmanska.webp,Lublin ,Hetmańska,parter,,blok,,"--- UWAGA!!! Ogłoszenie grzecznościowe --- Ja osobiście nie jestem właścicielem mieszkania, ale jestem członkiem rodziny osób sprzedających. Ja tylko wystawiam ogłoszenie. W sprawie szczegółów proszę kontaktować się z podanymi numerami telefonów. --- --- --- --- --- --- --- --- --- --- --- --- --- --- --- Witam zainteresowanych. Mieszkanie znajduje się w bardzo dobrej lokalizacji - parter w bloku przy ul. Hetmańskiej 14. Lokal jest delikatnie odświeżony - posprzątane i trochę odmalowane. Trzeba zakładać jednak, że do remontu. W cenie piwnica o powierzchni ok. 5,5m. Okna PCV, balkon z ""kratą"", centralne ogrzewanie z podzielnikami na kaloryferach. W okolicy: * Baaaaaaaardzo dużo zieleni * Liczne place zabaw, skate-park * Szkoły podstawowe, przedszkola, liceum * Sklepy - Żabka, Biedronka, Lidl... i stacja paliw się znajdzie ;) * Galeria Orkana - Kaufland, telekomy, apteki * Sporo miejsc parkingowych + parking strzeżony * Bardzo dobra komunikacja z pozostałymi obszarami miasta (przystanki przy ul. Orkana, Armii Krajowej i Kraśnickiej) ... ponadto można rozejrzeć się w 3D w Mapach Google wpisując ""Lublin Hetmańska 14"" Ogłoszenie prywatne grzecznościowe. Agencjom i/lub pośrednikom dziękuję.",tak,,,,,,51.234359,22.502155
Lublin Czechów,ul. Harnasie,4,72,699000,9708.0,bez pośredników,,14,https://adresowo.pl/o/mieszkanie-lublin-czechow-ul-harnasie-4-pokojowe-c8u9r1,https://s2.adresowa.pl/oi/3f/1b/3cf560_f88f_cover@2x-4-pokojowe-mieszkanie-lublin-czechow-ul-harnasie.webp,Lublin Czechów,Harnasie,3,1987.0,blok,,"To przestronne mieszkanie znajduje się na 3. piętrze w bloku mieszkalnym w Lublinie, w dzielnicy Czechów. Powierzchnia wynosi 72 m², a w skład lokalu wchodzą: 4 pokoje, łazienka, WC, kuchnia, przedpokój. Okna mieszkania wychodzą na północ i południe. Mieszkanie jest w dobrym stanie, gotowe do zamieszkania (wystarczy odmalować). W pełni wyposażone w meble oraz sprzęty AGD, takie jak pralka, zmywarka i lodówka. Do dyspozycji jest również duży balkon (5 m²), przestronna piwnica z gotowymi półkami oraz bezpłatny parking. Standard wykończenia: Ściany - gładź, glazura. Podłogi - parkiet, terakota. Okna - PCV. Drzwi - drewno. Dostępne media: gaz, woda zimna, woda ciepła oraz ogrzewanie z sieci miejskiej, TV kablowa, prąd, kanalizacja, internet, w tym światłowód. Rekreacja: plac zabaw dla dzieci, rower miejski, ścieżka rowerowa, ścieżki spacerowe. Usługi: apteka, bankomat, centrum handlowe, cukiernia, fryzjer, kwiaciarnia, market, piekarnia, przychodnia, restauracja, salon kosmetyczny, salon fryzjerski, sklep spożywczy, siłownia i fitness. Instytucje: kościół, poczta, przedszkole, szkoła, żłobek. Odległość od centrum Lublina: około 4 km. Przystanki - 2 minuty od bloku. Zapraszam do kontaktu. Pośrednikom dziękuję.",tak,,osobna,,,"Wyposażenie: internet, lodówka, pralka, tv, zmywarka",51.274655,22.544323
Lublin Stare Miasto,ul. Furmańska,2,39,460000,11795.0,bez pośredników,,5,https://adresowo.pl/o/mieszkanie-lublin-stare-miasto-ul-furmanska-2-pokojowe-t7h6b4,https://s2.adresowa.pl/oi/35/1f/3ce3be_7f8e_cover@2x-2-pokojowe-mieszkanie-lublin-stare-miasto-ul-furmanska.webp,Lublin Stare Miasto,Furmańska,parter,1960.0,kamienica,,"Mam do zaoferowania lokal, który został funkcjonalnie podzielony na dwie niezależne mikrokawalerki. Jedna o powierzchni ok. 24,5 m², druga ok. 15 m² - położone bezpośrednio obok siebie, z osobnymi licznikami oraz odrębnymi najemcami. To gotowy, działający model inwestycyjny od pierwszego dnia. Proszę wybaczyć ograniczoną liczbę zdjęć - mieszkania tuż po remoncie zostały natychmiast wynajęte przy współpracy z firmą zarządzającą najmem. Kamienica przy ulicy Furmańskiej kilka lat temu została zakupiona przez inwestora z Łodzi i od tego czasu konsekwentnie przechodzi rewitalizację. Już dziś widać realny postęp prac: budynek zyskał ogrzewanie miejskie, wymieniono dach, wykonano izolację fundamentów, odtworzono piony instalacyjne, a także zamontowano monitoring. Dodatkowym atutem są betonowe stropy - rzadko spotykane w kamienicach - które znacząco poprawiają komfort akustyczny i bezpieczeństwo. Lokalizacja mówi sama za siebie - zaledwie 290 metrów i 4 minuty spaceru do Zamku Lubelskiego. To ścisłe centrum życia turystycznego i kulturalnego miasta. Plac Zamkowy oraz okolice Starego Miasta przez cały rok tętnią życiem - odbywają się tu koncerty, wydarzenia plenerowe, festiwale (m.in. Carnaval Sztukmistrzów, Jarmark Jagielloński, koncerty letnie i wydarzenia miejskie), co bezpośrednio przekłada się na potencjał najmu krótkoterminowego. Obecnie mieszkania funkcjonują w modelu najmu długoterminowego. To świadoma decyzja - trwające jeszcze prace remontowe w kamienicy mogłyby wpływać na komfort i oceny gości krótkoterminowych. W perspektywie około 1-1,5 roku, kiedy większość inwestycji zostanie zakończona, a standard części wspólnych jeszcze wzrośnie, naturalnym krokiem będzie przejście na najem krótkoterminowy. Nieruchomość została zakupiona z myślą o budowaniu stabilnego dochodu pasywnego. Sprzedaż wynika wyłącznie z rozwoju spółki i potrzeby zwiększenia płynności finansowej. Co istotne - analogiczny lokal piętro wyżej pozostaje w portfelu i będzie dalej wynajmowany. Pomysły inwestycyjne: Dziś lokal (czyli dwie mikrokawalerki) generuje niespełna 7% rocznej stopy zwrotu - i to w pełni pasywnie. Obsługą zajmuje się firma zarządzająca, która prowadzi całość: od kontaktu z najemcami, przez rozliczenia, po bieżące naprawy. Dla właściciela oznacza to regularny, spokojny dochód bez angażowania czasu. Po zakończeniu rewitalizacji całej kamienicy oraz dalszych inwestycji w tej części miasta (planowana szeroka rewitalizacja obszaru Starego Miasta i okolic Zamku) potencjał znacząco rośnie. W tej lokalizacji najem krótkoterminowy może osiągać poziom 15-22% rocznej stopy zwrotu. To również świetna opcja dla osoby szukającej miejsca do zamieszkania. Można wykorzystać jedną mikrokawalerkę na własne potrzeby, a drugą wynajmować - dzięki temu nieruchomość realnie pracuje na siebie każdego miesiąca. To nieruchomość, która już dziś zarabia, a jednocześnie ma przed sobą bardzo wyraźny potencjał wzrostu wartości - zarówno dzięki lokalizacji, jak i konsekwentnie realizowanej rewitalizacji budynku i całej okolicy.",,,,,,,51.250479,22.569297
Lublin,ul. Powstania Styczniowego,2,42,399000,9500.0,bez pośredników,,11,https://adresowo.pl/o/mieszkanie-lublin-ul-powstania-styczniowego-2-pokojowe-y8t9t9,https://s2.adresowa.pl/oi/43/6b/3cdfe6_6115_cover@2x-2-pokojowe-mieszkanie-lublin-ul-powstania-styczniowego.webp,Lublin ,Powstania Styczniowego,1,1996.0,blok,,"Dwupoziomowe mieszkanie o powierzchni 42 m², znajdujące się w domu wolnostojącym z 1996 roku. Mieszkanie składa się z 2 pokoi oraz oddzielnej kuchni. Posiada balkon oraz dostęp do piwnicy. Wyposażenie: - Ogrzewanie gazowe - Okna plastikowe Forma własności: pełna własność. Mieszkanie bezczynszowe. Lokalizacja: Lublin-Węglin. Doskonały dostęp do infrastruktury usługowej: - Restauracje: ""Kebab Piri-Piri"", ""Kawa i Ława"" - Uczelnie: Katolicki Uniwersytet Lubelski, szkoły średnie - Sklepy i centra handlowe: Centrum Handlowe Parada - Komunikacja: przystanki autobusowe - Opieka zdrowotna: szpital Nie przegap tej okazji! Zainwestuj w komfortowe mieszkanie w doskonałej lokalizacji. Skontaktuj się, aby umówić się na prezentację.",tak,,osobna,plastikowe,własność,,51.244229,22.501704
Lublin Śródmieście,ul. Lipowa,2,47,479000,10191.0,bez pośredników,,11,https://adresowo.pl/o/mieszkanie-lublin-srodmiescie-ul-lipowa-2-pokojowe-y5u5r1,https://s2.adresowa.pl/oi/3b/7b/3cdf08_6d11_cover@2x-2-pokojowe-mieszkanie-lublin-srodmiescie-ul-lipowa.webp,Lublin Śródmieście,Lipowa,3,1965.0,blok,,"Nowa, niższa cena! Doskonała lokalizacja-ulica Lipowa- naprzeciw CH Plaza. Lokalizacja perfekcyjna inwestycyjnie-tu mieszkania ZAWSZE będą w cenie. Lokalizacja, w której mieszkania na wynajem znikają w kilka godzin po opublikowaniu! Wszędzie blisko: 500 m Miasteczko Akademickie, 300 m CSK, Ogród Saski, deptak Krakowskiego Przedmieścia. Jedno z najbardziej pożądanych miejsc w Lublinie, tak do zamieszkania jak też inwestycyjnie pod wynajem. Piętro 3/4. Piwnica 5 m2 w cenie. Dwustronne wschód- zachód. 2 duże, niezależne, ustawne pokoje: większy 18 m2 od strony zachodniej z widokiem na ulicę Lipową i centrum handlowe Plaza, mniejszy 12 m2 od wschodu z widokiem na podwórko i wewnętrzny parking tylko dla mieszkańców. Widna kuchnia 10 m2 od strony wschodniej. W najbliższej okolicy budynku dostępne liczne miejskie miejsca parkingowe - możliwość wyrobienia karty mieszkańca za jedyne 150 PLN/rok. Wysokość pomieszczeń 2,85 m. W przypadku dużego remontu mieszkanie stwarza możliwość przeniesienia kuchni do większego pokoju w formie aneksu kuchennego zyskując w ten sposób dodatkowy pokój w miejscu kuchni. Mieszkanie do zamieszkania dla siebie wymaga remontu lecz pod wynajem niekoniecznie-w tym momencie mieszkanie jest wynajęte ze stopą zwrotu netto 5,75%. Obecna umowa zawarta jest do września 2026 z opcją kontynuowania lub skrócenia czasu najmu. Preferuję kontakt SMS-owy z racji charakteru pracy. Nie jestem zainteresowany współpracą z biurami nieruchomości.",tak,,osobna,,własność,,51.244913,22.552582
Lublin,ul. Ksawerego Dunikowskiego,3,63,690000,10952.0,bez pośredników,,8,https://adresowo.pl/o/mieszkanie-lublin-ul-ksawerego-dunikowskiego-3-pokojowe-z4q6j9,https://s2.adresowa.pl/oi/31/52/3cd14c_94d7_cover@2x-3-pokojowe-mieszkanie-lublin-ul-ksawerego-dunikowskiego.webp,Lublin ,Ksawerego Dunikowskiego,1,2014.0,blok,,"Ta wyjątkowa nieruchomość to idealna propozycja dla rodziny lub pary. Układ Mieszkania: Mieszkanie zostało zaprojektowane z myślą o maksymalnym komforcie mieszkańców: * Salon z aneksem kuchennym: Sercem domu jest przestronny, jasny salon z wyjściem na balkon. Nowoczesna zabudowa kuchenna w kontrastowych kolorach (biel i antracyt) jest w pełni wyposażona i funkcjonalna. * Dwie ustawne sypialnie: Obecnie zaaranżowane jako pokoje dziecięce. Pokoje są jasne i dają duże możliwości własnej aranżacji. * Łazienka: Wykończona w wysokim standardzie, z dużą wanną i parawanem, nowoczesną armaturą oraz przemyślaną zabudową na wymiar. * Przedpokój: Z ogromną szafą wnękową, która pomieści potrzeby całej rodziny. Największe Atuty: * Standard wykończenia: Mieszkanie gotowe do wejścia, wykończone wysokiej jakości materiałami. Na podłogach panele o wysokiej klasie ścieralności, nowoczesne oświetlenie LED, estetyczne gładzie. * Ekspozycja i doświetlenie: Duże przeszklenia sprawiają, że wnętrze jest naturalnie doświetlone przez cały dzień. * Blok: nowoczesny z 2014 roku, duże przestrzenne klatki schodowe, winda. Wjazd z bramami zapewniający bezpieczeństwo i miejsca parkingowe pod blokiem. * Lokalizacja: Ul. Dunikowskiego to świetny punkt na mapie Lublina. Bliskość: - sklepów, punktów usługowych, gastronomicznych - szkół (1, 2, 40) i przedszkoli - ścieżek rowerowych i placów zabaw Cicha i spokojna okolica. Sprawny dojazd do centrum miasta. Dobry wyjazd w każdym kierunku Lublina. Dodatkowe Informacje: Do mieszkania przynależą (zakup obligatoryjny): * Miejsce postojowe – koniec problemów z parkowaniem po powrocie z pracy. * Piwnica – dodatkowa przestrzeń na rowery, sprzęt sezonowy czy przetwory. &gt; Cena: 715 000zł &gt; Cena za dodatki (miejsce + piwnica): 50000zł Dostępne od 1 września 2026 Pośrednikom dziękuje, nie jestem zainteresowany Zapraszam na prezentację! Niniejsze ogłoszenie ma charakter informacyjny",tak,tak,aneks,,,,51.219246,22.571573
Lublin Czechów,ul. Żelazowej Woli,3,61,495000,8115.0,bez pośredników,,19,https://adresowo.pl/o/mieszkanie-lublin-czechow-ul-zelazowej-woli-3-pokojowe-r3s9g7,https://s2.adresowa.pl/oi/58/78/3cd0a8_538c_cover@2x-3-pokojowe-mieszkanie-lublin-czechow-ul-zelazowej-woli.webp,Lublin Czechów,Żelazowej Woli,3,1979.0,blok,,"Sprzedam 3-pokojowe, słoneczne mieszkanie na Czechowie przy ul. Żelazowej Woli 14 z piwnicą. Powierzchnia 61 m². Widok z okien na zieleń i domki jednorodzinne. Lokal znajduje się na 3. piętrze w 4-piętrowym bloku, na zielonym, spokojnym i bardzo dobrze zagospodarowanym osiedlu. To mieszkanie jest świetną propozycją zarówno dla rodziny, jak i jako inwestycja pod wynajem dla studentów - dzięki funkcjonalnemu układowi pomieszczeń oraz bardzo dobrej lokalizacji blisko uczelni. Najważniejsze atuty mieszkania: - 3 niezależne pokoje - idealne pod wynajem lub dla większej rodziny - spokojne i zielone osiedle na Czechowie - blisko uczelni UMCS i KUL - pełna infrastruktura w zasięgu kilku minut - ogrzewanie miejskie - gaz sieciowy (kuchenka gazowa) - piwnica Układ mieszkania: - salon / większy pokój z dużym balkonem - 2 dodatkowe, niezależne pokoje, łącznie z salonem 3 - oddzielna kuchnia - łazienka - osobne WC - duży, przestronny przedpokój z szafą wnękową Mieszkanie składa się z 1 dużego pokoju 25 m² z balkonem. Okna wychodzą na wschód i południe. W pokoju zabytkowa szafa, komoda i stół. Ponadto 2 fotele, kanapa i komoda z BRW. Meble zabytkowe nie podlegają sprzedaży (szafa, kredens). Środkowy pokój ok. 15 m² to 1-osobowe łóżko z nowym materacem, nowym biurkiem oraz regałem. Mały pokój ok. 10 m²: wersalka, regał i mini biurko. Kuchnia z kuchenką elektryczno-gazową, okapem, zlewem, szafkami oraz stołem. Nowa łazienka z pralką Samsung, umywalką z szafką, wanną z opcją prysznica. Duży przedpokój z szafą wnękową, szafką na buty i lustrem. Mieszkanie częściowo odremontowane, m.in. pomalowane wszystkie pokoje, gładzie itp. Bardzo ładna, zielona okolica, spokojni sąsiedzi, brak hałasu od ulicy. Mieszkanie energooszczędne dzięki dobrym oknom i ekspozycji na wschód i południe, zawsze jest ciepło, nie trzeba mocno ogrzewać. Bardzo dobra lokalizacja. Blisko 2 prywatnych uczelni na CZECHOWIE: WSPiA oraz Akademia W. Pola. Mieszkanie położone niedaleko Uniwersytetu Medycznego. Na piechotę ok. 15 minut. Przystanki MPK 3 minuty od mieszkania. Dobre połączenie z centrum i innymi dzielnicami Lublina oraz Świdnikiem (autobus MPK 55). Szybkie połączenie z pozostałymi uczelniami: UMCS, Akademią Przyrodniczą i Politechniką. Bardzo dobra infrastruktura na osiedlu: Lidl, Stokrotka, Rossmann, apteki, fryzjer, poczta, JRSC, Luxmed, oraz górki Czechowskie. Pod blokiem miejsca parkingowe dla mieszkańców. Preferowane osoby studiujące lub pracujące, dbające o porządek. Cena: 495 000 zł Czynsz do spółdzielni - obecnie 850 zł (uzależniony od liczby mieszkających osób). W czynszu: zaliczki na wodę zimną, podgrzanie wody, centralne ogrzewanie, śmieci, sprzątanie klatki, opłaty do spółdzielni. Informacje dodatkowe: - Piętro: 3/4 - Ogrzewanie miejskie - Gaz sieciowy - Forma własności: pełna własność - Czynsz: ok. 850 zł - Sprzedaż bezpośrednia, bez żadnych prowizji. Dodatkowo płatny prąd i gaz (co 2 miesiące wg zużycia). Łącze internetowe doprowadzone do mieszkania. Kontakt tylko telefoniczny w godz. 9:00 - 20:00. Jeśli nie odbieram, proszę o SMS. Serdecznie zapraszam na prezentację. W razie pytań, proszę o telefon. Istnieje możliwość wynajęcia na pokoje, w tej sprawie proszę o telefon. *Niniejsze ogłoszenie ma charakter informacyjny i stanowi zaproszenie do zawarcia umowy (art. 71 KC); nie stanowi natomiast oferty handlowej w rozumieniu art. 66 § 1 KC.",tak,,osobna,plastikowe,własność,"Wyposażenie: internet, kuchenka",51.268786,22.549315
Lublin Czechów,ul. Teodora Leszetyckiego,3,60,579000,9650.0,bez pośredników,,8,https://adresowo.pl/o/mieszkanie-lublin-czechow-ul-teodora-leszetyckiego-3-pokojowe-r0v9f5,https://s2.adresowa.pl/oi/4a/40/3cb4ae_7c4a_cover@2x-3-pokojowe-mieszkanie-lublin-czechow-ul-teodora-leszetyckiego.webp,Lublin Czechów,Teodora Leszetyckiego,4,,blok,,"Na sprzedaż funkcjonalne i ustawne mieszkanie z trzema oddzielnymi pokojami (zamykane na klucz), położone w spokojnej i zielonej części dzielnicy Czechów przy ul. Leszetyckiego 6. Lokal idealny zarówno dla rodziny, jak i jako inwestycja pod wynajem dla studentów. Mieszkanie jest dwustronne - okna wychodzą na północ i południe, co zapewnia dobre doświetlenie oraz komfortową cyrkulację powietrza. W 2024 roku mieszkanie przeszło gruntowny remont, podczas którego wykonano: * całkowicie nową instalację elektryczną, * nową instalację hydrauliczną, * nowe okna, * kuchnię, łazienkę i toaletę wykonane od podstaw. Mieszkanie sprzedawane jest z pełnym wyposażeniem zakupionym w 2024 roku, w tym: * meble do każdego pokoju, * sprzęty AGD: pralka, lodówka, płyta indukcyjna, zmywarka, piekarnik. Dodatkowym atutem jest duży balkon (ok. 5 m²) od strony południowej, idealny do wypoczynku. Do mieszkania przynależy również przestronna piwnica o powierzchni ok. 6 m². Lokalizacja: - dzielnica przyjazna rodzinom i studentom, - w bliskim sąsiedztwie: przedszkole, szkoła, pętla autobusowa, - sklep spożywczy i pizzeria naprzeciwko budynku, - dużo ogólnodostępnych miejsc parkingowych pod blokiem, - parking strzeżony w odległości ok. 2 minut pieszo, - budynek położony wśród zieleni. Opłaty: Czynsz administracyjny (zawiera ogrzewanie miejskie) oraz energia elektryczna według zużycia. Mieszkanie gotowe do zamieszkania od lipca - obecnie trwa wynajem polskim studentom UM, umowa najmu wygasa z końcem czerwca. Zapraszam do kontaktu i obejrzenia mieszkania.",tak,,,,,"Wyposażenie: lodówka, piekarnik, pralka, zmywarka",51.275599,22.553478
Lublin Kalinowszczyzna,ul. Franciszka Kleeberga,3,49,480000,9796.0,bez pośredników,,8,https://adresowo.pl/o/mieszkanie-lublin-kalinowszczyzna-ul-franciszka-kleeberga-3-pokojowe-i7j3t7,https://s2.adresowa.pl/oi/6d/38/3cb0b6_da35_cover@2x-3-pokojowe-mieszkanie-lublin-kalinowszczyzna-ul-franciszka-kleeberga.webp,Lublin Kalinowszczyzna,Franciszka Kleeberga,4,1978.0,blok,,"Oferuję na sprzedaż 3-pokojowe mieszkanie o powierzchni 49 m², znajdujące się na 4. piętrze. Nieruchomość jest w stanie do zamieszkania i wyposażona w niezbędne meble oraz sprzęty, takie jak pralka, zmywarka czy lodówka. W mieszkaniu znajdziesz także balkon, piwnicę oraz oddzielną kuchnię, co zwiększa komfort codziennego życia.Mieszkanie znajduje się w spokojnej dzielnicy Kalinowszczyzna w Lublinie. W okolicy znajdziesz:sklepy spożywcze i supermarkety, restauracje i kawiarnie, parki i tereny zielone, placówki edukacyjne, w tym szkoły i przedszkola, przystanki autobusowe zapewniające dogodny dojazd do Centrum. Sprzedający -osoba prywatna.Zapraszamy do obejrzenia mieszkania.Agencjom Nieruchomości z góry dziękujemy!",tak,,osobna,plastikowe,własność,"Wyposażenie: lodówka, pralka, zmywarka",51.255499,22.59235
Lublin Kalinowszczyzna,ul. Lwowska,2,35,360000,10286.0,bez pośredników,,6,https://adresowo.pl/o/mieszkanie-lublin-kalinowszczyzna-ul-lwowska-2-pokojowe-t5d4y8,https://s2.adresowa.pl/oi/1b/18/3b142e_3cc8_cover@2x-2-pokojowe-mieszkanie-lublin-kalinowszczyzna-ul-lwowska.webp,Lublin Kalinowszczyzna,Lwowska,10,1968.0,blok,,"Na sprzedaż dwupokojowe mieszkanie 35,5 m2 na osiedlu Kalinowszczyzna w Lublinie. Mieszkanie w spokojnej, zielonej okolicy z pełną infrastrukturą w zasięgu kilku minut pieszo. Najważniejsze informacje : Lokalizacja : ul. Lwowska, os Kalinowszczyzna, Lublin. Piętro : 10/10 Metraż : 35,5 m2 Układ : dwa pokoje, oddzielnia kuchnia, łazienka z WC, przedpokój. Piwnica : dodatkowa przestrzeń do przechowywania rzeczy, które nie muszą zajmować miejsca w mieszkaniu. Stan mieszkania : - okna plastikowe, - wymieniona instalacja elektryczna (miedziana) i hydrauliczna, - drzwi antywłamaniowe Gerda, Dodatkowe atuty : - wąwóz Kalina z placem zabaw, siłownią na świeżym powietrzu, wybiegiem dla psów, - sklepy Lidl, Stokrotka, Biedronka, Carrefour, - przychodnia, apteki, weterynarz, - przedszkola, szkoła podstawowa, basen, - plac zabaw, - Stare Miasto, Zamek Lubelski, - świetna komunikacja z resztą miasta. Zapraszam do kontaktu, chętnie odpowiem na dodatkowe pytania i umówię prezentację. Cena mieszkania do negocjacji. Pośrednikom dziękuję.",tak,,osobna,plastikowe,spółdzielcze własnościowe,,51.25532,22.579649
Lublin Tatary,ul. Montażowa,1,21,249000,11857.0,bez pośredników,,5,https://adresowo.pl/o/mieszkanie-lublin-tatary-ul-montazowa-1-pokoj-x6x5w4,https://s2.adresowa.pl/oi/6e/57/3c979a_e2d9_cover@2x-1-pokojowe-mieszkanie-lublin-tatary-ul-montazowa.webp,Lublin Tatary,Montażowa,2,1967.0,blok,,"Ogłoszenie właściciela! Kawalerka jako inwestycja pod wynajem. Na sprzedaż kawalerkę na ul. Montażowa 3 , o powierzchni 21,45 m2 na 2 piętrze w bloku 3 piętrowym. Bardzo słoneczną, ciepłą kawalerkę w pełni umeblowaną. Mieszkanie w pełni wyposażone i umeblowane, gotowe do zamieszkania. Zapraszam do oglądania. Chętnię odpowiem na wszystkie Państwa pytania. Mieszkanie bardzo tanie w utrzymaniu, bardzo niski czynsz ok.380 zł w tym zaliczka na wodę oraz centralne ogrzewanie. Ogrzewanie z sieci miejskiej. Bardzo dobra lokalizacja, ciche, spokojne sąsiedztwo, bezpieczna okolica, blisko przystanek MPK, bezpośrednie połączenie ze ścisłym centrum miasta. Blisko sklepy, przedszkola, szkoły, punkty usługowe, centra handlowe, przychodnia. Mieszkanie idealne jako inwestycja pod wynajem! (Obecnie mieszkanie wynajmowane. Możliwość pozostawienia lokatorów, lub możliwe kupno dla własnych potrzeb mieszkaniowych). Jak nie odbieram proszę o smsa lub wiadomość. Oferta prywatna Oferta prywatna. Biurom nieruchomości jak i pośrednikom dziękuje. Cena 249000 zł",tak,,osobna,plastikowe,własność,,51.248414,22.601282
Lublin LSM,ul. Balladyny,3,46,430000,9348.0,bez pośredników,,8,https://adresowo.pl/o/mieszkanie-lublin-lsm-ul-balladyny-3-pokojowe-p9v0r1,https://s2.adresowa.pl/oi/20/5d/3c95ba_5d49_cover@2x-3-pokojowe-mieszkanie-lublin-lsm-ul-balladyny.webp,Lublin LSM,Balladyny,parter,1970.0,blok,,"- Ogłoszenie za zgodą właściciela. Bezpośrednio od właściciela, bez agencji i pośredników. Sprzedam mieszkanie 3 pokoje | LSM | widok na zieleń 430.000,00 PLN Na sprzedaż mieszkanie 3 pokojowe o powierzchni 46,60 m2, zlokalizowane przy ul. Balladyny na osiedlu Słowackiego (LSM). Do mieszkania przynależy piwnica (ok 8 m2). Spółdzielcze własnościowe prawo do lokalu - możliwość zakupu na kredyt. Mieszkanie składa się z trzech niezależnych pokoi, oddzielnej kuchni (możliwość połączenia i stworzenia salonu z aneksem), łazienki, dużego korytarza, w którym jest miejsce na zabudowę/szafę. Powierzchnia mieszkania to świetnie zagospodarowane 46,60 m² i mieści się na wysokim parterze, dzięki czemu nikt nie zajrzy przez okno prosto z chodnika. Mieszkanie z balkonem. Wyposażenie: Poza standardowym wyposażeniem, tj.: wypoczynek, wygodne łóżka czy szafy do przechowywania, w mieszkaniu znajduje się nowa pralka, kuchenka mikrofalowa, piekarnik, lodówka, odkurzacz - dzięki czemu można się od razu wprowadzić. Lokalizacja: Mieszkanie położone przy zbiegu ulic Balladyny, Grażyny, Wileńska i Głęboka, w bezpośredniej bliskości lubelskich uczelni (UMCS, KUL, UP). Bardzo dobrze skomunikowana okolica, wiele parkingów i dostępność sklepów i punktów usługowych w pobliżu, tj. (Leclerc, liczne Biedronki, Żabki czy Targ Wileński). Mieszkanie wystawiam w imieniu właściciela. Proszę o kontakt pod numerem telefonu. Agencjom dziękuję.",tak,,osobna,,spółdzielcze własnościowe,"Wyposażenie: kuchenka, lodówka, piekarnik, pralka",51.246198,22.521122
Lublin Czuby,ul. Rycerska,3,59,555000,9407.0,bez pośredników,,13,https://adresowo.pl/o/mieszkanie-lublin-czuby-ul-rycerska-3-pokojowe-q0c6a0,https://s2.adresowa.pl/oi/45/79/3c9424_8644_cover@2x-3-pokojowe-mieszkanie-lublin-czuby-ul-rycerska.webp,Lublin Czuby,Rycerska,4,1988.0,blok,,"Na sprzedaż przestronne i funkcjonalne 3-pokojowe mieszkanie o powierzchni 59,5 m², położone na 4 piętrze w bloku przy ul. Rycerskiej w Lublinie. Mieszkanie jest jasne, ustawne i dobrze rozplanowane, dzięki czemu sprawdzi się zarówno dla rodziny, pary, jak i osób szukających mieszkania pod inwestycję. Układ mieszkania: • salon - 16,5 m² • pokój dziecięcy / gabinet - 12 m² • sypialnia - 8,8 m² • oddzielna kuchnia z oknem - 7,6 m² • łazienka - 3 m² • osobne WC - 1,5 m² Dodatkowo do mieszkania przynależą: • balkon - 4,76 m² • piwnica - 3,65 m² Atuty mieszkania: - funkcjonalny układ 3 niezależnych pokoi - jasne i przytulne wnętrza z dużą ilością naturalnego światła - oddzielna kuchnia - osobne WC - wygodne rozwiązanie dla domowników - balkon z widokiem na zieleń - idealny na odpoczynek - spokojna i dobrze skomunikowana okolica Lokalizacja: W pobliżu znajdują się sklepy, uczelnie, szkoły, przedszkola, przystanki komunikacji miejskiej oraz tereny zielone. Dzięki temu to komfortowe miejsce do życia zarówno dla rodzin, jak i osób pracujących w mieście. Zapraszam do kontaktu i obejrzenia mieszkania na żywo.",tak,,osobna,,własność,,51.233168,22.508146
Lublin Sławinek,ul. Sielankowa,4,104,880000,8462.0,bez pośredników,,8,https://adresowo.pl/o/mieszkanie-lublin-slawinek-ul-sielankowa-4-pokojowe-n1q2h5,https://s2.adresowa.pl/oi/6e/4a/3c8a3a_8cfe_cover@2x-4-pokojowe-mieszkanie-lublin-slawinek-ul-sielankowa.webp,Lublin Sławinek,Sielankowa,2,2002.0,blok,,"Oferuję na sprzedaż przestronne mieszkanie o powierzchni 104 m², położone w dzielnicy Sławinek, ulica Sielankowa. Kameralny blok wybudowany w 2002 roku. Tylko 5 mieszkań na klatce. W nieruchomości znajdziesz: - Duży salon z balkonem, - Kuchnię z jadalnią oraz WC, - Na poddaszu: 3 sypialnie oraz łazienkę. Do mieszkania przynależy piwnica oraz garaż w bryle budynku (dodatkowo płatny 90 000 zł). Woda ciepła oraz ogrzewanie z piecyka dwufunkcyjnego. Lokalizacja blisko centrum. W okolicy znajdziesz wiele punktów usługowych, w tym sklepy, kawiarnie oraz restauracje. W pobliżu znajdują się również parki i tereny zielone, idealne do relaksu. Dzięki bliskości komunikacji miejskiej, łatwo dostaniesz się w każdy zakątek miasta. Po więcej informacji zapraszam do kontaktu telefonicznego.",tak,tak,,,,,51.25172,22.520299
Lublin Wrotków,ul. Jacka Woronieckiego,4,92,899000,9772.0,bez pośredników,,19,https://adresowo.pl/o/mieszkanie-lublin-wrotkow-ul-jacka-woronieckiego-4-pokojowe-a4o6e4,https://s2.adresowa.pl/oi/73/69/3c759e_32b5_cover@2x-4-pokojowe-mieszkanie-lublin-wrotkow-ul-jacka-woronieckiego.webp,Lublin Wrotków,Jacka Woronieckiego,3,2007.0,blok,,"Klimatyczne i niesamowicie funkcjonalne 2-poziomowe mieszkanie na osiedlu Słoneczny Dom. Oferujemy Państwu wyposażone i częściowo umeblowane dla nabywcy mieszkanie w dzielnicy Wrotków. Na pierwszym poziomie o pow. 54,69mkw znajdują się: - duży salon z wyjściem na balkon o pow. 9mkw, sypialnia (mogąca spełniać funkcję gabinetu), kuchnią z jadalnią, przedpokój oraz WC. Na drugim poziomie o pow. 37,98mkw znajdują się: - 2 duże sypialnie, garderoba oraz przestronna łazienka. Dodatkowe atuty tej oferty to: - wyśmienita lokalizacja z pełną infrastrukturą - w najbliższym otoczeniu znajdują się: sklepy, przedszkola, szkoła, kościół, apteka - własne ogrzewanie centralne- gazowe dla budynku - miejsce parkingowe w garażu podziemnym w dodatkowej cenie - duża piwnica w cenie (ok. 10 mkw) - niedaleka odległość przystanków autobusowych - ok. 200m - niskie koszty utrzymania nieruchomości - sąsiedztwo Zalewu Zemborzyckiego, terenów zielonych, ścieżek rowerowych. Polecamy dla osób ceniących sobie spokój, a jednocześnie lokalizację ze świetną komunikacją z centrum miasta.",tak,tak,osobna,plastikowe,własność,,51.19895,22.544718
Lublin LSM,ul. Pozytywistów,4,62,600000,9677.0,bez pośredników,,3,https://adresowo.pl/o/mieszkanie-lublin-lsm-ul-pozytywistow-4-pokojowe-b9f3p7,https://s2.adresowa.pl/oi/36/7c/3c6a30_3026_cover@2x-4-pokojowe-mieszkanie-lublin-lsm-ul-pozytywistow.webp,Lublin LSM,Pozytywistów,4,1976.0,blok,,"Sprzedam mieszkanie na Osiedlu Prusa, na LSM w Lublinie. Mieszkanie jest dwustronne. Strony wschód - zachód. Posiada 4 pokoje i 2 przedpokoje. Łazienka i toaleta oddzielnie. Mieszkanie jest częściowo umeblowane. Bardzo blisko do wszystkich lubelskich uczelni i szkół średnich. Do Politechniki Lubelskiej 1 przystanek autobusowy.W pobliżu jest przedszkole, są sklepy Stokrotka, Lidl, apteka, poczta. Do przystanku autobusowego około 3-5 minut. Bardzo dużo zieleni, plac zabaw przed blokiem, miejsca parkingowe bezpłatne pod blokiem.",tak,,osobna,plastikowe,własność,,51.232515,22.535356
Lublin Czuby,ul. Wyżynna,3,65,620000,9538.0,bez pośredników,,8,https://adresowo.pl/o/mieszkanie-lublin-czuby-ul-wyzynna-3-pokojowe-n0u0q8,https://s2.adresowa.pl/oi/51/43/3c6844_5872_cover@2x-3-pokojowe-mieszkanie-lublin-czuby-ul-wyzynna.webp,Lublin Czuby,Wyżynna,3,2000.0,blok,,"Na sprzedaż przestronne mieszkanie o powierzchni 65 m², przy ul. Wyżynnej 10 w Lublinie (dzielnica Czuby). Lokal znajduje się na 3. piętrze. Do mieszkania przynależy piwnica. Układ mieszkania: - 3 oddzielne pokoje - osobna kuchnia - łazienka - osobna toaleta Mieszkanie jest w pełni wyposażone i gotowe do zamieszkania. W bloku dostępny jest Internet światłowodowy. Ogrzewanie oraz ciepła woda z sieci miejskiej. Dostępność: od 1 kwietnia. Lokalizacja: Bardzo dobra komunikacja - mieszkanie położone tuż przy pętli autobusowej (ok. 150 m). Linie MPK: [numer]55, 160, 161. W pobliżu sklepy: Biedronka oraz Stokrotka. Wokół bloku znajduje się duża liczba miejsc parkingowych, a w odległości ok. 100 m dostępny jest parking strzeżony. Czynsz: ok. 1360 zł/mc. Zapraszam do kontaktu i umówienia się na oglądanie mieszkania. Pośrednikom dziękuję.",tak,,osobna,,,Wyposażenie: internet,51.221656,22.530588
Lublin,ul. Startowa,2,45,450000,10000.0,bez pośredników,,8,https://adresowo.pl/o/mieszkanie-lublin-ul-startowa-2-pokojowe-k9a9b8,https://s2.adresowa.pl/oi/5a/45/3c64ba_5a9e_cover@2x-2-pokojowe-mieszkanie-lublin-ul-startowa.webp,Lublin ,Startowa,3,2004.0,blok,,"Stan deweloperski, przygotowane do urządzenia. Powierzchnia 45,82 m² + piwnica 3,74 m² + balkon. Łazienka zrobiona. Domofon. Ogrzewanie w czynszu. Rok budowy 2004. Czynsz 430 zł przy 1 mieszkańcu.",tak,,,,,,51.232334,22.583141
Lublin Sławinek,ul. Baśniowa,3,72,790000,10972.0,bez pośredników,,14,https://adresowo.pl/o/mieszkanie-lublin-slawinek-ul-basniowa-3-pokojowe-r4z9r7,https://s2.adresowa.pl/oi/66/78/3c5d26_ee6e_cover@2x-3-pokojowe-mieszkanie-lublin-slawinek-ul-basniowa.webp,Lublin Sławinek,Baśniowa,4,2002.0,blok,,"Mieszkanie własnościowe. Osobne księgi wieczyste na lokal i garaż oraz części wspólne i gruntu. Mieszkanie ma 72m2 (czynszowe), ale około 90m2 po podłodze. Długi korytarz (około 10m2). Wzdłuż niego pomieszczenia po wschodniej stronie: sypialnia (11m2), salon (19m2), pokój (12m2). Po zachodniej stronie: garderoba/schowek (około 3m2), łazienka (6m2), kuchnia (11m2). Usytuowanie wschód/zachód. Mieszkanie posiada wyposażenie. Komórka lokatorska 3,1m2 w piwnicy. Dostępny także na sprzedaż garaż 16,2m2 w przyziemiu tego samego budynku za osobną opłatą 140 tyś. PLN (do negocjacji). Blisko do centrum.",tak,tak,,,,,51.251329,22.519273
Lublin Sławin,ul. Chabrowa,3,65,850000,13077.0,bez pośredników,,37,https://adresowo.pl/o/mieszkanie-lublin-slawin-ul-chabrowa-3-pokojowe-p7y4a6,https://s2.adresowa.pl/oi/57/24/3c4bda_f027_cover@2x-3-pokojowe-mieszkanie-lublin-slawin-ul-chabrowa.webp,Lublin Sławin,Chabrowa,parter,2016.0,blok,,"Do sprzedania mieszkanie w super lokalizacji Sławińska. Teren ogrodzony,monitorowany na którym znajdują się trzy bloki 3 piętrowe. Mieszkanie znajduje się na parterze do mieszkania przynależy taras i ogródek. Dużo zieleni,blisko szkoły przedszkola oraz sklepy Biedronka, Lidl,apteka oraz w odległości 500 metrów pętla autobusowa. Dodatkowym atutem osiedla jest ze nie posiada żadnych schodów ani też wzniesien co jest udogodnieniem dla rodziny z dziećmi jak i też osób niepełnosprawnych. Wewnątrz osiedla znajduje się plac zabaw dla dzieci. Po więcej informacji zapraszam mailowo lub telefonicznie pod nr. [numer]",,tak,aneks,plastikowe,własność,,51.277452,22.503737
Lublin Czuby,ul. Sympatyczna,1,28,399000,14250.0,bez pośredników,,17,https://adresowo.pl/o/mieszkanie-lublin-czuby-ul-sympatyczna-1-pokoj-f6z0o5,https://s2.adresowa.pl/oi/5c/7b/3c4972_38fc_cover@2x-1-pokojowe-mieszkanie-lublin-czuby-ul-sympatyczna.webp,Lublin Czuby,Sympatyczna,5,2004.0,blok,,"Urządzone mieszkanie, gotowe do zamieszkania, z przepięknym widokiem na Wąwóz. Blok w pierwszej linii. Bardzo dobrze skomunikowane miejsce. Przystanki pod domem. Stacja rowerów. Bliskość sklepów. Idealne dla studenta. Zapraszam do kontaktu oraz do oglądania.",,,,plastikowe,własność,,51.229905,22.527874
Lublin,Tatary,2,37,355000,9595.0,bez pośredników,,14,https://adresowo.pl/o/mieszkanie-lublin-tatary-2-pokojowe-37-m2-y2k8b5,https://s2.adresowa.pl/oi/75/7a/3c3dc0_da2f_cover@2x-2-pokojowe-mieszkanie-lublin-tatary.webp,Lublin Tatary,,1,1972.0,blok,,"Mieszkanie na sprzedaż o pow. 37,23 m2 w dzielnicy Tatary w Lublinie. Mieszkanie po generalnym remoncie; wymieniona instalacja elektryczna i wodno-kanalizacyjna, grzejniki oraz parapety (konglomerat), nowe drzwi wewnętrzne, antywłamaniowe drzwi wejściowe. Układ mieszkania: - Duży pokój połączony z kuchnią tworzy salon z aneksem kuchennym ok. 20m2 w pełnej zabudowie ze sprzętem AGD; nowa lodówka, piekarnik, płyta gazowa, okap. - Sypialnia ok. 9m2. - Przedpokój ok. 6m2. - Łazienka ok. 2,5 m2 (pralka, kabina prysznicowa). - Piwnica ok. 2m2 (po remoncie, nowe regały). Atuty mieszkania: - I piętro. - Wyposażenie w sprzęt AGD i pralka w cenie mieszkania. Mieszkanie gotowe do zamieszkania lub pod inwestycję. Blok 10-piętrowy z windą, otoczony zielenią. W pobliżu szkoła, przedszkole, sklepy. Bardzo dobre połączenie z centrum Lublina, oraz szybki dostęp do obwodnicy miasta (np. lotnisko w 20 minut). Oferta prywatna - pośrednikom dziękujemy.",tak,,aneks,,własność,"Wyposażenie: lodówka, piekarnik, pralka",51.243999,22.596001
Lublin LSM,ul. Ignacego Rzeckiego,2,33,360000,10909.0,bez pośredników,,18,https://adresowo.pl/o/mieszkanie-lublin-lsm-ul-ignacego-rzeckiego-2-pokojowe-o2i0h8,https://s2.adresowa.pl/oi/52/5c/3c1c12_cb3a_cover@2x-2-pokojowe-mieszkanie-lublin-lsm-ul-ignacego-rzeckiego.webp,Lublin LSM,Ignacego Rzeckiego,9,1976.0,blok,,"Mieszkanie dwupokojowe, bardzo lande, zawsze jest slonce, jest of strony slonecznej. Kuchnia odzielna, lazienka, korytarz, bulò malo uzywane , poniewaz mieszkam poza Polska. Blizko centrum. Kolo bloku jest duzo zieleni dookola. Sasedzi super.mieszkanie ladne, o kontakt prosze ma watsap Dziekuje.",tak,,aneks,plastikowe,własność,,51.234731,22.535184
Lublin,al. gen. Władysława Sikorskiego,4,110,835000,7591.0,bez pośredników,,7,https://adresowo.pl/o/mieszkanie-lublin-al-gen-wladyslawa-sikorskiego-4-pokojowe-f0x9n3,https://s2.adresowa.pl/oi/43/41/3c109e_7c67_cover@2x-4-pokojowe-mieszkanie-lublin-al-gen-wladyslawa-sikorskiego.webp,Lublin ,gen. Władysława Sikorskiego,4,,blok,,"Oferuję na sprzedaż komfortowe, dwupoziomowe mieszkanie o powierzchni 110 m². Znajdziesz tu pięć pokoi, jasny salon oraz nowoczesną kuchnię. Mieszkanie znajduje się na czwartym i piątym piętrze w bloku, jest umeblowane i gotowe do zamieszkania. Dodatkowym atutem jest zabudowany balkon, idealny na poranną kawę. Do mieszkania przynależna piwnica o pow. 14,20 m². Lokalizacja mieszkania jest bardzo dogodna. W pobliżu znajdziesz szkoły, przedszkola oraz uczelnie wyższe, takie jak Uniwersytet Marii Curie-Skłodowskiej. W okolicy są również liczne sklepy, restauracje oraz tereny zielone, w tym Park Akademicki. Bliskość przystanków komunikacji miejskiej ułatwia codzienne dojazdy. Zapraszam do kontaktu i umówienia się na prezentację mieszkania. Sprzedaż bezpośrednia. Pośrednikom dziękujemy.",tak,,,,,,51.255029,22.529011
Lublin Czuby,ul. Różana,5,113,790000,6991.0,bez pośredników,,7,https://adresowo.pl/o/mieszkanie-lublin-czuby-ul-rozana-5-pokojowe-s4l7p0,https://s2.adresowa.pl/oi/6f/5c/3c0dc6_a08a_cover@2x-5-pokojowe-mieszkanie-lublin-czuby-ul-rozana.webp,Lublin Czuby,Różana,2,1998.0,blok,,"5 pokoi | 112 m² | duży balkon z dwoma wyjściami | wąwóz | cisza | Czuby – ul. Różana 2 Parking ze szlabanem To mieszkanie daje coś, czego dziś bardzo brakuje – przestrzeń, światło i poczucie życia jak w domu. Idealne dla rodziny lub osób pracujących zdalnie. Na sprzedaż wyjątkowe mieszkanie o powierzchni 112,40 m² położone w zielonej i spokojnej części Czubów, z bezpośrednim zejściem do wąwozu tuż przy bloku. 🌿 Co je wyróżnia? ✔ duży balkon dostępny z dwóch pomieszczeń – naturalne przedłużenie przestrzeni dziennej ✔ widok na zieleń i cisza ✔ bezpośrednie zejście do wąwozu + ścieżka rowerowa ✔ wysokie, przestronne wnętrza – poczucie swobody i „oddechu” ✔ podział na strefę prywatną i dzienną ✔ możliwość stworzenia antresoli 🏡 Układ: 🔒 Strefa prywatna: 3 sypialnie (w tym jedna z wyjściem na balkon typu loggia) łazienka (wanna + prysznic) osobne WC dodatkowy pokój (pralnia / garderoba) ☀️ Strefa dzienna: duży, jasny salon z wyjściem na balkon oddzielna kuchnia gabinet słoneczny przedpokój 👉 Balkon łączy część dzienną i prywatną, co daje bardzo fajne poczucie spójnej przestrzeni. 🛋️ Standard: parkiet w całym mieszkaniu kuchnia w zabudowie (zmywarka, piekarnik, indukcja, mikrofalówka, lodówka) większość wyposażenia może pozostać 📍 Lokalizacja: ✔ zejście do wąwozu tuż przy bloku ✔ ścieżki spacerowe i rowerowe ✔ sklepy: Stokrotka, Biedronka, Lidl ✔ szkoły i pełna infrastruktura",tak,,osobna,plastikowe,własność,"Wyposażenie: lodówka, mikrofalówka, piekarnik, zmywarka",51.23254,22.520941
Lublin Wrotków,ul. Jacka Woronieckiego,5,85,960000,11294.0,bez pośredników,,18,https://adresowo.pl/o/mieszkanie-lublin-wrotkow-ul-jacka-woronieckiego-5-pokojowe-o9q6x1,https://s2.adresowa.pl/oi/36/5d/3c0d18_3be1_cover@2x-5-pokojowe-mieszkanie-lublin-wrotkow-ul-jacka-woronieckiego.webp,Lublin Wrotków,Jacka Woronieckiego,3,2009.0,blok,,"Na sprzedaż piękne dwupoziomowe mieszkanie w bloku, 10 minut spacerem do Zalewu Zemborzyckiego. Mieszkanie posiada 5 pokoi, salon, gabinet, kuchnia, łazienka z prysznicem na dole, na drugim poziomie 3 pokoje z dużą łazienką. Na obydwu poziomach jest klimatyzacja. Mieszkanie posiada taras. W sypialni na górze jest antresola. W każdym z pokoi są meble wykonane pod wymiar co powoduje maksymalne wykorzystanie skosów i bardzo dużo miejsca do przechowywania rzeczy. Do mieszkania przynależą dwie piwnice o łącznej pow. 7 m2. Możliwość dokupienia garażu podziemnego. Mieszkanie jest gotowe do wprowadzenia, zadbane przytulne, środkowe bardzo ciepłe. Na bieżąco wykonywane były naprawy eksploatacyjne. Blok posiada własną kotłownię co znacznie obniża koszty eksploatacji. Przy bloku jest parking zamykany na szlaban. W okolicy przychodnia, przedszkole i sklepy.",tak,tak,osobna,plastikowe,własność,Wyposażenie: klimatyzacja,51.19895,22.544718
Lublin,ul. Składowa,2,43,199000,4628.0,bez pośredników,,8,https://adresowo.pl/o/mieszkanie-lublin-ul-skladowa-2-pokojowe-c0i2a2,https://s2.adresowa.pl/oi/35/44/3bf182_47d3_cover@2x-2-pokojowe-mieszkanie-lublin-ul-skladowa.webp,Lublin ,Składowa,1,,kamienica,,"Sprzedam mieszkanie w kamienicy przy ul. Składowa 12 w Lublinie (pierwsze piętro). Mieszkanie wymaga kapitalnego remontu. Została przeprowadzona zmiana pokrycia dachowego. Nie mam czasu dokończyć, najbardziej wymagająca praca została wykonana. Teraz tylko malowanie ścian, położenie podłóg, wszystko w kuchni i w łazience wyprowadzone. Mieszkanie składa się z dużego salonu z aneksem kuchennym, pokoju i łazienki. Zapraszam zainteresowanych.",,,aneks,,,,51.240171,22.579161
Lublin Dziesiąta,ul. Piaskowa,2,35,170000,4857.0,bez pośredników,,8,https://adresowo.pl/o/mieszkanie-lublin-dziesiata-ul-piaskowa-2-pokojowe-d5h7q4,https://s2.adresowa.pl/oi/28/76/3be8ae_84c7_cover@2x-2-pokojowe-mieszkanie-lublin-dziesiata-ul-piaskowa.webp,Lublin Dziesiąta,Piaskowa,parter,1920.0,kamienica,,"Sprzedam 4 mieszkania w kamienicy do remontu, każde po 35 m kw. W każdym mieszkaniu znajdują się 2 pokoje, kuchnia i WC, doprowadzona jest woda i instalacja elektryczna. Księga wieczysta, ogrodzona na działce powierzchni 503 m kw. Cena jest adekwatna do stanu . Cały budynek tj działka 503m i 4 mieszkania po 35m ,ogrodzone ,i garaż w cenie 1 mieszkania w bloku Sprzedaż wszystkich mieszkań tylko razem. Na załączonych zdjęciach rozkład mieszkań , oraz wygląd jednego z mieszkań; pozostałe wymagają remontu.",tak,tak,osobna,plastikowe,własność,,51.228096,22.573322
Lublin Czuby,ul. Romantyczna,3,73,499999,6849.0,bez pośredników,,18,https://adresowo.pl/o/mieszkanie-lublin-czuby-ul-romantyczna-3-pokojowe-u4d5e6,https://s2.adresowa.pl/oi/3a/11/3be5aa_bbe3_cover@2x-3-pokojowe-mieszkanie-lublin-czuby-ul-romantyczna.webp,Lublin Czuby,Romantyczna,4,1988.0,blok,,"Przestronne, jasne mieszkanie 73 m² na sprzedaż – ul. Romantyczna, Lublin Na sprzedaż komfortowe i funkcjonalne mieszkanie o powierzchni 73 m², położone przy ul. Romantycznej w Lublinie. Nieruchomość znajduje się w spokojnej, zielonej okolicy, a jednocześnie oferuje świetną komunikację z centrum miasta oraz uczelniami. Najważniejsze atuty mieszkania: powierzchnia 73 m² – idealna dla rodziny, pary lub pod inwestycję mieszkanie dwustronne, bardzo dobrze doświetlone dobry stan techniczny – wymaga jedynie lekkiego odświeżenia sprzedawane z umeblowaniem – gotowe do zamieszkania lub wynajmu ustawny, funkcjonalny rozkład pomieszczeń jasne i przestronne wnętrza dające duże możliwości aranżacyjne Mieszkanie posiada oddzielną piwnicę oraz wózkownię na półpiętrze Lokalizacja: w pobliżu szkoły, przedszkola, sklepy i punkty usługowe bardzo dobra komunikacja z centrum Lublina oraz uczelniami szybki dostęp do przystanków komunikacji miejskiej spokojna i zielona okolica, idealna do życia Mieszkanie doskonale sprawdzi się jako wygodne lokum dla rodziny, jak również jako pewna inwestycja pod wynajem. 📞 Zapraszam do kontaktu oraz na prezentację – oferta godna uwagi! [numer] lub [numer]",tak,,aneks,plastikowe,własność,,51.227171,22.534392
Lublin,Sławin,4,117,1190000,10171.0,bez pośredników,,18,https://adresowo.pl/o/mieszkanie-lublin-slawin-4-pokojowe-117-m2-t8u7g0,https://s2.adresowa.pl/oi/28/14/3bacd8_4688_cover@2x-4-pokojowe-mieszkanie-lublin-slawin.webp,Lublin Sławin,,2,1996.0,blok,,"Idealne mieszkanie dla dużej rodziny w doskonałej lokalizacji na Rogatce Warszawskiej. Kuchnia, jadalnia i duży salon w jednej części mieszkania, trzy pokoje (w tym dwa naprawdę duże) w drugiej części. Dwie samodzielne toalety, łazienka z dwiema umywalkami, wanną i prysznicem. Balkon i piwnica. Mieszkanie jest po generalnym remoncie, ma nową instalację elektryczną, hydrauliczną, podłogi, gładzie. Jest ciepłe, jasne i przytulne. Zapraszam do oglądania.",tak,,,plastikowe,własność,,51.268342,22.52
Lublin LSM,ul. Skrzatów,4,62,566000,9129.0,bez pośredników,,22,https://adresowo.pl/o/mieszkanie-lublin-lsm-ul-skrzatow-4-pokojowe-y1r0k3,https://s2.adresowa.pl/oi/37/19/3b9c3c_749f_cover@2x-4-pokojowe-mieszkanie-lublin-lsm-ul-skrzatow.webp,Lublin LSM,Skrzatów,1,1975.0,blok,,"Mieszkanie na I piętrze, 62.2 m.kw., idealne dla osób lubiących wygodę, spokój i bliskość przyrody. Balkon, piwnica. Księga wieczysta. Łatwe do aranżacji. 4 osobne pokoje. Świetna lokalizacja, w sąsiedztwie sklepy, centra handlowe, przychodnie, apteki, poczta, banki, szkoły, przedszkola, ścieżki rowerowe. Z przystanku obok, bez problemu można dojechać w każde miejsce miasta. Ciche i jasne. Otwarta przestrzeń, nie zagrożona zabudową. Czysta okolica, pełna zadbanej zieleni. Sprzedaż bezpośrednia. Pośrednikom dziękujemy.",tak,,osobna,plastikowe,spółdzielcze własnościowe,,51.233996,22.52612
Lublin,Czuby,4,130,950000,7308.0,bez pośredników,,6,https://adresowo.pl/o/mieszkanie-lublin-czuby-4-pokojowe-130-m2-e4m2r6,https://s2.adresowa.pl/oi/75/61/3b977c_a335_cover@2x-4-pokojowe-mieszkanie-lublin-czuby.webp,Lublin Czuby,,3,2000.0,blok,,"Sprzedam mieszkanie dwupoziomowe 3 piętro, kuchnia otwarta połączona z salonem, na dole łazienka i garderoba. Na górze trzy pokoje zamykane, łazienka, wc, garderoba, pralnia ( wszystkie pomieszczenia zamykane). Mieszkanie nie wymaga gruntownego remontu, możliwość zamieszkania od zaraz tzn. od marca. Blok znajduje się na osiedlu zamknięty, możliwość wynajęcia garażu.",tak,tak,,,własność,,51.228001,22.514
Lublin Kośminek,ul. Obrońców Lublina,2,43,549000,12767.0,bez pośredników,,8,https://adresowo.pl/o/mieszkanie-lublin-kosminek-ul-obroncow-lublina-2-pokojowe-n7h1o8,https://s2.adresowa.pl/oi/68/12/3b8d7c_351c_cover@2x-2-pokojowe-mieszkanie-lublin-kosminek-ul-obroncow-lublina.webp,Lublin Kośminek,Obrońców Lublina,1,2023.0,blok,,"Sprzedam komfortowe mieszkanie przy ul. Obrońców Lublina, os. Wyzwolenie-Południe, Kośminek, w Lublinie z 2023 roku. To doskonała propozycja zarówno do mieszkania, jak i dla osób szukających pewnej inwestycji pod wynajem. Okolica jest spokojna, dużo zieleni, dobrze skomunikowana - w pobliżu znajdują się sklepy, punkty usługowe, przedszkole, przystanek. W skład komfortowo wykończonego mieszkania o powierzchni 43,1 m2 wchodzą: salon z aneksem kuchennym, sypialnia z przestronną garderobą, korytarz i łazienka. W mieszkaniu zainstalowana jest klimatyzacja. Mieszkanie posiada duży, zadaszony, dobrze doświetlony taras - 9 m2. Układ okien oraz tarasu południowo-zachodni. Blok z 2023 roku, 4 kondygnacje, wyposażony w dużą windę osobową. Do mieszkania przynależy również miejsce postojowe w budynku, kondygnacja -1 w garażu podziemnym, co stanowi duży atut dla właścicieli samochodu. Koszt zakupu miejsca postojowego dodatkowo płatne 40 tysięcy. Wygoda, bezpieczeństwo i doskonała lokalizacja - wszystko, czego potrzebujesz w jednym miejscu! Oferta prywatna.",,tak,aneks,,,Wyposażenie: klimatyzacja,51.209986,22.599294
Lublin Bronowice,ul. Przyjaźni,3,52,450000,8654.0,bez pośredników,,10,https://adresowo.pl/o/mieszkanie-lublin-bronowice-ul-przyjazni-3-pokojowe-i4d8g4,https://s2.adresowa.pl/oi/3e/15/3b74de_ba80_cover@2x-3-pokojowe-mieszkanie-lublin-bronowice-ul-przyjazni.webp,Lublin Bronowice,Przyjaźni,parter,1980.0,blok,,"Mieszkanie 3-Pokojowe Na Sprzedaż - Ul. Przyjaźni 24 Opis Cena: 450.000 zł Powierzchnia: 52,50 m2 Parter | Dwustronne | Balkon | Piwnica | Media miejskie Szukasz mieszkania w świetnej lokalizacji, z wygodnym układem pomieszczeń i pełnym dostępem do miejskich mediów? To oferta, która spełni oczekiwania zarówno osób prywatnych, jak i inwestorów. OPIS NIERUCHOMOŚCI Na sprzedaż funkcjonalne, 3-pokojowe mieszkanie o powierzchni 52,50 m2, położone na parterze bloku z lat 80. na popularnej dzielnicy Tatary - ul. Przyjaźni. Mieszkanie jest dwustronne, dzięki czemu jest jasne i dobrze doświetlone o każdej porze dnia. W jego skład wchodzą: salon z wyjściem na balkon ( przejściowy ) dwie sypialnie oddzielna, widna kuchnia, łazienka z wc przedpokój z miejscem na przechowywanie. Do mieszkania przynależy także piwnica. STAN I INFORMACJE TECHNICZNE forma własności: odrębna własność blok z 1980 roku media miejskie, brak piecyka gazowego ogrzewanie z sieci miejskiej czynsz administracyjny: 700 zł mieszkanie idealne do własnej aranżacji lub jako inwestycja pod wynajem",tak,,,plastikowe,własność,,51.244696,22.589902
Lublin Tatary,ul. Gospodarcza,2,45,389000,8644.0,bez pośredników,,12,https://adresowo.pl/o/mieszkanie-lublin-tatary-ul-gospodarcza-2-pokojowe-o0l8i4,https://s2.adresowa.pl/oi/2b/6e/3b7450_e1fb_cover@2x-2-pokojowe-mieszkanie-lublin-tatary-ul-gospodarcza.webp,Lublin Tatary,Gospodarcza,1,1964.0,blok,,"Na sprzedaż komfortowe, w pełni umeblowane mieszkanie 2-pokojowe o powierzchni 45,76 m², zlokalizowane na I piętrze w czteropiętrowym bloku przy ul. Gospodarczej w Lublinie. Lokal posiada księgę wieczystą i jest gotowy do zamieszkania od zaraz. Najważniejsze informacje: powierzchnia: 45,76 m² liczba pokoi: 2 piętro: 1 / 4 balkon po remoncie piwnica (wyremontowana) ogrzewanie i ciepła woda z sieci miejskiej pełna własność, KW możliwość zakupu garażu Rozkład pomieszczeń: salon 23,8 m² z wyjściem na balkon sypialnia 9,6 m² – ustawna i jasna oddzielna kuchnia z oknem łazienka z oknem przedpokój Standard wykończenia: mieszkanie po remoncie wymienione okna, drzwi wewnętrzne i wejściowe panele w pokojach, terakota w kuchni, łazience i przedpokoju ściany: gładzie, świeżo malowane łazienka z wanną i grzejnikiem balkon po remoncie – nowa terakota Dodatkowe atuty: kameralna klatka schodowa (2 mieszkania na piętrze) bardzo dobra lokalizacja – blisko: przystanki komunikacji miejskiej sklepy i hipermarkety szkoła, przedszkole przychodnia, kościół niski koszt mediów: czynsz (CO + ciepła woda): 704 zł prąd ok. 80 zł gaz ok. 20 zł Garaż (opcjonalnie): powierzchnia 16,22 m² blisko budynku (ul. Gospodarcza 23) płytki na podłodze kanał cena: 80.000 zł Cena i warunki: Cena mieszkania: 399 000 zł – do negocjacji Sprzedaż bez pośredników Dostępne od zaraz.",tak,tak,osobna,plastikowe,własność,,51.245616,22.5989
Lublin Węglin,ul. Onyksowa,3,56,695000,12411.0,bez pośredników,,17,https://adresowo.pl/o/mieszkanie-lublin-weglin-ul-onyksowa-3-pokojowe-d7k5c4,https://s2.adresowa.pl/oi/38/46/3b5b98_a210_cover@2x-3-pokojowe-mieszkanie-lublin-weglin-ul-onyksowa.webp,Lublin Węglin,Onyksowa,1,2013.0,blok,,"Do sprzedania mieszkanie trzypokojowe w bardzo dobrym stanie. Wysoki standard wykończenia. Balkon , klimatyzacja, garaż na parkingu podziemnym, piwnica. Spokojna okolica. W pobliżu sklepy, przychodnia apteka, przedszkole itp. Miejsce garażowe jest dodatkowo płatne 105 tys. zł.",tak,tak,,,własność,Wyposażenie: klimatyzacja,51.221327,22.499614
Lublin,ul. Szwoleżerów,3,83,549000,6614.0,bez pośredników,,8,https://adresowo.pl/o/mieszkanie-lublin-ul-szwolezerow-3-pokojowe-i6j7v8,https://s2.adresowa.pl/oi/40/29/3b3cd0_8f15_cover@2x-3-pokojowe-mieszkanie-lublin-ul-szwolezerow.webp,Lublin ,Szwoleżerów,4,1995.0,blok,,"Sprzedam wyjątkowe, przestronne, ciekawie zaprojektowane mieszkanie o powierzchni 83,99 m2, mieszczące się na czwartym, najwyższym piętrze pięciokondygnacyjnego budynku, rok budowy 1995. Mieszkanie znajduje się w Lublinie, przy ul. Szwoleżerów, w zachodniej części osiedla Konstantynów. Na nieruchomość składają się: * Pokój mieszkalny 1. o powierzchni 17,40 m2 (wysoki sufit: 2,60 - 3,10 m) z wyjściem na balkon (około 5 m2) * Pokój mieszkalny 2. o powierzchni 11,05 m2 * Salon - otwarta przestrzeń ze skosami o powierzchni podłogi około 27 m2 (wysoki sufit 1,20-3,80 m) * Widna kuchnia - 9,10 m2 * Garderoba - 3,65 m2 * Łazienka - 3,70 m2 * WC - 1,20 m2 * Przedpokój łączący pomieszczenia. Do mieszkania przynależy piwnica - 3,77 m2. Ściany budynku z cegły. Stolarka okienna drewniana, oryginalna, okna dachowe Velux. Na podłodze w przedpokoju terakota, w kuchni terakota i glazura, w łazience i WC terakota i płytki ceramiczne. Na ścianach gładź. W pokojach mieszkalnych wykładzina dywanowa. Ogrzewanie i ciepła woda z sieci miejskiej + prąd i gaz. Świetna lokalizacja: * Okolica spokojna. Pomimo przebiegającej obok Alei Kraśnickiej, hałas uliczny w mieszkaniu jest w zasadzie nieodczuwalny. * Rejon wyposażony jest w pełną infrastrukturę miejską. W niewielkiej odległości Kaufland, Obi, Galeria Orkana, Żabka, Biedronka, sklepy osiedlowe, liczne punkty usługowe, przedszkole, szkoła, poczta, stacja benzynowa oraz apteki i szpital. * Przystanki MPK, usytuowane przy Alei Kraśnickiej (mniej niż 100 m) i ul. Władysława Orkana zapewniają dogodne, w większości bezpośrednie, połączenia z innymi częściami miasta. Przy budynku i osiedlowych drogach urządzono liczne miejsca parkingowe. Ogłoszenie i sprzedaż bezpośrednio od właściciela.",tak,,,,,,51.237161,22.497682
Lublin Sławin,ul. Relaksowa,3,68,738000,10853.0,bez pośredników,,28,https://adresowo.pl/o/mieszkanie-lublin-slawin-ul-relaksowa-3-pokojowe-z4s3u5,https://s2.adresowa.pl/oi/30/32/3b3a76_2a89_cover@2x-3-pokojowe-mieszkanie-lublin-slawin-ul-relaksowa.webp,Lublin Sławin,Relaksowa,1,2013.0,blok,,"Na sprzedaż – nowoczesne, wykończone mieszkanie 68 m² na osiedlu Botanik! Szukasz komfortowego, dobrze zaprojektowanego lokum w doskonałej lokalizacji? To idealna propozycja dla Ciebie! Mieszkanie w bloku z windą z 2013 roku jest w pełni urządzone i przygotowane do natychmiastowego wprowadzenia się – wystarczy zabrać walizki. Lokalizacja: Osiedle Botanik z pełną infrastrukturą: szkoła podstawowa, przedszkola, sklepy, restauracje, 4 linie MPK w pobliżu (2,7,37,47), Ogród Botaniczny UMCS zaledwie 5 minut spacerem. Układ mieszkania: Duży, jasny salon z wyjściem na przestronny balkon 10 m² – idealne miejsce na relaks i poranną kawę, Oddzielna, funkcjonalna kuchnia wyposażona w piekarnik, lodówkę, zmywarkę i mikrofalówkę – mnóstwo szafek i miejsca do przechowywania, Dwie niezależne, duże sypialnie – każdy domownik zyskuje własną prywatną przestrzeń, Oddzielna łazienka oraz osobne WC – ogromne ułatwienie w codziennym życiu, Pojemna szafa w zabudowie w przedpokoju oraz dodatkowa szafa w jednej z sypialni, Osobna garderoba. Wyposażenie i udogodnienia: Ogrzewanie zapewnia nowoczesny piec dwufunkcyjny ze zdalnym sterowaniem, W cenie mieszkania: wszystkie meble w pokojach, telewizor, pralka, suszarka oraz pełne wyposażenie kuchni, Dodatkowo w cenie: piwnica. Dodatkowa opcja: Istnieje możliwość dokupienia miejsca postojowego w garażu podziemnym (na 2 samochody). Blok oddany do użytku w 2013 roku. Mieszkanie dostępne od maja 2026. To wyjątkowa okazja na zakup wygodnego, nowoczesnego mieszkania w zielonej, świetnie skomunikowanej części miasta. Zapraszam do kontaktu!",tak,tak,osobna,plastikowe,własność,"Wyposażenie: lodówkę, piekarnik, pralka, suszarka, telewizor, zmywarkę",51.267871,22.524674
Lublin Czuby,ul. Ułanów,3,64,438000,6844.0,bez pośredników,,21,https://adresowo.pl/o/mieszkanie-lublin-czuby-ul-ulanow-3-pokojowe-u0k0m5,https://s2.adresowa.pl/oi/1f/19/3b23d6_6a6c_cover@2x-3-pokojowe-mieszkanie-lublin-czuby-ul-ulanow.webp,Lublin Czuby,Ułanów,4,1991.0,blok,,"Sprzedam bezpośrednio urokliwe mieszkanie na poddaszu z balkonem, o pow. 64 m2 oraz pow. całk. 72m2. Na mieszkanie składa się duża sala z aneksem kuchennym i łazienką oraz sypialnia z wyjściem na balkon. Duża przestrzeń pozwala na wydzielenie dodatkowych dwóch sypialni. W ogłoszeniu zamieszczam dwie propozycje planu mieszkania przy 3 lub 4 sypialniach o pow. 10m2 oraz salonie z aneksem kuchennym. Istnieje możliwość wybudowania lukarny i zwiększenia powierzchni użytkowej o 4-5 m2 na poczet dużej jasnej kuchni lub pokoju. Obecnie okna są skierowane w kierunku południowym i zachodnim, jedno okno jest dachowe. Istnieje możliwość montażu okien typu Velux oraz kolejnych 4 okien dachowych. Ściankę kolankową od strony północnej można przesunąć dalej i wykorzystać przestrzeń na szuflady cargo na całej długości ściany tj 9 m lub na instalację sprzętów agd typu pralka i suszarka. Głównym atutem tego mieszkania jest jego unikalna i przestronna otwartość przestrzeni. Dzięki swojemu usytuowaniu na poddaszu, mieszkanie posiada skosy sufitowe, które nadają mu niepowtarzalny charakter oraz wyjątkowy urok. Obecnie na suficie jest boazeria, którą można zdemontować, odsłonić krokwie i znacznie powiększyć przestrzeń mieszkania. Na podłodze są deski sosnowe. Sporym atutem mieszkania jest darmowe miejsce parkingowe pod klatką z zamykanym dojazdem. Dostęp do dużej piwnicy ok 9m2 w cenie 30zł/miesiąc. BUDYNEK Lokal mieszkalny umiejscowiony jest na czwartym piętrze w bloku z cegły z 1991 roku, stanowiącym ostatnią kondygnację mieszkalną. Elewacja budynku po przeprowadzonej termomodernizacji w 2019 roku. Mieszkanie posiada dostęp do centralnego ogrzewania. Klatka schodowa jest zadbana i wyremontowana w grudniu 2023, bez windy. Rozkład: - duża sala o ekspozycji zachodniej i północnej, wysokości: max: 2,98m, wysokość min. 1m - sypialnia o ekspozycji południowej, wysokości: max: 2,53m, wysokość min: 1,94m; - duży balkon 5m2 - łazienka - aneks kuchenny Dla zainteresowanych w ogłoszeniu zamieszczam uproszczony rzut obecnego stanu oraz propozycję układu funkcjonalnego dla mieszkania z trzema lub czterema sypialniami. Mogę również polecić sprawdzonego architekta, ekipę remontową i stolarza. STANDARD: Mieszkanie jest w stanie do remontu. Posiada nowe drzwi wejściowe wymienione w lipcu 2023 oraz okna plastikowe wymienione w roku 2019. STAN PRAWNY I EKSPLOATACJA: Mieszkanie jest własnościowe, posiada księgę wieczystą. Czynsz wraz z zaliczkami na wodę wynosi obecnie 250zł. LOKALIZACJA: Mieszkanie położone jest przy ulicy Ułanów na osiedlu Błonie, spółdzielnia Medyk, na Czubach Północnych. Okolica jest cicha i bezpieczna. W bliskie odległości jest dzielnica LSM i Konstantynów. 3 min piechotą od bloku zaczyna się Wąwóz Rury z malowniczą ścieżką pieszą i rowerową przez dzielnicę Czuby do Zalewu Zemborzyckiego. Bliskość infrastruktury handlowej, edukacyjnej, rekreacyjnej i komunikacyjnej stanowią o potencjale lokalizacyjnym. W okolicy jest wiele przystanków autobusowych. W bliskiej odległości znajdują się: Centrum Handlowe Leclerc, Galeria Orkana, Spa Orkana, Kampus KUL-u, Szpital Wojewódzki, szkoły podstawowe, przedszkola. Mieszkanie jest dostępne od września 2026. Cena: 438.000zł kontakt:",tak,tak,aneks,plastikowe,spółdzielcze własnościowe,"Wyposażenie: pralka, suszarka",51.238527,22.507546
Lublin Dziesiąta,ul. Nowy Świat,3,57,655000,11491.0,bez pośredników,,9,https://adresowo.pl/o/mieszkanie-lublin-dziesiata-ul-nowy-swiat-3-pokojowe-e6k2f7,https://s2.adresowa.pl/oi/63/7e/3b0e32_6c8b_cover@2x-3-pokojowe-mieszkanie-lublin-dziesiata-ul-nowy-swiat.webp,Lublin Dziesiąta,Nowy Świat,4,2017.0,blok,,"Oferuję na sprzedaż przytulne , z garderoba ok 4 m2, i 2 balkonami ok 5 m2 każdy , przestronne mieszkanie na 4. piętrze w 4-piętrowym bloku. Lokalizacja: Nowy Świat/Wyścigowa. Mieszkanie składa się z 2 pokoi, salonu z aneksem kuchennym, łazienki. Okna wychodzą na południowy-zachód. Mieszkanie jest umeblowane, co ułatwia wprowadzenie się. Do mieszkania przynależy miejsce parkingowe podziemne z komórką przy miejscu postojowym. Dodatkowo płatne 50.000 zł. Lokalizacja jest bardzo dogodna. Bliskość komunikacji miejskiej zapewnia łatwy dojazd do centrum oraz innych części miasta. Sprzedaż bezpośrednio od właściciela. Biuro nieruchomości i pośrednikom dziękuję.",,tak,aneks,,własność,,51.22587,22.564568
Lublin,al. gen. Władysława Sikorskiego,2,60,610000,10167.0,bez pośredników,,8,https://adresowo.pl/o/mieszkanie-lublin-al-gen-wladyslawa-sikorskiego-2-pokojowe-y4d3f5,https://s2.adresowa.pl/oi/71/37/3b038e_c661_cover@2x-2-pokojowe-mieszkanie-lublin-al-gen-wladyslawa-sikorskiego.webp,Lublin ,gen. Władysława Sikorskiego,3,,blok,,"Ogłoszenie prywatne. Sprzedam mieszkanie 2-pokojowe o powierzchni 60m2, znajdujące się na 3. piętrze czteropiętrowego bloku na osiedlu Sikorskiego w Lublinie. Mieszkanie środkowe, bardzo ciepłe, przestronne i jasne. Ekspozycja okien wschód-zachód. Salon od strony zachodniej. Oszklony, duży balkon. Do mieszkania przynależy duża piwnica. Mieszkanie bez piecyka gazowego, centralne ogrzewanie i ciepła woda miejskie. Budynek na osiedlu zamkniętym, z monitoringiem okolicy i domofonem. Odnowiona klatka schodowa. Piękny plac zabaw dla dzieci i dużo zieleni. Miłe i spokojne sąsiedztwo. Cisza i spokój. Mieszkanie ma bardzo dobrą lokalizację w niewielkiej odległości od centrum, blisko uczelnie UMCS i KUL, szkół, przystanków komunikacji, dużego parku i sieci handlowych. Osiedle ciche i dobrze oświetlone. Dużo miejsc parkingowych pod blokiem. Mieszkanie do sprzedaży z pełnym wyposażeniem. Oferta bezpośrednio od właściciela. Pośrednikom serdecznie dziękuję. Zapraszam do kontaktu i obejrzenia.",tak,,,,,,51.255029,22.529011
Lublin Bronowice,ul. Pogodna,4,60,515000,8583.0,bez pośredników,,10,https://adresowo.pl/o/mieszkanie-lublin-bronowice-ul-pogodna-4-pokojowe-p8b7k2,https://s2.adresowa.pl/oi/64/44/3affd8_8025_cover@2x-4-pokojowe-mieszkanie-lublin-bronowice-ul-pogodna.webp,Lublin Bronowice,Pogodna,3,1987.0,blok,,"Agencjom nieruchomości i pośrednikom dziękujemy - nie jesteśmy zainteresowani współpracą. Oferuję na sprzedaż mieszkanie 4 pokojowe, przestronne, jasne, na 3 piętrze w niskim bloku (4piętrowym)na ul. Pogodnej w Lublinie. Bardzo korzystnym układzie ścian nośnych można bez problemu zmienić konfigurację na : 1. 3 pokojowe - z dużym (30mkw) salonem, sypialnią ( z garderobą) i pokojem 2. 2 pokojowe - z dużym (30mkw) salonie, sypialnią ( z garderobą) i dużą kuchnią z jadalnią, zdjęcia (3ostatnie)tej opcji dla przykładu podpięte do oferty - ogrzewanie i ciepła woda z sieci miejskiej - bez piecyka ! - okna PCV W pobliżu bloku znajdują się bezpłatne miejsca postojowe. Dobre połączenie komunikacją miejską z uczelniami wyższymi. W sąsiedztwie znajdują się sklepy spożywcze i usługowe, obok bloku Biedronka i szkoła podstawowa, Lublin Felicity, Centrum Sportowo – Rekreacyjne Łabędzia.",tak,,osobna,plastikowe,własność,,51.233321,22.597808
Lublin Wrotków,ul. Nałkowskich,4,48,650000,13542.0,bez pośredników,,20,https://adresowo.pl/o/mieszkanie-lublin-wrotkow-ul-nalkowskich-4-pokojowe-h3p7v6,https://s2.adresowa.pl/oi/6e/2b/3af062_d0a5_cover@2x-4-pokojowe-mieszkanie-lublin-wrotkow-ul-nalkowskich.webp,Lublin Wrotków,Nałkowskich,3,2020.0,blok,,"Na sprzedaż ustawne i bardzo przytulne mieszkanie o powierzchni 48,17 m², położone na 3 piętrze w zadbanym, czteropiętrowym bloku na zielonym i spokojnym osiedlu przy ul. Nałkowskich w Lublinie. Do lokalu przynależy piwnica 2,96 m². Mieszkanie własnościowe z udziałem w gruncie i częściach wspólnych, posiada oddzielną księgę wieczystą, bez obciążeń hipotecznych. UKŁAD I STANDARD MIESZKANIA Mieszkanie jest słoneczne i bardzo ciepłe (ekspozycja wschód-zachód). W 2019 r. przeszło generalny remont, obejmujący m.in.: • wymianę całej instalacji elektrycznej, • zmianę układu pomieszczeń, • nowe podłogi, ściany, drzwi, • nową zabudowę kuchenną i łazienkową. W 2024 r. dodatkowo: • wymieniono wszystkie okna na nowe, szczelne (niższe koszty ogrzewania), • zamontowano nowe parapety, • wymieniono grzejniki. W bloku nie ma piecyków gazowych. Obecny układ umożliwia wygodne funkcjonowanie nawet 4-osobowej rodziny lub 3-4 najemców. Zamieszczony w galerii poglądowy schemat mieszkania nie oddaje rzeczywistej wielkości i proporcji pomieszczeń, zamieszczono jedynie poglądowo. UKŁAD POMIESZCZEŃ • Salon z aneksem kuchennym (płyta indukcyjna) • 3 oddzielne sypialnie (jedna zaaranżowana w miejscu dawnej kuchni — instalacja gazowa została zasłonięta i może być przywrócona) • Łazienka z WC • Przedpokój Miniaturowy balkon zapewnia widok na piękną, bujną zieleń i daje przestrzeń do relaksu. Ściany przy oknach są do odświeżenia po niedawnej wymianie stolarki. LOKALIZACJA — zielone, spokojne i świetnie skomunikowane osiedle Osiedle gwarantuje pełen komfort życia — wszystko jest pod ręką. W bezpośredniej okolicy: • przedszkola, • Szkoła Podstawowa nr 30 z basenem (kilka kroków od bloku), • sklepy, apteki, przychodnia, • Galeria Diamentowa, siłownia, punkty usługowe, • place zabaw, dużo zieleni i przestrzeni rekreacyjnych. Dla miłośników aktywności: • kilka kroków — rzeka Bystrzyca i malownicza ścieżka rowerowa dla fanów jazdy rowerem, na rolkach, biegania czy spacerów. • kilka minut do Zalewu Zemborzyckiego (Marina, Dąbrowa) i ok. 15-20 min. jazdy rowerem do ul. Muzycznej. • blisko do lasów: Stary Gaj i Dąbrowa. KOMUNIKACJA I PARKING • Przystanki autobusowe tuż obok — szybki dojazd w każdą część miasta, kilka przystanków do Politechniki. • Wokół bloku dużo miejsc parkingowych oraz miejsca parkingowe za szlabanem.",tak,,aneks,,,,51.208149,22.543937
Lublin Sławinek,ul. Żołnierska,2,55,499000,9073.0,bez pośredników,,10,https://adresowo.pl/o/mieszkanie-lublin-slawinek-ul-zolnierska-2-pokojowe-n4i3h6,https://s2.adresowa.pl/oi/31/47/3aefb4_3b95_cover@2x-2-pokojowe-mieszkanie-lublin-slawinek-ul-zolnierska.webp,Lublin Sławinek,Żołnierska,3,1995.0,blok,,"Oferuje przestronne mieszkanie o powierzchni 55 m², położone na 3. piętrze w niskim, zadbanym bloku z lat 90. Idealna propozycja dla osób, które chcą urządzić przestrzeń według własnego pomysłu lub szukają lokalu inwestycyjnego. Atuty nieruchomości: - Funkcjonalny układ z osobnymi pokojami, dający komfortowe warunki codziennego użytkowania. - Duży balkon - świetne miejsce na wypoczynek na świeżym powietrzu. - Mieszkanie jasne i dobrze doświetlone, z potencjałem aranżacyjnym. - Do lokalu przynależy także piwnica, co zapewnia dodatkową przestrzeń do przechowywania. Układ pomieszczeń: - 2 niezależne pokoje, - Oddzielna kuchnia, - Łazienka i osobne WC, - Przedpokój. Lokalizacja: Mieszkanie usytuowane jest w zielonej i spokojnej części dzielnicy Sławinek w Lublinie, w otoczeniu zieleni oraz pełnej infrastruktury: szkoły, sklepy, przystanki komunikacji miejskiej i tereny spacerowe. Stan nieruchomości: do odświeżenia lub remontu według własnej wizji.",tak,,osobna,plastikowe,własność,,51.253146,22.525364
Lublin Kalinowszczyzna,ul. Kazimierza Tumidajskiego,3,57,469000,8228.0,bez pośredników,,8,https://adresowo.pl/o/mieszkanie-lublin-kalinowszczyzna-ul-kazimierza-tumidajskiego-3-pokojowe-x8t0o9,https://s2.adresowa.pl/oi/10/6a/3aef1c_d36d_cover@2x-3-pokojowe-mieszkanie-lublin-kalinowszczyzna-ul-kazimierza-tumidajskiego.webp,Lublin Kalinowszczyzna,Kazimierza Tumidajskiego,4,,blok,,"Na sprzedaż funkcjonalne i jasne mieszkanie o powierzchni 57,5 m², położone w bardzo dobrze skomunikowanej dzielnicy Kalinowszczyzna, przy ul. Tumidajskiego 2B. - 3 oddzielne pokoje - osobna kuchnia - łazienka i WC osobno - przestronny przedpokój - balkon - piwnica Mieszkanie znajduje się na 4. piętrze w 10-piętrowym bloku, wyposażonym w dwie windy. Lokalizacja: - świetna komunikacja miejska (szybki dojazd do centrum) - sklepy, szkoły, przedszkola, punkty usługowe - tereny zielone i miejsca spacerowe w pobliżu To idealna propozycja zarówno dla rodziny, jak i jako inwestycja pod wynajem. Więcej informacji udzielę telefonicznie. Zapraszam.",tak,,osobna,,,,51.257685,22.58977
Lublin Sławin,ul. Bukszpanowa,2,58,759800,13100.0,bez pośredników,,8,https://adresowo.pl/o/mieszkanie-lublin-slawin-ul-bukszpanowa-2-pokojowe-c7g0p4,https://s2.adresowa.pl/oi/5a/4c/3aeb00_9b1f_cover@2x-2-pokojowe-mieszkanie-lublin-slawin-ul-bukszpanowa.webp,Lublin Sławin,Bukszpanowa,parter,2023.0,blok,,"Szukasz mieszkania w świetnej lokalizacji, z pełną infrastrukturą w zasięgu ręki? A może marzysz o własnym ogródku? Przedmiotem oferty jest w pełni wykończone i umeblowane mieszkanie położone na osiedlu Kameralny Sławin. Mieszkanie znajduje się na parterze bloku z windą z 2023 roku. Na powierzchnię ok. 58 m² składają się: salon z aneksem kuchennym, sypialnia, łazienka, garderoba, przedpokój. W lokalu zainstalowano system inteligentnego sterowania Domatiq, umożliwiający zdalne zarządzanie oświetleniem, ogrzewaniem oraz nawadnianiem ogródka. System można w przyszłości rozbudować. Wszystkie meble wykonano na zamówienie przez stolarza, a mieszkanie wyposażono w wysokiej klasy sprzęt AGD. Na podłodze znajdują się wodoodporne panele o strukturze drewna. Istnieje możliwość wydzielenia dodatkowego pokoju. Do mieszkania przynależy: ogród o powierzchni 150 m² (na ogródku schowek o pow. około 1,5 m2), piwnica 4,6 m² (dodatkowo płatna 15 000 zł) dwa miejsca postojowe w garażu podziemnym (miejsca dodatkowo płatne: 100 000 zł). Lokal jest narożny i bardzo ustawny. Ekspozycja okien południowo-zachodnia oraz duża liczba przeszkleń zapewniają świetne doświetlenie wnętrz. Miesięczny czynsz administracyjny wynosi ok. 790 zł (zawiera zaliczki na ogrzewanie, wodę, wywóz śmieci itp.) + 100 zł za miejsca postojowe. Prąd płatny dodatkowo wg zużycia. Ogrzewanie pochodzi z kotłowni w budynku. Na terenie inwestycji znajduje się oczyszczalnia ścieków, a woda jest miejska. Istnieje możliwość podłączenia stacji ładowania samochodu elektrycznego w garażu obok miejsca postojowego. W bezpośrednim sąsiedztwie dostępna jest pełna infrastruktura, a lokalizacja zapewnia łatwy dojazd do Centrum i innych części miasta.",tak,tak,aneks,plastikowe,własność,,51.276976,22.511566
Lublin Śródmieście,ul. 3 Maja,2,41,780000,19024.0,bez pośredników,,8,https://adresowo.pl/o/mieszkanie-lublin-srodmiescie-ul-3-maja-2-pokojowe-g2k1e9,https://s2.adresowa.pl/oi/2a/21/3ab34e_e654_cover@2x-2-pokojowe-mieszkanie-lublin-srodmiescie-ul-3-maja.webp,Lublin Śródmieście,3 Maja,1,2017.0,apartamentowiec,,"Sprzedam mieszkanie 2 pokojowe 42m2 + balkon w centrum Lublina przy ulicy 3 Maja 7. Budynek nowoczesny, oddany 2017r, o nazwie Kamienica pod 7, w którym znajdują się dwie windy. Mieszkanie wyposażone jest w pralkę, TV, zmywarkę, piekarnik, lodówkę. W budynku znajduje się całodobowa ochrona. 300 metrów do Placu Litewskiego. Mieszkanie gotowe do zamieszkania po podpisaniu aktu notarialnego.",,,,,,"Wyposażenie: lodówkę, piekarnik, pralkę, tv, zmywarkę",51.250641,22.55915
Lublin Wieniawa,ul. Lesława Pagi,3,50,995000,19900.0,bez pośredników,,6,https://adresowo.pl/o/mieszkanie-lublin-wieniawa-ul-leslawa-pagi-3-pokojowe-p8v9g4,https://s2.adresowa.pl/oi/7f/45/3aaeb8_55d3_cover@2x-3-pokojowe-mieszkanie-lublin-wieniawa-ul-leslawa-pagi.webp,Lublin Wieniawa,Lesława Pagi,4,2023.0,blok,,"Jasne Mieszkanie, wykończone i wyposażone w wyższym standardzie w 2024 roku. 50 metrów kwadratowych mieszkanie + 16 metrów kwadratowych balkon. Balkon ze świetnym widokiem, którego nigdy nie zasłonią inne bloki - widok na wąwóz. Salon bardzo jasny. Dwie sypialnie. Nowe budownictwo - garaż podziemny, winda, domofon z kamerą. Wieniawa - 15 minut na piechotę na UMCS, KUL, UP. 9 minut samochodem do centrum miasta. Dostępne od zaraz. Bez negocjacji. Ogłoszenie osoby prywatnej.",,tak,,,,,51.245676,22.529485
Lublin Węglin,ul. Koralowa,2,53,590000,11132.0,bez pośredników,,8,https://adresowo.pl/o/mieszkanie-lublin-weglin-ul-koralowa-2-pokojowe-p3s9j5,https://s2.adresowa.pl/oi/23/27/3aaeac_78c3_cover@2x-2-pokojowe-mieszkanie-lublin-weglin-ul-koralowa.webp,Lublin Węglin,Koralowa,parter,2014.0,blok,,"Komfortowe mieszkanie w dzielnicy Węglin Południe w Lublinie w cichej okolicy blisko Starego Lasu. Doskonała lokalizacja oraz komunikacja do każdej części Lublina. Powierzchnia całkowita 55,17 M2 Wysokość mieszkania 265 cm Duże okna PCV zapewniają dużo naturalnego światła. Ekspozycja Salon i balkon _ południe Sypialnia _ północ Duży salon ok.20 m2 połączony z dużą (ok. 8 m2) kuchnią, możliwość rozdzielenia Z salonu wyjście na balkon, duże dwuskrzydłowe okno od podłogi sypialnia 11 M2, ŁAZIENKA nowa kabina prysznicowa WC, pralka Beko energooszczędna szafki na wymiar z dużym podświetlanym lustrem ustawny przedpokój ok.9 m2 5 drzwiowa wysoka szafa - troje drzwi z lustrem pojemna komoda Widna kuchnia w nowej zabudowie Sprzęt firmy Whirlpool -lodówka, - płyta indukcyjna, -parowy piekarnik . Przedpokój, łazienka, kuchnia, sufity podwieszane z oświetleniem LED. Duży balkon typu loggia. W oknach i drzwiach balkonowych zewnętrzne przeciwwłamaniowe żaluzje. Podłogi : Salon deska bambusowa, Sypialnia, kuchnia, przedpokój panele winylowe, Łazienka płytki podłogowe i ścienne do sufitu. Winda Piwnica ok. 2 M2 , sucha W niej 2 duże, zamykane szafki. Blok 3- piętrowy usytuowany w pobliżu ul.Jana Pawła II na wysokości sklepu AGATA, ALDI itp. Czynsz 523 zł ( w tym zaliczki na co i wodę) Energia elektryczna wg własnego licznika. Chętnie udzielę dodatkowych informacji, zapraszam do obejrzenia mieszkania. Cena Do elastycznej negocjacji Zapraszam :) Pośrednikom dziękuję !!!",tak,tak,aneks,plastikowe,własność,"Wyposażenie: lodówka, piekarnik, pralka",51.225499,22.48545
Lublin Wrotków,ul. Jana Samsonowicza,4,69,500000,7246.0,bez pośredników,,14,https://adresowo.pl/o/mieszkanie-lublin-wrotkow-ul-jana-samsonowicza-4-pokojowe-p2f9n0,https://s2.adresowa.pl/oi/1d/33/3a93f2_c369_cover@2x-4-pokojowe-mieszkanie-lublin-wrotkow-ul-jana-samsonowicza.webp,Lublin Wrotków,Jana Samsonowicza,7,1978.0,blok,,"Na sprzedaż 4-pokojowe mieszkanie o powierzchni 69 m², położone na 7 piętrze w bloku. Lokal idealny dla rodziny lub jako wygodne mieszkanie dla osób ceniących przestrzeń i funkcjonalny układ pomieszczeń. W skład mieszkania wchodzą: trzy sypialnie, pokój dzienny z balkonem, kuchnia, łazienka, wc. Do mieszkania przynależy piwnica. Ogrzewanie i ciepła woda z sieci miejskiej. Przyłącze światłowodowe. Mieszkanie do remontu, co daje możliwości własnej aranżacji. Kilka lat temu wykonano gładzie w pokoju dziennym, jednej sypialni, przedpokoju i kuchni. W kuchni i przedpokoju na podłodze położono gres. W jednej sypialni, pokoju dziennym i drugim przedpokoju położono panele. Blok usytuowany w bezpośrednim sąsiedztwie ze szkołą podstawową z basenem i boiskami. W pobliżu przedszkole, żłobek, przychodnia zdrowia, apteka. W odległości kilkuminutowego spaceru liczne sklepy: Biedronka, Lidl, Kaufland, Hebe, Jysk, Rossman, Stokrotka oraz ryneczek z owocami i warzywami. Osiedle dobrze skomunikowane. Z przystanków na Ulicy Diamentowej czy Romera liczne autobusy i trolejbusy. Nowe drogi osiedlowe, ciągi spacerowe i ścieżki rowerowe. Parkingi za szlabanem, zdalnie otwieranym. W niedalekiej odległości Zalew Zemborzycki z terenami rekreacyjnymi i stanowiskami wędkarskimi. SPRZEDAŻ BEZPOŚREDNIA.",tak,,,,,,51.208219,22.547227
Lublin Rury,ul. Tomasza Zana,5,143,1950000,13636.0,bez pośredników,,18,https://adresowo.pl/o/mieszkanie-lublin-rury-ul-tomasza-zana-5-pokojowe-u7b3c4,https://s2.adresowa.pl/oi/38/6e/3a660c_fa38_cover@2x-5-pokojowe-mieszkanie-lublin-rury-ul-tomasza-zana.webp,Lublin Rury,Tomasza Zana,17,2013.0,blok,,"NA SPRZEDAŻ: ATRAKCYJNY DWUPOZIOMOWY APARTAMENT TYPU PENTHOUSE LOKALIZACJA: ul. Zana, zlokalizowany na ostatnich 17 i 18 piętrach. OPIS: Do sprzedania atrakcyjny dwupoziomowy apartament typu Penthouse. Z mieszkania rozciąga się niesamowity widok na zachodnią stronę świata. Z okien wszystkich sypialni można podziwiać piękne zachody słońca. Duże panoramiczne okna dostarczają niesamowitych wrażeń i dobrej energii. Apartament jest bardzo przestronny i jasny. ROZKŁAD POMIESZCZEŃ: Apartament dwupoziomowy, podzielony jest na część prywatną-sypialnianą oraz część dzienną. POZIOM I (Część dzienna): • Duży i przestronny salon z bio-kominkiem i aneksem kuchennym • Gabinet • Toaleta • Pralnia • Balkon POZIOM II (Część prywatna-sypialniana): • Trzy sypialnie • Dwie łazienki z toaletą • Garderoba UDOGODNIENIA: • Każdy pokój jest klimatyzowany. • W budynku jest lobby, trzy windy, recepcja z ochroną i monitoringiem. DANE TECHNICZNE I OPŁATY: • Ogrzewanie oraz ciepła woda z sieci miejskiej. • Okna aluminiowe. • Miesięczny czynsz administracyjny: około 1400 zł. CENA: • Cena apartamentu: 1 950 000 zł. • Do nabycia również trzy miejsca postojowe w garażu podziemnym, po 100 000 zł każde. Zapraszamy do kontaktu oraz na prezentację.",,tak,aneks,,własność,,51.238094,22.529474
Lublin Czuby,ul. Jutrzenki,2,54,550000,10185.0,bez pośredników,,7,https://adresowo.pl/o/mieszkanie-lublin-czuby-ul-jutrzenki-2-pokojowe-b4k3n6,https://s2.adresowa.pl/oi/1c/69/3a5ff8_3375_cover@2x-2-pokojowe-mieszkanie-lublin-czuby-ul-jutrzenki.webp,Lublin Czuby,Jutrzenki,1,,blok,,"Na sprzedaż mieszkanie na osiedlu Nowa Jutrzenka, blok 54. Kuchnia oddzielna, łazienka, 2 pokoje, zabudowany balkon. Do lokalu przynależna piwnica. Możliwość dokupienia garażu w cenie 120000 PLN. Możliwość negocjacji. Mieszkanie obecnie niezamieszkane.",tak,tak,osobna,,własność,,51.229825,22.518709
Lublin Śródmieście,ul. Bolesława Prusa,2,51,688500,13500.0,bez pośredników,,17,https://adresowo.pl/o/mieszkanie-lublin-srodmiescie-ul-boleslawa-prusa-2-pokojowe-i4c3f4,https://s2.adresowa.pl/oi/11/5b/3a580e_37e6_cover@2x-2-pokojowe-mieszkanie-lublin-srodmiescie-ul-boleslawa-prusa.webp,Lublin Śródmieście,Bolesława Prusa,1,2005.0,blok,,"Sprzedam mieszkanie 51 m2 w pobliżu Uniwersytetu Medycznego. Rynek wtórny. Księga wieczysta bez obciążeń. Mieszanie znajduje się na 1 piętrze w 3-piętrowym bloku. Składa się z salonu, sypialni, oddzielnej kuchni oraz korytarza i łazienki. Mieszkanie jest po remoncie. Duży balkon z widokiem na drzewa.",tak,tak,osobna,plastikowe,własność,,51.254217,22.562227
Lublin LSM,ul. Pana Balcera,4,57,499000,8754.0,bez pośredników,,7,https://adresowo.pl/o/mieszkanie-lublin-lsm-ul-pana-balcera-4-pokojowe-w9o0t7,https://s2.adresowa.pl/oi/78/71/3a49f4_3093_cover@2x-4-pokojowe-mieszkanie-lublin-lsm-ul-pana-balcera.webp,Lublin LSM,Pana Balcera,7,1975.0,blok,,"Słoneczne, dwustronne 4-pokojowe mieszkanie o powierzchni 57,4 m² w dzielnicy LSM, osiedle im. Marii Konopnickiej. Lokal znajduje się na 7 piętrze w budynku z windą. Z okien i balkonu rozciąga się panoramiczny widok na część Lublina oraz Zalew Zemborzycki. Mieszkanie ma funkcjonalny układ: - oddzielna kuchnia, - toaleta, - cztery ustawne pokoje. Dwustronne usytuowanie zapewnia doskonałe nasłonecznienie i przewiew. Na klatce znajdują się tylko dwa mieszkania, co gwarantuje spokój i prywatność. Do lokalu przynależy: - balkon, - piwnica, - komórka lokatorska. Budynek położony jest na zielonym osiedlu z pełną infrastrukturą - w pobliżu: - sklepy, - szkoły, - przedszkola, - tereny rekreacyjne, - przystanki komunikacji miejskiej. Mieszkanie ma klarowną sytuację prawną, bez obciążeń. Idealne dla rodziny lub jako inwestycja pod wynajem. Cena: 499 000 zł",tak,,osobna,,spółdzielcze własnościowe,,51.237065,22.525046
Lublin Wieniawa,al. gen. Władysława Sikorskiego,4,112,620000,5536.0,bez pośredników,,8,https://adresowo.pl/o/mieszkanie-lublin-wieniawa-al-gen-wladyslawa-sikorskiego-4-pokojowe-e1i1w8,https://s2.adresowa.pl/oi/65/79/3a464a_d660_cover@2x-4-pokojowe-mieszkanie-lublin-wieniawa-al-gen-wladyslawa-sikorskiego.webp,Lublin Wieniawa,gen. Władysława Sikorskiego,4,1994.0,blok,,"Przestronne, dwupoziomowe mieszkanie o powierzchni 112 m2 położone w Lublinie przy ul. Sikorskiego 1 (Wieniawa). Mieszkanie jest w stanie do remontu. Idealne zarówno dla rodziny jak i pod inwestycję. Lokal składa się z: I poziom * przestronny salon (możliwość podzielenia na 2 osobne pokoje) * oddzielna kuchnia z oknem * sypialnia 1 * sypialnia 2 * duży przedpokój * toaleta II poziom * sypialnia nr 1 (możliwość podzielenia na 2 pokoje) * sypialnia nr 2 * łazienka z oknem * toaleta * przedpokój Mieszkanie posiada 2 balkony wyeksponowane na stronę południową. Czynsz wynosi ok. 1200 zł. Blok ogrodzony, wybudowany w 1994 r. Zarządca: Spółdzielnia Budowlano-Mieszkaniowa „Instalator”. Miejsca postojowe za szlabanem, dostępne dla mieszkańców bloku. Brak piecyka gazowego – ogrzewanie i woda z sieci miejskiej. Mieszkanie położone na 4 piętrze. W budynku nie ma windy. Czysta, szeroka klatka schodowa. Tylko 2 mieszkania na kondygnacji. Lokal dwustronny (ekspozycja okien na północ-południe). Mieszkanie świetnie skomunikowane z centrum i innymi kluczowymi dzielnicami miasta. Tuż obok bloku znajduje się kilka przystanków autobusowych oraz stacja rowerów miejskich. W bliskiej odległości dostępna pełna infrastruktura. Odległość od UMCS – ok. 1,90 km, od KUL - ok 1,40 km, od Politechniki Lubelskiej - ok 3,30 km, od Uniwersytetu Przyrodniczego - ok 1,90 km Zapraszam na prezentację!",,,osobna,,,,51.255029,22.529011
Lublin,ul. Cyrkoniowa,3,63,600000,9524.0,bez pośredników,,8,https://adresowo.pl/o/mieszkanie-lublin-ul-cyrkoniowa-3-pokojowe-m5g0v2,https://s2.adresowa.pl/oi/73/1c/39f28c_858c_cover@2x-3-pokojowe-mieszkanie-lublin-ul-cyrkoniowa.webp,Lublin ,Cyrkoniowa,3,,blok,,"Mieszkanie, stan deweloperski, zlokalizowane przy ul. Cyrkoniowej 10a o powierzchni. Do mieszkania przynależy komórka lokatorska (piwnica) o powierzchni. Mieszkanie znajduje się na III piętrze z V. Mieszkanie posiada dwa balkony o powierzchni 4,23 m2 oraz 3,52 m2. Główna sypialnia wyposażona jest w garderobę. Osiedle zamknięte, brama wjazdowa na parking na pilot. Wejście na teren osiedla z kodem dostępu. Do mieszkania został podciągnięty gaz. Szkoła podstawowa i przedszkole oraz kościół w pobliżu 500 m. Blisko do lasu.",tak,,,,,,51.223905,22.488104
Lublin Czechów,ul. Józefa Mackiewicza,4,100,1200000,12000.0,bez pośredników,,8,https://adresowo.pl/o/mieszkanie-lublin-czechow-ul-jozefa-mackiewicza-4-pokojowe-u5x8i2,https://s2.adresowa.pl/oi/58/36/39eb50_e2f2_cover@2x-4-pokojowe-mieszkanie-lublin-czechow-ul-jozefa-mackiewicza.webp,Lublin Czechów,Józefa Mackiewicza,3,,blok,,"Pięknie i ponadczasowo zaprojektowane mieszkanie dwupoziomowe na ulicy Mackiewicza dla rodziny 2+3 lub 2 + 2. Na pierwszym poziomie znajduje się salon z otwarta kuchnią, ubikacja, pokój ""do pracy"" przy komputerze, oraz ukryte pomieszczenie gospodarcze. Na pietrze sypialnia z dostępem do garderoby, 2 pokoje, pralnia z ubikacją, łazienka z natryskiem i dwoma umywalkami. W mieszkaniu dużo miejsca do przechowywania, wnętrze przytulne sprawiające wrażenie domu jednorodzinnego. W kuchni oraz w łazience blaty granitowe, w salonie oraz w 3 pokojach na górnym poziomie indywidualne klimatyzatory z opcją grzania (w sumie 4 sztuki). Schody, drzwi, ościeżnice, zabudowana kuchnia - wszystko z klejonego naturalnego drewna, nie ma nic ""marketowego"", co rozpada się po kilku latach. Blok wybudowano w 2005 roku, mieszkanie znajduje się na 3 pietrze. W bloku nie ma windy -schodami szybciej i zdrowiej :). W cenie mieszkania piwnica i balkon oczywiście. NIE ODPOWIADAM NA ŻADNE SMS-Y, wysyłane również przez boty komputerowe i cwaniaków. Chcesz dowiedzieć się czegoś więcej to zadzwoń lub przyjedź i zobacz na własne oczy, co jest przedmiotem sprzedaży. Mieszkanie znajduje się w bloku przy ulicy Józefa Mackiewicza 21, w sąsiedztwie AUCHANA. W pobliżu ""Biedronka"", szpital Jaczewskiego i Uniwersytet Medyczny. Miesięczny czynsz 500 złotych. Ogrzewanie piecem gazowym, który został wymieniony na nowy we wrześniu 2025 roku. Przemyślane alternatywne ogrzewanie to: - ogrzewanie podłogowe - kuchnia, ubikacja na dole, łazienka na górze - ogrzewanie grzejnikami elektrycznymi - sypialnia i łazienka na górze - ogrzewanie pompami ciepła z klimatyzacji - salon na dole, sypialnia i pokoje na górze. Mieszkanie nie wymaga jakichkolwiek nakładów inwestycyjnych - kupujesz i mieszkasz!. Jeśli chcesz kupić piękne i komfortowe mieszkanie to przyjedź i obejrzyj nasze mieszkanie - to Cię nic nie kosztuje.",,,aneks,,,,51.267374,22.562421
Lublin Czechów,ul. Szwajcarska,5,84,850000,10119.0,bez pośredników,,20,https://adresowo.pl/o/mieszkanie-lublin-czechow-ul-szwajcarska-5-pokojowe-y6t1b6,https://s2.adresowa.pl/oi/69/4a/395d50_9e5b_cover@2x-5-pokojowe-mieszkanie-lublin-czechow-ul-szwajcarska.webp,Lublin Czechów,Szwajcarska,1,1981.0,blok,,"WYREMONTOWANE+NOWE WYKOŃCZENIE+PRZESTRZEŃ+ZIELONA,SPOKOJNA OKOLICA Agentom nieruchomości i pośrednikom z góry dziękuję i prosiłbym, aby nie dzwonić i nie pisać. Czechów | Niski blok | 84,11 m2 | 1 piętro | 5 pokoi | Nowo wykończone w wysokim standardzie | Nowa łazienka premium z odpływem liniowym | 2 piwnice | Światłowód | Nowa instalacja sieci LAN (punkt dostępu w każdym pokoju) | Zielona okolica | Widok z balkonu na tereny zielone | Bliskość szkół, szpitala, sklepów i usług | Przestrzeń, komfort i wygoda Na sprzedaż duże, komfortowe i nowo wykończone mieszkanie. Po zakończeniu rocznego remontu – nieużytkowane. Świeżo wyremontowane posiada znaczną przestrzeń, zapewnia duży komfort i ma nowy, wysoki standard wykończenia. Gotowe do umeblowania, niemal 85 metrowe, z pięcioma nowo wykończonymi pokojami, nową łazienką wykończoną w klasie premium i kuchnią przygotowaną do indywidualnej aranżacji. Mieszkanie znajduje się na pierwszym piętrze niskiego, czteropiętrowego bloku na ulicy Szwajcarskiej na Czechowie. Jest to jedna z najbardziej pożądanych lokalizacji w Lublinie godzącej spokojne, ciche, zielone otocznie z bliskością najważniejszych miejsc i usług dla komfortu codziennego życia. Klatka schodowa zabezpieczona, otwierana domofonem, obecny monitoring. Rzeczą niezwykle ważną jest przeprowadzenie obszernego zakresu prac remontowych wykonanych na przestrzeni roku. Dzięki temu, w solidnym, zmodernizowanym, nowocześnie ocieplonym bloku z 1981 w wymarzonej lokalizacji i otoczeniu zyskujemy nowo wykończone mieszkanie o wysokim standardzie z zastosowaniem szeregu udogodnień i rozwiązań klasy premium. Prace remontowe obejmowały między innymi: - modernizację i dostosowanie instalacji hydraulicznej - modernizację i dostosowanie instalacji elektrycznej - modernizację i dostosowanie instalacji kanalizacyjnej - usuwanie parkietu i subitu w całym mieszkaniu - całkowite równanie podłoża - równanie ścian - położenie nowych tynków - położenie nowych gładzi na ścianach i sufitach w całym mieszkaniu - wykonanie nowej wylewki w całym mieszkaniu dającej jedną, równą płaszczyznę - modyfikacja i dostosowanie pomieszczeń dla uzyskania większej przestrzeni, komfortu i wygody - wykonanie zabudów rur grzewczych we wszystkich pomieszczeniach - zaprojektowanie i położenie nowej instalacji sieciowej obejmującej oddzielny punkt dostępu w każdym pokoju - wymianę drzwi wejściowych na nowe antywłamaniowe premium - całkowitą wymianę okien we wszystkich pomieszczeniach na nowe okna trzyszybowe premium - całkowitą wymianę drzwi we wszystkich pomieszczeniach na większe, nowe z zamkami o jakości premium - całkowitą wymianę wszystkich parapetów na nowe, kamienne - odnowienie balkonu - odnowienie grzejników - wykonanie malowania całego mieszkania - położenie paneli podłogowych klasy premium i listew - zaprojektowanie nowoczesnej łazienki i jej kompletne wykończenie Na szczególną uwagę zasługuje obecność takich rozwiązań i udogodnień jak: - nowe drzwi i okna premium - modernizacja przestrzeni mieszkalnej - duża, komfortowa strefa prysznicowa z odpływem liniowym i baterią termostatyczną - piękna, nowa łazienka wykończona w klasie premium z dużym lustrem i nowym wyposażeniem - lustro z funkcją Bluetooth i głośnikami - armatura Hansgrohe, Deante, TECE, nowa suszarka i pralka - dostęp do internetu światłowodowego (w pełni sprawdzony i aktywny na przesyle 1Gb/s) - nowa instalacja sieciowa dająca alternatywę do istniejącej sieci bezprzewodowej, która umożliwia podłączenie urządzeń w każdym pokoju (gniazda RJ45) do sieci LAN uzyskując niezawodne, stabilne, wolne od zakłóceń połączenie z internetem (okablowanie Lanberg kat.6a S/FTP) - wysoki komfort użytkowania przyszłej kuchni przez obecność zarówno instalacji gazowej jak i elektrycznej co daje nam przestrzeń do decyzji w aranżacji kuchni do swoich potrzeb i eliminuje uciążliwe ograniczenia spotykane w nowy budownictwie, jeśli ktoś preferuje gotowanie na gazie zamiast elektrycznego lub odwrotnie - wysoki poziom wykończeń pokoi i podłóg na co składa się m.in. prostowanie ścian i podłóg, wykonanie wylewki, położenie nowych tynków i gładzi, pomalowanie wszystkich ścian i sufitów oraz położenie solidnych paneli podłogowych 3D z V-fugą o grubości 10mm wraz z listwami VOX Espumo. W skład mieszkania o łącznej powierzchni 84.11 m2 wchodzą: - kuchnia przygotowana do indywidualnej aranżacji - nowa łazienka premium z odpływem liniowym - duży salon wraz z balkonem i widokiem na tereny zielone - 4 nowo wykończone pokoje (5 licząc z salonem) - szeroki przedpokój zapewniający komfortową przestrzeń Do mieszkania przynależą także dwie piwnice o łącznej powierzchni 5.9 m2. Dojazd do centrum autem 7 min. Wybrane punkty w bliskiej odległości: - paczkomaty - przystanek autobusowy : linie 17; 23; 26; 29; 42; 44; 156; 160 - tereny zielone - sklepy (Biedronka, Stokrotka, Auchan, Żabka) - lokale gastronomiczne - parking strzeżony - Szkoła Podstawowa - Akademia im. Wincentego Pola - salon fryzjerski - poczta - apteka - siłownia - przychodnie - place zabaw - przedszkola - biblioteka - Szpital Kliniczny nr 4 - Uniwersytet Medyczny - korty tenisowe - boiska Wyjątkowość tego nowocześnie wykończonego mieszkania tkwi nie tylko w dużym komforcie jaki oferuje przez swą przestrzeń, dokonane obszerne prace remontowe czy piękną, w pełni wyposażoną, nową łazienkę. Istotna jest przy tym również ogromna wygoda jaką daje jego umiejscowienie - pierwsze piętro niskiego bloku. A także fenomenalne otoczenie, lokalizacja. Cicha, spokojna, wypełniona zielenią okolica. Jednocześnie mamy bardzo bliski dostęp do wielu punktów usługowych. Jest i również znajdujący się w pobliżu przystanek autobusowy jak i szybki dojazd do centrum Lublina. Mieszkanie to jest idealnym miejscem dla dużej rodziny, która ceni sobie przestrzeń spokój, zielone okolice i jednocześnie dogodną lokalizację w mieście. Mieszkanie zgodnie z przepisami posiada świeżo wyrobiony certyfikat energetyczny. Zapraszam do kontaktu i obejrzenia na żywo. Ogłoszenie nie stanowi oferty w rozumieniu art. 71 Kodeksu cywilnego.",tak,,osobna,plastikowe,własność,"Wyposażenie: internet, pralka, suszarka",51.270826,22.555716
Lublin Czuby,ul. Władysława Orkana,2,52,530000,10192.0,bez pośredników,,8,https://adresowo.pl/o/mieszkanie-lublin-czuby-ul-wladyslawa-orkana-2-pokojowe-x9l1c8,https://s2.adresowa.pl/oi/78/74/395616_9f49_cover@2x-2-pokojowe-mieszkanie-lublin-czuby-ul-wladyslawa-orkana.webp,Lublin Czuby,Władysława Orkana,3,2008.0,blok,,"Sprzedam bezpośrednio mieszkanie 2-pokojowe w bardzo dobrej lokalizacji, na osiedlu zamkniętym z boiskiem i placem zabaw. Mieszkanie o powierzchni 52,69 m² składa się z: - salonu (19,53 m²), - sypialni (12,92 m²), - łazienki (7,31 m²), - kuchni (7,17 m²), - przedpokoju (5,76 m²), - balkonu (ok. 8 m²). Do mieszkania przynależy piwnica (ok. 2 m²) - w cenie mieszkania. Istnieje możliwość zakupu garażu jednostanowiskowego (ok. 16 m²) - w cenie 100 000,00 zł. Mieszkanie znajduje się na 3. piętrze w bloku z 2008 roku. W budynku nie ma windy. Wystawa okien na wschód. Ogrzewanie oraz ciepła woda z pieca gazowego firmy Junkers. Czynsz przy dwóch osobach to około 400 zł miesięcznie. Zapraszam serdecznie do kontaktu oraz oglądania mieszkania.",tak,tak,,,,,51.233214,22.500804
Lublin Wrotków,ul. Ks. Wincentego Granata,2,35,640000,18286.0,bez pośredników,,21,https://adresowo.pl/o/mieszkanie-lublin-wrotkow-ul-ks-wincentego-granata-2-pokojowe-i1c9a6,https://s2.adresowa.pl/oi/79/52/394cb4_e7c1_cover@2x-2-pokojowe-mieszkanie-lublin-wrotkow-ul-ks-wincentego-granata.webp,Lublin Wrotków,Ks. Wincentego Granata,parter,2024.0,blok,,Mieszkanie w pełni umeblowane i wyposażone. Meble rzemieślnicze robione na zamówienie (nie IKEA :) Zdjęcia odzwierciedlają stan rzeczywisty. W cenie miejsce w garażu podziemnym.,,tak,aneks,plastikowe,własność,,51.199544,22.550438
Lublin Dziesiąta,ul. Wyścigowa,2,46,599000,13022.0,bez pośredników,,13,https://adresowo.pl/o/mieszkanie-lublin-dziesiata-ul-wyscigowa-2-pokojowe-k2b8l0,https://s2.adresowa.pl/oi/4b/6f/38ebd6_44ce_cover@2x-2-pokojowe-mieszkanie-lublin-dziesiata-ul-wyscigowa.webp,Lublin Dziesiąta,Wyścigowa,2,2024.0,blok,,"Szukasz komfortowego mieszkania? Oferuję nowoczesne mieszkanie z 2 pokojami (oddzielnymi) na 2. piętrze w budynku z 2024 roku. Mieszkanie ma powierzchnię 46,35 m² i jest gotowe do zamieszkania. Wnętrza wykończone są w wysokiej jakości, z jasnymi ścianami i drewnianymi podłogami. W skład nieruchomości wchodzi oddzielna kuchnia, łazienka z nowoczesnym wyposażeniem oraz balkon. Lokal jest wyposażony w urządzenia kuchenne: - lodówkę, - zmywarkę, - kuchenkę, - piekarnik. LOKALIZACJA: Osiedle Sokolniki to nowoczesne osiedle realizowane przez Mak Dom Deweloper Lublin, powstające w centralnej części Lublina. Dojazd do centrum w 10 minut. Przy ulicy znajdują się przystanki MPK (linia 6, 11, 151). Położenie nieruchomości zapewnia dostęp do wielu udogodnień: - dobre połączenia komunikacyjne z centrum miasta, - bliskość kawiarni, restauracji i sklepów, - bliskość parków i terenów zielonych, - apteka, poczta, bank, żłobki, przedszkola, szkoła, place zabaw, boiska, - Plac zabaw i miejsce relaksu dla mieszkańców. Istnieje możliwość dokupienia - przypisanego do mieszkania: - Podziemnego miejsca parkingowego 12,50 m² - w cenie 45 000 zł. - Schowka/miejsca na rowery 5,06 m² - w cenie 20 000 zł. Nie czekaj, umów się na prezentację i zobacz sam, jak komfortowo możesz mieszkać w tym miejscu.",,,osobna,,własność,"Wyposażenie: kuchenkę, lodówkę, piekarnik, zmywarkę",51.223266,22.56655
Lublin Wieniawa,ul. Puławska,3,56,520000,9286.0,bez pośredników,,9,https://adresowo.pl/o/mieszkanie-lublin-wieniawa-ul-pulawska-3-pokojowe-y0e0p6,https://s2.adresowa.pl/oi/65/6d/38db8e_5572_cover@2x-3-pokojowe-mieszkanie-lublin-wieniawa-ul-pulawska.webp,Lublin Wieniawa,Puławska,1,,blok,,"Oferuję na sprzedaż przestronne mieszkanie o powierzchni 56 m². Znajduje się na pierwszym piętrze czteropiętrowego bloku w centrum Lublina, 200 m od Al. Racławickich. Mieszkanie składa się z salonu, dwóch sypialni, kuchni, łazienki, WC i przedpokoju oraz przynależnej piwnicy. Mieszkanie po remoncie, z parkietem bukowym w pokojach i w przedpokoju. W mieszkaniu jest tylko jedna ściana nośna, co daje dużo możliwości adaptacji mieszkania na inwestycję lub własny użytek. Istnieje możliwość połączenia kuchni z salonem lub wydzielenia 4. pokoju. Mieszkanie idealne jako inwestycja na okres studiów albo jako nieruchomość inwestycyjna na wynajem. Ogrzewanie miejskie zapewnia komfort przez cały rok. Lokalizacja jest równie atrakcyjna. W pobliżu znajdziesz: - szkoły i uczelnie wyższe, w tym Uniwersytet Marii Curie-Skłodowskiej - parki, takie jak Park Górki Czechowskie - centra handlowe, w tym Lublin Plaza - przystanki komunikacji miejskiej, co ułatwia podróżowanie. Sprzedaż bezpośrednia. Biurom nieruchomości dziękuję.",tak,,osobna,,,,51.254733,22.531277
Lublin Dziesiąta,ul. Władysława Kunickiego,3,54,574000,10630.0,bez pośredników,,7,https://adresowo.pl/o/mieszkanie-lublin-dziesiata-ul-wladyslawa-kunickiego-3-pokojowe-d3e8z8,https://s2.adresowa.pl/oi/1a/25/38d2c2_795f_cover@2x-3-pokojowe-mieszkanie-lublin-dziesiata-ul-wladyslawa-kunickiego.webp,Lublin Dziesiąta,Władysława Kunickiego,1,2024.0,blok,,"Lublin, ul. Kunickiego. Mieszkanie świeżo po remoncie, umeblowane. Mieszkanie z klimatyzacją. Przystanek autobusowy przy klatce. Wolne od 1 września. Więcej informacji tylko telefonicznie.",,,,,,,51.22033,22.577725
Lublin,ul. Pielęgniarek,4,80,880000,11000.0,bez pośredników,,23,https://adresowo.pl/o/mieszkanie-lublin-ul-pielegniarek-4-pokojowe-y2n2d4,https://s2.adresowa.pl/oi/62/71/38bd5e_a8e9_cover@2x-4-pokojowe-mieszkanie-lublin-ul-pielegniarek.webp,Lublin ,Pielęgniarek,1,2000.0,kamienica,,"Przestronne mieszkanie z tarasem i garażem przy ul. Pielęgniarek w Lublinie Na sprzedaż oferowane jest komfortowe mieszkanie o powierzchni 80 m², położone na pierwszym piętrze w kameralnym, dwupiętrowym budynku w jednej z najbardziej cenionych lokalizacji Lublina. Na funkcjonalny układ mieszkania składają się: - trzy ustawne pokoje, - przestronny salon, - duża kuchnia, - łazienka, - oddzielna toaleta, - przedpokój. Dodatkowym atutem jest duży taras o powierzchni 17 m², idealny na poranną kawę lub odpoczynek po pracy. Do mieszkania przynależy również piwnica o powierzchni 10 m², co zapewnia wygodę przechowywania dodatkowych rzeczy. Kameralny charakter dwupiętrowego budynku zapewnia ciszę i prywatność, a jednocześnie wszystkie udogodnienia miejskiego życia znajdują się w bezpośrednim sąsiedztwie. Dobra komunikacja z centrum miasta oraz bliskość przystanków autobusowych ułatwia codzienne przemieszczanie się. To idealna propozycja dla osób poszukujących przestrzeni, wygody i świetnie skomunikowanego miejsca do życia. Oferta obejmuje także garaż podziemny o powierzchni ok. 14 m², jednak istnieje możliwość zakupu samego mieszkania bez garażu. Zapraszam do kontaktu i na prezentację - to mieszkanie warto zobaczyć na żywo!",tak,tak,osobna,,własność,,51.240353,22.504556
Lublin Felin,ul. Królowej Jadwigi,2,39,477000,12231.0,bez pośredników,,8,https://adresowo.pl/o/mieszkanie-lublin-felin-ul-krolowej-jadwigi-2-pokojowe-u9h3q6,https://s2.adresowa.pl/oi/70/78/389fc0_ceba_cover@2x-2-pokojowe-mieszkanie-lublin-felin-ul-krolowej-jadwigi.webp,Lublin Felin,Królowej Jadwigi,4,2024.0,blok,,"NA SPRZEDAŻ MIESZKANIE 2-POKOJOWE O POWIERZCHNI PRAWIE 40 m² Cena: 477 000 zł + 50 000 zł miejsce postojowe. Cena za m²: 11 951,89 zł. Oferta dotyczy sprzedaży przestronnego mieszkania, znajdującego się na 4. piętrze w 8-piętrowym budynku przy ulicy Królowej Jadwigi 16. Nieruchomość ma powierzchnię 39,91 m², w skład której wchodzą: - salon z aneksem kuchennym (18,53m²); - sypialnia (11,39m²); - łazienka z WC (4,65 m²); - przedpokój (5,34 m²); - duży balkon o pow. 14,79 m²; - miejsce parkingowe 12,5 m² w garażu podziemnym, dodatkowo płatne 50 tys. zł (zakup obligatoryjny). WAŻNE INFORMACJE: - ogrzewanie i woda z sieci miejskiej, - czynsz ok. 320 zł, - okna PCV, - ekspozycja na południowy zachód, - brak komórki lokatorskiej, - blok z 2024 r., - światłowód, - stan deweloperski, nowoczesne budownictwo - inwestycja świeżo oddana do użytku, - ważne świadectwo charakterystyki energetycznej części budynku. W POBLIŻU ZNAJDUJĄ SIĘ: - Biedronka, - Stokrotka, - paczkomat, - poczta, - restauracje, - szkoła podstawowa, - przedszkola, - place zabaw, - Żabka, - Groszek, - CH Felicity, - lotnisko, - wjazd na trasę S17. BARDZO DOBRZE ROZWINIĘTA KOMUNIKACJA MIEJSKA: Przystanek MPK w odległości 700 m od mieszkania z liniami nr [numer], 47, 70, 73*********** 158, 161, N2. Zapraszamy do kontaktu w celu uzyskania szczegółowych informacji.",,tak,aneks,plastikowe,własność,,51.221792,22.634738
Lublin,Czuby,3,86,688000,8000.0,bez pośredników,,9,https://adresowo.pl/o/mieszkanie-lublin-czuby-3-pokojowe-86-m2-s3n1u6,https://s2.adresowa.pl/oi/67/66/387cf6_bf64_cover@2x-3-pokojowe-mieszkanie-lublin-czuby.webp,Lublin Czuby,,4,,blok,,"Idealna lokalizacja dla każdego! Spokojna, zielona okolica z rozwiniętą infrastrukturą. To przytulne i przestronne mieszkanie o powierzchni 86 m² znajduje się na 4. piętrze budynku w budynku bez windy. Jednak brak ten rekompensuje cisza i spokój oraz przestrzeń za oknami. Nikt nie zagląda w okna. Mieszkanie jest jasne, dwustronne na wschód i zachód. W skład lokalu wchodzą 2 duże pokoje oraz salon z aneksem (z możliwością rozdzielenia na 3 pokoje oraz oddzielną kuchnię) oraz oddzielna łazienka i WC. Mieszkanie jest gotowe do zamieszkania i wyposażone w niezbędne sprzęty: zmywarkę, lodówkę i piekarnik. Dodatkowo, do mieszkania przynależy balkon oraz duża piwnica o pow. 11,59 m². Lokalizacja jest idealna. W bliskiej odległości znajdziesz: - przystanki autobusowe - świetny dojazd do centrum miasta i na wszystkie uczelnie - sklepy, szkoły i przedszkola - wąwóz oraz las - trasy rowerowe - apteki i przychodnie zdrowia - Kościół - duża piwnica 11,52 m² - duży balkon z widokiem na zieleń Bez pośredników. Zapraszam!",tak,,,,,"Wyposażenie: lodówkę, piekarnik, zmywarkę",51.228001,22.514
Lublin LSM,ul. Konrada Wallenroda,2,58,569000,9810.0,bez pośredników,,16,https://adresowo.pl/o/mieszkanie-lublin-lsm-ul-konrada-wallenroda-2-pokojowe-d6c1g0,https://s2.adresowa.pl/oi/2d/64/385c28_4f0a_cover@2x-2-pokojowe-mieszkanie-lublin-lsm-ul-konrada-wallenroda.webp,Lublin LSM,Konrada Wallenroda,parter,1956.0,blok,,"Oferujemy na sprzedaż przestronne, jasne mieszkanie idealne dla singla, pary lub małej rodziny. W pobliżu ZUS, sąd rejonowy, galerie handlowe, szkoły, przedszkola. Bardzo dobre na inwestycję/wynajem. Mieszkanie przeszło gruntowny remont, w którym zadbano o każdy detal. Nowoczesne materiały wykończeniowe oraz funkcjonalny rozkład pomieszczeń gwarantują komfort i wygodę na co dzień. Remont obejmował m.in. nowy rozkład, nową kuchnię z wyposażeniem AGD (płyta indukcyjna, okap, lodówka w zabudowie) oraz nową, powiększoną łazienkę. W pokojach nowe podłogi, w korytarzu duże lustro na całej ścianie oraz garderoba. Bardzo duże, ustawne pokoje: 16 i 24 m2. W całym mieszkaniu nowa instalacja wodna, kanalizacyjna oraz elektryczna, z nową rozdzielnią i nową WLZ (przygotowaną pod licznik trójfazowy). Brak piecyka gazowego, ogrzewanie z sieci miejskiej. Lodówka widoczna na zdjęciach jest tymczasowa, docelowa jest lodówka w zabudowie. Mieszkanie gotowe do zamieszkania, nie wymaga wkładu. Na osiedlu sporo darmowych miejsc do parkowania. Rozważę zamianę na dom/siedlisko z ewentualną dopłatą w obie strony, w zależności od wartości drugiej nieruchomości. Zapraszamy do kontaktu! Pośrednikom dziękujemy, kontakt akceptowalny, jeśli jest już konkretny nabywca.",tak,,osobna,plastikowe,spółdzielcze własnościowe,Wyposażenie: lodówka,51.241853,22.526886
Lublin Dziesiąta,ul. Kwiatowa,3,45,380000,8444.0,bez pośredników,,14,https://adresowo.pl/o/mieszkanie-lublin-dziesiata-ul-kwiatowa-3-pokojowe-z5c6m8,https://s2.adresowa.pl/oi/49/12/386aa8_69db_cover@2x-3-pokojowe-mieszkanie-lublin-dziesiata-ul-kwiatowa.webp,Lublin Dziesiąta,Kwiatowa,4,1972.0,blok,,"Sprzedam mieszkanie przy ul. Kwiatowej o powierzchni 44, 67, wkład którego wchodzą 3 pokojowe. Mieszkanie usytuowane jest na 4 piętrze w czteropiętrowym bloku , punktowcu ( 1 klatka schodowa). Lokal posiada piwnicę i balkon. W przedpokoju szafa Komandor w zabudowie. W pokojach na podłodze znajduje się parkiet ( do odświeżenia). W łazience wymieniona hydraulika ( rury miedziane). Instalacja elektryczna na pewno do wymiany. Stan prawny: spółdzielczo - własnościowe. Mieszkanie sytuowane jest w takim punkcie Lublina, z którego jest wszędzie blisko. W pobliżu znajduje się przystanek autobusowy, z którego można dojechać w każde miejsce, do centrum dojeżdża się w 10 minut. Miejsce przyjazne dla rodzin z dziećmi. Po wyjściu z klatki bloku znajduje się plac zabaw, kilka metrów dalej żłobek i przedszkole, sklep spożywczy Stokrotka. Mieszkańcy bloku posiadają swój parking, który jest zabezpieczony szlabanem i kamerami, które znajdują się wokół bloku. Około 4 lata temu modernizowany był dach budynku ( izolacja).",tak,tak,osobna,drewniane,spółdzielcze własnościowe,,51.224998,22.572001
Lublin Śródmieście,ul. Lipowa,3,59,490000,8305.0,bez pośredników,,19,https://adresowo.pl/o/mieszkanie-lublin-srodmiescie-ul-lipowa-3-pokojowe-s7f2x2,https://s2.adresowa.pl/oi/20/45/386508_b08b_cover@2x-3-pokojowe-mieszkanie-lublin-srodmiescie-ul-lipowa.webp,Lublin Śródmieście,Lipowa,4,1958.0,blok,,"Do sprzedania 3-pokojowe mieszkanie o powierzchni 59,3 m2 w ścisłym centrum Lublina- ulica Lipowa. Mieszkanie znajduje się na 4. piętrze w budynku bez windy. Na ostatniej kondygnacji zlokalizowany jest strych do użytku mieszkańców. Do lokalu przynależy również piwnica. Mieszkanie jest jasne, dwustronne: od wschodu usytuowana jest kuchnia i jeden pokój, od zachodu dwa pokoje. Do każdego pomieszczenia prowadzi oddzielne wejście z przedpokoju; żaden pokój nie jest przechodni. Łazienka (WC jest oddzielnie) świeżo po remoncie: zainstalowany nowy bojler elektryczny, kabina prysznicowa. Na podłogach drewniany parkiet, okna plastikowe. Ogrzewanie z ciepłowni miejskiej. Mieszkanie posiada odrębną księgę wieczystą. W bezpośrednim sąsiedztwie centrum handlowe Plaza, przystanki komunikacji miejskiej, przedszkole publiczne, blisko szkoły i uczelnie wyższe, parki miejskie.",tak,,osobna,plastikowe,własność,,51.243999,22.552999
Lublin Sławin,ul. Willowa,4,82,998800,12180.0,bez pośredników,,4,https://adresowo.pl/o/mieszkanie-lublin-slawin-ul-willowa-4-pokojowe-x2n7y1,https://s2.adresowa.pl/oi/65/6b/384e66_4561_cover@2x-4-pokojowe-mieszkanie-lublin-slawin-ul-willowa.webp,Lublin Sławin,Willowa,1,2008.0,blok,,"Sprzedam bezpośrednio mieszkanie w bardzo dobrej lokalizacji osiedla Botanik, dzielnica Sławin. Na powierzchnię 89,30m2 składają się: Salon z wyjściem na duży balkon, Kuchnia z oknem, z agd, otwarta, Duża sypialnia z wyjściem na drugi balkon typu loggia, Dwie sypialnie, mniejsze, bez balkonu, Dwie Łazienki, możesz dowolnie wybierać pomiędzy wanną a prysznicem, Przedpokoj zapewniający dużo miejsca do przechowywania, Piwnica o powierzchni 6,9m2. Na zewnętrznym ogrodzonym parkingu są miejsca postojowe. Lokalizacja: - Bardzo dobrze skomunikowane z centrum miasta jak i wyjazd na obwodnicę, - pelna infrastruktura na wyciągnięcie ręki, szkoły, przedszkola, - tereny rekreacyjne Park Górki Czechowskie, Ogród Botaniczny, - mieszkanie rozkładowe, jasne, słoneczne, Zapraszam po więcej informacji i obejrzenia.",tak,tak,osobna,plastikowe,własność,,51.264999,22.52
Lublin Śródmieście,ul. Krakowskie Przedmieście,3,74,790000,10676.0,bez pośredników,,7,https://adresowo.pl/o/mieszkanie-lublin-srodmiescie-ul-krakowskie-przedmiescie-3-pokojowe-u3p7d7,https://s2.adresowa.pl/oi/76/5e/383c0e_40be_cover@2x-3-pokojowe-mieszkanie-lublin-srodmiescie-ul-krakowskie-przedmiescie.webp,Lublin Śródmieście,Krakowskie Przedmieście,1,,kamienica,,"Mieszkanie 2-pokojowe, ścisłe Centrum. Po kapitalnym remoncie. Klimatyzowane. Przepiękne, położone z wyjściem na Plac Litewski.",,,,,,,51.248001098633,22.558000564575
Lublin Śródmieście,ul. Gabriela Narutowicza,2,54,465000,8611.0,bez pośredników,,8,https://adresowo.pl/o/mieszkanie-lublin-srodmiescie-ul-gabriela-narutowicza-2-pokojowe-r5l3d7,https://s2.adresowa.pl/oi/77/58/383398_c206_cover@2x-2-pokojowe-mieszkanie-lublin-srodmiescie-ul-gabriela-narutowicza.webp,Lublin Śródmieście,Gabriela Narutowicza,3,1950.0,kamienica,,"Sprzedam mieszkanie w Centrum: - ul. Narutowicza - 54 m2 - 2 pokoje, kuchnia, łazienka, przedpokój oraz piwnica. Budynek w stanie bardzo dobrym: - ocieplony i odnowiony, - zamykana brama na pilota i możliwości parkowania na terenie zamkniętym. Doskonała lokalizacja.",tak,,osobna,plastikowe,własność,,51.242001,22.556
Lublin Ponikwoda,ul. Ignacego Czumy,3,97,1160000,11959.0,bez pośredników,,17,https://adresowo.pl/o/mieszkanie-lublin-ponikwoda-ul-ignacego-czumy-3-pokojowe-b5u2t7,https://s2.adresowa.pl/oi/23/7b/3826c2_cbbc_cover@2x-3-pokojowe-mieszkanie-lublin-ponikwoda-ul-ignacego-czumy.webp,Lublin Ponikwoda,Ignacego Czumy,1,2013.0,,,"Do sprzedania komfortowy, 3-pokojowy, dwupoziomowy apartament o powierzchni 97 m². Apartament znajduje się w szeregowcu. Wejście usytuowane jest na parterze, gdzie mamy 9,5-metrowy przedpokój z szafami na ubrania. Na pierwszym piętrze jest przestronny salon z zabudowanym balkonem, z którego widzimy centrum miasta, zamknięta, w pełni wyposażona kuchnia oraz łazienka z kabiną prysznicową. Na drugie piętro, gdzie znajdują się dwie sypialnie oraz łazienka, dostaniemy się drewnianymi schodami przez komunikację, gdzie również znajduje się szafa. Do mieszkania przynależy GARAŻ (18,3 m²) otwierany na pilota z pomieszczeniem gospodarczym (4 m²) oraz dodatkowe miejsce parkingowe przed garażem. Jest też niewielki, ładnie zagospodarowany ogródek. Niewątpliwym atutem jest lokalizacja w pobliżu centrum miasta, do którego samochodem dojedziemy w mniej niż 10 minut. Jednocześnie mamy tu ciszę i spokój. Do domu prowadzi wewnętrzna, ślepa uliczka. Blisko domu znajduje się: - przystanek autobusowy, - sklepy, - szkoła, - kościół, - Galeria Olimp, - IKEA, - Uniwersytet Medyczny. Garaż i pomieszczenie gospodarcze oraz ogródek w cenie. Ogłoszenie nie stanowi oferty w rozumieniu art. 66 par. 1 KC. Sprzedaż prywatna - pośrednikom dziękuję. Zapraszam do kontaktu.",,,osobna,,własność,,51.272999,22.579
Lublin Bronowice,ul. Kościelna,2,51,450000,8824.0,bez pośredników,,13,https://adresowo.pl/o/mieszkanie-lublin-bronowice-ul-koscielna-2-pokojowe-c1m1i0,https://s2.adresowa.pl/oi/65/4e/3815fe_4170_cover@2x-2-pokojowe-mieszkanie-lublin-bronowice-ul-koscielna.webp,Lublin Bronowice,Kościelna,4,1994.0,blok,,"Mieszkanie jednopoziomowe, w bloku z cegły i pustaka, dwustronne, widne,po remoncie w 2020roku.Do ewentualnego odświeżenia. Mieszkanie składa się z dwóch pokoi 18 i10,5m .Osobna kuchnia 8m.Łazienka 5mi osobneWC1m.Dobra lokalizacja na osiedlu Klin.Blok usytuowany nad rzeką. Blisko przystanki MPK. BLISKO centrum miasta. Ok 15 minut stare miasto.Czynsz 800zł",tak,,osobna,plastikowe,spółdzielcze własnościowe,,51.236999511719,22.572999954224
Lublin Węglinek,ul. Kryształowa,4,82,820000,10000.0,bez pośredników,,10,https://adresowo.pl/o/mieszkanie-lublin-weglinek-ul-krysztalowa-4-pokojowe-q6k3g9,https://s2.adresowa.pl/oi/7e/71/378d98_62d5_cover@2x-4-pokojowe-mieszkanie-lublin-weglinek-ul-krysztalowa.webp,Lublin Węglinek,Kryształowa,parter,2013.0,blok,,"Mieszkanie 82 m. kw., ul. Kryształowa, Lublin, rozkładowe, zaciszne, jeden poziom. Rok budowy budynku - 2013, wykańczane w 2015 roku wysokiej jakości materiałami, dodatkowo zabudowa kuchenna z wyposażeniem w cenie. Parter/1 piętro, 2 balkony, 4 pokoje,+aneks kuchenny, duży przedpokój, osobno łazienka z ubikacją i wc. Mieszkanie 3-stronne (wschód, północ, południe), słoneczne. Piwnica 5 m.kw. w cenie mieszkania. W razie zainteresowania ofertą, proszę o SMS- oddzwonię. Biurom nieruchomości serdecznie podziękuję. Lokalizacja jest idealne dla rodziny z dziećmi lub ludzi ceniących sobie przestrzeń!!! Dla osób mających dzieci : - blisko szkoła podstawowa - 5 przedszkoli, w tym dwujęzyczne - 3 żłobki - liczne place zabaw Dla osób lubiących aktywnie spędzać czas: - ścieżki rowerowe, prowadzące nad Zalew lub np. do Rezerwatu Stary Las - Miejska stacja do wypożyczania rowerów - najbliższa siłownia - ok. 1 km Dodatkowo bardzo dobrze rozwinięta infrastruktura: - liczne sklepy w odległości od 100 m (Piekarnia, Stokrotka, Żabka, Biedronka, Aldi, Agata meble, Decathlon, Selgros itd ) - apteka - fryzjer, stomatolog - Spa Orkana - ok 1,5 km - kościół - 2 przychodnie zdrowia na osiedlu - restauracje, pizzernie i punkty usługowe - bardzo dobre połączenie Komunikacją Miejską - szybki dojazd do obwodnicy miasta - duża ilość terenów zielonych (Rezerwat Stary Las) po sąsiedzku. Miesięczny czynsz - ok. 900 zł.",tak,,aneks,plastikowe,własność,,51.223999,22.493999
Lublin Czechów,ul. Koncertowa,3,71,830000,11690.0,bez pośredników,,5,https://adresowo.pl/o/mieszkanie-lublin-czechow-ul-koncertowa-3-pokojowe-y4t4w4,https://s2.adresowa.pl/oi/7c/49/3738ae_541a_cover@2x-3-pokojowe-mieszkanie-lublin-czechow-ul-koncertowa.webp,Lublin Czechów,Koncertowa,parter,1997.0,blok,,"Sprzedam mieszkanie 3 - pokojowe, kuchnia, łazienka, wc (oddzielne), dwa balkony, wysoki parter. Do mieszkania przypisana ok. 9 m2 piwnica. Założona księga wieczysta, certyfikat energetyczny ważny 2034 r. Mieszkanie zlokalizowane w zielonej dzielnicy. W sąsiedztwie: szkoła podstawowa, przedszkole, przystanek autobusowy, apteka, przychodnia, kościół, Policja, sklepy. Dobrze skomunikowane z centrum miasta. Przy bloku parking samochodowy. Kontakt telefoniczny, jeżeli nie odbieram, proszę zostawić sms. Nie interesuje mnie kontakt z pośrednikami, z góry zatem dziękuję za ewentualne telefony od Agentów Nieruchomości.",tak,,osobna,plastikowe,spółdzielcze własnościowe,,51.271,22.544001
Lublin Rury,ul. Nadbystrzycka,3,62,629000,10145.0,bez pośredników,,4,https://adresowo.pl/o/mieszkanie-lublin-rury-ul-nadbystrzycka-3-pokojowe-q2w0o0,https://s2.adresowa.pl/oi/47/24/371614_fa3b_cover@2x-3-pokojowe-mieszkanie-lublin-rury-ul-nadbystrzycka.webp,Lublin Rury,Nadbystrzycka,3,1992.0,blok,,"Na sprzedaż piękne i bardzo ustawne, 3-pokojowe mieszkanie w rewelacyjnej lokalizacji na ulicy Nadbystrzyckiej, z możliwością bezproblemowego wydzielenia 4. pokoju. Wysoki standard. Zarówno meble kuchenne, jak i szafy wykonane w wysokiej jakości pod wymiar. Idealne zarówno dla rodziny, jak i pod inwestycje. Układ mieszkania południowo-północny, bardzo widne. Większość wyposażenia w cenie. W bezpośrednim sąsiedztwie szkoła, przedszkole, uczelnia i sklepy. Na metrażu 62,2 m znajdziemy: - duży salon, - 2 sypialnie, - oddzielną kuchnię, - łazienkę z wanną, - ubikację, - przedpokój, - duży balkon. Szafy i kuchnia w zabudowie na wymiar. Do mieszkania przynależy też duża piwnica, wliczona w cenę. Pod blokiem dużo ogólnodostępnych miejsc parkingowych.",tak,,osobna,,spółdzielcze własnościowe,,51.233002,22.538
Lublin,ul. Mełgiewska,2,38,400000,10526.0,bez pośredników,,7,https://adresowo.pl/o/mieszkanie-lublin-ul-melgiewska-2-pokojowe-o2k8n6,https://s2.adresowa.pl/oi/76/34/36aa7a_4726_cover@2x-2-pokojowe-mieszkanie-lublin-ul-melgiewska.webp,Lublin ,Mełgiewska,4,1970.0,blok,,"Powierzchnia: 38,52 m² Powierzchnia użytkowa: 38,52 m² Liczba pokoi: 2 Rodzaj budynku: blok Garaż: garaż blaszak Stan lokalu: do wprowadzenia Okna: PCV Balkon: jest Rok budowy: 1970 Gaz: jest Woda: ciepła - piecyk Ogrzewanie: C.O. GAZOWE Okazja! Atrakcyjne mieszkanie gotowe do wejścia! W cenie garaż z miejscem warsztatowym oraz piwnica. Ogrodzony, 20-rodzinny blok z początku lat 70., po modernizacji, zlokalizowany przy ul. Mełgiewskiej, okolice Zadębia. Niski czynsz. Przestronna klatka schodowa w całości odświeżona rok temu. Mieszkanie 38-metrowe, znajdujące się na czwartym piętrze, składa się z dwóch pokoi, kuchni, łazienki, przedpokoju. W ciągu trzech ostatnich lat została wykonana nowa instalacja elektryczna, gładzie, panele, glazura i terakota. Okna plastikowe, nowoczesne moskitiery, antywłamaniowe drzwi. W cenie czynszu (550 zł) ogrzewanie gazowe z własnego pieca gazowego, którym zarządza wspólnota, wywóz śmieci, woda. Spokojna i cicha okolica, piękny widok z balkonu. Bezpieczeństwo mieszkańcom zapewnia ogrodzenie z furtką na kod i bramą na pilota. Wokół bloku ogród, miejsce na relaks, garaże i miejsca parkingowe. Dodatkowo jest fotowoltaika. W bardzo bliskiej odległości przystanek MPK.",tak,tak,,,,,51.245998,22.642
Lublin Śródmieście,ul. Środkowa,3,50,589900,11798.0,bez pośredników,,17,https://adresowo.pl/o/mieszkanie-lublin-srodmiescie-ul-srodkowa-3-pokojowe-r2j5y5,https://s2.adresowa.pl/oi/6a/3e/3593f0_2dbb_cover@2x-3-pokojowe-mieszkanie-lublin-srodmiescie-ul-srodkowa.webp,Lublin Śródmieście,Środkowa,2,1960.0,kamienica,,"Piękne mieszkanie w Centrum Lublina, Środkowa 4/3, blisko Rynku Starego Miasta. Po generalnym remoncie, wykończone pod klucz, do zamieszkania. W pobliżu: Centrum Handlowe Plaza, Park Saski, Aqua Lublin, blisko ścieżki rowerowe, Park Ludowy i wiele innych atrakcji. Zapraszam do odwiedzenia nas i obejrzenia mieszkania.",tak,,,plastikowe,własność,,51.242854,22.556931
Lublin Czuby,ul. Przedwiośnie,4,49,533000,10878.0,bez pośredników,,14,https://adresowo.pl/o/mieszkanie-lublin-czuby-ul-przedwiosnie-4-pokojowe-r5b5a3,https://s2.adresowa.pl/oi/29/6b/3587c6_d880_cover@2x-4-pokojowe-mieszkanie-lublin-czuby-ul-przedwiosnie.webp,Lublin Czuby,Przedwiośnie,2,1980.0,blok,,"Na sprzedaż 4-pokojowe mieszkanie o powierzchni 49,10, inwestycyjne, w pobliżu Politechniki Lubelskiej. Mieszkanie składa się z 4 pokoi, przedpokoju, wspólnej kuchni, łazienki z kabiną natryskową i pralką, oddzielnego WC oraz balkonu. Nieruchomość nie wymaga żadnych nakładów finansowych. Mieszkanie idealne pod inwestycje dla studentów lub osób pracujących. Dobra komunikacja miejska, która umożliwia w przeciągu kilku minut szybki dojazd na Politechnikę, UP, KUL oraz UMCS. W pobliżu m.in. niewielki park, sklepy oraz supermarket Lidl za oknem. Przed blokiem parking z wieloma miejscami parkingowymi. Całe mieszkanie w 2021 przeszło generalny remont i wszystko, co jest widoczne na zdjęciach, jest w dobrym stanie i w pełni sprawne. Mieszkanie znajduje się na 2. piętrze. Blok widoczny na zdjęciu jest wyposażony w dwie windy. Obecnie mieszkanie jest zamieszkiwane przez trzech studentów. WYPOSAŻENIE Wszystkie pokoje są wyposażone w: - wygodne łóżko z miejscem na pościel, - biurko z krzesłem i lampką, - szafę na ubrania, - komodę, - kosz na śmieci, - suszarkę na ubrania. Kuchnia jest wyposażona w: - kuchenkę indukcyjną, - lodówkę z zamrażarką, - kuchenkę mikrofalową, - czajnik elektryczny, - naczynia, sztućce, patelnie, garnki itd. Zapraszam do kontaktu i obejrzenia nieruchomości. BEZ POŚREDNIKÓW",tak,,osobna,,własność,"Wyposażenie: kuchenkę, lodówkę, suszarkę",51.229,22.537001
Lublin Wola Sławińska,ul. Zbożowa,3,60,450000,7500.0,bez pośredników,,9,https://adresowo.pl/o/mieszkanie-lublin-wola-slawinska-ul-zbozowa-3-pokojowe-p0i6m5,https://s2.adresowa.pl/oi/4a/28/34e05c_7b29_cover@2x-3-pokojowe-mieszkanie-lublin-wola-slawinska-ul-zbozowa.webp,Lublin Wola Sławińska,Zbożowa,1,1980.0,blok,,"Mam do sprzedania mieszkanie 60m2 w Lublinie na ulicy zbożowej . Mieszkanie znajduje się na pierwszym piętrze. Mieszkanie składa się z : kuchni, przedpokoju, małego pokoju, dużego pokoju oraz łazienki i osobnego WC. Ciepła woda z piecyka gazowego , ogrzewanie elektryczne. Do mieszkania przynależy piwnica.",tak,,osobna,plastikowe,własność,,51.27,22.504999
Lublin Sławinek,ul. Baśniowa,3,58,690000,11897.0,bez pośredników,,8,https://adresowo.pl/o/mieszkanie-lublin-slawinek-ul-basniowa-3-pokojowe-z9v9i3,https://s2.adresowa.pl/oi/22/3c/344aa2_a725_cover@2x-3-pokojowe-mieszkanie-lublin-slawinek-ul-basniowa.webp,Lublin Sławinek,Baśniowa,3,1998.0,blok,,"Sprzedam mieszkanie 3 pokojowe, 58 m, na Sławinku, ul. Baśniowa. * Mieszkanie znajduje się na 3 piętrze w czteropiętrowym bloku. * Składa się z salonu z wyjściem na duży balkon (12 m), 2 sypialni, oddzielnej kuchni i łazienki. * Do mieszkania przynależy piwnica. * Mieszkanie środkowe, ciepłe. * Blok z końca 1998 roku. * Blok budowany metodą tradycyjną, bardzo dobrze ocieplony. * Ogrzewanie gazowe (indywidualny piec dwufunkcyjny). * Czynsz 450 zł przy 2 osobach. * Możliwość zakupu garażu w bryle budynku za automatyczną bramą. * Mieszkanie i garaż mają oddzielne księgi wieczyste.",tak,tak,osobna,,,,51.250999450684,22.518999099731
Lublin,Śródmieście,3,88,798000,9068.0,bez pośredników,,12,https://adresowo.pl/o/mieszkanie-lublin-srodmiescie-3-pokojowe-88-m2-s0s8v0,https://s2.adresowa.pl/oi/73/46/33f1ac_6ca3_cover@2x-3-pokojowe-mieszkanie-lublin-srodmiescie.webp,Lublin Śródmieście,,3,1965.0,kamienica,,"Lublin, Centrum - Słoneczne mieszkanie 88,70 m2. - 3. piętro w budynku wielorodzinnym w centrum Lublina. - 3 pokoje, oddzielna widna kuchnia, łazienka z oknem, oddzielnie toaleta, przedpokój. - 1. pokój, 19,76 m2 - okna na południowy zachód. - 2. pokój, 23,14 m2 - okno na południowy zachód i okno z balkonem (balkon 3,79 m2, widok na zachód, markiza na balkonie, lastryko). - 3. pokój, 20,46 m2 - okno na zachód. - Kuchnia, 9,75 m2 i łazienka, 4,10 m2 - okna na północny wschód (w łazience znajduje się piec CO oraz jest miejsce na pralkę i suszarkę). - Toaleta, 1,35 m2. - Mieszkanie po generalnym remoncie, z wymianą instalacji elektrycznej, CO, hydraulicznej oraz drzwi wejściowych i wewnętrznych, w kuchni nowa zabudowa, w pokojach na podłodze parkiet, a płytki w łazienkach, kuchni i przedpokoju. - W łazience i toalecie ogrzewanie podłogowe. - Filtr do wody na całą instalację, z funkcją zmiękczania i odżelaziania wody. - Centralne ogrzewanie z nowego pieca dwufunkcyjnego z zasobnikiem na ciepłą wodę, niezależne, tylko na to mieszkanie, zasilane gazem z sieci miejskiej, nowe kaloryfery. - Do mieszkania przynależy wykończona piwnica 18,13 m2, z drzwiami antywłamaniowymi. - Budynek z 1965 r., czterokondygnacyjny, podpiwniczony, z poddaszem użytkowym (strychem do wspólnego użytkowania), po termoizolacji, po dwa mieszkania na kondygnacji. - Czynsz na 2 osoby - ok. 350 zł (w tym fundusz remontowy), woda, gaz i prąd wg liczników. - Internet z telewizji kablowej. - W całym mieszkaniu czujniki czadu. - Umeblowanie do uzgodnienia. - Okna nowe, plastikowe. - W parterowym budynku na posesji znajdują się 2 garaże, po 13,79 m2 każdy, które można dodatkowo kupić. Budynek położony w drugiej linii zabudowy od ulicy, co sprawia, że jest bardzo cicho i spokojnie. Blisko szkoły i przedszkola, sklepy, Plaza Lublin, centrum medyczne, a także 3 uniwersytety i politechnika. Do ścisłego centrum Lublina bezpośredni dojazd komunikacją miejską lub przejście krótkim spacerem. Zapraszamy na prezentację.",tak,,osobna,,własność,"Wyposażenie: internet, pralkę, suszarkę",51.247002,22.556
Lublin Bronowice,ul. Droga Męczenników Majdanka,2,52,499000,9596.0,bez pośredników,,5,https://adresowo.pl/o/mieszkanie-lublin-bronowice-ul-droga-meczennikow-majdanka-2-pokojowe-x4o1d1,https://s2.adresowa.pl/oi/53/4f/339ab8_684d_cover@2x-2-pokojowe-mieszkanie-lublin-bronowice-ul-droga-meczennikow-majdanka.webp,Lublin Bronowice,Droga Męczenników Majdanka,1,1960.0,blok,,Sprzedam lub wynajmę za 2500 zł/,tak,,osobna,plastikowe,własność,,51.231998443604,22.590000152588
Lublin Sławinek,ul. Bajkowa,2,46,520000,11304.0,bez pośredników,,4,https://adresowo.pl/o/mieszkanie-lublin-slawinek-ul-bajkowa-2-pokojowe-b0t9p6,https://s2.adresowa.pl/oi/27/60/32adfa_b4a0_cover@2x-2-pokojowe-mieszkanie-lublin-slawinek-ul-bajkowa.webp,Lublin Sławinek,Bajkowa,1,2000.0,blok,,Sprzedam mieszkanie 2-pokojowe 46.20m2 na Sławinku. Mieszkanie w bloku z 2000r na pierwszym piętrze. Osiedle bardzo ładne w pobliżu sklepy i usługi. Blisko miasteczko akademickie i wszelkie uczelnie. Bardzo dobrze skomunikowane miejsce. Duży balkon typu loggia. Do mieszkania przynależy piwnica 5m2. Gotowe do zamieszkania lub delikatnego odświeżenia. Czynsz wynosi 540 zł. Więcej informacji udzielę telefonicznie Zapraszam,tak,,osobna,,spółdzielcze własnościowe,,51.251999,22.521999
Lublin Śródmieście,ul. Chmielna,2,52,520000,10000.0,bez pośredników,,8,https://adresowo.pl/o/mieszkanie-lublin-srodmiescie-ul-chmielna-2-pokojowe-n7v2z8,https://s2.adresowa.pl/oi/39/1e/335a40_a476_cover@2x-2-pokojowe-mieszkanie-lublin-srodmiescie-ul-chmielna.webp,Lublin Śródmieście,Chmielna,parter,,blok,,"Sprzedam mieszkanie w bloku na wysokim parterze, położone w centrum Lublina przy ulicy Chmielnej. Do remontu. Pełna własność mieszkania oraz udział w gruncie. Lokal nadaje się na kancelarię prawną, biuro notarialne lub inną działalność. W pobliżu mieszkania znajduje się Prokuratura, Urząd Marszałkowski oraz Wojewódzki, kilka oddziałów sądów, przedszkole, klinika okulistyczna, przychodnia oraz apteki i sklepy spożywcze. Do mieszkania przypisana jest piwnica, która nie wchodzi w metraż mieszkania. Ogrzewanie centralne miejskie, woda ciepła podgrzewana piecykiem gazowym. Czynsz miesięczny około 600 zł, łącznie z wywozem śmieci oraz sprzątaniem klatki schodowej. Po więcej informacji proszę o telefon.",tak,,,,własność,,51.191002,22.667
Lublin,Kośminek,1,23,140000,6087.0,bez pośredników,,3,https://adresowo.pl/o/mieszkanie-lublin-kosminek-1-pokoj-23-m2-v4x2j6,https://s2.adresowa.pl/oi/17/5f/332794_c28b_cover@2x-1-pokojowe-mieszkanie-lublin-kosminek.webp,Lublin Kośminek,,parter,,kamienica,,"Sprzedam mieszkanie o wielkości 23 m² w dzielnicy Kośminek w Lublinie. • Mieszkanie znajduje się na parterze. • Ogrzewanie elektryczne. • Lokal jest do remontu. Zdjęcia w ofercie są poglądowe, jak można urządzić lokal.",,,,,,,51.23,22.583141
Lublin,Kośminek,1,28,150000,5357.0,bez pośredników,,1,https://adresowo.pl/o/mieszkanie-lublin-kosminek-1-pokoj-28-m2-g3e2l5,https://s2.adresowa.pl/oi/53/74/332792_5c3e_cover@2x-1-pokojowe-mieszkanie-lublin-kosminek.webp,Lublin Kośminek,,parter,,kamienica,,Sprzedam mieszkanie dwupoziomowe o wielkości 28 m² w dzielnicy Kośminek w Lublinie. Mieszkanie znajduje się na parterze. Ogrzewanie elektryczne. Lokal jest do remontu.,,,,,,,51.23,22.583141
Lublin Czuby,ul. Fantastyczna,3,61,540000,8852.0,bez pośredników,,8,https://adresowo.pl/o/mieszkanie-lublin-czuby-ul-fantastyczna-3-pokojowe-t2e6e0,https://s2.adresowa.pl/oi/6e/4c/331098_a7f5_cover@2x-3-pokojowe-mieszkanie-lublin-czuby-ul-fantastyczna.webp,Lublin Czuby,Fantastyczna,3,,blok,,"Mieszkanie 61 m2, 3 oddzielne pokoje, na osiedlu Skarpa, Czuby, ul. Fantastyczna, na 3. piętrze z windą. Mieszkanie odświeżone, bardzo ustawne, przestronne, ciepłe i jasne. Okna PCV, 2 duże szafy przesuwne. Okna wychodzą na północ oraz południe. W skład mieszkania wchodzi: - duży pokój (około 25 m2), - pokój 1 (około 15 m2), - pokój 2 (około 8 m2), - kuchnia z oknem (około 8 m2), - przedpokój, - łazienka, - toaleta, - balkon na całej długości pokoju. Blok docieplony, po remoncie balkonów. Dwa mieszkania na piętrze, suszarnia, wózkownia, piwnica. Duży balkon długości ponad 5 m. Piękna okolica z dużą ilością zieleni, na spacery wąwóz Czuby, place zabaw, sklepy, dogodne połączenia MPK. Obok Szkoła Podstawowa nr 28 z basenem i boiskami oraz 3 przedszkola. Ogólnodostępny parking pod blokiem oraz w pobliżu parking strzeżony. Mieszkanie spółdzielcze własnościowe z wyodrębnioną własnością - bez obciążeń. Ogrzewanie, gaz, ciepła i zimna woda z sieci miejskiej. Bez piecyka gazowego. Świetna lokalizacja zarówno do zamieszkania, jak i pod wynajem. Wolne od zaraz. Więcej zdjęć prześlę na priv. Biurom pośrednictwa dziękuję. Zapraszam do obejrzenia.",tak,,,,spółdzielcze własnościowe,,51.228000640869,22.52799987793
Lublin Wrotków,ul. Ignacego Domeyki,3,63,650000,10317.0,bez pośredników,,10,https://adresowo.pl/o/mieszkanie-lublin-wrotkow-ul-ignacego-domeyki-3-pokojowe-w8l2o0,https://s2.adresowa.pl/oi/53/51/321440_cefb_cover@2x-3-pokojowe-mieszkanie-lublin-wrotkow-ul-ignacego-domeyki.webp,Lublin Wrotków,Ignacego Domeyki,2,2008.0,apartamentowiec,,"Zanim opis mieszkania, ważna informacja dla pośredników nieruchomości - nie jestem zainteresowany współpracą, proszę nie dzwonić. BUDYNEK Mieszkanie 3-pokojowe, 63 m², Lublin Wrotków, ul. Ignacego Domeyki . Drugie piętro, budynek z 2008 r., bez windy, szeroka klatka. Balkon ok. 6,5 m², piwnica ok. 7 m², do mieszkania przynależą dwa miejsca parkingowe, parking za szlabanem. MIESZKANIE Mieszkanie narożne, okna z trzech stron – bardzo jasne. Podłogi z desek akacjowych we wszystkich pomieszczeniach, okna z roletami zewnętrznymi i moskitierami aluminiowymi w pokojach. Meble i wyposażenie na zamówienie (kuchnia z Ariston i Blanco, garderoba z drzwiami przesuwnymi). W cenie meble i sprzęt jak na zdjęciach (z wyjątkiem łóżka piętrowego). Łazienka z piecykiem gazowym dwufunkcyjnym (c.w.u. i ogrzewanie). Układ: salon ok. 16,3 m², sypialnia ok. 12,2 m², pokój dziecięcy ok. 9,5 m², kuchnia ok. 6,7 m², łazienka ok. 6,2 m², garderoba ok. 3,5 m² + przedpokój. LOKALIZACJA Do 50 m – Żabka, przedszkole, żłobek, lekarz rodzinny, dentysta, fryzjer, pizzeria; ok. 100 m – kościół; do 200 m – Stokrotka z apteką; ok. 800 m – Lidl; do Zalewu Zemborzyckiego poniżej 2 km. W okolicy ścieżki rowerowe. W bloku światłowód od dwóch operatorów. OPŁATY I STAN PRAWNY Opłaty ok. 330 zł/mies (w tym administracja, fundusz remontowy, sprzątanie, śmieci i zaliczka na wodę). Koszty za jedną osobę, za 5 było około 600 zł. Odrębna własność, księga wieczysta, brak obciążeń. Cena do negocjacji. Zapraszam do kontaktu i oglądania.",tak,,osobna,plastikowe,własność,,51.202999,22.549
Lublin Śródmieście,ul. Mariana Langiewicza,4,60,650000,10833.0,bez pośredników,,3,https://adresowo.pl/o/mieszkanie-lublin-srodmiescie-ul-mariana-langiewicza-4-pokojowe-a4b0o0,https://s2.adresowa.pl/oi/7d/25/3176b6_74fe_cover@2x-4-pokojowe-mieszkanie-lublin-srodmiescie-ul-mariana-langiewicza.webp,Lublin Śródmieście,Mariana Langiewicza,6,2000.0,blok,,"Mieszkanie komercyjne pod wynajem w prywatnym akademiku, idealna lokalizacja pod studentów w Lublinie -Wieniawa, przy ul. Mariana Langiewicza 26 nr. 76. pow. 58,92 m2 (cztery pokoje, dwie łazienki, kuchnia) w wieżowcu 12 kondygnacyjnym 6 piętro. W klatce znajduje się winda oraz monitoring. W każdym mieszkaniu zainstalowany jest domofon. Ponadto dla bezpieczeństwa mieszkańców budynek zabezpiecza specjalistyczna firma ochroniarska. Użytkowane pod wynajem, obsługiwany przez firmę, można kontynuować współpracę lub prowadzić własny wynajem. Cena 650 000 tel.",,,,,spółdzielcze własnościowe,,51.245998382568,22.535999298096
Lublin Felin,ul. Generała Stanisława Skalskiego,2,39,499999,12820.0,bez pośredników,,16,https://adresowo.pl/o/mieszkanie-lublin-felin-ul-generala-stanislawa-skalskiego-2-pokojowe-m3d7q5,https://s2.adresowa.pl/oi/3c/7c/31735e_6bfc_cover@2x-2-pokojowe-mieszkanie-lublin-felin-ul-generala-stanislawa-skalskiego.webp,Lublin Felin,Generała Stanisława Skalskiego,parter,2020.0,blok,,"Sprzedam 2-pokojowe mieszkanie na Felinie - 39,87 m², Lublin Na sprzedaż nowoczesne, 2-pokojowe mieszkanie o powierzchni 39,87 m², zlokalizowane na parterze w nowym budynku na ul. Generała Stanisława Skalskiego, Felin, Lublin. Opis mieszkania: • Lokalizacja: ul. Generała Stanisława Skalskiego, Felin, Lublin • Powierzchnia: 39,87 m² • Liczba pokoi: 2 • Piętro: Parter • Rok budowy: 2020 • Stan prawny: Pełna własność z KW • Miesięczne koszty utrzymania mieszkania: czynsz 636 zł Rozkład mieszkania: • Przestronny salon z aneksem kuchennym oraz wyjściem na balkon (15,84 m²) • Sypialnia (12,34 m²) • Łazienka (5,93 m²) • Przedpokój (5,76 m²) Dodatkowe atuty: • Cicha i spokojna okolica. • Balkon (5,95 m²) w cenie. • Komórka lokatorska (5,87 m²) w cenie. • Miejsce parkingowe w garażu podziemnym, dodatkowo płatne 50 000 zł (zakup obowiązkowy). Mieszkanie jest w bardzo dobrym stanie, gotowe do zamieszkania od STYCZNIA 2026 roku. Idealne dla pary, singla lub jako inwestycja pod wynajem.",tak,,aneks,,własność,,51.216999053955,22.628999710083
Lublin Śródmieście,ul. Niecała,2,50,625000,12500.0,bez pośredników,,4,https://adresowo.pl/o/mieszkanie-lublin-srodmiescie-ul-niecala-2-pokojowe-q1n0o3,https://s2.adresowa.pl/oi/70/64/2ffffa_71e2_cover@2x-2-pokojowe-mieszkanie-lublin-srodmiescie-ul-niecala.webp,Lublin Śródmieście,Niecała,parter,2011.0,apartamentowiec,,"Mieszkanie położone w ścisłym centrum Lublina, z tyłu Placu Litewskiego, Niecała 15, nowe budownictwo, apartamentowiec z 2011 roku. Ze względu na doskonałe położenie może być przeznaczone dla studiującego dziecka lub pod wynajem. Obecnie większość mieszkań w tym budynku wynajmują zagraniczni studenci po bardzo atrakcyjnych cenach dla właściciela. Od pewnego czasu również bardzo atrakcyjny w tym budynku stał się wynajem krótkoterminowy z dużym również zyskiem dla właściciela. To bardzo dobry zakup inwestycyjny. Mieszczą się tam również kancelarie adwokackie i biura. Kontakt telefoniczny",,,,,,,51.251999,22.561001
Lublin Ponikwoda,ul. Cyprysowa,4,84,799900,9523.0,bez pośredników,,11,https://adresowo.pl/o/mieszkanie-lublin-ponikwoda-ul-cyprysowa-4-pokojowe-q9k1a1,https://s2.adresowa.pl/oi/69/24/2f5978_f650_cover@2x-4-pokojowe-mieszkanie-lublin-ponikwoda-ul-cyprysowa.webp,Lublin Ponikwoda,Cyprysowa,3,2006.0,blok,,"Oferuję mieszkanie dwupoziomowe, częściowo umeblowane. Bardzo wygodne, w świetnej, zielonej okolicy. Dwie łazienki, taras, balkon, świetny widok, cisza. Wspaniała komunikacja, sklepy, szkoła, lekarz obok. Ścieżki rowerowe, kino, restauracje spacerem. Podłoga z deski barlineckiej, schody drewniane, dużo schowków i szaf. Niski czynsz i opłaty za ogrzewanie zapewnią piec gazowy i technologia budowy. Skosy, podane m² dotyczą powierzchni orzytkowej, podłogi jest około 110 m². W tym samym budynku garaż w ceniebdo negocjacji Blisko, 10 minut spacerem, ogródek działkowy ROD - cena do negocjacji.",tak,tak,aneks,plastikowe,własność,,51.271999,22.580999
Lublin,ul. Motorowa,3,52,475000,9135.0,bez pośredników,,8,https://adresowo.pl/o/mieszkanie-lublin-ul-motorowa-3-pokojowe-i0d7u4,https://s2.adresowa.pl/oi/34/58/2f1b5c_4efb_cover@2x-3-pokojowe-mieszkanie-lublin-ul-motorowa.webp,Lublin ,Motorowa,2,,blok,,"Mieszkanie 3 pokojowe z aneksem kuchennym. Widne, usytuowane na 2 pietrze w trzypiętrowym bloku, z małym balkonem i piwnicą. Woda, ścieki i ogrzewanie w czynszu. Czynsz 790 zł. Wspólnota mieszkaniowa. Wolne od obciążeń. Polecam. Więcej informacji udzielę telefonicznie",tak,,aneks,,,,51.248001098633,22.60000038147
Lublin,ul. Władysława Kunickiego,2,56,400000,7143.0,bez pośredników,,8,https://adresowo.pl/o/mieszkanie-lublin-ul-wladyslawa-kunickiego-2-pokojowe-s5j6a0,https://s2.adresowa.pl/oi/1e/4c/2ec6e8_70f4_cover@2x-2-pokojowe-mieszkanie-lublin-ul-wladyslawa-kunickiego.webp,Lublin ,Władysława Kunickiego,2,1970.0,kamienica,,"Sprzedam mieszkanie o powierzchni 56 m2 z dwoma balkonami, w kamienicy przy ulicy Kunickiego. Cena do lekkiej negocjacji). Do mieszkania przynależne są strych i piwnica. Miejsce parkingowe na podwórku za zamykaną bramą. Uregulowana własność gruntów (z Księgą Wieczystą). Mieszkanie jest bezczynszowe. Nowy piecyk gazowy (do ogrzewania i ciepłej wody). Dodatkowo można dogrzewać mieszkanie kominkiem. W mieszkaniu wykonany został generalny remont (malowanie, terakota, panele, ściany ocieplone, sufit podwieszony itp.), więc świeżo pachnące :) Mieszkanie umeblowane. Tuż obok przystanek autobusowy, w pobliżu między innymi LIDL i apteka. Więcej informacji na telefon.",tak,tak,,,,,51.220001,22.577999
Lublin Czuby,ul. Sasankowa,3,62,700000,11290.0,bez pośredników,,15,https://adresowo.pl/o/mieszkanie-lublin-czuby-ul-sasankowa-3-pokojowe-y9u7n2,https://s2.adresowa.pl/oi/18/79/2e99cc_64aa_cover@2x-3-pokojowe-mieszkanie-lublin-czuby-ul-sasankowa.webp,Lublin Czuby,Sasankowa,7,1983.0,blok,,"Mieszkanie 3 pokoje (20, 12, 9 mkw.) kuchnia 9 mkw. łazienka i osobno toaleta. Mieszkanie w pełni wyposażone (wyposażenie w cenie), w pełni umeblowane (też w cenie). Szafy wnękowe i pawlacze. Podłogi drewniane (dąb). Duży balkon ok. 6 mkw. Ekspozycja okien i balkonu południowa. Piękny widok na Stary Las. Mieszkanie bardzo ciepłe i słoneczne (budynek docieplony + południowa wystawa). Okna wymienione. W sąsiedztwie pełna infrastruktura osiedlowa, duży parking ogólnodostępny (ok. 140 miejsc). Sklep Stokrotka w odległości ok. 100 m. Piwnica lokatorska ok. 5 mkw. Możliwość dokupienia garażu własnościowego 16 mkw. w odległości 700 m od mieszkania.",tak,tak,osobna,plastikowe,spółdzielcze własnościowe,,51.230999,22.518
Lublin Wrotków,ul. Diamentowa,3,71,830000,11690.0,bez pośredników,,7,https://adresowo.pl/o/mieszkanie-lublin-wrotkow-ul-diamentowa-3-pokojowe-d0z1i7,https://s2.adresowa.pl/oi/4a/5e/2c6bf2_d3db_cover@2x-3-pokojowe-mieszkanie-lublin-wrotkow-ul-diamentowa.webp,Lublin Wrotków,Diamentowa,1,2018.0,blok,,"Oferuję na sprzedaż zadbane mieszkanie o powierzchni 71 m², zlokalizowane na zamkniętym osiedlu przy ulicy Diamentowej w Lublinie. -1 piętro -Blok z 2018 r. -Winda -Komórka lokatorska -Ogrzewanie i ciepła woda z sieci miejskiej. Szczegóły mieszkania: Kuchnia -10,94 m.kw, oddzielna, wyposażona w meble Salon -17,79 m.kw. Sypialnia 1 - 11,1 m.kw Sypialnia 2 -11,24 m.kw. Łazienka z WC -3,96 m.kw. WC - 1,23 m.kw. Przedpokój - 14,75 m.kw, z szafami do zabudowy Komórka lokatorska - 3,98 m.kw. Balkon - 6,89 m.kw. W bliskiej odległości: - Kaufland oraz centrum handlowe Diamentowa Park z wieloma sklepami np. Rossman, Hebe oraz siłownią - Przystanek autobusowy - Sklep Biedronka oraz Lidl Przed blokiem ogólnodostępny parking Mieszkanie użytkowane przez pierwszych właścicieli. Pełna własność. Księga Wieczysta. Oferta prywatna.",tak,,osobna,,własność,,51.216999053955,22.54700088501
Lublin Felin,ul. Królowej Jadwigi,3,63,540000,8571.0,bez pośredników,,8,https://adresowo.pl/o/mieszkanie-lublin-felin-ul-krolowej-jadwigi-3-pokojowe-l0j0z3,https://s2.adresowa.pl/oi/73/5b/2c55f6_86c3_cover@2x-3-pokojowe-mieszkanie-lublin-felin-ul-krolowej-jadwigi.webp,Lublin Felin,Królowej Jadwigi,3,2023.0,blok,,"Sprzedam mieszkanie, własnościowe 3- pokojowe w Lublinie, dzielnica Felin. Spokojna okolica, w pobliżu sklepy, przychodnie zdrowia, Centrum Felicity. Dobrze skomunikowane z Centrum ( blisko przystanek MPK) . Obok bloku duże miejsce parkingowe. 3 piętro w 4 piętrowym bloku. Mieszkanie rozstawne, ( wschodnio/ zachodnie), ciepłe ( środkowe). Nowe okna, parkiety, drzwi drewniane, kuchnia drewniana w zabudowie i duża szafa ratanowa w przedpokoju w cenie. Łazienka i WC oddzielnie.",,tak,,,,,51.222,22.635
Lublin Czuby,ul. Romantyczna,4,73,620000,8493.0,bez pośredników,,1,https://adresowo.pl/o/mieszkanie-lublin-czuby-ul-romantyczna-4-pokojowe-r5k6p6,https://s2.adresowa.pl/oi/3b/19/2b1c40_7ded_cover@2x-4-pokojowe-mieszkanie-lublin-czuby-ul-romantyczna.webp,Lublin Czuby,Romantyczna,parter,1988.0,blok,,Mieszkanie blisko uczelni idealne na wynajem lub dla rodziny,tak,,osobna,plastikowe,spółdzielcze własnościowe,,51.227001190186,22.534000396729
Lublin Kalinowszczyzna,ul. Stefana Okrzei,3,53,515000,9717.0,bez pośredników,,20,https://adresowo.pl/o/mieszkanie-lublin-kalinowszczyzna-ul-stefana-okrzei-3-pokojowe-m5f9e8,https://s2.adresowa.pl/oi/20/64/27874c_673c_cover@2x-3-pokojowe-mieszkanie-lublin-kalinowszczyzna-ul-stefana-okrzei.webp,Lublin Kalinowszczyzna,Stefana Okrzei,3,1975.0,blok,,"Sprzedam atrakcyjnie położone 3 pokojowe mieszkanie na Kalinowszczyźnie w Lublinie, po remoncie, ciekawy układ mieszkania, III piętro z windą, w budynku 10-piętrowym, pow. 53,15 m2. Spokojne sąsiedztwo na piętrze. W skład mieszkania wchodzą dwie sypialnie po ok. 9 m, przestronny salon z aneksem jadalnym, korytarz i łazienka z wydzieloną murowaną ścianką kabiną prysznicową. Okna jednej z sypialni wychodzą na wschód, a drugiej sypialni, salonu i kuchni na zachód. W oknach rolety, mieszkanie doświetlone, jasne. Na salonie i w kuchni terakota, w pokojach panele, wymienione 4 lata temu, wymienione wszystkie grzejniki, mieszkanie bardzo ciepłe. W zabudowie kuchennej nowa kuchnia indukcyjna i piekarnik Electrolux, zmywarka i lodówka. Przy wejściu szafa systemowa wbudowana – w cenie. Pozostałe wyposażenie mieszkania – do uzgodnienia. 5 lat temu wykonany kapitalny remont łazienki, z wymianą hydrauliki wewnętrznej. Kabina prysznicowa wydzielona ścianką, bez drzwi, co sprawia, że bardzo łatwe jest utrzymanie jej w czystości. Jest na tyle przestronna, że woda nie wydostaje się na zewnątrz. Duża wnęka przy prysznicu, z półką, na środki myjące. Wyposażenie łazienki w cenie: duża szafka z koszami na pranie, wysoka szafka z lustrem, szafka z lustrem nad umywalką i pojemna szafka podumywalkowa z dwiema szufladami. Muszla wc ze zintegrowaną funkcją bidetu. Atrakcyjna lokalizacja, blisko Starego Miasta i galerii Vivo (ok. 10-15 minut piechotą), w odległości 3 minut przystanki MPK (linie [numer]9, 47, 57, 150), 5 minut do Lidla, Biedronki, poczty, banku, fryzjera, warzywniaka, cukierni, in. sklepów spożywczych, przychodni NFZ z gabinetami specjalistycznymi, aptek. Budynek sąsiaduje ze żłobkiem miejskim i przedszkolem, w otoczeniu dużo zieleni, nie dociera hałas uliczny, rano budzi śpiew ptaków przy otwartym oknie. Nie brakuje miejsc parkingowych w otoczeniu budynku. Budynek w drugiej linii zabudowy od Wąwozu Kalina, z placem zabaw dla dzieci, siłownią na powietrzu i wybiegiem dla psów. Zbocza wąwozu zimą zamieniają się w tory saneczkowe, a nawet narciarskie. W pobliżu boisko Orlik. Preferowany czas finalizacji transakcji to wrzesień 2026 roku. Inne terminy (także wcześniejsze) do uzgodnienia. POŚREDNIKOM za współpracę DZIĘKUJĘ. *Świadectwo energetyczne w trakcie sporządzania",tak,,aneks,,własność,"Wyposażenie: lodówka, piekarnik, zmywarka",51.255001,22.583
Lublin,ul. Konrada Wallenroda,2,56,618000,11036.0,bez pośredników,,15,https://adresowo.pl/o/mieszkanie-lublin-ul-konrada-wallenroda-2-pokojowe-f0o9a7,https://s2.adresowa.pl/oi/23/25/227ae4_6b30_cover@2x-2-pokojowe-mieszkanie-lublin-ul-konrada-wallenroda.webp,Lublin ,Konrada Wallenroda,2,,blok,,"OGŁOSZENIE BEZPOŚREDNIE - BEZ PROWIZJI Piękne, ustawne, dwupokojowe mieszkanie 56m² świeżo po remoncie, niezamieszkane. Położone na osiedlu Mickiewicza przy ulicy Wallenroda. Jest to wyjątkowo ładne, zielone i spokojne osiedle dogodnie ulokowane względem centrum oraz blisko UMCS i KUL. Mieszkanie zostało świeżo, całościowo i gruntownie wyremontowane oraz wyposażone w nowy sprzęt AGD oraz sanitarny. Nowa zabudowa kuchenna i szafa. Pokoje nieumeblowane. Balkon wychodzi na stronę wschodnią. Łazienka posiada okno. Dodatkowo są 2 pomieszczenia piwniczne o powierzchni 14m².",tak,,,,,,51.242001,22.525999
Lublin Wieniawa,al. Racławickie,3,64,750000,11719.0,bez pośredników,,13,https://adresowo.pl/o/mieszkanie-lublin-wieniawa-al-raclawickie-3-pokojowe-z4l5b0,https://s2.adresowa.pl/oi/4e/60/1dfd60_58ef_cover@2x-3-pokojowe-mieszkanie-lublin-wieniawa-al-raclawickie.webp,Lublin Wieniawa,Racławickie,3,1998.0,apartamentowiec,,"Sprzedam bezposrednio mieszkanie trzypokojowe (64 m.kw) w pieknie odnowionym bloku z 1998r. na Al Racławickich 33 (trzecie pietro w czteropiętrowym bloku). Blok ogrodzony, z odnowiona elewacją. Mieszkanie składa się z dużego pokoju z balkonem, dwóch mniejszych pokoi przestronnego przedpokoju, kuchni z oknem, łazienki i oddzielnej toalety. Miejsce postojowe na ogrodzonym parkingu z bramą na pilota. Doskonała komunikacja z każdym miejscem w Lublinie (linie autobusowe i trolejbusowe), a takze bliskosc uczelni wyzszych - KUL, UMCS, Akademia Medyczna - 10 minut spacerem. Pod blokiem znajdują się sklepy spożywcze (Żabka, Stokrotka, Lewiatan, Lidl), dwie apteki oraz piekarnia. Cena obejmuje wyposażenia (pralka, lodówka etc..). Mieszkanie może być wynajmowane z doskonałą stopą zwrotu.",tak,tak,osobna,plastikowe,własność,"Wyposażenie: lodówka, pralka",51.250999450684,22.52799987793
