locality,street,rooms,area,price_total_zl,price_sqm_zl,owner_type,date_posted,photo_count,url,image_url
Poznań,ul. Głogowska,4,108,1199000,11102,bez pośredników,,9,https://adresowo.pl/o/mieszkanie-poznan-ul-glogowska-4-pokojowe-a5v6u9,https://s2.adresowa.pl/oi/61/54/411564_c6a7_cover@2x-4-pokojowe-mieszkanie-poznan-ul-glogowska.webp
Poznań Wilda,ul. Jana Kilińskiego,2,45,395000,8778,bez pośredników,,12,https://adresowo.pl/o/mieszkanie-poznan-wilda-ul-jana-kilinskiego-2-pokojowe-d3r9i1,https://s2.adresowa.pl/oi/27/70/411532_dda5_cover@2x-2-pokojowe-mieszkanie-poznan-wilda-ul-jana-kilinskiego.webp
Poznań Grunwald,ul. Ptasia,2,39,zapytaj,,bez pośredników,,+37 podobnych ofert,https://adresowo.pl/o/mieszkanie-poznan-grunwald-ul-ptasia-2-pokojowe-s5v5u9,https://s2.adresowa.pl/development/672144/nowe-mieszkania-ptasia-vita-151e_cover.jpg
Poznań,Dębiec,2,51,629000,12333,Pośrednik,,18,https://adresowo.pl/o/mieszkanie-poznan-debiec-2-pokojowe-51-m2-i5n1e0,https://s2.adresowa.pl/oi/11/79/41128a_bc12_cover@2x-2-pokojowe-mieszkanie-poznan-debiec.webp
Poznań Łazarz,ul. Kolejowa,2,39,499000,12795,Pośrednik,,18,https://adresowo.pl/o/mieszkanie-poznan-lazarz-ul-kolejowa-2-pokojowe-z3e9n7,https://s2.adresowa.pl/oi/34/3b/411282_7c5c_cover@2x-2-pokojowe-mieszkanie-poznan-lazarz-ul-kolejowa.webp
Poznań Strzeszyn,ul. Zdzisława Dworzeckiego,4,91,1344535,14775,bez pośredników,,12,https://adresowo.pl/o/mieszkanie-poznan-strzeszyn-ul-zdzislawa-dworzeckiego-4-pokojowe-b9l2b9,https://s2.adresowa.pl/oi/10/7c/411498_ff94_cover@2x-4-pokojowe-mieszkanie-poznan-strzeszyn-ul-zdzislawa-dworzeckiego.webp
Poznań Grunwald,ul. Przepiórcza,1,31,380000,12258,bez pośredników,,4,https://adresowo.pl/o/mieszkanie-poznan-grunwald-ul-przepiorcza-1-pokoj-y9n8e5,https://s2.adresowa.pl/oi/61/47/411400_ecf9_cover@2x-1-pokojowe-mieszkanie-poznan-grunwald-ul-przepiorcza.webp
Poznań,ul. Królowej Jadwigi,2,38,zapytaj,,bez pośredników,,+65 podobnych ofert,https://adresowo.pl/o/mieszkanie-poznan-ul-krolowej-jadwigi-2-pokojowe-y5g9o1,https://s2.adresowa.pl/development/671250/nowe-mieszkania-krolowej-jadwigi-a8c4_cover.jpg
Poznań Śródka,ul. Gdańska,2,38,539000,14184,Pośrednik,,14,https://adresowo.pl/o/mieszkanie-poznan-srodka-ul-gdanska-2-pokojowe-a6k8j8,https://s2.adresowa.pl/oi/7f/64/410ca0_4dbd_cover@2x-2-pokojowe-mieszkanie-poznan-srodka-ul-gdanska.webp
Poznań Grunwald,ul. Bułgarska,3,48,619000,12896,Pośrednik,,15,https://adresowo.pl/o/mieszkanie-poznan-grunwald-ul-bulgarska-3-pokojowe-m2x8d5,https://s2.adresowa.pl/oi/18/78/410c6a_5e3c_cover@2x-3-pokojowe-mieszkanie-poznan-grunwald-ul-bulgarska.webp
Poznań Grunwald,ul. Ognik,2,37,425000,11486,bez pośredników,,13,https://adresowo.pl/o/mieszkanie-poznan-grunwald-ul-ognik-2-pokojowe-m2t2m9,https://s2.adresowa.pl/oi/7a/24/4112ba_fe85_cover@2x-2-pokojowe-mieszkanie-poznan-grunwald-ul-ognik.webp
Poznań Starołęka,ul. Unii Lubelskiej,1,32,399000,12469,bez pośredników,,9,https://adresowo.pl/o/mieszkanie-poznan-staroleka-ul-unii-lubelskiej-1-pokoj-j3c1w4,https://s2.adresowa.pl/oi/5c/3b/4112b6_acc8_cover@2x-1-pokojowe-mieszkanie-poznan-staroleka-ul-unii-lubelskiej.webp
Poznań Starołęka,ul. Unii Lubelskiej,2,44,zapytaj,,bez pośredników,,+6 podobnych ofert,https://adresowo.pl/o/mieszkanie-poznan-staroleka-ul-unii-lubelskiej-2-pokojowe-p0b0c3,https://s2.adresowa.pl/development/671252/nowe-mieszkania-unii-lubelskiej-vita-b029_cover.jpg
Poznań Jeżyce,ul. Henryka Sienkiewicza,5,138,1500000,10870,Pośrednik,,20,https://adresowo.pl/o/mieszkanie-poznan-jezyce-ul-henryka-sienkiewicza-5-pokojowe-h5p8r4,https://s2.adresowa.pl/oi/7b/76/410bcc_f04d_cover@2x-5-pokojowe-mieszkanie-poznan-jezyce-ul-henryka-sienkiewicza.webp
Poznań Centrum,ul. Królowej Jadwigi,3,76,815000,10724,Pośrednik,,14,https://adresowo.pl/o/mieszkanie-poznan-centrum-ul-krolowej-jadwigi-3-pokojowe-c8x9x4,https://s2.adresowa.pl/oi/10/5c/410b80_98fc_cover@2x-3-pokojowe-mieszkanie-poznan-centrum-ul-krolowej-jadwigi.webp
Poznań Żegrze,os. Orła Białego,3,80,655000,8188,bez pośredników,,12,https://adresowo.pl/o/mieszkanie-poznan-zegrze-os-orla-bialego-3-pokojowe-s2u1y6,https://s2.adresowa.pl/oi/29/26/411078_4a68_cover@2x-3-pokojowe-mieszkanie-poznan-zegrze-os-orla-bialego.webp
Poznań Naramowice,ul. Juranda,2,54,499000,9241,bez pośredników,,22,https://adresowo.pl/o/mieszkanie-poznan-naramowice-ul-juranda-2-pokojowe-k6k1c5,https://s2.adresowa.pl/oi/60/42/410dce_47b2_cover@2x-2-pokojowe-mieszkanie-poznan-naramowice-ul-juranda.webp
Poznań,ul. Królowej Jadwigi,3,66,zapytaj,,bez pośredników,,+48 podobnych ofert,https://adresowo.pl/o/mieszkanie-poznan-ul-krolowej-jadwigi-3-pokojowe-c9e1o1,https://s2.adresowa.pl/development/671250/nowe-mieszkania-krolowej-jadwigi-a8c4_cover.jpg
Poznań Łazarz,pl. Stanisława Wyspiańskiego 26B,2,55,1280000,23273,Pośrednik,,14,https://adresowo.pl/o/mieszkanie-poznan-lazarz-pl-stanislawa-wyspianskiego-2-pokojowe-d2m1h9,https://s2.adresowa.pl/oi/4a/29/410678_bee1_cover@2x-2-pokojowe-mieszkanie-poznan-lazarz-pl-stanislawa-wyspianskiego.webp
Poznań Wilda,ul. 28 Czerwca 1956 r.,3,105,836500,7967,Pośrednik,,21,https://adresowo.pl/o/mieszkanie-poznan-wilda-ul-28-czerwca-1956-r-3-pokojowe-v9c2a1,https://s2.adresowa.pl/oi/62/72/41060c_97b1_cover@2x-3-pokojowe-mieszkanie-poznan-wilda-ul-28-czerwca-1956-r-.webp
Poznań Stare Miasto,ul. Karpia,2,43,630000,14651,bez pośredników,,7,https://adresowo.pl/o/mieszkanie-poznan-stare-miasto-ul-karpia-2-pokojowe-q9r2k1,https://s2.adresowa.pl/oi/46/2e/410c34_667d_cover@2x-2-pokojowe-mieszkanie-poznan-stare-miasto-ul-karpia.webp
Poznań Winogrady,os. Przyjaźni,1,27,335000,12407,bez pośredników,,9,https://adresowo.pl/o/mieszkanie-poznan-winogrady-os-przyjazni-1-pokoj-o7u3n6,https://s2.adresowa.pl/oi/1c/6e/41091e_846e_cover@2x-1-pokojowe-mieszkanie-poznan-winogrady-os-przyjazni.webp
Poznań Grunwald,ul. Ptasia,3,57,zapytaj,,bez pośredników,,+28 podobnych ofert,https://adresowo.pl/o/mieszkanie-poznan-grunwald-ul-ptasia-3-pokojowe-e3t6m7,https://s2.adresowa.pl/development/672144/nowe-mieszkania-ptasia-vita-151e_cover.jpg
Poznań,Sołacz,1,29,349000,12034,Pośrednik,,8,https://adresowo.pl/o/mieszkanie-poznan-solacz-1-pokoj-29-m2-x4y9i7,https://s2.adresowa.pl/oi/4d/60/4105b4_3f62_cover@2x-1-pokojowe-mieszkanie-poznan-solacz.webp
Poznań,Łazarz,5,151,1549000,10258,Pośrednik,,17,https://adresowo.pl/o/mieszkanie-poznan-lazarz-5-pokojowe-151-m2-n4u2m3,https://s2.adresowa.pl/oi/50/3e/40f60e_2ec8_cover@2x-5-pokojowe-mieszkanie-poznan-lazarz.webp
Poznań Grunwald,ul. Świerzawska,2,50,719000,14380,bez pośredników,,14,https://adresowo.pl/o/mieszkanie-poznan-grunwald-ul-swierzawska-2-pokojowe-c0h7z3,https://s2.adresowa.pl/oi/1f/46/4108da_c89c_cover@2x-2-pokojowe-mieszkanie-poznan-grunwald-ul-swierzawska.webp
Poznań,,2,45,899000,19978,bez pośredników,,8,https://adresowo.pl/o/mieszkanie-poznan-2-pokojowe-45-m2-y7c1d0,https://s2.adresowa.pl/oi/6b/3a/4105e0_df41_cover@2x-2-pokojowe-mieszkanie-poznan.webp
Poznań Starołęka,ul. Unii Lubelskiej,3,52,zapytaj,,bez pośredników,,+5 podobnych ofert,https://adresowo.pl/o/mieszkanie-poznan-staroleka-ul-unii-lubelskiej-3-pokojowe-b8v9h5,https://s2.adresowa.pl/development/671252/nowe-mieszkania-unii-lubelskiej-vita-b029_cover.jpg
Poznań Górczyn,ul. Daleka,1,31,469000,15129,Pośrednik,,12,https://adresowo.pl/o/mieszkanie-poznan-gorczyn-ul-daleka-1-pokoj-l6z7s2,https://s2.adresowa.pl/oi/5f/22/40ec52_4eb3_cover@2x-1-pokojowe-mieszkanie-poznan-gorczyn-ul-daleka.webp
Poznań Rataje,os. Stare Żegrze,3,74,857000,11581,Pośrednik,,20,https://adresowo.pl/o/mieszkanie-poznan-rataje-os-stare-zegrze-3-pokojowe-v7x9n4,https://s2.adresowa.pl/oi/6e/30/40ec30_b61f_cover@2x-3-pokojowe-mieszkanie-poznan-rataje-os-stare-zegrze.webp
Poznań Piątkowo,os. Stefana Batorego,2,59,715000,12119,bez pośredników,,10,https://adresowo.pl/o/mieszkanie-poznan-piatkowo-os-stefana-batorego-2-pokojowe-h6j3c0,https://s2.adresowa.pl/oi/4e/6b/4104ae_d12e_cover@2x-2-pokojowe-mieszkanie-poznan-piatkowo-os-stefana-batorego.webp
Poznań Rataje,ul. Rataje,1,30,485000,16167,bez pośredników,,11,https://adresowo.pl/o/mieszkanie-poznan-rataje-ul-rataje-1-pokoj-j7o4i3,https://s2.adresowa.pl/oi/11/23/41039c_5ff0_cover@2x-1-pokojowe-mieszkanie-poznan-rataje-ul-rataje.webp
Poznań,ul. Królowej Jadwigi,1,37,zapytaj,,bez pośredników,,+20 podobnych ofert,https://adresowo.pl/o/mieszkanie-poznan-ul-krolowej-jadwigi-1-pokoj-b0o8k9,https://s2.adresowa.pl/development/671250/nowe-mieszkania-krolowej-jadwigi-a8c4_cover.jpg
Poznań Piątkowo,os. Jana III Sobieskiego,3,63,579000,9190,Pośrednik,,17,https://adresowo.pl/o/mieszkanie-poznan-piatkowo-os-jana-iii-sobieskiego-3-pokojowe-s9l9u8,https://s2.adresowa.pl/oi/4d/78/40e620_e908_cover@2x-3-pokojowe-mieszkanie-poznan-piatkowo-os-jana-iii-sobieskiego.webp
Poznań Winogrady,ul. Słowiańska,1,33,399000,12091,Pośrednik,,12,https://adresowo.pl/o/mieszkanie-poznan-winogrady-ul-slowianska-1-pokoj-k4d4u1,https://s2.adresowa.pl/oi/1f/27/40e438_4b40_cover@2x-1-pokojowe-mieszkanie-poznan-winogrady-ul-slowianska.webp
Poznań Żegrze,os. Stare Żegrze,3,73,879000,12041,bez pośredników,,21,https://adresowo.pl/o/mieszkanie-poznan-zegrze-os-stare-zegrze-3-pokojowe-k7b2p8,https://s2.adresowa.pl/oi/22/4a/410368_2a06_cover@2x-3-pokojowe-mieszkanie-poznan-zegrze-os-stare-zegrze.webp
Poznań Grunwald,ul. Ptasia,1,35,zapytaj,,bez pośredników,,+1 podobna oferta,https://adresowo.pl/o/mieszkanie-poznan-grunwald-ul-ptasia-1-pokoj-u4q5s5,https://s2.adresowa.pl/development/672144/nowe-mieszkania-ptasia-vita-151e_cover.jpg
Poznań Stare Miasto,ul. Romana Szymańskiego 10,6,123,799000,6496,Pośrednik,,17,https://adresowo.pl/o/mieszkanie-poznan-stare-miasto-ul-romana-szymanskiego-6-pokojowe-z9t9n1,https://s2.adresowa.pl/oi/14/60/40de76_f729_cover@2x-6-pokojowe-mieszkanie-poznan-stare-miasto-ul-romana-szymanskiego.webp
Poznań Stare Miasto,ul. Romana Szymańskiego 10,3,62,369000,5952,Pośrednik,,6,https://adresowo.pl/o/mieszkanie-poznan-stare-miasto-ul-romana-szymanskiego-3-pokojowe-t2n0d0,https://s2.adresowa.pl/oi/7d/53/40de44_ddf5_cover@2x-3-pokojowe-mieszkanie-poznan-stare-miasto-ul-romana-szymanskiego.webp
Poznań Grunwald,ul. Płomienna,2,37,460000,12432,bez pośredników,,8,https://adresowo.pl/o/mieszkanie-poznan-grunwald-ul-plomienna-2-pokojowe-n7z7g5,https://s2.adresowa.pl/oi/29/5f/410182_4484_cover@2x-2-pokojowe-mieszkanie-poznan-grunwald-ul-plomienna.webp
Poznań Grunwald,ul. Lodowa,3,52,629000,12096,bez pośredników,,6,https://adresowo.pl/o/mieszkanie-poznan-grunwald-ul-lodowa-3-pokojowe-l2e7n7,https://s2.adresowa.pl/oi/30/16/40fe2e_c65a_cover@2x-3-pokojowe-mieszkanie-poznan-grunwald-ul-lodowa.webp
Poznań,ul. Królowej Jadwigi,4,91,zapytaj,,bez pośredników,,+35 podobnych ofert,https://adresowo.pl/o/mieszkanie-poznan-ul-krolowej-jadwigi-4-pokojowe-p8j8t1,https://s2.adresowa.pl/development/671250/nowe-mieszkania-krolowej-jadwigi-a8c4_cover.jpg
Poznań Dębiec,ul. Sosnowa,2,81,329000,4062,Pośrednik,,1,https://adresowo.pl/o/mieszkanie-poznan-debiec-ul-sosnowa-2-pokojowe-c5r3b1,https://s2.adresowa.pl/oi/12/2e/40dafe_5a69_cover@2x-2-pokojowe-mieszkanie-poznan-debiec-ul-sosnowa.webp
Poznań Grunwald,ul. Ognik,2,38,445000,11711,Pośrednik,,18,https://adresowo.pl/o/mieszkanie-poznan-grunwald-ul-ognik-2-pokojowe-r3g3x2,https://s2.adresowa.pl/oi/17/75/40dad0_da2f_cover@2x-2-pokojowe-mieszkanie-poznan-grunwald-ul-ognik.webp
Poznań Rataje,ul. Rzeczańska,3,56,949000,16946,bez pośredników,,21,https://adresowo.pl/o/mieszkanie-poznan-rataje-ul-rzeczanska-3-pokojowe-s7e3z0,https://s2.adresowa.pl/oi/5a/1a/40fd16_4a4e_cover@2x-3-pokojowe-mieszkanie-poznan-rataje-ul-rzeczanska.webp
Poznań,Winogrady,2,47,565000,12021,bez pośredników,,8,https://adresowo.pl/o/mieszkanie-poznan-winogrady-2-pokojowe-47-m2-h5n2u5,https://s2.adresowa.pl/oi/49/46/40f8b6_4166_cover@2x-2-pokojowe-mieszkanie-poznan-winogrady.webp
Poznań Grunwald,ul. Ptasia,4,103,zapytaj,,bez pośredników,,+5 podobnych ofert,https://adresowo.pl/o/mieszkanie-poznan-grunwald-ul-ptasia-4-pokojowe-d7r2w6,https://s2.adresowa.pl/development/672144/nowe-mieszkania-ptasia-vita-151e_cover.jpg
Poznań Podolany,ul. Strzeszyńska,3,105,1250000,11905,Pośrednik,,26,https://adresowo.pl/o/mieszkanie-poznan-podolany-ul-strzeszynska-3-pokojowe-z0l9n8,https://s2.adresowa.pl/oi/4a/73/40d928_d4b8_cover@2x-3-pokojowe-mieszkanie-poznan-podolany-ul-strzeszynska.webp
Poznań Junikowo,ul. Jeleniogórska,3,75,999000,13320,Pośrednik,,10,https://adresowo.pl/o/mieszkanie-poznan-junikowo-ul-jeleniogorska-3-pokojowe-o2b3p1,https://s2.adresowa.pl/oi/79/40/40d826_a6c2_cover@2x-3-pokojowe-mieszkanie-poznan-junikowo-ul-jeleniogorska.webp
Poznań,Winogrady,3,64,590000,9219,bez pośredników,,7,https://adresowo.pl/o/mieszkanie-poznan-winogrady-3-pokojowe-64-m2-z5l2o2,https://s2.adresowa.pl/oi/5f/78/40f892_fa28_cover@2x-3-pokojowe-mieszkanie-poznan-winogrady.webp
Poznań Dębiec,ul. Czechosłowacka,3,53,730000,13774,bez pośredników,,12,https://adresowo.pl/o/mieszkanie-poznan-debiec-ul-czechoslowacka-3-pokojowe-i2t1v7,https://s2.adresowa.pl/oi/77/73/40f88e_e0ec_cover@2x-3-pokojowe-mieszkanie-poznan-debiec-ul-czechoslowacka.webp
Poznań,ul. Królowej Jadwigi,5,120,zapytaj,,bez pośredników,,+3 podobne oferty,https://adresowo.pl/o/mieszkanie-poznan-ul-krolowej-jadwigi-5-pokojowe-k3n6c2,https://s2.adresowa.pl/development/671250/nowe-mieszkania-krolowej-jadwigi-a8c4_cover.jpg
Poznań Rataje,os. Oświecenia,3,47,475000,10106,Pośrednik,,11,https://adresowo.pl/o/mieszkanie-poznan-rataje-os-oswiecenia-3-pokojowe-m2r2s9,https://s2.adresowa.pl/oi/66/4e/40d81a_ebf2_cover@2x-3-pokojowe-mieszkanie-poznan-rataje-os-oswiecenia.webp
Poznań Nowe Miasto,ul. Modlińska,2,54,649000,12019,Pośrednik,,13,https://adresowo.pl/o/mieszkanie-poznan-nowe-miasto-ul-modlinska-2-pokojowe-e8z8t2,https://s2.adresowa.pl/oi/5f/2b/40d80c_bc4e_cover@2x-2-pokojowe-mieszkanie-poznan-nowe-miasto-ul-modlinska.webp
Poznań Piątkowo,os. Stefana Batorego,3,50,629000,12580,bez pośredników,,13,https://adresowo.pl/o/mieszkanie-poznan-piatkowo-os-stefana-batorego-3-pokojowe-l0a7m1,https://s2.adresowa.pl/oi/22/78/40f83c_37b4_cover@2x-3-pokojowe-mieszkanie-poznan-piatkowo-os-stefana-batorego.webp
Poznań Jeżyce,ul. Grodziska,2,57,799000,14018,bez pośredników,,3,https://adresowo.pl/o/mieszkanie-poznan-jezyce-ul-grodziska-2-pokojowe-s7w6g8,https://s2.adresowa.pl/oi/12/56/40f7a6_37a9_cover@2x-2-pokojowe-mieszkanie-poznan-jezyce-ul-grodziska.webp
Poznań,ul. Królowej Jadwigi,6,111,zapytaj,,bez pośredników,,+1 podobna oferta,https://adresowo.pl/o/mieszkanie-poznan-ul-krolowej-jadwigi-6-pokojowe-t5k8l2,https://s2.adresowa.pl/development/671250/nowe-mieszkania-krolowej-jadwigi-a8c4_cover.jpg
Poznań Wilda,ul. Władysława Sikorskiego 40,1,27,382300,14159,Pośrednik,,8,https://adresowo.pl/o/mieszkanie-poznan-wilda-ul-wladyslawa-sikorskiego-1-pokoj-z3v1w7,https://s2.adresowa.pl/oi/4e/4a/40d64e_8d4d_cover@2x-1-pokojowe-mieszkanie-poznan-wilda-ul-wladyslawa-sikorskiego.webp
Poznań,Starołęka,2,49,667880,13630,Pośrednik,,11,https://adresowo.pl/o/mieszkanie-poznan-staroleka-2-pokojowe-49-m2-r8h6s4,https://s2.adresowa.pl/oi/1a/29/40d64a_f9fa_cover@2x-2-pokojowe-mieszkanie-poznan-staroleka.webp
Poznań Grunwald,ul. Płomienna,3,48,530000,11042,bez pośredników,,6,https://adresowo.pl/o/mieszkanie-poznan-grunwald-ul-plomienna-3-pokojowe-z3n0w5,https://s2.adresowa.pl/oi/6c/48/40f716_e8e4_cover@2x-3-pokojowe-mieszkanie-poznan-grunwald-ul-plomienna.webp
Poznań Naramowice,ul. Rubież,3,55,693000,12600,bez pośredników,,7,https://adresowo.pl/o/mieszkanie-poznan-naramowice-ul-rubiez-3-pokojowe-m7l9s9,https://s2.adresowa.pl/oi/31/6e/40f62e_9673_cover@2x-3-pokojowe-mieszkanie-poznan-naramowice-ul-rubiez.webp
Poznań Rataje,os. Armii Krajowej 145,3,63,760000,12063,bez pośredników,,8,https://adresowo.pl/o/mieszkanie-poznan-rataje-os-armii-krajowej-3-pokojowe-u1s8z9,https://s2.adresowa.pl/oi/50/59/40f550_dd59_cover@2x-3-pokojowe-mieszkanie-poznan-rataje-os-armii-krajowej.webp
Poznań,Malta,2,51,671818,13173,Pośrednik,,5,https://adresowo.pl/o/mieszkanie-poznan-malta-2-pokojowe-51-m2-n3q0n7,https://s2.adresowa.pl/oi/16/1a/40d648_2afe_cover@2x-2-pokojowe-mieszkanie-poznan-malta.webp
Poznań Grunwald,ul. Kazimiery Iłłakowiczówny,6,150,1670000,11133,Pośrednik,,19,https://adresowo.pl/o/mieszkanie-poznan-grunwald-ul-kazimiery-illakowiczowny-6-pokojowe-n5u2b2,https://s2.adresowa.pl/oi/7f/2d/40d646_86a6_cover@2x-6-pokojowe-mieszkanie-poznan-grunwald-ul-kazimiery-illakowiczowny.webp
Poznań Łazarz,ul. Edmunda Calliera,2,46,490000,10652,bez pośredników,,13,https://adresowo.pl/o/mieszkanie-poznan-lazarz-ul-edmunda-calliera-2-pokojowe-a3q8g0,https://s2.adresowa.pl/oi/21/19/40f04c_763c_cover@2x-2-pokojowe-mieszkanie-poznan-lazarz-ul-edmunda-calliera.webp
Poznań Rataje,os. Rzeczypospolitej,3,47,539000,11468,bez pośredników,,14,https://adresowo.pl/o/mieszkanie-poznan-rataje-os-rzeczypospolitej-3-pokojowe-r5b8n4,https://s2.adresowa.pl/oi/1f/4f/40f45a_6151_cover@2x-3-pokojowe-mieszkanie-poznan-rataje-os-rzeczypospolitej.webp
Poznań Wilda,ul. Dezyderego Chłapowskiego,3,52,819000,15750,bez pośredników,,20,https://adresowo.pl/o/mieszkanie-poznan-wilda-ul-dezyderego-chlapowskiego-3-pokojowe-v1e9z6,https://s2.adresowa.pl/oi/30/64/40f2fa_3462_cover@2x-3-pokojowe-mieszkanie-poznan-wilda-ul-dezyderego-chlapowskiego.webp
Poznań Dębiec,ul. 28 Czerwca 1956 r.,2,50,770000,15400,Pośrednik,,10,https://adresowo.pl/o/mieszkanie-poznan-debiec-ul-28-czerwca-1956-r-2-pokojowe-v5g2v1,https://s2.adresowa.pl/oi/24/66/40d642_8f53_cover@2x-2-pokojowe-mieszkanie-poznan-debiec-ul-28-czerwca-1956-r-.webp
Poznań,Morasko,4,103,1035500,10053,Pośrednik,,5,https://adresowo.pl/o/mieszkanie-poznan-morasko-4-pokojowe-103-m2-r0p6i2,https://s2.adresowa.pl/oi/2f/54/40d63e_57c0_cover@2x-4-pokojowe-mieszkanie-poznan-morasko.webp
Poznań Winogrady,os. Zwycięstwa,4,64,598000,9344,bez pośredników,,15,https://adresowo.pl/o/mieszkanie-poznan-winogrady-os-zwyciestwa-4-pokojowe-r0v4l8,https://s2.adresowa.pl/oi/78/5a/40f062_abd4_cover@2x-4-pokojowe-mieszkanie-poznan-winogrady-os-zwyciestwa.webp
Poznań Grunwald,ul. Leśnych Skrzatów,3,55,849900,15453,bez pośredników,,21,https://adresowo.pl/o/mieszkanie-poznan-grunwald-ul-lesnych-skrzatow-3-pokojowe-c4z9l8,https://s2.adresowa.pl/oi/75/31/40ebd4_fd90_cover@2x-3-pokojowe-mieszkanie-poznan-grunwald-ul-lesnych-skrzatow.webp
Poznań Grunwald,ul. Raszyńska,3,51,663500,13010,bez pośredników,,11,https://adresowo.pl/o/mieszkanie-poznan-grunwald-ul-raszynska-3-pokojowe-j7q5h1,https://s2.adresowa.pl/oi/7c/52/40eaa0_d530_cover@2x-3-pokojowe-mieszkanie-poznan-grunwald-ul-raszynska.webp
Poznań Grunwald,ul. Grunwaldzka,3,95,980000,10316,Pośrednik,,13,https://adresowo.pl/o/mieszkanie-poznan-grunwald-ul-grunwaldzka-3-pokojowe-b6m7q4,https://s2.adresowa.pl/oi/47/30/40d634_8b4e_cover@2x-3-pokojowe-mieszkanie-poznan-grunwald-ul-grunwaldzka.webp
Poznań Stare Miasto,ul. Grobla 29A,2,25,370000,14800,Pośrednik,,7,https://adresowo.pl/o/mieszkanie-poznan-stare-miasto-ul-grobla-2-pokojowe-v5a3a1,https://s2.adresowa.pl/oi/6d/4f/40d62e_5ec7_cover@2x-2-pokojowe-mieszkanie-poznan-stare-miasto-ul-grobla.webp
Poznań Łazarz,ul. Emilii Sczanieckiej,2,71,950000,13380,bez pośredników,,22,https://adresowo.pl/o/mieszkanie-poznan-lazarz-ul-emilii-sczanieckiej-2-pokojowe-y8c2e2,https://s2.adresowa.pl/oi/78/5f/40ea90_a9b4_cover@2x-2-pokojowe-mieszkanie-poznan-lazarz-ul-emilii-sczanieckiej.webp
Poznań Centrum,ul. Wierzbięcice,1,32,399000,12469,bez pośredników,,10,https://adresowo.pl/o/mieszkanie-poznan-centrum-ul-wierzbiecice-1-pokoj-t0f6c0,https://s2.adresowa.pl/oi/1b/25/40e964_b621_cover@2x-1-pokojowe-mieszkanie-poznan-centrum-ul-wierzbiecice.webp
Poznań Naramowice,ul. Karpia,3,60,849000,14150,bez pośredników,,21,https://adresowo.pl/o/mieszkanie-poznan-naramowice-ul-karpia-3-pokojowe-l4h4p2,https://s2.adresowa.pl/oi/64/76/40e9fe_e4e5_cover@2x-3-pokojowe-mieszkanie-poznan-naramowice-ul-karpia.webp
Poznań,Ogrody,5,155,1500000,9677,Pośrednik,,16,https://adresowo.pl/o/mieszkanie-poznan-ogrody-5-pokojowe-155-m2-d8k3u7,https://s2.adresowa.pl/oi/6b/26/40d626_91b7_cover@2x-5-pokojowe-mieszkanie-poznan-ogrody.webp
Poznań Łazarz,ul. Kolejowa,2,26,399000,15346,Pośrednik,,12,https://adresowo.pl/o/mieszkanie-poznan-lazarz-ul-kolejowa-2-pokojowe-r8s8o3,https://s2.adresowa.pl/oi/2f/52/40d61c_815e_cover@2x-2-pokojowe-mieszkanie-poznan-lazarz-ul-kolejowa.webp
Poznań Wzgórze Przemysława,ul. Folwarczna,1,39,445000,11410,bez pośredników,,8,https://adresowo.pl/o/mieszkanie-poznan-wzgorze-przemyslawa-ul-folwarczna-1-pokoj-t7j5q6,https://s2.adresowa.pl/oi/28/76/40e960_8707_cover@2x-1-pokojowe-mieszkanie-poznan-wzgorze-przemyslawa-ul-folwarczna.webp
Poznań Ogrody,pl. Ludwika Waryńskiego,3,63,800000,12698,bez pośredników,,9,https://adresowo.pl/o/mieszkanie-poznan-ogrody-pl-ludwika-warynskiego-3-pokojowe-t0o0m3,https://s2.adresowa.pl/oi/62/4e/40e890_7ac9_cover@2x-3-pokojowe-mieszkanie-poznan-ogrody-pl-ludwika-warynskiego.webp
Poznań Jeżyce,ul. Cypriana Kamila Norwida,2,38,490000,12895,bez pośredników,,8,https://adresowo.pl/o/mieszkanie-poznan-jezyce-ul-cypriana-kamila-norwida-2-pokojowe-g5x1n3,https://s2.adresowa.pl/oi/6e/21/40e866_b965_cover@2x-2-pokojowe-mieszkanie-poznan-jezyce-ul-cypriana-kamila-norwida.webp
Poznań Wilda,ul. Władysława Sikorskiego 40,1,31,501440,16175,Pośrednik,,8,https://adresowo.pl/o/mieszkanie-poznan-wilda-ul-wladyslawa-sikorskiego-1-pokoj-x0r2f6,https://s2.adresowa.pl/oi/69/17/40d61a_c90c_cover@2x-1-pokojowe-mieszkanie-poznan-wilda-ul-wladyslawa-sikorskiego.webp
Poznań,Grunwald,3,69,990000,14348,Pośrednik,,21,https://adresowo.pl/o/mieszkanie-poznan-grunwald-3-pokojowe-69-m2-z2q9m4,https://s2.adresowa.pl/oi/58/3a/40d614_8f46_cover@2x-3-pokojowe-mieszkanie-poznan-grunwald.webp
Poznań Piątkowo,os. Jana III Sobieskiego,3,63,670000,10635,bez pośredników,,19,https://adresowo.pl/o/mieszkanie-poznan-piatkowo-os-jana-iii-sobieskiego-3-pokojowe-k0f7z5,https://s2.adresowa.pl/oi/3b/47/40e7c0_8577_cover@2x-3-pokojowe-mieszkanie-poznan-piatkowo-os-jana-iii-sobieskiego.webp
Poznań Naramowice,os. Władysława Łokietka,3,59,620000,10508,bez pośredników,,11,https://adresowo.pl/o/mieszkanie-poznan-naramowice-os-wladyslawa-lokietka-3-pokojowe-l4f2d3,https://s2.adresowa.pl/oi/33/5c/40e724_38df_cover@2x-3-pokojowe-mieszkanie-poznan-naramowice-os-wladyslawa-lokietka.webp
Poznań Podolany,ul. Edwarda Raczyńskiego,1,31,319000,10290,bez pośredników,,9,https://adresowo.pl/o/mieszkanie-poznan-podolany-ul-edwarda-raczynskiego-1-pokoj-o0j1f2,https://s2.adresowa.pl/oi/24/4d/40e4a2_539f_cover@2x-1-pokojowe-mieszkanie-poznan-podolany-ul-edwarda-raczynskiego.webp
Poznań Łazarz,ul. Hetmańska,3,85,599000,7047,Pośrednik,,9,https://adresowo.pl/o/mieszkanie-poznan-lazarz-ul-hetmanska-3-pokojowe-y1w6c6,https://s2.adresowa.pl/oi/13/5e/40d600_abb5_cover@2x-3-pokojowe-mieszkanie-poznan-lazarz-ul-hetmanska.webp
Poznań,Starołęka,3,66,765100,11592,Pośrednik,,13,https://adresowo.pl/o/mieszkanie-poznan-staroleka-3-pokojowe-66-m2-a7e8q4,https://s2.adresowa.pl/oi/7c/22/40d5fc_9cb5_cover@2x-3-pokojowe-mieszkanie-poznan-staroleka.webp
Poznań Rataje,os. Oświecenia 57,3,77,610000,7922,bez pośredników,,3,https://adresowo.pl/o/mieszkanie-poznan-rataje-os-oswiecenia-3-pokojowe-w5l7j1,https://s2.adresowa.pl/oi/55/46/40e49a_ca1e_cover@2x-3-pokojowe-mieszkanie-poznan-rataje-os-oswiecenia.webp
Poznań Nowe Miasto,ul. Milczańska,2,49,720000,14694,bez pośredników,,20,https://adresowo.pl/o/mieszkanie-poznan-nowe-miasto-ul-milczanska-2-pokojowe-q2t4o3,https://s2.adresowa.pl/oi/56/1d/40ddec_9566_cover@2x-2-pokojowe-mieszkanie-poznan-nowe-miasto-ul-milczanska.webp
Poznań Rataje,os. Oświecenia,3,77,665000,8636,bez pośredników,,17,https://adresowo.pl/o/mieszkanie-poznan-rataje-os-oswiecenia-3-pokojowe-s2o5i6,https://s2.adresowa.pl/oi/48/19/40ddbc_b68d_cover@2x-3-pokojowe-mieszkanie-poznan-rataje-os-oswiecenia.webp
Poznań,ul. Polanka 21,3,56,738270,13183,Pośrednik,,6,https://adresowo.pl/o/mieszkanie-poznan-ul-polanka-3-pokojowe-y6w4m9,https://s2.adresowa.pl/oi/26/75/40d5fa_55d6_cover@2x-3-pokojowe-mieszkanie-poznan-ul-polanka.webp
Poznań Wilda,ul. Władysława Sikorskiego 40,1,27,419342,15531,Pośrednik,,8,https://adresowo.pl/o/mieszkanie-poznan-wilda-ul-wladyslawa-sikorskiego-1-pokoj-x2c7c6,https://s2.adresowa.pl/oi/17/70/40d5f8_a506_cover@2x-1-pokojowe-mieszkanie-poznan-wilda-ul-wladyslawa-sikorskiego.webp
Poznań,ul. Pobiedziska,2,54,599000,11093,bez pośredników,,1,https://adresowo.pl/o/mieszkanie-poznan-ul-pobiedziska-2-pokojowe-y7t2z3,https://s2.adresowa.pl/oi/40/57/40dd0c_ddcb_cover@2x-2-pokojowe-mieszkanie-poznan-ul-pobiedziska.webp
Poznań Piątkowo,os. Bolesława Chrobrego,5,62,550000,8871,bez pośredników,,19,https://adresowo.pl/o/mieszkanie-poznan-piatkowo-os-boleslawa-chrobrego-5-pokojowe-e5o1k9,https://s2.adresowa.pl/oi/72/49/40db18_d537_cover@2x-5-pokojowe-mieszkanie-poznan-piatkowo-os-boleslawa-chrobrego.webp
Poznań Grunwald,ul. Belwederska,2,51,789000,15471,bez pośredników,,17,https://adresowo.pl/o/mieszkanie-poznan-grunwald-ul-belwederska-2-pokojowe-s1t1s6,https://s2.adresowa.pl/oi/67/17/40db10_fc2f_cover@2x-2-pokojowe-mieszkanie-poznan-grunwald-ul-belwederska.webp
Poznań Jeżyce,ul. Stanisława Staszica,4,217,799000,3682,Pośrednik,,12,https://adresowo.pl/o/mieszkanie-poznan-jezyce-ul-stanislawa-staszica-4-pokojowe-k7i0h7,https://s2.adresowa.pl/oi/3b/56/40cf9a_ef3f_cover@2x-4-pokojowe-mieszkanie-poznan-jezyce-ul-stanislawa-staszica.webp
Poznań Jeżyce,ul. Stanisława Staszica,3,89,699000,7854,Pośrednik,,20,https://adresowo.pl/o/mieszkanie-poznan-jezyce-ul-stanislawa-staszica-3-pokojowe-s0n5g3,https://s2.adresowa.pl/oi/65/1c/40cf92_c715_cover@2x-3-pokojowe-mieszkanie-poznan-jezyce-ul-stanislawa-staszica.webp
Poznań,Stare Miasto,2,39,699000,17923,bez pośredników,,11,https://adresowo.pl/o/mieszkanie-poznan-stare-miasto-2-pokojowe-39-m2-r0t2i4,https://s2.adresowa.pl/oi/6e/79/40da58_91e2_cover@2x-2-pokojowe-mieszkanie-poznan-stare-miasto.webp
Poznań,Łazarz,1,26,399900,15381,bez pośredników,,8,https://adresowo.pl/o/mieszkanie-poznan-lazarz-1-pokoj-26-m2-z3t8f3,https://s2.adresowa.pl/oi/2d/71/40da22_74e1_cover@2x-1-pokojowe-mieszkanie-poznan-lazarz.webp
Poznań Rataje,ul. Mieszkowska,1,24,350000,14583,bez pośredników,,8,https://adresowo.pl/o/mieszkanie-poznan-rataje-ul-mieszkowska-1-pokoj-q2r0y3,https://s2.adresowa.pl/oi/2c/30/40d9e8_c188_cover@2x-1-pokojowe-mieszkanie-poznan-rataje-ul-mieszkowska.webp
Poznań Jeżyce,ul. Stanisława Staszica,3,88,779000,8852,Pośrednik,,22,https://adresowo.pl/o/mieszkanie-poznan-jezyce-ul-stanislawa-staszica-3-pokojowe-f2i6f5,https://s2.adresowa.pl/oi/19/34/40cf90_5614_cover@2x-3-pokojowe-mieszkanie-poznan-jezyce-ul-stanislawa-staszica.webp
Poznań Zawady,ul. Główna,2,49,399999,8163,Pośrednik,,11,https://adresowo.pl/o/mieszkanie-poznan-zawady-ul-glowna-2-pokojowe-v0u0e4,https://s2.adresowa.pl/oi/4a/33/40cb56_6848_cover@2x-2-pokojowe-mieszkanie-poznan-zawady-ul-glowna.webp
Poznań Łazarz,ul. Kazimierza Jarochowskiego,3,65,899000,13831,bez pośredników,,19,https://adresowo.pl/o/mieszkanie-poznan-lazarz-ul-kazimierza-jarochowskiego-3-pokojowe-v0u9b6,https://s2.adresowa.pl/oi/30/39/40d95c_9638_cover@2x-3-pokojowe-mieszkanie-poznan-lazarz-ul-kazimierza-jarochowskiego.webp
Poznań Grunwald,ul. Jana Keplera,4,73,755000,10342,bez pośredników,,21,https://adresowo.pl/o/mieszkanie-poznan-grunwald-ul-jana-keplera-4-pokojowe-p5y3y8,https://s2.adresowa.pl/oi/2d/5a/40d6fa_e9ba_cover@2x-4-pokojowe-mieszkanie-poznan-grunwald-ul-jana-keplera.webp
Poznań Grunwald,ul. Jugosłowiańska,3,62,752400,12135,bez pośredników,,21,https://adresowo.pl/o/mieszkanie-poznan-grunwald-ul-jugoslowianska-3-pokojowe-b8v6b1,https://s2.adresowa.pl/oi/17/53/40d512_ef61_cover@2x-3-pokojowe-mieszkanie-poznan-grunwald-ul-jugoslowianska.webp
Poznań Centrum,ul. Półwiejska 47,2,44,860340,19553,Pośrednik,,18,https://adresowo.pl/o/mieszkanie-poznan-centrum-ul-polwiejska-2-pokojowe-w0f0w9,https://s2.adresowa.pl/oi/4d/2a/40c302_5581_cover@2x-2-pokojowe-mieszkanie-poznan-centrum-ul-polwiejska.webp
Poznań Naramowice,ul. Błażeja,2,49,585000,11939,Pośrednik,,15,https://adresowo.pl/o/mieszkanie-poznan-naramowice-ul-blazeja-2-pokojowe-g5m0s6,https://s2.adresowa.pl/oi/23/46/40bbae_5591_cover@2x-2-pokojowe-mieszkanie-poznan-naramowice-ul-blazeja.webp
Poznań Stare Miasto,os. Bolesława Śmiałego,3,67,890000,13284,bez pośredników,,12,https://adresowo.pl/o/mieszkanie-poznan-stare-miasto-os-boleslawa-smialego-3-pokojowe-n7p1e5,https://s2.adresowa.pl/oi/1d/26/40d418_6201_cover@2x-3-pokojowe-mieszkanie-poznan-stare-miasto-os-boleslawa-smialego.webp
Poznań Grunwald,ul. Józefa Chełmońskiego,1,39,625000,16026,bez pośredników,,10,https://adresowo.pl/o/mieszkanie-poznan-grunwald-ul-jozefa-chelmonskiego-1-pokoj-x8u7a5,https://s2.adresowa.pl/oi/51/13/40d2bc_7a3a_cover@2x-1-pokojowe-mieszkanie-poznan-grunwald-ul-jozefa-chelmonskiego.webp
Poznań Nowe Miasto,ul. Polanka,2,54,786000,14556,bez pośredników,,12,https://adresowo.pl/o/mieszkanie-poznan-nowe-miasto-ul-polanka-2-pokojowe-b6i6k8,https://s2.adresowa.pl/oi/35/58/40d252_7e9f_cover@2x-2-pokojowe-mieszkanie-poznan-nowe-miasto-ul-polanka.webp
Poznań Chartowo,os. Lecha,3,53,530000,10000,Pośrednik,,18,https://adresowo.pl/o/mieszkanie-poznan-chartowo-os-lecha-3-pokojowe-q1e8l0,https://s2.adresowa.pl/oi/65/73/40b532_e38e_cover@2x-3-pokojowe-mieszkanie-poznan-chartowo-os-lecha.webp
Poznań Wilda,ul. Jana Umińskiego,2,35,459000,13114,Pośrednik,,17,https://adresowo.pl/o/mieszkanie-poznan-wilda-ul-jana-uminskiego-2-pokojowe-b7y5g3,https://s2.adresowa.pl/oi/4c/1f/40af6c_3645_cover@2x-2-pokojowe-mieszkanie-poznan-wilda-ul-jana-uminskiego.webp
Poznań Nowe Miasto,ul. Inflancka,2,46,749000,16283,bez pośredników,,15,https://adresowo.pl/o/mieszkanie-poznan-nowe-miasto-ul-inflancka-2-pokojowe-i6h9a2,https://s2.adresowa.pl/oi/7c/64/40cfb6_5d70_cover@2x-2-pokojowe-mieszkanie-poznan-nowe-miasto-ul-inflancka.webp
Poznań Wilda,ul. Antoniego Kosińskiego,2,43,599000,13930,bez pośredników,,8,https://adresowo.pl/o/mieszkanie-poznan-wilda-ul-antoniego-kosinskiego-2-pokojowe-p1a4j4,https://s2.adresowa.pl/oi/23/6c/40d0d8_3b99_cover@2x-2-pokojowe-mieszkanie-poznan-wilda-ul-antoniego-kosinskiego.webp
Poznań,Dębiec,2,45,439000,9756,bez pośredników,,5,https://adresowo.pl/o/mieszkanie-poznan-debiec-2-pokojowe-45-m2-e5e9t6,https://s2.adresowa.pl/oi/37/3c/40d028_568f_cover@2x-2-pokojowe-mieszkanie-poznan-debiec.webp
Poznań Jeżyce,ul. Stanisława Barańczaka,2,36,695000,19306,Pośrednik,,19,https://adresowo.pl/o/mieszkanie-poznan-jezyce-ul-stanislawa-baranczaka-2-pokojowe-d8e0o5,https://s2.adresowa.pl/oi/14/53/40a4b8_981d_cover@2x-2-pokojowe-mieszkanie-poznan-jezyce-ul-stanislawa-baranczaka.webp
Poznań Nowe Miasto,os. Przemysława,4,84,799000,9512,Pośrednik,,13,https://adresowo.pl/o/mieszkanie-poznan-nowe-miasto-os-przemyslawa-4-pokojowe-m9e2q7,https://s2.adresowa.pl/oi/1c/29/40a2f8_d88e_cover@2x-4-pokojowe-mieszkanie-poznan-nowe-miasto-os-przemyslawa.webp
Poznań Stare Miasto,ul. Mostowa,1,38,499000,13132,bez pośredników,,7,https://adresowo.pl/o/mieszkanie-poznan-stare-miasto-ul-mostowa-1-pokoj-o4z5t6,https://s2.adresowa.pl/oi/46/4d/40d01c_5c80_cover@2x-1-pokojowe-mieszkanie-poznan-stare-miasto-ul-mostowa.webp
Poznań Winogrady,ul. Szelągowska,5,144,3999000,27771,bez pośredników,,21,https://adresowo.pl/o/mieszkanie-poznan-winogrady-ul-szelagowska-5-pokojowe-a4j1w1,https://s2.adresowa.pl/oi/7e/62/40cfee_cbcc_cover@2x-5-pokojowe-mieszkanie-poznan-winogrady-ul-szelagowska.webp
Poznań Rataje,os. Piastowskie,2,43,470000,10930,bez pośredników,,6,https://adresowo.pl/o/mieszkanie-poznan-rataje-os-piastowskie-2-pokojowe-j3u6p7,https://s2.adresowa.pl/oi/16/22/40cee2_6f73_cover@2x-2-pokojowe-mieszkanie-poznan-rataje-os-piastowskie.webp
Poznań Chwaliszewo,ul. Tylne Chwaliszewo,2,102,2814075,27589,Pośrednik,,17,https://adresowo.pl/o/mieszkanie-poznan-chwaliszewo-ul-tylne-chwaliszewo-2-pokojowe-l7x0x3,https://s2.adresowa.pl/oi/6e/5c/40a2f0_650e_cover@2x-2-pokojowe-mieszkanie-poznan-chwaliszewo-ul-tylne-chwaliszewo.webp
Poznań Jeżyce,ul. Cypriana Kamila Norwida 15,2,46,499000,10848,Pośrednik,,19,https://adresowo.pl/o/mieszkanie-poznan-jezyce-ul-cypriana-kamila-norwida-2-pokojowe-x7z3f5,https://s2.adresowa.pl/oi/2a/20/40a028_2e62_cover@2x-2-pokojowe-mieszkanie-poznan-jezyce-ul-cypriana-kamila-norwida.webp
Poznań,os. Zwycięstwa,3,65,599000,9215,bez pośredników,,20,https://adresowo.pl/o/mieszkanie-poznan-os-zwyciestwa-3-pokojowe-x8q8f4,https://s2.adresowa.pl/oi/7e/42/40ceda_ea85_cover@2x-3-pokojowe-mieszkanie-poznan-os-zwyciestwa.webp
Poznań Żegrze,os. Orła Białego,3,65,724000,11138,bez pośredników,,11,https://adresowo.pl/o/mieszkanie-poznan-zegrze-os-orla-bialego-3-pokojowe-r5u0o8,https://s2.adresowa.pl/oi/67/59/40ce88_db33_cover@2x-3-pokojowe-mieszkanie-poznan-zegrze-os-orla-bialego.webp
Poznań Dolna Wilda,ul. Dezyderego Chłapowskiego,3,65,1180000,18154,bez pośredników,,17,https://adresowo.pl/o/mieszkanie-poznan-dolna-wilda-ul-dezyderego-chlapowskiego-3-pokojowe-o2n3n0,https://s2.adresowa.pl/oi/27/73/40ce52_71ac_cover@2x-3-pokojowe-mieszkanie-poznan-dolna-wilda-ul-dezyderego-chlapowskiego.webp
Poznań Smochowice,ul. Człopska,3,88,899000,10216,Pośrednik,,17,https://adresowo.pl/o/mieszkanie-poznan-smochowice-ul-czlopska-3-pokojowe-p1w1d4,https://s2.adresowa.pl/oi/37/1a/409dbc_a445_cover@2x-3-pokojowe-mieszkanie-poznan-smochowice-ul-czlopska.webp
Poznań Winogrady,os. Wichrowe Wzgórze,3,47,549000,11681,Pośrednik,,20,https://adresowo.pl/o/mieszkanie-poznan-winogrady-os-wichrowe-wzgorze-3-pokojowe-s4z8p7,https://s2.adresowa.pl/oi/6a/40/409db2_3c89_cover@2x-3-pokojowe-mieszkanie-poznan-winogrady-os-wichrowe-wzgorze.webp
Poznań Grunwald,ul. Pogodna,2,44,595000,13523,bez pośredników,,15,https://adresowo.pl/o/mieszkanie-poznan-grunwald-ul-pogodna-2-pokojowe-e6v4q4,https://s2.adresowa.pl/oi/50/35/40cb1e_5e38_cover@2x-2-pokojowe-mieszkanie-poznan-grunwald-ul-pogodna.webp
Poznań Wilda,ul. Fabryczna,1,34,395000,11618,bez pośredników,,29,https://adresowo.pl/o/mieszkanie-poznan-wilda-ul-fabryczna-1-pokoj-w5x1o4,https://s2.adresowa.pl/oi/62/30/40c9ba_9bdb_cover@2x-1-pokojowe-mieszkanie-poznan-wilda-ul-fabryczna.webp
Poznań Winogrady,os. Kosmonautów,4,64,699000,10922,bez pośredników,,19,https://adresowo.pl/o/mieszkanie-poznan-winogrady-os-kosmonautow-4-pokojowe-c2t6b1,https://s2.adresowa.pl/oi/51/5f/40c6e2_581b_cover@2x-4-pokojowe-mieszkanie-poznan-winogrady-os-kosmonautow.webp
Poznań Centrum,ul. Żydowska,2,45,652790,14506,Pośrednik,,9,https://adresowo.pl/o/mieszkanie-poznan-centrum-ul-zydowska-2-pokojowe-z7t2k9,https://s2.adresowa.pl/oi/1c/20/409b1e_f24e_cover@2x-2-pokojowe-mieszkanie-poznan-centrum-ul-zydowska.webp
Poznań Naramowice,ul. Sarmacka 8,2,42,459000,10929,Pośrednik,,20,https://adresowo.pl/o/mieszkanie-poznan-naramowice-ul-sarmacka-2-pokojowe-y4m5f2,https://s2.adresowa.pl/oi/7c/5e/408b54_c81f_cover@2x-2-pokojowe-mieszkanie-poznan-naramowice-ul-sarmacka.webp
Poznań Stare Miasto,ul. Maków Polnych,1,30,488000,16267,bez pośredników,,19,https://adresowo.pl/o/mieszkanie-poznan-stare-miasto-ul-makow-polnych-1-pokoj-l5t3x2,https://s2.adresowa.pl/oi/27/12/40c5f6_cd1a_cover@2x-1-pokojowe-mieszkanie-poznan-stare-miasto-ul-makow-polnych.webp
Poznań Grunwald,ul. Bukowska,2,28,420000,15000,bez pośredników,,15,https://adresowo.pl/o/mieszkanie-poznan-grunwald-ul-bukowska-2-pokojowe-d7g3d1,https://s2.adresowa.pl/oi/1f/18/40c4da_69d7_cover@2x-2-pokojowe-mieszkanie-poznan-grunwald-ul-bukowska.webp
Poznań Naramowice,ul. Karpia,1,36,479000,13306,bez pośredników,,15,https://adresowo.pl/o/mieszkanie-poznan-naramowice-ul-karpia-1-pokoj-c3u8f3,https://s2.adresowa.pl/oi/51/76/40c2e0_d99d_cover@2x-1-pokojowe-mieszkanie-poznan-naramowice-ul-karpia.webp
Poznań Grunwald,ul. Macieja Palacza 122E,2,47,549000,11681,Pośrednik,,13,https://adresowo.pl/o/mieszkanie-poznan-grunwald-ul-macieja-palacza-2-pokojowe-q7c7u5,https://s2.adresowa.pl/oi/72/6e/408186_6cdf_cover@2x-2-pokojowe-mieszkanie-poznan-grunwald-ul-macieja-palacza.webp
Poznań Naramowice,ul. Jasna Rola 36,3,76,980000,12895,Pośrednik,,22,https://adresowo.pl/o/mieszkanie-poznan-naramowice-ul-jasna-rola-3-pokojowe-s4p9p0,https://s2.adresowa.pl/oi/30/4d/40732a_85a9_cover@2x-3-pokojowe-mieszkanie-poznan-naramowice-ul-jasna-rola.webp
Poznań Łazarz,ul. Floriana Stablewskiego,4,71,770000,10845,bez pośredników,,14,https://adresowo.pl/o/mieszkanie-poznan-lazarz-ul-floriana-stablewskiego-4-pokojowe-z0n3p5,https://s2.adresowa.pl/oi/44/41/40c2da_b2b5_cover@2x-4-pokojowe-mieszkanie-poznan-lazarz-ul-floriana-stablewskiego.webp
Poznań Rataje,os. Piastowskie,3,44,620000,14091,bez pośredników,,3,https://adresowo.pl/o/mieszkanie-poznan-rataje-os-piastowskie-3-pokojowe-c8j5k6,https://s2.adresowa.pl/oi/3c/7e/40c1ce_8b4c_cover@2x-3-pokojowe-mieszkanie-poznan-rataje-os-piastowskie.webp
Poznań,Łazarz,1,32,449000,14031,bez pośredników,,8,https://adresowo.pl/o/mieszkanie-poznan-lazarz-1-pokoj-32-m2-d1b7u3,https://s2.adresowa.pl/oi/1f/2a/40c14e_2c2d_cover@2x-1-pokojowe-mieszkanie-poznan-lazarz.webp
Poznań Piątkowo,ul. Teofila Mateckiego,1,35,489000,13971,Pośrednik,,13,https://adresowo.pl/o/mieszkanie-poznan-piatkowo-ul-teofila-mateckiego-1-pokoj-q7a3p9,https://s2.adresowa.pl/oi/77/2f/407322_39b3_cover@2x-1-pokojowe-mieszkanie-poznan-piatkowo-ul-teofila-mateckiego.webp
Poznań Grunwald,ul. Marcelińska,2,34,475000,13971,Pośrednik,,9,https://adresowo.pl/o/mieszkanie-poznan-grunwald-ul-marcelinska-2-pokojowe-y4e2s7,https://s2.adresowa.pl/oi/77/54/406e8c_3fce_cover@2x-2-pokojowe-mieszkanie-poznan-grunwald-ul-marcelinska.webp
Poznań,Strzeszyn,2,38,520000,13684,bez pośredników,,10,https://adresowo.pl/o/mieszkanie-poznan-strzeszyn-2-pokojowe-38-m2-z4m5b5,https://s2.adresowa.pl/oi/3d/44/40c00c_c362_cover@2x-2-pokojowe-mieszkanie-poznan-strzeszyn.webp
Poznań Wilda,ul. Rolna,2,47,580000,12340,bez pośredników,,30,https://adresowo.pl/o/mieszkanie-poznan-wilda-ul-rolna-2-pokojowe-p1m5t3,https://s2.adresowa.pl/oi/44/22/40bdda_889c_cover@2x-2-pokojowe-mieszkanie-poznan-wilda-ul-rolna.webp
Poznań Grunwald,ul. Bukowska 30,2,55,529000,9618,bez pośredników,,18,https://adresowo.pl/o/mieszkanie-poznan-grunwald-ul-bukowska-2-pokojowe-o6x4w2,https://s2.adresowa.pl/oi/13/1c/40bcf8_3794_cover@2x-2-pokojowe-mieszkanie-poznan-grunwald-ul-bukowska.webp
Poznań Centrum,ul. Mostowa,2,29,549000,18931,Pośrednik,,12,https://adresowo.pl/o/mieszkanie-poznan-centrum-ul-mostowa-2-pokojowe-m7k5s6,https://s2.adresowa.pl/oi/19/31/406e84_701b_cover@2x-2-pokojowe-mieszkanie-poznan-centrum-ul-mostowa.webp
Poznań Ławica,ul. Złotowska,3,57,748000,13123,Pośrednik,,21,https://adresowo.pl/o/mieszkanie-poznan-lawica-ul-zlotowska-3-pokojowe-u3h1k7,https://s2.adresowa.pl/oi/19/7a/406e72_d20c_cover@2x-3-pokojowe-mieszkanie-poznan-lawica-ul-zlotowska.webp
Poznań Stare Miasto,ul. Strzelecka,1,27,379000,14037,bez pośredników,,6,https://adresowo.pl/o/mieszkanie-poznan-stare-miasto-ul-strzelecka-1-pokoj-n6d2h0,https://s2.adresowa.pl/oi/2b/72/40bae6_b37b_cover@2x-1-pokojowe-mieszkanie-poznan-stare-miasto-ul-strzelecka.webp
Poznań Grunwald,ul. Jeleniogórska,3,73,1099000,15055,bez pośredników,,16,https://adresowo.pl/o/mieszkanie-poznan-grunwald-ul-jeleniogorska-3-pokojowe-k8l9w2,https://s2.adresowa.pl/oi/26/3c/40ba50_6d77_cover@2x-3-pokojowe-mieszkanie-poznan-grunwald-ul-jeleniogorska.webp
Poznań Naramowice,ul. Naramowicka,2,48,830000,17292,bez pośredników,,16,https://adresowo.pl/o/mieszkanie-poznan-naramowice-ul-naramowicka-2-pokojowe-t7e0o9,https://s2.adresowa.pl/oi/48/64/40b916_4a32_cover@2x-2-pokojowe-mieszkanie-poznan-naramowice-ul-naramowicka.webp
Poznań Stare Miasto,ul. Grobla,1,27,379999,14074,Pośrednik,,13,https://adresowo.pl/o/mieszkanie-poznan-stare-miasto-ul-grobla-1-pokoj-x5l6f6,https://s2.adresowa.pl/oi/7e/30/406e6e_9fc7_cover@2x-1-pokojowe-mieszkanie-poznan-stare-miasto-ul-grobla.webp
Poznań Ogrody,ul. Zofii Nałkowskiej,3,69,1360000,19710,Pośrednik,,23,https://adresowo.pl/o/mieszkanie-poznan-ogrody-ul-zofii-nalkowskiej-3-pokojowe-i5m6p9,https://s2.adresowa.pl/oi/78/61/4069f6_5e13_cover@2x-3-pokojowe-mieszkanie-poznan-ogrody-ul-zofii-nalkowskiej.webp
Poznań Nowe Miasto,ul. Mogileńska,3,67,950000,14179,bez pośredników,,15,https://adresowo.pl/o/mieszkanie-poznan-nowe-miasto-ul-mogilenska-3-pokojowe-v4u2m2,https://s2.adresowa.pl/oi/56/4b/40b7ec_9e3d_cover@2x-3-pokojowe-mieszkanie-poznan-nowe-miasto-ul-mogilenska.webp
Poznań,Rataje,1,24,410000,17083,bez pośredników,,5,https://adresowo.pl/o/mieszkanie-poznan-rataje-1-pokoj-24-m2-s8m6x7,https://s2.adresowa.pl/oi/6c/30/40b7cc_b3ae_cover@2x-1-pokojowe-mieszkanie-poznan-rataje.webp
Poznań,Naramowice,3,55,860000,15636,bez pośredników,,10,https://adresowo.pl/o/mieszkanie-poznan-naramowice-3-pokojowe-55-m2-f9y4v4,https://s2.adresowa.pl/oi/63/7a/40b19a_34c6_cover@2x-3-pokojowe-mieszkanie-poznan-naramowice.webp
Poznań Grunwald,ul. Grochowska,2,33,435000,13182,Pośrednik,,18,https://adresowo.pl/o/mieszkanie-poznan-grunwald-ul-grochowska-2-pokojowe-g8x4c9,https://s2.adresowa.pl/oi/4f/3b/40638c_a91e_cover@2x-2-pokojowe-mieszkanie-poznan-grunwald-ul-grochowska.webp
Poznań Grunwald,ul. Grochowska 40,2,55,499000,9073,Pośrednik,,18,https://adresowo.pl/o/mieszkanie-poznan-grunwald-ul-grochowska-2-pokojowe-o6r4p4,https://s2.adresowa.pl/oi/30/48/404bbc_a11c_cover@2x-2-pokojowe-mieszkanie-poznan-grunwald-ul-grochowska.webp
Poznań Grunwald,ul. Kamiennogórska,3,76,990000,13026,bez pośredników,,8,https://adresowo.pl/o/mieszkanie-poznan-grunwald-ul-kamiennogorska-3-pokojowe-x8t2t1,https://s2.adresowa.pl/oi/42/73/40b06e_f7aa_cover@2x-3-pokojowe-mieszkanie-poznan-grunwald-ul-kamiennogorska.webp
Poznań Winogrady,ul. Hawelańska,1,30,495000,16500,bez pośredników,,6,https://adresowo.pl/o/mieszkanie-poznan-winogrady-ul-hawelanska-1-pokoj-c9q3v7,https://s2.adresowa.pl/oi/39/23/40afbe_2b8d_cover@2x-1-pokojowe-mieszkanie-poznan-winogrady-ul-hawelanska.webp
Poznań Jeżyce,ul. Stefana Żeromskiego,2,45,610000,13556,bez pośredników,,12,https://adresowo.pl/o/mieszkanie-poznan-jezyce-ul-stefana-zeromskiego-2-pokojowe-e8t6d2,https://s2.adresowa.pl/oi/1b/7a/40a9a4_77b6_cover@2x-2-pokojowe-mieszkanie-poznan-jezyce-ul-stefana-zeromskiego.webp
Poznań Naramowice,ul. Czarnucha,3,92,1100000,11957,Pośrednik,,27,https://adresowo.pl/o/mieszkanie-poznan-naramowice-ul-czarnucha-3-pokojowe-p3x6l5,https://s2.adresowa.pl/oi/5d/54/40444a_d061_cover@2x-3-pokojowe-mieszkanie-poznan-naramowice-ul-czarnucha.webp
Poznań Rataje,os. Armii Krajowej,3,64,570000,8906,Pośrednik,,11,https://adresowo.pl/o/mieszkanie-poznan-rataje-os-armii-krajowej-3-pokojowe-x1r2k8,https://s2.adresowa.pl/oi/4b/26/4030dc_df72_cover@2x-3-pokojowe-mieszkanie-poznan-rataje-os-armii-krajowej.webp
Poznań Górczyn,ul. Górki,2,52,790000,15192,bez pośredników,,8,https://adresowo.pl/o/mieszkanie-poznan-gorczyn-ul-gorki-2-pokojowe-d4p0e7,https://s2.adresowa.pl/oi/37/1f/40a88c_92a8_cover@2x-2-pokojowe-mieszkanie-poznan-gorczyn-ul-gorki.webp
Poznań Jeżyce,ul. gen. Stanisława Maczka,1,28,330000,11786,bez pośredników,,5,https://adresowo.pl/o/mieszkanie-poznan-jezyce-ul-gen-stanislawa-maczka-1-pokoj-l4w4b8,https://s2.adresowa.pl/oi/29/23/40a860_4548_cover@2x-1-pokojowe-mieszkanie-poznan-jezyce-ul-gen-stanislawa-maczka.webp
Poznań Rataje,os. Armii Krajowej,1,23,385000,16739,bez pośredników,,8,https://adresowo.pl/o/mieszkanie-poznan-rataje-os-armii-krajowej-1-pokoj-c0s3t2,https://s2.adresowa.pl/oi/17/34/40a844_6a5e_cover@2x-1-pokojowe-mieszkanie-poznan-rataje-os-armii-krajowej.webp
Poznań Grunwald,ul. Kotowo,2,63,749000,11889,Pośrednik,,15,https://adresowo.pl/o/mieszkanie-poznan-grunwald-ul-kotowo-2-pokojowe-k5n3x0,https://s2.adresowa.pl/oi/11/65/402ade_a527_cover@2x-2-pokojowe-mieszkanie-poznan-grunwald-ul-kotowo.webp
Poznań Nadolnik,ul. Nadolnik 8,3,52,615000,11827,Pośrednik,,24,https://adresowo.pl/o/mieszkanie-poznan-nadolnik-ul-nadolnik-3-pokojowe-y8k3l8,https://s2.adresowa.pl/oi/46/1c/402002_dab5_cover@2x-3-pokojowe-mieszkanie-poznan-nadolnik-ul-nadolnik.webp
Poznań Piątkowo,os. Stefana Batorego,1,30,420000,14000,bez pośredników,,10,https://adresowo.pl/o/mieszkanie-poznan-piatkowo-os-stefana-batorego-1-pokoj-v5y8c3,https://s2.adresowa.pl/oi/3b/31/40a83a_e09e_cover@2x-1-pokojowe-mieszkanie-poznan-piatkowo-os-stefana-batorego.webp
Poznań,Jeżyce,3,60,1400000,23333,bez pośredników,,8,https://adresowo.pl/o/mieszkanie-poznan-jezyce-3-pokojowe-60-m2-i4u6c3,https://s2.adresowa.pl/oi/17/49/40a82e_be4d_cover@2x-3-pokojowe-mieszkanie-poznan-jezyce.webp
Poznań Stare Miasto,ul. Rybaki,2,56,550000,9821,bez pośredników,,1,https://adresowo.pl/o/mieszkanie-poznan-stare-miasto-ul-rybaki-2-pokojowe-j7e5e6,https://s2.adresowa.pl/oi/16/1a/40a7aa_e364_cover@2x-2-pokojowe-mieszkanie-poznan-stare-miasto-ul-rybaki.webp
Poznań Główna,ul. Główna,2,32,300000,9375,Pośrednik,,1,https://adresowo.pl/o/mieszkanie-poznan-glowna-ul-glowna-2-pokojowe-w6m8y3,https://s2.adresowa.pl/oi/11/5f/401fea_a1ae_cover@2x-2-pokojowe-mieszkanie-poznan-glowna-ul-glowna.webp
Poznań Winogrady,os. Zwycięstwa 16,2,46,469000,10196,Pośrednik,,10,https://adresowo.pl/o/mieszkanie-poznan-winogrady-os-zwyciestwa-2-pokojowe-y3h4m4,https://s2.adresowa.pl/oi/1f/32/4016f0_fe2c_cover@2x-2-pokojowe-mieszkanie-poznan-winogrady-os-zwyciestwa.webp
Poznań Grunwald,ul. Szamotulska,3,100,1159000,11590,bez pośredników,,19,https://adresowo.pl/o/mieszkanie-poznan-grunwald-ul-szamotulska-3-pokojowe-v8z9q5,https://s2.adresowa.pl/oi/44/4d/40a65e_636c_cover@2x-3-pokojowe-mieszkanie-poznan-grunwald-ul-szamotulska.webp
Poznań Naramowice,ul. Bielicowa,2,52,679000,13058,bez pośredników,,7,https://adresowo.pl/o/mieszkanie-poznan-naramowice-ul-bielicowa-2-pokojowe-w3a4q3,https://s2.adresowa.pl/oi/38/44/40a5a4_b95b_cover@2x-2-pokojowe-mieszkanie-poznan-naramowice-ul-bielicowa.webp
Poznań Chartowo,ul. Katowicka,2,48,750000,15625,bez pośredników,,8,https://adresowo.pl/o/mieszkanie-poznan-chartowo-ul-katowicka-2-pokojowe-d9k9f3,https://s2.adresowa.pl/oi/54/16/40a26a_f1ec_cover@2x-2-pokojowe-mieszkanie-poznan-chartowo-ul-katowicka.webp
Poznań Dębiec,ul. Klonowa,2,44,469000,10659,Pośrednik,,11,https://adresowo.pl/o/mieszkanie-poznan-debiec-ul-klonowa-2-pokojowe-j9l4s7,https://s2.adresowa.pl/oi/2d/76/3ff0fe_7c47_cover@2x-2-pokojowe-mieszkanie-poznan-debiec-ul-klonowa.webp
Poznań Dębiec,os. Dębina,3,63,549000,8714,Pośrednik,,10,https://adresowo.pl/o/mieszkanie-poznan-debiec-os-debina-3-pokojowe-s7d2o3,https://s2.adresowa.pl/oi/2b/55/3fef98_aed6_cover@2x-3-pokojowe-mieszkanie-poznan-debiec-os-debina.webp
Poznań Winogrady,os. Wichrowe Wzgórze,3,52,510000,9808,bez pośredników,,15,https://adresowo.pl/o/mieszkanie-poznan-winogrady-os-wichrowe-wzgorze-3-pokojowe-w7n1k3,https://s2.adresowa.pl/oi/47/24/409d2e_3d0b_cover@2x-3-pokojowe-mieszkanie-poznan-winogrady-os-wichrowe-wzgorze.webp
Poznań Dębiec,ul. Czeremchowa,3,56,711250,12701,bez pośredników,,9,https://adresowo.pl/o/mieszkanie-poznan-debiec-ul-czeremchowa-3-pokojowe-h6e1l2,https://s2.adresowa.pl/oi/64/4e/409c9c_b5f6_cover@2x-3-pokojowe-mieszkanie-poznan-debiec-ul-czeremchowa.webp
Poznań Jeżyce,ul. Wojska Polskiego,3,44,599000,13614,bez pośredników,,8,https://adresowo.pl/o/mieszkanie-poznan-jezyce-ul-wojska-polskiego-3-pokojowe-h9u6d8,https://s2.adresowa.pl/oi/44/27/409afe_39fc_cover@2x-3-pokojowe-mieszkanie-poznan-jezyce-ul-wojska-polskiego.webp
Poznań Winogrady,ul. Benedykta Dybowskiego,3,48,540000,11250,Pośrednik,,9,https://adresowo.pl/o/mieszkanie-poznan-winogrady-ul-benedykta-dybowskiego-3-pokojowe-c8e7o6,https://s2.adresowa.pl/oi/75/62/3fe64a_d704_cover@2x-3-pokojowe-mieszkanie-poznan-winogrady-ul-benedykta-dybowskiego.webp
Poznań Grunwald,ul. Rynarzewska 5,2,39,500000,12821,Pośrednik,,24,https://adresowo.pl/o/mieszkanie-poznan-grunwald-ul-rynarzewska-2-pokojowe-v9l5k4,https://s2.adresowa.pl/oi/6f/21/3fcc2a_873e_cover@2x-2-pokojowe-mieszkanie-poznan-grunwald-ul-rynarzewska.webp
Poznań Chartowo,os. Tysiąclecia,1,33,495000,15000,bez pośredników,,14,https://adresowo.pl/o/mieszkanie-poznan-chartowo-os-tysiaclecia-1-pokoj-v3c0q7,https://s2.adresowa.pl/oi/6e/6d/4097e6_c230_cover@2x-1-pokojowe-mieszkanie-poznan-chartowo-os-tysiaclecia.webp
Poznań Grunwald,ul. Bukowska,2,38,529000,13921,bez pośredników,,12,https://adresowo.pl/o/mieszkanie-poznan-grunwald-ul-bukowska-2-pokojowe-m2k5g2,https://s2.adresowa.pl/oi/78/3d/409508_3eb7_cover@2x-2-pokojowe-mieszkanie-poznan-grunwald-ul-bukowska.webp
Poznań Łazarz,ul. Głogowska,4,88,1300000,14773,bez pośredników,,1,https://adresowo.pl/o/mieszkanie-poznan-lazarz-ul-glogowska-4-pokojowe-a4t3n2,https://s2.adresowa.pl/oi/16/3c/40932e_b4f2_cover@2x-4-pokojowe-mieszkanie-poznan-lazarz-ul-glogowska.webp
Poznań Grunwald,ul. Marcelińska 63,5,74,549000,7419,Pośrednik,,23,https://adresowo.pl/o/mieszkanie-poznan-grunwald-ul-marcelinska-5-pokojowe-x9q7y8,https://s2.adresowa.pl/oi/61/45/3fc3c0_68ab_cover@2x-5-pokojowe-mieszkanie-poznan-grunwald-ul-marcelinska.webp
Poznań Łazarz,ul. Antoniego Małeckiego,3,116,1270000,10948,Pośrednik,,18,https://adresowo.pl/o/mieszkanie-poznan-lazarz-ul-antoniego-maleckiego-3-pokojowe-l5s5f3,https://s2.adresowa.pl/oi/1e/1b/3fc1b0_d6f4_cover@2x-3-pokojowe-mieszkanie-poznan-lazarz-ul-antoniego-maleckiego.webp
Poznań Winogrady,os. Pod Lipami 1,3,47,629000,13383,bez pośredników,,12,https://adresowo.pl/o/mieszkanie-poznan-winogrady-os-pod-lipami-3-pokojowe-t7s4c3,https://s2.adresowa.pl/oi/2c/55/408c5a_6078_cover@2x-3-pokojowe-mieszkanie-poznan-winogrady-os-pod-lipami.webp
Poznań Jeżyce,ul. Zacisze,2,67,760000,11343,bez pośredników,,25,https://adresowo.pl/o/mieszkanie-poznan-jezyce-ul-zacisze-2-pokojowe-t0u7r2,https://s2.adresowa.pl/oi/40/1d/408a2e_e97e_cover@2x-2-pokojowe-mieszkanie-poznan-jezyce-ul-zacisze.webp
Poznań Grunwald,ul. Macieja Palacza,3,49,580000,11837,bez pośredników,,5,https://adresowo.pl/o/mieszkanie-poznan-grunwald-ul-macieja-palacza-3-pokojowe-n1a0h1,https://s2.adresowa.pl/oi/65/30/40885a_f67a_cover@2x-3-pokojowe-mieszkanie-poznan-grunwald-ul-macieja-palacza.webp
Poznań Nowe Miasto,ul. Milczańska,1,31,498000,16065,Pośrednik,,10,https://adresowo.pl/o/mieszkanie-poznan-nowe-miasto-ul-milczanska-1-pokoj-g3p0p3,https://s2.adresowa.pl/oi/44/7f/3fc128_f2f1_cover@2x-1-pokojowe-mieszkanie-poznan-nowe-miasto-ul-milczanska.webp
Poznań Zawady,ul. Nadolnik 8,1,20,324000,16200,Pośrednik,,17,https://adresowo.pl/o/mieszkanie-poznan-zawady-ul-nadolnik-1-pokoj-e1l0g7,https://s2.adresowa.pl/oi/3d/3f/3fb146_c000_cover@2x-1-pokojowe-mieszkanie-poznan-zawady-ul-nadolnik.webp
Poznań Rataje,ul. Wagrowska,2,36,649000,18028,bez pośredników,,20,https://adresowo.pl/o/mieszkanie-poznan-rataje-ul-wagrowska-2-pokojowe-u8r9t7,https://s2.adresowa.pl/oi/61/3e/4085e0_a337_cover@2x-2-pokojowe-mieszkanie-poznan-rataje-ul-wagrowska.webp
Poznań Winiary,ul. Piątkowska 84,2,48,634000,13208,bez pośredników,,20,https://adresowo.pl/o/mieszkanie-poznan-winiary-ul-piatkowska-2-pokojowe-b8j2b7,https://s2.adresowa.pl/oi/2e/6b/408546_cfe6_cover@2x-2-pokojowe-mieszkanie-poznan-winiary-ul-piatkowska.webp
Poznań Winogrady,os. Zwycięstwa,2,46,499000,10848,bez pośredników,,7,https://adresowo.pl/o/mieszkanie-poznan-winogrady-os-zwyciestwa-2-pokojowe-c1u0z1,https://s2.adresowa.pl/oi/48/69/4084f4_72f5_cover@2x-2-pokojowe-mieszkanie-poznan-winogrady-os-zwyciestwa.webp
Poznań Zawady,ul. Główna,3,42,369999,8810,Pośrednik,,8,https://adresowo.pl/o/mieszkanie-poznan-zawady-ul-glowna-3-pokojowe-a8p4h3,https://s2.adresowa.pl/oi/29/57/3fa7de_acfd_cover@2x-3-pokojowe-mieszkanie-poznan-zawady-ul-glowna.webp
Poznań Zawady,ul. Główna,2,49,419999,8571,Pośrednik,,12,https://adresowo.pl/o/mieszkanie-poznan-zawady-ul-glowna-2-pokojowe-l3v7a9,https://s2.adresowa.pl/oi/70/14/3fa774_da94_cover@2x-2-pokojowe-mieszkanie-poznan-zawady-ul-glowna.webp
Poznań Stare Miasto,os. Stefana Batorego,1,30,395000,13167,bez pośredników,,7,https://adresowo.pl/o/mieszkanie-poznan-stare-miasto-os-stefana-batorego-1-pokoj-b3b8o5,https://s2.adresowa.pl/oi/79/4a/4080ea_c99d_cover@2x-1-pokojowe-mieszkanie-poznan-stare-miasto-os-stefana-batorego.webp
Poznań Wilda,ul. Górna Wilda,3,64,850000,13281,bez pośredników,,12,https://adresowo.pl/o/mieszkanie-poznan-wilda-ul-gorna-wilda-3-pokojowe-z3o3m1,https://s2.adresowa.pl/oi/59/19/407d92_d67b_cover@2x-3-pokojowe-mieszkanie-poznan-wilda-ul-gorna-wilda.webp
Poznań Wilda,ul. Azaliowa,2,36,485000,13472,bez pośredników,,10,https://adresowo.pl/o/mieszkanie-poznan-wilda-ul-azaliowa-2-pokojowe-b8o0i1,https://s2.adresowa.pl/oi/5e/73/407bae_e9d8_cover@2x-2-pokojowe-mieszkanie-poznan-wilda-ul-azaliowa.webp
Poznań Łazarz,ul. Głogowska 144,2,51,532480,10441,Pośrednik,,15,https://adresowo.pl/o/mieszkanie-poznan-lazarz-ul-glogowska-2-pokojowe-d4x6i2,https://s2.adresowa.pl/oi/74/5e/3f7b20_e56f_cover@2x-2-pokojowe-mieszkanie-poznan-lazarz-ul-glogowska.webp
Poznań Grunwald,ul. Piotra Ściegiennego,3,78,679000,8705,Pośrednik,,17,https://adresowo.pl/o/mieszkanie-poznan-grunwald-ul-piotra-sciegiennego-3-pokojowe-b9x9s9,https://s2.adresowa.pl/oi/3d/7e/3f6e58_4a62_cover@2x-3-pokojowe-mieszkanie-poznan-grunwald-ul-piotra-sciegiennego.webp
Poznań Jeżyce,ul. Jasielska,3,59,849000,14390,bez pośredników,,15,https://adresowo.pl/o/mieszkanie-poznan-jezyce-ul-jasielska-3-pokojowe-o4y0j9,https://s2.adresowa.pl/oi/10/35/407b5c_ea8c_cover@2x-3-pokojowe-mieszkanie-poznan-jezyce-ul-jasielska.webp
Poznań Winogrady,ul. Hawelańska,2,44,699000,15886,bez pośredników,,14,https://adresowo.pl/o/mieszkanie-poznan-winogrady-ul-hawelanska-2-pokojowe-u2s3u6,https://s2.adresowa.pl/oi/22/74/407b14_ec3e_cover@2x-2-pokojowe-mieszkanie-poznan-winogrady-ul-hawelanska.webp
Poznań Naramowice,ul. Jasna Rola,2,44,584000,13273,bez pośredników,,20,https://adresowo.pl/o/mieszkanie-poznan-naramowice-ul-jasna-rola-2-pokojowe-m4a8m7,https://s2.adresowa.pl/oi/11/78/407910_40ca_cover@2x-2-pokojowe-mieszkanie-poznan-naramowice-ul-jasna-rola.webp
Poznań,ul. Stanisława Małachowskiego,2,49,510000,10408,Pośrednik,,13,https://adresowo.pl/o/mieszkanie-poznan-ul-stanislawa-malachowskiego-2-pokojowe-u6e7q6,https://s2.adresowa.pl/oi/23/46/3f5f3e_bac1_cover@2x-2-pokojowe-mieszkanie-poznan-ul-stanislawa-malachowskiego.webp
Poznań Wilda,ul. Mieczysława Niedziałkowskiego 11,3,58,879000,15155,Pośrednik,,26,https://adresowo.pl/o/mieszkanie-poznan-wilda-ul-mieczyslawa-niedzialkowskiego-3-pokojowe-m8o7r3,https://s2.adresowa.pl/oi/32/6d/3f5720_8fa2_cover@2x-3-pokojowe-mieszkanie-poznan-wilda-ul-mieczyslawa-niedzialkowskiego.webp
Poznań Nowe Miasto,ul. Pobiedziska,3,54,745000,13796,bez pośredników,,13,https://adresowo.pl/o/mieszkanie-poznan-nowe-miasto-ul-pobiedziska-3-pokojowe-f3k0d7,https://s2.adresowa.pl/oi/32/20/40786a_947b_cover@2x-3-pokojowe-mieszkanie-poznan-nowe-miasto-ul-pobiedziska.webp
Poznań Stare Miasto,ul. Ziarnista,1,27,464999,17222,bez pośredników,,1,https://adresowo.pl/o/mieszkanie-poznan-stare-miasto-ul-ziarnista-1-pokoj-a5r3k7,https://s2.adresowa.pl/oi/38/3b/407664_ea1d_cover@2x-1-pokojowe-mieszkanie-poznan-stare-miasto-ul-ziarnista.webp
Poznań Rataje,ul. abp. Walentego Dymka,3,66,899000,13621,bez pośredników,,19,https://adresowo.pl/o/mieszkanie-poznan-rataje-ul-abp-walentego-dymka-3-pokojowe-e5u9x2,https://s2.adresowa.pl/oi/15/38/407656_794c_cover@2x-3-pokojowe-mieszkanie-poznan-rataje-ul-abp-walentego-dymka.webp
Poznań Święty Marcin,ul. św. Marcin,2,49,549000,11204,Pośrednik,,13,https://adresowo.pl/o/mieszkanie-poznan-swiety-marcin-ul-sw-marcin-2-pokojowe-h4h2s9,https://s2.adresowa.pl/oi/15/33/3f3dae_81e4_cover@2x-2-pokojowe-mieszkanie-poznan-swiety-marcin-ul-sw-marcin.webp
Poznań Rataje,os. Jagiellońskie,3,77,649000,8429,Pośrednik,,10,https://adresowo.pl/o/mieszkanie-poznan-rataje-os-jagiellonskie-3-pokojowe-i1z7u6,https://s2.adresowa.pl/oi/1c/5c/3f32ae_7376_cover@2x-3-pokojowe-mieszkanie-poznan-rataje-os-jagiellonskie.webp
Poznań Jeżyce,ul. Żurawia,1,33,410000,12424,bez pośredników,,15,https://adresowo.pl/o/mieszkanie-poznan-jezyce-ul-zurawia-1-pokoj-d8v0w2,https://s2.adresowa.pl/oi/12/27/40754c_f8b8_cover@2x-1-pokojowe-mieszkanie-poznan-jezyce-ul-zurawia.webp
Poznań,Piątkowo,2,34,480000,14118,bez pośredników,,8,https://adresowo.pl/o/mieszkanie-poznan-piatkowo-2-pokojowe-34-m2-a8p4t9,https://s2.adresowa.pl/oi/4d/4f/407200_81e9_cover@2x-2-pokojowe-mieszkanie-poznan-piatkowo.webp
Poznań Piątkowo,os. Jana III Sobieskiego,3,62,679000,10952,bez pośredników,,19,https://adresowo.pl/o/mieszkanie-poznan-piatkowo-os-jana-iii-sobieskiego-3-pokojowe-z4i1v9,https://s2.adresowa.pl/oi/7e/6f/407030_b87d_cover@2x-3-pokojowe-mieszkanie-poznan-piatkowo-os-jana-iii-sobieskiego.webp
Poznań Junikowo,ul. Jeleniogórska,3,60,899000,14983,Pośrednik,,18,https://adresowo.pl/o/mieszkanie-poznan-junikowo-ul-jeleniogorska-3-pokojowe-v9b1v9,https://s2.adresowa.pl/oi/67/47/3f3162_3de0_cover@2x-3-pokojowe-mieszkanie-poznan-junikowo-ul-jeleniogorska.webp
Poznań,os. Zwycięstwa,3,53,600000,11321,Pośrednik,,17,https://adresowo.pl/o/mieszkanie-poznan-os-zwyciestwa-3-pokojowe-u2n2u4,https://s2.adresowa.pl/oi/7f/78/3f3060_602d_cover@2x-3-pokojowe-mieszkanie-poznan-os-zwyciestwa.webp
Poznań Łazarz,ul. Krzysztofa Arciszewskiego,3,48,530000,11042,bez pośredników,,8,https://adresowo.pl/o/mieszkanie-poznan-lazarz-ul-krzysztofa-arciszewskiego-3-pokojowe-j0t5m0,https://s2.adresowa.pl/oi/11/20/407000_9890_cover@2x-3-pokojowe-mieszkanie-poznan-lazarz-ul-krzysztofa-arciszewskiego.webp
Poznań Stare Miasto,ul. Garbary,1,30,549000,18300,bez pośredników,,3,https://adresowo.pl/o/mieszkanie-poznan-stare-miasto-ul-garbary-1-pokoj-a0o7j4,https://s2.adresowa.pl/oi/27/38/406fa4_9fd2_cover@2x-1-pokojowe-mieszkanie-poznan-stare-miasto-ul-garbary.webp
Poznań Jeżyce,ul. Jana Henryka Dąbrowskiego,4,66,1050000,15909,bez pośredników,,20,https://adresowo.pl/o/mieszkanie-poznan-jezyce-ul-jana-henryka-dabrowskiego-4-pokojowe-c0i3x8,https://s2.adresowa.pl/oi/6b/67/406b1e_d2fa_cover@2x-4-pokojowe-mieszkanie-poznan-jezyce-ul-jana-henryka-dabrowskiego.webp
Poznań Stare Miasto,os. Powstańców Warszawy,3,63,579000,9190,Pośrednik,,14,https://adresowo.pl/o/mieszkanie-poznan-stare-miasto-os-powstancow-warszawy-3-pokojowe-z9m8n7,https://s2.adresowa.pl/oi/10/6d/3f2334_432c_cover@2x-3-pokojowe-mieszkanie-poznan-stare-miasto-os-powstancow-warszawy.webp
Poznań Dębiec,ul. Akacjowa,3,62,499000,8048,Pośrednik,,20,https://adresowo.pl/o/mieszkanie-poznan-debiec-ul-akacjowa-3-pokojowe-r2u8f2,https://s2.adresowa.pl/oi/61/7e/3f175e_c6a7_cover@2x-3-pokojowe-mieszkanie-poznan-debiec-ul-akacjowa.webp
Poznań Jeżyce,ul. Bukowska,3,67,830000,12388,bez pośredników,,20,https://adresowo.pl/o/mieszkanie-poznan-jezyce-ul-bukowska-3-pokojowe-k9e2u0,https://s2.adresowa.pl/oi/48/2d/406822_dc7b_cover@2x-3-pokojowe-mieszkanie-poznan-jezyce-ul-bukowska.webp
Poznań Stare Miasto,ul. Strzelecka,3,67,685000,10224,bez pośredników,,8,https://adresowo.pl/o/mieszkanie-poznan-stare-miasto-ul-strzelecka-3-pokojowe-u7l6q6,https://s2.adresowa.pl/oi/2b/27/4064f0_475e_cover@2x-3-pokojowe-mieszkanie-poznan-stare-miasto-ul-strzelecka.webp
Poznań Szeląg,ul. Czapla,2,46,680000,14783,bez pośredników,,12,https://adresowo.pl/o/mieszkanie-poznan-szelag-ul-czapla-2-pokojowe-s1z7v9,https://s2.adresowa.pl/oi/68/6b/406132_b7ed_cover@2x-2-pokojowe-mieszkanie-poznan-szelag-ul-czapla.webp
Poznań Centrum,ul. św. Marcin,2,40,499000,12475,Pośrednik,,14,https://adresowo.pl/o/mieszkanie-poznan-centrum-ul-sw-marcin-2-pokojowe-x8r3m1,https://s2.adresowa.pl/oi/4b/3b/3f1366_9012_cover@2x-2-pokojowe-mieszkanie-poznan-centrum-ul-sw-marcin.webp
Poznań Nowe Miasto,ul. Helska,4,109,1149000,10541,Pośrednik,,27,https://adresowo.pl/o/mieszkanie-poznan-nowe-miasto-ul-helska-4-pokojowe-k7i6f8,https://s2.adresowa.pl/oi/23/12/3f1154_af60_cover@2x-4-pokojowe-mieszkanie-poznan-nowe-miasto-ul-helska.webp
Poznań Podolany,ul. Jasielska,3,69,950000,13768,bez pośredników,,8,https://adresowo.pl/o/mieszkanie-poznan-podolany-ul-jasielska-3-pokojowe-t5w6v6,https://s2.adresowa.pl/oi/2b/2f/405f04_ac22_cover@2x-3-pokojowe-mieszkanie-poznan-podolany-ul-jasielska.webp
Poznań Stare Miasto,os. Bolesława Chrobrego,3,50,636000,12720,bez pośredników,,13,https://adresowo.pl/o/mieszkanie-poznan-stare-miasto-os-boleslawa-chrobrego-3-pokojowe-d4n3a5,https://s2.adresowa.pl/oi/2e/5a/40575c_7971_cover@2x-3-pokojowe-mieszkanie-poznan-stare-miasto-os-boleslawa-chrobrego.webp
Poznań Grunwald,ul. Smardzewska,3,70,799000,11414,bez pośredników,,7,https://adresowo.pl/o/mieszkanie-poznan-grunwald-ul-smardzewska-3-pokojowe-f1d7d4,https://s2.adresowa.pl/oi/31/22/405690_907f_cover@2x-3-pokojowe-mieszkanie-poznan-grunwald-ul-smardzewska.webp
Poznań Rataje,ul. Polanka,2,59,725000,12288,Pośrednik,,25,https://adresowo.pl/o/mieszkanie-poznan-rataje-ul-polanka-2-pokojowe-h1q5x6,https://s2.adresowa.pl/oi/7a/74/3f0cbc_ab41_cover@2x-2-pokojowe-mieszkanie-poznan-rataje-ul-polanka.webp
Poznań Wilda,ul. Jana Kilińskiego,2,61,899000,14738,Pośrednik,,14,https://adresowo.pl/o/mieszkanie-poznan-wilda-ul-jana-kilinskiego-2-pokojowe-k6u7m5,https://s2.adresowa.pl/oi/6a/6f/3f0054_a938_cover@2x-2-pokojowe-mieszkanie-poznan-wilda-ul-jana-kilinskiego.webp
Poznań Podolany,ul. Janiny Omańkowskiej,3,56,690000,12321,bez pośredników,,11,https://adresowo.pl/o/mieszkanie-poznan-podolany-ul-janiny-omankowskiej-3-pokojowe-b4h9j9,https://s2.adresowa.pl/oi/7c/79/4050de_3175_cover@2x-3-pokojowe-mieszkanie-poznan-podolany-ul-janiny-omankowskiej.webp
Poznań Stare Miasto,ul. Tylne Chwaliszewo,3,76,1499000,19724,bez pośredników,,17,https://adresowo.pl/o/mieszkanie-poznan-stare-miasto-ul-tylne-chwaliszewo-3-pokojowe-n0a8j3,https://s2.adresowa.pl/oi/17/5d/4050aa_872c_cover@2x-3-pokojowe-mieszkanie-poznan-stare-miasto-ul-tylne-chwaliszewo.webp
Poznań Łazarz,ul. Stanisława Karwowskiego,3,94,829000,8819,bez pośredników,,18,https://adresowo.pl/o/mieszkanie-poznan-lazarz-ul-stanislawa-karwowskiego-3-pokojowe-n7d1x5,https://s2.adresowa.pl/oi/1a/76/404f22_78a3_cover@2x-3-pokojowe-mieszkanie-poznan-lazarz-ul-stanislawa-karwowskiego.webp
Poznań Wilda,ul. Jana Kilińskiego,2,58,865000,14914,Pośrednik,,14,https://adresowo.pl/o/mieszkanie-poznan-wilda-ul-jana-kilinskiego-2-pokojowe-o7p1p1,https://s2.adresowa.pl/oi/1d/29/3f004e_615c_cover@2x-2-pokojowe-mieszkanie-poznan-wilda-ul-jana-kilinskiego.webp
Poznań Górczyn,ul. Głogowska,2,37,480000,12973,Pośrednik,,15,https://adresowo.pl/o/mieszkanie-poznan-gorczyn-ul-glogowska-2-pokojowe-b3p3o2,https://s2.adresowa.pl/oi/27/3a/3efec8_613f_cover@2x-2-pokojowe-mieszkanie-poznan-gorczyn-ul-glogowska.webp
Poznań Naramowice,ul. Błażeja,2,51,595000,11667,bez pośredników,,2,https://adresowo.pl/o/mieszkanie-poznan-naramowice-ul-blazeja-2-pokojowe-p4z1z0,https://s2.adresowa.pl/oi/5e/62/404b6e_c098_cover@2x-2-pokojowe-mieszkanie-poznan-naramowice-ul-blazeja.webp
Poznań Wilda,ul. Dolna Wilda,2,53,530000,10000,bez pośredników,,10,https://adresowo.pl/o/mieszkanie-poznan-wilda-ul-dolna-wilda-2-pokojowe-g6p1j9,https://s2.adresowa.pl/oi/4d/39/4048b6_411d_cover@2x-2-pokojowe-mieszkanie-poznan-wilda-ul-dolna-wilda.webp
Poznań Winogrady,os. Zwycięstwa,3,67,695000,10373,bez pośredników,,8,https://adresowo.pl/o/mieszkanie-poznan-winogrady-os-zwyciestwa-3-pokojowe-c5k3d8,https://s2.adresowa.pl/oi/19/1e/404712_5a09_cover@2x-3-pokojowe-mieszkanie-poznan-winogrady-os-zwyciestwa.webp
Poznań Rataje,os. Czecha,3,53,539000,10170,Pośrednik,,26,https://adresowo.pl/o/mieszkanie-poznan-rataje-os-czecha-3-pokojowe-j3k8o6,https://s2.adresowa.pl/oi/76/1e/3efbce_2da9_cover@2x-3-pokojowe-mieszkanie-poznan-rataje-os-czecha.webp
Poznań Rataje,os. Lecha,3,59,599000,10153,Pośrednik,,15,https://adresowo.pl/o/mieszkanie-poznan-rataje-os-lecha-3-pokojowe-m7o3z8,https://s2.adresowa.pl/oi/5e/67/3ee732_e1c6_cover@2x-3-pokojowe-mieszkanie-poznan-rataje-os-lecha.webp
Poznań Wilda,ul. Górna Wilda,2,38,529000,13921,bez pośredników,,20,https://adresowo.pl/o/mieszkanie-poznan-wilda-ul-gorna-wilda-2-pokojowe-h7f4y5,https://s2.adresowa.pl/oi/51/1f/4046ae_e5a0_cover@2x-2-pokojowe-mieszkanie-poznan-wilda-ul-gorna-wilda.webp
Poznań Łazarz,ul. Gąsiorowskich,2,49,400000,8163,bez pośredników,,5,https://adresowo.pl/o/mieszkanie-poznan-lazarz-ul-gasiorowskich-2-pokojowe-t2o8r2,https://s2.adresowa.pl/oi/10/49/4043ee_f646_cover@2x-2-pokojowe-mieszkanie-poznan-lazarz-ul-gasiorowskich.webp
Poznań,Łazarz,1,25,450000,18000,bez pośredników,,18,https://adresowo.pl/o/mieszkanie-poznan-lazarz-1-pokoj-25-m2-t0u3j3,https://s2.adresowa.pl/oi/13/2b/403e76_a027_cover@2x-1-pokojowe-mieszkanie-poznan-lazarz.webp
Poznań Stare Miasto,os. Wichrowe Wzgórze 31,2,48,529000,11021,Pośrednik,,15,https://adresowo.pl/o/mieszkanie-poznan-stare-miasto-os-wichrowe-wzgorze-2-pokojowe-b7g7f5,https://s2.adresowa.pl/oi/2c/53/3ee70e_4f76_cover@2x-2-pokojowe-mieszkanie-poznan-stare-miasto-os-wichrowe-wzgorze.webp
Poznań Grunwald,ul. Górczyńska,4,109,866000,7945,Pośrednik,,17,https://adresowo.pl/o/mieszkanie-poznan-grunwald-ul-gorczynska-4-pokojowe-e0m7h3,https://s2.adresowa.pl/oi/69/27/3ee4da_9b52_cover@2x-4-pokojowe-mieszkanie-poznan-grunwald-ul-gorczynska.webp
Poznań Winogrady,os. Kosmonautów,1,27,340000,12593,bez pośredników,,4,https://adresowo.pl/o/mieszkanie-poznan-winogrady-os-kosmonautow-1-pokoj-p8m7q2,https://s2.adresowa.pl/oi/58/4c/403bb8_692c_cover@2x-1-pokojowe-mieszkanie-poznan-winogrady-os-kosmonautow.webp
Poznań Antoninek,ul. Sędziwoja,3,89,1150000,12921,bez pośredników,,12,https://adresowo.pl/o/mieszkanie-poznan-antoninek-ul-sedziwoja-3-pokojowe-d9f0j2,https://s2.adresowa.pl/oi/48/52/40383c_ff46_cover@2x-3-pokojowe-mieszkanie-poznan-antoninek-ul-sedziwoja.webp
Poznań Nowe Miasto,os. Przemysława,3,63,669000,10619,bez pośredników,,19,https://adresowo.pl/o/mieszkanie-poznan-nowe-miasto-os-przemyslawa-3-pokojowe-n4u0f1,https://s2.adresowa.pl/oi/77/4f/40372c_f032_cover@2x-3-pokojowe-mieszkanie-poznan-nowe-miasto-os-przemyslawa.webp
Poznań Rataje,os. Oświecenia,3,58,555000,9569,Pośrednik,,21,https://adresowo.pl/o/mieszkanie-poznan-rataje-os-oswiecenia-3-pokojowe-s9m7a3,https://s2.adresowa.pl/oi/34/17/3ee210_6585_cover@2x-3-pokojowe-mieszkanie-poznan-rataje-os-oswiecenia.webp
Poznań,os. Stefana Batorego,3,63,625000,9921,Pośrednik,,14,https://adresowo.pl/o/mieszkanie-poznan-os-stefana-batorego-3-pokojowe-e4h4a9,https://s2.adresowa.pl/oi/7d/54/3ed6e2_675a_cover@2x-3-pokojowe-mieszkanie-poznan-os-stefana-batorego.webp
Poznań,Grunwald,1,26,355000,13654,bez pośredników,,5,https://adresowo.pl/o/mieszkanie-poznan-grunwald-1-pokoj-26-m2-w1q9s7,https://s2.adresowa.pl/oi/3a/51/402cd2_f693_cover@2x-1-pokojowe-mieszkanie-poznan-grunwald.webp
Poznań Ogrody,ul. Nowy Świat,5,68,632400,9300,bez pośredników,,7,https://adresowo.pl/o/mieszkanie-poznan-ogrody-ul-nowy-swiat-5-pokojowe-p0i8d3,https://s2.adresowa.pl/oi/19/50/402a2e_f3f7_cover@2x-5-pokojowe-mieszkanie-poznan-ogrody-ul-nowy-swiat.webp
Poznań Rataje,os. Lecha,3,58,573300,9884,bez pośredników,,13,https://adresowo.pl/o/mieszkanie-poznan-rataje-os-lecha-3-pokojowe-l8p1n0,https://s2.adresowa.pl/oi/58/1d/4029b2_c8a0_cover@2x-3-pokojowe-mieszkanie-poznan-rataje-os-lecha.webp
Poznań,pl. Wolności 6,1,21,499000,23762,Pośrednik,,18,https://adresowo.pl/o/mieszkanie-poznan-pl-wolnosci-1-pokoj-z7t8o3,https://s2.adresowa.pl/oi/31/7a/3ed6b8_49a6_cover@2x-1-pokojowe-mieszkanie-poznan-pl-wolnosci.webp
Poznań Piątkowo,ul. Teofila Mateckiego,2,56,629000,11232,Pośrednik,,20,https://adresowo.pl/o/mieszkanie-poznan-piatkowo-ul-teofila-mateckiego-2-pokojowe-u4j9x4,https://s2.adresowa.pl/oi/72/30/3ed69c_fabb_cover@2x-2-pokojowe-mieszkanie-poznan-piatkowo-ul-teofila-mateckiego.webp
Poznań Wilda,ul. Rolna,2,50,527000,10540,bez pośredników,,14,https://adresowo.pl/o/mieszkanie-poznan-wilda-ul-rolna-2-pokojowe-q3f4g6,https://s2.adresowa.pl/oi/44/55/402752_a898_cover@2x-2-pokojowe-mieszkanie-poznan-wilda-ul-rolna.webp
Poznań Stare Miasto,ul. Maratońska,2,42,729000,17357,bez pośredników,,7,https://adresowo.pl/o/mieszkanie-poznan-stare-miasto-ul-maratonska-2-pokojowe-i9q4q7,https://s2.adresowa.pl/oi/14/5b/402564_3801_cover@2x-2-pokojowe-mieszkanie-poznan-stare-miasto-ul-maratonska.webp
Poznań Nowe Miasto,ul. Polanka,2,43,649000,15093,bez pośredników,,8,https://adresowo.pl/o/mieszkanie-poznan-nowe-miasto-ul-polanka-2-pokojowe-t0a4b3,https://s2.adresowa.pl/oi/74/58/402436_48b5_cover@2x-2-pokojowe-mieszkanie-poznan-nowe-miasto-ul-polanka.webp
Poznań Grunwald,pl. Stanisława Wyspiańskiego,4,152,3599000,23678,Pośrednik,,49,https://adresowo.pl/o/mieszkanie-poznan-grunwald-pl-stanislawa-wyspianskiego-4-pokojowe-r3b9e0,https://s2.adresowa.pl/oi/18/6b/3ed676_a9f8_cover@2x-4-pokojowe-mieszkanie-poznan-grunwald-pl-stanislawa-wyspianskiego.webp
Poznań Stare Miasto,os. Powstańców Warszawy,2,49,550000,11224,Pośrednik,,16,https://adresowo.pl/o/mieszkanie-poznan-stare-miasto-os-powstancow-warszawy-2-pokojowe-u8o4d2,https://s2.adresowa.pl/oi/5d/77/3ecd84_a12b_cover@2x-2-pokojowe-mieszkanie-poznan-stare-miasto-os-powstancow-warszawy.webp
Poznań Winogrady,os. Kosmonautów,3,52,499000,9596,bez pośredników,,8,https://adresowo.pl/o/mieszkanie-poznan-winogrady-os-kosmonautow-3-pokojowe-s7i3g3,https://s2.adresowa.pl/oi/58/13/402252_d8f3_cover@2x-3-pokojowe-mieszkanie-poznan-winogrady-os-kosmonautow.webp
Poznań Antoninek,ul. Leszka,3,70,969000,13843,bez pośredników,,11,https://adresowo.pl/o/mieszkanie-poznan-antoninek-ul-leszka-3-pokojowe-b0z8t5,https://s2.adresowa.pl/oi/5a/66/401d20_ffd3_cover@2x-3-pokojowe-mieszkanie-poznan-antoninek-ul-leszka.webp
Poznań Ogrody,ul. Wawrzyńca Engeströma,3,47,614000,13064,bez pośredników,,15,https://adresowo.pl/o/mieszkanie-poznan-ogrody-ul-wawrzynca-engestroma-3-pokojowe-q3g6e5,https://s2.adresowa.pl/oi/5d/11/401bfc_43c1_cover@2x-3-pokojowe-mieszkanie-poznan-ogrody-ul-wawrzynca-engestroma.webp
Poznań Jeżyce,ul. Janusza Meissnera 2A,3,69,795000,11522,Pośrednik,,18,https://adresowo.pl/o/mieszkanie-poznan-jezyce-ul-janusza-meissnera-3-pokojowe-q4z4q8,https://s2.adresowa.pl/oi/38/27/3ec504_4a93_cover@2x-3-pokojowe-mieszkanie-poznan-jezyce-ul-janusza-meissnera.webp
Poznań Jeżyce,ul. Jasielska,2,40,649900,16248,Pośrednik,,15,https://adresowo.pl/o/mieszkanie-poznan-jezyce-ul-jasielska-2-pokojowe-p4d4i2,https://s2.adresowa.pl/oi/3c/13/3eb61c_e62c_cover@2x-2-pokojowe-mieszkanie-poznan-jezyce-ul-jasielska.webp
Poznań Wilda,ul. Robocza,2,55,769000,13982,bez pośredników,,11,https://adresowo.pl/o/mieszkanie-poznan-wilda-ul-robocza-2-pokojowe-l4i3r2,https://s2.adresowa.pl/oi/1d/22/401b92_7141_cover@2x-2-pokojowe-mieszkanie-poznan-wilda-ul-robocza.webp
Poznań Dębiec,ul. Gruszkowa,3,57,699000,12263,bez pośredników,,13,https://adresowo.pl/o/mieszkanie-poznan-debiec-ul-gruszkowa-3-pokojowe-p8w4a6,https://s2.adresowa.pl/oi/38/3a/4014d0_62bb_cover@2x-3-pokojowe-mieszkanie-poznan-debiec-ul-gruszkowa.webp
Poznań Główna,ul. Główna,1,50,375000,7500,bez pośredników,,7,https://adresowo.pl/o/mieszkanie-poznan-glowna-ul-glowna-1-pokoj-k6f2r3,https://s2.adresowa.pl/oi/2e/4e/401254_3bcd_cover@2x-1-pokojowe-mieszkanie-poznan-glowna-ul-glowna.webp
Poznań Wilda,ul. 28 Czerwca 1956 r.,3,49,549500,11214,Pośrednik,,19,https://adresowo.pl/o/mieszkanie-poznan-wilda-ul-28-czerwca-1956-r-3-pokojowe-z7i2s3,https://s2.adresowa.pl/oi/58/10/3eb07e_637f_cover@2x-3-pokojowe-mieszkanie-poznan-wilda-ul-28-czerwca-1956-r-.webp
Poznań Centrum,ul. Kazimierza Wielkiego 16,2,50,505000,10100,Pośrednik,,19,https://adresowo.pl/o/mieszkanie-poznan-centrum-ul-kazimierza-wielkiego-2-pokojowe-u1c2f2,https://s2.adresowa.pl/oi/69/2b/3e9918_91f0_cover@2x-2-pokojowe-mieszkanie-poznan-centrum-ul-kazimierza-wielkiego.webp
Poznań,ul. Czesława Niemena,3,62,850000,13710,bez pośredników,,8,https://adresowo.pl/o/mieszkanie-poznan-ul-czeslawa-niemena-3-pokojowe-y8h5v4,https://s2.adresowa.pl/oi/48/18/401224_694a_cover@2x-3-pokojowe-mieszkanie-poznan-ul-czeslawa-niemena.webp
Poznań Rataje,os. Piastowskie,2,43,520000,12093,bez pośredników,,13,https://adresowo.pl/o/mieszkanie-poznan-rataje-os-piastowskie-2-pokojowe-b7z5y2,https://s2.adresowa.pl/oi/2d/13/4011ce_b1f4_cover@2x-2-pokojowe-mieszkanie-poznan-rataje-os-piastowskie.webp
Poznań,Podolany,2,41,610000,14878,bez pośredników,,21,https://adresowo.pl/o/mieszkanie-poznan-podolany-2-pokojowe-41-m2-h9f1w9,https://s2.adresowa.pl/oi/36/2f/400d3e_7e91_cover@2x-2-pokojowe-mieszkanie-poznan-podolany.webp
Poznań Grunwald,ul. Żmigrodzka,3,62,739000,11919,Pośrednik,,18,https://adresowo.pl/o/mieszkanie-poznan-grunwald-ul-zmigrodzka-3-pokojowe-a2j9y9,https://s2.adresowa.pl/oi/32/48/3e8eea_4a10_cover@2x-3-pokojowe-mieszkanie-poznan-grunwald-ul-zmigrodzka.webp
Poznań Winogrady,os. Wichrowe Wzgórze,2,46,510000,11087,Pośrednik,,5,https://adresowo.pl/o/mieszkanie-poznan-winogrady-os-wichrowe-wzgorze-2-pokojowe-d4d4p5,https://s2.adresowa.pl/oi/42/7f/3e7c4a_f1fe_cover@2x-2-pokojowe-mieszkanie-poznan-winogrady-os-wichrowe-wzgorze.webp
Poznań Piątkowo,os. Zygmunta Starego,3,66,679000,10288,bez pośredników,,7,https://adresowo.pl/o/mieszkanie-poznan-piatkowo-os-zygmunta-starego-3-pokojowe-q5v9l9,https://s2.adresowa.pl/oi/49/38/400c8e_c69a_cover@2x-3-pokojowe-mieszkanie-poznan-piatkowo-os-zygmunta-starego.webp
Poznań Wilda,ul. Dolina,2,53,610000,11509,bez pośredników,,7,https://adresowo.pl/o/mieszkanie-poznan-wilda-ul-dolina-2-pokojowe-c4m9b8,https://s2.adresowa.pl/oi/5d/19/4007b6_544a_cover@2x-2-pokojowe-mieszkanie-poznan-wilda-ul-dolina.webp
Poznań,Nowe Miasto,3,64,830000,12969,bez pośredników,,11,https://adresowo.pl/o/mieszkanie-poznan-nowe-miasto-3-pokojowe-64-m2-i0o3n8,https://s2.adresowa.pl/oi/17/3a/400344_e2c6_cover@2x-3-pokojowe-mieszkanie-poznan-nowe-miasto.webp
Poznań Grunwald,ul. Antoniego Małeckiego 21,2,37,449000,12135,Pośrednik,,19,https://adresowo.pl/o/mieszkanie-poznan-grunwald-ul-antoniego-maleckiego-2-pokojowe-c5g3r4,https://s2.adresowa.pl/oi/2f/57/3e6dd6_5b4b_cover@2x-2-pokojowe-mieszkanie-poznan-grunwald-ul-antoniego-maleckiego.webp
Poznań Łazarz,ul. Lodowa,1,38,415000,10921,Pośrednik,,15,https://adresowo.pl/o/mieszkanie-poznan-lazarz-ul-lodowa-1-pokoj-f1u0u2,https://s2.adresowa.pl/oi/16/41/3e6dce_c0e0_cover@2x-1-pokojowe-mieszkanie-poznan-lazarz-ul-lodowa.webp
Poznań Łazarz,ul. Józefa Chociszewskiego,2,49,550000,11224,bez pośredników,,10,https://adresowo.pl/o/mieszkanie-poznan-lazarz-ul-jozefa-chociszewskiego-2-pokojowe-h6k0s4,https://s2.adresowa.pl/oi/3a/6d/4001aa_2991_cover@2x-2-pokojowe-mieszkanie-poznan-lazarz-ul-jozefa-chociszewskiego.webp
Poznań,Grunwald,4,74,969000,13095,bez pośredników,,20,https://adresowo.pl/o/mieszkanie-poznan-grunwald-4-pokojowe-74-m2-c8v2d3,https://s2.adresowa.pl/oi/4f/23/3ffffe_8484_cover@2x-4-pokojowe-mieszkanie-poznan-grunwald.webp
Poznań Grunwald,ul. Kosynierska,3,62,805000,12984,bez pośredników,,15,https://adresowo.pl/o/mieszkanie-poznan-grunwald-ul-kosynierska-3-pokojowe-d2i3x1,https://s2.adresowa.pl/oi/1d/6b/3ffe6c_ccc8_cover@2x-3-pokojowe-mieszkanie-poznan-grunwald-ul-kosynierska.webp
Poznań Naramowice,ul. Karpia,4,75,1149000,15320,Pośrednik,,23,https://adresowo.pl/o/mieszkanie-poznan-naramowice-ul-karpia-4-pokojowe-e6d8n3,https://s2.adresowa.pl/oi/59/65/3e5a4e_a022_cover@2x-4-pokojowe-mieszkanie-poznan-naramowice-ul-karpia.webp
Poznań Wilda,ul. Antoniego Józefa Madalińskiego,1,44,397000,9023,Pośrednik,,6,https://adresowo.pl/o/mieszkanie-poznan-wilda-ul-antoniego-jozefa-madalinskiego-1-pokoj-f9k7l8,https://s2.adresowa.pl/oi/15/64/3e5a0c_7c64_cover@2x-1-pokojowe-mieszkanie-poznan-wilda-ul-antoniego-jozefa-madalinskiego.webp
Poznań Naramowice,ul. Naramowicka,2,46,515000,11196,bez pośredników,,10,https://adresowo.pl/o/mieszkanie-poznan-naramowice-ul-naramowicka-2-pokojowe-x0r5r6,https://s2.adresowa.pl/oi/6d/65/3ffb94_6d11_cover@2x-2-pokojowe-mieszkanie-poznan-naramowice-ul-naramowicka.webp
Poznań Jeżyce,ul. Sokoła,3,71,899900,12675,bez pośredników,,12,https://adresowo.pl/o/mieszkanie-poznan-jezyce-ul-sokola-3-pokojowe-c8c5x2,https://s2.adresowa.pl/oi/77/18/3ffa9c_dac4_cover@2x-3-pokojowe-mieszkanie-poznan-jezyce-ul-sokola.webp
Poznań Winogrady,ul. Serbska,3,50,695000,13900,bez pośredników,,12,https://adresowo.pl/o/mieszkanie-poznan-winogrady-ul-serbska-3-pokojowe-p8d5b8,https://s2.adresowa.pl/oi/71/3c/3ffa10_ea13_cover@2x-3-pokojowe-mieszkanie-poznan-winogrady-ul-serbska.webp
Poznań Stare Miasto,ul. Jasna Rola,3,102,1080000,10588,Pośrednik,,15,https://adresowo.pl/o/mieszkanie-poznan-stare-miasto-ul-jasna-rola-3-pokojowe-m7t7k4,https://s2.adresowa.pl/oi/68/5e/3e4ef0_ffd7_cover@2x-3-pokojowe-mieszkanie-poznan-stare-miasto-ul-jasna-rola.webp
Poznań Piątkowo,os. Stefana Batorego,4,74,739000,9986,Pośrednik,,20,https://adresowo.pl/o/mieszkanie-poznan-piatkowo-os-stefana-batorego-4-pokojowe-l2v2g6,https://s2.adresowa.pl/oi/1c/76/3e4b86_db00_cover@2x-4-pokojowe-mieszkanie-poznan-piatkowo-os-stefana-batorego.webp
Poznań Rataje,os. Piastowskie,2,37,479000,12946,bez pośredników,,15,https://adresowo.pl/o/mieszkanie-poznan-rataje-os-piastowskie-2-pokojowe-b2f7t1,https://s2.adresowa.pl/oi/5a/63/3ff602_b931_cover@2x-2-pokojowe-mieszkanie-poznan-rataje-os-piastowskie.webp
Poznań Rataje,os. Stare Żegrze,3,61,550000,9016,bez pośredników,,7,https://adresowo.pl/o/mieszkanie-poznan-rataje-os-stare-zegrze-3-pokojowe-d3k3c2,https://s2.adresowa.pl/oi/25/60/3febe0_d3a9_cover@2x-3-pokojowe-mieszkanie-poznan-rataje-os-stare-zegrze.webp
Poznań Jeżyce,ul. Klemensa Janickiego,1,30,450000,15000,bez pośredników,,6,https://adresowo.pl/o/mieszkanie-poznan-jezyce-ul-klemensa-janickiego-1-pokoj-n0b9n0,https://s2.adresowa.pl/oi/45/3f/3fe780_8799_cover@2x-1-pokojowe-mieszkanie-poznan-jezyce-ul-klemensa-janickiego.webp
Poznań Wilda,ul. Górna Wilda,4,105,819000,7800,Pośrednik,,16,https://adresowo.pl/o/mieszkanie-poznan-wilda-ul-gorna-wilda-4-pokojowe-s7d4p0,https://s2.adresowa.pl/oi/7e/24/3e4b84_9ccc_cover@2x-4-pokojowe-mieszkanie-poznan-wilda-ul-gorna-wilda.webp
Poznań Łazarz,ul. Lodowa,3,35,530000,15143,Pośrednik,,7,https://adresowo.pl/o/mieszkanie-poznan-lazarz-ul-lodowa-3-pokojowe-w3u6o7,https://s2.adresowa.pl/oi/4f/47/3e3fa4_749a_cover@2x-3-pokojowe-mieszkanie-poznan-lazarz-ul-lodowa.webp
Poznań Stare Miasto,ul. Królowej Jadwigi,1,33,449000,13606,bez pośredników,,7,https://adresowo.pl/o/mieszkanie-poznan-stare-miasto-ul-krolowej-jadwigi-1-pokoj-v1c5p8,https://s2.adresowa.pl/oi/2a/6f/3fe68c_3685_cover@2x-1-pokojowe-mieszkanie-poznan-stare-miasto-ul-krolowej-jadwigi.webp
Poznań Grunwald,ul. Grunwaldzka,4,73,875000,11986,bez pośredników,,45,https://adresowo.pl/o/mieszkanie-poznan-grunwald-ul-grunwaldzka-4-pokojowe-p1q7s2,https://s2.adresowa.pl/oi/26/7d/3fd994_7821_cover@2x-4-pokojowe-mieszkanie-poznan-grunwald-ul-grunwaldzka.webp
Poznań Łazarz,ul. Marcina Kasprzaka,2,30,380000,12667,bez pośredników,,5,https://adresowo.pl/o/mieszkanie-poznan-lazarz-ul-marcina-kasprzaka-2-pokojowe-k5s2e5,https://s2.adresowa.pl/oi/46/2c/3fd578_3f20_cover@2x-2-pokojowe-mieszkanie-poznan-lazarz-ul-marcina-kasprzaka.webp
Poznań Łazarz,ul. Lodowa,3,33,490000,14848,Pośrednik,,8,https://adresowo.pl/o/mieszkanie-poznan-lazarz-ul-lodowa-3-pokojowe-z7d2i2,https://s2.adresowa.pl/oi/4d/12/3e3f1e_6e6d_cover@2x-3-pokojowe-mieszkanie-poznan-lazarz-ul-lodowa.webp
Poznań Łazarz,ul. Lodowa,1,16,200000,12500,Pośrednik,,8,https://adresowo.pl/o/mieszkanie-poznan-lazarz-ul-lodowa-1-pokoj-m3f3x6,https://s2.adresowa.pl/oi/51/3b/3e3ec6_5d3a_cover@2x-1-pokojowe-mieszkanie-poznan-lazarz-ul-lodowa.webp
Poznań Nowe Miasto,ul. Czesława Niemena,3,70,1045000,14929,bez pośredników,,15,https://adresowo.pl/o/mieszkanie-poznan-nowe-miasto-ul-czeslawa-niemena-3-pokojowe-p9c4g7,https://s2.adresowa.pl/oi/5a/56/3fd19e_b61f_cover@2x-3-pokojowe-mieszkanie-poznan-nowe-miasto-ul-czeslawa-niemena.webp
Poznań Starołęka,ul. Wagrowska,4,65,920000,14154,bez pośredników,,20,https://adresowo.pl/o/mieszkanie-poznan-staroleka-ul-wagrowska-4-pokojowe-a6w9n4,https://s2.adresowa.pl/oi/19/67/3fcd8a_bb9c_cover@2x-4-pokojowe-mieszkanie-poznan-staroleka-ul-wagrowska.webp
Poznań Grunwald,ul. Świerzawska,3,51,779000,15275,bez pośredników,,14,https://adresowo.pl/o/mieszkanie-poznan-grunwald-ul-swierzawska-3-pokojowe-m1z2r6,https://s2.adresowa.pl/oi/67/2d/3fca64_b572_cover@2x-3-pokojowe-mieszkanie-poznan-grunwald-ul-swierzawska.webp
Poznań Łazarz,ul. Lodowa,3,45,580000,12889,Pośrednik,,8,https://adresowo.pl/o/mieszkanie-poznan-lazarz-ul-lodowa-3-pokojowe-k9n0o3,https://s2.adresowa.pl/oi/61/1a/3e145e_9e67_cover@2x-3-pokojowe-mieszkanie-poznan-lazarz-ul-lodowa.webp
Poznań Grunwald,ul. Grochowska 38,2,57,470000,8246,Pośrednik,,10,https://adresowo.pl/o/mieszkanie-poznan-grunwald-ul-grochowska-2-pokojowe-a6y3f1,https://s2.adresowa.pl/oi/4c/50/3e144c_a1b5_cover@2x-2-pokojowe-mieszkanie-poznan-grunwald-ul-grochowska.webp
Poznań Wilda,ul. Saperska,2,47,650000,13830,bez pośredników,,11,https://adresowo.pl/o/mieszkanie-poznan-wilda-ul-saperska-2-pokojowe-u6l9k2,https://s2.adresowa.pl/oi/62/43/3fc914_46ca_cover@2x-2-pokojowe-mieszkanie-poznan-wilda-ul-saperska.webp
Poznań,Łazarz,2,52,799000,15365,bez pośredników,,8,https://adresowo.pl/o/mieszkanie-poznan-lazarz-2-pokojowe-52-m2-j6k0u9,https://s2.adresowa.pl/oi/4e/11/3fc806_c956_cover@2x-2-pokojowe-mieszkanie-poznan-lazarz.webp
Poznań Jeżyce,ul. Maksymiliana Jackowskiego,2,41,530000,12927,bez pośredników,,15,https://adresowo.pl/o/mieszkanie-poznan-jezyce-ul-maksymiliana-jackowskiego-2-pokojowe-i1c8t5,https://s2.adresowa.pl/oi/2d/31/3fc4f0_f68d_cover@2x-2-pokojowe-mieszkanie-poznan-jezyce-ul-maksymiliana-jackowskiego.webp
Poznań Zawady,ul. Krótka,1,14,229000,16357,Pośrednik,,14,https://adresowo.pl/o/mieszkanie-poznan-zawady-ul-krotka-1-pokoj-c2q8o3,https://s2.adresowa.pl/oi/18/16/3df0da_a39b_cover@2x-1-pokojowe-mieszkanie-poznan-zawady-ul-krotka.webp
Poznań,Antoninek,4,95,1049000,11042,Pośrednik,,20,https://adresowo.pl/o/mieszkanie-poznan-antoninek-4-pokojowe-95-m2-z2w7k4,https://s2.adresowa.pl/oi/7e/16/3df0d6_a990_cover@2x-4-pokojowe-mieszkanie-poznan-antoninek.webp
Poznań Winogrady,os. Zwycięstwa,3,53,485000,9151,bez pośredników,,12,https://adresowo.pl/o/mieszkanie-poznan-winogrady-os-zwyciestwa-3-pokojowe-o7j7b0,https://s2.adresowa.pl/oi/7f/64/3fc268_b6a7_cover@2x-3-pokojowe-mieszkanie-poznan-winogrady-os-zwyciestwa.webp
Poznań Centrum,ul. Strzelecka,1,30,529000,17633,bez pośredników,,12,https://adresowo.pl/o/mieszkanie-poznan-centrum-ul-strzelecka-1-pokoj-i9s2s4,https://s2.adresowa.pl/oi/45/14/3fbe3e_cf6e_cover@2x-1-pokojowe-mieszkanie-poznan-centrum-ul-strzelecka.webp
Poznań Grunwald,ul. Jutrzenka,3,73,1140000,15616,bez pośredników,,11,https://adresowo.pl/o/mieszkanie-poznan-grunwald-ul-jutrzenka-3-pokojowe-z6j7z7,https://s2.adresowa.pl/oi/13/28/3fb780_b6ee_cover@2x-3-pokojowe-mieszkanie-poznan-grunwald-ul-jutrzenka.webp
Poznań Ogrody,ul. Janusza Meissnera,3,59,795000,13475,Pośrednik,,16,https://adresowo.pl/o/mieszkanie-poznan-ogrody-ul-janusza-meissnera-3-pokojowe-s0n7y2,https://s2.adresowa.pl/oi/44/78/3dad50_cd6d_cover@2x-3-pokojowe-mieszkanie-poznan-ogrody-ul-janusza-meissnera.webp
Poznań Strzeszyn,ul. Strzeszyńska 263,1,31,449000,14484,Pośrednik,,13,https://adresowo.pl/o/mieszkanie-poznan-strzeszyn-ul-strzeszynska-1-pokoj-a2t3i3,https://s2.adresowa.pl/oi/5b/3c/3d99d0_d645_cover@2x-1-pokojowe-mieszkanie-poznan-strzeszyn-ul-strzeszynska.webp
Poznań Łazarz,ul. Marcelego Mottego,1,30,325000,10833,bez pośredników,,8,https://adresowo.pl/o/mieszkanie-poznan-lazarz-ul-marcelego-mottego-1-pokoj-b6j8k0,https://s2.adresowa.pl/oi/53/22/3fb124_3562_cover@2x-1-pokojowe-mieszkanie-poznan-lazarz-ul-marcelego-mottego.webp
Poznań Piątkowo,os. Stefana Batorego,3,76,860000,11316,bez pośredników,,9,https://adresowo.pl/o/mieszkanie-poznan-piatkowo-os-stefana-batorego-3-pokojowe-m3o7q6,https://s2.adresowa.pl/oi/5f/12/3fb012_5657_cover@2x-3-pokojowe-mieszkanie-poznan-piatkowo-os-stefana-batorego.webp
Poznań Nowe Miasto,ul. Milczańska,2,44,730000,16591,bez pośredników,,5,https://adresowo.pl/o/mieszkanie-poznan-nowe-miasto-ul-milczanska-2-pokojowe-i9d9y6,https://s2.adresowa.pl/oi/50/49/3faffa_9dc0_cover@2x-2-pokojowe-mieszkanie-poznan-nowe-miasto-ul-milczanska.webp
Poznań Dębiec,ul. Czeremchowa,3,66,700000,10606,Pośrednik,,19,https://adresowo.pl/o/mieszkanie-poznan-debiec-ul-czeremchowa-3-pokojowe-u4u9m6,https://s2.adresowa.pl/oi/46/63/3d907e_afdd_cover@2x-3-pokojowe-mieszkanie-poznan-debiec-ul-czeremchowa.webp
Poznań Wilda,ul. Jana Umińskiego 5,2,39,520000,13333,Pośrednik,,16,https://adresowo.pl/o/mieszkanie-poznan-wilda-ul-jana-uminskiego-2-pokojowe-q0n8j3,https://s2.adresowa.pl/oi/73/33/3d9072_bf7c_cover@2x-2-pokojowe-mieszkanie-poznan-wilda-ul-jana-uminskiego.webp
Poznań Grunwald,ul. Śniadeckich,3,102,1190000,11667,bez pośredników,,14,https://adresowo.pl/o/mieszkanie-poznan-grunwald-ul-sniadeckich-3-pokojowe-c7o6n5,https://s2.adresowa.pl/oi/79/36/3faafa_8e61_cover@2x-3-pokojowe-mieszkanie-poznan-grunwald-ul-sniadeckich.webp
Poznań Jeżyce,ul. Wincentego Kadłubka,2,52,569000,10942,bez pośredników,,16,https://adresowo.pl/o/mieszkanie-poznan-jezyce-ul-wincentego-kadlubka-2-pokojowe-g8q2w2,https://s2.adresowa.pl/oi/53/23/3faae0_baae_cover@2x-2-pokojowe-mieszkanie-poznan-jezyce-ul-wincentego-kadlubka.webp
Poznań Naramowice,ul. Rubież,2,34,485000,14265,bez pośredników,,7,https://adresowo.pl/o/mieszkanie-poznan-naramowice-ul-rubiez-2-pokojowe-l2e6x5,https://s2.adresowa.pl/oi/54/2e/3fa626_7cdd_cover@2x-2-pokojowe-mieszkanie-poznan-naramowice-ul-rubiez.webp
Poznań Winogrady,ul. Czapla,3,62,850000,13710,Pośrednik,,31,https://adresowo.pl/o/mieszkanie-poznan-winogrady-ul-czapla-3-pokojowe-d8a3v9,https://s2.adresowa.pl/oi/36/7c/3d9070_7468_cover@2x-3-pokojowe-mieszkanie-poznan-winogrady-ul-czapla.webp
Poznań Łazarz,ul. Śniadeckich,5,126,1395000,11071,Pośrednik,,21,https://adresowo.pl/o/mieszkanie-poznan-lazarz-ul-sniadeckich-5-pokojowe-y5i8d0,https://s2.adresowa.pl/oi/78/35/3d906e_a41d_cover@2x-5-pokojowe-mieszkanie-poznan-lazarz-ul-sniadeckich.webp
Poznań Nadolnik,ul. Nadolnik,1,19,260000,13684,bez pośredników,,1,https://adresowo.pl/o/mieszkanie-poznan-nadolnik-ul-nadolnik-1-pokoj-z3s4h0,https://s2.adresowa.pl/oi/1e/26/3fa5d8_f8ac_cover@2x-1-pokojowe-mieszkanie-poznan-nadolnik-ul-nadolnik.webp
Poznań Junikowo,ul. Jeleniogórska,2,43,640000,14884,bez pośredników,,12,https://adresowo.pl/o/mieszkanie-poznan-junikowo-ul-jeleniogorska-2-pokojowe-h8e7d4,https://s2.adresowa.pl/oi/1c/72/3fa588_6b6f_cover@2x-2-pokojowe-mieszkanie-poznan-junikowo-ul-jeleniogorska.webp
Poznań Rataje,os. Rzeczypospolitej,2,48,580000,12083,bez pośredników,,8,https://adresowo.pl/o/mieszkanie-poznan-rataje-os-rzeczypospolitej-2-pokojowe-x8g4p4,https://s2.adresowa.pl/oi/24/18/3f9f98_285b_cover@2x-2-pokojowe-mieszkanie-poznan-rataje-os-rzeczypospolitej.webp
Poznań Wilda,ul. Jana Umińskiego 5,2,39,389000,9974,Pośrednik,,10,https://adresowo.pl/o/mieszkanie-poznan-wilda-ul-jana-uminskiego-2-pokojowe-q3e7r7,https://s2.adresowa.pl/oi/2d/72/3d9064_b2ef_cover@2x-2-pokojowe-mieszkanie-poznan-wilda-ul-jana-uminskiego.webp
Poznań Dolna Wilda,ul. Fabryczna,1,31,470000,15161,Pośrednik,,8,https://adresowo.pl/o/mieszkanie-poznan-dolna-wilda-ul-fabryczna-1-pokoj-j8y8y2,https://s2.adresowa.pl/oi/48/1c/3d57ec_76ad_cover@2x-1-pokojowe-mieszkanie-poznan-dolna-wilda-ul-fabryczna.webp
Poznań Stare Miasto,ul. Garbary,2,42,655000,15595,bez pośredników,,7,https://adresowo.pl/o/mieszkanie-poznan-stare-miasto-ul-garbary-2-pokojowe-m1h9d4,https://s2.adresowa.pl/oi/17/7c/3f96b0_7e7d_cover@2x-2-pokojowe-mieszkanie-poznan-stare-miasto-ul-garbary.webp
Poznań Jeżyce,ul. Stanisława Szczepanowskiego 13,2,47,919000,19553,bez pośredników,,14,https://adresowo.pl/o/mieszkanie-poznan-jezyce-ul-stanislawa-szczepanowskiego-2-pokojowe-e1h2e6,https://s2.adresowa.pl/oi/2e/43/3f8f9e_784d_cover@2x-2-pokojowe-mieszkanie-poznan-jezyce-ul-stanislawa-szczepanowskiego.webp
Poznań Naramowice,ul. Sielawy,3,62,910000,14677,bez pośredników,,9,https://adresowo.pl/o/mieszkanie-poznan-naramowice-ul-sielawy-3-pokojowe-q0d7e6,https://s2.adresowa.pl/oi/35/61/3f7a12_9925_cover@2x-3-pokojowe-mieszkanie-poznan-naramowice-ul-sielawy.webp
Poznań Starołęka,ul. Wagrowska,2,45,699000,15533,Pośrednik,,22,https://adresowo.pl/o/mieszkanie-poznan-staroleka-ul-wagrowska-2-pokojowe-z0y6h4,https://s2.adresowa.pl/oi/3c/72/3d5104_bfa1_cover@2x-2-pokojowe-mieszkanie-poznan-staroleka-ul-wagrowska.webp
Poznań Podolany,ul. Jasielska,3,55,749000,13618,Pośrednik,,22,https://adresowo.pl/o/mieszkanie-poznan-podolany-ul-jasielska-3-pokojowe-x5m4l2,https://s2.adresowa.pl/oi/14/4c/3d50d2_5b67_cover@2x-3-pokojowe-mieszkanie-poznan-podolany-ul-jasielska.webp
Poznań Stare Miasto,ul. Kazimierza Wielkiego,1,34,475000,13971,bez pośredników,,8,https://adresowo.pl/o/mieszkanie-poznan-stare-miasto-ul-kazimierza-wielkiego-1-pokoj-f9j9b1,https://s2.adresowa.pl/oi/5f/51/3f79c8_7534_cover@2x-1-pokojowe-mieszkanie-poznan-stare-miasto-ul-kazimierza-wielkiego.webp
Poznań,Żegrze,3,64,699999,10937,bez pośredników,,16,https://adresowo.pl/o/mieszkanie-poznan-zegrze-3-pokojowe-64-m2-q0a7h4,https://s2.adresowa.pl/oi/4c/7b/3f78fc_52a3_cover@2x-3-pokojowe-mieszkanie-poznan-zegrze.webp
Poznań Rataje,ul. Katowicka,3,70,1090000,15571,bez pośredników,,9,https://adresowo.pl/o/mieszkanie-poznan-rataje-ul-katowicka-3-pokojowe-o4b2l8,https://s2.adresowa.pl/oi/5a/6f/3f768a_9837_cover@2x-3-pokojowe-mieszkanie-poznan-rataje-ul-katowicka.webp
Poznań Centrum,ul. Garbary,3,43,799000,18581,Pośrednik,,11,https://adresowo.pl/o/mieszkanie-poznan-centrum-ul-garbary-3-pokojowe-r3n4c0,https://s2.adresowa.pl/oi/19/77/3cf452_3444_cover@2x-3-pokojowe-mieszkanie-poznan-centrum-ul-garbary.webp
Poznań Stare Miasto,ul. Długa,2,35,255000,7286,Pośrednik,,18,https://adresowo.pl/o/mieszkanie-poznan-stare-miasto-ul-dluga-2-pokojowe-p7j9k6,https://s2.adresowa.pl/oi/43/37/3ca998_ca35_cover@2x-2-pokojowe-mieszkanie-poznan-stare-miasto-ul-dluga.webp
Poznań Starołęka Mała,ul. Unii Lubelskiej,2,39,609000,15615,bez pośredników,,13,https://adresowo.pl/o/mieszkanie-poznan-staroleka-mala-ul-unii-lubelskiej-2-pokojowe-u8a0p6,https://s2.adresowa.pl/oi/51/3e/3f7370_ce4d_cover@2x-2-pokojowe-mieszkanie-poznan-staroleka-mala-ul-unii-lubelskiej.webp
Poznań Grunwald,ul. Kazimierza Jarochowskiego,3,73,695000,9521,bez pośredników,,11,https://adresowo.pl/o/mieszkanie-poznan-grunwald-ul-kazimierza-jarochowskiego-3-pokojowe-j0b0j0,https://s2.adresowa.pl/oi/32/4d/3f6faa_5e80_cover@2x-3-pokojowe-mieszkanie-poznan-grunwald-ul-kazimierza-jarochowskiego.webp
Poznań Starołęka Wielka,ul. Starołęcka,4,78,1210000,15513,bez pośredników,,17,https://adresowo.pl/o/mieszkanie-poznan-staroleka-wielka-ul-starolecka-4-pokojowe-u1f7g6,https://s2.adresowa.pl/oi/75/7a/3f6dfa_9192_cover@2x-4-pokojowe-mieszkanie-poznan-staroleka-wielka-ul-starolecka.webp
Poznań Stare Miasto,ul. Królowej Jadwigi,3,58,599000,10328,Pośrednik,,15,https://adresowo.pl/o/mieszkanie-poznan-stare-miasto-ul-krolowej-jadwigi-3-pokojowe-y0k4n9,https://s2.adresowa.pl/oi/70/21/3ca946_681d_cover@2x-3-pokojowe-mieszkanie-poznan-stare-miasto-ul-krolowej-jadwigi.webp
Poznań,Nowe Miasto,3,81,838931,10357,Pośrednik,,3,https://adresowo.pl/o/mieszkanie-poznan-nowe-miasto-3-pokojowe-81-m2-t4o5t5,https://s2.adresowa.pl/oi/63/16/3c6ad0_fd03_cover@2x-3-pokojowe-mieszkanie-poznan-nowe-miasto.webp
Poznań Rataje,os. Orła Białego,3,78,799900,10255,bez pośredników,,13,https://adresowo.pl/o/mieszkanie-poznan-rataje-os-orla-bialego-3-pokojowe-q2c8w8,https://s2.adresowa.pl/oi/3e/2d/3f67dc_8b9c_cover@2x-3-pokojowe-mieszkanie-poznan-rataje-os-orla-bialego.webp
Poznań Łazarz,ul. Graniczna,3,60,725000,12083,bez pośredników,,16,https://adresowo.pl/o/mieszkanie-poznan-lazarz-ul-graniczna-3-pokojowe-r2e5c2,https://s2.adresowa.pl/oi/56/41/3f67ac_cb36_cover@2x-3-pokojowe-mieszkanie-poznan-lazarz-ul-graniczna.webp
Poznań Wilda,ul. Rolna,2,30,385000,12833,bez pośredników,,15,https://adresowo.pl/o/mieszkanie-poznan-wilda-ul-rolna-2-pokojowe-w8s8w7,https://s2.adresowa.pl/oi/15/68/3f679c_dffa_cover@2x-2-pokojowe-mieszkanie-poznan-wilda-ul-rolna.webp
Poznań Nowe Miasto,ul. Naramowicka,1,42,470620,11205,Pośrednik,,3,https://adresowo.pl/o/mieszkanie-poznan-nowe-miasto-ul-naramowicka-1-pokoj-w4m3a4,https://s2.adresowa.pl/oi/4e/24/3c6ac8_df64_cover@2x-1-pokojowe-mieszkanie-poznan-nowe-miasto-ul-naramowicka.webp
Poznań,Wilda,1,59,858672,14554,Pośrednik,,3,https://adresowo.pl/o/mieszkanie-poznan-wilda-1-pokoj-59-m2-k4n7x2,https://s2.adresowa.pl/oi/28/75/3c4ef8_e321_cover@2x-1-pokojowe-mieszkanie-poznan-wilda.webp
Poznań Rataje,os. Bohaterów II Wojny Światowej,3,48,585000,12188,bez pośredników,,16,https://adresowo.pl/o/mieszkanie-poznan-rataje-os-bohaterow-ii-wojny-swiatowej-3-pokojowe-n1l1k3,https://s2.adresowa.pl/oi/5a/14/3f66ce_d841_cover@2x-3-pokojowe-mieszkanie-poznan-rataje-os-bohaterow-ii-wojny-swiatowej.webp
Poznań Grunwald,ul. Strzecha,3,68,545000,8015,bez pośredników,,9,https://adresowo.pl/o/mieszkanie-poznan-grunwald-ul-strzecha-3-pokojowe-n0p1j4,https://s2.adresowa.pl/oi/6e/1d/3f5faa_3ed3_cover@2x-3-pokojowe-mieszkanie-poznan-grunwald-ul-strzecha.webp
Poznań Grunwald,ul. Ptasia,3,57,899000,15772,bez pośredników,,12,https://adresowo.pl/o/mieszkanie-poznan-grunwald-ul-ptasia-3-pokojowe-p2c8t6,https://s2.adresowa.pl/oi/43/65/3f5c18_4723_cover@2x-3-pokojowe-mieszkanie-poznan-grunwald-ul-ptasia.webp
Poznań,Wilda,1,47,694376,14774,Pośrednik,,3,https://adresowo.pl/o/mieszkanie-poznan-wilda-1-pokoj-47-m2-o7c8c2,https://s2.adresowa.pl/oi/33/4f/3c4ed8_a909_cover@2x-1-pokojowe-mieszkanie-poznan-wilda.webp
Poznań Centrum,ul. Garbary 43,1,25,390000,15600,Pośrednik,,10,https://adresowo.pl/o/mieszkanie-poznan-centrum-ul-garbary-1-pokoj-n6d3f0,https://s2.adresowa.pl/oi/6e/11/3c0bc2_d855_cover@2x-1-pokojowe-mieszkanie-poznan-centrum-ul-garbary.webp
Poznań Naramowice,ul. Błażeja,3,62,849000,13694,bez pośredników,,15,https://adresowo.pl/o/mieszkanie-poznan-naramowice-ul-blazeja-3-pokojowe-q7h5g5,https://s2.adresowa.pl/oi/7f/68/3f5be8_62f1_cover@2x-3-pokojowe-mieszkanie-poznan-naramowice-ul-blazeja.webp
Poznań Ogrody,ul. Szpitalna,1,34,460000,13529,bez pośredników,,12,https://adresowo.pl/o/mieszkanie-poznan-ogrody-ul-szpitalna-1-pokoj-k9z3j6,https://s2.adresowa.pl/oi/1a/50/3f5a58_c710_cover@2x-1-pokojowe-mieszkanie-poznan-ogrody-ul-szpitalna.webp
Poznań Naramowice,ul. Bratumiły,3,56,680000,12143,bez pośredników,,16,https://adresowo.pl/o/mieszkanie-poznan-naramowice-ul-bratumily-3-pokojowe-i8b6w6,https://s2.adresowa.pl/oi/45/1d/3f56e0_508d_cover@2x-3-pokojowe-mieszkanie-poznan-naramowice-ul-bratumily.webp
Poznań Wilda,ul. Antoniego Kosińskiego,2,71,699000,9845,Pośrednik,,19,https://adresowo.pl/o/mieszkanie-poznan-wilda-ul-antoniego-kosinskiego-2-pokojowe-d5c1z8,https://s2.adresowa.pl/oi/43/75/3bf8bc_6cb8_cover@2x-2-pokojowe-mieszkanie-poznan-wilda-ul-antoniego-kosinskiego.webp
Poznań Podolany,ul. Jasielska 5C,3,62,950000,15323,Pośrednik,,31,https://adresowo.pl/o/mieszkanie-poznan-podolany-ul-jasielska-3-pokojowe-q2y8o3,https://s2.adresowa.pl/oi/58/60/3b9342_dcd1_cover@2x-3-pokojowe-mieszkanie-poznan-podolany-ul-jasielska.webp
Poznań Grunwald,ul. Ptasia,3,68,970000,14265,bez pośredników,,12,https://adresowo.pl/o/mieszkanie-poznan-grunwald-ul-ptasia-3-pokojowe-o4s2s9,https://s2.adresowa.pl/oi/63/22/3f4b1a_3dbe_cover@2x-3-pokojowe-mieszkanie-poznan-grunwald-ul-ptasia.webp
Poznań Nowe Miasto,ul. Katowicka,2,54,823000,15241,bez pośredników,,10,https://adresowo.pl/o/mieszkanie-poznan-nowe-miasto-ul-katowicka-2-pokojowe-w0l3s7,https://s2.adresowa.pl/oi/69/38/3f455a_5c47_cover@2x-2-pokojowe-mieszkanie-poznan-nowe-miasto-ul-katowicka.webp
Poznań Grunwald,ul. Krzysztofa Arciszewskiego,6,67,649000,9687,bez pośredników,,8,https://adresowo.pl/o/mieszkanie-poznan-grunwald-ul-krzysztofa-arciszewskiego-6-pokojowe-p4o7y1,https://s2.adresowa.pl/oi/4d/65/3f4428_7ebe_cover@2x-6-pokojowe-mieszkanie-poznan-grunwald-ul-krzysztofa-arciszewskiego.webp
Poznań Zawady,ul. Aleksandra Studniarskiego,1,34,385000,11324,Pośrednik,,12,https://adresowo.pl/o/mieszkanie-poznan-zawady-ul-aleksandra-studniarskiego-1-pokoj-t8c3q9,https://s2.adresowa.pl/oi/5d/5b/3b8bc8_d086_cover@2x-1-pokojowe-mieszkanie-poznan-zawady-ul-aleksandra-studniarskiego.webp
Poznań,,2,57,688957,12087,Pośrednik,,18,https://adresowo.pl/o/mieszkanie-poznan-2-pokojowe-57-m2-g3w9i8,https://s2.adresowa.pl/oi/51/7f/3ab03c_f64a_cover@2x-2-pokojowe-mieszkanie-poznan.webp
Poznań Wilda,ul. Przemysłowa,1,30,480000,16000,bez pośredników,,8,https://adresowo.pl/o/mieszkanie-poznan-wilda-ul-przemyslowa-1-pokoj-a0l3y6,https://s2.adresowa.pl/oi/38/1f/3f432e_887c_cover@2x-1-pokojowe-mieszkanie-poznan-wilda-ul-przemyslowa.webp
Poznań Rataje,os. Orła Białego,3,79,715000,9051,bez pośredników,,5,https://adresowo.pl/o/mieszkanie-poznan-rataje-os-orla-bialego-3-pokojowe-d7b0u5,https://s2.adresowa.pl/oi/58/16/3f42a2_5121_cover@2x-3-pokojowe-mieszkanie-poznan-rataje-os-orla-bialego.webp
Poznań Jeżyce,ul. Augustyna Szamarzewskiego,1,24,340000,14167,bez pośredników,,7,https://adresowo.pl/o/mieszkanie-poznan-jezyce-ul-augustyna-szamarzewskiego-1-pokoj-r2h3m9,https://s2.adresowa.pl/oi/7c/4e/3f40e8_27b3_cover@2x-1-pokojowe-mieszkanie-poznan-jezyce-ul-augustyna-szamarzewskiego.webp
Poznań,,3,67,764384,11409,Pośrednik,,17,https://adresowo.pl/o/mieszkanie-poznan-3-pokojowe-67-m2-b3g9t8,https://s2.adresowa.pl/oi/71/24/3aa1fe_2743_cover@2x-3-pokojowe-mieszkanie-poznan.webp
Poznań,,2,38,469273,12349,Pośrednik,,19,https://adresowo.pl/o/mieszkanie-poznan-2-pokojowe-38-m2-r5v8h3,https://s2.adresowa.pl/oi/7b/46/3aa1fc_f1c1_cover@2x-2-pokojowe-mieszkanie-poznan.webp
Poznań Łazarz,ul. Antoniego Małeckiego,4,133,1150000,8647,bez pośredników,,1,https://adresowo.pl/o/mieszkanie-poznan-lazarz-ul-antoniego-maleckiego-4-pokojowe-a8k1o5,https://s2.adresowa.pl/oi/53/15/3f4046_5d1c_cover@2x-4-pokojowe-mieszkanie-poznan-lazarz-ul-antoniego-maleckiego.webp
Poznań Winogrady,os. Wichrowe Wzgórze,1,32,459000,14344,bez pośredników,,12,https://adresowo.pl/o/mieszkanie-poznan-winogrady-os-wichrowe-wzgorze-1-pokoj-m2n0b4,https://s2.adresowa.pl/oi/46/38/3f37aa_f841_cover@2x-1-pokojowe-mieszkanie-poznan-winogrady-os-wichrowe-wzgorze.webp
Poznań Winogrady,os. Zwycięstwa,2,42,640000,15238,bez pośredników,,20,https://adresowo.pl/o/mieszkanie-poznan-winogrady-os-zwyciestwa-2-pokojowe-b7b5e3,https://s2.adresowa.pl/oi/44/40/3f3402_50c9_cover@2x-2-pokojowe-mieszkanie-poznan-winogrady-os-zwyciestwa.webp
Poznań Wilda,ul. Józefa Wybickiego 1,3,56,550000,9821,Pośrednik,,16,https://adresowo.pl/o/mieszkanie-poznan-wilda-ul-jozefa-wybickiego-3-pokojowe-b5i4s4,https://s2.adresowa.pl/oi/59/35/3a235e_ec58_cover@2x-3-pokojowe-mieszkanie-poznan-wilda-ul-jozefa-wybickiego.webp
Poznań,Umultowo,3,38,446121,11740,Pośrednik,,19,https://adresowo.pl/o/mieszkanie-poznan-umultowo-3-pokojowe-38-m2-l6f5e6,https://s2.adresowa.pl/oi/40/6e/38d6e4_5c6d_cover@2x-3-pokojowe-mieszkanie-poznan-umultowo.webp
Poznań Centrum,ul. Wierzbowa,1,27,398000,14741,bez pośredników,,12,https://adresowo.pl/o/mieszkanie-poznan-centrum-ul-wierzbowa-1-pokoj-i9x7u7,https://s2.adresowa.pl/oi/61/7d/3f30fe_cbf7_cover@2x-1-pokojowe-mieszkanie-poznan-centrum-ul-wierzbowa.webp
Poznań Grunwald,ul. Jutrzenka,3,48,550000,11458,bez pośredników,,6,https://adresowo.pl/o/mieszkanie-poznan-grunwald-ul-jutrzenka-3-pokojowe-r8m7y1,https://s2.adresowa.pl/oi/6c/49/3f306e_5a21_cover@2x-3-pokojowe-mieszkanie-poznan-grunwald-ul-jutrzenka.webp
Poznań Piątkowo,ul. Ludwika Braille'a,2,49,669000,13653,bez pośredników,,9,https://adresowo.pl/o/mieszkanie-poznan-piatkowo-ul-ludwika-braille-a-2-pokojowe-f5b9y3,https://s2.adresowa.pl/oi/1d/28/3f2a32_4968_cover@2x-2-pokojowe-mieszkanie-poznan-piatkowo-ul-ludwika-braille-a.webp
Poznań Łazarz,ul. Kolejowa,2,31,439000,14161,Pośrednik,,8,https://adresowo.pl/o/mieszkanie-poznan-lazarz-ul-kolejowa-2-pokojowe-e4w2a3,https://s2.adresowa.pl/oi/12/1f/38b5e0_2f4b_cover@2x-2-pokojowe-mieszkanie-poznan-lazarz-ul-kolejowa.webp
Poznań Łazarz,ul. Kolejowa,2,31,439000,14161,Pośrednik,,9,https://adresowo.pl/o/mieszkanie-poznan-lazarz-ul-kolejowa-2-pokojowe-o7x4e9,https://s2.adresowa.pl/oi/51/39/37b802_b744_cover@2x-2-pokojowe-mieszkanie-poznan-lazarz-ul-kolejowa.webp
Poznań Wilda,ul. 28 Czerwca 1956 r.,2,50,519000,10380,bez pośredników,,13,https://adresowo.pl/o/mieszkanie-poznan-wilda-ul-28-czerwca-1956-r-2-pokojowe-u0e2p2,https://s2.adresowa.pl/oi/47/69/3f1f06_a436_cover@2x-2-pokojowe-mieszkanie-poznan-wilda-ul-28-czerwca-1956-r-.webp
Poznań Winogrady,ul. Hawelańska,3,54,698000,12926,bez pośredników,,21,https://adresowo.pl/o/mieszkanie-poznan-winogrady-ul-hawelanska-3-pokojowe-l1q4f4,https://s2.adresowa.pl/oi/39/59/3f1e5e_beee_cover@2x-3-pokojowe-mieszkanie-poznan-winogrady-ul-hawelanska.webp
Poznań,Piątkowo,5,85,892500,10500,bez pośredników,,9,https://adresowo.pl/o/mieszkanie-poznan-piatkowo-5-pokojowe-85-m2-q8t3a6,https://s2.adresowa.pl/oi/77/7b/3f1716_613d_cover@2x-5-pokojowe-mieszkanie-poznan-piatkowo.webp
Poznań Stare Miasto,ul. Długa,4,101,829000,8208,Pośrednik,,25,https://adresowo.pl/o/mieszkanie-poznan-stare-miasto-ul-dluga-4-pokojowe-z1k3s5,https://s2.adresowa.pl/oi/78/49/36d7fc_88ba_cover@2x-4-pokojowe-mieszkanie-poznan-stare-miasto-ul-dluga.webp
Poznań Rataje,ul. Katowicka,4,76,820000,10789,Pośrednik,,14,https://adresowo.pl/o/mieszkanie-poznan-rataje-ul-katowicka-4-pokojowe-z7o0d9,https://s2.adresowa.pl/oi/17/64/3544dc_fbf1_cover@2x-4-pokojowe-mieszkanie-poznan-rataje-ul-katowicka.webp
Poznań,Wilda,3,62,1359000,21919,bez pośredników,,8,https://adresowo.pl/o/mieszkanie-poznan-wilda-3-pokojowe-62-m2-l9p7b0,https://s2.adresowa.pl/oi/6b/6f/3f12a6_bb7e_cover@2x-3-pokojowe-mieszkanie-poznan-wilda.webp
Poznań Piątkowo,os. Bolesława Śmiałego,3,64,650000,10156,bez pośredników,,6,https://adresowo.pl/o/mieszkanie-poznan-piatkowo-os-boleslawa-smialego-3-pokojowe-z9k3u9,https://s2.adresowa.pl/oi/62/22/3f0872_4780_cover@2x-3-pokojowe-mieszkanie-poznan-piatkowo-os-boleslawa-smialego.webp
Poznań Komandoria,ul. Stanisława Małachowskiego,3,38,490000,12895,bez pośredników,,1,https://adresowo.pl/o/mieszkanie-poznan-komandoria-ul-stanislawa-malachowskiego-3-pokojowe-d0v8z6,https://s2.adresowa.pl/oi/3f/61/3f0228_9e16_cover@2x-3-pokojowe-mieszkanie-poznan-komandoria-ul-stanislawa-malachowskiego.webp
Poznań Stary Rynek,ul. Wodna 15,2,54,897000,16611,Pośrednik,,18,https://adresowo.pl/o/mieszkanie-poznan-stary-rynek-ul-wodna-2-pokojowe-g2q7f7,https://s2.adresowa.pl/oi/52/56/34492e_affc_cover@2x-2-pokojowe-mieszkanie-poznan-stary-rynek-ul-wodna.webp
Poznań Stare Miasto,ul. Rybaki,2,57,615000,10789,Pośrednik,,13,https://adresowo.pl/o/mieszkanie-poznan-stare-miasto-ul-rybaki-2-pokojowe-p3i6g9,https://s2.adresowa.pl/oi/1a/3e/30e56c_2c76_cover@2x-2-pokojowe-mieszkanie-poznan-stare-miasto-ul-rybaki.webp
Poznań Stare Miasto,os. Bolesława Śmiałego,5,64,650000,10156,bez pośredników,,6,https://adresowo.pl/o/mieszkanie-poznan-stare-miasto-os-boleslawa-smialego-5-pokojowe-r2f5i3,https://s2.adresowa.pl/oi/2d/75/3efbf2_4131_cover@2x-5-pokojowe-mieszkanie-poznan-stare-miasto-os-boleslawa-smialego.webp
Poznań Starołęka,ul. Unii Lubelskiej,2,39,600000,15385,bez pośredników,,8,https://adresowo.pl/o/mieszkanie-poznan-staroleka-ul-unii-lubelskiej-2-pokojowe-q2b3s5,https://s2.adresowa.pl/oi/16/51/3ef24e_b2d2_cover@2x-2-pokojowe-mieszkanie-poznan-staroleka-ul-unii-lubelskiej.webp
Poznań Wilda,ul. Górna Wilda,3,88,1150000,13068,bez pośredników,,15,https://adresowo.pl/o/mieszkanie-poznan-wilda-ul-gorna-wilda-3-pokojowe-p6o5v4,https://s2.adresowa.pl/oi/2b/5c/3eecf8_53fc_cover@2x-3-pokojowe-mieszkanie-poznan-wilda-ul-gorna-wilda.webp
Poznań,Rataje,2,43,549000,12767,bez pośredników,,12,https://adresowo.pl/o/mieszkanie-poznan-rataje-2-pokojowe-43-m2-w3h2l7,https://s2.adresowa.pl/oi/74/2c/3ee568_fd09_cover@2x-2-pokojowe-mieszkanie-poznan-rataje.webp
Poznań Jeżyce,ul. Zygmunta Krasińskiego 2,3,77,730000,9481,Pośrednik,,20,https://adresowo.pl/o/mieszkanie-poznan-jezyce-ul-zygmunta-krasinskiego-3-pokojowe-h0t7n1,https://s2.adresowa.pl/oi/46/38/2ca108_c298_cover@2x-3-pokojowe-mieszkanie-poznan-jezyce-ul-zygmunta-krasinskiego.webp
Poznań Rataje,os. Powstań Narodowych,2,43,559000,13000,bez pośredników,,8,https://adresowo.pl/o/mieszkanie-poznan-rataje-os-powstan-narodowych-2-pokojowe-h7u7x9,https://s2.adresowa.pl/oi/78/3a/3ee2f0_66a1_cover@2x-2-pokojowe-mieszkanie-poznan-rataje-os-powstan-narodowych.webp
Poznań Rataje,os. Armii Krajowej,6,77,680000,8831,bez pośredników,,8,https://adresowo.pl/o/mieszkanie-poznan-rataje-os-armii-krajowej-6-pokojowe-x9v3n8,https://s2.adresowa.pl/oi/12/30/3ed35e_d27b_cover@2x-6-pokojowe-mieszkanie-poznan-rataje-os-armii-krajowej.webp
Poznań,os. Stefana Batorego,4,73,789000,10808,bez pośredników,,12,https://adresowo.pl/o/mieszkanie-poznan-os-stefana-batorego-4-pokojowe-l8f8f1,https://s2.adresowa.pl/oi/14/2a/3ed02e_a566_cover@2x-4-pokojowe-mieszkanie-poznan-os-stefana-batorego.webp
Poznań Łazarz,ul. Andrzeja i Władysława Niegolewskich,4,102,1198000,11745,bez pośredników,,11,https://adresowo.pl/o/mieszkanie-poznan-lazarz-ul-andrzeja-i-wladyslawa-niegolewskich-4-pokojowe-y2p6i9,https://s2.adresowa.pl/oi/5f/60/3eb6ca_871d_cover@2x-4-pokojowe-mieszkanie-poznan-lazarz-ul-andrzeja-i-wladyslawa-niegolewskich.webp
Poznań Centrum,ul. Kazimierza Kantaka,2,35,565000,16143,bez pośredników,,13,https://adresowo.pl/o/mieszkanie-poznan-centrum-ul-kazimierza-kantaka-2-pokojowe-n9w1u5,https://s2.adresowa.pl/oi/3f/76/3eb02c_31d6_cover@2x-2-pokojowe-mieszkanie-poznan-centrum-ul-kazimierza-kantaka.webp
Poznań Rataje,os. Orła Białego,3,78,719000,9218,bez pośredników,,16,https://adresowo.pl/o/mieszkanie-poznan-rataje-os-orla-bialego-3-pokojowe-a0s5j5,https://s2.adresowa.pl/oi/60/24/3ea5f4_718d_cover@2x-3-pokojowe-mieszkanie-poznan-rataje-os-orla-bialego.webp
Poznań Wilda,ul. Jana Żupańskiego,3,75,750000,10000,bez pośredników,,8,https://adresowo.pl/o/mieszkanie-poznan-wilda-ul-jana-zupanskiego-3-pokojowe-v6d0l8,https://s2.adresowa.pl/oi/2c/59/3ea0fe_ba23_cover@2x-3-pokojowe-mieszkanie-poznan-wilda-ul-jana-zupanskiego.webp
Poznań Winogrady,os. Zwycięstwa,4,65,679000,10446,bez pośredników,,10,https://adresowo.pl/o/mieszkanie-poznan-winogrady-os-zwyciestwa-4-pokojowe-m6r2n4,https://s2.adresowa.pl/oi/62/11/3e9d8c_558d_cover@2x-4-pokojowe-mieszkanie-poznan-winogrady-os-zwyciestwa.webp
Poznań Chartowo,os. Rusa,2,49,630000,12857,bez pośredników,,17,https://adresowo.pl/o/mieszkanie-poznan-chartowo-os-rusa-2-pokojowe-l6q1q1,https://s2.adresowa.pl/oi/13/2a/3e927c_9f82_cover@2x-2-pokojowe-mieszkanie-poznan-chartowo-os-rusa.webp
Poznań Wilda,ul. Łozowa,3,58,750000,12931,bez pośredników,,11,https://adresowo.pl/o/mieszkanie-poznan-wilda-ul-lozowa-3-pokojowe-e6r6a6,https://s2.adresowa.pl/oi/17/12/3e8e94_8ef0_cover@2x-3-pokojowe-mieszkanie-poznan-wilda-ul-lozowa.webp
Poznań Górna Wilda,ul. Wierzbięcice,1,39,495000,12692,bez pośredników,,8,https://adresowo.pl/o/mieszkanie-poznan-gorna-wilda-ul-wierzbiecice-1-pokoj-u5u1v6,https://s2.adresowa.pl/oi/64/48/3e8adc_d185_cover@2x-1-pokojowe-mieszkanie-poznan-gorna-wilda-ul-wierzbiecice.webp
Poznań Łazarz,ul. Józefa Łukaszewicza,2,45,450000,10000,bez pośredników,,8,https://adresowo.pl/o/mieszkanie-poznan-lazarz-ul-jozefa-lukaszewicza-2-pokojowe-c5m6q4,https://s2.adresowa.pl/oi/38/25/3e7b98_9d2c_cover@2x-2-pokojowe-mieszkanie-poznan-lazarz-ul-jozefa-lukaszewicza.webp
Poznań Winogrady,os. Pod Lipami,1,28,350000,12500,bez pośredników,,1,https://adresowo.pl/o/mieszkanie-poznan-winogrady-os-pod-lipami-1-pokoj-u4n0v3,https://s2.adresowa.pl/oi/1c/59/3e7b62_45b0_cover@2x-1-pokojowe-mieszkanie-poznan-winogrady-os-pod-lipami.webp
Poznań,Winogrady,1,28,454000,16214,bez pośredników,,8,https://adresowo.pl/o/mieszkanie-poznan-winogrady-1-pokoj-28-m2-a2c1x3,https://s2.adresowa.pl/oi/78/3c/3e6cb0_8f9b_cover@2x-1-pokojowe-mieszkanie-poznan-winogrady.webp
Poznań Dębiec,ul. Bukowa,3,51,619000,12137,bez pośredników,,8,https://adresowo.pl/o/mieszkanie-poznan-debiec-ul-bukowa-3-pokojowe-k2i4h4,https://s2.adresowa.pl/oi/55/69/3e67ca_c148_cover@2x-3-pokojowe-mieszkanie-poznan-debiec-ul-bukowa.webp
Poznań Junikowo,ul. Jeleniogórska,3,66,849000,12864,bez pośredników,,7,https://adresowo.pl/o/mieszkanie-poznan-junikowo-ul-jeleniogorska-3-pokojowe-b6x1j6,https://s2.adresowa.pl/oi/61/1f/3e5448_2e00_cover@2x-3-pokojowe-mieszkanie-poznan-junikowo-ul-jeleniogorska.webp
Poznań Łazarz,ul. Antoniego Małeckiego,2,42,482000,11476,bez pośredników,,9,https://adresowo.pl/o/mieszkanie-poznan-lazarz-ul-antoniego-maleckiego-2-pokojowe-t8q4u6,https://s2.adresowa.pl/oi/5b/53/3e3ede_4ff8_cover@2x-2-pokojowe-mieszkanie-poznan-lazarz-ul-antoniego-maleckiego.webp
Poznań Stare Miasto,ul. Wielka,2,47,559000,11894,bez pośredników,,18,https://adresowo.pl/o/mieszkanie-poznan-stare-miasto-ul-wielka-2-pokojowe-r8i8x4,https://s2.adresowa.pl/oi/48/5b/3e3910_ce5b_cover@2x-2-pokojowe-mieszkanie-poznan-stare-miasto-ul-wielka.webp
Poznań Grunwald,ul. Ognik,2,42,250000,5952,bez pośredników,,1,https://adresowo.pl/o/mieszkanie-poznan-grunwald-ul-ognik-2-pokojowe-j9z6y8,https://s2.adresowa.pl/oi/7f/53/3e3854_6541_cover@2x-2-pokojowe-mieszkanie-poznan-grunwald-ul-ognik.webp
Poznań Wilda,ul. Jana Kilińskiego,3,68,855000,12574,bez pośredników,,11,https://adresowo.pl/o/mieszkanie-poznan-wilda-ul-jana-kilinskiego-3-pokojowe-w3j3x2,https://s2.adresowa.pl/oi/6f/2c/3e3338_e808_cover@2x-3-pokojowe-mieszkanie-poznan-wilda-ul-jana-kilinskiego.webp
Poznań Jeżyce,ul. Franklina Roosevelta,4,121,1359000,11231,bez pośredników,,19,https://adresowo.pl/o/mieszkanie-poznan-jezyce-ul-franklina-roosevelta-4-pokojowe-f9m7b1,https://s2.adresowa.pl/oi/71/6f/3e2566_fab8_cover@2x-4-pokojowe-mieszkanie-poznan-jezyce-ul-franklina-roosevelta.webp
Poznań Łazarz,ul. Głogowska,1,26,233000,8962,bez pośredników,,2,https://adresowo.pl/o/mieszkanie-poznan-lazarz-ul-glogowska-1-pokoj-r7d1p7,https://s2.adresowa.pl/oi/46/54/3e1a98_536f_cover@2x-1-pokojowe-mieszkanie-poznan-lazarz-ul-glogowska.webp
Poznań Stare Miasto,ul. Wielka,1,23,419000,18217,bez pośredników,,15,https://adresowo.pl/o/mieszkanie-poznan-stare-miasto-ul-wielka-1-pokoj-x0z4z0,https://s2.adresowa.pl/oi/7f/34/3e12a4_57f3_cover@2x-1-pokojowe-mieszkanie-poznan-stare-miasto-ul-wielka.webp
Poznań Nowe Miasto,ul. Katowicka,2,45,620000,13778,bez pośredników,,17,https://adresowo.pl/o/mieszkanie-poznan-nowe-miasto-ul-katowicka-2-pokojowe-e0b7b9,https://s2.adresowa.pl/oi/3d/30/3e129a_b93c_cover@2x-2-pokojowe-mieszkanie-poznan-nowe-miasto-ul-katowicka.webp
Poznań,Winogrady,2,48,475000,9896,bez pośredników,,14,https://adresowo.pl/o/mieszkanie-poznan-winogrady-2-pokojowe-48-m2-r2d5z8,https://s2.adresowa.pl/oi/13/72/3e0922_6c25_cover@2x-2-pokojowe-mieszkanie-poznan-winogrady.webp
Poznań Grunwald,ul. Świerzawska,2,55,799000,14527,bez pośredników,,11,https://adresowo.pl/o/mieszkanie-poznan-grunwald-ul-swierzawska-2-pokojowe-n4m4z0,https://s2.adresowa.pl/oi/1b/31/3dfcf6_51b3_cover@2x-2-pokojowe-mieszkanie-poznan-grunwald-ul-swierzawska.webp
Poznań Wilda,ul. Przemysłowa,2,44,550000,12500,bez pośredników,,14,https://adresowo.pl/o/mieszkanie-poznan-wilda-ul-przemyslowa-2-pokojowe-z7v1h0,https://s2.adresowa.pl/oi/36/1d/3df1bc_88e1_cover@2x-2-pokojowe-mieszkanie-poznan-wilda-ul-przemyslowa.webp
Poznań Grunwald,ul. Wojskowa,2,48,699000,14562,bez pośredników,,7,https://adresowo.pl/o/mieszkanie-poznan-grunwald-ul-wojskowa-2-pokojowe-s2p8e6,https://s2.adresowa.pl/oi/65/3b/3ded5c_825c_cover@2x-2-pokojowe-mieszkanie-poznan-grunwald-ul-wojskowa.webp
Poznań Stare Miasto,ul. Feliksa Nowowiejskiego,3,54,690000,12778,bez pośredników,,16,https://adresowo.pl/o/mieszkanie-poznan-stare-miasto-ul-feliksa-nowowiejskiego-3-pokojowe-a8u4a4,https://s2.adresowa.pl/oi/1f/13/3de9da_61be_cover@2x-3-pokojowe-mieszkanie-poznan-stare-miasto-ul-feliksa-nowowiejskiego.webp
Poznań Jeżyce,ul. Polna,1,34,500000,14706,bez pośredników,,7,https://adresowo.pl/o/mieszkanie-poznan-jezyce-ul-polna-1-pokoj-g7v7q2,https://s2.adresowa.pl/oi/34/68/3de9c8_7ceb_cover@2x-1-pokojowe-mieszkanie-poznan-jezyce-ul-polna.webp
Poznań Centrum,ul. Kazimierza Wielkiego,2,34,555000,16324,bez pośredników,,20,https://adresowo.pl/o/mieszkanie-poznan-centrum-ul-kazimierza-wielkiego-2-pokojowe-u2x9l7,https://s2.adresowa.pl/oi/2c/30/3ddfec_9823_cover@2x-2-pokojowe-mieszkanie-poznan-centrum-ul-kazimierza-wielkiego.webp
Poznań Naramowice,ul. Naramowicka,2,48,620000,12917,bez pośredników,,12,https://adresowo.pl/o/mieszkanie-poznan-naramowice-ul-naramowicka-2-pokojowe-j9j7q8,https://s2.adresowa.pl/oi/76/11/3ddc00_a882_cover@2x-2-pokojowe-mieszkanie-poznan-naramowice-ul-naramowicka.webp
Poznań Stare Miasto,ul. Garbary,1,31,559000,18032,bez pośredników,,9,https://adresowo.pl/o/mieszkanie-poznan-stare-miasto-ul-garbary-1-pokoj-n7o9y2,https://s2.adresowa.pl/oi/5b/5b/3dcec0_c99c_cover@2x-1-pokojowe-mieszkanie-poznan-stare-miasto-ul-garbary.webp
Poznań Stare Miasto,ul. 3 Maja,2,44,599000,13614,bez pośredników,,7,https://adresowo.pl/o/mieszkanie-poznan-stare-miasto-ul-3-maja-2-pokojowe-j1v0h0,https://s2.adresowa.pl/oi/63/12/3dc030_3e6d_cover@2x-2-pokojowe-mieszkanie-poznan-stare-miasto-ul-3-maja.webp
Poznań Jeżyce,ul. Józefa Ignacego Kraszewskiego,1,22,449000,20409,bez pośredników,,3,https://adresowo.pl/o/mieszkanie-poznan-jezyce-ul-jozefa-ignacego-kraszewskiego-1-pokoj-s3l2w3,https://s2.adresowa.pl/oi/10/6e/3dbc9a_7421_cover@2x-1-pokojowe-mieszkanie-poznan-jezyce-ul-jozefa-ignacego-kraszewskiego.webp
Poznań Łazarz,ul. Józefa Łukaszewicza,4,62,690000,11129,bez pośredników,,13,https://adresowo.pl/o/mieszkanie-poznan-lazarz-ul-jozefa-lukaszewicza-4-pokojowe-a4q5b7,https://s2.adresowa.pl/oi/7a/25/3dbc6e_33db_cover@2x-4-pokojowe-mieszkanie-poznan-lazarz-ul-jozefa-lukaszewicza.webp
Poznań Wilda,ul. Kolejowa,1,42,499000,11881,bez pośredników,,20,https://adresowo.pl/o/mieszkanie-poznan-wilda-ul-kolejowa-1-pokoj-r6o7u7,https://s2.adresowa.pl/oi/3d/4c/3dbb64_5ba6_cover@2x-1-pokojowe-mieszkanie-poznan-wilda-ul-kolejowa.webp
Poznań Piątkowo,os. Bolesława Chrobrego,3,62,635000,10242,bez pośredników,,12,https://adresowo.pl/o/mieszkanie-poznan-piatkowo-os-boleslawa-chrobrego-3-pokojowe-a3i6q1,https://s2.adresowa.pl/oi/52/4e/3db5d6_b1bb_cover@2x-3-pokojowe-mieszkanie-poznan-piatkowo-os-boleslawa-chrobrego.webp
Poznań,os. Tysiąclecia,3,80,677000,8462,bez pośredników,,18,https://adresowo.pl/o/mieszkanie-poznan-os-tysiaclecia-3-pokojowe-i0z3k7,https://s2.adresowa.pl/oi/5e/1e/3da3ba_9c9b_cover@2x-3-pokojowe-mieszkanie-poznan-os-tysiaclecia.webp
Poznań,Stare Miasto,2,36,499000,13861,bez pośredników,,12,https://adresowo.pl/o/mieszkanie-poznan-stare-miasto-2-pokojowe-36-m2-h0c1b3,https://s2.adresowa.pl/oi/38/5b/3d9708_b470_cover@2x-2-pokojowe-mieszkanie-poznan-stare-miasto.webp
Poznań Nowe Miasto,ul. Pobiedziska,1,38,449000,11816,bez pośredników,,15,https://adresowo.pl/o/mieszkanie-poznan-nowe-miasto-ul-pobiedziska-1-pokoj-p0a2v4,https://s2.adresowa.pl/oi/76/32/3d6f84_5ac4_cover@2x-1-pokojowe-mieszkanie-poznan-nowe-miasto-ul-pobiedziska.webp
Poznań Ogrody,ul. Szpitalna,3,59,569000,9644,bez pośredników,,15,https://adresowo.pl/o/mieszkanie-poznan-ogrody-ul-szpitalna-3-pokojowe-w0g3d4,https://s2.adresowa.pl/oi/58/61/3d653a_3415_cover@2x-3-pokojowe-mieszkanie-poznan-ogrody-ul-szpitalna.webp
Poznań Centrum,ul. Garbary,2,62,795000,12823,bez pośredników,,8,https://adresowo.pl/o/mieszkanie-poznan-centrum-ul-garbary-2-pokojowe-l0w7e2,https://s2.adresowa.pl/oi/5c/26/3d46f6_b79c_cover@2x-2-pokojowe-mieszkanie-poznan-centrum-ul-garbary.webp
Poznań Górczyn,ul. Górki,3,59,835000,14153,bez pośredników,,8,https://adresowo.pl/o/mieszkanie-poznan-gorczyn-ul-gorki-3-pokojowe-d5s6a2,https://s2.adresowa.pl/oi/50/6a/3d4652_9026_cover@2x-3-pokojowe-mieszkanie-poznan-gorczyn-ul-gorki.webp
Poznań Jeżyce,ul. Maksymiliana Jackowskiego,4,121,2190000,18099,bez pośredników,,10,https://adresowo.pl/o/mieszkanie-poznan-jezyce-ul-maksymiliana-jackowskiego-4-pokojowe-e0p3a9,https://s2.adresowa.pl/oi/7d/13/3d463e_c46b_cover@2x-4-pokojowe-mieszkanie-poznan-jezyce-ul-maksymiliana-jackowskiego.webp
Poznań Rataje,ul. Milczańska,3,60,840000,14000,bez pośredników,,9,https://adresowo.pl/o/mieszkanie-poznan-rataje-ul-milczanska-3-pokojowe-m1d5n7,https://s2.adresowa.pl/oi/6e/67/3d33a2_72d4_cover@2x-3-pokojowe-mieszkanie-poznan-rataje-ul-milczanska.webp
Poznań Jeżyce,ul. Zygmunta Krasińskiego,2,52,620000,11923,bez pośredników,,16,https://adresowo.pl/o/mieszkanie-poznan-jezyce-ul-zygmunta-krasinskiego-2-pokojowe-j8r2y9,https://s2.adresowa.pl/oi/5b/5a/3d300c_837c_cover@2x-2-pokojowe-mieszkanie-poznan-jezyce-ul-zygmunta-krasinskiego.webp
Poznań Piątkowo,os. Bolesława Chrobrego,3,62,620000,10000,bez pośredników,,15,https://adresowo.pl/o/mieszkanie-poznan-piatkowo-os-boleslawa-chrobrego-3-pokojowe-h7k3h7,https://s2.adresowa.pl/oi/48/42/3d2f90_d826_cover@2x-3-pokojowe-mieszkanie-poznan-piatkowo-os-boleslawa-chrobrego.webp
Poznań Grunwald,ul. Marcelińska,2,54,790000,14630,bez pośredników,,20,https://adresowo.pl/o/mieszkanie-poznan-grunwald-ul-marcelinska-2-pokojowe-h3w4c5,https://s2.adresowa.pl/oi/53/10/3d11aa_e614_cover@2x-2-pokojowe-mieszkanie-poznan-grunwald-ul-marcelinska.webp
Poznań Centrum,ul. Grobla,2,27,488000,18074,bez pośredników,,12,https://adresowo.pl/o/mieszkanie-poznan-centrum-ul-grobla-2-pokojowe-y4h2r1,https://s2.adresowa.pl/oi/67/6d/3d0c60_f99f_cover@2x-2-pokojowe-mieszkanie-poznan-centrum-ul-grobla.webp
Poznań Winogrady,os. Kosmonautów,2,38,499000,13132,bez pośredników,,16,https://adresowo.pl/o/mieszkanie-poznan-winogrady-os-kosmonautow-2-pokojowe-a7v6a0,https://s2.adresowa.pl/oi/2b/35/3cf1d0_c531_cover@2x-2-pokojowe-mieszkanie-poznan-winogrady-os-kosmonautow.webp
Poznań Wilda,ul. Fabryczna,1,26,460000,17692,bez pośredników,,8,https://adresowo.pl/o/mieszkanie-poznan-wilda-ul-fabryczna-1-pokoj-q6v5p4,https://s2.adresowa.pl/oi/10/51/3ced80_ce73_cover@2x-1-pokojowe-mieszkanie-poznan-wilda-ul-fabryczna.webp
Poznań,os. Przyjaźni,3,53,680000,12830,bez pośredników,,8,https://adresowo.pl/o/mieszkanie-poznan-os-przyjazni-3-pokojowe-j3l6p0,https://s2.adresowa.pl/oi/4c/6f/3ce1c2_a14b_cover@2x-3-pokojowe-mieszkanie-poznan-os-przyjazni.webp
Poznań Nowe Miasto,ul. Gnieźnieńska,2,47,510000,10851,bez pośredników,,6,https://adresowo.pl/o/mieszkanie-poznan-nowe-miasto-ul-gnieznienska-2-pokojowe-v2q5k6,https://s2.adresowa.pl/oi/39/28/3cc4d2_839e_cover@2x-2-pokojowe-mieszkanie-poznan-nowe-miasto-ul-gnieznienska.webp
Poznań Grunwald,ul. Jana Ostroroga,5,168,1990000,11845,bez pośredników,,1,https://adresowo.pl/o/mieszkanie-poznan-grunwald-ul-jana-ostroroga-5-pokojowe-x0z4k0,https://s2.adresowa.pl/oi/5c/67/3cc10e_3af3_cover@2x-5-pokojowe-mieszkanie-poznan-grunwald-ul-jana-ostroroga.webp
Poznań Piątkowo,os. Bolesława Chrobrego,3,63,760000,12063,bez pośredników,,12,https://adresowo.pl/o/mieszkanie-poznan-piatkowo-os-boleslawa-chrobrego-3-pokojowe-h5i4k3,https://s2.adresowa.pl/oi/43/32/3cacea_2aa1_cover@2x-3-pokojowe-mieszkanie-poznan-piatkowo-os-boleslawa-chrobrego.webp
Poznań Stare Miasto,ul. Wilczak,2,42,640000,15238,bez pośredników,,13,https://adresowo.pl/o/mieszkanie-poznan-stare-miasto-ul-wilczak-2-pokojowe-b5w0b7,https://s2.adresowa.pl/oi/1d/63/3c9724_35fe_cover@2x-2-pokojowe-mieszkanie-poznan-stare-miasto-ul-wilczak.webp
Poznań Starołęka,ul. Żorska,3,64,864000,13500,bez pośredników,,14,https://adresowo.pl/o/mieszkanie-poznan-staroleka-ul-zorska-3-pokojowe-i7s7i6,https://s2.adresowa.pl/oi/18/6f/3c7c42_baba_cover@2x-3-pokojowe-mieszkanie-poznan-staroleka-ul-zorska.webp
Poznań Ławica,ul. Leśnych Skrzatów,3,68,949000,13956,bez pośredników,,26,https://adresowo.pl/o/mieszkanie-poznan-lawica-ul-lesnych-skrzatow-3-pokojowe-l1b0u1,https://s2.adresowa.pl/oi/54/54/3c6a40_9e07_cover@2x-3-pokojowe-mieszkanie-poznan-lawica-ul-lesnych-skrzatow.webp
Poznań Naramowice,ul. Sielawy,2,34,509000,14971,bez pośredników,,1,https://adresowo.pl/o/mieszkanie-poznan-naramowice-ul-sielawy-2-pokojowe-s7s7q8,https://s2.adresowa.pl/oi/27/59/3c478e_9576_cover@2x-2-pokojowe-mieszkanie-poznan-naramowice-ul-sielawy.webp
Poznań Strzeszyn,ul. Literacka,2,54,670000,12407,bez pośredników,,4,https://adresowo.pl/o/mieszkanie-poznan-strzeszyn-ul-literacka-2-pokojowe-u1d2t7,https://s2.adresowa.pl/oi/42/17/3c42c6_4b6b_cover@2x-2-pokojowe-mieszkanie-poznan-strzeszyn-ul-literacka.webp
Poznań Strzeszyn,ul. Augusta Emila Fieldorfa,5,95,1295000,13632,bez pośredników,,1,https://adresowo.pl/o/mieszkanie-poznan-strzeszyn-ul-augusta-emila-fieldorfa-5-pokojowe-z8o6c1,https://s2.adresowa.pl/oi/4c/65/3c1b56_9c67_cover@2x-5-pokojowe-mieszkanie-poznan-strzeszyn-ul-augusta-emila-fieldorfa.webp
Poznań Wilda,ul. Dolna Wilda,2,57,489000,8579,bez pośredników,,13,https://adresowo.pl/o/mieszkanie-poznan-wilda-ul-dolna-wilda-2-pokojowe-b8o4a2,https://s2.adresowa.pl/oi/13/1a/3bceaa_6ac0_cover@2x-2-pokojowe-mieszkanie-poznan-wilda-ul-dolna-wilda.webp
Poznań Strzeszyn,ul. Johanna Wolfganga Goethego,3,59,850000,14407,bez pośredników,,7,https://adresowo.pl/o/mieszkanie-poznan-strzeszyn-ul-johanna-wolfganga-goethego-3-pokojowe-d6o8e2,https://s2.adresowa.pl/oi/1a/4b/3bc8b6_e9fa_cover@2x-3-pokojowe-mieszkanie-poznan-strzeszyn-ul-johanna-wolfganga-goethego.webp
Poznań Stare Miasto,ul. Królowej Jadwigi,2,50,685000,13700,bez pośredników,,14,https://adresowo.pl/o/mieszkanie-poznan-stare-miasto-ul-krolowej-jadwigi-2-pokojowe-w4c4h5,https://s2.adresowa.pl/oi/33/4f/3b2558_6a68_cover@2x-2-pokojowe-mieszkanie-poznan-stare-miasto-ul-krolowej-jadwigi.webp
Poznań Morasko,ul. Romana Drewsa,4,92,920000,10000,bez pośredników,,10,https://adresowo.pl/o/mieszkanie-poznan-morasko-ul-romana-drewsa-4-pokojowe-j1p8d7,https://s2.adresowa.pl/oi/7a/4e/3b1414_6a1a_cover@2x-4-pokojowe-mieszkanie-poznan-morasko-ul-romana-drewsa.webp
Poznań Podolany,ul. Janiny Omańkowskiej,5,118,1099000,9314,bez pośredników,,10,https://adresowo.pl/o/mieszkanie-poznan-podolany-ul-janiny-omankowskiej-5-pokojowe-d0b7m7,https://s2.adresowa.pl/oi/63/11/3b12d8_aa4d_cover@2x-5-pokojowe-mieszkanie-poznan-podolany-ul-janiny-omankowskiej.webp
Poznań Grunwald,ul. Brzask,2,49,510000,10408,bez pośredników,,11,https://adresowo.pl/o/mieszkanie-poznan-grunwald-ul-brzask-2-pokojowe-w1i2r2,https://s2.adresowa.pl/oi/1f/4a/3ae974_9230_cover@2x-2-pokojowe-mieszkanie-poznan-grunwald-ul-brzask.webp
Poznań Jeżyce,ul. Polna,3,65,600000,9231,bez pośredników,,8,https://adresowo.pl/o/mieszkanie-poznan-jezyce-ul-polna-3-pokojowe-w1o4j7,https://s2.adresowa.pl/oi/57/5a/3a71a6_8cfc_cover@2x-3-pokojowe-mieszkanie-poznan-jezyce-ul-polna.webp
Poznań Malta,ul. Milczańska,2,62,795000,12823,bez pośredników,,9,https://adresowo.pl/o/mieszkanie-poznan-malta-ul-milczanska-2-pokojowe-k7i8q6,https://s2.adresowa.pl/oi/4d/6f/39b030_d8aa_cover@2x-2-pokojowe-mieszkanie-poznan-malta-ul-milczanska.webp
Poznań Rataje,os. Bohaterów II Wojny Światowej,3,47,495500,10543,bez pośredników,,16,https://adresowo.pl/o/mieszkanie-poznan-rataje-os-bohaterow-ii-wojny-swiatowej-3-pokojowe-o7h9s2,https://s2.adresowa.pl/oi/73/57/38eb50_c481_cover@2x-3-pokojowe-mieszkanie-poznan-rataje-os-bohaterow-ii-wojny-swiatowej.webp
Poznań Nowe Miasto,ul. Głuszyna,4,64,677000,10578,bez pośredników,,6,https://adresowo.pl/o/mieszkanie-poznan-nowe-miasto-ul-gluszyna-4-pokojowe-k8s9q3,https://s2.adresowa.pl/oi/36/75/38169e_283c_cover@2x-4-pokojowe-mieszkanie-poznan-nowe-miasto-ul-gluszyna.webp
Poznań Centrum,ul. Głogowska,1,36,420000,11667,bez pośredników,,10,https://adresowo.pl/o/mieszkanie-poznan-centrum-ul-glogowska-1-pokoj-i8l8h8,https://s2.adresowa.pl/oi/13/4a/375c1a_41b0_cover@2x-1-pokojowe-mieszkanie-poznan-centrum-ul-glogowska.webp
Poznań Centrum,ul. Łąkowa,5,137,1650000,12044,bez pośredników,,6,https://adresowo.pl/o/mieszkanie-poznan-centrum-ul-lakowa-5-pokojowe-i4a2e7,https://s2.adresowa.pl/oi/2e/53/3755e4_49fe_cover@2x-5-pokojowe-mieszkanie-poznan-centrum-ul-lakowa.webp
Poznań Wilda,ul. Józefa Wybickiego,1,35,410500,11729,bez pośredników,,15,https://adresowo.pl/o/mieszkanie-poznan-wilda-ul-jozefa-wybickiego-1-pokoj-d3r4z4,https://s2.adresowa.pl/oi/58/44/372a66_ffb4_cover@2x-1-pokojowe-mieszkanie-poznan-wilda-ul-jozefa-wybickiego.webp
Poznań Jeżyce,ul. św. Wawrzyńca,2,39,520000,13333,bez pośredników,,3,https://adresowo.pl/o/mieszkanie-poznan-jezyce-ul-sw-wawrzynca-2-pokojowe-o0x9t8,https://s2.adresowa.pl/oi/2c/5d/36a73c_95a9_cover@2x-2-pokojowe-mieszkanie-poznan-jezyce-ul-sw-wawrzynca.webp
Poznań Rataje,os. Stare Żegrze,3,64,595000,9297,bez pośredników,,8,https://adresowo.pl/o/mieszkanie-poznan-rataje-os-stare-zegrze-3-pokojowe-z5f1y7,https://s2.adresowa.pl/oi/38/79/36a126_71f4_cover@2x-3-pokojowe-mieszkanie-poznan-rataje-os-stare-zegrze.webp
Poznań Naramowice,os. Władysława Łokietka,4,60,670000,11167,bez pośredników,,20,https://adresowo.pl/o/mieszkanie-poznan-naramowice-os-wladyslawa-lokietka-4-pokojowe-b2n8q9,https://s2.adresowa.pl/oi/76/6a/3696e0_4e9b_cover@2x-4-pokojowe-mieszkanie-poznan-naramowice-os-wladyslawa-lokietka.webp
Poznań Wilda,ul. Robocza,2,46,469000,10196,bez pośredników,,8,https://adresowo.pl/o/mieszkanie-poznan-wilda-ul-robocza-2-pokojowe-a1p4f8,https://s2.adresowa.pl/oi/65/6d/3680d2_edef_cover@2x-2-pokojowe-mieszkanie-poznan-wilda-ul-robocza.webp
Poznań Wilda,ul. Jodłowa,2,43,699000,16256,bez pośredników,,15,https://adresowo.pl/o/mieszkanie-poznan-wilda-ul-jodlowa-2-pokojowe-n3z7m1,https://s2.adresowa.pl/oi/3d/1f/35f472_4ada_cover@2x-2-pokojowe-mieszkanie-poznan-wilda-ul-jodlowa.webp
Poznań Jeżyce,ul. Klemensa Janickiego,4,97,1680000,17320,bez pośredników,,17,https://adresowo.pl/o/mieszkanie-poznan-jezyce-ul-klemensa-janickiego-4-pokojowe-z0e2i8,https://s2.adresowa.pl/oi/12/1c/35dc98_fe2c_cover@2x-4-pokojowe-mieszkanie-poznan-jezyce-ul-klemensa-janickiego.webp
Poznań Nowe Miasto,al. ks. Mieczysława Radziejewskiego,3,94,1390000,14787,bez pośredników,,19,https://adresowo.pl/o/mieszkanie-poznan-nowe-miasto-al-ks-mieczyslawa-radziejewskiego-3-pokojowe-o6v9y8,https://s2.adresowa.pl/oi/30/61/355fce_ae53_cover@2x-3-pokojowe-mieszkanie-poznan-nowe-miasto-al-ks-mieczyslawa-radziejewskiego.webp
Poznań Piątkowo,os. Stefana Batorego,4,95,945000,9947,bez pośredników,,8,https://adresowo.pl/o/mieszkanie-poznan-piatkowo-os-stefana-batorego-4-pokojowe-h9p5i1,https://s2.adresowa.pl/oi/51/10/354064_43ac_cover@2x-4-pokojowe-mieszkanie-poznan-piatkowo-os-stefana-batorego.webp
Poznań Łazarz,ul. Józefa Łukaszewicza,1,28,320000,11429,bez pośredników,,8,https://adresowo.pl/o/mieszkanie-poznan-lazarz-ul-jozefa-lukaszewicza-1-pokoj-c3e3c2,https://s2.adresowa.pl/oi/16/33/34c508_5f88_cover@2x-1-pokojowe-mieszkanie-poznan-lazarz-ul-jozefa-lukaszewicza.webp
Poznań Pogodno,ul. Boczowska,2,55,515000,9364,bez pośredników,,5,https://adresowo.pl/o/mieszkanie-poznan-pogodno-ul-boczowska-2-pokojowe-q3u3b0,https://s2.adresowa.pl/oi/32/54/34bffc_defe_cover@2x-2-pokojowe-mieszkanie-poznan-pogodno-ul-boczowska.webp
Poznań Naramowice,ul. Błażeja,2,58,655000,11293,bez pośredników,,7,https://adresowo.pl/o/mieszkanie-poznan-naramowice-ul-blazeja-2-pokojowe-i2h0a4,https://s2.adresowa.pl/oi/69/6b/347e90_6b7c_cover@2x-2-pokojowe-mieszkanie-poznan-naramowice-ul-blazeja.webp
Poznań Łazarz,ul. Stanisława Wyspiańskiego,2,67,760000,11343,bez pośredników,,7,https://adresowo.pl/o/mieszkanie-poznan-lazarz-ul-stanislawa-wyspianskiego-2-pokojowe-z6f1n0,https://s2.adresowa.pl/oi/5b/75/345848_41ae_cover@2x-2-pokojowe-mieszkanie-poznan-lazarz-ul-stanislawa-wyspianskiego.webp
Poznań Wilda,ul. Górna Wilda,2,45,339000,7533,bez pośredników,,11,https://adresowo.pl/o/mieszkanie-poznan-wilda-ul-gorna-wilda-2-pokojowe-e6f6k9,https://s2.adresowa.pl/oi/74/75/33345c_5b7f_cover@2x-2-pokojowe-mieszkanie-poznan-wilda-ul-gorna-wilda.webp
Poznań,Stare Miasto,4,67,1083866,16177,bez pośredników,,17,https://adresowo.pl/o/mieszkanie-poznan-stare-miasto-4-pokojowe-67-m2-h3i5w2,https://s2.adresowa.pl/oi/17/40/330386_68dd_cover@2x-4-pokojowe-mieszkanie-poznan-stare-miasto.webp
Poznań Piątkowo,os. Stefana Batorego,12,180,2130000,11833,bez pośredników,,8,https://adresowo.pl/o/mieszkanie-poznan-piatkowo-os-stefana-batorego-12-pokojowe-n5f5w2,https://s2.adresowa.pl/oi/16/1a/32c148_2a8d_cover@2x-12-pokojowe-mieszkanie-poznan-piatkowo-os-stefana-batorego.webp
Poznań Stare Miasto,os. Stefana Batorego,4,66,710000,10758,bez pośredników,,14,https://adresowo.pl/o/mieszkanie-poznan-stare-miasto-os-stefana-batorego-4-pokojowe-a9t2k8,https://s2.adresowa.pl/oi/4c/55/3265f6_a0c8_cover@2x-4-pokojowe-mieszkanie-poznan-stare-miasto-os-stefana-batorego.webp
Poznań,ul. Piwoniowa,2,50,700000,14000,bez pośredników,,8,https://adresowo.pl/o/mieszkanie-poznan-ul-piwoniowa-2-pokojowe-a5d4o4,https://s2.adresowa.pl/oi/55/7b/321724_d234_cover@2x-2-pokojowe-mieszkanie-poznan-ul-piwoniowa.webp
Poznań Świerczewo,ul. Rawicka,2,42,515000,12262,bez pośredników,,14,https://adresowo.pl/o/mieszkanie-poznan-swierczewo-ul-rawicka-2-pokojowe-y8y9d1,https://s2.adresowa.pl/oi/31/1a/320826_e6bb_cover@2x-2-pokojowe-mieszkanie-poznan-swierczewo-ul-rawicka.webp
Poznań Sołacz,ul. Wojska Polskiego,4,97,1299000,13392,bez pośredników,,11,https://adresowo.pl/o/mieszkanie-poznan-solacz-ul-wojska-polskiego-4-pokojowe-e2z1v1,https://s2.adresowa.pl/oi/20/44/319c8c_57c4_cover@2x-4-pokojowe-mieszkanie-poznan-solacz-ul-wojska-polskiego.webp
Poznań,Grunwald,3,77,890000,11558,bez pośredników,,15,https://adresowo.pl/o/mieszkanie-poznan-grunwald-3-pokojowe-77-m2-c3t7u0,https://s2.adresowa.pl/oi/27/7a/31498e_9da2_cover@2x-3-pokojowe-mieszkanie-poznan-grunwald.webp
Poznań Jeżyce,ul. Juliusza Słowackiego,2,100,1070000,10700,bez pośredników,,17,https://adresowo.pl/o/mieszkanie-poznan-jezyce-ul-juliusza-slowackiego-2-pokojowe-p3f3g5,https://s2.adresowa.pl/oi/10/31/306698_a617_cover@2x-2-pokojowe-mieszkanie-poznan-jezyce-ul-juliusza-slowackiego.webp
Poznań,ul. Jana Keplera,3,75,736000,9813,bez pośredników,,13,https://adresowo.pl/o/mieszkanie-poznan-ul-jana-keplera-3-pokojowe-p3s3v3,https://s2.adresowa.pl/oi/4a/6b/2d2c72_8368_cover@2x-3-pokojowe-mieszkanie-poznan-ul-jana-keplera.webp
Poznań Górczyn,ul. Głogowska,4,70,580000,8286,bez pośredników,,1,https://adresowo.pl/o/mieszkanie-poznan-gorczyn-ul-glogowska-4-pokojowe-c4n0z9,https://s2.adresowa.pl/oi/33/34/2d27f8_c926_cover@2x-4-pokojowe-mieszkanie-poznan-gorczyn-ul-glogowska.webp
Poznań,Smochowice,4,159,1100000,6918,bez pośredników,,1,https://adresowo.pl/o/mieszkanie-poznan-smochowice-4-pokojowe-159-m2-u4j8p6,https://s2.adresowa.pl/oi/58/7e/2ba5bc_a46b_cover@2x-4-pokojowe-mieszkanie-poznan-smochowice.webp
Poznań,Jeżyce,5,108,750000,6944,bez pośredników,,1,https://adresowo.pl/o/mieszkanie-poznan-jezyce-5-pokojowe-108-m2-k8w2g5,https://s2.adresowa.pl/oi/1b/4b/2b57fa_9281_cover@2x-5-pokojowe-mieszkanie-poznan-jezyce.webp
Poznań,Wilda,1,36,235000,6528,bez pośredników,,6,https://adresowo.pl/o/mieszkanie-poznan-wilda-1-pokoj-36-m2-a1q2a9,https://s2.adresowa.pl/oi/11/12/29c00e_b8a8_cover@2x-1-pokojowe-mieszkanie-poznan-wilda.webp
Poznań Wilda,ul. Jana Żupańskiego,1,38,599000,15763,bez pośredników,,8,https://adresowo.pl/o/mieszkanie-poznan-wilda-ul-jana-zupanskiego-1-pokoj-f9s7o7,https://s2.adresowa.pl/oi/1b/73/2787c6_e208_cover@2x-1-pokojowe-mieszkanie-poznan-wilda-ul-jana-zupanskiego.webp
Poznań,ul. Głogowska,4,108,1199000,11102,bez pośredników,,9,https://adresowo.pl/o/mieszkanie-poznan-ul-glogowska-4-pokojowe-a5v6u9,https://s2.adresowa.pl/oi/61/54/411564_c6a7_cover@2x-4-pokojowe-mieszkanie-poznan-ul-glogowska.webp
Poznań Wilda,ul. Jana Kilińskiego,2,45,395000,8778,bez pośredników,,12,https://adresowo.pl/o/mieszkanie-poznan-wilda-ul-jana-kilinskiego-2-pokojowe-d3r9i1,https://s2.adresowa.pl/oi/27/70/411532_dda5_cover@2x-2-pokojowe-mieszkanie-poznan-wilda-ul-jana-kilinskiego.webp
Poznań Grunwald,ul. Ptasia,2,39,zapytaj,,bez pośredników,,+37 podobnych ofert,https://adresowo.pl/o/mieszkanie-poznan-grunwald-ul-ptasia-2-pokojowe-s5v5u9,https://s2.adresowa.pl/development/672144/nowe-mieszkania-ptasia-vita-151e_cover.jpg
Poznań,Dębiec,2,51,629000,12333,Pośrednik,,18,https://adresowo.pl/o/mieszkanie-poznan-debiec-2-pokojowe-51-m2-i5n1e0,https://s2.adresowa.pl/oi/11/79/41128a_bc12_cover@2x-2-pokojowe-mieszkanie-poznan-debiec.webp
Poznań Łazarz,ul. Kolejowa,2,39,499000,12795,Pośrednik,,18,https://adresowo.pl/o/mieszkanie-poznan-lazarz-ul-kolejowa-2-pokojowe-z3e9n7,https://s2.adresowa.pl/oi/34/3b/411282_7c5c_cover@2x-2-pokojowe-mieszkanie-poznan-lazarz-ul-kolejowa.webp
Poznań Strzeszyn,ul. Zdzisława Dworzeckiego,4,91,1344535,14775,bez pośredników,,12,https://adresowo.pl/o/mieszkanie-poznan-strzeszyn-ul-zdzislawa-dworzeckiego-4-pokojowe-b9l2b9,https://s2.adresowa.pl/oi/10/7c/411498_ff94_cover@2x-4-pokojowe-mieszkanie-poznan-strzeszyn-ul-zdzislawa-dworzeckiego.webp
Poznań Grunwald,ul. Przepiórcza,1,31,380000,12258,bez pośredników,,4,https://adresowo.pl/o/mieszkanie-poznan-grunwald-ul-przepiorcza-1-pokoj-y9n8e5,https://s2.adresowa.pl/oi/61/47/411400_ecf9_cover@2x-1-pokojowe-mieszkanie-poznan-grunwald-ul-przepiorcza.webp
Poznań,ul. Królowej Jadwigi,2,38,zapytaj,,bez pośredników,,+65 podobnych ofert,https://adresowo.pl/o/mieszkanie-poznan-ul-krolowej-jadwigi-2-pokojowe-y5g9o1,https://s2.adresowa.pl/development/671250/nowe-mieszkania-krolowej-jadwigi-a8c4_cover.jpg
Poznań Śródka,ul. Gdańska,2,38,539000,14184,Pośrednik,,14,https://adresowo.pl/o/mieszkanie-poznan-srodka-ul-gdanska-2-pokojowe-a6k8j8,https://s2.adresowa.pl/oi/7f/64/410ca0_4dbd_cover@2x-2-pokojowe-mieszkanie-poznan-srodka-ul-gdanska.webp
Poznań Grunwald,ul. Bułgarska,3,48,619000,12896,Pośrednik,,15,https://adresowo.pl/o/mieszkanie-poznan-grunwald-ul-bulgarska-3-pokojowe-m2x8d5,https://s2.adresowa.pl/oi/18/78/410c6a_5e3c_cover@2x-3-pokojowe-mieszkanie-poznan-grunwald-ul-bulgarska.webp
Poznań Grunwald,ul. Ognik,2,37,425000,11486,bez pośredników,,13,https://adresowo.pl/o/mieszkanie-poznan-grunwald-ul-ognik-2-pokojowe-m2t2m9,https://s2.adresowa.pl/oi/7a/24/4112ba_fe85_cover@2x-2-pokojowe-mieszkanie-poznan-grunwald-ul-ognik.webp
Poznań Starołęka,ul. Unii Lubelskiej,1,32,399000,12469,bez pośredników,,9,https://adresowo.pl/o/mieszkanie-poznan-staroleka-ul-unii-lubelskiej-1-pokoj-j3c1w4,https://s2.adresowa.pl/oi/5c/3b/4112b6_acc8_cover@2x-1-pokojowe-mieszkanie-poznan-staroleka-ul-unii-lubelskiej.webp
Poznań Starołęka,ul. Unii Lubelskiej,2,44,zapytaj,,bez pośredników,,+6 podobnych ofert,https://adresowo.pl/o/mieszkanie-poznan-staroleka-ul-unii-lubelskiej-2-pokojowe-p0b0c3,https://s2.adresowa.pl/development/671252/nowe-mieszkania-unii-lubelskiej-vita-b029_cover.jpg
Poznań Jeżyce,ul. Henryka Sienkiewicza,5,138,1500000,10870,Pośrednik,,20,https://adresowo.pl/o/mieszkanie-poznan-jezyce-ul-henryka-sienkiewicza-5-pokojowe-h5p8r4,https://s2.adresowa.pl/oi/7b/76/410bcc_f04d_cover@2x-5-pokojowe-mieszkanie-poznan-jezyce-ul-henryka-sienkiewicza.webp
Poznań Centrum,ul. Królowej Jadwigi,3,76,815000,10724,Pośrednik,,14,https://adresowo.pl/o/mieszkanie-poznan-centrum-ul-krolowej-jadwigi-3-pokojowe-c8x9x4,https://s2.adresowa.pl/oi/10/5c/410b80_98fc_cover@2x-3-pokojowe-mieszkanie-poznan-centrum-ul-krolowej-jadwigi.webp
Poznań Żegrze,os. Orła Białego,3,80,655000,8188,bez pośredników,,12,https://adresowo.pl/o/mieszkanie-poznan-zegrze-os-orla-bialego-3-pokojowe-s2u1y6,https://s2.adresowa.pl/oi/29/26/411078_4a68_cover@2x-3-pokojowe-mieszkanie-poznan-zegrze-os-orla-bialego.webp
Poznań Naramowice,ul. Juranda,2,54,499000,9241,bez pośredników,,22,https://adresowo.pl/o/mieszkanie-poznan-naramowice-ul-juranda-2-pokojowe-k6k1c5,https://s2.adresowa.pl/oi/60/42/410dce_47b2_cover@2x-2-pokojowe-mieszkanie-poznan-naramowice-ul-juranda.webp
Poznań,ul. Królowej Jadwigi,3,66,zapytaj,,bez pośredników,,+48 podobnych ofert,https://adresowo.pl/o/mieszkanie-poznan-ul-krolowej-jadwigi-3-pokojowe-c9e1o1,https://s2.adresowa.pl/development/671250/nowe-mieszkania-krolowej-jadwigi-a8c4_cover.jpg
Poznań Łazarz,pl. Stanisława Wyspiańskiego 26B,2,55,1280000,23273,Pośrednik,,14,https://adresowo.pl/o/mieszkanie-poznan-lazarz-pl-stanislawa-wyspianskiego-2-pokojowe-d2m1h9,https://s2.adresowa.pl/oi/4a/29/410678_bee1_cover@2x-2-pokojowe-mieszkanie-poznan-lazarz-pl-stanislawa-wyspianskiego.webp
Poznań Wilda,ul. 28 Czerwca 1956 r.,3,105,836500,7967,Pośrednik,,21,https://adresowo.pl/o/mieszkanie-poznan-wilda-ul-28-czerwca-1956-r-3-pokojowe-v9c2a1,https://s2.adresowa.pl/oi/62/72/41060c_97b1_cover@2x-3-pokojowe-mieszkanie-poznan-wilda-ul-28-czerwca-1956-r-.webp
Poznań Stare Miasto,ul. Karpia,2,43,630000,14651,bez pośredników,,7,https://adresowo.pl/o/mieszkanie-poznan-stare-miasto-ul-karpia-2-pokojowe-q9r2k1,https://s2.adresowa.pl/oi/46/2e/410c34_667d_cover@2x-2-pokojowe-mieszkanie-poznan-stare-miasto-ul-karpia.webp
Poznań Winogrady,os. Przyjaźni,1,27,335000,12407,bez pośredników,,9,https://adresowo.pl/o/mieszkanie-poznan-winogrady-os-przyjazni-1-pokoj-o7u3n6,https://s2.adresowa.pl/oi/1c/6e/41091e_846e_cover@2x-1-pokojowe-mieszkanie-poznan-winogrady-os-przyjazni.webp
Poznań Grunwald,ul. Ptasia,3,57,zapytaj,,bez pośredników,,+28 podobnych ofert,https://adresowo.pl/o/mieszkanie-poznan-grunwald-ul-ptasia-3-pokojowe-e3t6m7,https://s2.adresowa.pl/development/672144/nowe-mieszkania-ptasia-vita-151e_cover.jpg
Poznań,Sołacz,1,29,349000,12034,Pośrednik,,8,https://adresowo.pl/o/mieszkanie-poznan-solacz-1-pokoj-29-m2-x4y9i7,https://s2.adresowa.pl/oi/4d/60/4105b4_3f62_cover@2x-1-pokojowe-mieszkanie-poznan-solacz.webp
Poznań,Łazarz,5,151,1549000,10258,Pośrednik,,17,https://adresowo.pl/o/mieszkanie-poznan-lazarz-5-pokojowe-151-m2-n4u2m3,https://s2.adresowa.pl/oi/50/3e/40f60e_2ec8_cover@2x-5-pokojowe-mieszkanie-poznan-lazarz.webp
Poznań Grunwald,ul. Świerzawska,2,50,719000,14380,bez pośredników,,14,https://adresowo.pl/o/mieszkanie-poznan-grunwald-ul-swierzawska-2-pokojowe-c0h7z3,https://s2.adresowa.pl/oi/1f/46/4108da_c89c_cover@2x-2-pokojowe-mieszkanie-poznan-grunwald-ul-swierzawska.webp
Poznań,,2,45,899000,19978,bez pośredników,,8,https://adresowo.pl/o/mieszkanie-poznan-2-pokojowe-45-m2-y7c1d0,https://s2.adresowa.pl/oi/6b/3a/4105e0_df41_cover@2x-2-pokojowe-mieszkanie-poznan.webp
Poznań Starołęka,ul. Unii Lubelskiej,3,52,zapytaj,,bez pośredników,,+5 podobnych ofert,https://adresowo.pl/o/mieszkanie-poznan-staroleka-ul-unii-lubelskiej-3-pokojowe-b8v9h5,https://s2.adresowa.pl/development/671252/nowe-mieszkania-unii-lubelskiej-vita-b029_cover.jpg
Poznań Górczyn,ul. Daleka,1,31,469000,15129,Pośrednik,,12,https://adresowo.pl/o/mieszkanie-poznan-gorczyn-ul-daleka-1-pokoj-l6z7s2,https://s2.adresowa.pl/oi/5f/22/40ec52_4eb3_cover@2x-1-pokojowe-mieszkanie-poznan-gorczyn-ul-daleka.webp
Poznań Rataje,os. Stare Żegrze,3,74,857000,11581,Pośrednik,,20,https://adresowo.pl/o/mieszkanie-poznan-rataje-os-stare-zegrze-3-pokojowe-v7x9n4,https://s2.adresowa.pl/oi/6e/30/40ec30_b61f_cover@2x-3-pokojowe-mieszkanie-poznan-rataje-os-stare-zegrze.webp
Poznań Piątkowo,os. Stefana Batorego,2,59,715000,12119,bez pośredników,,10,https://adresowo.pl/o/mieszkanie-poznan-piatkowo-os-stefana-batorego-2-pokojowe-h6j3c0,https://s2.adresowa.pl/oi/4e/6b/4104ae_d12e_cover@2x-2-pokojowe-mieszkanie-poznan-piatkowo-os-stefana-batorego.webp
Poznań Rataje,ul. Rataje,1,30,485000,16167,bez pośredników,,11,https://adresowo.pl/o/mieszkanie-poznan-rataje-ul-rataje-1-pokoj-j7o4i3,https://s2.adresowa.pl/oi/11/23/41039c_5ff0_cover@2x-1-pokojowe-mieszkanie-poznan-rataje-ul-rataje.webp
Poznań,ul. Królowej Jadwigi,1,37,zapytaj,,bez pośredników,,+20 podobnych ofert,https://adresowo.pl/o/mieszkanie-poznan-ul-krolowej-jadwigi-1-pokoj-b0o8k9,https://s2.adresowa.pl/development/671250/nowe-mieszkania-krolowej-jadwigi-a8c4_cover.jpg
Poznań Piątkowo,os. Jana III Sobieskiego,3,63,579000,9190,Pośrednik,,17,https://adresowo.pl/o/mieszkanie-poznan-piatkowo-os-jana-iii-sobieskiego-3-pokojowe-s9l9u8,https://s2.adresowa.pl/oi/4d/78/40e620_e908_cover@2x-3-pokojowe-mieszkanie-poznan-piatkowo-os-jana-iii-sobieskiego.webp
Poznań Winogrady,ul. Słowiańska,1,33,399000,12091,Pośrednik,,12,https://adresowo.pl/o/mieszkanie-poznan-winogrady-ul-slowianska-1-pokoj-k4d4u1,https://s2.adresowa.pl/oi/1f/27/40e438_4b40_cover@2x-1-pokojowe-mieszkanie-poznan-winogrady-ul-slowianska.webp
Poznań Żegrze,os. Stare Żegrze,3,73,879000,12041,bez pośredników,,21,https://adresowo.pl/o/mieszkanie-poznan-zegrze-os-stare-zegrze-3-pokojowe-k7b2p8,https://s2.adresowa.pl/oi/22/4a/410368_2a06_cover@2x-3-pokojowe-mieszkanie-poznan-zegrze-os-stare-zegrze.webp
Poznań Grunwald,ul. Ptasia,1,35,zapytaj,,bez pośredników,,+1 podobna oferta,https://adresowo.pl/o/mieszkanie-poznan-grunwald-ul-ptasia-1-pokoj-u4q5s5,https://s2.adresowa.pl/development/672144/nowe-mieszkania-ptasia-vita-151e_cover.jpg
Poznań Stare Miasto,ul. Romana Szymańskiego 10,6,123,799000,6496,Pośrednik,,17,https://adresowo.pl/o/mieszkanie-poznan-stare-miasto-ul-romana-szymanskiego-6-pokojowe-z9t9n1,https://s2.adresowa.pl/oi/14/60/40de76_f729_cover@2x-6-pokojowe-mieszkanie-poznan-stare-miasto-ul-romana-szymanskiego.webp
Poznań Stare Miasto,ul. Romana Szymańskiego 10,3,62,369000,5952,Pośrednik,,6,https://adresowo.pl/o/mieszkanie-poznan-stare-miasto-ul-romana-szymanskiego-3-pokojowe-t2n0d0,https://s2.adresowa.pl/oi/7d/53/40de44_ddf5_cover@2x-3-pokojowe-mieszkanie-poznan-stare-miasto-ul-romana-szymanskiego.webp
Poznań,ul. Głogowska,4,108,1199000,11102,bez pośredników,,9,https://adresowo.pl/o/mieszkanie-poznan-ul-glogowska-4-pokojowe-a5v6u9,https://s2.adresowa.pl/oi/61/54/411564_c6a7_cover@2x-4-pokojowe-mieszkanie-poznan-ul-glogowska.webp
Poznań Wilda,ul. Jana Kilińskiego,2,45,395000,8778,bez pośredników,,12,https://adresowo.pl/o/mieszkanie-poznan-wilda-ul-jana-kilinskiego-2-pokojowe-d3r9i1,https://s2.adresowa.pl/oi/27/70/411532_dda5_cover@2x-2-pokojowe-mieszkanie-poznan-wilda-ul-jana-kilinskiego.webp
Poznań Grunwald,ul. Ptasia,2,39,zapytaj,,bez pośredników,,+37 podobnych ofert,https://adresowo.pl/o/mieszkanie-poznan-grunwald-ul-ptasia-2-pokojowe-s5v5u9,https://s2.adresowa.pl/development/672144/nowe-mieszkania-ptasia-vita-151e_cover.jpg
Poznań,Dębiec,2,51,629000,12333,Pośrednik,,18,https://adresowo.pl/o/mieszkanie-poznan-debiec-2-pokojowe-51-m2-i5n1e0,https://s2.adresowa.pl/oi/11/79/41128a_bc12_cover@2x-2-pokojowe-mieszkanie-poznan-debiec.webp
Poznań Łazarz,ul. Kolejowa,2,39,499000,12795,Pośrednik,,18,https://adresowo.pl/o/mieszkanie-poznan-lazarz-ul-kolejowa-2-pokojowe-z3e9n7,https://s2.adresowa.pl/oi/34/3b/411282_7c5c_cover@2x-2-pokojowe-mieszkanie-poznan-lazarz-ul-kolejowa.webp
Poznań Strzeszyn,ul. Zdzisława Dworzeckiego,4,91,1344535,14775,bez pośredników,,12,https://adresowo.pl/o/mieszkanie-poznan-strzeszyn-ul-zdzislawa-dworzeckiego-4-pokojowe-b9l2b9,https://s2.adresowa.pl/oi/10/7c/411498_ff94_cover@2x-4-pokojowe-mieszkanie-poznan-strzeszyn-ul-zdzislawa-dworzeckiego.webp
Poznań Grunwald,ul. Przepiórcza,1,31,380000,12258,bez pośredników,,4,https://adresowo.pl/o/mieszkanie-poznan-grunwald-ul-przepiorcza-1-pokoj-y9n8e5,https://s2.adresowa.pl/oi/61/47/411400_ecf9_cover@2x-1-pokojowe-mieszkanie-poznan-grunwald-ul-przepiorcza.webp
Poznań,ul. Królowej Jadwigi,2,38,zapytaj,,bez pośredników,,+65 podobnych ofert,https://adresowo.pl/o/mieszkanie-poznan-ul-krolowej-jadwigi-2-pokojowe-y5g9o1,https://s2.adresowa.pl/development/671250/nowe-mieszkania-krolowej-jadwigi-a8c4_cover.jpg
Poznań Śródka,ul. Gdańska,2,38,539000,14184,Pośrednik,,14,https://adresowo.pl/o/mieszkanie-poznan-srodka-ul-gdanska-2-pokojowe-a6k8j8,https://s2.adresowa.pl/oi/7f/64/410ca0_4dbd_cover@2x-2-pokojowe-mieszkanie-poznan-srodka-ul-gdanska.webp
Poznań Grunwald,ul. Bułgarska,3,48,619000,12896,Pośrednik,,15,https://adresowo.pl/o/mieszkanie-poznan-grunwald-ul-bulgarska-3-pokojowe-m2x8d5,https://s2.adresowa.pl/oi/18/78/410c6a_5e3c_cover@2x-3-pokojowe-mieszkanie-poznan-grunwald-ul-bulgarska.webp
Poznań Grunwald,ul. Ognik,2,37,425000,11486,bez pośredników,,13,https://adresowo.pl/o/mieszkanie-poznan-grunwald-ul-ognik-2-pokojowe-m2t2m9,https://s2.adresowa.pl/oi/7a/24/4112ba_fe85_cover@2x-2-pokojowe-mieszkanie-poznan-grunwald-ul-ognik.webp
Poznań Starołęka,ul. Unii Lubelskiej,1,32,399000,12469,bez pośredników,,9,https://adresowo.pl/o/mieszkanie-poznan-staroleka-ul-unii-lubelskiej-1-pokoj-j3c1w4,https://s2.adresowa.pl/oi/5c/3b/4112b6_acc8_cover@2x-1-pokojowe-mieszkanie-poznan-staroleka-ul-unii-lubelskiej.webp
Poznań Starołęka,ul. Unii Lubelskiej,2,44,zapytaj,,bez pośredników,,+6 podobnych ofert,https://adresowo.pl/o/mieszkanie-poznan-staroleka-ul-unii-lubelskiej-2-pokojowe-p0b0c3,https://s2.adresowa.pl/development/671252/nowe-mieszkania-unii-lubelskiej-vita-b029_cover.jpg
Poznań Jeżyce,ul. Henryka Sienkiewicza,5,138,1500000,10870,Pośrednik,,20,https://adresowo.pl/o/mieszkanie-poznan-jezyce-ul-henryka-sienkiewicza-5-pokojowe-h5p8r4,https://s2.adresowa.pl/oi/7b/76/410bcc_f04d_cover@2x-5-pokojowe-mieszkanie-poznan-jezyce-ul-henryka-sienkiewicza.webp
Poznań Centrum,ul. Królowej Jadwigi,3,76,815000,10724,Pośrednik,,14,https://adresowo.pl/o/mieszkanie-poznan-centrum-ul-krolowej-jadwigi-3-pokojowe-c8x9x4,https://s2.adresowa.pl/oi/10/5c/410b80_98fc_cover@2x-3-pokojowe-mieszkanie-poznan-centrum-ul-krolowej-jadwigi.webp
Poznań Żegrze,os. Orła Białego,3,80,655000,8188,bez pośredników,,12,https://adresowo.pl/o/mieszkanie-poznan-zegrze-os-orla-bialego-3-pokojowe-s2u1y6,https://s2.adresowa.pl/oi/29/26/411078_4a68_cover@2x-3-pokojowe-mieszkanie-poznan-zegrze-os-orla-bialego.webp
Poznań Naramowice,ul. Juranda,2,54,499000,9241,bez pośredników,,22,https://adresowo.pl/o/mieszkanie-poznan-naramowice-ul-juranda-2-pokojowe-k6k1c5,https://s2.adresowa.pl/oi/60/42/410dce_47b2_cover@2x-2-pokojowe-mieszkanie-poznan-naramowice-ul-juranda.webp
Poznań,ul. Królowej Jadwigi,3,66,zapytaj,,bez pośredników,,+48 podobnych ofert,https://adresowo.pl/o/mieszkanie-poznan-ul-krolowej-jadwigi-3-pokojowe-c9e1o1,https://s2.adresowa.pl/development/671250/nowe-mieszkania-krolowej-jadwigi-a8c4_cover.jpg
Poznań Łazarz,pl. Stanisława Wyspiańskiego 26B,2,55,1280000,23273,Pośrednik,,14,https://adresowo.pl/o/mieszkanie-poznan-lazarz-pl-stanislawa-wyspianskiego-2-pokojowe-d2m1h9,https://s2.adresowa.pl/oi/4a/29/410678_bee1_cover@2x-2-pokojowe-mieszkanie-poznan-lazarz-pl-stanislawa-wyspianskiego.webp
Poznań Wilda,ul. 28 Czerwca 1956 r.,3,105,836500,7967,Pośrednik,,21,https://adresowo.pl/o/mieszkanie-poznan-wilda-ul-28-czerwca-1956-r-3-pokojowe-v9c2a1,https://s2.adresowa.pl/oi/62/72/41060c_97b1_cover@2x-3-pokojowe-mieszkanie-poznan-wilda-ul-28-czerwca-1956-r-.webp
Poznań Stare Miasto,ul. Karpia,2,43,630000,14651,bez pośredników,,7,https://adresowo.pl/o/mieszkanie-poznan-stare-miasto-ul-karpia-2-pokojowe-q9r2k1,https://s2.adresowa.pl/oi/46/2e/410c34_667d_cover@2x-2-pokojowe-mieszkanie-poznan-stare-miasto-ul-karpia.webp
Poznań Winogrady,os. Przyjaźni,1,27,335000,12407,bez pośredników,,9,https://adresowo.pl/o/mieszkanie-poznan-winogrady-os-przyjazni-1-pokoj-o7u3n6,https://s2.adresowa.pl/oi/1c/6e/41091e_846e_cover@2x-1-pokojowe-mieszkanie-poznan-winogrady-os-przyjazni.webp
Poznań Grunwald,ul. Ptasia,3,57,zapytaj,,bez pośredników,,+28 podobnych ofert,https://adresowo.pl/o/mieszkanie-poznan-grunwald-ul-ptasia-3-pokojowe-e3t6m7,https://s2.adresowa.pl/development/672144/nowe-mieszkania-ptasia-vita-151e_cover.jpg
Poznań,Sołacz,1,29,349000,12034,Pośrednik,,8,https://adresowo.pl/o/mieszkanie-poznan-solacz-1-pokoj-29-m2-x4y9i7,https://s2.adresowa.pl/oi/4d/60/4105b4_3f62_cover@2x-1-pokojowe-mieszkanie-poznan-solacz.webp
Poznań,Łazarz,5,151,1549000,10258,Pośrednik,,17,https://adresowo.pl/o/mieszkanie-poznan-lazarz-5-pokojowe-151-m2-n4u2m3,https://s2.adresowa.pl/oi/50/3e/40f60e_2ec8_cover@2x-5-pokojowe-mieszkanie-poznan-lazarz.webp
Poznań Grunwald,ul. Świerzawska,2,50,719000,14380,bez pośredników,,14,https://adresowo.pl/o/mieszkanie-poznan-grunwald-ul-swierzawska-2-pokojowe-c0h7z3,https://s2.adresowa.pl/oi/1f/46/4108da_c89c_cover@2x-2-pokojowe-mieszkanie-poznan-grunwald-ul-swierzawska.webp
Poznań,,2,45,899000,19978,bez pośredników,,8,https://adresowo.pl/o/mieszkanie-poznan-2-pokojowe-45-m2-y7c1d0,https://s2.adresowa.pl/oi/6b/3a/4105e0_df41_cover@2x-2-pokojowe-mieszkanie-poznan.webp
Poznań Starołęka,ul. Unii Lubelskiej,3,52,zapytaj,,bez pośredników,,+5 podobnych ofert,https://adresowo.pl/o/mieszkanie-poznan-staroleka-ul-unii-lubelskiej-3-pokojowe-b8v9h5,https://s2.adresowa.pl/development/671252/nowe-mieszkania-unii-lubelskiej-vita-b029_cover.jpg
Poznań Górczyn,ul. Daleka,1,31,469000,15129,Pośrednik,,12,https://adresowo.pl/o/mieszkanie-poznan-gorczyn-ul-daleka-1-pokoj-l6z7s2,https://s2.adresowa.pl/oi/5f/22/40ec52_4eb3_cover@2x-1-pokojowe-mieszkanie-poznan-gorczyn-ul-daleka.webp
Poznań Rataje,os. Stare Żegrze,3,74,857000,11581,Pośrednik,,20,https://adresowo.pl/o/mieszkanie-poznan-rataje-os-stare-zegrze-3-pokojowe-v7x9n4,https://s2.adresowa.pl/oi/6e/30/40ec30_b61f_cover@2x-3-pokojowe-mieszkanie-poznan-rataje-os-stare-zegrze.webp
Poznań Piątkowo,os. Stefana Batorego,2,59,715000,12119,bez pośredników,,10,https://adresowo.pl/o/mieszkanie-poznan-piatkowo-os-stefana-batorego-2-pokojowe-h6j3c0,https://s2.adresowa.pl/oi/4e/6b/4104ae_d12e_cover@2x-2-pokojowe-mieszkanie-poznan-piatkowo-os-stefana-batorego.webp
Poznań Rataje,ul. Rataje,1,30,485000,16167,bez pośredników,,11,https://adresowo.pl/o/mieszkanie-poznan-rataje-ul-rataje-1-pokoj-j7o4i3,https://s2.adresowa.pl/oi/11/23/41039c_5ff0_cover@2x-1-pokojowe-mieszkanie-poznan-rataje-ul-rataje.webp
Poznań,ul. Królowej Jadwigi,1,37,zapytaj,,bez pośredników,,+20 podobnych ofert,https://adresowo.pl/o/mieszkanie-poznan-ul-krolowej-jadwigi-1-pokoj-b0o8k9,https://s2.adresowa.pl/development/671250/nowe-mieszkania-krolowej-jadwigi-a8c4_cover.jpg
Poznań Piątkowo,os. Jana III Sobieskiego,3,63,579000,9190,Pośrednik,,17,https://adresowo.pl/o/mieszkanie-poznan-piatkowo-os-jana-iii-sobieskiego-3-pokojowe-s9l9u8,https://s2.adresowa.pl/oi/4d/78/40e620_e908_cover@2x-3-pokojowe-mieszkanie-poznan-piatkowo-os-jana-iii-sobieskiego.webp
Poznań Winogrady,ul. Słowiańska,1,33,399000,12091,Pośrednik,,12,https://adresowo.pl/o/mieszkanie-poznan-winogrady-ul-slowianska-1-pokoj-k4d4u1,https://s2.adresowa.pl/oi/1f/27/40e438_4b40_cover@2x-1-pokojowe-mieszkanie-poznan-winogrady-ul-slowianska.webp
Poznań Żegrze,os. Stare Żegrze,3,73,879000,12041,bez pośredników,,21,https://adresowo.pl/o/mieszkanie-poznan-zegrze-os-stare-zegrze-3-pokojowe-k7b2p8,https://s2.adresowa.pl/oi/22/4a/410368_2a06_cover@2x-3-pokojowe-mieszkanie-poznan-zegrze-os-stare-zegrze.webp
Poznań Grunwald,ul. Ptasia,1,35,zapytaj,,bez pośredników,,+1 podobna oferta,https://adresowo.pl/o/mieszkanie-poznan-grunwald-ul-ptasia-1-pokoj-u4q5s5,https://s2.adresowa.pl/development/672144/nowe-mieszkania-ptasia-vita-151e_cover.jpg
Poznań Stare Miasto,ul. Romana Szymańskiego 10,6,123,799000,6496,Pośrednik,,17,https://adresowo.pl/o/mieszkanie-poznan-stare-miasto-ul-romana-szymanskiego-6-pokojowe-z9t9n1,https://s2.adresowa.pl/oi/14/60/40de76_f729_cover@2x-6-pokojowe-mieszkanie-poznan-stare-miasto-ul-romana-szymanskiego.webp
Poznań Stare Miasto,ul. Romana Szymańskiego 10,3,62,369000,5952,Pośrednik,,6,https://adresowo.pl/o/mieszkanie-poznan-stare-miasto-ul-romana-szymanskiego-3-pokojowe-t2n0d0,https://s2.adresowa.pl/oi/7d/53/40de44_ddf5_cover@2x-3-pokojowe-mieszkanie-poznan-stare-miasto-ul-romana-szymanskiego.webp
Poznań,ul. Głogowska,4,108,1199000,11102,bez pośredników,,9,https://adresowo.pl/o/mieszkanie-poznan-ul-glogowska-4-pokojowe-a5v6u9,https://s2.adresowa.pl/oi/61/54/411564_c6a7_cover@2x-4-pokojowe-mieszkanie-poznan-ul-glogowska.webp
Poznań Wilda,ul. Jana Kilińskiego,2,45,395000,8778,bez pośredników,,12,https://adresowo.pl/o/mieszkanie-poznan-wilda-ul-jana-kilinskiego-2-pokojowe-d3r9i1,https://s2.adresowa.pl/oi/27/70/411532_dda5_cover@2x-2-pokojowe-mieszkanie-poznan-wilda-ul-jana-kilinskiego.webp
Poznań Grunwald,ul. Ptasia,2,39,zapytaj,,bez pośredników,,+37 podobnych ofert,https://adresowo.pl/o/mieszkanie-poznan-grunwald-ul-ptasia-2-pokojowe-s5v5u9,https://s2.adresowa.pl/development/672144/nowe-mieszkania-ptasia-vita-151e_cover.jpg
Poznań,Dębiec,2,51,629000,12333,Pośrednik,,18,https://adresowo.pl/o/mieszkanie-poznan-debiec-2-pokojowe-51-m2-i5n1e0,https://s2.adresowa.pl/oi/11/79/41128a_bc12_cover@2x-2-pokojowe-mieszkanie-poznan-debiec.webp
Poznań Łazarz,ul. Kolejowa,2,39,499000,12795,Pośrednik,,18,https://adresowo.pl/o/mieszkanie-poznan-lazarz-ul-kolejowa-2-pokojowe-z3e9n7,https://s2.adresowa.pl/oi/34/3b/411282_7c5c_cover@2x-2-pokojowe-mieszkanie-poznan-lazarz-ul-kolejowa.webp
Poznań Strzeszyn,ul. Zdzisława Dworzeckiego,4,91,1344535,14775,bez pośredników,,12,https://adresowo.pl/o/mieszkanie-poznan-strzeszyn-ul-zdzislawa-dworzeckiego-4-pokojowe-b9l2b9,https://s2.adresowa.pl/oi/10/7c/411498_ff94_cover@2x-4-pokojowe-mieszkanie-poznan-strzeszyn-ul-zdzislawa-dworzeckiego.webp
Poznań Grunwald,ul. Przepiórcza,1,31,380000,12258,bez pośredników,,4,https://adresowo.pl/o/mieszkanie-poznan-grunwald-ul-przepiorcza-1-pokoj-y9n8e5,https://s2.adresowa.pl/oi/61/47/411400_ecf9_cover@2x-1-pokojowe-mieszkanie-poznan-grunwald-ul-przepiorcza.webp
Poznań,ul. Królowej Jadwigi,2,38,zapytaj,,bez pośredników,,+65 podobnych ofert,https://adresowo.pl/o/mieszkanie-poznan-ul-krolowej-jadwigi-2-pokojowe-y5g9o1,https://s2.adresowa.pl/development/671250/nowe-mieszkania-krolowej-jadwigi-a8c4_cover.jpg
Poznań Śródka,ul. Gdańska,2,38,539000,14184,Pośrednik,,14,https://adresowo.pl/o/mieszkanie-poznan-srodka-ul-gdanska-2-pokojowe-a6k8j8,https://s2.adresowa.pl/oi/7f/64/410ca0_4dbd_cover@2x-2-pokojowe-mieszkanie-poznan-srodka-ul-gdanska.webp
Poznań Grunwald,ul. Bułgarska,3,48,619000,12896,Pośrednik,,15,https://adresowo.pl/o/mieszkanie-poznan-grunwald-ul-bulgarska-3-pokojowe-m2x8d5,https://s2.adresowa.pl/oi/18/78/410c6a_5e3c_cover@2x-3-pokojowe-mieszkanie-poznan-grunwald-ul-bulgarska.webp
Poznań Grunwald,ul. Ognik,2,37,425000,11486,bez pośredników,,13,https://adresowo.pl/o/mieszkanie-poznan-grunwald-ul-ognik-2-pokojowe-m2t2m9,https://s2.adresowa.pl/oi/7a/24/4112ba_fe85_cover@2x-2-pokojowe-mieszkanie-poznan-grunwald-ul-ognik.webp
Poznań Starołęka,ul. Unii Lubelskiej,1,32,399000,12469,bez pośredników,,9,https://adresowo.pl/o/mieszkanie-poznan-staroleka-ul-unii-lubelskiej-1-pokoj-j3c1w4,https://s2.adresowa.pl/oi/5c/3b/4112b6_acc8_cover@2x-1-pokojowe-mieszkanie-poznan-staroleka-ul-unii-lubelskiej.webp
Poznań Starołęka,ul. Unii Lubelskiej,2,44,zapytaj,,bez pośredników,,+6 podobnych ofert,https://adresowo.pl/o/mieszkanie-poznan-staroleka-ul-unii-lubelskiej-2-pokojowe-p0b0c3,https://s2.adresowa.pl/development/671252/nowe-mieszkania-unii-lubelskiej-vita-b029_cover.jpg
Poznań Jeżyce,ul. Henryka Sienkiewicza,5,138,1500000,10870,Pośrednik,,20,https://adresowo.pl/o/mieszkanie-poznan-jezyce-ul-henryka-sienkiewicza-5-pokojowe-h5p8r4,https://s2.adresowa.pl/oi/7b/76/410bcc_f04d_cover@2x-5-pokojowe-mieszkanie-poznan-jezyce-ul-henryka-sienkiewicza.webp
Poznań Centrum,ul. Królowej Jadwigi,3,76,815000,10724,Pośrednik,,14,https://adresowo.pl/o/mieszkanie-poznan-centrum-ul-krolowej-jadwigi-3-pokojowe-c8x9x4,https://s2.adresowa.pl/oi/10/5c/410b80_98fc_cover@2x-3-pokojowe-mieszkanie-poznan-centrum-ul-krolowej-jadwigi.webp
Poznań Żegrze,os. Orła Białego,3,80,655000,8188,bez pośredników,,12,https://adresowo.pl/o/mieszkanie-poznan-zegrze-os-orla-bialego-3-pokojowe-s2u1y6,https://s2.adresowa.pl/oi/29/26/411078_4a68_cover@2x-3-pokojowe-mieszkanie-poznan-zegrze-os-orla-bialego.webp
Poznań Naramowice,ul. Juranda,2,54,499000,9241,bez pośredników,,22,https://adresowo.pl/o/mieszkanie-poznan-naramowice-ul-juranda-2-pokojowe-k6k1c5,https://s2.adresowa.pl/oi/60/42/410dce_47b2_cover@2x-2-pokojowe-mieszkanie-poznan-naramowice-ul-juranda.webp
Poznań,ul. Królowej Jadwigi,3,66,zapytaj,,bez pośredników,,+48 podobnych ofert,https://adresowo.pl/o/mieszkanie-poznan-ul-krolowej-jadwigi-3-pokojowe-c9e1o1,https://s2.adresowa.pl/development/671250/nowe-mieszkania-krolowej-jadwigi-a8c4_cover.jpg
Poznań Łazarz,pl. Stanisława Wyspiańskiego 26B,2,55,1280000,23273,Pośrednik,,14,https://adresowo.pl/o/mieszkanie-poznan-lazarz-pl-stanislawa-wyspianskiego-2-pokojowe-d2m1h9,https://s2.adresowa.pl/oi/4a/29/410678_bee1_cover@2x-2-pokojowe-mieszkanie-poznan-lazarz-pl-stanislawa-wyspianskiego.webp
Poznań Wilda,ul. 28 Czerwca 1956 r.,3,105,836500,7967,Pośrednik,,21,https://adresowo.pl/o/mieszkanie-poznan-wilda-ul-28-czerwca-1956-r-3-pokojowe-v9c2a1,https://s2.adresowa.pl/oi/62/72/41060c_97b1_cover@2x-3-pokojowe-mieszkanie-poznan-wilda-ul-28-czerwca-1956-r-.webp
Poznań Stare Miasto,ul. Karpia,2,43,630000,14651,bez pośredników,,7,https://adresowo.pl/o/mieszkanie-poznan-stare-miasto-ul-karpia-2-pokojowe-q9r2k1,https://s2.adresowa.pl/oi/46/2e/410c34_667d_cover@2x-2-pokojowe-mieszkanie-poznan-stare-miasto-ul-karpia.webp
Poznań Winogrady,os. Przyjaźni,1,27,335000,12407,bez pośredników,,9,https://adresowo.pl/o/mieszkanie-poznan-winogrady-os-przyjazni-1-pokoj-o7u3n6,https://s2.adresowa.pl/oi/1c/6e/41091e_846e_cover@2x-1-pokojowe-mieszkanie-poznan-winogrady-os-przyjazni.webp
Poznań Grunwald,ul. Ptasia,3,57,zapytaj,,bez pośredników,,+28 podobnych ofert,https://adresowo.pl/o/mieszkanie-poznan-grunwald-ul-ptasia-3-pokojowe-e3t6m7,https://s2.adresowa.pl/development/672144/nowe-mieszkania-ptasia-vita-151e_cover.jpg
Poznań,Sołacz,1,29,349000,12034,Pośrednik,,8,https://adresowo.pl/o/mieszkanie-poznan-solacz-1-pokoj-29-m2-x4y9i7,https://s2.adresowa.pl/oi/4d/60/4105b4_3f62_cover@2x-1-pokojowe-mieszkanie-poznan-solacz.webp
Poznań,Łazarz,5,151,1549000,10258,Pośrednik,,17,https://adresowo.pl/o/mieszkanie-poznan-lazarz-5-pokojowe-151-m2-n4u2m3,https://s2.adresowa.pl/oi/50/3e/40f60e_2ec8_cover@2x-5-pokojowe-mieszkanie-poznan-lazarz.webp
Poznań Grunwald,ul. Świerzawska,2,50,719000,14380,bez pośredników,,14,https://adresowo.pl/o/mieszkanie-poznan-grunwald-ul-swierzawska-2-pokojowe-c0h7z3,https://s2.adresowa.pl/oi/1f/46/4108da_c89c_cover@2x-2-pokojowe-mieszkanie-poznan-grunwald-ul-swierzawska.webp
Poznań,,2,45,899000,19978,bez pośredników,,8,https://adresowo.pl/o/mieszkanie-poznan-2-pokojowe-45-m2-y7c1d0,https://s2.adresowa.pl/oi/6b/3a/4105e0_df41_cover@2x-2-pokojowe-mieszkanie-poznan.webp
Poznań Starołęka,ul. Unii Lubelskiej,3,52,zapytaj,,bez pośredników,,+5 podobnych ofert,https://adresowo.pl/o/mieszkanie-poznan-staroleka-ul-unii-lubelskiej-3-pokojowe-b8v9h5,https://s2.adresowa.pl/development/671252/nowe-mieszkania-unii-lubelskiej-vita-b029_cover.jpg
Poznań Górczyn,ul. Daleka,1,31,469000,15129,Pośrednik,,12,https://adresowo.pl/o/mieszkanie-poznan-gorczyn-ul-daleka-1-pokoj-l6z7s2,https://s2.adresowa.pl/oi/5f/22/40ec52_4eb3_cover@2x-1-pokojowe-mieszkanie-poznan-gorczyn-ul-daleka.webp
Poznań Rataje,os. Stare Żegrze,3,74,857000,11581,Pośrednik,,20,https://adresowo.pl/o/mieszkanie-poznan-rataje-os-stare-zegrze-3-pokojowe-v7x9n4,https://s2.adresowa.pl/oi/6e/30/40ec30_b61f_cover@2x-3-pokojowe-mieszkanie-poznan-rataje-os-stare-zegrze.webp
Poznań Piątkowo,os. Stefana Batorego,2,59,715000,12119,bez pośredników,,10,https://adresowo.pl/o/mieszkanie-poznan-piatkowo-os-stefana-batorego-2-pokojowe-h6j3c0,https://s2.adresowa.pl/oi/4e/6b/4104ae_d12e_cover@2x-2-pokojowe-mieszkanie-poznan-piatkowo-os-stefana-batorego.webp
Poznań Rataje,ul. Rataje,1,30,485000,16167,bez pośredników,,11,https://adresowo.pl/o/mieszkanie-poznan-rataje-ul-rataje-1-pokoj-j7o4i3,https://s2.adresowa.pl/oi/11/23/41039c_5ff0_cover@2x-1-pokojowe-mieszkanie-poznan-rataje-ul-rataje.webp
Poznań,ul. Królowej Jadwigi,1,37,zapytaj,,bez pośredników,,+20 podobnych ofert,https://adresowo.pl/o/mieszkanie-poznan-ul-krolowej-jadwigi-1-pokoj-b0o8k9,https://s2.adresowa.pl/development/671250/nowe-mieszkania-krolowej-jadwigi-a8c4_cover.jpg
Poznań Piątkowo,os. Jana III Sobieskiego,3,63,579000,9190,Pośrednik,,17,https://adresowo.pl/o/mieszkanie-poznan-piatkowo-os-jana-iii-sobieskiego-3-pokojowe-s9l9u8,https://s2.adresowa.pl/oi/4d/78/40e620_e908_cover@2x-3-pokojowe-mieszkanie-poznan-piatkowo-os-jana-iii-sobieskiego.webp
Poznań Winogrady,ul. Słowiańska,1,33,399000,12091,Pośrednik,,12,https://adresowo.pl/o/mieszkanie-poznan-winogrady-ul-slowianska-1-pokoj-k4d4u1,https://s2.adresowa.pl/oi/1f/27/40e438_4b40_cover@2x-1-pokojowe-mieszkanie-poznan-winogrady-ul-slowianska.webp
Poznań Żegrze,os. Stare Żegrze,3,73,879000,12041,bez pośredników,,21,https://adresowo.pl/o/mieszkanie-poznan-zegrze-os-stare-zegrze-3-pokojowe-k7b2p8,https://s2.adresowa.pl/oi/22/4a/410368_2a06_cover@2x-3-pokojowe-mieszkanie-poznan-zegrze-os-stare-zegrze.webp
Poznań Grunwald,ul. Ptasia,1,35,zapytaj,,bez pośredników,,+1 podobna oferta,https://adresowo.pl/o/mieszkanie-poznan-grunwald-ul-ptasia-1-pokoj-u4q5s5,https://s2.adresowa.pl/development/672144/nowe-mieszkania-ptasia-vita-151e_cover.jpg
Poznań Stare Miasto,ul. Romana Szymańskiego 10,6,123,799000,6496,Pośrednik,,17,https://adresowo.pl/o/mieszkanie-poznan-stare-miasto-ul-romana-szymanskiego-6-pokojowe-z9t9n1,https://s2.adresowa.pl/oi/14/60/40de76_f729_cover@2x-6-pokojowe-mieszkanie-poznan-stare-miasto-ul-romana-szymanskiego.webp
Poznań Stare Miasto,ul. Romana Szymańskiego 10,3,62,369000,5952,Pośrednik,,6,https://adresowo.pl/o/mieszkanie-poznan-stare-miasto-ul-romana-szymanskiego-3-pokojowe-t2n0d0,https://s2.adresowa.pl/oi/7d/53/40de44_ddf5_cover@2x-3-pokojowe-mieszkanie-poznan-stare-miasto-ul-romana-szymanskiego.webp
