locality,street,rooms,area,price_total_zl,price_sqm_zl,owner_type,date_posted,photo_count,url,image_url
Białystok Centrum,ul. Józefa Marjańskiego 3,3,77,805000,10455,bez pośredników,,25,https://adresowo.pl/o/mieszkanie-bialystok-centrum-ul-jozefa-marjanskiego-3-pokojowe-i7k8e2,https://s2.adresowa.pl/oi/3d/12/39765e_4743_cover@2x-3-pokojowe-mieszkanie-bialystok-centrum-ul-jozefa-marjanskiego.webp
Białystok,ul. Parkowa,2,38,446000,11737,bez pośredników,,8,https://adresowo.pl/o/mieszkanie-bialystok-ul-parkowa-2-pokojowe-z8w2f3,https://s2.adresowa.pl/oi/63/3b/413e7e_9dcc_cover@2x-2-pokojowe-mieszkanie-bialystok-ul-parkowa.webp
Białystok Nowe Miasto,ul. Transportowa,2,48,575000,11979,bez pośredników,,11,https://adresowo.pl/o/mieszkanie-bialystok-nowe-miasto-ul-transportowa-2-pokojowe-j2m7a3,https://s2.adresowa.pl/oi/7d/2f/413e4e_ca91_cover@2x-2-pokojowe-mieszkanie-bialystok-nowe-miasto-ul-transportowa.webp
Białystok,Nowe Miasto,2,43,568000,13209,bez pośredników,,4,https://adresowo.pl/o/mieszkanie-bialystok-nowe-miasto-2-pokojowe-43-m2-m6b3d4,https://s2.adresowa.pl/oi/44/5c/413b46_f08d_cover@2x-2-pokojowe-mieszkanie-bialystok-nowe-miasto.webp
Białystok Bojary,ul. Józefa Ignacego Kraszewskiego 12A,3,47,855000,18191,Pośrednik,,16,https://adresowo.pl/o/mieszkanie-bialystok-bojary-ul-jozefa-ignacego-kraszewskiego-3-pokojowe-y2v6a5,https://s2.adresowa.pl/oi/7e/38/413ba4_432c_cover@2x-3-pokojowe-mieszkanie-bialystok-bojary-ul-jozefa-ignacego-kraszewskiego.webp
Białystok Piasta,ul. Sybiraków,2,49,467400,9539,Pośrednik,,12,https://adresowo.pl/o/mieszkanie-bialystok-piasta-ul-sybirakow-2-pokojowe-m2t1c3,https://s2.adresowa.pl/oi/42/45/4128a4_d84b_cover@2x-2-pokojowe-mieszkanie-bialystok-piasta-ul-sybirakow.webp
Białystok Nowe Miasto,ul. Feliksa Filipowicza,2,39,550000,14103,bez pośredników,,16,https://adresowo.pl/o/mieszkanie-bialystok-nowe-miasto-ul-feliksa-filipowicza-2-pokojowe-z9e3a6,https://s2.adresowa.pl/oi/10/46/413b12_98cc_cover@2x-2-pokojowe-mieszkanie-bialystok-nowe-miasto-ul-feliksa-filipowicza.webp
Białystok Białostoczek,ul. Białostoczek,2,38,375000,9868,bez pośredników,,15,https://adresowo.pl/o/mieszkanie-bialystok-bialostoczek-ul-bialostoczek-2-pokojowe-f6x7r5,https://s2.adresowa.pl/oi/4c/6f/41363a_63ef_cover@2x-2-pokojowe-mieszkanie-bialystok-bialostoczek-ul-bialostoczek.webp
Białystok,Wysoki Stoczek,3,60,520000,8667,bez pośredników,,8,https://adresowo.pl/o/mieszkanie-bialystok-wysoki-stoczek-3-pokojowe-60-m2-y7i4p9,https://s2.adresowa.pl/oi/39/46/4133b2_f5df_cover@2x-3-pokojowe-mieszkanie-bialystok-wysoki-stoczek.webp
Białystok Skorupy,ul. Sybiraków,2,38,450000,11842,Pośrednik,,20,https://adresowo.pl/o/mieszkanie-bialystok-skorupy-ul-sybirakow-2-pokojowe-h8y5r5,https://s2.adresowa.pl/oi/69/34/41241a_3906_cover@2x-2-pokojowe-mieszkanie-bialystok-skorupy-ul-sybirakow.webp
Białystok,ul. Mikołaja Kopernika 5A,4,61,455000,7459,Pośrednik,,15,https://adresowo.pl/o/mieszkanie-bialystok-ul-mikolaja-kopernika-4-pokojowe-u8p3f6,https://s2.adresowa.pl/oi/34/6e/4108a0_5cc4_cover@2x-4-pokojowe-mieszkanie-bialystok-ul-mikolaja-kopernika.webp
Białystok Wysoki Stoczek,ul. Swobodna,2,48,439000,9146,bez pośredników,,5,https://adresowo.pl/o/mieszkanie-bialystok-wysoki-stoczek-ul-swobodna-2-pokojowe-f0u4a2,https://s2.adresowa.pl/oi/2f/6c/40b4a0_7304_cover@2x-2-pokojowe-mieszkanie-bialystok-wysoki-stoczek-ul-swobodna.webp
Białystok Centrum,ul. Stołeczna,3,66,1159000,17561,bez pośredników,,37,https://adresowo.pl/o/mieszkanie-bialystok-centrum-ul-stoleczna-3-pokojowe-k0x3n3,https://s2.adresowa.pl/oi/56/2d/413334_3d51_cover@2x-3-pokojowe-mieszkanie-bialystok-centrum-ul-stoleczna.webp
Białystok Wysoki Stoczek,ul. Szeroka,3,47,440000,9362,bez pośredników,,6,https://adresowo.pl/o/mieszkanie-bialystok-wysoki-stoczek-ul-szeroka-3-pokojowe-h9i8f7,https://s2.adresowa.pl/oi/5c/3e/412802_9ad8_cover@2x-3-pokojowe-mieszkanie-bialystok-wysoki-stoczek-ul-szeroka.webp
Białystok Piaski,ul. Jerzego Waszyngtona 14,1,23,349000,15174,Pośrednik,,12,https://adresowo.pl/o/mieszkanie-bialystok-piaski-ul-jerzego-waszyngtona-1-pokoj-b4g6c0,https://s2.adresowa.pl/oi/16/34/40fe30_6fde_cover@2x-1-pokojowe-mieszkanie-bialystok-piaski-ul-jerzego-waszyngtona.webp
Białystok Zawady,ul. św. Krzysztofa,3,62,506848,8175,Pośrednik,,5,https://adresowo.pl/o/mieszkanie-bialystok-zawady-ul-sw-krzysztofa-3-pokojowe-f6k8i0,https://s2.adresowa.pl/oi/3d/19/40fe2c_6805_cover@2x-3-pokojowe-mieszkanie-bialystok-zawady-ul-sw-krzysztofa.webp
Białystok Piaski,ul. Jerzego Waszyngtona,3,60,429000,7150,bez pośredników,,8,https://adresowo.pl/o/mieszkanie-bialystok-piaski-ul-jerzego-waszyngtona-3-pokojowe-f0v9o5,https://s2.adresowa.pl/oi/27/1d/41279a_6865_cover@2x-3-pokojowe-mieszkanie-bialystok-piaski-ul-jerzego-waszyngtona.webp
Białystok Bacieczki,ul. Hugo Kołłątaja,2,48,439000,9146,bez pośredników,,13,https://adresowo.pl/o/mieszkanie-bialystok-bacieczki-ul-hugo-kollataja-2-pokojowe-l3m2a6,https://s2.adresowa.pl/oi/4c/4a/412272_fa24_cover@2x-2-pokojowe-mieszkanie-bialystok-bacieczki-ul-hugo-kollataja.webp
Białystok Nowe Miasto,ul. Kazimierza Pułaskiego,2,44,459000,10432,bez pośredników,,7,https://adresowo.pl/o/mieszkanie-bialystok-nowe-miasto-ul-kazimierza-pulaskiego-2-pokojowe-h6h1c1,https://s2.adresowa.pl/oi/5a/6f/41208c_a37c_cover@2x-2-pokojowe-mieszkanie-bialystok-nowe-miasto-ul-kazimierza-pulaskiego.webp
Białystok Piaski,ul. Jerzego Waszyngtona 36,2,43,630000,14651,Pośrednik,,14,https://adresowo.pl/o/mieszkanie-bialystok-piaski-ul-jerzego-waszyngtona-2-pokojowe-o1g0t6,https://s2.adresowa.pl/oi/40/25/40fe28_d634_cover@2x-2-pokojowe-mieszkanie-bialystok-piaski-ul-jerzego-waszyngtona.webp
Białystok Centrum,ul. Ludwika Waryńskiego 29,3,61,389000,6377,Pośrednik,,19,https://adresowo.pl/o/mieszkanie-bialystok-centrum-ul-ludwika-warynskiego-3-pokojowe-g5c3x5,https://s2.adresowa.pl/oi/57/78/40fe26_6fd8_cover@2x-3-pokojowe-mieszkanie-bialystok-centrum-ul-ludwika-warynskiego.webp
Białystok Antoniuk,ul. Władysława Broniewskiego,3,54,559000,10352,bez pośredników,,7,https://adresowo.pl/o/mieszkanie-bialystok-antoniuk-ul-wladyslawa-broniewskiego-3-pokojowe-q7i6q3,https://s2.adresowa.pl/oi/12/18/412056_738a_cover@2x-3-pokojowe-mieszkanie-bialystok-antoniuk-ul-wladyslawa-broniewskiego.webp
Białystok Bojary,ul. Józefa Ignacego Kraszewskiego,2,32,519000,16219,bez pośredników,,13,https://adresowo.pl/o/mieszkanie-bialystok-bojary-ul-jozefa-ignacego-kraszewskiego-2-pokojowe-m6u5a1,https://s2.adresowa.pl/oi/72/1f/411fea_8a94_cover@2x-2-pokojowe-mieszkanie-bialystok-bojary-ul-jozefa-ignacego-kraszewskiego.webp
Białystok Centrum,ul. Józefa Ignacego Kraszewskiego,2,38,589000,15500,bez pośredników,,17,https://adresowo.pl/o/mieszkanie-bialystok-centrum-ul-jozefa-ignacego-kraszewskiego-2-pokojowe-b4r3g2,https://s2.adresowa.pl/oi/1a/39/411fd2_ba3c_cover@2x-2-pokojowe-mieszkanie-bialystok-centrum-ul-jozefa-ignacego-kraszewskiego.webp
Białystok Zawady,ul. św. Krzysztofa,3,55,472260,8587,Pośrednik,,7,https://adresowo.pl/o/mieszkanie-bialystok-zawady-ul-sw-krzysztofa-3-pokojowe-c9f8q4,https://s2.adresowa.pl/oi/3c/1c/40fe20_f164_cover@2x-3-pokojowe-mieszkanie-bialystok-zawady-ul-sw-krzysztofa.webp
Białystok Zawady,ul. św. Krzysztofa,3,57,496134,8704,Pośrednik,,7,https://adresowo.pl/o/mieszkanie-bialystok-zawady-ul-sw-krzysztofa-3-pokojowe-u6j5u4,https://s2.adresowa.pl/oi/76/3b/40fe1e_89c2_cover@2x-3-pokojowe-mieszkanie-bialystok-zawady-ul-sw-krzysztofa.webp
Białystok Skorupy,ul. Plażowa,3,60,739000,12317,bez pośredników,,20,https://adresowo.pl/o/mieszkanie-bialystok-skorupy-ul-plazowa-3-pokojowe-k6d5w3,https://s2.adresowa.pl/oi/12/3c/411e42_d812_cover@2x-3-pokojowe-mieszkanie-bialystok-skorupy-ul-plazowa.webp
Białystok Piasta,ul. Wołyńska,3,50,560000,11200,bez pośredników,,9,https://adresowo.pl/o/mieszkanie-bialystok-piasta-ul-wolynska-3-pokojowe-n1z5y3,https://s2.adresowa.pl/oi/2a/6c/411cfc_749d_cover@2x-3-pokojowe-mieszkanie-bialystok-piasta-ul-wolynska.webp
Białystok,Białostoczek,3,48,539000,11229,bez pośredników,,12,https://adresowo.pl/o/mieszkanie-bialystok-bialostoczek-3-pokojowe-48-m2-j5s1o0,https://s2.adresowa.pl/oi/1c/60/4119fe_c391_cover@2x-3-pokojowe-mieszkanie-bialystok-bialostoczek.webp
Białystok Zawady,ul. św. Krzysztofa,4,69,548550,7950,Pośrednik,,7,https://adresowo.pl/o/mieszkanie-bialystok-zawady-ul-sw-krzysztofa-4-pokojowe-r2d8b7,https://s2.adresowa.pl/oi/3f/24/40fe1c_7330_cover@2x-4-pokojowe-mieszkanie-bialystok-zawady-ul-sw-krzysztofa.webp
Białystok Zawady,ul. św. Krzysztofa,3,65,532765,8196,Pośrednik,,6,https://adresowo.pl/o/mieszkanie-bialystok-zawady-ul-sw-krzysztofa-3-pokojowe-s2q8z0,https://s2.adresowa.pl/oi/42/5e/40fe18_3cff_cover@2x-3-pokojowe-mieszkanie-bialystok-zawady-ul-sw-krzysztofa.webp
Białystok Centrum,ul. Lipowa,1,35,422640,12075,bez pośredników,,8,https://adresowo.pl/o/mieszkanie-bialystok-centrum-ul-lipowa-1-pokoj-n1v4m4,https://s2.adresowa.pl/oi/69/7f/4118de_602c_cover@2x-1-pokojowe-mieszkanie-bialystok-centrum-ul-lipowa.webp
Białystok,Dziesięciny,2,33,320000,9697,bez pośredników,,8,https://adresowo.pl/o/mieszkanie-bialystok-dziesieciny-2-pokojowe-33-m2-n4z2a7,https://s2.adresowa.pl/oi/21/7f/411812_c9d2_cover@2x-2-pokojowe-mieszkanie-bialystok-dziesieciny.webp
Białystok Nowe Miasto,ul. Zachodnia,4,64,720000,11250,bez pośredników,,19,https://adresowo.pl/o/mieszkanie-bialystok-nowe-miasto-ul-zachodnia-4-pokojowe-m3q5i7,https://s2.adresowa.pl/oi/5a/30/411712_521a_cover@2x-4-pokojowe-mieszkanie-bialystok-nowe-miasto-ul-zachodnia.webp
Białystok Zawady,ul. św. Krzysztofa,3,61,497965,8163,Pośrednik,,5,https://adresowo.pl/o/mieszkanie-bialystok-zawady-ul-sw-krzysztofa-3-pokojowe-n4z8n2,https://s2.adresowa.pl/oi/76/1b/40fe12_bd26_cover@2x-3-pokojowe-mieszkanie-bialystok-zawady-ul-sw-krzysztofa.webp
Białystok Antoniuk,ul. Władysława Broniewskiego 8C,3,54,468000,8667,Pośrednik,,20,https://adresowo.pl/o/mieszkanie-bialystok-antoniuk-ul-wladyslawa-broniewskiego-3-pokojowe-n0m9n6,https://s2.adresowa.pl/oi/6f/6b/40fe10_2a08_cover@2x-3-pokojowe-mieszkanie-bialystok-antoniuk-ul-wladyslawa-broniewskiego.webp
Białystok Piasta,ul. Bolesława Chrobrego,2,38,429000,11289,bez pośredników,,16,https://adresowo.pl/o/mieszkanie-bialystok-piasta-ul-boleslawa-chrobrego-2-pokojowe-i3q7s7,https://s2.adresowa.pl/oi/18/5e/4115a4_ae57_cover@2x-2-pokojowe-mieszkanie-bialystok-piasta-ul-boleslawa-chrobrego.webp
Białystok Centrum,ul. Krakowska,2,41,499000,12171,bez pośredników,,9,https://adresowo.pl/o/mieszkanie-bialystok-centrum-ul-krakowska-2-pokojowe-a3z7i1,https://s2.adresowa.pl/oi/7e/7f/41152c_85df_cover@2x-2-pokojowe-mieszkanie-bialystok-centrum-ul-krakowska.webp
Białystok Zawady,ul. św. Krzysztofa,4,71,570651,8037,Pośrednik,,7,https://adresowo.pl/o/mieszkanie-bialystok-zawady-ul-sw-krzysztofa-4-pokojowe-o3c1q2,https://s2.adresowa.pl/oi/4a/5b/40fe0e_4300_cover@2x-4-pokojowe-mieszkanie-bialystok-zawady-ul-sw-krzysztofa.webp
Białystok Centrum,al. Józefa Piłsudskiego,1,35,307000,8771,Pośrednik,,13,https://adresowo.pl/o/mieszkanie-bialystok-centrum-al-jozefa-pilsudskiego-1-pokoj-m5o9n2,https://s2.adresowa.pl/oi/63/65/40fe0c_461a_cover@2x-1-pokojowe-mieszkanie-bialystok-centrum-al-jozefa-pilsudskiego.webp
Białystok Centrum,ul. Józefa Marjańskiego 3,3,77,805000,10455,bez pośredników,,25,https://adresowo.pl/o/mieszkanie-bialystok-centrum-ul-jozefa-marjanskiego-3-pokojowe-i7k8e2,https://s2.adresowa.pl/oi/3d/12/39765e_4743_cover@2x-3-pokojowe-mieszkanie-bialystok-centrum-ul-jozefa-marjanskiego.webp
Białystok Wygoda,ul. Henryka Sienkiewicza,2,33,365000,11061,bez pośredników,,8,https://adresowo.pl/o/mieszkanie-bialystok-wygoda-ul-henryka-sienkiewicza-2-pokojowe-x5v2u2,https://s2.adresowa.pl/oi/6b/28/411418_5552_cover@2x-2-pokojowe-mieszkanie-bialystok-wygoda-ul-henryka-sienkiewicza.webp
Białystok Wysoki Stoczek,ul. Dworska,2,48,455000,9479,bez pośredników,,9,https://adresowo.pl/o/mieszkanie-bialystok-wysoki-stoczek-ul-dworska-2-pokojowe-v7y1d2,https://s2.adresowa.pl/oi/5a/5e/4111c2_c552_cover@2x-2-pokojowe-mieszkanie-bialystok-wysoki-stoczek-ul-dworska.webp
Białystok Centrum,ul. gen. Józefa Bema,2,30,510000,17000,bez pośredników,,7,https://adresowo.pl/o/mieszkanie-bialystok-centrum-ul-gen-jozefa-bema-2-pokojowe-m4w3q4,https://s2.adresowa.pl/oi/72/30/4110f0_3511_cover@2x-2-pokojowe-mieszkanie-bialystok-centrum-ul-gen-jozefa-bema.webp
Białystok Zawady,ul. św. Krzysztofa,3,65,533254,8204,Pośrednik,,6,https://adresowo.pl/o/mieszkanie-bialystok-zawady-ul-sw-krzysztofa-3-pokojowe-o7r2w1,https://s2.adresowa.pl/oi/46/29/40fe08_3a28_cover@2x-3-pokojowe-mieszkanie-bialystok-zawady-ul-sw-krzysztofa.webp
Białystok,al. Józefa Piłsudskiego 7,1,34,385000,11324,Pośrednik,,8,https://adresowo.pl/o/mieszkanie-bialystok-al-jozefa-pilsudskiego-1-pokoj-t5a1y2,https://s2.adresowa.pl/oi/10/28/40fe06_7621_cover@2x-1-pokojowe-mieszkanie-bialystok-al-jozefa-pilsudskiego.webp
Białystok Os. Młodych,ul. Zwycięstwa,4,48,499000,10396,bez pośredników,,10,https://adresowo.pl/o/mieszkanie-bialystok-os-mlodych-ul-zwyciestwa-4-pokojowe-w8t9k2,https://s2.adresowa.pl/oi/74/41/410b3a_9e5e_cover@2x-4-pokojowe-mieszkanie-bialystok-os-mlodych-ul-zwyciestwa.webp
Białystok Bojary,ul. Józefa Ignacego Kraszewskiego,3,46,580000,12609,bez pośredników,,7,https://adresowo.pl/o/mieszkanie-bialystok-bojary-ul-jozefa-ignacego-kraszewskiego-3-pokojowe-c9j1k4,https://s2.adresowa.pl/oi/41/27/410a56_98cb_cover@2x-3-pokojowe-mieszkanie-bialystok-bojary-ul-jozefa-ignacego-kraszewskiego.webp
Białystok Centrum,ul. Marii Skłodowskiej-Curie,3,50,390000,7800,bez pośredników,,2,https://adresowo.pl/o/mieszkanie-bialystok-centrum-ul-marii-sklodowskiej-curie-3-pokojowe-a7z0r4,https://s2.adresowa.pl/oi/2b/4b/41088c_2afa_cover@2x-3-pokojowe-mieszkanie-bialystok-centrum-ul-marii-sklodowskiej-curie.webp
Białystok Zawady,ul. św. Krzysztofa,3,65,532195,8188,Pośrednik,,8,https://adresowo.pl/o/mieszkanie-bialystok-zawady-ul-sw-krzysztofa-3-pokojowe-t3p8h8,https://s2.adresowa.pl/oi/46/10/40fe04_f73f_cover@2x-3-pokojowe-mieszkanie-bialystok-zawady-ul-sw-krzysztofa.webp
Białystok Zawady,ul. św. Krzysztofa,3,56,482202,8611,Pośrednik,,5,https://adresowo.pl/o/mieszkanie-bialystok-zawady-ul-sw-krzysztofa-3-pokojowe-j7m6p7,https://s2.adresowa.pl/oi/1a/77/40fe00_5ac4_cover@2x-3-pokojowe-mieszkanie-bialystok-zawady-ul-sw-krzysztofa.webp
Białystok,Dziesięciny,3,63,585000,9286,bez pośredników,,15,https://adresowo.pl/o/mieszkanie-bialystok-dziesieciny-3-pokojowe-63-m2-d1t9z9,https://s2.adresowa.pl/oi/5e/47/410878_5858_cover@2x-3-pokojowe-mieszkanie-bialystok-dziesieciny.webp
Białystok Piasta,ul. Piastowska,3,43,510000,11860,bez pośredników,,14,https://adresowo.pl/o/mieszkanie-bialystok-piasta-ul-piastowska-3-pokojowe-g3w9e9,https://s2.adresowa.pl/oi/2b/3c/4107d2_376d_cover@2x-3-pokojowe-mieszkanie-bialystok-piasta-ul-piastowska.webp
Białystok Antoniuk,al. Solidarności,2,33,285000,8636,bez pośredników,,7,https://adresowo.pl/o/mieszkanie-bialystok-antoniuk-al-solidarnosci-2-pokojowe-j4c8s8,https://s2.adresowa.pl/oi/77/43/4103d8_995b_cover@2x-2-pokojowe-mieszkanie-bialystok-antoniuk-al-solidarnosci.webp
Białystok Piaski,ul. Mazowiecka,3,52,466000,8962,Pośrednik,,12,https://adresowo.pl/o/mieszkanie-bialystok-piaski-ul-mazowiecka-3-pokojowe-j4s0e4,https://s2.adresowa.pl/oi/45/20/40fdfe_84b7_cover@2x-3-pokojowe-mieszkanie-bialystok-piaski-ul-mazowiecka.webp
Białystok Dziesięciny,ul. Kalinowa,4,84,585000,6964,Pośrednik,,16,https://adresowo.pl/o/mieszkanie-bialystok-dziesieciny-ul-kalinowa-4-pokojowe-t9s7c5,https://s2.adresowa.pl/oi/65/24/40fdf6_3252_cover@2x-4-pokojowe-mieszkanie-bialystok-dziesieciny-ul-kalinowa.webp
Białystok,Nowe Miasto,3,67,850000,12687,bez pośredników,,7,https://adresowo.pl/o/mieszkanie-bialystok-nowe-miasto-3-pokojowe-67-m2-o9k4y0,https://s2.adresowa.pl/oi/16/34/410308_625d_cover@2x-3-pokojowe-mieszkanie-bialystok-nowe-miasto.webp
Białystok Białostoczek,al. Tysiąclecia Państwa Polskiego 10,3,81,866500,10698,bez pośredników,,12,https://adresowo.pl/o/mieszkanie-bialystok-bialostoczek-al-tysiaclecia-panstwa-polskiego-3-pokojowe-r7z0q2,https://s2.adresowa.pl/oi/66/2d/4100b6_b907_cover@2x-3-pokojowe-mieszkanie-bialystok-bialostoczek-al-tysiaclecia-panstwa-polskiego.webp
Białystok Centrum,ul. Poleska,2,48,475000,9896,bez pośredników,,2,https://adresowo.pl/o/mieszkanie-bialystok-centrum-ul-poleska-2-pokojowe-z9c0h6,https://s2.adresowa.pl/oi/1b/78/40f7c4_a760_cover@2x-2-pokojowe-mieszkanie-bialystok-centrum-ul-poleska.webp
Białystok Wygoda,ul. 42 Pułku Piechoty,3,59,689000,11678,Pośrednik,,20,https://adresowo.pl/o/mieszkanie-bialystok-wygoda-ul-42-pulku-piechoty-3-pokojowe-i6j9v8,https://s2.adresowa.pl/oi/6c/23/40fdf0_b165_cover@2x-3-pokojowe-mieszkanie-bialystok-wygoda-ul-42-pulku-piechoty.webp
Białystok Zawady,ul. św. Krzysztofa,3,62,505707,8157,Pośrednik,,5,https://adresowo.pl/o/mieszkanie-bialystok-zawady-ul-sw-krzysztofa-3-pokojowe-w8y4y6,https://s2.adresowa.pl/oi/4e/5f/40fdee_c071_cover@2x-3-pokojowe-mieszkanie-bialystok-zawady-ul-sw-krzysztofa.webp
Białystok Piaski,ul. M. Curie-Skłodowskiej,1,26,369423,14209,bez pośredników,,8,https://adresowo.pl/o/mieszkanie-bialystok-piaski-ul-m-curie-sklodowskiej-1-pokoj-t2j2i0,https://s2.adresowa.pl/oi/54/25/40f27c_5e4e_cover@2x-1-pokojowe-mieszkanie-bialystok-piaski-ul-m-curie-sklodowskiej.webp
Białystok,Białostoczek,3,60,450000,7500,bez pośredników,,8,https://adresowo.pl/o/mieszkanie-bialystok-bialostoczek-3-pokojowe-60-m2-u6i3h9,https://s2.adresowa.pl/oi/6f/13/40f22a_8c0b_cover@2x-3-pokojowe-mieszkanie-bialystok-bialostoczek.webp
Białystok,Nowe Miasto,3,62,430000,6935,bez pośredników,,8,https://adresowo.pl/o/mieszkanie-bialystok-nowe-miasto-3-pokojowe-62-m2-f3e5a9,https://s2.adresowa.pl/oi/29/78/40f0be_47f0_cover@2x-3-pokojowe-mieszkanie-bialystok-nowe-miasto.webp
Białystok Białostoczek,ul. Białostoczek,1,17,210000,12353,Pośrednik,,10,https://adresowo.pl/o/mieszkanie-bialystok-bialostoczek-ul-bialostoczek-1-pokoj-x1b3a1,https://s2.adresowa.pl/oi/25/23/40fde4_eaaa_cover@2x-1-pokojowe-mieszkanie-bialystok-bialostoczek-ul-bialostoczek.webp
Białystok Zawady,ul. św. Krzysztofa,4,71,564450,7950,Pośrednik,,5,https://adresowo.pl/o/mieszkanie-bialystok-zawady-ul-sw-krzysztofa-4-pokojowe-l4k4i8,https://s2.adresowa.pl/oi/23/61/40fde0_ff3c_cover@2x-4-pokojowe-mieszkanie-bialystok-zawady-ul-sw-krzysztofa.webp
Białystok Zawady,ul. Kryształowa,3,72,790000,10972,bez pośredników,,10,https://adresowo.pl/o/mieszkanie-bialystok-zawady-ul-krysztalowa-3-pokojowe-n9b3v7,https://s2.adresowa.pl/oi/29/4b/40f07c_37e7_cover@2x-3-pokojowe-mieszkanie-bialystok-zawady-ul-krysztalowa.webp
Białystok Antoniuk,ul. Antoniukowska,3,45,429000,9533,bez pośredników,,8,https://adresowo.pl/o/mieszkanie-bialystok-antoniuk-ul-antoniukowska-3-pokojowe-o9h1i3,https://s2.adresowa.pl/oi/1d/7b/40eff4_486c_cover@2x-3-pokojowe-mieszkanie-bialystok-antoniuk-ul-antoniukowska.webp
Białystok Centrum,ul. Częstochowska,1,31,579000,18677,bez pośredników,,47,https://adresowo.pl/o/mieszkanie-bialystok-centrum-ul-czestochowska-1-pokoj-q7g4y0,https://s2.adresowa.pl/oi/5d/21/40bf44_7466_cover@2x-1-pokojowe-mieszkanie-bialystok-centrum-ul-czestochowska.webp
Białystok Zawady,ul. św. Krzysztofa,3,62,507826,8191,Pośrednik,,6,https://adresowo.pl/o/mieszkanie-bialystok-zawady-ul-sw-krzysztofa-3-pokojowe-v6y3g2,https://s2.adresowa.pl/oi/15/45/40fdde_f7bf_cover@2x-3-pokojowe-mieszkanie-bialystok-zawady-ul-sw-krzysztofa.webp
Białystok Zawady,ul. św. Krzysztofa,4,71,571923,8055,Pośrednik,,5,https://adresowo.pl/o/mieszkanie-bialystok-zawady-ul-sw-krzysztofa-4-pokojowe-x7p5x1,https://s2.adresowa.pl/oi/75/6a/40fddc_85de_cover@2x-4-pokojowe-mieszkanie-bialystok-zawady-ul-sw-krzysztofa.webp
Białystok Bojary,ul. Warszawska,3,57,620000,10877,bez pośredników,,7,https://adresowo.pl/o/mieszkanie-bialystok-bojary-ul-warszawska-3-pokojowe-n2e6e9,https://s2.adresowa.pl/oi/7d/33/40ee2e_e5b9_cover@2x-3-pokojowe-mieszkanie-bialystok-bojary-ul-warszawska.webp
Białystok Fasty,ul. Atłasowa,3,48,505000,10521,bez pośredników,,8,https://adresowo.pl/o/mieszkanie-bialystok-fasty-ul-atlasowa-3-pokojowe-u4v3p7,https://s2.adresowa.pl/oi/40/55/40ed72_4c54_cover@2x-3-pokojowe-mieszkanie-bialystok-fasty-ul-atlasowa.webp
Białystok,Os. Młodych,5,109,935000,8578,bez pośredników,,10,https://adresowo.pl/o/mieszkanie-bialystok-os-mlodych-5-pokojowe-109-m2-f2x3j1,https://s2.adresowa.pl/oi/45/70/40ec1e_6cab_cover@2x-5-pokojowe-mieszkanie-bialystok-os-mlodych.webp
Białystok Zawady,ul. św. Krzysztofa,4,72,573195,7961,Pośrednik,,6,https://adresowo.pl/o/mieszkanie-bialystok-zawady-ul-sw-krzysztofa-4-pokojowe-n8s3j3,https://s2.adresowa.pl/oi/6e/43/40fdd4_3e87_cover@2x-4-pokojowe-mieszkanie-bialystok-zawady-ul-sw-krzysztofa.webp
Białystok,ul. Kręta,2,43,455000,10581,Pośrednik,,10,https://adresowo.pl/o/mieszkanie-bialystok-ul-kreta-2-pokojowe-z6h6s2,https://s2.adresowa.pl/oi/70/67/40fdd2_c69a_cover@2x-2-pokojowe-mieszkanie-bialystok-ul-kreta.webp
Białystok,Antoniuk,3,58,650000,11207,bez pośredników,,8,https://adresowo.pl/o/mieszkanie-bialystok-antoniuk-3-pokojowe-58-m2-j8q1e2,https://s2.adresowa.pl/oi/3b/62/40eb8e_c2a6_cover@2x-3-pokojowe-mieszkanie-bialystok-antoniuk.webp
Białystok Antoniuk,ul. Zwierzyniecka,2,36,450000,12500,bez pośredników,,8,https://adresowo.pl/o/mieszkanie-bialystok-antoniuk-ul-zwierzyniecka-2-pokojowe-b9t4d7,https://s2.adresowa.pl/oi/1d/19/40eb4c_b00e_cover@2x-2-pokojowe-mieszkanie-bialystok-antoniuk-ul-zwierzyniecka.webp
Białystok Piasta,ul. Bolesława Chrobrego,3,48,569000,11854,bez pośredników,,7,https://adresowo.pl/o/mieszkanie-bialystok-piasta-ul-boleslawa-chrobrego-3-pokojowe-p3o3l2,https://s2.adresowa.pl/oi/31/57/40eb34_6f69_cover@2x-3-pokojowe-mieszkanie-bialystok-piasta-ul-boleslawa-chrobrego.webp
Białystok Zawady,ul. św. Krzysztofa,4,58,505594,8717,Pośrednik,,5,https://adresowo.pl/o/mieszkanie-bialystok-zawady-ul-sw-krzysztofa-4-pokojowe-t5d0k5,https://s2.adresowa.pl/oi/56/55/40fdce_939f_cover@2x-4-pokojowe-mieszkanie-bialystok-zawady-ul-sw-krzysztofa.webp
Białystok Wygoda,ul. 42 Pułku Piechoty,3,55,605000,11000,Pośrednik,,11,https://adresowo.pl/o/mieszkanie-bialystok-wygoda-ul-42-pulku-piechoty-3-pokojowe-p7u8y3,https://s2.adresowa.pl/oi/43/2d/40fdcc_e50a_cover@2x-3-pokojowe-mieszkanie-bialystok-wygoda-ul-42-pulku-piechoty.webp
Białystok Centrum,ul. Nowy Świat,2,53,560000,10566,bez pośredników,,9,https://adresowo.pl/o/mieszkanie-bialystok-centrum-ul-nowy-swiat-2-pokojowe-n3f2o4,https://s2.adresowa.pl/oi/28/20/40ea50_a905_cover@2x-2-pokojowe-mieszkanie-bialystok-centrum-ul-nowy-swiat.webp
Białystok Centrum,ul. Icchoka Malmeda,1,35,320000,9143,bez pośredników,,8,https://adresowo.pl/o/mieszkanie-bialystok-centrum-ul-icchoka-malmeda-1-pokoj-b0v9v9,https://s2.adresowa.pl/oi/64/45/40e3a6_4fec_cover@2x-1-pokojowe-mieszkanie-bialystok-centrum-ul-icchoka-malmeda.webp
Białystok Nowe Miasto,ul. Wiejska,3,62,480000,7742,bez pośredników,,8,https://adresowo.pl/o/mieszkanie-bialystok-nowe-miasto-ul-wiejska-3-pokojowe-w2r6b8,https://s2.adresowa.pl/oi/75/47/40e012_d0a4_cover@2x-3-pokojowe-mieszkanie-bialystok-nowe-miasto-ul-wiejska.webp
Białystok Zawady,ul. św. Krzysztofa,4,68,547119,8046,Pośrednik,,5,https://adresowo.pl/o/mieszkanie-bialystok-zawady-ul-sw-krzysztofa-4-pokojowe-p2y2h0,https://s2.adresowa.pl/oi/6d/4e/40fdca_dab7_cover@2x-4-pokojowe-mieszkanie-bialystok-zawady-ul-sw-krzysztofa.webp
Białystok Zawady,ul. św. Krzysztofa,3,65,531461,8176,Pośrednik,,5,https://adresowo.pl/o/mieszkanie-bialystok-zawady-ul-sw-krzysztofa-3-pokojowe-w1h8u6,https://s2.adresowa.pl/oi/46/1f/40fdc8_355f_cover@2x-3-pokojowe-mieszkanie-bialystok-zawady-ul-sw-krzysztofa.webp
Białystok Bojary,ul. Łąkowa,2,32,490000,15312,bez pośredników,,10,https://adresowo.pl/o/mieszkanie-bialystok-bojary-ul-lakowa-2-pokojowe-h3r5f9,https://s2.adresowa.pl/oi/1f/37/40ddee_5a49_cover@2x-2-pokojowe-mieszkanie-bialystok-bojary-ul-lakowa.webp
Białystok,Sienkiewicza,3,48,460000,9583,bez pośredników,,17,https://adresowo.pl/o/mieszkanie-bialystok-sienkiewicza-3-pokojowe-48-m2-b5v4g7,https://s2.adresowa.pl/oi/1c/33/40dd04_6b4a_cover@2x-3-pokojowe-mieszkanie-bialystok-sienkiewicza.webp
Białystok Piaski,ul. Zwierzyniecka,2,32,393900,12309,bez pośredników,,5,https://adresowo.pl/o/mieszkanie-bialystok-piaski-ul-zwierzyniecka-2-pokojowe-v5v4k9,https://s2.adresowa.pl/oi/22/76/40dbb8_a1bd_cover@2x-2-pokojowe-mieszkanie-bialystok-piaski-ul-zwierzyniecka.webp
Białystok Skorupy,ul. Mokra,4,105,838725,7988,Pośrednik,,16,https://adresowo.pl/o/mieszkanie-bialystok-skorupy-ul-mokra-4-pokojowe-m8i7w9,https://s2.adresowa.pl/oi/19/7d/40fdc6_4813_cover@2x-4-pokojowe-mieszkanie-bialystok-skorupy-ul-mokra.webp
Białystok Zawady,ul. św. Krzysztofa,3,62,507174,8180,Pośrednik,,6,https://adresowo.pl/o/mieszkanie-bialystok-zawady-ul-sw-krzysztofa-3-pokojowe-p0j9e3,https://s2.adresowa.pl/oi/3e/44/40fdc4_af1d_cover@2x-3-pokojowe-mieszkanie-bialystok-zawady-ul-sw-krzysztofa.webp
Białystok Leśna Dolina,ul. Armii Krajowej,3,53,536000,10113,bez pośredników,,8,https://adresowo.pl/o/mieszkanie-bialystok-lesna-dolina-ul-armii-krajowej-3-pokojowe-i2t0w8,https://s2.adresowa.pl/oi/54/25/40d5a2_ee60_cover@2x-3-pokojowe-mieszkanie-bialystok-lesna-dolina-ul-armii-krajowej.webp
Białystok Antoniuk,ul. Ukośna,2,39,440000,11282,bez pośredników,,16,https://adresowo.pl/o/mieszkanie-bialystok-antoniuk-ul-ukosna-2-pokojowe-e9v9e7,https://s2.adresowa.pl/oi/25/69/40d222_f06d_cover@2x-2-pokojowe-mieszkanie-bialystok-antoniuk-ul-ukosna.webp
Białystok Słoneczny Stok,ul. gen. Władysława Sikorskiego,3,58,449999,7759,bez pośredników,,9,https://adresowo.pl/o/mieszkanie-bialystok-sloneczny-stok-ul-gen-wladyslawa-sikorskiego-3-pokojowe-t8i2z2,https://s2.adresowa.pl/oi/30/20/40cff2_56ca_cover@2x-3-pokojowe-mieszkanie-bialystok-sloneczny-stok-ul-gen-wladyslawa-sikorskiego.webp
Białystok,Bojary,5,96,699000,7281,Pośrednik,,27,https://adresowo.pl/o/mieszkanie-bialystok-bojary-5-pokojowe-96-m2-p5q1d1,https://s2.adresowa.pl/oi/47/63/40fdc2_9608_cover@2x-5-pokojowe-mieszkanie-bialystok-bojary.webp
Białystok Skorupy,ul. Mokra,4,105,838725,7988,Pośrednik,,50,https://adresowo.pl/o/mieszkanie-bialystok-skorupy-ul-mokra-4-pokojowe-h0v6w1,https://s2.adresowa.pl/oi/60/6f/40fdbc_be99_cover@2x-4-pokojowe-mieszkanie-bialystok-skorupy-ul-mokra.webp
Białystok Centrum,ul. Włókiennicza,3,78,1090000,13974,bez pośredników,,18,https://adresowo.pl/o/mieszkanie-bialystok-centrum-ul-wlokiennicza-3-pokojowe-c6h4j2,https://s2.adresowa.pl/oi/73/1e/40ce9e_5c05_cover@2x-3-pokojowe-mieszkanie-bialystok-centrum-ul-wlokiennicza.webp
Białystok,Słoneczny Stok,3,62,485000,7823,bez pośredników,,4,https://adresowo.pl/o/mieszkanie-bialystok-sloneczny-stok-3-pokojowe-62-m2-h9z1u6,https://s2.adresowa.pl/oi/64/3b/40ce98_43b7_cover@2x-3-pokojowe-mieszkanie-bialystok-sloneczny-stok.webp
Białystok,ul. gen. Józefa Bema,2,38,670000,17632,bez pośredników,,8,https://adresowo.pl/o/mieszkanie-bialystok-ul-gen-jozefa-bema-2-pokojowe-j0j5i4,https://s2.adresowa.pl/oi/6d/28/40cce2_6888_cover@2x-2-pokojowe-mieszkanie-bialystok-ul-gen-jozefa-bema.webp
Białystok Zawady,ul. św. Krzysztofa,3,79,634887,8037,Pośrednik,,5,https://adresowo.pl/o/mieszkanie-bialystok-zawady-ul-sw-krzysztofa-3-pokojowe-t6n2j2,https://s2.adresowa.pl/oi/4b/6d/40fdba_72ea_cover@2x-3-pokojowe-mieszkanie-bialystok-zawady-ul-sw-krzysztofa.webp
Białystok Centrum,ul. Henryka Sienkiewicza,2,40,380000,9500,Pośrednik,,12,https://adresowo.pl/o/mieszkanie-bialystok-centrum-ul-henryka-sienkiewicza-2-pokojowe-p9a8q2,https://s2.adresowa.pl/oi/6a/69/40fdb6_b040_cover@2x-2-pokojowe-mieszkanie-bialystok-centrum-ul-henryka-sienkiewicza.webp
Białystok Sienkiewicza,ul. Ciepła,2,35,355000,10143,bez pośredników,,6,https://adresowo.pl/o/mieszkanie-bialystok-sienkiewicza-ul-ciepla-2-pokojowe-i6r3h2,https://s2.adresowa.pl/oi/52/6f/40cc5c_cd71_cover@2x-2-pokojowe-mieszkanie-bialystok-sienkiewicza-ul-ciepla.webp
Białystok Słoneczny Stok,ul. Upalna,2,51,445000,8725,bez pośredników,,11,https://adresowo.pl/o/mieszkanie-bialystok-sloneczny-stok-ul-upalna-2-pokojowe-h8k6x6,https://s2.adresowa.pl/oi/31/56/40cb46_8769_cover@2x-2-pokojowe-mieszkanie-bialystok-sloneczny-stok-ul-upalna.webp
Białystok Piaski,ul. Legionowa,3,69,635000,9203,bez pośredników,,14,https://adresowo.pl/o/mieszkanie-bialystok-piaski-ul-legionowa-3-pokojowe-m1x5v2,https://s2.adresowa.pl/oi/4b/55/40c9c8_aaab_cover@2x-3-pokojowe-mieszkanie-bialystok-piaski-ul-legionowa.webp
Białystok Centrum,ul. Warszawska 64,2,50,658000,13160,Pośrednik,,13,https://adresowo.pl/o/mieszkanie-bialystok-centrum-ul-warszawska-2-pokojowe-f5o7h6,https://s2.adresowa.pl/oi/34/68/40fdb4_dc0a_cover@2x-2-pokojowe-mieszkanie-bialystok-centrum-ul-warszawska.webp
Białystok Piaski,ul. Jerzego Waszyngtona,3,60,435000,7250,Pośrednik,,6,https://adresowo.pl/o/mieszkanie-bialystok-piaski-ul-jerzego-waszyngtona-3-pokojowe-q7q5d1,https://s2.adresowa.pl/oi/6c/60/40fdb2_831b_cover@2x-3-pokojowe-mieszkanie-bialystok-piaski-ul-jerzego-waszyngtona.webp
Białystok,ul. gen. Józefa Bema,3,56,707000,12625,bez pośredników,,1,https://adresowo.pl/o/mieszkanie-bialystok-ul-gen-jozefa-bema-3-pokojowe-t9u7w9,https://s2.adresowa.pl/oi/7a/7a/40c9de_ba9e_cover@2x-3-pokojowe-mieszkanie-bialystok-ul-gen-jozefa-bema.webp
Białystok,ul. Mikołaja Kopernika,4,58,580000,10000,bez pośredników,,6,https://adresowo.pl/o/mieszkanie-bialystok-ul-mikolaja-kopernika-4-pokojowe-y7b5v4,https://s2.adresowa.pl/oi/66/3f/40c2ec_d7b3_cover@2x-4-pokojowe-mieszkanie-bialystok-ul-mikolaja-kopernika.webp
Białystok Centrum,ul. Ludwika Waryńskiego,2,50,475000,9500,bez pośredników,,10,https://adresowo.pl/o/mieszkanie-bialystok-centrum-ul-ludwika-warynskiego-2-pokojowe-b1x0f1,https://s2.adresowa.pl/oi/22/3e/40c110_9f80_cover@2x-2-pokojowe-mieszkanie-bialystok-centrum-ul-ludwika-warynskiego.webp
Białystok Zawady,ul. św. Krzysztofa,3,62,507174,8180,Pośrednik,,8,https://adresowo.pl/o/mieszkanie-bialystok-zawady-ul-sw-krzysztofa-3-pokojowe-c1s9x2,https://s2.adresowa.pl/oi/34/4d/40fdb0_b1b4_cover@2x-3-pokojowe-mieszkanie-bialystok-zawady-ul-sw-krzysztofa.webp
Białystok Zawady,ul. św. Krzysztofa,3,57,496134,8704,Pośrednik,,5,https://adresowo.pl/o/mieszkanie-bialystok-zawady-ul-sw-krzysztofa-3-pokojowe-r9n0n6,https://s2.adresowa.pl/oi/78/31/40fdae_2b48_cover@2x-3-pokojowe-mieszkanie-bialystok-zawady-ul-sw-krzysztofa.webp
Białystok,Nowe Miasto,3,73,869000,11904,bez pośredników,,8,https://adresowo.pl/o/mieszkanie-bialystok-nowe-miasto-3-pokojowe-73-m2-c8i0b4,https://s2.adresowa.pl/oi/5d/5a/40c096_ca4d_cover@2x-3-pokojowe-mieszkanie-bialystok-nowe-miasto.webp
Białystok Bojary,ul. Jana Sobieskiego,1,21,299000,14238,bez pośredników,,5,https://adresowo.pl/o/mieszkanie-bialystok-bojary-ul-jana-sobieskiego-1-pokoj-e3y8e9,https://s2.adresowa.pl/oi/38/5a/40bd9a_75d7_cover@2x-1-pokojowe-mieszkanie-bialystok-bojary-ul-jana-sobieskiego.webp
Białystok Centrum,ul. Czarna,2,37,579000,15649,bez pośredników,,8,https://adresowo.pl/o/mieszkanie-bialystok-centrum-ul-czarna-2-pokojowe-i3v9w5,https://s2.adresowa.pl/oi/73/7b/40b6e6_d522_cover@2x-2-pokojowe-mieszkanie-bialystok-centrum-ul-czarna.webp
Białystok Zawady,ul. św. Krzysztofa,3,55,472685,8594,Pośrednik,,5,https://adresowo.pl/o/mieszkanie-bialystok-zawady-ul-sw-krzysztofa-3-pokojowe-m4u3r8,https://s2.adresowa.pl/oi/5d/70/40fd94_c342_cover@2x-3-pokojowe-mieszkanie-bialystok-zawady-ul-sw-krzysztofa.webp
Białystok Zawady,ul. św. Krzysztofa,3,86,689265,8015,Pośrednik,,5,https://adresowo.pl/o/mieszkanie-bialystok-zawady-ul-sw-krzysztofa-3-pokojowe-v8a7g7,https://s2.adresowa.pl/oi/55/1a/40fd92_7ea8_cover@2x-3-pokojowe-mieszkanie-bialystok-zawady-ul-sw-krzysztofa.webp
Białystok,Zielone Wzgórza,2,46,430000,9348,bez pośredników,,7,https://adresowo.pl/o/mieszkanie-bialystok-zielone-wzgorza-2-pokojowe-46-m2-k3z5i2,https://s2.adresowa.pl/oi/2b/22/40b14e_7707_cover@2x-2-pokojowe-mieszkanie-bialystok-zielone-wzgorza.webp
Białystok,Dziesięciny,4,71,635000,8944,bez pośredników,,12,https://adresowo.pl/o/mieszkanie-bialystok-dziesieciny-4-pokojowe-71-m2-n4c2a1,https://s2.adresowa.pl/oi/1d/73/40b036_9e7f_cover@2x-4-pokojowe-mieszkanie-bialystok-dziesieciny.webp
Białystok Zielone Wzgórza,ul. Zielonogórska,2,50,465000,9300,bez pośredników,,8,https://adresowo.pl/o/mieszkanie-bialystok-zielone-wzgorza-ul-zielonogorska-2-pokojowe-f7x7a0,https://s2.adresowa.pl/oi/65/55/40aeda_cce3_cover@2x-2-pokojowe-mieszkanie-bialystok-zielone-wzgorza-ul-zielonogorska.webp
Białystok Dziesięciny,ul. Zagórna,4,72,648000,9000,Pośrednik,,18,https://adresowo.pl/o/mieszkanie-bialystok-dziesieciny-ul-zagorna-4-pokojowe-f9g0z8,https://s2.adresowa.pl/oi/18/19/40fd90_6669_cover@2x-4-pokojowe-mieszkanie-bialystok-dziesieciny-ul-zagorna.webp
Białystok Centrum,ul. Jurowiecka,3,51,514000,10078,Pośrednik,,23,https://adresowo.pl/o/mieszkanie-bialystok-centrum-ul-jurowiecka-3-pokojowe-c7g9x8,https://s2.adresowa.pl/oi/7b/38/40fd8c_2a1a_cover@2x-3-pokojowe-mieszkanie-bialystok-centrum-ul-jurowiecka.webp
Białystok Bojary,ul. Jana Sobieskiego,2,41,589000,14366,bez pośredników,,14,https://adresowo.pl/o/mieszkanie-bialystok-bojary-ul-jana-sobieskiego-2-pokojowe-j4q4f4,https://s2.adresowa.pl/oi/6f/5d/40abf4_666f_cover@2x-2-pokojowe-mieszkanie-bialystok-bojary-ul-jana-sobieskiego.webp
Białystok,ul. Brukowa,3,83,1080000,13012,bez pośredników,,7,https://adresowo.pl/o/mieszkanie-bialystok-ul-brukowa-3-pokojowe-n5t3y5,https://s2.adresowa.pl/oi/77/24/40a9f8_d94d_cover@2x-3-pokojowe-mieszkanie-bialystok-ul-brukowa.webp
Białystok Piasta,ul. Bolesława Chrobrego,3,53,475000,8962,bez pośredników,,20,https://adresowo.pl/o/mieszkanie-bialystok-piasta-ul-boleslawa-chrobrego-3-pokojowe-c9l7f6,https://s2.adresowa.pl/oi/78/3d/40a784_7d23_cover@2x-3-pokojowe-mieszkanie-bialystok-piasta-ul-boleslawa-chrobrego.webp
Białystok,ul. Bohaterów Monte Cassino,3,48,409000,8521,Pośrednik,,11,https://adresowo.pl/o/mieszkanie-bialystok-ul-bohaterow-monte-cassino-3-pokojowe-p5v3l2,https://s2.adresowa.pl/oi/36/58/40efc2_e6f5_cover@2x-3-pokojowe-mieszkanie-bialystok-ul-bohaterow-monte-cassino.webp
Białystok Os. Młodych,ul. Gruntowa 5,2,38,406000,10684,Pośrednik,,10,https://adresowo.pl/o/mieszkanie-bialystok-os-mlodych-ul-gruntowa-2-pokojowe-j8m1l0,https://s2.adresowa.pl/oi/65/44/40e2ba_9459_cover@2x-2-pokojowe-mieszkanie-bialystok-os-mlodych-ul-gruntowa.webp
Białystok Dziesięciny,ul. Gajowa 62,3,60,439000,7317,bez pośredników,,8,https://adresowo.pl/o/mieszkanie-bialystok-dziesieciny-ul-gajowa-3-pokojowe-f8g4o8,https://s2.adresowa.pl/oi/25/43/40a738_b5e9_cover@2x-3-pokojowe-mieszkanie-bialystok-dziesieciny-ul-gajowa.webp
Białystok Piaski,ul. Mazowiecka,2,45,568500,12633,bez pośredników,,25,https://adresowo.pl/o/mieszkanie-bialystok-piaski-ul-mazowiecka-2-pokojowe-a1z8v5,https://s2.adresowa.pl/oi/77/39/40a710_47d5_cover@2x-2-pokojowe-mieszkanie-bialystok-piaski-ul-mazowiecka.webp
Białystok Dziesięciny,ul. Cedrowa,4,56,650000,11607,bez pośredników,,20,https://adresowo.pl/o/mieszkanie-bialystok-dziesieciny-ul-cedrowa-4-pokojowe-y1m7s5,https://s2.adresowa.pl/oi/15/71/409a66_c36e_cover@2x-4-pokojowe-mieszkanie-bialystok-dziesieciny-ul-cedrowa.webp
Białystok Wygoda,ul. Wasilkowska,4,58,359900,6205,Pośrednik,,10,https://adresowo.pl/o/mieszkanie-bialystok-wygoda-ul-wasilkowska-4-pokojowe-z9f1k4,https://s2.adresowa.pl/oi/14/1b/40e18e_3d05_cover@2x-4-pokojowe-mieszkanie-bialystok-wygoda-ul-wasilkowska.webp
Białystok Piasta,ul. Bolesława Chrobrego,3,51,429900,8429,Pośrednik,,11,https://adresowo.pl/o/mieszkanie-bialystok-piasta-ul-boleslawa-chrobrego-3-pokojowe-y2r1b1,https://s2.adresowa.pl/oi/3f/2e/40e18c_a319_cover@2x-3-pokojowe-mieszkanie-bialystok-piasta-ul-boleslawa-chrobrego.webp
Białystok Antoniuk,ul. Ukośna,3,48,369000,7688,bez pośredników,,10,https://adresowo.pl/o/mieszkanie-bialystok-antoniuk-ul-ukosna-3-pokojowe-u5c8a0,https://s2.adresowa.pl/oi/48/6e/409a5c_8871_cover@2x-3-pokojowe-mieszkanie-bialystok-antoniuk-ul-ukosna.webp
Białystok Piasta,ul. Skorupska,3,49,539000,11000,bez pośredników,,15,https://adresowo.pl/o/mieszkanie-bialystok-piasta-ul-skorupska-3-pokojowe-w3b7x3,https://s2.adresowa.pl/oi/25/6b/4099ba_a34e_cover@2x-3-pokojowe-mieszkanie-bialystok-piasta-ul-skorupska.webp
Białystok Sienkiewicza,ul. Ciepła,3,44,665000,15114,bez pośredników,,1,https://adresowo.pl/o/mieszkanie-bialystok-sienkiewicza-ul-ciepla-3-pokojowe-s1h6l4,https://s2.adresowa.pl/oi/1e/28/409852_a328_cover@2x-3-pokojowe-mieszkanie-bialystok-sienkiewicza-ul-ciepla.webp
Białystok,ul. Świętojańska,3,47,480000,10213,Pośrednik,,7,https://adresowo.pl/o/mieszkanie-bialystok-ul-swietojanska-3-pokojowe-w5n0j4,https://s2.adresowa.pl/oi/29/6a/40d364_3889_cover@2x-3-pokojowe-mieszkanie-bialystok-ul-swietojanska.webp
Białystok Antoniuk,ul. Zwycięstwa,4,80,1080000,13500,Pośrednik,,19,https://adresowo.pl/o/mieszkanie-bialystok-antoniuk-ul-zwyciestwa-4-pokojowe-b9y9w1,https://s2.adresowa.pl/oi/28/3d/40c8d0_3e8a_cover@2x-4-pokojowe-mieszkanie-bialystok-antoniuk-ul-zwyciestwa.webp
Białystok Dojlidy,ul. Żubrów,3,63,785000,12460,bez pośredników,,14,https://adresowo.pl/o/mieszkanie-bialystok-dojlidy-ul-zubrow-3-pokojowe-q1j4o2,https://s2.adresowa.pl/oi/22/1f/40984e_5bf6_cover@2x-3-pokojowe-mieszkanie-bialystok-dojlidy-ul-zubrow.webp
Białystok Leśna Dolina,ul. ks. Jerzego Popiełuszki,3,48,359000,7479,bez pośredników,,11,https://adresowo.pl/o/mieszkanie-bialystok-lesna-dolina-ul-ks-jerzego-popieluszki-3-pokojowe-v7k9j8,https://s2.adresowa.pl/oi/13/26/409406_5faf_cover@2x-3-pokojowe-mieszkanie-bialystok-lesna-dolina-ul-ks-jerzego-popieluszki.webp
Białystok,Słoneczny Stok,3,65,568500,8746,bez pośredników,,9,https://adresowo.pl/o/mieszkanie-bialystok-sloneczny-stok-3-pokojowe-65-m2-v2j1o3,https://s2.adresowa.pl/oi/4e/77/408dbc_b356_cover@2x-3-pokojowe-mieszkanie-bialystok-sloneczny-stok.webp
Białystok Piaski,ul. Jerzego Waszyngtona,4,61,619000,10148,Pośrednik,,9,https://adresowo.pl/o/mieszkanie-bialystok-piaski-ul-jerzego-waszyngtona-4-pokojowe-s9u8z3,https://s2.adresowa.pl/oi/5b/1b/40b62a_804f_cover@2x-4-pokojowe-mieszkanie-bialystok-piaski-ul-jerzego-waszyngtona.webp
Białystok Wygoda,ul. 42 Pułku Piechoty,2,41,499000,12171,Pośrednik,,10,https://adresowo.pl/o/mieszkanie-bialystok-wygoda-ul-42-pulku-piechoty-2-pokojowe-z4d6u9,https://s2.adresowa.pl/oi/35/3b/40a0c0_ce19_cover@2x-2-pokojowe-mieszkanie-bialystok-wygoda-ul-42-pulku-piechoty.webp
Białystok Wysoki Stoczek,ul. Swobodna,3,60,470000,7833,bez pośredników,,8,https://adresowo.pl/o/mieszkanie-bialystok-wysoki-stoczek-ul-swobodna-3-pokojowe-a7c2h2,https://s2.adresowa.pl/oi/7f/4c/408944_6279_cover@2x-3-pokojowe-mieszkanie-bialystok-wysoki-stoczek-ul-swobodna.webp
Białystok Antoniuk,ul. Juliana Tuwima,1,28,280000,10000,bez pośredników,,14,https://adresowo.pl/o/mieszkanie-bialystok-antoniuk-ul-juliana-tuwima-1-pokoj-i9n9m7,https://s2.adresowa.pl/oi/51/39/4086f8_cc26_cover@2x-1-pokojowe-mieszkanie-bialystok-antoniuk-ul-juliana-tuwima.webp
Białystok Dziesięciny,ul. Zagórna,3,37,449000,12135,bez pośredników,,5,https://adresowo.pl/o/mieszkanie-bialystok-dziesieciny-ul-zagorna-3-pokojowe-r7t9v3,https://s2.adresowa.pl/oi/11/18/408306_ec99_cover@2x-3-pokojowe-mieszkanie-bialystok-dziesieciny-ul-zagorna.webp
Białystok,Bagnówka,3,62,634000,10226,Pośrednik,,18,https://adresowo.pl/o/mieszkanie-bialystok-bagnowka-3-pokojowe-62-m2-n8l3u3,https://s2.adresowa.pl/oi/1a/25/408dd6_a35d_cover@2x-3-pokojowe-mieszkanie-bialystok-bagnowka.webp
Białystok Starosielce,ul. Ateńska 3,3,50,499000,9980,Pośrednik,,14,https://adresowo.pl/o/mieszkanie-bialystok-starosielce-ul-atenska-3-pokojowe-a0z7i5,https://s2.adresowa.pl/oi/64/18/407fc0_28d7_cover@2x-3-pokojowe-mieszkanie-bialystok-starosielce-ul-atenska.webp
Białystok Centrum,ul. Jerzego Waszyngtona,2,32,325000,10156,bez pośredników,,6,https://adresowo.pl/o/mieszkanie-bialystok-centrum-ul-jerzego-waszyngtona-2-pokojowe-g0m0c9,https://s2.adresowa.pl/oi/6a/28/407cfa_a7b7_cover@2x-2-pokojowe-mieszkanie-bialystok-centrum-ul-jerzego-waszyngtona.webp
Białystok Antoniuk,ul. Antoniukowska,2,45,585000,13000,bez pośredników,,8,https://adresowo.pl/o/mieszkanie-bialystok-antoniuk-ul-antoniukowska-2-pokojowe-r9z9d7,https://s2.adresowa.pl/oi/12/35/407cb4_3149_cover@2x-2-pokojowe-mieszkanie-bialystok-antoniuk-ul-antoniukowska.webp
Białystok Zawady,ul. Atłasowa,4,62,645000,10403,bez pośredników,,10,https://adresowo.pl/o/mieszkanie-bialystok-zawady-ul-atlasowa-4-pokojowe-s9d9u0,https://s2.adresowa.pl/oi/18/5d/4076e8_d694_cover@2x-4-pokojowe-mieszkanie-bialystok-zawady-ul-atlasowa.webp
Białystok Starosielce,ul. Ateńskiej 3,3,47,469000,9979,Pośrednik,,13,https://adresowo.pl/o/mieszkanie-bialystok-starosielce-ul-atenskiej-3-pokojowe-h7b9s9,https://s2.adresowa.pl/oi/37/51/407fbc_6687_cover@2x-3-pokojowe-mieszkanie-bialystok-starosielce-ul-atenskiej.webp
Białystok Nowe Miasto,ul. Świętego Jerzego,3,60,519000,8650,Pośrednik,,13,https://adresowo.pl/o/mieszkanie-bialystok-nowe-miasto-ul-swietego-jerzego-3-pokojowe-r5q2x3,https://s2.adresowa.pl/oi/39/2b/404e68_9a40_cover@2x-3-pokojowe-mieszkanie-bialystok-nowe-miasto-ul-swietego-jerzego.webp
Białystok Bojary,ul. Słonimska,4,88,885000,10057,bez pośredników,,18,https://adresowo.pl/o/mieszkanie-bialystok-bojary-ul-slonimska-4-pokojowe-d9v6i2,https://s2.adresowa.pl/oi/49/4f/4074de_a61d_cover@2x-4-pokojowe-mieszkanie-bialystok-bojary-ul-slonimska.webp
Białystok Piaski,ul. Marii Skłodowskiej-Curie,2,34,459000,13500,bez pośredników,,8,https://adresowo.pl/o/mieszkanie-bialystok-piaski-ul-marii-sklodowskiej-curie-2-pokojowe-x1d9l2,https://s2.adresowa.pl/oi/16/2f/4073f4_b3f6_cover@2x-2-pokojowe-mieszkanie-bialystok-piaski-ul-marii-sklodowskiej-curie.webp
Białystok Słoneczny Stok,ul. Wincentego Witosa,2,48,438000,9125,bez pośredników,,13,https://adresowo.pl/o/mieszkanie-bialystok-sloneczny-stok-ul-wincentego-witosa-2-pokojowe-t3w8a8,https://s2.adresowa.pl/oi/13/40/406394_b8ab_cover@2x-2-pokojowe-mieszkanie-bialystok-sloneczny-stok-ul-wincentego-witosa.webp
Białystok Antoniuk,ul. Władysława Broniewskiego,4,54,570000,10556,Pośrednik,,12,https://adresowo.pl/o/mieszkanie-bialystok-antoniuk-ul-wladyslawa-broniewskiego-4-pokojowe-o3j3d1,https://s2.adresowa.pl/oi/6d/21/3ff786_cc04_cover@2x-4-pokojowe-mieszkanie-bialystok-antoniuk-ul-wladyslawa-broniewskiego.webp
Białystok Wygoda,ul. 42 Pułku Piechoty 72D,4,65,799000,12292,Pośrednik,,17,https://adresowo.pl/o/mieszkanie-bialystok-wygoda-ul-42-pulku-piechoty-4-pokojowe-y5s4h3,https://s2.adresowa.pl/oi/72/1e/3fea74_27e1_cover@2x-4-pokojowe-mieszkanie-bialystok-wygoda-ul-42-pulku-piechoty.webp
Białystok Wygoda,ul. Romualda Traugutta,2,38,330000,8684,bez pośredników,,3,https://adresowo.pl/o/mieszkanie-bialystok-wygoda-ul-romualda-traugutta-2-pokojowe-n8q5q9,https://s2.adresowa.pl/oi/79/76/406280_c3e1_cover@2x-2-pokojowe-mieszkanie-bialystok-wygoda-ul-romualda-traugutta.webp
Białystok Dziesięciny,ul. Palmowa,2,33,369000,11182,bez pośredników,,14,https://adresowo.pl/o/mieszkanie-bialystok-dziesieciny-ul-palmowa-2-pokojowe-r7d5l2,https://s2.adresowa.pl/oi/7a/7e/4060fc_fbf6_cover@2x-2-pokojowe-mieszkanie-bialystok-dziesieciny-ul-palmowa.webp
Białystok Nowe Miasto,ul. Wiejska,4,57,510000,8947,bez pośredników,,26,https://adresowo.pl/o/mieszkanie-bialystok-nowe-miasto-ul-wiejska-4-pokojowe-r1w8p7,https://s2.adresowa.pl/oi/5d/36/405e82_cdea_cover@2x-4-pokojowe-mieszkanie-bialystok-nowe-miasto-ul-wiejska.webp
Białystok Wysoki Stoczek,ul. Łagodna,3,48,379000,7896,Pośrednik,,10,https://adresowo.pl/o/mieszkanie-bialystok-wysoki-stoczek-ul-lagodna-3-pokojowe-p4i7i0,https://s2.adresowa.pl/oi/32/55/3f4c36_839b_cover@2x-3-pokojowe-mieszkanie-bialystok-wysoki-stoczek-ul-lagodna.webp
Białystok Dziesięciny,ul. Gajowa,3,48,525000,10938,Pośrednik,,3,https://adresowo.pl/o/mieszkanie-bialystok-dziesieciny-ul-gajowa-3-pokojowe-o4t4k4,https://s2.adresowa.pl/oi/2a/19/3f342a_710c_cover@2x-3-pokojowe-mieszkanie-bialystok-dziesieciny-ul-gajowa.webp
Białystok Centrum,ul. Józefa Marjańskiego 3,3,77,805000,10455,bez pośredników,,25,https://adresowo.pl/o/mieszkanie-bialystok-centrum-ul-jozefa-marjanskiego-3-pokojowe-i7k8e2,https://s2.adresowa.pl/oi/3d/12/39765e_4743_cover@2x-3-pokojowe-mieszkanie-bialystok-centrum-ul-jozefa-marjanskiego.webp
Białystok Antoniuk,ul. Wierzbowa,2,45,659000,14644,bez pośredników,,13,https://adresowo.pl/o/mieszkanie-bialystok-antoniuk-ul-wierzbowa-2-pokojowe-o4i9q7,https://s2.adresowa.pl/oi/11/24/405768_76b9_cover@2x-2-pokojowe-mieszkanie-bialystok-antoniuk-ul-wierzbowa.webp
Białystok Antoniuk,ul. Władysława Broniewskiego,3,54,405000,7500,bez pośredników,,13,https://adresowo.pl/o/mieszkanie-bialystok-antoniuk-ul-wladyslawa-broniewskiego-3-pokojowe-f9m9k0,https://s2.adresowa.pl/oi/1e/43/405310_84d3_cover@2x-3-pokojowe-mieszkanie-bialystok-antoniuk-ul-wladyslawa-broniewskiego.webp
Białystok Os. Młodych,ul. Prowiantowa,3,52,690000,13269,bez pośredników,,13,https://adresowo.pl/o/mieszkanie-bialystok-os-mlodych-ul-prowiantowa-3-pokojowe-m2e1q7,https://s2.adresowa.pl/oi/24/30/404e7e_c6b8_cover@2x-3-pokojowe-mieszkanie-bialystok-os-mlodych-ul-prowiantowa.webp
Białystok Sienkiewicza,ul. Nowogródzka,3,53,639000,12057,Pośrednik,,13,https://adresowo.pl/o/mieszkanie-bialystok-sienkiewicza-ul-nowogrodzka-3-pokojowe-d9u3k5,https://s2.adresowa.pl/oi/41/61/3f32ea_7dd2_cover@2x-3-pokojowe-mieszkanie-bialystok-sienkiewicza-ul-nowogrodzka.webp
Białystok Jaroszówka,ul. Jaroszówka,4,87,779000,8954,Pośrednik,,15,https://adresowo.pl/o/mieszkanie-bialystok-jaroszowka-ul-jaroszowka-4-pokojowe-o1b1i7,https://s2.adresowa.pl/oi/70/66/3f3286_5229_cover@2x-4-pokojowe-mieszkanie-bialystok-jaroszowka-ul-jaroszowka.webp
Białystok Dziesięciny,ul. Gajowa,2,45,442000,9822,bez pośredników,,9,https://adresowo.pl/o/mieszkanie-bialystok-dziesieciny-ul-gajowa-2-pokojowe-h2v3f2,https://s2.adresowa.pl/oi/4b/1f/404948_e635_cover@2x-2-pokojowe-mieszkanie-bialystok-dziesieciny-ul-gajowa.webp
Białystok Dojlidy,ul. Plażowa,3,68,780000,11471,bez pośredników,,8,https://adresowo.pl/o/mieszkanie-bialystok-dojlidy-ul-plazowa-3-pokojowe-p5s8w5,https://s2.adresowa.pl/oi/17/6c/404892_feaa_cover@2x-3-pokojowe-mieszkanie-bialystok-dojlidy-ul-plazowa.webp
Białystok Zielone Wzgórza,ul. Lawendowa,2,51,465000,9118,bez pośredników,,8,https://adresowo.pl/o/mieszkanie-bialystok-zielone-wzgorza-ul-lawendowa-2-pokojowe-o8i7z5,https://s2.adresowa.pl/oi/17/63/4046d8_b7bb_cover@2x-2-pokojowe-mieszkanie-bialystok-zielone-wzgorza-ul-lawendowa.webp
Białystok Bojary,ul. Józefa Ignacego Kraszewskiego 45B,2,32,519000,16219,Pośrednik,,21,https://adresowo.pl/o/mieszkanie-bialystok-bojary-ul-jozefa-ignacego-kraszewskiego-2-pokojowe-x6v3o3,https://s2.adresowa.pl/oi/6a/6f/3f20ce_d57d_cover@2x-2-pokojowe-mieszkanie-bialystok-bojary-ul-jozefa-ignacego-kraszewskiego.webp
Białystok Centrum,ul. Proletariacka,2,49,385000,7857,Pośrednik,,9,https://adresowo.pl/o/mieszkanie-bialystok-centrum-ul-proletariacka-2-pokojowe-l0u8v4,https://s2.adresowa.pl/oi/43/79/3f051e_54b6_cover@2x-2-pokojowe-mieszkanie-bialystok-centrum-ul-proletariacka.webp
Białystok Nowe Miasto,ul. Transportowa,3,56,682000,12179,bez pośredników,,8,https://adresowo.pl/o/mieszkanie-bialystok-nowe-miasto-ul-transportowa-3-pokojowe-f1e4b1,https://s2.adresowa.pl/oi/70/7f/404368_8b8c_cover@2x-3-pokojowe-mieszkanie-bialystok-nowe-miasto-ul-transportowa.webp
Białystok Antoniuk,ul. Antoniukowska,2,41,490000,11951,bez pośredników,,10,https://adresowo.pl/o/mieszkanie-bialystok-antoniuk-ul-antoniukowska-2-pokojowe-s9n6g2,https://s2.adresowa.pl/oi/76/5c/40432c_7e0e_cover@2x-2-pokojowe-mieszkanie-bialystok-antoniuk-ul-antoniukowska.webp
Białystok Piaski,ul. Jerzego Waszyngtona,1,24,366000,15250,bez pośredników,,12,https://adresowo.pl/o/mieszkanie-bialystok-piaski-ul-jerzego-waszyngtona-1-pokoj-r5x2r8,https://s2.adresowa.pl/oi/6a/74/4039ec_be78_cover@2x-1-pokojowe-mieszkanie-bialystok-piaski-ul-jerzego-waszyngtona.webp
Białystok Dziesięciny,ul. Leszczynowa,2,45,650000,14444,Pośrednik,,20,https://adresowo.pl/o/mieszkanie-bialystok-dziesieciny-ul-leszczynowa-2-pokojowe-c5y9j1,https://s2.adresowa.pl/oi/29/37/3eb29c_568a_cover@2x-2-pokojowe-mieszkanie-bialystok-dziesieciny-ul-leszczynowa.webp
Białystok Antoniuk,ul. Wierzbowa,2,41,355000,8659,Pośrednik,,9,https://adresowo.pl/o/mieszkanie-bialystok-antoniuk-ul-wierzbowa-2-pokojowe-u8o3c7,https://s2.adresowa.pl/oi/6b/2f/3e95d6_6aba_cover@2x-2-pokojowe-mieszkanie-bialystok-antoniuk-ul-wierzbowa.webp
Białystok Piasta,ul. Piastowska,2,37,zapytaj,,bez pośredników,,1,https://adresowo.pl/o/mieszkanie-bialystok-piasta-ul-piastowska-2-pokojowe-y9l6i1,https://s2.adresowa.pl/oi/20/38/403892_8691_cover@2x-2-pokojowe-mieszkanie-bialystok-piasta-ul-piastowska.webp
Białystok Antoniuk Fabryczny,ul. Antoniukowska,3,48,429000,8938,bez pośredników,,8,https://adresowo.pl/o/mieszkanie-bialystok-antoniuk-fabryczny-ul-antoniukowska-3-pokojowe-i6k9c5,https://s2.adresowa.pl/oi/5e/30/403758_2e6a_cover@2x-3-pokojowe-mieszkanie-bialystok-antoniuk-fabryczny-ul-antoniukowska.webp
Białystok,ul. Piastowska,2,32,365000,11406,bez pośredników,,12,https://adresowo.pl/o/mieszkanie-bialystok-ul-piastowska-2-pokojowe-f3b5e8,https://s2.adresowa.pl/oi/4a/24/402d00_bc0f_cover@2x-2-pokojowe-mieszkanie-bialystok-ul-piastowska.webp
Białystok Wysoki Stoczek,al. Jana Pawła II,2,44,330000,7500,Pośrednik,,10,https://adresowo.pl/o/mieszkanie-bialystok-wysoki-stoczek-al-jana-pawla-ii-2-pokojowe-d1d4c0,https://s2.adresowa.pl/oi/75/79/3e95c8_53b1_cover@2x-2-pokojowe-mieszkanie-bialystok-wysoki-stoczek-al-jana-pawla-ii.webp
Białystok,ul. Jana Kochanowskiego,3,58,749000,12914,Pośrednik,,11,https://adresowo.pl/o/mieszkanie-bialystok-ul-jana-kochanowskiego-3-pokojowe-g1h6m1,https://s2.adresowa.pl/oi/71/16/3e8200_2bb1_cover@2x-3-pokojowe-mieszkanie-bialystok-ul-jana-kochanowskiego.webp
Białystok Dziesięciny,ul. Gajowa,3,59,459000,7780,bez pośredników,,11,https://adresowo.pl/o/mieszkanie-bialystok-dziesieciny-ul-gajowa-3-pokojowe-x9g7n1,https://s2.adresowa.pl/oi/39/19/40283e_bc85_cover@2x-3-pokojowe-mieszkanie-bialystok-dziesieciny-ul-gajowa.webp
Białystok Wygoda,ul. 42 Pułku Piechoty,3,59,580000,9831,bez pośredników,,2,https://adresowo.pl/o/mieszkanie-bialystok-wygoda-ul-42-pulku-piechoty-3-pokojowe-h0z3b4,https://s2.adresowa.pl/oi/11/12/402402_9a7f_cover@2x-3-pokojowe-mieszkanie-bialystok-wygoda-ul-42-pulku-piechoty.webp
Białystok Centrum,al. Józefa Piłsudskiego,1,36,420000,11667,bez pośredników,,7,https://adresowo.pl/o/mieszkanie-bialystok-centrum-al-jozefa-pilsudskiego-1-pokoj-t5j4p0,https://s2.adresowa.pl/oi/40/33/400b84_ebdc_cover@2x-1-pokojowe-mieszkanie-bialystok-centrum-al-jozefa-pilsudskiego.webp
Białystok Leśna Dolina,skwer Armii Krajowej,2,52,366790,7054,Pośrednik,,20,https://adresowo.pl/o/mieszkanie-bialystok-lesna-dolina-skwer-armii-krajowej-2-pokojowe-u3c5l3,https://s2.adresowa.pl/oi/11/57/3e2f5c_af7a_cover@2x-2-pokojowe-mieszkanie-bialystok-lesna-dolina-skwer-armii-krajowej.webp
Białystok,ul. Hetmańska,3,52,579990,11154,Pośrednik,,11,https://adresowo.pl/o/mieszkanie-bialystok-ul-hetmanska-3-pokojowe-r9i8f2,https://s2.adresowa.pl/oi/32/2b/3d80b8_32f3_cover@2x-3-pokojowe-mieszkanie-bialystok-ul-hetmanska.webp
Białystok Białostoczek,ul. Białostoczek,4,84,789000,9393,bez pośredników,,20,https://adresowo.pl/o/mieszkanie-bialystok-bialostoczek-ul-bialostoczek-4-pokojowe-k6o6g1,https://s2.adresowa.pl/oi/5b/71/400b82_6489_cover@2x-4-pokojowe-mieszkanie-bialystok-bialostoczek-ul-bialostoczek.webp
Białystok,Wysoki Stoczek,3,58,510000,8793,bez pośredników,,8,https://adresowo.pl/o/mieszkanie-bialystok-wysoki-stoczek-3-pokojowe-58-m2-i4x4k3,https://s2.adresowa.pl/oi/70/59/400800_91b1_cover@2x-3-pokojowe-mieszkanie-bialystok-wysoki-stoczek.webp
Białystok,Antoniuk,1,29,320000,11034,bez pośredników,,7,https://adresowo.pl/o/mieszkanie-bialystok-antoniuk-1-pokoj-29-m2-i9v4m8,https://s2.adresowa.pl/oi/51/7b/400378_9b11_cover@2x-1-pokojowe-mieszkanie-bialystok-antoniuk.webp
Białystok,ul. Artura Grottgera,3,64,689000,10766,Pośrednik,,12,https://adresowo.pl/o/mieszkanie-bialystok-ul-artura-grottgera-3-pokojowe-r1f3c0,https://s2.adresowa.pl/oi/52/17/3d6b22_90a8_cover@2x-3-pokojowe-mieszkanie-bialystok-ul-artura-grottgera.webp
Białystok,ul. Wierzbowa,2,37,405900,10970,Pośrednik,,9,https://adresowo.pl/o/mieszkanie-bialystok-ul-wierzbowa-2-pokojowe-w2a1d4,https://s2.adresowa.pl/oi/40/39/3d38f6_5b67_cover@2x-2-pokojowe-mieszkanie-bialystok-ul-wierzbowa.webp
Białystok Zawady,ul. Mroźna,2,32,469000,14656,bez pośredników,,16,https://adresowo.pl/o/mieszkanie-bialystok-zawady-ul-mrozna-2-pokojowe-d5n6h8,https://s2.adresowa.pl/oi/61/6f/3ffe0a_7204_cover@2x-2-pokojowe-mieszkanie-bialystok-zawady-ul-mrozna.webp
Białystok Sienkiewicza,ul. Ciepła,3,45,425000,9444,bez pośredników,,13,https://adresowo.pl/o/mieszkanie-bialystok-sienkiewicza-ul-ciepla-3-pokojowe-j1f0b5,https://s2.adresowa.pl/oi/23/37/3ffd76_594a_cover@2x-3-pokojowe-mieszkanie-bialystok-sienkiewicza-ul-ciepla.webp
Białystok Nowe Miasto,ul. Kręta,4,108,935000,8657,bez pośredników,,17,https://adresowo.pl/o/mieszkanie-bialystok-nowe-miasto-ul-kreta-4-pokojowe-x5w2k3,https://s2.adresowa.pl/oi/5e/6e/3ff592_59a0_cover@2x-4-pokojowe-mieszkanie-bialystok-nowe-miasto-ul-kreta.webp
Białystok Centrum,ul. Icchoka Malmeda,2,43,539000,12535,Pośrednik,,17,https://adresowo.pl/o/mieszkanie-bialystok-centrum-ul-icchoka-malmeda-2-pokojowe-e7i9x9,https://s2.adresowa.pl/oi/1f/26/3d38e8_7923_cover@2x-2-pokojowe-mieszkanie-bialystok-centrum-ul-icchoka-malmeda.webp
Białystok Centrum,ul. Czysta,2,35,464900,13283,Pośrednik,,18,https://adresowo.pl/o/mieszkanie-bialystok-centrum-ul-czysta-2-pokojowe-l7o0j6,https://s2.adresowa.pl/oi/4a/2e/3d293e_629a_cover@2x-2-pokojowe-mieszkanie-bialystok-centrum-ul-czysta.webp
Białystok,ul. Młynowa,3,62,899000,14500,bez pośredników,,17,https://adresowo.pl/o/mieszkanie-bialystok-ul-mlynowa-3-pokojowe-d0d7i6,https://s2.adresowa.pl/oi/15/52/3ff56c_8d8f_cover@2x-3-pokojowe-mieszkanie-bialystok-ul-mlynowa.webp
Białystok Dziesięciny,ul. Zagórna,2,32,399000,12469,bez pośredników,,15,https://adresowo.pl/o/mieszkanie-bialystok-dziesieciny-ul-zagorna-2-pokojowe-f0l3a0,https://s2.adresowa.pl/oi/3e/67/3ff20e_3e23_cover@2x-2-pokojowe-mieszkanie-bialystok-dziesieciny-ul-zagorna.webp
Białystok Skorupy,ul. Pomorska,4,67,839900,12536,bez pośredników,,20,https://adresowo.pl/o/mieszkanie-bialystok-skorupy-ul-pomorska-4-pokojowe-v7h1z6,https://s2.adresowa.pl/oi/61/3d/3fed9e_d699_cover@2x-4-pokojowe-mieszkanie-bialystok-skorupy-ul-pomorska.webp
Białystok,Bojary,4,90,899000,9989,Pośrednik,,20,https://adresowo.pl/o/mieszkanie-bialystok-bojary-4-pokojowe-90-m2-v3a8f7,https://s2.adresowa.pl/oi/24/37/3ceaa6_27f3_cover@2x-4-pokojowe-mieszkanie-bialystok-bojary.webp
Białystok,ul. Świętojańska,3,45,539000,11978,Pośrednik,,32,https://adresowo.pl/o/mieszkanie-bialystok-ul-swietojanska-3-pokojowe-e8p9q1,https://s2.adresowa.pl/oi/68/2e/3cea9c_f74a_cover@2x-3-pokojowe-mieszkanie-bialystok-ul-swietojanska.webp
Białystok Antoniuk,ul. Antoniukowska,2,38,498000,13105,bez pośredników,,11,https://adresowo.pl/o/mieszkanie-bialystok-antoniuk-ul-antoniukowska-2-pokojowe-x4z6x6,https://s2.adresowa.pl/oi/50/5b/3fec3a_639d_cover@2x-2-pokojowe-mieszkanie-bialystok-antoniuk-ul-antoniukowska.webp
Białystok,ul. gen. Józefa Bema,4,62,599000,9661,bez pośredników,,8,https://adresowo.pl/o/mieszkanie-bialystok-ul-gen-jozefa-bema-4-pokojowe-o0z7c1,https://s2.adresowa.pl/oi/37/3e/3fe910_5cbc_cover@2x-4-pokojowe-mieszkanie-bialystok-ul-gen-jozefa-bema.webp
Białystok Nowe Miasto,ul. Kazimierza Pułaskiego,3,53,515000,9717,bez pośredników,,10,https://adresowo.pl/o/mieszkanie-bialystok-nowe-miasto-ul-kazimierza-pulaskiego-3-pokojowe-e7e6d3,https://s2.adresowa.pl/oi/1a/30/3fdaa4_5097_cover@2x-3-pokojowe-mieszkanie-bialystok-nowe-miasto-ul-kazimierza-pulaskiego.webp
Białystok Piaski,ul. Bułgarska,3,48,409000,8521,Pośrednik,,16,https://adresowo.pl/o/mieszkanie-bialystok-piaski-ul-bulgarska-3-pokojowe-n0n4p7,https://s2.adresowa.pl/oi/29/1a/3cd262_f56f_cover@2x-3-pokojowe-mieszkanie-bialystok-piaski-ul-bulgarska.webp
Białystok,ul. gen. Józefa Bema,4,48,514999,10729,Pośrednik,,16,https://adresowo.pl/o/mieszkanie-bialystok-ul-gen-jozefa-bema-4-pokojowe-t4d9m5,https://s2.adresowa.pl/oi/40/6e/3ca95c_eaf7_cover@2x-4-pokojowe-mieszkanie-bialystok-ul-gen-jozefa-bema.webp
Białystok Nowe Miasto,ul. Krucza,2,51,489000,9588,bez pośredników,,10,https://adresowo.pl/o/mieszkanie-bialystok-nowe-miasto-ul-krucza-2-pokojowe-f4c3a6,https://s2.adresowa.pl/oi/6c/3a/3fda2e_a380_cover@2x-2-pokojowe-mieszkanie-bialystok-nowe-miasto-ul-krucza.webp
Białystok,ul. Zachodnia,2,43,469000,10907,bez pośredników,,4,https://adresowo.pl/o/mieszkanie-bialystok-ul-zachodnia-2-pokojowe-b1b8y4,https://s2.adresowa.pl/oi/2b/32/3fd420_4ff1_cover@2x-2-pokojowe-mieszkanie-bialystok-ul-zachodnia.webp
Białystok Wysoki Stoczek,ul. Rzemieślnicza,1,23,300000,13043,bez pośredników,,7,https://adresowo.pl/o/mieszkanie-bialystok-wysoki-stoczek-ul-rzemieslnicza-1-pokoj-s3b5c3,https://s2.adresowa.pl/oi/69/4b/3fcc20_b728_cover@2x-1-pokojowe-mieszkanie-bialystok-wysoki-stoczek-ul-rzemieslnicza.webp
Białystok Starosielce,ul. Klepacka,3,48,499000,10396,Pośrednik,,9,https://adresowo.pl/o/mieszkanie-bialystok-starosielce-ul-klepacka-3-pokojowe-p4y6y6,https://s2.adresowa.pl/oi/49/35/3ca594_a4d9_cover@2x-3-pokojowe-mieszkanie-bialystok-starosielce-ul-klepacka.webp
Białystok Starosielce,ul. Klepacka,3,52,435000,8365,Pośrednik,,10,https://adresowo.pl/o/mieszkanie-bialystok-starosielce-ul-klepacka-3-pokojowe-e4q9h9,https://s2.adresowa.pl/oi/32/6f/3ca580_e047_cover@2x-3-pokojowe-mieszkanie-bialystok-starosielce-ul-klepacka.webp
Białystok Centrum,ul. Żytnia,2,32,425000,13281,bez pośredników,,9,https://adresowo.pl/o/mieszkanie-bialystok-centrum-ul-zytnia-2-pokojowe-y5q4j7,https://s2.adresowa.pl/oi/55/58/3fca14_a1b7_cover@2x-2-pokojowe-mieszkanie-bialystok-centrum-ul-zytnia.webp
Białystok Antoniuk,ul. Ukośna,4,57,500000,8772,bez pośredników,,12,https://adresowo.pl/o/mieszkanie-bialystok-antoniuk-ul-ukosna-4-pokojowe-i8b8n2,https://s2.adresowa.pl/oi/41/49/3fc8c0_fae2_cover@2x-4-pokojowe-mieszkanie-bialystok-antoniuk-ul-ukosna.webp
Białystok Dziesięciny,ul. Leszczynowa,3,60,479000,7983,bez pośredników,,8,https://adresowo.pl/o/mieszkanie-bialystok-dziesieciny-ul-leszczynowa-3-pokojowe-u6e6k5,https://s2.adresowa.pl/oi/22/4f/3fc4aa_bc7c_cover@2x-3-pokojowe-mieszkanie-bialystok-dziesieciny-ul-leszczynowa.webp
Białystok Piaski,ul. Wesoła,2,38,320000,8421,Pośrednik,,6,https://adresowo.pl/o/mieszkanie-bialystok-piaski-ul-wesola-2-pokojowe-v2v8g4,https://s2.adresowa.pl/oi/74/5d/3c9266_51a9_cover@2x-2-pokojowe-mieszkanie-bialystok-piaski-ul-wesola.webp
Białystok Piasta,ul. Warszawska 109,3,55,900000,16364,Pośrednik,,19,https://adresowo.pl/o/mieszkanie-bialystok-piasta-ul-warszawska-3-pokojowe-y1u2q9,https://s2.adresowa.pl/oi/43/17/3c7d42_a4f4_cover@2x-3-pokojowe-mieszkanie-bialystok-piasta-ul-warszawska.webp
Białystok Słoneczny Stok,ul. Skrajna,3,60,569000,9483,bez pośredników,,8,https://adresowo.pl/o/mieszkanie-bialystok-sloneczny-stok-ul-skrajna-3-pokojowe-v4a4y3,https://s2.adresowa.pl/oi/2b/5e/3fadfc_6ac2_cover@2x-3-pokojowe-mieszkanie-bialystok-sloneczny-stok-ul-skrajna.webp
Białystok Nowe Miasto,ul. Kręta,2,39,549000,14077,bez pośredników,,9,https://adresowo.pl/o/mieszkanie-bialystok-nowe-miasto-ul-kreta-2-pokojowe-u6f3q5,https://s2.adresowa.pl/oi/26/28/3fac2c_3222_cover@2x-2-pokojowe-mieszkanie-bialystok-nowe-miasto-ul-kreta.webp
Białystok,Dziesięciny,2,48,500000,10417,bez pośredników,,8,https://adresowo.pl/o/mieszkanie-bialystok-dziesieciny-2-pokojowe-48-m2-q3c7a6,https://s2.adresowa.pl/oi/6a/24/3fa83a_3191_cover@2x-2-pokojowe-mieszkanie-bialystok-dziesieciny.webp
Białystok Centrum,ul. Modlińska,4,107,845000,7897,Pośrednik,,16,https://adresowo.pl/o/mieszkanie-bialystok-centrum-ul-modlinska-4-pokojowe-x4v7o9,https://s2.adresowa.pl/oi/5e/41/3a7328_b2e4_cover@2x-4-pokojowe-mieszkanie-bialystok-centrum-ul-modlinska.webp
Białystok Antoniuk,ul. Choroszczańska,3,64,860000,13438,Pośrednik,,20,https://adresowo.pl/o/mieszkanie-bialystok-antoniuk-ul-choroszczanska-3-pokojowe-m4l9b4,https://s2.adresowa.pl/oi/5b/6f/3a45c0_7c1d_cover@2x-3-pokojowe-mieszkanie-bialystok-antoniuk-ul-choroszczanska.webp
Białystok Centrum,ul. Młynowa,3,71,1066393,15020,bez pośredników,,2,https://adresowo.pl/o/mieszkanie-bialystok-centrum-ul-mlynowa-3-pokojowe-u9q2m6,https://s2.adresowa.pl/oi/35/3b/3fa38e_a92e_cover@2x-3-pokojowe-mieszkanie-bialystok-centrum-ul-mlynowa.webp
Białystok Piaski,ul. Jerzego Waszyngtona,1,25,335000,13400,bez pośredników,,7,https://adresowo.pl/o/mieszkanie-bialystok-piaski-ul-jerzego-waszyngtona-1-pokoj-v4k5b5,https://s2.adresowa.pl/oi/5b/28/3fa13c_52f1_cover@2x-1-pokojowe-mieszkanie-bialystok-piaski-ul-jerzego-waszyngtona.webp
Białystok Dziesięciny,ul. Palmowa,2,37,439000,11865,bez pośredników,,11,https://adresowo.pl/o/mieszkanie-bialystok-dziesieciny-ul-palmowa-2-pokojowe-k0g1r9,https://s2.adresowa.pl/oi/4c/1d/3f9998_f4ca_cover@2x-2-pokojowe-mieszkanie-bialystok-dziesieciny-ul-palmowa.webp
Białystok Centrum,ul. Piotrkowska,2,55,460000,8364,Pośrednik,,16,https://adresowo.pl/o/mieszkanie-bialystok-centrum-ul-piotrkowska-2-pokojowe-x2s2x8,https://s2.adresowa.pl/oi/2c/16/3a45b4_f282_cover@2x-2-pokojowe-mieszkanie-bialystok-centrum-ul-piotrkowska.webp
Białystok Sienkiewicza,ul. Ciepła 38,3,46,695000,15109,Pośrednik,,16,https://adresowo.pl/o/mieszkanie-bialystok-sienkiewicza-ul-ciepla-3-pokojowe-l8v6d0,https://s2.adresowa.pl/oi/41/25/3a45ac_353b_cover@2x-3-pokojowe-mieszkanie-bialystok-sienkiewicza-ul-ciepla.webp
Białystok Białostoczek,ul. Olsztyńska,3,48,580000,12083,bez pośredników,,9,https://adresowo.pl/o/mieszkanie-bialystok-bialostoczek-ul-olsztynska-3-pokojowe-p5n9l0,https://s2.adresowa.pl/oi/75/62/3f9330_7275_cover@2x-3-pokojowe-mieszkanie-bialystok-bialostoczek-ul-olsztynska.webp
Białystok Piasta,ul. Piastowska,4,61,533000,8738,bez pośredników,,22,https://adresowo.pl/o/mieszkanie-bialystok-piasta-ul-piastowska-4-pokojowe-b9g9p5,https://s2.adresowa.pl/oi/6d/6e/3f905c_ab48_cover@2x-4-pokojowe-mieszkanie-bialystok-piasta-ul-piastowska.webp
Białystok Centrum,ul. Sukienna,3,52,445000,8558,bez pośredników,,8,https://adresowo.pl/o/mieszkanie-bialystok-centrum-ul-sukienna-3-pokojowe-d9q4w1,https://s2.adresowa.pl/oi/37/3f/3f8f18_8e37_cover@2x-3-pokojowe-mieszkanie-bialystok-centrum-ul-sukienna.webp
Białystok Białostoczek,ul. Władysława Bełzy,2,41,460000,11220,Pośrednik,,12,https://adresowo.pl/o/mieszkanie-bialystok-bialostoczek-ul-wladyslawa-belzy-2-pokojowe-t7u2z6,https://s2.adresowa.pl/oi/18/20/3a45a6_2c44_cover@2x-2-pokojowe-mieszkanie-bialystok-bialostoczek-ul-wladyslawa-belzy.webp
Białystok Centrum,ul. Ciepła,3,44,665000,15114,Pośrednik,,21,https://adresowo.pl/o/mieszkanie-bialystok-centrum-ul-ciepla-3-pokojowe-i9w1u5,https://s2.adresowa.pl/oi/58/66/3a4592_b760_cover@2x-3-pokojowe-mieszkanie-bialystok-centrum-ul-ciepla.webp
Białystok Zielone Wzgórza,ul. Lawendowa,3,63,499000,7921,bez pośredników,,7,https://adresowo.pl/o/mieszkanie-bialystok-zielone-wzgorza-ul-lawendowa-3-pokojowe-a8r1t1,https://s2.adresowa.pl/oi/6a/4f/3f8e5a_e30f_cover@2x-3-pokojowe-mieszkanie-bialystok-zielone-wzgorza-ul-lawendowa.webp
Białystok Bacieczki,ul. rtm. Witolda Pileckiego,3,63,720000,11429,bez pośredników,,1,https://adresowo.pl/o/mieszkanie-bialystok-bacieczki-ul-rtm-witolda-pileckiego-3-pokojowe-u3f6u0,https://s2.adresowa.pl/oi/79/38/3f8cfe_b758_cover@2x-3-pokojowe-mieszkanie-bialystok-bacieczki-ul-rtm-witolda-pileckiego.webp
Białystok Nowe Miasto,ul. Zachodnia,3,60,661500,11025,bez pośredników,,8,https://adresowo.pl/o/mieszkanie-bialystok-nowe-miasto-ul-zachodnia-3-pokojowe-y7k0t2,https://s2.adresowa.pl/oi/7b/62/3f79ea_550e_cover@2x-3-pokojowe-mieszkanie-bialystok-nowe-miasto-ul-zachodnia.webp
Białystok Piaski,ul. Prezydenta Ryszarda Kaczorowskiego,2,44,599000,13614,bez pośredników,,10,https://adresowo.pl/o/mieszkanie-bialystok-piaski-ul-prezydenta-ryszarda-kaczorowskiego-2-pokojowe-i0v7b9,https://s2.adresowa.pl/oi/1c/5d/3f75b6_f4e9_cover@2x-2-pokojowe-mieszkanie-bialystok-piaski-ul-prezydenta-ryszarda-kaczorowskiego.webp
Białystok,ul. Elizy Orzeszkowej 17,3,62,700000,11290,Pośrednik,,19,https://adresowo.pl/o/mieszkanie-bialystok-ul-elizy-orzeszkowej-3-pokojowe-k1k7q0,https://s2.adresowa.pl/oi/29/48/3a4580_4125_cover@2x-3-pokojowe-mieszkanie-bialystok-ul-elizy-orzeszkowej.webp
Białystok Zielone Wzgórza,ul. Konwaliowa,3,64,639000,9984,bez pośredników,,6,https://adresowo.pl/o/mieszkanie-bialystok-zielone-wzgorza-ul-konwaliowa-3-pokojowe-k1r1l8,https://s2.adresowa.pl/oi/60/26/3f7334_92ec_cover@2x-3-pokojowe-mieszkanie-bialystok-zielone-wzgorza-ul-konwaliowa.webp
Białystok Nowe Miasto,ul. Rzemieślnicza,3,59,399000,6763,bez pośredników,,5,https://adresowo.pl/o/mieszkanie-bialystok-nowe-miasto-ul-rzemieslnicza-3-pokojowe-h9t5l7,https://s2.adresowa.pl/oi/3a/40/3f6198_5e4b_cover@2x-3-pokojowe-mieszkanie-bialystok-nowe-miasto-ul-rzemieslnicza.webp
Białystok Piasta,ul. Towarowa,2,39,460000,11795,bez pośredników,,8,https://adresowo.pl/o/mieszkanie-bialystok-piasta-ul-towarowa-2-pokojowe-n2o8f9,https://s2.adresowa.pl/oi/58/36/3f557e_5921_cover@2x-2-pokojowe-mieszkanie-bialystok-piasta-ul-towarowa.webp
Białystok,Dojlidy,3,73,620000,8493,bez pośredników,,8,https://adresowo.pl/o/mieszkanie-bialystok-dojlidy-3-pokojowe-73-m2-r0g3r7,https://s2.adresowa.pl/oi/6d/68/3f4d5a_a33e_cover@2x-3-pokojowe-mieszkanie-bialystok-dojlidy.webp
Białystok Białostoczek,ul. Sokólska,3,60,450000,7500,bez pośredników,,11,https://adresowo.pl/o/mieszkanie-bialystok-bialostoczek-ul-sokolska-3-pokojowe-l2r2c5,https://s2.adresowa.pl/oi/70/39/3f33de_7737_cover@2x-3-pokojowe-mieszkanie-bialystok-bialostoczek-ul-sokolska.webp
Białystok Bacieczki,ul. Komisji Edukacji Narodowej,2,45,509000,11311,bez pośredników,,19,https://adresowo.pl/o/mieszkanie-bialystok-bacieczki-ul-komisji-edukacji-narodowej-2-pokojowe-n9o9g9,https://s2.adresowa.pl/oi/30/24/3f2816_61c7_cover@2x-2-pokojowe-mieszkanie-bialystok-bacieczki-ul-komisji-edukacji-narodowej.webp
Białystok Sienkiewicza,ul. Jurowiecka,2,35,543000,15514,bez pośredników,,7,https://adresowo.pl/o/mieszkanie-bialystok-sienkiewicza-ul-jurowiecka-2-pokojowe-p3m3q4,https://s2.adresowa.pl/oi/65/3b/3f12ea_798d_cover@2x-2-pokojowe-mieszkanie-bialystok-sienkiewicza-ul-jurowiecka.webp
Białystok Sienkiewicza,ul. Ciepła,4,72,650000,9028,bez pośredników,,7,https://adresowo.pl/o/mieszkanie-bialystok-sienkiewicza-ul-ciepla-4-pokojowe-c2f0c0,https://s2.adresowa.pl/oi/19/57/3f0e02_2e80_cover@2x-4-pokojowe-mieszkanie-bialystok-sienkiewicza-ul-ciepla.webp
Białystok,Centrum,2,45,399500,8878,bez pośredników,,4,https://adresowo.pl/o/mieszkanie-bialystok-centrum-2-pokojowe-45-m2-e4h5x3,https://s2.adresowa.pl/oi/45/2a/3ef75e_435c_cover@2x-2-pokojowe-mieszkanie-bialystok-centrum.webp
Białystok Starosielce,ul. Wasilkowska,3,58,439000,7569,bez pośredników,,6,https://adresowo.pl/o/mieszkanie-bialystok-starosielce-ul-wasilkowska-3-pokojowe-o6r1q3,https://s2.adresowa.pl/oi/1e/57/3ee488_8240_cover@2x-3-pokojowe-mieszkanie-bialystok-starosielce-ul-wasilkowska.webp
Białystok,ul. Bohaterów Monte Cassino,4,57,589000,10333,bez pośredników,,15,https://adresowo.pl/o/mieszkanie-bialystok-ul-bohaterow-monte-cassino-4-pokojowe-c2r2w7,https://s2.adresowa.pl/oi/42/33/3edde6_2f90_cover@2x-4-pokojowe-mieszkanie-bialystok-ul-bohaterow-monte-cassino.webp
Białystok Centrum,ul. Henryka Sienkiewicza,1,23,280000,12174,bez pośredników,,1,https://adresowo.pl/o/mieszkanie-bialystok-centrum-ul-henryka-sienkiewicza-1-pokoj-g6g2c7,https://s2.adresowa.pl/oi/79/2f/3ed0f2_49ec_cover@2x-1-pokojowe-mieszkanie-bialystok-centrum-ul-henryka-sienkiewicza.webp
Białystok,Centrum,2,48,450000,9375,bez pośredników,,8,https://adresowo.pl/o/mieszkanie-bialystok-centrum-2-pokojowe-48-m2-f8b3e8,https://s2.adresowa.pl/oi/36/7a/3ec812_bf02_cover@2x-2-pokojowe-mieszkanie-bialystok-centrum.webp
Białystok Białostoczek,ul. Władysława Bełzy,2,44,633000,14386,bez pośredników,,8,https://adresowo.pl/o/mieszkanie-bialystok-bialostoczek-ul-wladyslawa-belzy-2-pokojowe-o2j5u2,https://s2.adresowa.pl/oi/6f/65/3ea734_a247_cover@2x-2-pokojowe-mieszkanie-bialystok-bialostoczek-ul-wladyslawa-belzy.webp
Białystok Leśna Dolina,ul. Batalionów Chłopskich,4,80,619000,7738,bez pośredników,,15,https://adresowo.pl/o/mieszkanie-bialystok-lesna-dolina-ul-batalionow-chlopskich-4-pokojowe-k4e5y2,https://s2.adresowa.pl/oi/38/11/3ea45a_3841_cover@2x-4-pokojowe-mieszkanie-bialystok-lesna-dolina-ul-batalionow-chlopskich.webp
Białystok Dojlidy,ul. Kawaleryjska,2,38,355000,9342,bez pośredników,,17,https://adresowo.pl/o/mieszkanie-bialystok-dojlidy-ul-kawaleryjska-2-pokojowe-x7s2m8,https://s2.adresowa.pl/oi/47/26/3ea178_860e_cover@2x-2-pokojowe-mieszkanie-bialystok-dojlidy-ul-kawaleryjska.webp
Białystok,ul. Adama Mickiewicza,3,68,748000,11000,bez pośredników,,18,https://adresowo.pl/o/mieszkanie-bialystok-ul-adama-mickiewicza-3-pokojowe-n4u7y0,https://s2.adresowa.pl/oi/49/3f/3e93aa_bfb2_cover@2x-3-pokojowe-mieszkanie-bialystok-ul-adama-mickiewicza.webp
Białystok Centrum,ul. Adama Mickiewicza,3,57,569000,9982,bez pośredników,,11,https://adresowo.pl/o/mieszkanie-bialystok-centrum-ul-adama-mickiewicza-3-pokojowe-v6b8l6,https://s2.adresowa.pl/oi/32/2c/3e8f94_8209_cover@2x-3-pokojowe-mieszkanie-bialystok-centrum-ul-adama-mickiewicza.webp
Białystok Białostoczek,ul. Kozłowa,3,48,440000,9167,bez pośredników,,6,https://adresowo.pl/o/mieszkanie-bialystok-bialostoczek-ul-kozlowa-3-pokojowe-u6y8s9,https://s2.adresowa.pl/oi/27/64/3e804e_cd11_cover@2x-3-pokojowe-mieszkanie-bialystok-bialostoczek-ul-kozlowa.webp
Białystok,Bojary,2,52,435000,8365,bez pośredników,,8,https://adresowo.pl/o/mieszkanie-bialystok-bojary-2-pokojowe-52-m2-x6j0y2,https://s2.adresowa.pl/oi/7a/52/3e7aa2_8754_cover@2x-2-pokojowe-mieszkanie-bialystok-bojary.webp
Białystok Bojary,ul. Dobra,4,89,1043000,11719,bez pośredników,,20,https://adresowo.pl/o/mieszkanie-bialystok-bojary-ul-dobra-4-pokojowe-g5u1c4,https://s2.adresowa.pl/oi/38/14/3e7802_e7de_cover@2x-4-pokojowe-mieszkanie-bialystok-bojary-ul-dobra.webp
Białystok Leśna Dolina,ul. Bacieczki,3,57,459000,8053,bez pośredników,,13,https://adresowo.pl/o/mieszkanie-bialystok-lesna-dolina-ul-bacieczki-3-pokojowe-w8s1w6,https://s2.adresowa.pl/oi/52/65/3e37c8_dc5a_cover@2x-3-pokojowe-mieszkanie-bialystok-lesna-dolina-ul-bacieczki.webp
Białystok Dojlidy,ul. Borsucza,2,47,459000,9766,bez pośredników,,9,https://adresowo.pl/o/mieszkanie-bialystok-dojlidy-ul-borsucza-2-pokojowe-a7q1r0,https://s2.adresowa.pl/oi/53/28/3e167e_9a6b_cover@2x-2-pokojowe-mieszkanie-bialystok-dojlidy-ul-borsucza.webp
Białystok Wygoda,ul. Storczykowa,3,59,470000,7966,bez pośredników,,8,https://adresowo.pl/o/mieszkanie-bialystok-wygoda-ul-storczykowa-3-pokojowe-d0e7p3,https://s2.adresowa.pl/oi/14/69/3e1302_3c88_cover@2x-3-pokojowe-mieszkanie-bialystok-wygoda-ul-storczykowa.webp
Białystok Piaski,ul. Wesoła,2,36,389000,10806,bez pośredników,,9,https://adresowo.pl/o/mieszkanie-bialystok-piaski-ul-wesola-2-pokojowe-f8o4h9,https://s2.adresowa.pl/oi/3c/76/3e11b6_7cc0_cover@2x-2-pokojowe-mieszkanie-bialystok-piaski-ul-wesola.webp
Białystok Sienkiewicza,ul. Ciepła,3,60,649000,10817,bez pośredników,,14,https://adresowo.pl/o/mieszkanie-bialystok-sienkiewicza-ul-ciepla-3-pokojowe-q9u6n4,https://s2.adresowa.pl/oi/4d/76/3e05be_aa71_cover@2x-3-pokojowe-mieszkanie-bialystok-sienkiewicza-ul-ciepla.webp
Białystok Piaski,ul. Legionowa,2,51,520000,10196,bez pośredników,,9,https://adresowo.pl/o/mieszkanie-bialystok-piaski-ul-legionowa-2-pokojowe-r5k3u1,https://s2.adresowa.pl/oi/4a/4d/3dc71e_9e36_cover@2x-2-pokojowe-mieszkanie-bialystok-piaski-ul-legionowa.webp
Białystok Centrum,ul. Henryka Sienkiewicza,4,98,1000000,10204,bez pośredników,,8,https://adresowo.pl/o/mieszkanie-bialystok-centrum-ul-henryka-sienkiewicza-4-pokojowe-j3v3u5,https://s2.adresowa.pl/oi/7d/48/3dc596_9daa_cover@2x-4-pokojowe-mieszkanie-bialystok-centrum-ul-henryka-sienkiewicza.webp
Białystok,ul. Jurowiecka,2,24,379900,15829,bez pośredników,,4,https://adresowo.pl/o/mieszkanie-bialystok-ul-jurowiecka-2-pokojowe-f7k3p1,https://s2.adresowa.pl/oi/1e/47/3db9f0_c5e9_cover@2x-2-pokojowe-mieszkanie-bialystok-ul-jurowiecka.webp
Białystok Centrum,pl. Rynek Kościuszki,2,45,559000,12422,bez pośredników,,8,https://adresowo.pl/o/mieszkanie-bialystok-centrum-pl-rynek-kosciuszki-2-pokojowe-v9l2r4,https://s2.adresowa.pl/oi/18/24/3db72e_2d6d_cover@2x-2-pokojowe-mieszkanie-bialystok-centrum-pl-rynek-kosciuszki.webp
Białystok Dojlidy,ul. Żubrów,3,45,549000,12200,bez pośredników,,2,https://adresowo.pl/o/mieszkanie-bialystok-dojlidy-ul-zubrow-3-pokojowe-h1m2v2,https://s2.adresowa.pl/oi/55/73/3daf1c_ff6a_cover@2x-3-pokojowe-mieszkanie-bialystok-dojlidy-ul-zubrow.webp
Białystok Centrum,ul. Adama Mickiewicza,3,61,769000,12607,bez pośredników,,8,https://adresowo.pl/o/mieszkanie-bialystok-centrum-ul-adama-mickiewicza-3-pokojowe-q5v3n3,https://s2.adresowa.pl/oi/41/35/3dae7a_e217_cover@2x-3-pokojowe-mieszkanie-bialystok-centrum-ul-adama-mickiewicza.webp
Białystok,Nowe Miasto,2,45,525000,11667,bez pośredników,,8,https://adresowo.pl/o/mieszkanie-bialystok-nowe-miasto-2-pokojowe-45-m2-z4p5o0,https://s2.adresowa.pl/oi/3d/43/3dae2c_2862_cover@2x-2-pokojowe-mieszkanie-bialystok-nowe-miasto.webp
Białystok Leśna Dolina,ul. Armii Krajowej,3,61,449000,7361,bez pośredników,,6,https://adresowo.pl/o/mieszkanie-bialystok-lesna-dolina-ul-armii-krajowej-3-pokojowe-b4v7g8,https://s2.adresowa.pl/oi/60/50/3d7e78_564b_cover@2x-3-pokojowe-mieszkanie-bialystok-lesna-dolina-ul-armii-krajowej.webp
Białystok Leśna Dolina,ul. Szarych Szeregów,4,74,799000,10797,bez pośredników,,18,https://adresowo.pl/o/mieszkanie-bialystok-lesna-dolina-ul-szarych-szeregow-4-pokojowe-q3t2r6,https://s2.adresowa.pl/oi/58/4e/3d6648_9ae1_cover@2x-4-pokojowe-mieszkanie-bialystok-lesna-dolina-ul-szarych-szeregow.webp
Białystok Antoniuk,ul. Władysława Broniewskiego,3,53,380000,7170,bez pośredników,,5,https://adresowo.pl/o/mieszkanie-bialystok-antoniuk-ul-wladyslawa-broniewskiego-3-pokojowe-m1i2z7,https://s2.adresowa.pl/oi/21/6c/3d65d0_cfa5_cover@2x-3-pokojowe-mieszkanie-bialystok-antoniuk-ul-wladyslawa-broniewskiego.webp
Białystok Białostoczek,ul. Białostoczek,3,66,449000,6803,bez pośredników,,25,https://adresowo.pl/o/mieszkanie-bialystok-bialostoczek-ul-bialostoczek-3-pokojowe-t2y7l4,https://s2.adresowa.pl/oi/13/25/3d3896_ceef_cover@2x-3-pokojowe-mieszkanie-bialystok-bialostoczek-ul-bialostoczek.webp
Białystok Piasta,ul. Mieszka I,2,32,310000,9688,bez pośredników,,1,https://adresowo.pl/o/mieszkanie-bialystok-piasta-ul-mieszka-i-2-pokojowe-t3b3m1,https://s2.adresowa.pl/oi/66/3e/3d31a2_d6dd_cover@2x-2-pokojowe-mieszkanie-bialystok-piasta-ul-mieszka-i.webp
Białystok Wygoda,ul. Walentego Lewandowskiego,3,62,820000,13226,bez pośredników,,16,https://adresowo.pl/o/mieszkanie-bialystok-wygoda-ul-walentego-lewandowskiego-3-pokojowe-j5s6p5,https://s2.adresowa.pl/oi/27/7e/3d25bc_ae6d_cover@2x-3-pokojowe-mieszkanie-bialystok-wygoda-ul-walentego-lewandowskiego.webp
Białystok Antoniuk,ul. Ukośna,3,54,735000,13611,bez pośredników,,22,https://adresowo.pl/o/mieszkanie-bialystok-antoniuk-ul-ukosna-3-pokojowe-a8x0z8,https://s2.adresowa.pl/oi/36/68/3d25a2_9067_cover@2x-3-pokojowe-mieszkanie-bialystok-antoniuk-ul-ukosna.webp
Białystok,Wygoda,3,48,670000,13958,bez pośredników,,8,https://adresowo.pl/o/mieszkanie-bialystok-wygoda-3-pokojowe-48-m2-k3t6a7,https://s2.adresowa.pl/oi/51/11/3d0b90_44bc_cover@2x-3-pokojowe-mieszkanie-bialystok-wygoda.webp
Białystok Nowe Miasto,ul. Kazimierza Pułaskiego,3,57,539000,9456,bez pośredników,,8,https://adresowo.pl/o/mieszkanie-bialystok-nowe-miasto-ul-kazimierza-pulaskiego-3-pokojowe-j7q8z2,https://s2.adresowa.pl/oi/59/37/3d05a4_3082_cover@2x-3-pokojowe-mieszkanie-bialystok-nowe-miasto-ul-kazimierza-pulaskiego.webp
Białystok Os. Młodych,ul. Hetmańska,3,52,495000,9519,bez pośredników,,7,https://adresowo.pl/o/mieszkanie-bialystok-os-mlodych-ul-hetmanska-3-pokojowe-m0a8q6,https://s2.adresowa.pl/oi/65/17/3cff44_6b66_cover@2x-3-pokojowe-mieszkanie-bialystok-os-mlodych-ul-hetmanska.webp
Białystok Piasta,ul. Bolesława Chrobrego,3,58,570000,9828,bez pośredników,,7,https://adresowo.pl/o/mieszkanie-bialystok-piasta-ul-boleslawa-chrobrego-3-pokojowe-x1u7x9,https://s2.adresowa.pl/oi/2e/53/3cda80_5ee7_cover@2x-3-pokojowe-mieszkanie-bialystok-piasta-ul-boleslawa-chrobrego.webp
Białystok Wygoda,ul. Józefa Ignacego Kraszewskiego,3,100,1355940,13559,bez pośredników,,4,https://adresowo.pl/o/mieszkanie-bialystok-wygoda-ul-jozefa-ignacego-kraszewskiego-3-pokojowe-u5v9q2,https://s2.adresowa.pl/oi/50/4c/3cac36_715e_cover@2x-3-pokojowe-mieszkanie-bialystok-wygoda-ul-jozefa-ignacego-kraszewskiego.webp
Białystok Piaski,ul. Legionowa,3,69,635000,9203,bez pośredników,,14,https://adresowo.pl/o/mieszkanie-bialystok-piaski-ul-legionowa-3-pokojowe-m1x5v2,https://s2.adresowa.pl/oi/4b/55/40c9c8_aaab_cover@2x-3-pokojowe-mieszkanie-bialystok-piaski-ul-legionowa.webp
Białystok Piasta,ul. Towarowa,2,39,339000,8692,bez pośredników,,9,https://adresowo.pl/o/mieszkanie-bialystok-piasta-ul-towarowa-2-pokojowe-b4c2r2,https://s2.adresowa.pl/oi/45/1f/3c7f74_f110_cover@2x-2-pokojowe-mieszkanie-bialystok-piasta-ul-towarowa.webp
Białystok Słoneczny Stok,ul. Wincentego Witosa,2,50,470000,9400,bez pośredników,,9,https://adresowo.pl/o/mieszkanie-bialystok-sloneczny-stok-ul-wincentego-witosa-2-pokojowe-y8d7a3,https://s2.adresowa.pl/oi/70/74/3c7094_3871_cover@2x-2-pokojowe-mieszkanie-bialystok-sloneczny-stok-ul-wincentego-witosa.webp
Białystok Piaski,ul. Żelazna,4,72,830000,11528,bez pośredników,,16,https://adresowo.pl/o/mieszkanie-bialystok-piaski-ul-zelazna-4-pokojowe-h4f6g3,https://s2.adresowa.pl/oi/2c/40/3c661e_2f5f_cover@2x-4-pokojowe-mieszkanie-bialystok-piaski-ul-zelazna.webp
Białystok Zielone Wzgórza,ul. Lawendowa,4,64,460000,7188,bez pośredników,,8,https://adresowo.pl/o/mieszkanie-bialystok-zielone-wzgorza-ul-lawendowa-4-pokojowe-e8v3y0,https://s2.adresowa.pl/oi/78/71/3c3640_6632_cover@2x-4-pokojowe-mieszkanie-bialystok-zielone-wzgorza-ul-lawendowa.webp
Białystok Antoniuk,ul. Władysława Broniewskiego,3,52,440000,8462,bez pośredników,,17,https://adresowo.pl/o/mieszkanie-bialystok-antoniuk-ul-wladyslawa-broniewskiego-3-pokojowe-o2y6h3,https://s2.adresowa.pl/oi/59/5f/3bf0dc_7e74_cover@2x-3-pokojowe-mieszkanie-bialystok-antoniuk-ul-wladyslawa-broniewskiego.webp
Białystok Antoniuk,ul. Knyszyńska,2,55,730000,13273,bez pośredników,,20,https://adresowo.pl/o/mieszkanie-bialystok-antoniuk-ul-knyszynska-2-pokojowe-v5e4x5,https://s2.adresowa.pl/oi/26/6a/3bd030_a591_cover@2x-2-pokojowe-mieszkanie-bialystok-antoniuk-ul-knyszynska.webp
Białystok Białostoczek,al. Tysiąclecia Państwa Polskiego,3,63,630000,10000,bez pośredników,,8,https://adresowo.pl/o/mieszkanie-bialystok-bialostoczek-al-tysiaclecia-panstwa-polskiego-3-pokojowe-i0w8l0,https://s2.adresowa.pl/oi/7e/43/3bcdb4_4d6c_cover@2x-3-pokojowe-mieszkanie-bialystok-bialostoczek-al-tysiaclecia-panstwa-polskiego.webp
Białystok Bojary,ul. Józefa Ignacego Kraszewskiego,3,63,895000,14206,bez pośredników,,19,https://adresowo.pl/o/mieszkanie-bialystok-bojary-ul-jozefa-ignacego-kraszewskiego-3-pokojowe-l5a3y7,https://s2.adresowa.pl/oi/44/34/3bbc70_568d_cover@2x-3-pokojowe-mieszkanie-bialystok-bojary-ul-jozefa-ignacego-kraszewskiego.webp
Białystok Białostoczek,ul. Sokólska,3,60,460000,7667,bez pośredników,,14,https://adresowo.pl/o/mieszkanie-bialystok-bialostoczek-ul-sokolska-3-pokojowe-k1x6s5,https://s2.adresowa.pl/oi/24/7a/3bb578_6fe4_cover@2x-3-pokojowe-mieszkanie-bialystok-bialostoczek-ul-sokolska.webp
Białystok Piaski,ul. Bolesława Chrobrego,3,48,435000,9062,bez pośredników,,6,https://adresowo.pl/o/mieszkanie-bialystok-piaski-ul-boleslawa-chrobrego-3-pokojowe-m2e5o9,https://s2.adresowa.pl/oi/1e/44/3b8fd6_6668_cover@2x-3-pokojowe-mieszkanie-bialystok-piaski-ul-boleslawa-chrobrego.webp
Białystok Zielone Wzgórza,ul. Rumiankowa,2,52,495000,9519,bez pośredników,,12,https://adresowo.pl/o/mieszkanie-bialystok-zielone-wzgorza-ul-rumiankowa-2-pokojowe-w1c6b4,https://s2.adresowa.pl/oi/20/11/3b6a5a_9c31_cover@2x-2-pokojowe-mieszkanie-bialystok-zielone-wzgorza-ul-rumiankowa.webp
Białystok Piaski,ul. Adama Mickiewicza,3,62,620000,10000,bez pośredników,,8,https://adresowo.pl/o/mieszkanie-bialystok-piaski-ul-adama-mickiewicza-3-pokojowe-u6n7x1,https://s2.adresowa.pl/oi/4b/53/3b6748_411e_cover@2x-3-pokojowe-mieszkanie-bialystok-piaski-ul-adama-mickiewicza.webp
Białystok Zielone Wzgórza,ul. Zielonogórska,3,60,459000,7650,bez pośredników,,1,https://adresowo.pl/o/mieszkanie-bialystok-zielone-wzgorza-ul-zielonogorska-3-pokojowe-h5j2m8,https://s2.adresowa.pl/oi/62/66/3b5124_ee22_cover@2x-3-pokojowe-mieszkanie-bialystok-zielone-wzgorza-ul-zielonogorska.webp
Białystok Dziesięciny,ul. Kalinowa,3,61,435000,7131,bez pośredników,,1,https://adresowo.pl/o/mieszkanie-bialystok-dziesieciny-ul-kalinowa-3-pokojowe-n1s4a1,https://s2.adresowa.pl/oi/64/5e/3b48bc_a3dc_cover@2x-3-pokojowe-mieszkanie-bialystok-dziesieciny-ul-kalinowa.webp
Białystok Skorupy,ul. Sudecka,2,36,580000,16111,bez pośredników,,9,https://adresowo.pl/o/mieszkanie-bialystok-skorupy-ul-sudecka-2-pokojowe-s6z6t0,https://s2.adresowa.pl/oi/7b/3c/3b38f6_4852_cover@2x-2-pokojowe-mieszkanie-bialystok-skorupy-ul-sudecka.webp
Białystok Słoneczny Stok,ul. Hetmańska,3,52,620000,11923,bez pośredników,,6,https://adresowo.pl/o/mieszkanie-bialystok-sloneczny-stok-ul-hetmanska-3-pokojowe-j9s5j9,https://s2.adresowa.pl/oi/7a/7e/3b3370_ee36_cover@2x-3-pokojowe-mieszkanie-bialystok-sloneczny-stok-ul-hetmanska.webp
Białystok,ul. Pogodna,4,58,535000,9224,bez pośredników,,16,https://adresowo.pl/o/mieszkanie-bialystok-ul-pogodna-4-pokojowe-s8i9j3,https://s2.adresowa.pl/oi/68/39/3b2af0_c33b_cover@2x-4-pokojowe-mieszkanie-bialystok-ul-pogodna.webp
Białystok Piasta,ul. Skorupska,4,85,675000,7941,bez pośredników,,24,https://adresowo.pl/o/mieszkanie-bialystok-piasta-ul-skorupska-4-pokojowe-g1n4j6,https://s2.adresowa.pl/oi/62/6f/3b29c6_d959_cover@2x-4-pokojowe-mieszkanie-bialystok-piasta-ul-skorupska.webp
Białystok Centrum,ul. Jana Henryka Dąbrowskiego,1,35,345000,9857,bez pośredników,,6,https://adresowo.pl/o/mieszkanie-bialystok-centrum-ul-jana-henryka-dabrowskiego-1-pokoj-n1r1l8,https://s2.adresowa.pl/oi/15/5d/3b29a8_522c_cover@2x-1-pokojowe-mieszkanie-bialystok-centrum-ul-jana-henryka-dabrowskiego.webp
Białystok Dziesięciny,ul. Palmowa,3,49,490000,10000,bez pośredników,,7,https://adresowo.pl/o/mieszkanie-bialystok-dziesieciny-ul-palmowa-3-pokojowe-k0a9u8,https://s2.adresowa.pl/oi/50/15/3b2846_8708_cover@2x-3-pokojowe-mieszkanie-bialystok-dziesieciny-ul-palmowa.webp
Białystok Słoneczny Stok,ul. Upalna,3,63,580000,9206,bez pośredników,,5,https://adresowo.pl/o/mieszkanie-bialystok-sloneczny-stok-ul-upalna-3-pokojowe-x0d4j6,https://s2.adresowa.pl/oi/5b/45/3b2828_f94b_cover@2x-3-pokojowe-mieszkanie-bialystok-sloneczny-stok-ul-upalna.webp
Białystok Dziesięciny,ul. Gajowa,2,48,480000,10000,bez pośredników,,11,https://adresowo.pl/o/mieszkanie-bialystok-dziesieciny-ul-gajowa-2-pokojowe-a7k2k5,https://s2.adresowa.pl/oi/19/16/3b14ce_6cc8_cover@2x-2-pokojowe-mieszkanie-bialystok-dziesieciny-ul-gajowa.webp
Białystok Białostoczek,ul. Radzymińska,3,60,450000,7500,bez pośredników,,11,https://adresowo.pl/o/mieszkanie-bialystok-bialostoczek-ul-radzyminska-3-pokojowe-k5z7o3,https://s2.adresowa.pl/oi/32/6c/3b08f4_3c05_cover@2x-3-pokojowe-mieszkanie-bialystok-bialostoczek-ul-radzyminska.webp
Białystok Piaski,ul. Mazowiecka,2,44,375000,8523,bez pośredników,,6,https://adresowo.pl/o/mieszkanie-bialystok-piaski-ul-mazowiecka-2-pokojowe-l9o9x0,https://s2.adresowa.pl/oi/73/3f/3aa636_3cc8_cover@2x-2-pokojowe-mieszkanie-bialystok-piaski-ul-mazowiecka.webp
Białystok Centrum,ul. Icchoka Malmeda,2,51,614400,12047,bez pośredników,,8,https://adresowo.pl/o/mieszkanie-bialystok-centrum-ul-icchoka-malmeda-2-pokojowe-h6s8h1,https://s2.adresowa.pl/oi/32/6d/3a9b16_c48a_cover@2x-2-pokojowe-mieszkanie-bialystok-centrum-ul-icchoka-malmeda.webp
Białystok Wysoki Stoczek,ul. Szeroka,2,50,415000,8300,bez pośredników,,8,https://adresowo.pl/o/mieszkanie-bialystok-wysoki-stoczek-ul-szeroka-2-pokojowe-k0i2l9,https://s2.adresowa.pl/oi/69/45/3a8a6e_ae01_cover@2x-2-pokojowe-mieszkanie-bialystok-wysoki-stoczek-ul-szeroka.webp
Białystok Bacieczki,ul. Swobodna,3,63,490000,7778,bez pośredników,,6,https://adresowo.pl/o/mieszkanie-bialystok-bacieczki-ul-swobodna-3-pokojowe-q5m8m0,https://s2.adresowa.pl/oi/36/3d/3a494c_8e27_cover@2x-3-pokojowe-mieszkanie-bialystok-bacieczki-ul-swobodna.webp
Białystok Zielone Wzgórza,ul. Wrocławska,3,62,575667,9285,bez pośredników,,8,https://adresowo.pl/o/mieszkanie-bialystok-zielone-wzgorza-ul-wroclawska-3-pokojowe-q7e7w1,https://s2.adresowa.pl/oi/33/5f/3a2564_6713_cover@2x-3-pokojowe-mieszkanie-bialystok-zielone-wzgorza-ul-wroclawska.webp
Białystok Centrum,ul. Czarna,3,58,830000,14310,bez pośredników,,8,https://adresowo.pl/o/mieszkanie-bialystok-centrum-ul-czarna-3-pokojowe-n9m7y3,https://s2.adresowa.pl/oi/75/7f/39e1cc_e376_cover@2x-3-pokojowe-mieszkanie-bialystok-centrum-ul-czarna.webp
Białystok Wygoda,ul. Walentego Lewandowskiego,3,62,820000,13226,bez pośredników,,17,https://adresowo.pl/o/mieszkanie-bialystok-wygoda-ul-walentego-lewandowskiego-3-pokojowe-n1s5j6,https://s2.adresowa.pl/oi/26/69/39c7c0_db04_cover@2x-3-pokojowe-mieszkanie-bialystok-wygoda-ul-walentego-lewandowskiego.webp
Białystok Antoniuk,ul. Ukośna,3,54,730000,13519,bez pośredników,,13,https://adresowo.pl/o/mieszkanie-bialystok-antoniuk-ul-ukosna-3-pokojowe-o0g7o9,https://s2.adresowa.pl/oi/6c/78/39c7b8_a9bc_cover@2x-3-pokojowe-mieszkanie-bialystok-antoniuk-ul-ukosna.webp
Białystok,ul. Krucza,2,51,450000,8824,bez pośredników,,10,https://adresowo.pl/o/mieszkanie-bialystok-ul-krucza-2-pokojowe-p9y8m1,https://s2.adresowa.pl/oi/52/2c/397b52_27e4_cover@2x-2-pokojowe-mieszkanie-bialystok-ul-krucza.webp
Białystok Centrum,ul. Józefa Marjańskiego 3,3,77,805000,10455,bez pośredników,,25,https://adresowo.pl/o/mieszkanie-bialystok-centrum-ul-jozefa-marjanskiego-3-pokojowe-i7k8e2,https://s2.adresowa.pl/oi/3d/12/39765e_4743_cover@2x-3-pokojowe-mieszkanie-bialystok-centrum-ul-jozefa-marjanskiego.webp
Białystok Dziesięciny,ul. Generała Józefa Hallera,2,48,450000,9375,bez pośredników,,20,https://adresowo.pl/o/mieszkanie-bialystok-dziesieciny-ul-generala-jozefa-hallera-2-pokojowe-r0e7s1,https://s2.adresowa.pl/oi/76/13/394756_b676_cover@2x-2-pokojowe-mieszkanie-bialystok-dziesieciny-ul-generala-jozefa-hallera.webp
Białystok Leśna Dolina,ul. Powstańców,3,63,608265,9655,bez pośredników,,12,https://adresowo.pl/o/mieszkanie-bialystok-lesna-dolina-ul-powstancow-3-pokojowe-a7z4v0,https://s2.adresowa.pl/oi/63/5f/3946b0_f113_cover@2x-3-pokojowe-mieszkanie-bialystok-lesna-dolina-ul-powstancow.webp
Białystok Centrum,ul. Jurowiecka,2,44,655000,14886,bez pośredników,,14,https://adresowo.pl/o/mieszkanie-bialystok-centrum-ul-jurowiecka-2-pokojowe-b4n9n4,https://s2.adresowa.pl/oi/5e/2c/3929e2_353d_cover@2x-2-pokojowe-mieszkanie-bialystok-centrum-ul-jurowiecka.webp
Białystok Wygoda,ul. Wasilkowska,3,58,479000,8259,bez pośredników,,20,https://adresowo.pl/o/mieszkanie-bialystok-wygoda-ul-wasilkowska-3-pokojowe-u4x2h6,https://s2.adresowa.pl/oi/71/3e/38f644_f8e3_cover@2x-3-pokojowe-mieszkanie-bialystok-wygoda-ul-wasilkowska.webp
Białystok,ul. Lipowa,1,24,315000,13125,bez pośredników,,4,https://adresowo.pl/o/mieszkanie-bialystok-ul-lipowa-1-pokoj-h7s2b3,https://s2.adresowa.pl/oi/60/7c/38e5d4_7960_cover@2x-1-pokojowe-mieszkanie-bialystok-ul-lipowa.webp
Białystok Bojary,ul. Józefa Ignacego Kraszewskiego,2,47,450000,9574,bez pośredników,,7,https://adresowo.pl/o/mieszkanie-bialystok-bojary-ul-jozefa-ignacego-kraszewskiego-2-pokojowe-w7t0g8,https://s2.adresowa.pl/oi/55/19/38011c_fed8_cover@2x-2-pokojowe-mieszkanie-bialystok-bojary-ul-jozefa-ignacego-kraszewskiego.webp
Białystok Centrum,al. Józefa Piłsudskiego,2,48,465500,9698,bez pośredników,,8,https://adresowo.pl/o/mieszkanie-bialystok-centrum-al-jozefa-pilsudskiego-2-pokojowe-n2v7b5,https://s2.adresowa.pl/oi/65/13/37de02_38a5_cover@2x-2-pokojowe-mieszkanie-bialystok-centrum-al-jozefa-pilsudskiego.webp
Białystok Os. Młodych,ul. Hetmańska,3,52,630000,12115,bez pośredników,,13,https://adresowo.pl/o/mieszkanie-bialystok-os-mlodych-ul-hetmanska-3-pokojowe-b1z6s2,https://s2.adresowa.pl/oi/36/2c/37b030_65db_cover@2x-3-pokojowe-mieszkanie-bialystok-os-mlodych-ul-hetmanska.webp
Białystok,ul. gen. Józefa Bema,3,60,499000,8317,bez pośredników,,14,https://adresowo.pl/o/mieszkanie-bialystok-ul-gen-jozefa-bema-3-pokojowe-p9l4e2,https://s2.adresowa.pl/oi/64/76/376938_bab3_cover@2x-3-pokojowe-mieszkanie-bialystok-ul-gen-jozefa-bema.webp
Białystok Antoniuk,ul. Ukośna,2,46,630000,13696,bez pośredników,,7,https://adresowo.pl/o/mieszkanie-bialystok-antoniuk-ul-ukosna-2-pokojowe-m6h7t6,https://s2.adresowa.pl/oi/51/79/376780_e327_cover@2x-2-pokojowe-mieszkanie-bialystok-antoniuk-ul-ukosna.webp
Białystok Centrum,ul. Łąkowa,4,111,890000,8018,bez pośredników,,8,https://adresowo.pl/o/mieszkanie-bialystok-centrum-ul-lakowa-4-pokojowe-u7a9m1,https://s2.adresowa.pl/oi/5f/48/372896_bdbe_cover@2x-4-pokojowe-mieszkanie-bialystok-centrum-ul-lakowa.webp
Białystok Centrum,ul. Jana Sobieskiego,2,45,430000,9556,bez pośredników,,12,https://adresowo.pl/o/mieszkanie-bialystok-centrum-ul-jana-sobieskiego-2-pokojowe-x3l6q8,https://s2.adresowa.pl/oi/58/2d/36c4ea_66dc_cover@2x-2-pokojowe-mieszkanie-bialystok-centrum-ul-jana-sobieskiego.webp
Białystok,,3,66,572760,8678,bez pośredników,,8,https://adresowo.pl/o/mieszkanie-bialystok-3-pokojowe-66-m2-f6g1v1,https://s2.adresowa.pl/oi/3a/7f/36e392_6df4_cover@2x-3-pokojowe-mieszkanie-bialystok.webp
Białystok Skorupy,ul. Wczasowa,3,81,449000,5543,bez pośredników,,18,https://adresowo.pl/o/mieszkanie-bialystok-skorupy-ul-wczasowa-3-pokojowe-m2c6f6,https://s2.adresowa.pl/oi/4e/6b/36cc8c_80b4_cover@2x-3-pokojowe-mieszkanie-bialystok-skorupy-ul-wczasowa.webp
Białystok Centrum,ul. gen. Józefa Bema,4,48,555000,11562,bez pośredników,,8,https://adresowo.pl/o/mieszkanie-bialystok-centrum-ul-gen-jozefa-bema-4-pokojowe-k9d1o9,https://s2.adresowa.pl/oi/2b/7b/36074a_cd16_cover@2x-4-pokojowe-mieszkanie-bialystok-centrum-ul-gen-jozefa-bema.webp
Białystok Bagnówka,ul. Ignacego Mościckiego,4,146,820000,5616,bez pośredników,,7,https://adresowo.pl/o/mieszkanie-bialystok-bagnowka-ul-ignacego-moscickiego-4-pokojowe-g9c3d9,https://s2.adresowa.pl/oi/74/6e/355c5e_4d2e_cover@2x-4-pokojowe-mieszkanie-bialystok-bagnowka-ul-ignacego-moscickiego.webp
Białystok,Wysoki Stoczek,3,61,545000,8934,bez pośredników,,7,https://adresowo.pl/o/mieszkanie-bialystok-wysoki-stoczek-3-pokojowe-61-m2-r1a2s5,https://s2.adresowa.pl/oi/10/48/34f6c0_d559_cover@2x-3-pokojowe-mieszkanie-bialystok-wysoki-stoczek.webp
Białystok Nowe Miasto,ul. Stanisława Dubois,2,51,435000,8529,bez pośredników,,9,https://adresowo.pl/o/mieszkanie-bialystok-nowe-miasto-ul-stanislawa-dubois-2-pokojowe-j5d1g8,https://s2.adresowa.pl/oi/1c/2b/34e54e_df2d_cover@2x-2-pokojowe-mieszkanie-bialystok-nowe-miasto-ul-stanislawa-dubois.webp
Białystok Centrum,ul. Żabia,2,70,620000,8857,bez pośredników,,8,https://adresowo.pl/o/mieszkanie-bialystok-centrum-ul-zabia-2-pokojowe-k4n9m7,https://s2.adresowa.pl/oi/46/37/33d45a_cf75_cover@2x-2-pokojowe-mieszkanie-bialystok-centrum-ul-zabia.webp
Białystok Bagnówka,ul. Ignacego Mościckiego,4,146,940000,6438,bez pośredników,,14,https://adresowo.pl/o/mieszkanie-bialystok-bagnowka-ul-ignacego-moscickiego-4-pokojowe-h0b1g8,https://s2.adresowa.pl/oi/4b/6c/33a064_6878_cover@2x-4-pokojowe-mieszkanie-bialystok-bagnowka-ul-ignacego-moscickiego.webp
Białystok Białostoczek,ul. Radzymińska,3,61,480000,7869,bez pośredników,,13,https://adresowo.pl/o/mieszkanie-bialystok-bialostoczek-ul-radzyminska-3-pokojowe-a5q4r3,https://s2.adresowa.pl/oi/6b/5c/33797e_cfb4_cover@2x-3-pokojowe-mieszkanie-bialystok-bialostoczek-ul-radzyminska.webp
Białystok Centrum,ul. Chmielna,2,37,450000,12162,bez pośredników,,7,https://adresowo.pl/o/mieszkanie-bialystok-centrum-ul-chmielna-2-pokojowe-a3o1y7,https://s2.adresowa.pl/oi/33/2f/330f24_66db_cover@2x-2-pokojowe-mieszkanie-bialystok-centrum-ul-chmielna.webp
Białystok Białostoczek,ul. Radzymińska,3,60,485000,8083,bez pośredników,,10,https://adresowo.pl/o/mieszkanie-bialystok-bialostoczek-ul-radzyminska-3-pokojowe-y7k7z1,https://s2.adresowa.pl/oi/1c/7b/330c32_d5d6_cover@2x-3-pokojowe-mieszkanie-bialystok-bialostoczek-ul-radzyminska.webp
Białystok Centrum,ul. Bohaterów Getta,3,80,745000,9312,bez pośredników,,8,https://adresowo.pl/o/mieszkanie-bialystok-centrum-ul-bohaterow-getta-3-pokojowe-o6t6w3,https://s2.adresowa.pl/oi/69/32/329f04_36de_cover@2x-3-pokojowe-mieszkanie-bialystok-centrum-ul-bohaterow-getta.webp
Białystok Bojary,ul. Józefa Ignacego Kraszewskiego,4,71,699000,9845,bez pośredników,,8,https://adresowo.pl/o/mieszkanie-bialystok-bojary-ul-jozefa-ignacego-kraszewskiego-4-pokojowe-o1z1n5,https://s2.adresowa.pl/oi/27/70/327b20_68fe_cover@2x-4-pokojowe-mieszkanie-bialystok-bojary-ul-jozefa-ignacego-kraszewskiego.webp
Białystok Piaski,ul. Zwierzyniecka,1,36,350000,9722,bez pośredników,,7,https://adresowo.pl/o/mieszkanie-bialystok-piaski-ul-zwierzyniecka-1-pokoj-z4j1w5,https://s2.adresowa.pl/oi/30/2b/31c95e_3e11_cover@2x-1-pokojowe-mieszkanie-bialystok-piaski-ul-zwierzyniecka.webp
Białystok Centrum,ul. Adama Mickiewicza,4,97,1317465,13582,bez pośredników,,20,https://adresowo.pl/o/mieszkanie-bialystok-centrum-ul-adama-mickiewicza-4-pokojowe-w9k2n6,https://s2.adresowa.pl/oi/57/19/30d81e_c70b_cover@2x-4-pokojowe-mieszkanie-bialystok-centrum-ul-adama-mickiewicza.webp
Białystok Bacieczki,ul. Józefa Mackiewicza,2,48,459000,9562,bez pośredników,,8,https://adresowo.pl/o/mieszkanie-bialystok-bacieczki-ul-jozefa-mackiewicza-2-pokojowe-h6r1f2,https://s2.adresowa.pl/oi/12/52/309264_cd7a_cover@2x-2-pokojowe-mieszkanie-bialystok-bacieczki-ul-jozefa-mackiewicza.webp
Białystok Centrum,ul. dr Ireny Białówny,1,36,400000,11111,bez pośredników,,5,https://adresowo.pl/o/mieszkanie-bialystok-centrum-ul-dr-ireny-bialowny-1-pokoj-r6i1g7,https://s2.adresowa.pl/oi/69/1b/307a78_a7e8_cover@2x-1-pokojowe-mieszkanie-bialystok-centrum-ul-dr-ireny-bialowny.webp
Białystok Centrum,ul. Marii Skłodowskiej-Curie,3,52,500000,9615,bez pośredników,,8,https://adresowo.pl/o/mieszkanie-bialystok-centrum-ul-marii-sklodowskiej-curie-3-pokojowe-t5f8o5,https://s2.adresowa.pl/oi/5d/6d/3035d2_c736_cover@2x-3-pokojowe-mieszkanie-bialystok-centrum-ul-marii-sklodowskiej-curie.webp
Białystok Antoniuk,ul. Juliana Tuwima,1,36,359000,9972,bez pośredników,,20,https://adresowo.pl/o/mieszkanie-bialystok-antoniuk-ul-juliana-tuwima-1-pokoj-y7u4j8,https://s2.adresowa.pl/oi/26/18/2f9238_d5cd_cover@2x-1-pokojowe-mieszkanie-bialystok-antoniuk-ul-juliana-tuwima.webp
Białystok Centrum,al. Józefa Piłsudskiego,3,72,579000,8042,bez pośredników,,13,https://adresowo.pl/o/mieszkanie-bialystok-centrum-al-jozefa-pilsudskiego-3-pokojowe-h3r8y4,https://s2.adresowa.pl/oi/7f/27/2efb36_f77d_cover@2x-3-pokojowe-mieszkanie-bialystok-centrum-al-jozefa-pilsudskiego.webp
Białystok Sienkiewicza,ul. Jurowiecka,4,63,659000,10460,bez pośredników,,19,https://adresowo.pl/o/mieszkanie-bialystok-sienkiewicza-ul-jurowiecka-4-pokojowe-e0r6i1,https://s2.adresowa.pl/oi/49/47/2c1a0e_8c7c_cover@2x-4-pokojowe-mieszkanie-bialystok-sienkiewicza-ul-jurowiecka.webp
Białystok Os. Młodych,ul. Rzemieślnicza,2,33,499000,15121,bez pośredników,,10,https://adresowo.pl/o/mieszkanie-bialystok-os-mlodych-ul-rzemieslnicza-2-pokojowe-c8m6z6,https://s2.adresowa.pl/oi/73/4b/29a0dc_3699_cover@2x-2-pokojowe-mieszkanie-bialystok-os-mlodych-ul-rzemieslnicza.webp
Białystok Centrum,ul. Żabia,3,59,690000,11695,bez pośredników,,7,https://adresowo.pl/o/mieszkanie-bialystok-centrum-ul-zabia-3-pokojowe-k7g7p9,https://s2.adresowa.pl/oi/3f/70/23f3b4_6ed5_cover@2x-3-pokojowe-mieszkanie-bialystok-centrum-ul-zabia.webp
Białystok Białostoczek,ul. Radzymińska,3,60,549000,9150,bez pośredników,,24,https://adresowo.pl/o/mieszkanie-bialystok-bialostoczek-ul-radzyminska-3-pokojowe-b8p0q9,https://s2.adresowa.pl/oi/79/17/18e09d_b45c_cover@2x-3-pokojowe-mieszkanie-bialystok-bialostoczek-ul-radzyminska.webp
Białystok Wygoda,ul. Wasilkowska,3,50,398000,7960,bez pośredników,,1,https://adresowo.pl/o/mieszkanie-bialystok-wygoda-ul-wasilkowska-3-pokojowe-hd5v3z,https://s2.adresowa.pl/oi/e/67/58feb_5a39_cover@2x-3-pokojowe-mieszkanie-bialystok-wygoda-ul-wasilkowska.webp
Białystok Centrum,ul. Józefa Marjańskiego,1,37,1250000,33784,bez pośredników,,8,https://adresowo.pl/o/mieszkanie-bialystok-centrum-ul-jozefa-marjanskiego-1-pokoj-w62aqc,https://s2.adresowa.pl/oi/74/1e/db52_88ef_cover@2x-1-pokojowe-mieszkanie-bialystok-centrum-ul-jozefa-marjanskiego.webp
Białystok,Wysoki Stoczek,3,58,510000,8793,bez pośredników,,8,https://adresowo.pl/o/mieszkanie-bialystok-wysoki-stoczek-3-pokojowe-58-m2-i4x4k3,https://s2.adresowa.pl/oi/70/59/400800_91b1_cover@2x-3-pokojowe-mieszkanie-bialystok-wysoki-stoczek.webp
Białystok,ul. Parkowa,2,38,446000,11737,bez pośredników,,8,https://adresowo.pl/o/mieszkanie-bialystok-ul-parkowa-2-pokojowe-z8w2f3,https://s2.adresowa.pl/oi/63/3b/413e7e_9dcc_cover@2x-2-pokojowe-mieszkanie-bialystok-ul-parkowa.webp
Białystok Nowe Miasto,ul. Transportowa,2,48,575000,11979,bez pośredników,,11,https://adresowo.pl/o/mieszkanie-bialystok-nowe-miasto-ul-transportowa-2-pokojowe-j2m7a3,https://s2.adresowa.pl/oi/7d/2f/413e4e_ca91_cover@2x-2-pokojowe-mieszkanie-bialystok-nowe-miasto-ul-transportowa.webp
Białystok,Nowe Miasto,2,43,568000,13209,bez pośredników,,4,https://adresowo.pl/o/mieszkanie-bialystok-nowe-miasto-2-pokojowe-43-m2-m6b3d4,https://s2.adresowa.pl/oi/44/5c/413b46_f08d_cover@2x-2-pokojowe-mieszkanie-bialystok-nowe-miasto.webp
Białystok Bojary,ul. Józefa Ignacego Kraszewskiego 12A,3,47,855000,18191,Pośrednik,,16,https://adresowo.pl/o/mieszkanie-bialystok-bojary-ul-jozefa-ignacego-kraszewskiego-3-pokojowe-y2v6a5,https://s2.adresowa.pl/oi/7e/38/413ba4_432c_cover@2x-3-pokojowe-mieszkanie-bialystok-bojary-ul-jozefa-ignacego-kraszewskiego.webp
Białystok Piasta,ul. Sybiraków,2,49,467400,9539,Pośrednik,,12,https://adresowo.pl/o/mieszkanie-bialystok-piasta-ul-sybirakow-2-pokojowe-m2t1c3,https://s2.adresowa.pl/oi/42/45/4128a4_d84b_cover@2x-2-pokojowe-mieszkanie-bialystok-piasta-ul-sybirakow.webp
Białystok Nowe Miasto,ul. Feliksa Filipowicza,2,39,550000,14103,bez pośredników,,16,https://adresowo.pl/o/mieszkanie-bialystok-nowe-miasto-ul-feliksa-filipowicza-2-pokojowe-z9e3a6,https://s2.adresowa.pl/oi/10/46/413b12_98cc_cover@2x-2-pokojowe-mieszkanie-bialystok-nowe-miasto-ul-feliksa-filipowicza.webp
Białystok Białostoczek,ul. Białostoczek,2,38,375000,9868,bez pośredników,,15,https://adresowo.pl/o/mieszkanie-bialystok-bialostoczek-ul-bialostoczek-2-pokojowe-f6x7r5,https://s2.adresowa.pl/oi/4c/6f/41363a_63ef_cover@2x-2-pokojowe-mieszkanie-bialystok-bialostoczek-ul-bialostoczek.webp
Białystok,Wysoki Stoczek,3,60,520000,8667,bez pośredników,,8,https://adresowo.pl/o/mieszkanie-bialystok-wysoki-stoczek-3-pokojowe-60-m2-y7i4p9,https://s2.adresowa.pl/oi/39/46/4133b2_f5df_cover@2x-3-pokojowe-mieszkanie-bialystok-wysoki-stoczek.webp
Białystok Skorupy,ul. Sybiraków,2,38,450000,11842,Pośrednik,,20,https://adresowo.pl/o/mieszkanie-bialystok-skorupy-ul-sybirakow-2-pokojowe-h8y5r5,https://s2.adresowa.pl/oi/69/34/41241a_3906_cover@2x-2-pokojowe-mieszkanie-bialystok-skorupy-ul-sybirakow.webp
Białystok,ul. Mikołaja Kopernika 5A,4,61,455000,7459,Pośrednik,,15,https://adresowo.pl/o/mieszkanie-bialystok-ul-mikolaja-kopernika-4-pokojowe-u8p3f6,https://s2.adresowa.pl/oi/34/6e/4108a0_5cc4_cover@2x-4-pokojowe-mieszkanie-bialystok-ul-mikolaja-kopernika.webp
Białystok Wysoki Stoczek,ul. Swobodna,2,48,439000,9146,bez pośredników,,5,https://adresowo.pl/o/mieszkanie-bialystok-wysoki-stoczek-ul-swobodna-2-pokojowe-f0u4a2,https://s2.adresowa.pl/oi/2f/6c/40b4a0_7304_cover@2x-2-pokojowe-mieszkanie-bialystok-wysoki-stoczek-ul-swobodna.webp
Białystok Centrum,ul. Stołeczna,3,66,1159000,17561,bez pośredników,,37,https://adresowo.pl/o/mieszkanie-bialystok-centrum-ul-stoleczna-3-pokojowe-k0x3n3,https://s2.adresowa.pl/oi/56/2d/413334_3d51_cover@2x-3-pokojowe-mieszkanie-bialystok-centrum-ul-stoleczna.webp
Białystok Wysoki Stoczek,ul. Szeroka,3,47,440000,9362,bez pośredników,,6,https://adresowo.pl/o/mieszkanie-bialystok-wysoki-stoczek-ul-szeroka-3-pokojowe-h9i8f7,https://s2.adresowa.pl/oi/5c/3e/412802_9ad8_cover@2x-3-pokojowe-mieszkanie-bialystok-wysoki-stoczek-ul-szeroka.webp
Białystok Piaski,ul. Jerzego Waszyngtona 14,1,23,349000,15174,Pośrednik,,12,https://adresowo.pl/o/mieszkanie-bialystok-piaski-ul-jerzego-waszyngtona-1-pokoj-b4g6c0,https://s2.adresowa.pl/oi/16/34/40fe30_6fde_cover@2x-1-pokojowe-mieszkanie-bialystok-piaski-ul-jerzego-waszyngtona.webp
Białystok Zawady,ul. św. Krzysztofa,3,62,506848,8175,Pośrednik,,5,https://adresowo.pl/o/mieszkanie-bialystok-zawady-ul-sw-krzysztofa-3-pokojowe-f6k8i0,https://s2.adresowa.pl/oi/3d/19/40fe2c_6805_cover@2x-3-pokojowe-mieszkanie-bialystok-zawady-ul-sw-krzysztofa.webp
Białystok Piaski,ul. Jerzego Waszyngtona,3,60,429000,7150,bez pośredników,,8,https://adresowo.pl/o/mieszkanie-bialystok-piaski-ul-jerzego-waszyngtona-3-pokojowe-f0v9o5,https://s2.adresowa.pl/oi/27/1d/41279a_6865_cover@2x-3-pokojowe-mieszkanie-bialystok-piaski-ul-jerzego-waszyngtona.webp
Białystok Bacieczki,ul. Hugo Kołłątaja,2,48,439000,9146,bez pośredników,,13,https://adresowo.pl/o/mieszkanie-bialystok-bacieczki-ul-hugo-kollataja-2-pokojowe-l3m2a6,https://s2.adresowa.pl/oi/4c/4a/412272_fa24_cover@2x-2-pokojowe-mieszkanie-bialystok-bacieczki-ul-hugo-kollataja.webp
Białystok Nowe Miasto,ul. Kazimierza Pułaskiego,2,44,459000,10432,bez pośredników,,7,https://adresowo.pl/o/mieszkanie-bialystok-nowe-miasto-ul-kazimierza-pulaskiego-2-pokojowe-h6h1c1,https://s2.adresowa.pl/oi/5a/6f/41208c_a37c_cover@2x-2-pokojowe-mieszkanie-bialystok-nowe-miasto-ul-kazimierza-pulaskiego.webp
Białystok Piaski,ul. Jerzego Waszyngtona 36,2,43,630000,14651,Pośrednik,,14,https://adresowo.pl/o/mieszkanie-bialystok-piaski-ul-jerzego-waszyngtona-2-pokojowe-o1g0t6,https://s2.adresowa.pl/oi/40/25/40fe28_d634_cover@2x-2-pokojowe-mieszkanie-bialystok-piaski-ul-jerzego-waszyngtona.webp
Białystok Centrum,ul. Ludwika Waryńskiego 29,3,61,389000,6377,Pośrednik,,19,https://adresowo.pl/o/mieszkanie-bialystok-centrum-ul-ludwika-warynskiego-3-pokojowe-g5c3x5,https://s2.adresowa.pl/oi/57/78/40fe26_6fd8_cover@2x-3-pokojowe-mieszkanie-bialystok-centrum-ul-ludwika-warynskiego.webp
Białystok Antoniuk,ul. Władysława Broniewskiego,3,54,559000,10352,bez pośredników,,7,https://adresowo.pl/o/mieszkanie-bialystok-antoniuk-ul-wladyslawa-broniewskiego-3-pokojowe-q7i6q3,https://s2.adresowa.pl/oi/12/18/412056_738a_cover@2x-3-pokojowe-mieszkanie-bialystok-antoniuk-ul-wladyslawa-broniewskiego.webp
Białystok Bojary,ul. Józefa Ignacego Kraszewskiego,2,32,519000,16219,bez pośredników,,13,https://adresowo.pl/o/mieszkanie-bialystok-bojary-ul-jozefa-ignacego-kraszewskiego-2-pokojowe-m6u5a1,https://s2.adresowa.pl/oi/72/1f/411fea_8a94_cover@2x-2-pokojowe-mieszkanie-bialystok-bojary-ul-jozefa-ignacego-kraszewskiego.webp
Białystok Centrum,ul. Józefa Ignacego Kraszewskiego,2,38,589000,15500,bez pośredników,,17,https://adresowo.pl/o/mieszkanie-bialystok-centrum-ul-jozefa-ignacego-kraszewskiego-2-pokojowe-b4r3g2,https://s2.adresowa.pl/oi/1a/39/411fd2_ba3c_cover@2x-2-pokojowe-mieszkanie-bialystok-centrum-ul-jozefa-ignacego-kraszewskiego.webp
Białystok Zawady,ul. św. Krzysztofa,3,55,472260,8587,Pośrednik,,7,https://adresowo.pl/o/mieszkanie-bialystok-zawady-ul-sw-krzysztofa-3-pokojowe-c9f8q4,https://s2.adresowa.pl/oi/3c/1c/40fe20_f164_cover@2x-3-pokojowe-mieszkanie-bialystok-zawady-ul-sw-krzysztofa.webp
Białystok Zawady,ul. św. Krzysztofa,3,57,496134,8704,Pośrednik,,7,https://adresowo.pl/o/mieszkanie-bialystok-zawady-ul-sw-krzysztofa-3-pokojowe-u6j5u4,https://s2.adresowa.pl/oi/76/3b/40fe1e_89c2_cover@2x-3-pokojowe-mieszkanie-bialystok-zawady-ul-sw-krzysztofa.webp
Białystok Skorupy,ul. Plażowa,3,60,739000,12317,bez pośredników,,20,https://adresowo.pl/o/mieszkanie-bialystok-skorupy-ul-plazowa-3-pokojowe-k6d5w3,https://s2.adresowa.pl/oi/12/3c/411e42_d812_cover@2x-3-pokojowe-mieszkanie-bialystok-skorupy-ul-plazowa.webp
Białystok Piasta,ul. Wołyńska,3,50,560000,11200,bez pośredników,,9,https://adresowo.pl/o/mieszkanie-bialystok-piasta-ul-wolynska-3-pokojowe-n1z5y3,https://s2.adresowa.pl/oi/2a/6c/411cfc_749d_cover@2x-3-pokojowe-mieszkanie-bialystok-piasta-ul-wolynska.webp
Białystok,Białostoczek,3,48,539000,11229,bez pośredników,,12,https://adresowo.pl/o/mieszkanie-bialystok-bialostoczek-3-pokojowe-48-m2-j5s1o0,https://s2.adresowa.pl/oi/1c/60/4119fe_c391_cover@2x-3-pokojowe-mieszkanie-bialystok-bialostoczek.webp
Białystok Zawady,ul. św. Krzysztofa,4,69,548550,7950,Pośrednik,,7,https://adresowo.pl/o/mieszkanie-bialystok-zawady-ul-sw-krzysztofa-4-pokojowe-r2d8b7,https://s2.adresowa.pl/oi/3f/24/40fe1c_7330_cover@2x-4-pokojowe-mieszkanie-bialystok-zawady-ul-sw-krzysztofa.webp
Białystok Zawady,ul. św. Krzysztofa,3,65,532765,8196,Pośrednik,,6,https://adresowo.pl/o/mieszkanie-bialystok-zawady-ul-sw-krzysztofa-3-pokojowe-s2q8z0,https://s2.adresowa.pl/oi/42/5e/40fe18_3cff_cover@2x-3-pokojowe-mieszkanie-bialystok-zawady-ul-sw-krzysztofa.webp
Białystok Centrum,ul. Lipowa,1,35,422640,12075,bez pośredników,,8,https://adresowo.pl/o/mieszkanie-bialystok-centrum-ul-lipowa-1-pokoj-n1v4m4,https://s2.adresowa.pl/oi/69/7f/4118de_602c_cover@2x-1-pokojowe-mieszkanie-bialystok-centrum-ul-lipowa.webp
Białystok,Dziesięciny,2,33,320000,9697,bez pośredników,,8,https://adresowo.pl/o/mieszkanie-bialystok-dziesieciny-2-pokojowe-33-m2-n4z2a7,https://s2.adresowa.pl/oi/21/7f/411812_c9d2_cover@2x-2-pokojowe-mieszkanie-bialystok-dziesieciny.webp
Białystok Nowe Miasto,ul. Zachodnia,4,64,720000,11250,bez pośredników,,19,https://adresowo.pl/o/mieszkanie-bialystok-nowe-miasto-ul-zachodnia-4-pokojowe-m3q5i7,https://s2.adresowa.pl/oi/5a/30/411712_521a_cover@2x-4-pokojowe-mieszkanie-bialystok-nowe-miasto-ul-zachodnia.webp
Białystok Zawady,ul. św. Krzysztofa,3,61,497965,8163,Pośrednik,,5,https://adresowo.pl/o/mieszkanie-bialystok-zawady-ul-sw-krzysztofa-3-pokojowe-n4z8n2,https://s2.adresowa.pl/oi/76/1b/40fe12_bd26_cover@2x-3-pokojowe-mieszkanie-bialystok-zawady-ul-sw-krzysztofa.webp
Białystok Antoniuk,ul. Władysława Broniewskiego 8C,3,54,468000,8667,Pośrednik,,20,https://adresowo.pl/o/mieszkanie-bialystok-antoniuk-ul-wladyslawa-broniewskiego-3-pokojowe-n0m9n6,https://s2.adresowa.pl/oi/6f/6b/40fe10_2a08_cover@2x-3-pokojowe-mieszkanie-bialystok-antoniuk-ul-wladyslawa-broniewskiego.webp
Białystok Piasta,ul. Bolesława Chrobrego,2,38,429000,11289,bez pośredników,,16,https://adresowo.pl/o/mieszkanie-bialystok-piasta-ul-boleslawa-chrobrego-2-pokojowe-i3q7s7,https://s2.adresowa.pl/oi/18/5e/4115a4_ae57_cover@2x-2-pokojowe-mieszkanie-bialystok-piasta-ul-boleslawa-chrobrego.webp
Białystok Centrum,ul. Krakowska,2,41,499000,12171,bez pośredników,,9,https://adresowo.pl/o/mieszkanie-bialystok-centrum-ul-krakowska-2-pokojowe-a3z7i1,https://s2.adresowa.pl/oi/7e/7f/41152c_85df_cover@2x-2-pokojowe-mieszkanie-bialystok-centrum-ul-krakowska.webp
Białystok Zawady,ul. św. Krzysztofa,4,71,570651,8037,Pośrednik,,7,https://adresowo.pl/o/mieszkanie-bialystok-zawady-ul-sw-krzysztofa-4-pokojowe-o3c1q2,https://s2.adresowa.pl/oi/4a/5b/40fe0e_4300_cover@2x-4-pokojowe-mieszkanie-bialystok-zawady-ul-sw-krzysztofa.webp
Białystok Centrum,al. Józefa Piłsudskiego,1,35,307000,8771,Pośrednik,,13,https://adresowo.pl/o/mieszkanie-bialystok-centrum-al-jozefa-pilsudskiego-1-pokoj-m5o9n2,https://s2.adresowa.pl/oi/63/65/40fe0c_461a_cover@2x-1-pokojowe-mieszkanie-bialystok-centrum-al-jozefa-pilsudskiego.webp
