locality,street,rooms,area,price_total_zl,price_sqm_zl,owner_type,date_posted,photo_count,url,image_url,city_district,full_address,floor,year_built,building_type,price_per_sqm_detailed,description_text,has_basement,has_parking,kitchen_type,window_type,ownership_type,equipment,latitude,longitude
Białystok Centrum,ul. Józefa Marjańskiego 3,3,77,805000,10455,bez pośredników,,25,https://adresowo.pl/o/mieszkanie-bialystok-centrum-ul-jozefa-marjanskiego-3-pokojowe-i7k8e2,https://s2.adresowa.pl/oi/3d/12/39765e_4743_cover@2x-3-pokojowe-mieszkanie-bialystok-centrum-ul-jozefa-marjanskiego.webp,Białystok Centrum,Józefa Marjańskiego 3,6,2004,apartamentowiec,,"Sprzedam mieszkanie w dobrym stanie, mozliwosc zamieszkania od razu po wydaniu kluczy. Nieruchomosc posiada ksiege wieczysta i jest to pelna wlasnosc Nieruchomosc znajduje sie na szóstym pietrze i ma powierzchnie 77,2m2 Sklada sie salonu z aneksem kuchennym (36,4m2)korytarz (4,4m2) zabudowany szafami , sypialni (17,4 m2), dodatkowy pokoj -gabinet(10,6m2),salon lazienkiegowy z wanną i prysznicem( 8,4m2). Zabudowa kuchni nowa ,wyposażona jest w nowoczesne sprzęty, takie jak lodówka, mikrofala, piekarnik i zmywarka. Pralka -suszarka w zabudowie w przedpokoju. Wyposazenie(meble ,RTV) zostanie. Mieszkanie wyposazone w klimatyzacje LG(chlodzenie-grzanie) Miezkanie położone w ścisłym centrum Białegostoku.Dla mieszkancow przeznaczony jest parking przy budynku do ktorego jest mozliwy wjazd za pomoca karty dostepu Agencjom Pośrednictwa dziękuję,prosze nie dzwonić!!! Cena mieszkania do negocjacji!!!",,,aneks,plastikowe,własność,"Wyposażenie: klimatyzacje, lodówka, piekarnik, pralka, suszarka, tv, zmywarka",53.129769,23.154625
Białystok,ul. Parkowa,2,38,446000,11737,bez pośredników,,8,https://adresowo.pl/o/mieszkanie-bialystok-ul-parkowa-2-pokojowe-z8w2f3,https://s2.adresowa.pl/oi/63/3b/413e7e_9dcc_cover@2x-2-pokojowe-mieszkanie-bialystok-ul-parkowa.webp,Białystok ,Parkowa,1,,kamienica,,"Do zaoferowania mam 2-pokojowe mieszkanie na pierwszym piętrze w kameralnej kamienicy. Świetna lokalizacja mieszkania, bo w budynku przy ul. Parkowej 18 w Białymstoku. Blisko wiele uczelni: Uniwersytet Medyczny, Wydział Prawa UwB, Politechnika Białostocka. Liczne placówki zdrowia: Wojewódzki Szpital Zespolony, Uniwersytecki Szpital Kliniczny itd. Parki zieleni: Park Planty, ZOO Miejskie, Park Pałac Branickich, no i ALFA Centrum Handlowe. Całość nieruchomości stanowi mieszkanie o pow. 38,81 m2 i przynależna piwnica o powierzchni około 5,8 m2. Powierzchnia poszczególnych pomieszczeń w przybliżeniu: - pokój większy ok 14 m2 - pokój mniejszy ok. 9 m2 - oddzielna kuchnia ok. 6.5 m2 - łazienka ok. 2.6 m2 Mieszkanie przeszło remont kapitalny około 3 lat temu, w tym wymieniono instalację elektryczną, sanitarną, nowe tynki, podłogi itp. Na chwilę obecną mieszkanie jest wynajęte do 08.2027 roku, z tym że jest możliwość wypowiedzenia umowy najmu z odpowiednim wyprzedzeniem lub sprzedaży z najemcami do końca trwania aktualnej umowy. Mieszkanie może służyć do dalszego wynajmowania, przerobienia na biuro (lokalizacja okien od strony ul. Parkowej) lub do zamieszkania przez nowego nabywcę. Dodatkowym atutem tej nieruchomości jest to, że klatka, w której znajduje się to mieszkanie, jako jedyna w bloku posiada dwa wejścia, zarówno od ul. Parkowej jak i od podwórka. Gorąco polecam.",tak,,osobna,,,,53.123362,23.167325
Białystok Nowe Miasto,ul. Transportowa,2,48,575000,11979,bez pośredników,,11,https://adresowo.pl/o/mieszkanie-bialystok-nowe-miasto-ul-transportowa-2-pokojowe-j2m7a3,https://s2.adresowa.pl/oi/7d/2f/413e4e_ca91_cover@2x-2-pokojowe-mieszkanie-bialystok-nowe-miasto-ul-transportowa.webp,Białystok Nowe Miasto,Transportowa,6,2014,blok,,"Atrakcyjne, dwustronne mieszkanie na ulicy Transportowej w świetnie skomunikowanej części Białegostoku, znajdujące się w apartamentowcu z 2014 roku, na VI piętrze, z cichobieżną windą. Mieszkanie zostało wykończone z dbałością o jakość i trwałość zastosowanych materiałów. Podłogi w pokojach - panele drewniane (dąb szczotkowany), w pozostałych pomieszczeniach, wraz z tarasem - gres. W kuchni blat z konglomeratu, zabudowa z forniru oraz kompletny sprzęt AGD (płyta ceramiczna, okap, piekarnik, zmywarka). W 2025 roku w kuchni przeprowadzono modernizację, obejmującą odświeżenie i poprawę funkcjonalności. Na powierzchni 48,22m2 znajdują się: salon z aneksem kuchennym, wygodna i ustawna sypialnia, przestronny przedpokój, komfortowa łazienka z pełnym wyposażeniem (pralka, suszarka na gwarancji) oraz duży, kameralny balkon zapewniający poczucie prywatności. Dużym atutem nieruchomości jest dostęp do zamkniętego patio, z urozmaiconym placem zabaw oraz zagospodarowaną zielenią, przeznaczonego wyłącznie dla mieszkańców wspólnoty. Dodatkową zaletą mieszkania jest widok z VI piętra na rozległą panoramę Białegostoku. Do mieszkania przynależy piwnica o powierzchni 1,8m2 (poziom -1) oraz miejsce postojowe w garażu podziemnym (poziom 0), dostępne w cenie 50 000 zł. NIE MA MOŻLIWOŚCI ZAKUPU MIESZKANIA BEZ MIEJSCA PARKINGOWEGO. Mieszkanie sprzedawane jest z wyposażeniem widocznym na zdjęciach, z wyjątkiem telewizora, komody w salonie oraz fotela. SPRZEDAŻ BEZ POŚREDNIKÓW",tak,tak,aneks,plastikowe,własność,"Wyposażenie: piekarnik, pralka, suszarka, telewizor, zmywarka",53.111429,23.12174
Białystok,Nowe Miasto,2,43,568000,13209,bez pośredników,,4,https://adresowo.pl/o/mieszkanie-bialystok-nowe-miasto-2-pokojowe-43-m2-m6b3d4,https://s2.adresowa.pl/oi/44/5c/413b46_f08d_cover@2x-2-pokojowe-mieszkanie-bialystok-nowe-miasto.webp,Białystok Nowe Miasto,,2,2014,blok,,"Oferuję na sprzedaż 2-pokojowe mieszkanie o powierzchni 43,5 m². Położone na drugim piętrze bloku, jest umeblowane i gotowe do zamieszkania. Wnętrze zachwyca jasnymi, białymi ścianami oraz wysokiej jakości drewnianymi podłogami. Salon oraz sypialnia są pełne naturalnego światła, co tworzy przyjemną atmosferę. Mieszkanie ma nowoczesny wystrój i współczesny styl mebli. Lokalizacja w urbanistycznym otoczeniu zapewnia bliskość do miejskich udogodnień. Mieszkanie bez obciążenia hipotecznego.",,,,,,,53.111,23.131001
Białystok Bojary,ul. Józefa Ignacego Kraszewskiego 12A,3,47,855000,18191,Pośrednik,,16,https://adresowo.pl/o/mieszkanie-bialystok-bojary-ul-jozefa-ignacego-kraszewskiego-3-pokojowe-y2v6a5,https://s2.adresowa.pl/oi/7e/38/413ba4_432c_cover@2x-3-pokojowe-mieszkanie-bialystok-bojary-ul-jozefa-ignacego-kraszewskiego.webp,Białystok Bojary,Józefa Ignacego Kraszewskiego 12A,2,2020,blok,,"Prywatna i wyjątkowa przestrzeń na Bojarach - Kraszewskiego 12A Nie każda nieruchomość położona blisko centrum musi mieć typowo miejski charakter. To mieszkanie przy ul. Józefa Ignacego Kraszewskiego 12A jest przykładem połączenia dogodnej lokalizacji z kameralnym otoczeniem. Budynek z 2020 roku mieści zaledwie sześć mieszkań i został usytuowany w głębi osiedla. Dzięki temu z jednej strony pozostajemy blisko centrum Białegostoku, z drugiej - po przekroczeniu granicy posesji wyraźnie odczuwalny jest spokojniejszy charakter miejsca. Z balkonu rozciąga się widok na skwer, a nie na ruchliwą ulicę. Mieszkanie o powierzchni 47,5 m² znajduje się na II piętrze i zostało funkcjonalnie podzielone na część dzienną oraz dwie sypialnie. Salon z aneksem kuchennym tworzy centralną przestrzeń mieszkania, natomiast dwie niezależne sypialnie pozwalają wygodnie wykorzystać lokal zarówno przez parę, jak i niewielką rodzinę czy osobę potrzebującą dodatkowego pokoju do pracy. Dużym atutem jest około 15-metrowy balkon - powierzchnia, która pozwala potraktować go nie tylko jako klasyczną przestrzeń zewnętrzną, ale jako dodatkowe miejsce do odpoczynku czy spędzania czasu w cieplejszych miesiącach. Komfort codziennego użytkowania uzupełniają: ogrzewanie podłogowe w całym mieszkaniu z trzema niezależnymi czujnikami temperatury, winda dostępna z poziomu gruntu, piwnica o powierzchni około 4 m² i wysokości 3,2 m, ogrodzony teren wspólnoty, dostępny (tylko dla mieszkańców) taras z miejscem na grilla na dachu budynku, brama wjazdowa sterowana pilotem. Do lokalu przynależne jest miejsce postojowe w garażu podziemnym w cenie - 60 000 zł . Lokalizacja, która pozostawia wybór Bojary pozwalają korzystać z miejskiej infrastruktury bez konieczności mieszkania bezpośrednio przy głównych arteriach komunikacyjnych. Centrum pozostaje w bezpośrednim sąsiedztwie, natomiast samo położenie budynku zapewnia bardziej kameralne warunki codziennego funkcjonowania. To propozycja dla osób, które zwracają uwagę nie tylko na metraż i liczbę pokoi, ale również na skalę budynku, otoczenie, prywatność i jakość codziennego korzystania z mieszkania . Mieszkania w tej lokalizacji pojawiają się na rynku niezwykle rzadko. To miejsce z charakterem, wyróżniające się otoczeniem i położeniem blisko centrum. Oferta objęta klauzulą wyłączności. Zapraszam do kontaktu oraz na prezentację nieruchomości. Pośrednik odpowiedzialny zawodowo za wykonanie umowy pośrednictwa: Paweł Sołomianko (licencja nr: 25616)",,,aneks,plastikowe,własność,,53.136002,23.173577
Białystok Piasta,ul. Sybiraków,2,49,467400,9539,Pośrednik,,12,https://adresowo.pl/o/mieszkanie-bialystok-piasta-ul-sybirakow-2-pokojowe-m2t1c3,https://s2.adresowa.pl/oi/42/45/4128a4_d84b_cover@2x-2-pokojowe-mieszkanie-bialystok-piasta-ul-sybirakow.webp,Białystok Piasta,Sybiraków,1,2000,blok,,"Komfortowe 2-pokojowe mieszkanie z dużym balkonem przy ul. Sybiraków. Oferta dostępna wyłącznie w naszym biurze ! Na sprzedaż funkcjonalne i przestronne mieszkanie o powierzchni 49,20 m², położone przy ul. Sybiraków w Białymstoku. Do mieszkania przynależy również piwnica o powierzchni 1,60 m². Lokal znajduje się na I piętrze niskiego, kameralnego bloku wybudowanego w 2000 roku, wzniesionego z cegły. To propozycja dla osób, które szukają wygodnego mieszkania w dobrze skomunikowanej części miasta, z dostępem do przestrzeni i bez konieczności mieszkania na wysokim piętrze. Mieszkanie ma bardzo funkcjonalny układ i składa się z:- przestronnego salonu połączonego z otwartą kuchnią, - dużej, ustawnej sypialni, - bardzo dużej łazienki z wanną, - przedpokoju, - balkonu z wyjściem bezpośrednio z salonu. Mieszkanie jest umeblowane, dzięki czemu może być gotowe do zamieszkania bez konieczności ponoszenia dużych nakładów na jego wyposażenie. Dużym atutem jest dwustronna wystawa okien – wschodnia i północna, zapewniająca naturalne światło o różnych porach dnia. Z salonu prowadzi wyjście na balkon, z którego rozpościera się otwarta perspektywa na okolicę. Zabudowa w bezpośrednim sąsiedztwie nie jest nadmiernie zwarta, dzięki czemu mieszkanie daje przyjemne poczucie przestrzeni i oddechu. Lokalizacja : Położenie przy ul. Sybiraków to kolejny istotny atut nieruchomości. W pobliżu znajduje się infrastruktura potrzebna do codziennego życia, a bardzo dobra dostępność komunikacji miejskiej pozwala sprawnie dotrzeć do różnych części Białegostoku. Dodatkowym udogodnieniem jest duża liczba miejsc parkingowych w bezpośrednim sąsiedztwie bloku, co jest szczególnie istotne dla osób korzystających na co dzień z samochodu. Najważniejsze atuty nieruchomości: ✓ 49,20 m² powierzchni mieszkania ✓ dodatkowa piwnica 1,60 m² ✓ I piętro w niskim bloku ✓ budynek z 2000 roku ✓ salon z otwartą kuchnią ✓ przestronna sypialnia ✓ bardzo duża łazienka z wanną ✓ balkon z wyjściem z salonu ✓ mieszkanie umeblowane ✓ wschodnia i północna wystawa okien ✓ otwarta perspektywa i poczucie przestrzeni z balkonu ✓ liczne miejsca parkingowe pod blokiem ✓ bardzo dobra komunikacja z pozostałymi częściami Białegostoku ✓ niski czynsz Jeżeli szukasz mieszkania o wygodnym układzie, z dużą łazienką, balkonem i dobrą komunikacją z miastem – ta nieruchomość zdecydowanie zasługuje na uwagę. Zapraszam na prezentację : Monika Witkowska",tak,,aneks,,własność,,53.131201,23.197798
Białystok Nowe Miasto,ul. Feliksa Filipowicza,2,39,550000,14103,bez pośredników,,16,https://adresowo.pl/o/mieszkanie-bialystok-nowe-miasto-ul-feliksa-filipowicza-2-pokojowe-z9e3a6,https://s2.adresowa.pl/oi/10/46/413b12_98cc_cover@2x-2-pokojowe-mieszkanie-bialystok-nowe-miasto-ul-feliksa-filipowicza.webp,Białystok Nowe Miasto,Feliksa Filipowicza,parter,2022,blok,,"Oferuję na sprzedaż mieszkanie z ogródkiem o łącznej powierzchni 58,51 m2 na osiedlu rekreacyjnym przy ulicy Feliksa Filipowicza. Samo mieszkanie ma 38,66 m2, a ogródek 19,85 m2. Mieszkanie jest 2-pokojowe, usytuowane na parterze w nowoczesnym bloku z 2022 roku. Mieszkanie jest luksusowe, wyposażone w ogrzewanie podłogowe, meble i sprzęt AGD: pralkę, suszarkę, zmywarkę, lodówkę, kuchenkę, piekarnik oraz telewizor. Do mieszkania przynależy komórka lokatorska. Przy mieszkaniu znajduje się taras z ogródkiem. Jest to idealne miejsce na relaks, odpoczynek w ciszy. Ogrzewanie miejskie i certyfikat energetyczny klasy A zapewniają komfort i niskie koszty eksploatacji. Lokalizacja w Nowym Mieście w Białymstoku to ogromna zaleta. W pobliżu znajdują się: - restauracja ""Gorący Trójkąt"" - przedszkole i żłobek ""Super Kids"" - szkoła podstawowa im. Jana Pawła II - las Solnicki, ze ścieżkami spacerowymi - przystanki autobusowe [numer], 104 - supermarket ""Kukułka"" - Sklep Arhelan na osiedlu w bloku obok - Biedronka - Stacja Paliw Orlen - Stadion Miejski Chorten Arena - Pięć placów zabaw - Targowisko Miejskie w Białymstoku - Dwa Paczkomaty Inpost i DHL na osiedlu - Siłownia plenerowa oraz boisko do gry w piłkę nożną, koszykówkę, itp. Wszystko, czego potrzebujesz, jest w zasięgu ręki. To świetna okazja, aby zamieszkać w atrakcyjnej lokalizacji. Współpraca z agencjami nieruchomości jedynie z gotowym klientem.",tak,,aneks,plastikowe,własność,"Wyposażenie: kuchenkę, lodówkę, piekarnik, pralkę, suszarkę, telewizor, zmywarkę",53.093071,23.135423
Białystok Białostoczek,ul. Białostoczek,2,38,375000,9868,bez pośredników,,15,https://adresowo.pl/o/mieszkanie-bialystok-bialostoczek-ul-bialostoczek-2-pokojowe-f6x7r5,https://s2.adresowa.pl/oi/4c/6f/41363a_63ef_cover@2x-2-pokojowe-mieszkanie-bialystok-bialostoczek-ul-bialostoczek.webp,Białystok Białostoczek,Białostoczek,7,1980,blok,,"Na sprzedaż funkcjonalne, dwupokojowe mieszkanie o powierzchni 38,7 m², zlokalizowane na 7 piętrze w budynku z windą przy ul. Białostoczek. Osobna kuchnia oraz wysokie piętro gwarantujące doskonałe doświetlenie i ładny widok. Mieszkanie po generalnym remoncie w 2022r. (zostały wymienione wszystkie instalacje). Mieszkanie jest bardzo ustawne, a brak przechodnich pokoi zapewnia pełną prywatność mieszkańcom. Dzięki ekspozycji okien mieszkanie jest jasne, ciepłe i dobrze doświetlone przez większą część dnia. Świetna lokalizacja i infrastruktura: Komunikacja: Blisko przystanki autobusowe (linie [numer]7). Szkoła Podstawowa nr 26 - 240 m. Szkoła Podstawowa Nr 42 - 650 m. Przedszkole Samorządowe nr 55 - 300 m. Pływalnia Sportowa - 1200 m. Kościół Miłosierdzia Bożego w Białymstoku - 350 m. Sklepy: - Stokrotka - 240 m. - Biedronka - 450 m. - Rossmann - 210 m. - Apteka - 210 m. - Lidl - 600 m. Usługi i rozrywka: - Galeria Jurowiecka - 1200 m. - Pływalnia Sportowa - 1200 m.",,,osobna,plastikowe,,,53.146382,23.151628
Białystok,Wysoki Stoczek,3,60,520000,8667,bez pośredników,,8,https://adresowo.pl/o/mieszkanie-bialystok-wysoki-stoczek-3-pokojowe-60-m2-y7i4p9,https://s2.adresowa.pl/oi/39/46/4133b2_f5df_cover@2x-3-pokojowe-mieszkanie-bialystok-wysoki-stoczek.webp,Białystok Wysoki Stoczek,,6,1985,blok,,"Sprzedam piękne 60 metrowe, 3 pokojowe mieszkanie położone na 6 piętrze w bloku 7-piętrowym z windą. Posiada ono oddzielną kuchnię i dwie łazienki. Okna mieszkania wychodzą na wschód, zachód oraz południe, w związku z tym mieszkanie jest ciepłe i słoneczne. Z salonu można podziwiać widok na panoramę miasta oraz wyjść na balkon. Dodatkowym atutem jest należąca do mieszkania piwnica, komórka lokatorska oraz miejsce parkingowe na pobliskim strzeżonym parkingu. Mieszkanie przeszło remont w 2021 roku. Zapraszam.",tak,tak,osobna,,,,53.144431,23.108514
Białystok Skorupy,ul. Sybiraków,2,38,450000,11842,Pośrednik,,20,https://adresowo.pl/o/mieszkanie-bialystok-skorupy-ul-sybirakow-2-pokojowe-h8y5r5,https://s2.adresowa.pl/oi/69/34/41241a_3906_cover@2x-2-pokojowe-mieszkanie-bialystok-skorupy-ul-sybirakow.webp,Białystok Skorupy,Sybiraków,1,2002,blok,,"Na sprzedaż 2-pokojowe mieszkanie o powierzchni 38m², położone w Białymstoku przy ul. Sybiraków. Lokal znajduje się na 1 piętrze w niskim, trzypiętrowym bloku. Mieszkanie jest bardzo zadbane i gotowe do zamieszkania– bez dodatkowego wkładu finansowego. Możesz wprowadzić się od razu, bez konieczności przeprowadzania remontu. W skład mieszkania wchodzą: - salon z aneksem - 21,90m2 - sypialnia - 11,40m2 - łazienka - 3,3m2 - korytarz - 3,2m2 - zabudowany balkon o powierzchni 4,6m2. Dodatkowy komfort zapewnia- klimatyzacja w sypialni, która sprawdzi się szczególnie w ciepłe, letnie dni. - nowe okna 3-szybowe, zapewniające dobrą izolację termiczną i akustyczną oraz większy komfort codziennego użytkowania. Do mieszkania przynależy piwnica o powierzchni 2,60m2 Atrakcyjna lokalizacja – ul. Sybiraków Nieruchomość położona jest w dobrze rozwiniętej części Białegostoku, w rejonie osiedla Piasta/Sybiraków. Okolica łączy wygodę miejskiego życia z dostępem do terenów zielonych i spokojniejszej zabudowy. W najbliższym sąsiedztwie znajduje się wszystko, co potrzebne do codziennego życia. W odległości zaledwie kilkuset metrów dostępne są m.in. sklepy spożywcze, piekarnia, apteka, przychodnia, punkty usługowe oraz plac zabaw. Najbliższy sklep spożywczy znajduje się około 130–150 m od budynku, a przychodnia i apteka około 120 m. Lokalizacja jest również bardzo dobrze skomunikowana z pozostałą częścią miasta. Przystanek autobusowy przy ul. Sybiraków/Andrukiewicza znajduje się około 100 m od nieruchomości, co pozwala na wygodne korzystanie z komunikacji miejskiej. To propozycja dla osób szukających wygodnego mieszkania na własne potrzeby, jak również dla inwestora poszukującego lokalu w dobrze skomunikowanej i rozwiniętej części Białegostoku. Zapraszam do kontaktu i na prezentację! Ewa Kochańska",tak,,,,własność,Wyposażenie: klimatyzacja,53.132419,23.199969
Białystok,ul. Mikołaja Kopernika 5A,4,61,455000,7459,Pośrednik,,15,https://adresowo.pl/o/mieszkanie-bialystok-ul-mikolaja-kopernika-4-pokojowe-u8p3f6,https://s2.adresowa.pl/oi/34/6e/4108a0_5cc4_cover@2x-4-pokojowe-mieszkanie-bialystok-ul-mikolaja-kopernika.webp,Białystok ,Mikołaja Kopernika 5A,1,1976,blok,,"Najnowsza oferta 4 pokojowego mieszkania - TYLKO i WYŁĄCZNIE w biurze ""Olchowik nieruchomości"". Serdecznie ZAPRASZAMY do zapoznania się z naszą najnowszą ofertą sprzedaży mieszkania. Wspaniała lokalizacja - ul.Kopernika 5A w Białymstoku, jest idealnycm miejscem zwłaszcza dla ludzi pragnących bliskości do tętniącego życiem Centrum oraz łtwości komunikacyjnej. Jest to miejsce idealne dla studentów np.Politechniki Białostoskiej czy też innych uczelni wyższych lub Szkół średnich. Tak na prawdę komunikacyjnie jest wszędzie blisko. Mieszkanie znajduje sie w 9-cio piętrowym bloku po termomodernizacji. Usytuowane jest na 1 piętrze. Na powierzchnię 61,95 mkw., składają się 4 pokoje, oddzielna kuchnia, łazienka, WC oraz przedpokój. MIeszkanie jest bardzo widne, Wszystkie pokoje dostępne są z przedpokoju- brak pomieszczeń przechodnich. Czynsz jest w wysokości -ok.700zł W mieszkanie rozpoczęto prace remontowe związane z wymianą elektryki oraz przygotowanie ścian i sufitów pod prace wykończeniowe. Do mieszkania przynależy piwnica oraz bokówka. Oferta objęta klauzulą wyłączności, to mieszkanie możesz kupić tylko z naszym biurem. Serdecznie zapraszamy do kontaktu po więcej informacji. Wioleta Olchowik [numer]",,,,,własność,,53.121378,23.143466
Białystok Wysoki Stoczek,ul. Swobodna,2,48,439000,9146,bez pośredników,,5,https://adresowo.pl/o/mieszkanie-bialystok-wysoki-stoczek-ul-swobodna-2-pokojowe-f0u4a2,https://s2.adresowa.pl/oi/2f/6c/40b4a0_7304_cover@2x-2-pokojowe-mieszkanie-bialystok-wysoki-stoczek-ul-swobodna.webp,Białystok Wysoki Stoczek,Swobodna,parter,1987,blok,,"Parter z ogrodkiem Cena: 439 000 zł Na sprzedaż 2-pokojowe mieszkanie o powierzchni 48,29 m², położone na parterze w spokojnej części osiedla Wysoki Stoczek w Białymstoku. Największym atutem nieruchomości jest prywatny ogródek o powierzchni ok. 35 m², z bezpośrednim wyjściem z mieszkania. To wyjątkowa przestrzeń do wypoczynku, zabawy dla dzieci czy urządzenia własnego kącika zieleni. Najważniejsze informacje: powierzchnia: 48,29 m² 2 pokoje oddzielna, jasna kuchnia parter prywatny ogródek ok. 35 m² zabudowana loggia z rozsuwanymi szybami piwnica czynsz administracyjny: ok. 630 zł miesięcznie księga wieczysta mieszkanie do lekkiego remontu/odświeżenia, co pozwala urządzić je według własnego gustu Mieszkanie ma funkcjonalny układ i duży potencjał aranżacyjny. Parter oraz własny ogródek sprawiają, że jest to wygodne rozwiązanie zarówno dla osób ceniących kontakt z zielenią, jak i dla rodziny z dziećmi. Zapraszam do kontaktu i obejrzenia mieszkania na żywo.",tak,,osobna,plastikowe,spółdzielcze własnościowe,,53.147279,23.108127
Białystok Centrum,ul. Stołeczna,3,66,1159000,17561,bez pośredników,,37,https://adresowo.pl/o/mieszkanie-bialystok-centrum-ul-stoleczna-3-pokojowe-k0x3n3,https://s2.adresowa.pl/oi/56/2d/413334_3d51_cover@2x-3-pokojowe-mieszkanie-bialystok-centrum-ul-stoleczna.webp,Białystok Centrum,Stołeczna,parter,2010,blok,,"Ścisłe centrum Białegostoku, ul Stołeczna 4/2A, 3 pokojowe mieszkanie 66,7 m2, cicha, spokojna okolica, taras dachowy. Na wyposażeniu są zabudowy stałe w postaci kuchni i dwóch obszernych szaf (w korytarzu i w pokoju) oraz umeblowana sypialnia. https://youtube.com/shorts/x2D0cW5NFqE?si=O5U6gIJmBFY_EMnL Ze szczegółami można zapoznać się w filmie załączonym do ogłoszenia. Sprzedam przestrzenne, słoneczne trzy pokojowe mieszkanie 66,7 m2, na parterze przy ulicy Stołecznej (ścisłe centrum) w kameralnym bloku z cegły (rok budowy 2010) z jedynie szesnastoma mieszkaniami, w cichej, spokojnej okolicy z dala od głównej drogi położone przy drodze jednokierunkowej. Teren ogrodzony, mieszkanie z oszklonym balkonem i dwoma tarasami - jeden przy mieszkaniu, drugi na dachu. Podjazd dla osoby niepełnosprawnej. W pobliżu sklepy PS Społem, Biedronka, szkoła, przychodnia, park, Opera, Teatr Lalek, Uniwersytet. W mieszkaniu pozostają zabudowy stałe, dwie duże szafy typu komandor w pokoju i na korytarzu, umeblowana sypialnia, wyposażenie kuchni i łazienki. Pozostałe meble do własnej aranżacji widoczne w filmie. Mieszkanie posiada lodówkę, zmywarkę, piekarnik, płytę indukcyjną. Szczegóły widoczne w filmie na youtube. Proszę dwukrotnie kliknąć w film w ogłoszeniu lub wkleić link do przeglądarki. Z racji na położenie mieszkanie nadaje się do zaadaptowania na biuro małej firmy. Średnie opłaty mieszkaniowe (woda, ogrzewanie, czynsz) wynoszą ok 1000 zł miesięcznie +prąd przy dwóch osobach. Dodatkowo możliwość kupienia miejsca parkingowego za dopłatą. Zapraszam na prezentację. Mieszkanie dostępne od grudnia 2026 roku.",tak,tak,aneks,drewniane,,"Wyposażenie: lodówkę, piekarnik, zmywarkę",53.132726,23.144384
Białystok Wysoki Stoczek,ul. Szeroka,3,47,440000,9362,bez pośredników,,6,https://adresowo.pl/o/mieszkanie-bialystok-wysoki-stoczek-ul-szeroka-3-pokojowe-h9i8f7,https://s2.adresowa.pl/oi/5c/3e/412802_9ad8_cover@2x-3-pokojowe-mieszkanie-bialystok-wysoki-stoczek-ul-szeroka.webp,Białystok Wysoki Stoczek,Szeroka,parter,1997,blok,,Mieszkanie 3 pokojowe z ogródkiem z ogrodzeniem i możliwością dostosowania wejścia dla niepełnosprawnych przez ogródek. Spokojnie zacisznie. Ściany w małych pokoikach są odświeżane ( gładzie w trakcie),tak,,osobna,,własność,,53.149281,23.109636
Białystok Piaski,ul. Jerzego Waszyngtona 14,1,23,349000,15174,Pośrednik,,12,https://adresowo.pl/o/mieszkanie-bialystok-piaski-ul-jerzego-waszyngtona-1-pokoj-b4g6c0,https://s2.adresowa.pl/oi/16/34/40fe30_6fde_cover@2x-1-pokojowe-mieszkanie-bialystok-piaski-ul-jerzego-waszyngtona.webp,Białystok Piaski,Jerzego Waszyngtona 14,parter,1974,blok,,"Gotowe do zamieszkania mieszkanie z prywatnym ogródkiem – świetna lokalizacja w sąsiedztwie USK, DSK i UMB! Zapraszamy do zapoznania się z ofertą sprzedaży kawalerki o powierzchni 23,8 m², położonej na parterze budynku przy ul. Waszyngtona 14 w Białymstoku. Mieszkanie jest po remoncie, częściowo umeblowane i gotowe do zamieszkania lub wynajęcia. Wszystkie elementy wyposażenia zostały zakupione jako nowe. Układ mieszkania: -przedpokój, -salon z aneksem kuchennym, -łazienka z prysznicem Do mieszkania przynależy piwnica oraz przestronny ogródek o powierzchni około 40 m², który można samodzielnie zagospodarować i stworzyć własną zieloną przestrzeń do wypoczynku. Standard i wyposażenie: W mieszkaniu przeprowadzono remont obejmujący m.in. wymianę instalacji elektrycznej oraz wodno-kanalizacyjnej. Ponadto: nowe AGD, nowa łazienka z prysznicem, nowe drzwi wejściowe, mieszkanie jest jasne, lokal jest częściowo umeblowany, mieszkanie środkowe. Lokalizacja: Nieruchomość znajduje się w bardzo dobrze skomunikowanej części Białegostoku, w pobliżu Uniwersyteckiego Szpitala Klinicznego, DSK oraz Uniwersytetu Medycznego. To doskonała propozycja zarówno dla osoby szukającej własnego mieszkania, jak i dla inwestora. Lokalizacja sprawia, że nieruchomość może być szczególnie atrakcyjna pod wynajem studentom, lekarzom, pracownikom szpitala lub innym osobom pracującym i studiującym w okolicy. Dodatkowym atutem jest duży parking pod blokiem, za szlabanem, przeznaczony wyłącznie dla mieszkańców. Mieszkanie gotowe do zamieszkania – nie wymaga dodatkowych nakładów na start. Zachęcamy do kontaktu i umówienia się na prezentację! Małgorzata Wróblewska",tak,,,,własność,,53.124586,23.152495
Białystok Zawady,ul. św. Krzysztofa,3,62,506848,8175,Pośrednik,,5,https://adresowo.pl/o/mieszkanie-bialystok-zawady-ul-sw-krzysztofa-3-pokojowe-f6k8i0,https://s2.adresowa.pl/oi/3d/19/40fe2c_6805_cover@2x-3-pokojowe-mieszkanie-bialystok-zawady-ul-sw-krzysztofa.webp,Białystok Zawady,św. Krzysztofa,1,2027,blok,,"Kameralne Zawady – nowoczesna inwestycja mieszkaniowa Zapraszamy do zapoznania się z ofertą inwestycji Kameralne Zawady, zlokalizowanej przy ul. Św. Krzysztofa, na spokojnym i cenionym osiedlu Zawady. To propozycja dla osób, które szukają połączenia nowoczesnej architektury, kameralnej skali zabudowy oraz komfortu codziennego życia. Informacje podstawowe- 42 mieszkania - 3 kondygnacje naziemne - Kameralny budynek o niewielkiej skali - Funkcjonalne układy mieszkań o powierzchniach od 37,74m2 do 82,47m2 zaprojektowane z myślą o wygodzie mieszkańców W przedmiotowym lokalu na powierzchni 62,19m2 znajdują się: - Pokój z aneksem: 20,13m2 - Pokój: 14,53m2 - Pokój: 12,39m2 - Przedpokój: 8,80m2 - Łazienka: 4,27m2 - WC: 2,07m2 - Balkon: 4m2 Mieszkanie na I Piętrze z ekspozycją okien : zachód, wschód. Nowoczesny styl i funkcjonalność Budynek wyróżnia się prostą, elegancką bryłą oraz nowoczesnym stylem architektonicznym. Stonowana kolorystyka elewacji i wysokiej jakości materiały wykończeniowe harmonijnie wpisują się w charakter osiedla Zawady, zapewniając estetykę i trwałość na lata. Mieszkania zostały zaprojektowane tak, aby maksymalnie wykorzystać dostępną przestrzeń – jasne wnętrza, przemyślane układy pomieszczeń oraz duże przeszklenia tworzą komfortowe warunki do życia zarówno dla singli, par, jak i rodzin. Lokalizacja Ulica Św. Krzysztofa to miejsce, które łączy ciszę i spokój kameralnego osiedla z dogodnym dojazdem do centrum miasta. W pobliżu znajdują się tereny zielone, infrastruktura handlowo-usługowa oraz szybkie połączenia komunikacyjne z pozostałymi częściami Białegostoku. Kameralne Zawady to idealny wybór dla osób ceniących nowoczesne budownictwo, spokojne otoczenie i wysoki standard codziennego życia. Planowany termin oddania mieszkania do użytku – grudzień 2027r. Miejsca parkingowe - w cenie 35.000zł . Komórki lokatorskie w cenie 3000zł/m2 Po więcej informacji zapraszam do kontaktu: Grzegorz Kozłowski",,,,,własność,,53.169749,23.112402
Białystok Piaski,ul. Jerzego Waszyngtona,3,60,429000,7150,bez pośredników,,8,https://adresowo.pl/o/mieszkanie-bialystok-piaski-ul-jerzego-waszyngtona-3-pokojowe-f0v9o5,https://s2.adresowa.pl/oi/27/1d/41279a_6865_cover@2x-3-pokojowe-mieszkanie-bialystok-piaski-ul-jerzego-waszyngtona.webp,Białystok Piaski,Jerzego Waszyngtona,6,1977,blok,,"PRZESTRONNE 3 POKOJE | 60,10 m² | UL. WASZYNGTONA | VI PIĘTRO | BALKON | PIWNICA | PARKING Na sprzedaż przestronne, 3-pokojowe mieszkanie o powierzchni 60,10 m², położone przy ul. Waszyngtona na osiedlu Piaski w Białymstoku. Mieszkanie znajduje się na IV piętrze i ma dwustronny układ, dzięki czemu pomieszczenia są dobrze doświetlone. Największym atutem nieruchomości jest połączenie dużej, wygodnej powierzchni z bardzo dobrą lokalizacją. Mieszkanie daje również dużą swobodę aranżacji i możliwość stworzenia wnętrza dopasowanego do własnych potrzeb. FUNKCJONALNY UKŁAD Na 60,10 m² znajdują się: - przestronny salon z wyjściem na balkon, - dwa niezależne pokoje, - oddzielna kuchnia, - łazienka, - WC, - przedpokój. Trzy niezależne pokoje pozwalają wygodnie wydzielić strefę dzienną, sypialnię oraz dodatkowy pokój - np. dla dziecka, do pracy czy jako pokój gościnny. DODATKOWE ATUTY Do mieszkania przynależą: - balkon, - piwnica. Dużym atutem jest parking za szlabanem przeznaczony dla mieszkańców. Duża liczba dostępnych miejsc sprawia, że parkowanie w pobliżu budynku nie stanowi problemu. LOKALIZACJA Ul. Waszyngtona to jedna z największych zalet tego mieszkania. Nieruchomość znajduje się na osiedlu Piaski, w niewielkiej odległości od centrum Białegostoku, z bardzo dobrym dostępem do miejskiej infrastruktury. W okolicy znajdują się m.in. uczelnie, szpitale, sklepy, punkty usługowe, restauracje oraz komunikacja miejska. Bliskość Uniwersytetu Medycznego oraz Uniwersyteckiego Szpitala Klinicznego i Uniwersytetu w Białymstoku sprawia, że jest to również lokalizacja atrakcyjna pod kątem wynajmu. NAJWAŻNIEJSZE INFORMACJE 60,10 m² | 3 pokoje | VI piętro | mieszkanie dwustronne | balkon | piwnica | parking | oddzielna kuchnia | do remontu Jeśli szukasz mieszkania, w którym nie brakuje przestrzeni, a jednocześnie zależy Ci na lokalizacji blisko centrum i pełnej miejskiej infrastruktury, zapraszam do kontaktu i obejrzenia mieszkania.",tak,,osobna,plastikowe,własność,,53.124996,23.156449
Białystok Bacieczki,ul. Hugo Kołłątaja,2,48,439000,9146,bez pośredników,,13,https://adresowo.pl/o/mieszkanie-bialystok-bacieczki-ul-hugo-kollataja-2-pokojowe-l3m2a6,https://s2.adresowa.pl/oi/4c/4a/412272_fa24_cover@2x-2-pokojowe-mieszkanie-bialystok-bacieczki-ul-hugo-kollataja.webp,Białystok Bacieczki,Hugo Kołłątaja,3,1999,blok,,"Mieszkanie o powierzchni 48,5 m2 mieści się na 3 piętrze w 3 piętrowym budynku. Do mieszkania przynależy piwnica. W 2020r wymienione wszystkie okna na 3-szybowe, generalny remont łazienki, oraz odnowione pozostałe pomieszczenia. W skład mieszkania wchodzą: - oddzielna duża kuchnia, - salon, - sypialnia, - łazienka, - korytarz GŁÓWNE ATUTY: - funkcjonalny rozkład pomieszczeń, - balkon - cicha i spokojna okolica, - bardzo dobrze rozwinięta infrastruktura w okolicy bloku: lokalne sklepy spożywcze, szkoły, apteka, lokale gastronomiczne itp. Mieszkanie w trakcie opróżniania i sprzątania, zostaje cała zabudowa kuchni wraz z lodówką, kuchenka, stół, cztery krzesła; w sypialni zostaje duża szafa; w łazience pralka; zabudowa, szafka i wieszak w korytarzu. Ze względu na lokalizację świetnie sprawdzi się również pod wynajem. Oferta prywatna, bez pośredników - biurom nieruchomości dziękuję. Zapraszam do kontaktu i obejrzenia mieszkania.",tak,,osobna,plastikowe,własność,"Wyposażenie: kuchenka, pralka",53.148631,23.090976
Białystok Nowe Miasto,ul. Kazimierza Pułaskiego,2,44,459000,10432,bez pośredników,,7,https://adresowo.pl/o/mieszkanie-bialystok-nowe-miasto-ul-kazimierza-pulaskiego-2-pokojowe-h6h1c1,https://s2.adresowa.pl/oi/5a/6f/41208c_a37c_cover@2x-2-pokojowe-mieszkanie-bialystok-nowe-miasto-ul-kazimierza-pulaskiego.webp,Białystok Nowe Miasto,Kazimierza Pułaskiego,3,1994,blok,,"Na sprzedaż 2-pokojowe mieszkanie o powierzchni 44,05 m², położone na 3. piętrze w budynku z cegły na osiedlu Nowe Miasto, przy ul. Pułaskiego. Mieszkanie ma funkcjonalny układ, balkon oraz piwnicę i stanowi bardzo dobrą bazę do stworzenia wnętrza dopasowanego do własnego gustu i potrzeb. Najważniejsze atuty: • 44,05 m² • 2 pokoje • 3. piętro • balkon • piwnica • budynek z cegły • rok budowy 1994 • funkcjonalny układ pomieszczeń • spokojna część osiedla Nowe Miasto Mieszkanie było remontowane kilkanaście lat temu. Obecnie wymaga odświeżenia lub modernizacji, w zależności od oczekiwań nowego właściciela. W pokojach zachowała się piękna, naturalna drewniana podłoga w idealnym stanie – to zdecydowanie jeden z atutów mieszkania. To dobra propozycja dla osób, które chcą urządzić mieszkanie po swojemu i stworzyć wnętrze odpowiadające własnym potrzebom. Układ mieszkania daje sporo możliwości aranżacyjnych, dlatego lokal można dostosować zarówno do potrzeb pary lub singla, jak i wykorzystać jako mieszkanie inwestycyjne pod wynajem. Lokalizacja Nieruchomość znajduje się w dobrze zagospodarowanej części Nowego Miasta, przy ul. Pułaskiego. W najbliższej okolicy znajdują się sklepy, punkty usługowe, szkoły, przedszkola, komunikacja miejska oraz tereny zielone. Lokalizacja zapewnia wygodny dostęp do centrum Białegostoku oraz innych części miasta, a jednocześnie pozwala korzystać z pełnej infrastruktury potrzebnej na co dzień. Informacje dodatkowe: Forma własności: spółdzielczo-własnościowe prawo do lokalu Spółdzielnia: SM „Budowlani” Czynsz: ok. 700 zł Cena: 459 000 zł – do negocjacji. Zapraszam do kontaktu i umówienia prezentacji tel. [numer] Warto zobaczyć mieszkanie na żywo i ocenić jego układ, możliwości aranżacyjne oraz lokalizację.",tak,,aneks,plastikowe,spółdzielcze własnościowe,,53.10853,23.127532
Białystok Piaski,ul. Jerzego Waszyngtona 36,2,43,630000,14651,Pośrednik,,14,https://adresowo.pl/o/mieszkanie-bialystok-piaski-ul-jerzego-waszyngtona-2-pokojowe-o1g0t6,https://s2.adresowa.pl/oi/40/25/40fe28_d634_cover@2x-2-pokojowe-mieszkanie-bialystok-piaski-ul-jerzego-waszyngtona.webp,Białystok Piaski,Jerzego Waszyngtona 36,1,2010,blok,,"2-pokojowe mieszkanie o powierzchni 43,5 m² w Białymstoku, w ścisłym Centrum przy ul. Jerzego Waszyngtona 36. Lokal znajduje się na 1 piętrze w 17-piętrowym budynku z 2010 roku i posiada duży balkon o powierzchni 11,2 m², co w tej części miasta jest wyraźnym atutem. To jeden z najbardziej rozpoznawalnych adresów w mieście. Bezpośrednie sąsiedztwo Uniwersyteckiego Szpitala Klinicznego, Uniwersyteckiego Dziecięcego Szpitala Klinicznego, Centrum Medicover oraz Uniwersytetu Medycznego podkreśla prestiż lokalizacji i gwarantuje stabilną wartość nieruchomości w czasie. Mieszkanie ma czytelny i funkcjonalny układ: salon 15,9 m² z wyjściem na balkon, sypialnia 9,7 m², oddzielna widna kuchnia 6,2 m², łazienka 4,3 m² oraz korytarz 4,9 m². Wyraźny podział na strefę dzienną i prywatną zwiększa komfort użytkowania. Salon jest dobrze doświetlony i umożliwia wygodne wydzielenie części wypoczynkowej oraz jadalnianej. Balkon 11,2 m² stanowi realne przedłużenie przestrzeni i pozwala na stworzenie prywatnej strefy relaksu w centrum miasta. Oddzielna kuchnia z oknem wyposażona jest w zabudowę meblową oraz komplet AGD: płyta indukcyjna, piekarnik elektryczny, lodówka, zmywarka i okap. Sypialnia mieści łóżko 2-osobowe z nowym materacem oraz miejsce do przechowywania. Łazienka wyposażona jest w kabinę prysznicową, pralkę oraz szafkę z umywalką. Lokal jest po generalnym remoncie i gotowy do zamieszkania bez dodatkowych nakładów finansowych. Budynek z 2010 roku znajduje się na terenie zamkniętym z miejscami postojowymi za szlabanem, co zwiększa poczucie bezpieczeństwa i komfort mieszkańców. Czynsz administracyjny: 377 PLN. To propozycja dla osób, które oczekują centralnej, prestiżowej lokalizacji, funkcjonalnego układu i mieszkania gotowego do wprowadzenia. Nieruchomość sprawdzi się również jako bezpieczna inwestycja pod wynajem. W celu uzyskania szczegółowych informacji oraz umówienia prezentacji zapraszam do kontaktu. Niniejsze ogłoszenie nie stanowi oferty w rozumieniu Kodeksu Cywilnego, lecz ma charakter informacyjny. Przedstawione wizualizacje i grafiki mają charakter wyłącznie poglądowy i stanowią wyłącznie materiał pomocniczy, ułatwiający zorientowanie się w ogólnym wyglądzie oferowanej nieruchomości. Niniejsze ogłoszenie wraz z jego elementami jest własnością Północ Nieruchomości Sp z o.o. lub podmiotu współpracującego. Wszelkie prawa zastrzeżone. Kopiowanie, rozpowszechnianie oraz korzystanie z niniejszych materiałów w jakikolwiek inny sposób wykraczający poza dozwolony użytek określony przepisami ustawy z 4 lutego 1994 r. o prawie autorskim i prawach pokrewnych (Dz. U. 1994, nr 24 poz. 83 z późn. zm.) bez pisemnej zgody Północ Nieruchomości Sp z o.o. lub podmiotów współpracujących jest zabronione i może stanowić podstawę odpowiedzialności cywilnej oraz karnej. Niniejsze materiały stanowią tajemnicę przedsiębiorstwa PÓŁNOC NIERUCHOMOŚCI Sp. z o.o. w rozumieniu ustawy z dnia 16 kwietnia 1993 r. o zwalczaniu nieuczciwej konkurencji (Dz. U. z 2003 r., Nr 153, poz. 1503 z późn. zm.).",,tak,,,własność,"Wyposażenie: lodówka, piekarnik, pralkę, zmywarka",53.124985,23.151411
Białystok Centrum,ul. Ludwika Waryńskiego 29,3,61,389000,6377,Pośrednik,,19,https://adresowo.pl/o/mieszkanie-bialystok-centrum-ul-ludwika-warynskiego-3-pokojowe-g5c3x5,https://s2.adresowa.pl/oi/57/78/40fe26_6fd8_cover@2x-3-pokojowe-mieszkanie-bialystok-centrum-ul-ludwika-warynskiego.webp,Białystok Centrum,Ludwika Waryńskiego 29,4,1961,blok,,"Na sprzedaż 3-pokojowe mieszkanie o powierzchni 61 m², położone w ścisłym centrum Białegostoku przy ul. Ludwika Waryńskiego 29. Lokal znajduje się na 4. piętrze w niskim, czteropiętrowym bloku. Mieszkanie stanowi idealną propozycję dla osób poszukujących nieruchomości do własnej aranżacji – wymaga kapitalnego remontu, co daje pełną swobodę w zaprojektowaniu wnętrza według własnych potrzeb i gustu. W dwóch pokojach wymieniona została instalacja elektyczna. Rozkład pomieszczeń stwarza duże możliwości funkcjonalne – istnieje opcja połączenia kuchni z jednym z pokoi, co pozwala na uzyskanie nowoczesnej, otwartej przestrzeni dziennej. W skład mieszkania wchodzą: - 3 pokoje - 18,7m2 + 12,9m2 + 11,9m2 - kuchnia - 8,2m2 - łazienka - 3m2 - przedpokój - 5,1m2 Dodatkowym atutem jest balkon o powierzchni 3,5m2. W częściach wspólnych budynku trwa gruntowny remont. Wymieniono już całą instalację elektryczną na klatkach schodowych, a ściany są obecnie przygotowywane do malowania. Nieruchomość zlokalizowana jest w doskonałym punkcie miasta – w bezpośrednim sąsiedztwie znajdują się sklepy, restauracje, szkoły, przedszkola, przychodnie, punkty usługowe oraz tereny rekreacyjne. Bardzo dobra komunikacja miejska zapewnia szybki dojazd do każdej części Białegostoku. To świetna propozycja zarówno dla inwestorów, jak i osób chcących stworzyć swoje miejsce do życia w samym sercu miasta. Zapraszam do kontaktu i na prezentację! Ewa Kochańska",,,osobna,,własność,,53.137445,23.153821
Białystok Antoniuk,ul. Władysława Broniewskiego,3,54,559000,10352,bez pośredników,,7,https://adresowo.pl/o/mieszkanie-bialystok-antoniuk-ul-wladyslawa-broniewskiego-3-pokojowe-q7i6q3,https://s2.adresowa.pl/oi/12/18/412056_738a_cover@2x-3-pokojowe-mieszkanie-bialystok-antoniuk-ul-wladyslawa-broniewskiego.webp,Białystok Antoniuk,Władysława Broniewskiego,3,1974,blok,,"Sprzedam bezpośrednio słoneczne, dwustronne mieszkanie, 54m2, III piętro, na ul. Broniewskiego. Mieszkanie po generalnym remoncie. Mieszkanie to: - 1 salon z aneksem kuchennym + 2 pokoje - w aneksie kuchennym zabudowy wykonane przez stolarza - łazienka z oknem, wanna - WC - przedpokój z pojemnymi szafami - nowy sprzęt AGD: lodówka, pralka, zmywarka, płyta indukcyjna, piekarnik, okap - nowe drzwi zewnętrzne i wewnętrzne kupione w firmie Diadom - nowa instalacja elektryczna i hydrauliczna - duży balkon i piwnica - przed blokiem duży bezpłatny parking, zamknięty szlabanem - blok z cegły, 1974r. - czynsz 700 zł - Księga Wieczysta Lokalizacja: Mieszkanie znajduje się w spokojnej i zielonej dzielnicy miasta, blisko centrum miasta. W pobliżu: liczne sklepy, siłownie, park Antoniuk, szkoły, przedszkola, punkty usługowe. Idealna lokalizacja do zamieszkania, jak i pod inwestycję/wynajem. Zapraszam do kontaktu i do obejrzenia mieszkania, nr tel. [numer]",tak,,aneks,plastikowe,spółdzielcze własnościowe,"Wyposażenie: lodówka, piekarnik, pralka, zmywarka",53.141613,23.131807
Białystok Bojary,ul. Józefa Ignacego Kraszewskiego,2,32,519000,16219,bez pośredników,,13,https://adresowo.pl/o/mieszkanie-bialystok-bojary-ul-jozefa-ignacego-kraszewskiego-2-pokojowe-m6u5a1,https://s2.adresowa.pl/oi/72/1f/411fea_8a94_cover@2x-2-pokojowe-mieszkanie-bialystok-bojary-ul-jozefa-ignacego-kraszewskiego.webp,Białystok Bojary,Józefa Ignacego Kraszewskiego,10,2025,blok,,"Sprzedaż bezpośrednia, bez prowizji agencji. Mieszkanie kompletnie wykończone, ""pod klucz"". Nowe, nigdy nie zamieszkałe. Kraszewskiego 45B. Zabudowa kuchenna z pełnym AGD. Łazienka kompletna. Klimatyzacja. Oświetlenie LED. Panele winylowe. Duży balkon, 11m2. Strona zachodnia. Dwie szybkie windy. Aldi - ok. 200m, Biedronka - ok. 300m. Do wydania i zamieszkania od zaraz. Przy zakupie kupujący nie zapłaci 2% podatku PCC, OSZCZĘDNOŚĆ 10.000 ZŁ. CENA: 509.000 CENA piwnicy: 10.000 Można dokupić m. postojowe w garażu podziemnym za 49.000.",tak,tak,,plastikowe,własność,Wyposażenie: klimatyzacja,53.140039,23.179093
Białystok Centrum,ul. Józefa Ignacego Kraszewskiego,2,38,589000,15500,bez pośredników,,17,https://adresowo.pl/o/mieszkanie-bialystok-centrum-ul-jozefa-ignacego-kraszewskiego-2-pokojowe-b4r3g2,https://s2.adresowa.pl/oi/1a/39/411fd2_ba3c_cover@2x-2-pokojowe-mieszkanie-bialystok-centrum-ul-jozefa-ignacego-kraszewskiego.webp,Białystok Centrum,Józefa Ignacego Kraszewskiego,9,2025,blok,,"SPRZEDAŻ BEZPOŚREDNIA, bez prowizji dla agencji. CENTRUM, Kraszewskiego 45B. Mieszkanie wykończone ""pod klucz"", do zamieszkania. Kuchnia z AGD, szafy w korytarzu, łazience, sypialni. Łazienka z kabiną. Od południa, duży balkon. Klimatyzacja. Dwie windy. Obok Żabka, Aldi, Biedronka ok. 400m. KUPUJĄCY PRZY ZAKUPIE NIE PŁACI 2% podatku (PCC). Wykończenie i materiały jak na zdjęciach. Można dokupić miejsce postojowe w podziemiu za cenę 49.000 zł. CENA: 589.000 Piwnica: 10.000 Wykończenie i materiały jak na zdjęciach. Na gotowo koniec listopada.",tak,tak,,,własność,Wyposażenie: klimatyzacja,53.140039,23.179093
Białystok Zawady,ul. św. Krzysztofa,3,55,472260,8587,Pośrednik,,7,https://adresowo.pl/o/mieszkanie-bialystok-zawady-ul-sw-krzysztofa-3-pokojowe-c9f8q4,https://s2.adresowa.pl/oi/3c/1c/40fe20_f164_cover@2x-3-pokojowe-mieszkanie-bialystok-zawady-ul-sw-krzysztofa.webp,Białystok Zawady,św. Krzysztofa,1,2027,blok,,"Kameralne Zawady – nowoczesna inwestycja mieszkaniowa Zapraszamy do zapoznania się z ofertą inwestycji Kameralne Zawady, zlokalizowanej przy ul. Św. Krzysztofa, na spokojnym i cenionym osiedlu Zawady. To propozycja dla osób, które szukają połączenia nowoczesnej architektury, kameralnej skali zabudowy oraz komfortu codziennego życia. Informacje podstawowe - 42 mieszkania - 3 kondygnacje naziemne - Kameralny budynek o niewielkiej skali - Funkcjonalne układy mieszkań o powierzchniach od 37,74m2 do 82,47m2 zaprojektowane z myślą o wygodzie mieszkańców W przedmiotowym lokalu na powierzchni 55,56m2 znajdują się: - Pokój z aneksem: 21,61m2 - Pokój: 10,50m2 - Pokój: 13,61m2 - Przedpokój: 3,31m2+2,93m2 - Łazienka: 3,60m2 - Balkon: 6m2 Mieszkanie na I PIĘTRZE z ekspozycją okien : północ, zachód, wschód. Nowoczesny styl i funkcjonalność Budynek wyróżnia się prostą, elegancką bryłą oraz nowoczesnym stylem architektonicznym. Stonowana kolorystyka elewacji i wysokiej jakości materiały wykończeniowe harmonijnie wpisują się w charakter osiedla Zawady, zapewniając estetykę i trwałość na lata. Mieszkania zostały zaprojektowane tak, aby maksymalnie wykorzystać dostępną przestrzeń – jasne wnętrza, przemyślane układy pomieszczeń oraz duże przeszklenia tworzą komfortowe warunki do życia zarówno dla singli, par, jak i rodzin. Lokalizacja Ulica Św. Krzysztofa to miejsce, które łączy ciszę i spokój kameralnego osiedla z dogodnym dojazdem do centrum miasta. W pobliżu znajdują się tereny zielone, infrastruktura handlowo-usługowa oraz szybkie połączenia komunikacyjne z pozostałymi częściami Białegostoku. Kameralne Zawady to idealny wybór dla osób ceniących nowoczesne budownictwo, spokojne otoczenie i wysoki standard codziennego życia. Planowany termin oddania mieszkania do użytku – grudzień 2027r. Miejsca parkingowe - w cenie 35.000zł . Komórki lokatroskie w cenie 3000zł/m2 Po więcej informacji zapraszam do kontaktu Ewa Kochańska",,,,,własność,,53.16973,23.112155
Białystok Zawady,ul. św. Krzysztofa,3,57,496134,8704,Pośrednik,,7,https://adresowo.pl/o/mieszkanie-bialystok-zawady-ul-sw-krzysztofa-3-pokojowe-u6j5u4,https://s2.adresowa.pl/oi/76/3b/40fe1e_89c2_cover@2x-3-pokojowe-mieszkanie-bialystok-zawady-ul-sw-krzysztofa.webp,Białystok Zawady,św. Krzysztofa,1,2026,blok,,"Kameralne Zawady – nowoczesna inwestycja mieszkaniowa Zapraszamy do zapoznania się z ofertą inwestycji Kameralne Zawady, zlokalizowanej przy ul. Św. Krzysztofa, na spokojnym i cenionym osiedlu Zawady. To propozycja dla osób, które szukają połączenia nowoczesnej architektury, kameralnej skali zabudowy oraz komfortu codziennego życia. Informacje podstawowe - 42 mieszkania - 3 kondygnacje naziemne - Kameralny budynek o niewielkiej skali - Funkcjonalne układy mieszkań o powierzchniach od 37,74m2 do 82,47m2 zaprojektowane z myślą o wygodzie mieszkańców W przedmiotowym lokalu na powierzchni 57,69m2 znajdują się: - Pokój z aneksem: 26,60m2 - Pokój: 10,88m2 - Pokój: 12,10m2 - Łazienka: 4,35m2 - Przedpokój: 3,76m2 - Balkon: 8m2 Mieszkanie na I PIĘTRZE z ekspozycją okien : wschód Nowoczesny styl i funkcjonalność Budynek wyróżnia się prostą, elegancką bryłą oraz nowoczesnym stylem architektonicznym. Stonowana kolorystyka elewacji i wysokiej jakości materiały wykończeniowe harmonijnie wpisują się w charakter osiedla Zawady, zapewniając estetykę i trwałość na lata. Mieszkania zostały zaprojektowane tak, aby maksymalnie wykorzystać dostępną przestrzeń – jasne wnętrza, przemyślane układy pomieszczeń oraz duże przeszklenia tworzą komfortowe warunki do życia zarówno dla singli, par, jak i rodzin. Lokalizacja Ulica Św. Krzysztofa to miejsce, które łączy ciszę i spokój kameralnego osiedla z dogodnym dojazdem do centrum miasta. W pobliżu znajdują się tereny zielone, infrastruktura handlowo-usługowa oraz szybkie połączenia komunikacyjne z pozostałymi częściami Białegostoku. Kameralne Zawady to idealny wybór dla osób ceniących nowoczesne budownictwo, spokojne otoczenie i wysoki standard codziennego życia. Planowany termin oddania mieszkania do użytku – grudzień 2027r. Miejsca parkingowe - w cenie 35.000zł . Komórki lokatorskie w cenie 3000zł/m2 Po więcej informacji zapraszam do kontaktu: Stanisław Drobiński",,,,,własność,,53.169801,23.112402
Białystok Skorupy,ul. Plażowa,3,60,739000,12317,bez pośredników,,20,https://adresowo.pl/o/mieszkanie-bialystok-skorupy-ul-plazowa-3-pokojowe-k6d5w3,https://s2.adresowa.pl/oi/12/3c/411e42_d812_cover@2x-3-pokojowe-mieszkanie-bialystok-skorupy-ul-plazowa.webp,Białystok Skorupy,Plażowa,1,2020,blok,,"Sprzedam 3-pokojowe mieszkanie o powierzchni 60,83 m², położone na 1. piętrze bloku przy ul. Plażowej. Mieszkanie jest gotowe do zamieszkania. Mieszkanie składa się z: - przestronnego salonu z wyjściem na duży balkon, - oddzielnej, w pełni wyposażonej kuchni, - dwóch osobnych sypialni (każda ok. 11 m²), - łazienki z prysznicem, - korytarza - oraz oddzielnej toalety. W cenę wliczają się wszystkie zabudowy stałe wykonane przez stolarza, wbudowany sprzęt AGD, pralko-suszarka, lodówka oraz meble z salonu. Rozkład mieszkania: - sypialnia 1: 10,51 m² - sypialnia 2: 10,54 m² - łazienka: 3,60 m² - korytarz: 8,48 m² - toaleta: 1,68 m² - kuchnia: 8,84 m² - salon: 17,18 m² - balkon: ok. 7 m² - piwnica: ok. 8 m² Cena: 739 000 zł Istnieje możliwość dokupienia miejsca postojowego zewnętrznego. Czynsz: ok. 730 zł/mies. Lokalizacja: - Spokojna i zielona okolica z dużym lasem, idealnym na spacery. - Blisko przystanku autobusowego (500 metrów). - Dojazd do centrum samochodem: ok. 10 minut. - W pobliżu sklepy (Żabka, Biedronka, Lidl). - Apteka, przychodnia rodzinna: ok. 1,2 km. - Siłownia (nad Biedronką, otwarcie jeszcze w tym roku). - Powstaje mała galeria handlowa koło Biedronki. - Szkoły (SP 20 ul. Leśna - 1,4 km, SP 28 ul. Warmińska 2,2 km), żłobki i przedszkola w pobliżu. - Plaża miejska Dojlidy: ok. 6 minut autem (2,7 km). Zalety mieszkania: - Nowoczesne budownictwo. - Monitoring. - Przemyślany, funkcjonalny układ mieszkania dla rodzin z dziećmi. - Niskie koszty ogrzewania (zwroty po sezonie grzewczym). - Komfortowe warunki do życia z dostępem do wszystkich usług i z szybkim dojazdem do centrum. Dodatkowo można dokupić prywatne miejsce postojowe zewnętrzne koło bloku w cenie 25 000 zł. Ul. Plażowa 7 60,83 m² | 3 pokoje | 1 balkon | 1. piętro Cena: 739 000 zł Zapraszam do kontaktu.",tak,tak,,,własność,"Wyposażenie: lodówka, suszarka",53.118284,23.217625
Białystok Piasta,ul. Wołyńska,3,50,560000,11200,bez pośredników,,9,https://adresowo.pl/o/mieszkanie-bialystok-piasta-ul-wolynska-3-pokojowe-n1z5y3,https://s2.adresowa.pl/oi/2a/6c/411cfc_749d_cover@2x-3-pokojowe-mieszkanie-bialystok-piasta-ul-wolynska.webp,Białystok Piasta,Wołyńska,3,2007,blok,,"Oferuję na sprzedaż mieszkanie o powierzchni 50,54 m² w Białymstoku, w dzielnicy Piasta II. Mieszkanie znajduje się na trzecim piętrze w budynku z 2007 roku. Jest w pełni wyposażone, a w skład jego wyposażenia wchodzą m.in. meble, pralka, zmywarka, lodówka, kuchenka oraz piekarnik. Do mieszkania przynależy również balkon oraz piwnica. Ogrzewanie miejskie zapewnia komfort w zimowe dni. Lokalizacja mieszkania jest bardzo dogodna. W okolicy znajdziesz: - przystanki autobusowe (np. Piastowska/Mieszka I) - sklepy spożywcze, w tym Stokrotka Market i Dom Handlowy Mieszko - plac zabaw, szkoła, przedszkola, przychodnie - restauracje, takie jak Bar Słowiański, Bar Grodno, Pani K, Okruszek - szkoły podstawowe oraz średnie Mieszkanie jest dostępne od września 2026 roku, a czynsz wynosi 500 PLN. Zapraszam do kontaktu, aby umówić się na prezentację!",tak,,,drewniane,własność,"Wyposażenie: kuchenka, lodówka, piekarnik, pralka, zmywarka",53.129751,23.193903
Białystok,Białostoczek,3,48,539000,11229,bez pośredników,,12,https://adresowo.pl/o/mieszkanie-bialystok-bialostoczek-3-pokojowe-48-m2-j5s1o0,https://s2.adresowa.pl/oi/1c/60/4119fe_c391_cover@2x-3-pokojowe-mieszkanie-bialystok-bialostoczek.webp,Białystok Białostoczek,,3,,blok,,"Na sprzedaż 3-pokojowe mieszkanie o powierzchni 48,6 m², położone na 3. piętrze w 4-piętrowym bloku. Mieszkanie jest dwustronne i dobrze doświetlone, a jego funkcjonalny układ zapewnia wygodne wykorzystanie przestrzeni. Z przedpokoju dostępne są wszystkie pomieszczenia. W skład mieszkania wchodzą: · 3 pokoje, · oddzielna kuchnia, · łazienka, · przedpokój, · balkon. Kuchnia wyposażona jest w zmywarkę, lodówkę, piekarnik oraz okap. W łazience znajduje się prysznic z deszczownicą. Do mieszkania przynależy piwnica. Mieszkańcy mają również dostęp do wspólnego pomieszczenia gospodarczego, przeznaczonego m.in. do przechowywania rowerów. Najważniejsze atuty: · 3 niezależne pokoje · 48,6 m² · balkon · piwnica · dwustronne i dobrze doświetlone mieszkanie · oddzielna kuchnia · dużo miejsc parkingowych bezpośrednio pod blokiem · dobra komunikacja miejska · blisko centrum · szybki dostęp do wyjazdu na obwodnicę miasta · w pobliżu sklepy, punkty usługowe, szkoły, uczelnie i tereny rekreacyjne · uregulowany stan prawny, brak obciążeń. Mieszkanie znajduje się w lokalizacji, zapewniającej wygodny dostęp zarówno do centrum, jak i do głównych tras wyjazdowych z miasta. 3 niezależne pokoje sprawiają, że nieruchomość może być dobrym rozwiązaniem zarówno dla rodziny, jak i osób szukających mieszkania pod wynajem. Cena podlega negocjacji. Ogłoszenie prywatne. Agencjom nieruchomości i pośrednikom dziękuję za kontakt. Proszę nie kontaktować się w sprawie współpracy.",tak,,osobna,,,"Wyposażenie: lodówkę, piekarnik, zmywarkę",53.14824,23.153173
Białystok Zawady,ul. św. Krzysztofa,4,69,548550,7950,Pośrednik,,7,https://adresowo.pl/o/mieszkanie-bialystok-zawady-ul-sw-krzysztofa-4-pokojowe-r2d8b7,https://s2.adresowa.pl/oi/3f/24/40fe1c_7330_cover@2x-4-pokojowe-mieszkanie-bialystok-zawady-ul-sw-krzysztofa.webp,Białystok Zawady,św. Krzysztofa,parter,2026,blok,,"Kameralne Zawady – nowoczesna inwestycja mieszkaniowa Zapraszamy do zapoznania się z ofertą inwestycji Kameralne Zawady, zlokalizowanej przy ul. Św. Krzysztofa, na spokojnym i cenionym osiedlu Zawady. To propozycja dla osób, które szukają połączenia nowoczesnej architektury, kameralnej skali zabudowy oraz komfortu codziennego życia. Informacje podstawowe - 42 mieszkania - 3 kondygnacje naziemne - Kameralny budynek o niewielkiej skali - Funkcjonalne układy mieszkań o powierzchniach od 37,74m2 do 82,47m2 zaprojektowane z myślą o wygodzie mieszkańców W przedmiotowym lokalu na powierzchni 69,00m2 znajdują się: - Pokój z aneksem: 23,96m2 - Pokój: 10,72m2 - Pokój: 13,54m2 - Pokój: 9,01m2 - Łazienka: 4,70m2 - Przedpokój: 2,22m2+4,85m2 - Ogródek: 28m2 Mieszkanie na parterze z ekspozycją okien : północ, południe, zachód. Nowoczesny styl i funkcjonalność Budynek wyróżnia się prostą, elegancką bryłą oraz nowoczesnym stylem architektonicznym. Stonowana kolorystyka elewacji i wysokiej jakości materiały wykończeniowe harmonijnie wpisują się w charakter osiedla Zawady, zapewniając estetykę i trwałość na lata. Mieszkania zostały zaprojektowane tak, aby maksymalnie wykorzystać dostępną przestrzeń – jasne wnętrza, przemyślane układy pomieszczeń oraz duże przeszklenia tworzą komfortowe warunki do życia zarówno dla singli, par, jak i rodzin. Lokalizacja Ulica Św. Krzysztofa to miejsce, które łączy ciszę i spokój kameralnego osiedla z dogodnym dojazdem do centrum miasta. W pobliżu znajdują się tereny zielone, infrastruktura handlowo-usługowa oraz szybkie połączenia komunikacyjne z pozostałymi częściami Białegostoku. Kameralne Zawady to idealny wybór dla osób ceniących nowoczesne budownictwo, spokojne otoczenie i wysoki standard codziennego życia. Planowany termin oddania mieszkania do użytku – grudzień 2027r. Miejsca parkingowe - w cenie 35.000zł . Komórki lokatorskie w cenie 3000zł/m2 Po więcej informacji zapraszam do kontaktu: Stanisław Drobiński",,,,,własność,,53.169826,23.112488
Białystok Zawady,ul. św. Krzysztofa,3,65,532765,8196,Pośrednik,,6,https://adresowo.pl/o/mieszkanie-bialystok-zawady-ul-sw-krzysztofa-3-pokojowe-s2q8z0,https://s2.adresowa.pl/oi/42/5e/40fe18_3cff_cover@2x-3-pokojowe-mieszkanie-bialystok-zawady-ul-sw-krzysztofa.webp,Białystok Zawady,św. Krzysztofa,1,2026,blok,,"Kameralne Zawady – nowoczesna inwestycja mieszkaniowa Zapraszamy do zapoznania się z ofertą inwestycji Kameralne Zawady, zlokalizowanej przy ul. Św. Krzysztofa, na spokojnym i cenionym osiedlu Zawady. To propozycja dla osób, które szukają połączenia nowoczesnej architektury, kameralnej skali zabudowy oraz komfortu codziennego życia. Informacje podstawowe- 42 mieszkania - 3 kondygnacje naziemne - Kameralny budynek o niewielkiej skali - Funkcjonalne układy mieszkań o powierzchniach od 37,74m2 do 82,47m2 zaprojektowane z myślą o wygodzie mieszkańców W przedmiotowym lokalu na powierzchni 65,37m2 znajdują się: - Pokój z aneksem: 26,63m2 - Pokój: 11,82m2 - Pokój: 14,32m2 - Przedpokój: 8,32m2 - Łazienka: 4,28m2 - Balkon: 6m2 Mieszkanie na I PIĘTRZE z ekspozycją okien : zachód, wschód. Nowoczesny styl i funkcjonalność Budynek wyróżnia się prostą, elegancką bryłą oraz nowoczesnym stylem architektonicznym. Stonowana kolorystyka elewacji i wysokiej jakości materiały wykończeniowe harmonijnie wpisują się w charakter osiedla Zawady, zapewniając estetykę i trwałość na lata. Mieszkania zostały zaprojektowane tak, aby maksymalnie wykorzystać dostępną przestrzeń – jasne wnętrza, przemyślane układy pomieszczeń oraz duże przeszklenia tworzą komfortowe warunki do życia zarówno dla singli, par, jak i rodzin. Lokalizacja Ulica Św. Krzysztofa to miejsce, które łączy ciszę i spokój kameralnego osiedla z dogodnym dojazdem do centrum miasta. W pobliżu znajdują się tereny zielone, infrastruktura handlowo-usługowa oraz szybkie połączenia komunikacyjne z pozostałymi częściami Białegostoku. Kameralne Zawady to idealny wybór dla osób ceniących nowoczesne budownictwo, spokojne otoczenie i wysoki standard codziennego życia. Planowany termin oddania mieszkania do użytku – grudzień 2027r. Miejsca parkingowe - w cenie 35.000zł . Komórki lokatroskie w cenie 3000zł/m2 Po więcej informacji zapraszam do kontaktu: Monika Witkowska",,,,,własność,,53.16973,23.112155
Białystok Centrum,ul. Lipowa,1,35,422640,12075,bez pośredników,,8,https://adresowo.pl/o/mieszkanie-bialystok-centrum-ul-lipowa-1-pokoj-n1v4m4,https://s2.adresowa.pl/oi/69/7f/4118de_602c_cover@2x-1-pokojowe-mieszkanie-bialystok-centrum-ul-lipowa.webp,Białystok Centrum,Lipowa,1,1955,blok,,"Tytuł: Inwestycyjny HIT! Mieszkanie 35,22 m² z balkonem przy samym Rynku Kościuszki - Białystok, ul. Lipowa 1 Opis: Na sprzedaż jasne, nowoczesne i gotowe do wprowadzenia lub wynajmu mieszkanie o powierzchni 35,22 m², zlokalizowane w najbardziej pożądanym punkcie Białegostoku - przy ul. Lipowej 1. Mieszkanie znajduje się na 1. piętrze w budynku otoczonym zadbaną, wyjątkowo zieloną jak na samo centrum miasta przestrzenią. To idealna propozycja dla singla, pary lub jako bezpieczna lokata kapitału pod wynajem długo- i krótkoterminowy (gwarancja stałego obłożenia ze względu na topową lokalizację!). W skład mieszkania wchodzą: - Przestronny, ustawny pokój dzienny z wyjściem na balkon (widok na zielony skwer), - Nowoczesna kuchnia w pełni wyposażona w sprzęt AGD w zabudowie (piekarnik, płyta gazowa, mikrofalówka, lodówka), wykończona w modnym, industrialnym stylu, - Stylowa łazienka z kabiną prysznicową i eleganckimi akcentami drewna, - Funkcjonalny przedpokój. Do mieszkania przynależy również piwnica, idealna do przechowywania rowerów czy rzeczy sezonowych. Lokalizacja - Ścisłe Centrum (15 sekund do Rynku!): Lokalizacja jest absolutnie bezkonkurencyjna - ul. Lipowa 1 to samo serce Białegostoku. Wystarczy wyjść z klatki i dosłownie po 15 sekundach jest się na Rynku Kościuszki. W najbliższym sąsiedztwie znajdują się liczne restauracje, kawiarnie, sklepy, punkty usługowe, uczelnie oraz przystanki komunikacji miejskiej. Jednocześnie położenie okien i balkonu zapewnia kojący widok na zieleń i pełen komfort odpoczynku z dala od miejskiego zgiełku. Mieszkanie nie wymaga żadnych nakładów finansowych - nowoczesna zabudowa kuchenna oraz łazienka wykończone są w wysokim standardzie. Informacje finansowe: - Cena: 422 640 zł (12 000 zł / m²) - Czynsz administracyjny: 650 zł miesięcznie Zapraszam do kontaktu i obejrzenia mieszkania na żywo!",tak,,,,własność,"Wyposażenie: lodówka, mikrofalówka, piekarnik",53.132546,23.157035
Białystok,Dziesięciny,2,33,320000,9697,bez pośredników,,8,https://adresowo.pl/o/mieszkanie-bialystok-dziesieciny-2-pokojowe-33-m2-n4z2a7,https://s2.adresowa.pl/oi/21/7f/411812_c9d2_cover@2x-2-pokojowe-mieszkanie-bialystok-dziesieciny.webp,Białystok Dziesięciny,,parter,,blok,,"Na sprzedaż funkcjonalne mieszkanie o powierzchni 33 m², położone na parterze w zadbanym bloku, w dobrze skomunikowanej zielonej okolicy. Mieszkanie posiada balkon oraz przynależną piwnicę i jest sprzedawane z wyposażeniem. Jednym z dużych atutów nieruchomości jest spokojne otoczenie i cisza, przy jednoczesnym dostępie do najważniejszych punktów infrastruktury. W bezpośrednim sąsiedztwie znajduje się szkoła, a w pobliżu dostępne są sklepy i inne punkty usługowe. Dodatkowo wzdłuż całego bloku znajduje się duży parking, dzięki czemu nie ma problemu ze znalezieniem miejsca parkingowego. Zainteresowanych zapraszam do kontaktu telefonicznego.",tak,,,,,,53.152991,23.124001
Białystok Nowe Miasto,ul. Zachodnia,4,64,720000,11250,bez pośredników,,19,https://adresowo.pl/o/mieszkanie-bialystok-nowe-miasto-ul-zachodnia-4-pokojowe-m3q5i7,https://s2.adresowa.pl/oi/5a/30/411712_521a_cover@2x-4-pokojowe-mieszkanie-bialystok-nowe-miasto-ul-zachodnia.webp,Białystok Nowe Miasto,Zachodnia,2,1997,blok,,"To przestronne mieszkanie na sprzedaż o powierzchni 64,52 m² znajduje się na drugim piętrze dwupiętrowego budynku z cegły. Cały budynek posiada jedynie dwie klatki (po 6 mieszkań każda). Dodatkowo, w każdej klatce znajduje się mieszkanie na poddaszu. Przy bloku parking dla mieszkańców. Mieszkanie jest po remoncie. Przygotowane do zamontowania armatury łazienkowej i kuchennej oraz mebli wg gustu. Podłogi są drewniane (sosna). Łazienka w nowoczesnej aranżacji z elementami lameli, prysznicem typu walk-in oraz odpływem liniowym. Okna w mieszkaniu wychodzą na obie strony budynku, przez co mieszkanie jest jasne. W łazience małe okno (na trzeciej ścianie budynku). Mieszkanie posiada trzy odrębne pokoje i salon z aneksem kuchennym. Aneks od salonu oddziela ceglany murek z dębową ladą. Mieszkanie posiada przestronny balkon (ok. 10m²) oraz piwnicę (7-8m²), co zwiększa komfort codziennego użytkowania. Ogrzewanie miejskie. Lokalizacja na Nowym Mieście w Białymstoku, przy kościele Św. K. Boromeusza) gwarantuje łatwy dostęp do wszelkich udogodnień. W pobliżu znajdziesz: - sklepy spożywcze, takie jak Stokrotka, Biedronka i nieco dalej Lidl - bar Grodno, restauracje, jak Brooklyn Pizza Club - tereny zielone, - szkoły oraz przedszkola w zasięgu krótkiego spaceru. Doskonała komunikacja z resztą miasta, dzięki bliskości przystanków autobusowych. Obecna wysokość czynszu to ok. 800 zł. Faktyczna wartość czynszu zależy od zużycia wody i ciepła.",tak,,aneks,plastikowe,,,53.112499,23.134874
Białystok Zawady,ul. św. Krzysztofa,3,61,497965,8163,Pośrednik,,5,https://adresowo.pl/o/mieszkanie-bialystok-zawady-ul-sw-krzysztofa-3-pokojowe-n4z8n2,https://s2.adresowa.pl/oi/76/1b/40fe12_bd26_cover@2x-3-pokojowe-mieszkanie-bialystok-zawady-ul-sw-krzysztofa.webp,Białystok Zawady,św. Krzysztofa,2,2026,blok,,"Kameralne Zawady – nowoczesna inwestycja mieszkaniowa Zapraszamy do zapoznania się z ofertą inwestycji Kameralne Zawady, zlokalizowanej przy ul. Św. Krzysztofa, na spokojnym i cenionym osiedlu Zawady. To propozycja dla osób, które szukają połączenia nowoczesnej architektury, kameralnej skali zabudowy oraz komfortu codziennego życia. Informacje podstawowe- 42 mieszkania - 3 kondygnacje naziemne - Kameralny budynek o niewielkiej skali - Funkcjonalne układy mieszkań o powierzchniach od 37,74m2 do 82,47m2 zaprojektowane z myślą o wygodzie mieszkańców W przedmiotowym lokalu na powierzchni 61,10m2 znajdują się: - Pokój z aneksem: 29,62m2 - Pokój: 11,11m2 - Pokój: 11,24m2 - Przedpokój: 3,50m2 - Łazienka: 5,63m2 - Balkon: 7m2 Mieszkanie na II Piętrze z ekspozycją okien : południe, wschód. Nowoczesny styl i funkcjonalność Budynek wyróżnia się prostą, elegancką bryłą oraz nowoczesnym stylem architektonicznym. Stonowana kolorystyka elewacji i wysokiej jakości materiały wykończeniowe harmonijnie wpisują się w charakter osiedla Zawady, zapewniając estetykę i trwałość na lata. Mieszkania zostały zaprojektowane tak, aby maksymalnie wykorzystać dostępną przestrzeń – jasne wnętrza, przemyślane układy pomieszczeń oraz duże przeszklenia tworzą komfortowe warunki do życia zarówno dla singli, par, jak i rodzin. Lokalizacja Ulica Św. Krzysztofa to miejsce, które łączy ciszę i spokój kameralnego osiedla z dogodnym dojazdem do centrum miasta. W pobliżu znajdują się tereny zielone, infrastruktura handlowo-usługowa oraz szybkie połączenia komunikacyjne z pozostałymi częściami Białegostoku. Kameralne Zawady to idealny wybór dla osób ceniących nowoczesne budownictwo, spokojne otoczenie i wysoki standard codziennego życia. Planowany termin oddania mieszkania do użytku – grudzień 2027r. Miejsca parkingowe - w cenie 35.000zł . Komórki lokatorskie w cenie 3000zł/m2 Po więcej informacji zapraszam do kontaktu: Grzegorz Kozłowski",,,,,własność,,53.169724,23.112144
Białystok Antoniuk,ul. Władysława Broniewskiego 8C,3,54,468000,8667,Pośrednik,,20,https://adresowo.pl/o/mieszkanie-bialystok-antoniuk-ul-wladyslawa-broniewskiego-3-pokojowe-n0m9n6,https://s2.adresowa.pl/oi/6f/6b/40fe10_2a08_cover@2x-3-pokojowe-mieszkanie-bialystok-antoniuk-ul-wladyslawa-broniewskiego.webp,Białystok Antoniuk,Władysława Broniewskiego 8C,3,1970,blok,,"Na sprzedaż 3-pokojowe mieszkanie o powierzchni 54,05 m², położone w Białegostoku przy ul. Broniewskiego 8c Lokal znajduje się na 3. piętrze w niskim, czteropiętrowym bloku. Mieszkanie jest w bardzo dobrym stanie technicznym i wizualnym – gotowe do zamieszkania bez dodatkowego wkładu finansowego. Możesz wprowadzić się od razu, bez konieczności przeprowadzania remontu. W skład mieszkania wchodzą: - 3 pokoje - 15,70m2 + 14,40m2 + 11,80m2 - kuchnia - 4,5m2 - łazienka - 2,3m2 - przedpokój - 3,5m2 Dodatkowym atutem jest balkon. Nieruchomość znajduje się w dobrze skomunikowanej części Białegostoku, oferującej wygodny dostęp do infrastruktury miejskiej oraz licznych udogodnień codziennego życia. W bezpośrednim sąsiedztwie znajdują się sklepy spożywcze, punkty usługowe oraz markety, co zapewnia szybkie i wygodne zakupy bez konieczności dalszych dojazdów. W okolicy dostępne są również placówki edukacyjne, takie jak przedszkola, szkoły podstawowe oraz szkoły średnie, co czyni lokalizację atrakcyjną dla rodzin z dziećmi. Bliskość przystanków komunikacji miejskiej umożliwia sprawne poruszanie się po mieście zarówno samochodem, jak i transportem publicznym. Dojazd do centrum Białegostoku jest szybki i dogodny. W okolicy znajdują się także tereny zielone i rekreacyjne, sprzyjające aktywnemu wypoczynkowi – ścieżki spacerowe, place zabaw oraz miejsca do uprawiania sportu. Dodatkowym atutem jest dostęp do placówek medycznych, aptek oraz punktów gastronomicznych. To idealna propozycja zarówno dla rodzin, jak i osób szukających mieszkania pod inwestycję. Zapraszam do kontaktu i na prezentację! Ewa Kochańska",,,osobna,,własność,,53.141165,23.130223
Białystok Piasta,ul. Bolesława Chrobrego,2,38,429000,11289,bez pośredników,,16,https://adresowo.pl/o/mieszkanie-bialystok-piasta-ul-boleslawa-chrobrego-2-pokojowe-i3q7s7,https://s2.adresowa.pl/oi/18/5e/4115a4_ae57_cover@2x-2-pokojowe-mieszkanie-bialystok-piasta-ul-boleslawa-chrobrego.webp,Białystok Piasta,Bolesława Chrobrego,1,,blok,,"Na sprzedaż 2-pokojowe mieszkanie przy ul. Chrobrego w Białymstoku, położone na spokojnym i zielonym osiedlu. Sprzedaż bezpośrednio od właścicieli, bez pośredników. Mieszkanie było remontowane około 6 lat temu i zostało urządzone z myślą o własnym użytkowaniu, z zastosowaniem dobrej jakości materiałów i wyposażenia. Jasne, białe ściany oraz neutralne wykończenie dają dużą swobodę aranżacji i pozwalają łatwo dostosować wnętrze do własnego stylu. Najważniejsze atuty: • 2 pokoje • balkon z widokiem na zieleń • okna wychodzące na dwie strony, zapewniające dobre doświetlenie i przewiew • spokojne, zielone osiedle • świeżo wyremontowana łazienka z efektownymi płytkami i dobrej jakości armaturą • kuchnia z zabudową i sprzętem AGD • sprzedaż częściowo umeblowana, wraz ze sprzętem AGD • białe, neutralne ściany, które można łatwo zaaranżować według własnego pomysłu • bezpośrednio od właścicieli, bez prowizji dla biura nieruchomości Lokalizacja Mieszkanie znajduje się w spokojnej i zielonej części miasta, z bardzo dobrym dostępem do codziennej infrastruktury. W odległości około 2 minut od wyjścia z budynku znajdują się przystanki autobusowe, dzięki czemu można wygodnie dotrzeć do innych części Białegostoku. W najbliższej okolicy znajdują się: • Biedronka i PSS • inne sklepy i punkty usługowe • szkoła • place zabaw • tereny zielone i miejsca do spacerów Mieszkanie będzie dobrym wyborem zarówno dla młodej rodziny, pary czy singla, jak i dla studentów. Dwa pokoje pozwalają wygodnie wydzielić część dzienną i sypialną, a balkon z widokiem na zieleń stanowi dodatkową przestrzeń do odpoczynku. Mieszkanie jest gotowe do zamieszkania, a jednocześnie dzięki neutralnej kolorystyce daje dużo możliwości stworzenia własnej aranżacji. Sprzedawane jest częściowo umeblowane oraz z wyposażeniem AGD. Sprzedaż bezpośrednio od właścicieli. Bez pośredników i prowizji.",,,,plastikowe,własność,,53.130674,23.185028
Białystok Centrum,ul. Krakowska,2,41,499000,12171,bez pośredników,,9,https://adresowo.pl/o/mieszkanie-bialystok-centrum-ul-krakowska-2-pokojowe-a3z7i1,https://s2.adresowa.pl/oi/7e/7f/41152c_85df_cover@2x-2-pokojowe-mieszkanie-bialystok-centrum-ul-krakowska.webp,Białystok Centrum,Krakowska,3,1960,blok,,"Idealna oferta dla tych, którzy chcą zamieszkać w wygodnym mieszkaniu w doskonałej lokalizacji, jak i tych, którzy szukają idealnego mieszkania pod dochodowy wynajem! Mieszkanie położone na III piętrze przy ulicy Krakowskiej w bloku z cegły, wybudowanym w latach 60-tych. Mieszkanie środkowe, z balkonem. Powierzchnia mieszkania to 40,89 mkw i składa się z następujących pomieszczeń: - przedpokoju - łazienki - sypialni - pokoju dziennego z aneksem kuchennym (balkon) Mieszkanie po remoncie. Wykończone i wyposażone tak, aby tworzyło wygodną i estetyczną przestrzeń do życia. W cenie pozostaną wszystkie zabudowy stałe, meble ruchome i sprzęt AGD. Do mieszkania przynależy piwnica (pow. 4 mkw). Termin przekazania mieszkania nabywcy - natychmiast po transakcji sprzedaży.",tak,,aneks,plastikowe,własność,,53.132606,23.146845
Białystok Zawady,ul. św. Krzysztofa,4,71,570651,8037,Pośrednik,,7,https://adresowo.pl/o/mieszkanie-bialystok-zawady-ul-sw-krzysztofa-4-pokojowe-o3c1q2,https://s2.adresowa.pl/oi/4a/5b/40fe0e_4300_cover@2x-4-pokojowe-mieszkanie-bialystok-zawady-ul-sw-krzysztofa.webp,Białystok Zawady,św. Krzysztofa,1,2027,blok,,"Kameralne Zawady – nowoczesna inwestycja mieszkaniowa Zapraszamy do zapoznania się z ofertą inwestycji Kameralne Zawady, zlokalizowanej przy ul. Św. Krzysztofa, na spokojnym i cenionym osiedlu Zawady. To propozycja dla osób, które szukają połączenia nowoczesnej architektury, kameralnej skali zabudowy oraz komfortu codziennego życia. Informacje podstawowe- 42 mieszkania - 3 kondygnacje naziemne - Kameralny budynek o niewielkiej skali - Funkcjonalne układy mieszkań o powierzchniach od 37,74m2 do 82,47m2 zaprojektowane z myślą o wygodzie mieszkańców W przedmiotowym lokalu na powierzchni 71,78m2 znajdują się: - Pokój z aneksem: 26,53m2 - Pokój: 12,17m2 - Garderoba: 2,74m2 - Pokój: 8,90m2 - Pokój: 8,82m2 - Łazienka: 4,95m2 - Balkon: 6m2 Mieszkanie na I Piętrze z ekspozycją okien : północ, zachód. Nowoczesny styl i funkcjonalność Budynek wyróżnia się prostą, elegancką bryłą oraz nowoczesnym stylem architektonicznym. Stonowana kolorystyka elewacji i wysokiej jakości materiały wykończeniowe harmonijnie wpisują się w charakter osiedla Zawady, zapewniając estetykę i trwałość na lata. Mieszkania zostały zaprojektowane tak, aby maksymalnie wykorzystać dostępną przestrzeń – jasne wnętrza, przemyślane układy pomieszczeń oraz duże przeszklenia tworzą komfortowe warunki do życia zarówno dla singli, par, jak i rodzin. Lokalizacja Ulica Św. Krzysztofa to miejsce, które łączy ciszę i spokój kameralnego osiedla z dogodnym dojazdem do centrum miasta. W pobliżu znajdują się tereny zielone, infrastruktura handlowo-usługowa oraz szybkie połączenia komunikacyjne z pozostałymi częściami Białegostoku. Kameralne Zawady to idealny wybór dla osób ceniących nowoczesne budownictwo, spokojne otoczenie i wysoki standard codziennego życia. Planowany termin oddania mieszkania do użytku – grudzień 2027r. Miejsca parkingowe - w cenie 35.000zł . Komórki lokatorskie w cenie 3000zł/m2 Po więcej informacji zapraszam do kontaktu: Ewa Kochańska",,,,,własność,,53.169826,23.112488
Białystok Centrum,al. Józefa Piłsudskiego,1,35,307000,8771,Pośrednik,,13,https://adresowo.pl/o/mieszkanie-bialystok-centrum-al-jozefa-pilsudskiego-1-pokoj-m5o9n2,https://s2.adresowa.pl/oi/63/65/40fe0c_461a_cover@2x-1-pokojowe-mieszkanie-bialystok-centrum-al-jozefa-pilsudskiego.webp,Białystok Centrum,Józefa Piłsudskiego,5,1959,blok,,"Kawalerka o powierzchni 35,29 m² w Białymstoku, Centrum przy al. Piłsudskiego, 1 pokój z balkonem i widokiem z 5 piętra. Mieszkanie rozkładowe z oddzielną kuchnią, w budynku z windą, największym atutem jest lokalizacja w ścisłym centrum oraz balkon z otwartą przestrzenią. Lokal składa się z przestronnego pokoju dziennego z wyjściem na balkon, oddzielnej kuchni z oknem, łazienki oraz przedpokoju. Układ jest czytelny i funkcjonalny, co ułatwia aranżację wnętrza. Mieszkanie jest do remontu, co daje możliwość pełnego dostosowania standardu i rozkładu do własnych potrzeb. Duże okna zapewniają dobre doświetlenie, a balkon stanowi dodatkową przestrzeń użytkową. Budynek z 1959 roku, wykonany z cegły, wyposażony w windę. Lokalizacja – Centrum, al. Piłsudskiego zapewnia szybki dostęp do komunikacji miejskiej (ok. 2–3 min pieszo), sklepów, usług i instytucji miejskich. Oferta odpowiednia dla singla, pary lub inwestora. Zapraszam do kontaktu w celu umówienia prezentacji. Niniejsze ogłoszenie nie stanowi oferty w rozumieniu Kodeksu Cywilnego, lecz ma charakter informacyjny. Przedstawione wizualizacje i grafiki mają charakter wyłącznie poglądowy i stanowią wyłącznie materiał pomocniczy, ułatwiający zorientowanie się w ogólnym wyglądzie oferowanej nieruchomości. Niniejsze ogłoszenie wraz z jego elementami jest własnością Północ Nieruchomości Sp z o.o. lub podmiotu współpracującego. Wszelkie prawa zastrzeżone. Kopiowanie, rozpowszechnianie oraz korzystanie z niniejszych materiałów w jakikolwiek inny sposób wykraczający poza dozwolony użytek określony przepisami ustawy z 4 lutego 1994 r. o prawie autorskim i prawach pokrewnych (Dz. U. 1994, nr 24 poz. 83 z późn. zm.) bez pisemnej zgody Północ Nieruchomości Sp z o.o. lub podmiotów współpracujących jest zabronione i może stanowić podstawę odpowiedzialności cywilnej oraz karnej. Niniejsze materiały stanowią tajemnicę przedsiębiorstwa PÓŁNOC NIERUCHOMOŚCI Sp. z o.o. w rozumieniu ustawy z dnia 16 kwietnia 1993 r. o zwalczaniu nieuczciwej konkurencji (Dz. U. z 2003 r., Nr 153, poz. 1503 z późn. zm.).",tak,,osobna,,własność,,53.135353,23.149897
Białystok Centrum,ul. Józefa Marjańskiego 3,3,77,805000,10455,bez pośredników,,25,https://adresowo.pl/o/mieszkanie-bialystok-centrum-ul-jozefa-marjanskiego-3-pokojowe-i7k8e2,https://s2.adresowa.pl/oi/3d/12/39765e_4743_cover@2x-3-pokojowe-mieszkanie-bialystok-centrum-ul-jozefa-marjanskiego.webp,Białystok Centrum,Józefa Marjańskiego 3,6,2004,apartamentowiec,,"Sprzedam mieszkanie w dobrym stanie, mozliwosc zamieszkania od razu po wydaniu kluczy. Nieruchomosc posiada ksiege wieczysta i jest to pelna wlasnosc Nieruchomosc znajduje sie na szóstym pietrze i ma powierzchnie 77,2m2 Sklada sie salonu z aneksem kuchennym (36,4m2)korytarz (4,4m2) zabudowany szafami , sypialni (17,4 m2), dodatkowy pokoj -gabinet(10,6m2),salon lazienkiegowy z wanną i prysznicem( 8,4m2). Zabudowa kuchni nowa ,wyposażona jest w nowoczesne sprzęty, takie jak lodówka, mikrofala, piekarnik i zmywarka. Pralka -suszarka w zabudowie w przedpokoju. Wyposazenie(meble ,RTV) zostanie. Mieszkanie wyposazone w klimatyzacje LG(chlodzenie-grzanie) Miezkanie położone w ścisłym centrum Białegostoku.Dla mieszkancow przeznaczony jest parking przy budynku do ktorego jest mozliwy wjazd za pomoca karty dostepu Agencjom Pośrednictwa dziękuję,prosze nie dzwonić!!! Cena mieszkania do negocjacji!!!",,,aneks,plastikowe,własność,"Wyposażenie: klimatyzacje, lodówka, piekarnik, pralka, suszarka, tv, zmywarka",53.129769,23.154625
Białystok Wygoda,ul. Henryka Sienkiewicza,2,33,365000,11061,bez pośredników,,8,https://adresowo.pl/o/mieszkanie-bialystok-wygoda-ul-henryka-sienkiewicza-2-pokojowe-x5v2u2,https://s2.adresowa.pl/oi/6b/28/411418_5552_cover@2x-2-pokojowe-mieszkanie-bialystok-wygoda-ul-henryka-sienkiewicza.webp,Białystok Wygoda,Henryka Sienkiewicza,2,1973,blok,,"Mieszkanie 2 pokoje - 33 m² Sprzedam w pełni wyposażone mieszkanie o powierzchni 33 m², składające się z dwóch osobnych pokojów. Znajduje się na 2. piętrze w bloku na Wygodzie. Doskonała lokalizacja: zaledwie 2 minuty pieszo do przystanku (Wasilkowska/Gen. Andersa) z szybkim dojazdem do centrum (6 min MPK do Rynku Kościuszki). Bardzo blisko kilka żłobków, w tym Żłobek Miejski Nr 3, Żłobek Językowy, kilka przedszkoli (samorządowe i niepubliczne), niepubliczna szkoła podstawowa, prywatna szkoła językowo-informatyczna. Po drugiej stronie ulicy sklep PSS Społem ""Wygoda"".",,,,,,,53.136921,23.167008
Białystok Wysoki Stoczek,ul. Dworska,2,48,455000,9479,bez pośredników,,9,https://adresowo.pl/o/mieszkanie-bialystok-wysoki-stoczek-ul-dworska-2-pokojowe-v7y1d2,https://s2.adresowa.pl/oi/5a/5e/4111c2_c552_cover@2x-2-pokojowe-mieszkanie-bialystok-wysoki-stoczek-ul-dworska.webp,Białystok Wysoki Stoczek,Dworska,4,1991,blok,,"Na sprzedaż funkcjonalne mieszkanie o powierzchni 48 m², położone przy ul. Dworskiej 9 na osiedlu Wysoki Stoczek w Białymstoku. Mieszkanie znajduje się na 4. piętrze w 4-piętrowym, ocieplonym bloku z wielkiej płyty. Budynek jest zadbany, klatka schodowa czysta i regularnie sprzątana. W skład mieszkania wchodzą: • duży salon z wyjściem na zabudowany balkon ok. 7 m², • osobna kuchnia, • sypialnia/pokój, • łazienka, • osobne WC, • korytarz, • piwnica ok. 6 m². Jedną z największych zalet mieszkania jest duży salon, który daje sporo możliwości aranżacyjnych. Przy odpowiedniej przebudowie istnieje również potencjał zmiany obecnego układu na 3 pokoje, np. poprzez zrobienie aneksu kuchennego w salonie i wykorzystanie obecnej kuchni jako dodatkowego pokoju. Salon został przygotowany również pod kino domowe - znajduje się w nim miejsce na rzutnik i ekran o przekątnej 150 cali. Rzutnik i ekran nie są jednak przedmiotem sprzedaży. Duża liczba punktów świetlnych pozwala na stworzenie kilku różnych scen oświetlenia - od mocnego oświetlenia całego pomieszczenia po bardziej nastrojowe światło wieczorem. Z salonu rozpościera się przyjemny widok na zieleń, dzięki czemu mieszkanie nie sprawia wrażenia typowego lokalu z widokiem bezpośrednio na kolejny blok. Duży, około 7-metrowy balkon jest zabudowany, dzięki czemu może pełnić funkcję dodatkowej przestrzeni użytkowej. Jest suchy podczas deszczu i zimą jest tam zauważalnie cieplej niż na otwartym balkonie. To świetne miejsce np. na przechowywanie rzeczy, rośliny czy stworzenie dodatkowej przestrzeni do wypoczynku. W drzwiach balkonowych oraz oknach zamontowane są moskitiery. Mieszkanie było kompleksowo remontowane w 2019 roku. Wykonano m.in. remont wszystkich pomieszczeń. W kuchni wykonano nowe obwody elektryczne, a w łazience wymieniono rury. Piony instalacyjne pozostały istniejące. Na podłogach znajdują się: • płytki w kuchni, korytarzu, łazience i WC, • panele w pokoju, • parkiet w salonie. Okna są PCV. Mieszkanie posiada podwójne drzwi wejściowe. W każdym oknie znajdują się rolety wewnętrzne, a w salonie dodatkowo rolety zaciemniające. Mieszkanie jest obecnie w stanie pozwalającym na zamieszkanie, choć nowy właściciel może oczywiście chcieć wykonać własne odświeżenie lub dostosować wnętrze do swoich potrzeb. W cenie pozostaje zabudowa kuchni. Na wyposażeniu kuchni znajdują się: • piekarnik, • płyta indukcyjna, • okap, • zmywarka, • lodówka, • mikrofalówka. Pozostawienie sprzętu AGD jest kwestią do uzgodnienia - jeżeli będzie to istotne dla kupującego, możemy pozostawić wyposażenie w cenie. Zabudowa i wyposażenie łazienki, WC oraz korytarza pozostają. Pozostałe meble nie są przedmiotem sprzedaży. Bardzo ciepłe mieszkanie Mieszkanie posiada miejskie ogrzewanie. Jest bardzo ciepłe - jest to mieszkanie środkowe. Lokalizacja - Wysoki Stoczek Lokalizacja jest jednym z dużych atutów mieszkania. W najbliższej okolicy znajdują się m.in.: • duże sklepy spożywcze, • szkoła, • przedszkole, • żłobek, • place zabaw, • tereny zielone, • punkty usługowe, • restauracje, • przystanki komunikacji miejskiej. Do wielu różnych przystanków można dojść w około 3 minuty. Dojazd samochodem do centrum Białegostoku zajmuje około 7 minut. Jednocześnie okolica jest spokojna, a mieszkanie znajduje się w miejscu, gdzie z salonu można cieszyć się widokiem na zieleń. Czynsz wynosi około 760 zł miesięcznie i obejmuje m.in.: • ogrzewanie, • wodę, • wywóz śmieci, • fundusz remontowy, • pozostałe opłaty administracyjne. Dodatkowo prąd - obecnie około 150 zł miesięcznie, zależnie od zużycia. Dodatkowe informacje: • powierzchnia: 48 m² • 2 pokoje • osobna kuchnia • osobna łazienka i WC • 4. piętro / 4 • blok ocieplony • balkon zabudowany - ok. 7 m² • piwnica - ok. 6 m² • ogrzewanie miejskie • mieszkanie własnościowe • brak hipoteki • sprzedaż bezpośrednio od właściciela • mieszkanie dostępne od zaraz Cena: 455 000 zł Zapraszam do kontaktu telefonicznego i obejrzenia mieszkania na miejscu. Pośrednikom dziękuję - sprzedaż bezpośrednio od właściciela.",tak,,,plastikowe,własność,"Wyposażenie: lodówka, mikrofalówka, piekarnik, zmywarka",53.14528,23.105019
Białystok Centrum,ul. gen. Józefa Bema,2,30,510000,17000,bez pośredników,,7,https://adresowo.pl/o/mieszkanie-bialystok-centrum-ul-gen-jozefa-bema-2-pokojowe-m4w3q4,https://s2.adresowa.pl/oi/72/30/4110f0_3511_cover@2x-2-pokojowe-mieszkanie-bialystok-centrum-ul-gen-jozefa-bema.webp,Białystok Centrum,gen. Józefa Bema,1,2026,apartamentowiec,,"Na sprzedaż funkcjonalne mieszkanie o metrażu 30,77m2, które dzięki przemyślanemu układowi stanowi idealną propozycję zarówno dla osób poszukujących własnego mieszkania, jak i inwestycja pod wynajem. Mieszkanie składa się z salonu połączonego z kuchnią, oddzielnej sypialni oraz łazienki. Dodatkowym atutem nieruchomości jest przynależny tarasik, który stanowi przyjemną przestrzeń do odpoczynku. Mieszkanie zostanie wyposażone w klimatyzacje oraz ogrzewanie podłogowe w łazience. Meble zostaną wykonane na wymiar dostosowane do układu mieszkania. Dużym atutem mieszkania jest również bardzo dobra lokalizacja - nieruchomości znajduje się w bliskim sąsiedztwie Politechniki Białostockiej, dworca PKP i PKS, Centrum miasta, sklepów Biedronka, Żabka przy ul. Generała Józefa Bema 47. Mieszkanie usytuowane jest od strony patio dzięki czemu nie słuchać gwaru ulicy. W środkowym dziedzińcu znajduję się dużo miejsc dla niepełnosprawnych oraz winda schodowa na patio. Możliwość dokupienia miejsca postojowego w garażu podziemnym oraz piwnicy. Mieszkanie posiada duży potencjał aranżacyjny - jest w trakcie wykańczania. W ogłoszeniu prezentujemy również przykładową wizualizację. Wizualizacja ma charakter poglądowy została przygotowana z wykorzystaniem narzędzi AI. Zapraszamy do kontaktu.",,,aneks,plastikowe,własność,Wyposażenie: klimatyzacje,53.123134,23.143473
Białystok Zawady,ul. św. Krzysztofa,3,65,533254,8204,Pośrednik,,6,https://adresowo.pl/o/mieszkanie-bialystok-zawady-ul-sw-krzysztofa-3-pokojowe-o7r2w1,https://s2.adresowa.pl/oi/46/29/40fe08_3a28_cover@2x-3-pokojowe-mieszkanie-bialystok-zawady-ul-sw-krzysztofa.webp,Białystok Zawady,św. Krzysztofa,parter,2026,blok,,"Kameralne Zawady – nowoczesna inwestycja mieszkaniowa Zapraszamy do zapoznania się z ofertą inwestycji Kameralne Zawady, zlokalizowanej przy ul. Św. Krzysztofa, na spokojnym i cenionym osiedlu Zawady. To propozycja dla osób, które szukają połączenia nowoczesnej architektury, kameralnej skali zabudowy oraz komfortu codziennego życia. Informacje podstawowe- 42 mieszkania - 3 kondygnacje naziemne - Kameralny budynek o niewielkiej skali - Funkcjonalne układy mieszkań o powierzchniach od 37,74m2 do 82,47m2 zaprojektowane z myślą o wygodzie mieszkańców W przedmiotowym lokalu na powierzchni 65,43m2 znajdują się: - Salon: 18,08m2 - Kuchnia: 8,56m2 - Pokój: 11,82m2 - Pokój: 14,32m2 - Przedpokój: 8,32m2 - Łazienka: 4,33m2 - Ogródeki: 53m2 + 10m2 Mieszkanie na PARTERZE z ekspozycją okien : zachód, wschód. Nowoczesny styl i funkcjonalność Budynek wyróżnia się prostą, elegancką bryłą oraz nowoczesnym stylem architektonicznym. Stonowana kolorystyka elewacji i wysokiej jakości materiały wykończeniowe harmonijnie wpisują się w charakter osiedla Zawady, zapewniając estetykę i trwałość na lata. Mieszkania zostały zaprojektowane tak, aby maksymalnie wykorzystać dostępną przestrzeń – jasne wnętrza, przemyślane układy pomieszczeń oraz duże przeszklenia tworzą komfortowe warunki do życia zarówno dla singli, par, jak i rodzin. Lokalizacja Ulica Św. Krzysztofa to miejsce, które łączy ciszę i spokój kameralnego osiedla z dogodnym dojazdem do centrum miasta. W pobliżu znajdują się tereny zielone, infrastruktura handlowo-usługowa oraz szybkie połączenia komunikacyjne z pozostałymi częściami Białegostoku. Kameralne Zawady to idealny wybór dla osób ceniących nowoczesne budownictwo, spokojne otoczenie i wysoki standard codziennego życia. Planowany termin oddania mieszkania do użytku – grudzień 2027r. Miejsca parkingowe - w cenie 35.000zł . Komórki lokatroskie w cenie 3000zł/m2 Po więcej informacji zapraszam do kontaktu: Grzegorz Kozłowski",,,,,własność,,53.169775,23.11223
Białystok,al. Józefa Piłsudskiego 7,1,34,385000,11324,Pośrednik,,8,https://adresowo.pl/o/mieszkanie-bialystok-al-jozefa-pilsudskiego-1-pokoj-t5a1y2,https://s2.adresowa.pl/oi/10/28/40fe06_7621_cover@2x-1-pokojowe-mieszkanie-bialystok-al-jozefa-pilsudskiego.webp,Białystok ,Józefa Piłsudskiego 7,parter,1960,blok,,"Przedstawiam Państwu przytulne i w pełni umeblowane mieszkanie o powierzchni 34,10 m², położone na parterze czteropiętrowego budynku z cegły, z 1960 roku, w samym centrum Białegostoku. Mieszkanie przeszło generalny remont i jest w dobrym stanie technicznym oraz wizualnym. Gotowe do zamieszkania bez konieczności ponoszenia dodatkowych nakładów finansowych. Układ pomieszczeń:- Salon – 15,8 m2 - Kuchnia – 8,6 m2 - Łazienka z WC – 2,7 m2 - Korytarz – 4,4 m2 Do mieszkania przynależy również piwnica o powierzchni 4,80 m2, zapewniająca dodatkową przestrzeń do przechowywania. Lokalizacja: Nieruchomość znajduje się w centrum Białegostoku, co zapewnia wygodny dostęp do pełnej infrastruktury miejskiej. W najbliższej okolicy znajdują się m.in.:- liczne linie autobusowe, - ścieżki rowerowe i rower miejski, - tereny zielone i park, - basen, - bank, - przychodnia, - szkoła, - poczta, - fryzjer, - pizzeria i restauracje, - galeria handlowa. Dzięki doskonałej lokalizacji mieszkanie będzie świetnym wyborem zarówno dla singla lub pary, jak również jako nieruchomość inwestycyjna pod wynajem. Mieszkanie posiada założoną księge wieczystą. Zapraszam do kontaktu Małgorzata Wróblewska",tak,,osobna,,własność,,53.136281,23.148724
Białystok Os. Młodych,ul. Zwycięstwa,4,48,499000,10396,bez pośredników,,10,https://adresowo.pl/o/mieszkanie-bialystok-os-mlodych-ul-zwyciestwa-4-pokojowe-w8t9k2,https://s2.adresowa.pl/oi/74/41/410b3a_9e5e_cover@2x-4-pokojowe-mieszkanie-bialystok-os-mlodych-ul-zwyciestwa.webp,Białystok Os. Młodych,Zwycięstwa,9,1980,blok,,"Na sprzedaż funkcjonalne, czteropokojowe mieszkanie o powierzchni 48 m², położone na 9. piętrze 11-piętrowego bloku z cegły na osiedlu Młodych w Białymstoku. Zdjęcia przedstawiają sprzedawane mieszkanie, nie są wizualizacjami. Mieszkanie jest świeżo po generalnym remoncie, podczas którego wymieniono wszystkie instalacje. Lokal jest gotowy do zamieszkania bez konieczności ponoszenia dodatkowych nakładów finansowych. W cenie pozostają meble oraz sprzęt AGD: pralka, lodówka, kuchenka, piekarnik. Układ mieszkania: salon z aneksem kuchennym i wyjściem na balkon, większa sypialnia, dwie mniejsze sypialnie, które mogą służyć również jako pokoje dziecięce, gabinety lub pokoje pod wynajem. Do mieszkania przynależy piwnica. W budynku znajduje się nowa winda. Lokalizacja Osiedle Młodych zapewnia szybki dojazd do centrum oraz pozostałych części Białegostoku. Przystanki autobusowe znajdują się bezpośrednio przy bloku. W najbliższej okolicy znajdują się: sklepy spożywcze – około 100 m od budynku, Auchan – około 5 minut pieszo, park, szkoły i przedszkola, przychodnia po drugiej stronie ulicy, dworce PKP i PKS – około 10 minut pieszo lub około 2 minut bezpośrednim autobusem kursującym spod bloku. Mieszkanie posiada księgę wieczystą bez obciążeń oraz aktualne świadectwo charakterystyki energetycznej. Zakup jest możliwy również z wykorzystaniem kredytu hipotecznego. Dzięki czterem pokojom i bardzo dobrej komunikacji mieszkanie sprawdzi się zarówno dla rodziny, jak i jako inwestycja pod wynajem. Pod blokiem jest duży parking i nie ma problemów z miejscami parkingowymi. Oferta bezpośrednia, jest to moje mieszkanie.",tak,,aneks,plastikowe,spółdzielcze własnościowe,"Wyposażenie: kuchenka, lodówka, piekarnik, pralka",53.13598,23.128976
Białystok Bojary,ul. Józefa Ignacego Kraszewskiego,3,46,580000,12609,bez pośredników,,7,https://adresowo.pl/o/mieszkanie-bialystok-bojary-ul-jozefa-ignacego-kraszewskiego-3-pokojowe-c9j1k4,https://s2.adresowa.pl/oi/41/27/410a56_98cb_cover@2x-3-pokojowe-mieszkanie-bialystok-bojary-ul-jozefa-ignacego-kraszewskiego.webp,Białystok Bojary,Józefa Ignacego Kraszewskiego,parter,2019,blok,,"Mieszkanie o powierzchni 46m2 składa się z dwóch sypialni, dużego salonu oraz oddzielnej łazienki. Kuchnia znajduje się w przedpokoju. Poziom to wysoki parter. Okna i balkon są od strony ulicy.",,,osobna,,,,53.139028,23.180433
Białystok Centrum,ul. Marii Skłodowskiej-Curie,3,50,390000,7800,bez pośredników,,2,https://adresowo.pl/o/mieszkanie-bialystok-centrum-ul-marii-sklodowskiej-curie-3-pokojowe-a7z0r4,https://s2.adresowa.pl/oi/2b/4b/41088c_2afa_cover@2x-3-pokojowe-mieszkanie-bialystok-centrum-ul-marii-sklodowskiej-curie.webp,Białystok Centrum,Marii Skłodowskiej-Curie,4,,blok,,"Mieszkanie 3 pokojowe, centrum Białegostoku. Na przeciw PSS Opałek, ul. Skłodowskiej 11. Powierzchnia 50m2, 4. piętro. Mieszkanie do remontu. Idealne pod inwestycje. Obok Akademia Medyczna, w której studenci szukają mieszkań/pokoi na wynajem. Sprzedaż bezpośrednia od właściciela. Bez pośredników.",,,,,,,53.12755,23.160295
Białystok Zawady,ul. św. Krzysztofa,3,65,532195,8188,Pośrednik,,8,https://adresowo.pl/o/mieszkanie-bialystok-zawady-ul-sw-krzysztofa-3-pokojowe-t3p8h8,https://s2.adresowa.pl/oi/46/10/40fe04_f73f_cover@2x-3-pokojowe-mieszkanie-bialystok-zawady-ul-sw-krzysztofa.webp,Białystok Zawady,św. Krzysztofa,parter,2027,blok,,"Kameralne Zawady – nowoczesna inwestycja mieszkaniowa Zapraszamy do zapoznania się z ofertą inwestycji Kameralne Zawady, zlokalizowanej przy ul. Św. Krzysztofa, na spokojnym i cenionym osiedlu Zawady. To propozycja dla osób, które szukają połączenia nowoczesnej architektury, kameralnej skali zabudowy oraz komfortu codziennego życia. Informacje podstawowe- 42 mieszkania - 3 kondygnacje naziemne - Kameralny budynek o niewielkiej skali - Funkcjonalne układy mieszkań o powierzchniach od 37,74m2 do 82,47m2 zaprojektowane z myślą o wygodzie mieszkańców W przedmiotowym lokalu na powierzchni 65,30m2 znajdują się: - Pokój z aneksem: 24,55m2 - Pokój: 14,37m2 - Pokój: 13,58m2 - Garderoba: 4,82m2 - Łazienka: 5,26m2 - Przedpokój: 2,72m2 - Ogródek: 18m2 Mieszkanie na PARTERZE z ekspozycją okien : zachód Nowoczesny styl i funkcjonalność Budynek wyróżnia się prostą, elegancką bryłą oraz nowoczesnym stylem architektonicznym. Stonowana kolorystyka elewacji i wysokiej jakości materiały wykończeniowe harmonijnie wpisują się w charakter osiedla Zawady, zapewniając estetykę i trwałość na lata. Mieszkania zostały zaprojektowane tak, aby maksymalnie wykorzystać dostępną przestrzeń – jasne wnętrza, przemyślane układy pomieszczeń oraz duże przeszklenia tworzą komfortowe warunki do życia zarówno dla singli, par, jak i rodzin. Lokalizacja Ulica Św. Krzysztofa to miejsce, które łączy ciszę i spokój kameralnego osiedla z dogodnym dojazdem do centrum miasta. W pobliżu znajdują się tereny zielone, infrastruktura handlowo-usługowa oraz szybkie połączenia komunikacyjne z pozostałymi częściami Białegostoku. Kameralne Zawady to idealny wybór dla osób ceniących nowoczesne budownictwo, spokojne otoczenie i wysoki standard codziennego życia. Planowany termin oddania mieszkania do użytku – grudzień 2027r. Miejsca parkingowe - w cenie 35.000zł . Komórki lokatroskie w cenie 3000zł/m2 Po więcej informacji zapraszam do kontaktu: Małgorzata Wróblewska Oferta Laureata Konkursu Lider Nieruchomości Otodom 2020 i 2021 ! Zapewniamy Państwu pomoc prawną przy zakupie nieruchomości oraz przy uzyskaniu kredytu. Niniejsze ogłoszenie nie stanowi oferty w rozumieniu Kodeksu Cywilnego, lecz ma charakter informacyjny. Przedstawione wizualizacje i grafiki mają charakter wyłącznie poglądowy i stanowią wyłącznie materiał pomocniczy, ułatwiający zorientowanie się w ogólnym wyglądzie oferowanej nieruchomości. Niniejsze ogłoszenie wraz z jego elementami jest własnością Północ Nieruchomości Sp z o.o. lub podmiotu współpracującego. Wszelkie prawa zastrzeżone. Kopiowanie, rozpowszechnianie oraz korzystanie z niniejszych materiałów w jakikolwiek inny sposób wykraczający poza dozwolony użytek określony przepisami ustawy z 4 lutego 1994 r. o prawie autorskim i prawach pokrewnych (Dz. U. 1994, nr 24 poz. 83 z późn. zm.) bez pisemnej zgody Północ Nieruchomości Sp z o.o. lub podmiotów współpracujących jest zabronione i może stanowić podstawę odpowiedzialności cywilnej oraz karnej. Niniejsze materiały stanowią tajemnicę przedsiębiorstwa PÓŁNOC NIERUCHOMOŚCI Sp. z o.o. w rozumieniu ustawy z dnia 16 kwietnia 1993 r. o zwalczaniu nieuczciwej konkurencji (Dz. U. z 2003 r., Nr 153, poz. 1503 z późn. zm.).",,,,,własność,,53.169801,23.112144
Białystok Zawady,ul. św. Krzysztofa,3,56,482202,8611,Pośrednik,,5,https://adresowo.pl/o/mieszkanie-bialystok-zawady-ul-sw-krzysztofa-3-pokojowe-j7m6p7,https://s2.adresowa.pl/oi/1a/77/40fe00_5ac4_cover@2x-3-pokojowe-mieszkanie-bialystok-zawady-ul-sw-krzysztofa.webp,Białystok Zawady,św. Krzysztofa,1,2026,blok,,"Kameralne Zawady – nowoczesna inwestycja mieszkaniowa Zapraszamy do zapoznania się z ofertą inwestycji Kameralne Zawady, zlokalizowanej przy ul. Św. Krzysztofa, na spokojnym i cenionym osiedlu Zawady. To propozycja dla osób, które szukają połączenia nowoczesnej architektury, kameralnej skali zabudowy oraz komfortu codziennego życia. Informacje podstawowe - 42 mieszkania - 3 kondygnacje naziemne - Kameralny budynek o niewielkiej skali - Funkcjonalne układy mieszkań o powierzchniach od 37,74m2 do 82,47m2 zaprojektowane z myślą o wygodzie mieszkańców W przedmiotowym lokalu na powierzchni 56,07m2 znajdują się: - Pokój z aneksem: 18,05m2 - Pokój: 9,90m2 - Pokój: 11,97m2 - Garderoba: 3,58m2 - Przedpokój: 7,01m2 - Łazienka: 5,56m2 - Balkon: 8m2 Mieszkanie na I Piętrze z ekspozycją okien : zachód Nowoczesny styl i funkcjonalność Budynek wyróżnia się prostą, elegancką bryłą oraz nowoczesnym stylem architektonicznym. Stonowana kolorystyka elewacji i wysokiej jakości materiały wykończeniowe harmonijnie wpisują się w charakter osiedla Zawady, zapewniając estetykę i trwałość na lata. Mieszkania zostały zaprojektowane tak, aby maksymalnie wykorzystać dostępną przestrzeń – jasne wnętrza, przemyślane układy pomieszczeń oraz duże przeszklenia tworzą komfortowe warunki do życia zarówno dla singli, par, jak i rodzin. Lokalizacja Ulica Św. Krzysztofa to miejsce, które łączy ciszę i spokój kameralnego osiedla z dogodnym dojazdem do centrum miasta. W pobliżu znajdują się tereny zielone, infrastruktura handlowo-usługowa oraz szybkie połączenia komunikacyjne z pozostałymi częściami Białegostoku. Kameralne Zawady to idealny wybór dla osób ceniących nowoczesne budownictwo, spokojne otoczenie i wysoki standard codziennego życia. Planowany termin oddania mieszkania do użytku – grudzień 2027r. Miejsca parkingowe - w cenie 35.000zł . Komórki lokatorskie w cenie 3000zł/m2 Po więcej informacji zapraszam do kontaktu: Agnieszka Bartoszewicz",,,,,własność,,53.169826,23.112316
Białystok,Dziesięciny,3,63,585000,9286,bez pośredników,,15,https://adresowo.pl/o/mieszkanie-bialystok-dziesieciny-3-pokojowe-63-m2-d1t9z9,https://s2.adresowa.pl/oi/5e/47/410878_5858_cover@2x-3-pokojowe-mieszkanie-bialystok-dziesieciny.webp,Białystok Dziesięciny,,1,1976,blok,,"Sprzedam przestronne, funkcjonalne i estetycznie wykończone mieszkanie o powierzchni 63 m², znajdujące się na 1. piętrze w czteropiętrowym bloku z lat 70. Lokal jest w bardzo dobrym stanie, gotowy do zamieszkania od zaraz. Składa się z 3 ustawnych pokoi, jadalni z aneksem kuchennym, łazienki z WC i przedpokoju. Podczas starannie przeprowadzonego remontu została całkowicie wymieniona instalacja elektryczna i wodno-kanalizacyjna. Na wyposażeniu mieszkania znajdują się trzy szafy z przesuwanymi drzwiami, zabudowa kuchenna, podstawowe meble potrzebne do codziennego funkcjonowania, pralka, lodówka, kuchenka, piekarnik oraz telewizor. Mieszkanie usytuowane jest w dzielnicy Dziesięciny I w Białymstoku, w spokojnej i atrakcyjnej lokalizacji. W okolicy znajduje się wiele udogodnień, takich jak: - Przedszkola i szkoły (w tym podstawowe i średnie) - Sklepy spożywcze i supermarkety - Restauracje i kawiarnie - Przystanki komunikacji miejskiej, co ułatwia dojazd do centrum. Dzięki bliskości terenów zielonych, lokalnych udogodnień oraz dobrego połączenia z centrum miasta, życie tutaj jest bardzo wygodne. Zapraszam do oglądania i kontaktu.",,,aneks,plastikowe,własność,"Wyposażenie: kuchenka, lodówka, piekarnik, pralka, telewizor",53.152991,23.124001
Białystok Piasta,ul. Piastowska,3,43,510000,11860,bez pośredników,,14,https://adresowo.pl/o/mieszkanie-bialystok-piasta-ul-piastowska-3-pokojowe-g3w9e9,https://s2.adresowa.pl/oi/2b/3c/4107d2_376d_cover@2x-3-pokojowe-mieszkanie-bialystok-piasta-ul-piastowska.webp,Białystok Piasta,Piastowska,1,1970,blok,,"Mieszkanie znajduje się na ul. Piastowskie, piętro 1, metraż całościowy lokalu 47m2. (43,8m2 mieszkanie + piwnica 4m2). Mieszkanie jest po generalnym remoncie i jest gotowe do zamieszkania, zawiera zabudowę stolarską, sprzęty AGD, oraz UWAGA! Niezależna garderobę. Mieszkanie ma 2 sypialnie, salon z aneksem piękna łazienkę z wanną oraz dodatkowe nastrojowe oświetlenie led.",tak,,aneks,plastikowe,własność,,53.129007,23.186531
Białystok Antoniuk,al. Solidarności,2,33,285000,8636,bez pośredników,,7,https://adresowo.pl/o/mieszkanie-bialystok-antoniuk-al-solidarnosci-2-pokojowe-j4c8s8,https://s2.adresowa.pl/oi/77/43/4103d8_995b_cover@2x-2-pokojowe-mieszkanie-bialystok-antoniuk-al-solidarnosci.webp,Białystok Antoniuk,Solidarności,7,,blok,,"Na Sprzedaż funkcionalne i słoneczne mieszkanie 2 pokojowe o powierzchni 33 m2 do remontu zlokalizowane na 7 piętrze w wierzowcu przy ul Al.Solidarnosci osiedle Antoniuk. Mieszkanie składa się z 2 pokoi,kuchni,łazienki z WC i przedpokoju. Do lokalu przynależy piwnica brak balkonu",tak,,,,,,53.138972,23.130554
Białystok Piaski,ul. Mazowiecka,3,52,466000,8962,Pośrednik,,12,https://adresowo.pl/o/mieszkanie-bialystok-piaski-ul-mazowiecka-3-pokojowe-j4s0e4,https://s2.adresowa.pl/oi/45/20/40fdfe_84b7_cover@2x-3-pokojowe-mieszkanie-bialystok-piaski-ul-mazowiecka.webp,Białystok Piaski,Mazowiecka,parter,1967,blok,,"Zapraszam do zapoznania się z ofertą sprzedaży wyjątkowego, dwustronnego, słonecznego mieszkania zlokalizowanego na parterze niskiego bloku na ul. Mazowieckiej, tuż przy Politechnice Białostockiej. Mieszkanie o powierzchni 52,30 m² składa się z: - 3 pokoi: 16,3 m2, 8,8 m2, 10,7 m2 - oddzielnej kuchni o pow. 6,3 m2 - korytarza 5,5 m2 - łazienka 2,7 m2 Podłoga to zachowana oryginalna dębowa klepka w klasyczną jodełkę. Podłoga była cyklinowana tylko raz, dzięki czemu zachowała swoją trwałość i naturalny charakter. To typ wykończenia, który przy normalnej pielęgnacji przetrwa kolejne dziesięciolecia i jakościowo przewyższa większość nowych podłóg dostępnych dziś na rynku. Dodatkowym atutem jest piwnica, która pomieści wszystkie niezbędne rzeczy. Miejsca postojowe terenowe, wokół budynku. Lokalizacja tego mieszkania na osiedlu Tysiąclecia (administracyjnie os. Piaski) jest jego niewątpliwym atutem, oferuje łatwy dostęp do wszelkich udogodnień codziennego życia. Nieruchomość usytuowana blisko: uczelni, parku z dużą ilością zieleni, basenu, szpitala oraz licznych restauracji i sklepów. Mieszkanie jest aktualnie wynajmowane, co czyni je doskonałą propozycją inwestycyjną. Umowa najmu z jednomiesięcznym terminem wypowiedzenia, co daje nowemu właścicielowi pełna elastyczność – możliwość kontynuowania najmu lub przejęcia lokalu na własne cele w krótkim czasie. Aktualny czynsz (okres zimowy) wynosi 840 zł. Nie czekaj! To idealna propozycja zarówno dla inwestorów, jak i osób szukających wymarzonego miejsca do życia w sercu Białegostoku. Skontaktuj się z nami, aby umówić się na prezentację! Niniejsze ogłoszenie nie stanowi oferty w rozumieniu Kodeksu Cywilnego, lecz ma charakter informacyjny. Przedstawione wizualizacje i grafiki mają charakter wyłącznie poglądowy i stanowią wyłącznie materiał pomocniczy, ułatwiający zorientowanie się w ogólnym wyglądzie oferowanej nieruchomości. Niniejsze ogłoszenie wraz z jego elementami jest własnością Północ Nieruchomości Sp z o.o. lub podmiotu współpracującego. Wszelkie prawa zastrzeżone. Kopiowanie, rozpowszechnianie oraz korzystanie z niniejszych materiałów w jakikolwiek inny sposób wykraczający poza dozwolony użytek określony przepisami ustawy z 4 lutego 1994 r. o prawie autorskim i prawach pokrewnych (Dz. U. 1994, nr 24 poz. 83 z późn. zm.) bez pisemnej zgody Północ Nieruchomości Sp z o.o. lub podmiotów współpracujących jest zabronione i może stanowić podstawę odpowiedzialności cywilnej oraz karnej. Niniejsze materiały stanowią tajemnicę przedsiębiorstwa PÓŁNOC NIERUCHOMOŚCI Sp. z o.o. w rozumieniu ustawy z dnia 16 kwietnia 1993 r. o zwalczaniu nieuczciwej konkurencji (Dz. U. z 2003 r., Nr 153, poz. 1503 z późn. zm.).",tak,,osobna,,spółdzielcze własnościowe,,53.12172,23.14829
Białystok Dziesięciny,ul. Kalinowa,4,84,585000,6964,Pośrednik,,16,https://adresowo.pl/o/mieszkanie-bialystok-dziesieciny-ul-kalinowa-4-pokojowe-t9s7c5,https://s2.adresowa.pl/oi/65/24/40fdf6_3252_cover@2x-4-pokojowe-mieszkanie-bialystok-dziesieciny-ul-kalinowa.webp,Białystok Dziesięciny,Kalinowa,1,1981,blok,,"Polecamy duże mieszkanie 84,5 m2, pierwsze piętro niskiego bloku przy ul Kalinowej os. Dziesięciny w Białymstoku. Budynek po termomodernizacji, okna zmienione na PCV, klatka schodowa po rewitalizacji. Stan techniczny mieszkania do remontu, lub odświeżenia. Na powierzchnie składa się: - salon 25,8 m2, - kuchnia 7,6 m2, - sypialnia 14,4 m2 - sypialnia 12 m2, - sypialnia 7,9 m2, - korytarz 11,8 m2, - łazienka z WC 5,5 m2 do mieszania przynależny balkon 5,1 m2 oraz piwnica Mieszkanie posiada ustawny rozkład – wszystkie pomieszczenia dostępne są z korytarza, co zapewnia wygodę codziennego użytkowania. Stan prawny - spółdzielcze własnościowe prawo do lokalu mieszkalnego Atuty lokalizacji: - Spokojna i zielona okolica, idealna zarówno dla osób młodych, jak i starszych - Bliskość punktów handlowo-usługowych (Biedronka, Lidl, apteki) - W pobliżu szkoły, przedszkola, przychodnie - Świetna komunikacja miejska – szybki dojazd do centrum - Tereny spacerowe, place zabaw, ścieżki rowerowe - Dostępne miejsca parkingowe przy budynku Po więcej informacji zapraszam do kontaktu: Stanisław Drobiński",tak,,osobna,,spółdzielcze własnościowe,,53.151295,23.130283
Białystok,Nowe Miasto,3,67,850000,12687,bez pośredników,,7,https://adresowo.pl/o/mieszkanie-bialystok-nowe-miasto-3-pokojowe-67-m2-o9k4y0,https://s2.adresowa.pl/oi/16/34/410308_625d_cover@2x-3-pokojowe-mieszkanie-bialystok-nowe-miasto.webp,Białystok Nowe Miasto,,3,2015,blok,,"Oferuję na sprzedaż przestronne mieszkanie o powierzchni 67 m². Mieszkanie znajduje się na 3. piętrze w bloku. Jest umeblowane, co ułatwi Ci wprowadzenie się. Wysoka jakość wykończenia sprawia, że mieszkanie prezentuje się bardzo dobrze. W kuchni znajdziesz sprzęt AGD, w tym lodówkę, zmywarkę i piekarnik. Łazienka jest wyposażona w prysznic oraz wysokiej jakości armaturę. W salonie nowoczesne meble tworzą przyjemną atmosferę. Dodatkowo, pokój dziecięcy ma pastelowe kolory, co nadaje mu przyjazny charakter. Nie czekaj, skontaktuj się ze mną i umów się na prezentację!",,,,,,"Wyposażenie: lodówkę, piekarnik, zmywarkę",53.111,23.131001
Białystok Białostoczek,al. Tysiąclecia Państwa Polskiego 10,3,81,866500,10698,bez pośredników,,12,https://adresowo.pl/o/mieszkanie-bialystok-bialostoczek-al-tysiaclecia-panstwa-polskiego-3-pokojowe-r7z0q2,https://s2.adresowa.pl/oi/66/2d/4100b6_b907_cover@2x-3-pokojowe-mieszkanie-bialystok-bialostoczek-al-tysiaclecia-panstwa-polskiego.webp,Białystok Białostoczek,Tysiąclecia Państwa Polskiego 10,9,2013,apartamentowiec,,"Nieruchomość w bardzo porządnym standardzie. Części wspólne o ponadstandardowym wykończeniu. Możliwość wyodrębnienia czwartego pokoju. Mieszkanie dwustronne z dwiema sporymi loggiami. Możliwość dokupienia 2 miejsc postojowych w garażu podziemnym (łatwa możliwość zabudowy jako garaż zamknięty na 2 auta). Do zamieszkania od grudnia 2026 r. . Po zakupie i niewielkim nakładzie finansowym (telewizor, pralka, ) gotowe do zamieszkania. Piękny widok ze strony południowej na panoramę miasta z jednego z balkonów.",tak,tak,aneks,drewniane,własność,"Wyposażenie: pralka, telewizor",53.151343,23.155779
Białystok Centrum,ul. Poleska,2,48,475000,9896,bez pośredników,,2,https://adresowo.pl/o/mieszkanie-bialystok-centrum-ul-poleska-2-pokojowe-z9c0h6,https://s2.adresowa.pl/oi/1b/78/40f7c4_a760_cover@2x-2-pokojowe-mieszkanie-bialystok-centrum-ul-poleska.webp,Białystok Centrum,Poleska,parter,,kamienica,,"Na sprzedaż przestronne, klimatyczne mieszkanie o powierzchni 47m², usytuowane na parterze w kameralnej, dwupiętrowej kamienicy z murem z grubej cegły przy ul. Poleskiej 30A w Białymstoku. Mieszkanie jest po generalnym – nie wymaga absolutnie żadnych nakładów finansowych. Gotowe do natychmiastowego zamieszkania. Najważniejsze atuty: Wysokie pomieszczenia: Klasyczna wysokość typowa dla kamienic daje ogromne poczucie przestrzeni i światła. Stan idealny: Generalny remont obejmował wymianę instalacji, wykończenie ścian, podłóg oraz nową łazienkę i kuchnię. Niezwykle ciepłe: Grube mury z tradycyjnej cegły gwarantują świetną izolację termiczną i wyciszenie – mieszkanie jest bardzo przytulne i ciepłe w sezonie grzewczym. Latem przy zamkniętych oknach wewnątrz jest chłodno, nie wymaga klimatyzacji. Aż 2 piwnice w cenie: Rzadko spotykany dodatek zapewniający ogromną przestrzeń do przechowywania. Świetna lokalizacja: Ścisłe obrzeże centrum. W pieszym zasięgu dworzec, przystanki komunikacji miejskiej, sklepy, punkty usługowe oraz restauracje. Niska zabudowa i wspólnota: Kameralny budynek zarządzany przez aktywną wspólnotę mieszkaniową. Istnieje nieograniczona możliwość parkowania wokół budynku. Informacje dodatkowe: Piętro: Parter / 2 Czynsz: ok. 800 zł Forma własności: Pełna własność z księgą wieczystą Balkon: Brak Ogrzewanie: Miejskie Mieszkanie idealne dla osób ceniących klimat kamienic, szukających gotowego lokum w centrum miasta lub dla inwestora szukającego pewnej lokaty kapitału pod wynajem. Cena: 475 000 zł (do rozsądnej negocjacji) Zapraszam do kontaktu i obejrzenia mieszkania na żywo!",tak,,,,własność,,53.142442,23.160867
Białystok Wygoda,ul. 42 Pułku Piechoty,3,59,689000,11678,Pośrednik,,20,https://adresowo.pl/o/mieszkanie-bialystok-wygoda-ul-42-pulku-piechoty-3-pokojowe-i6j9v8,https://s2.adresowa.pl/oi/6c/23/40fdf0_b165_cover@2x-3-pokojowe-mieszkanie-bialystok-wygoda-ul-42-pulku-piechoty.webp,Białystok Wygoda,42 Pułku Piechoty,2,2015,blok,,"Szukasz mieszkania, do którego możesz wprowadzić się bez remontu, kompletowania mebli i miesięcy urządzania? Prezentujemy komfortowe, trzypokojowe mieszkanie o powierzchni 59,36 m², położone przy ul. 42 Pułku Piechoty na osiedlu Wygoda w Białymstoku. Mieszkanie znajduje się na 2 piętrze kameralnego budynku z 2015 roku. Jest nowocześnie i spójnie urządzone, zadbane oraz gotowe do zamieszkania. Istnieje możliwość zakupu wraz z umeblowaniem i wyposażeniem więc będziesz móc zabrać swoje rzeczy osobiste i praktycznie od razu się wprowadzić. Wygodna i funkcjonalna przestrzeń Sercem mieszkania jest przestronna strefa dzienna z wygodną narożną kanapą, ścianą TV oraz częścią jadalnianą z dużym stołem i zabudową na książki. Kuchnia została otwarta na salon i uzupełniona praktycznym półwyspem. Jest w pełni wyposażona w sprzęt AGD, m.in. płytę indukcyjną, piekarnik, lodówkę, mikrofalówkę, okap oraz lodówkę na napoje. Na 59,36 m² znajdują się:- salon 20 m2, - kuchnia 6 m2, - sypialnia 10,6 m2 z dużą szafą, - pokój 9 m2 - obecnie wykorzystywany jako gabinet, który świetnie sprawdzi się również jako pokój dziecięcy, - łazienka 3,1 m2 z wanną, pralką, zabudową i dodatkowym ogrzewaniem podłogowym, - oddzielna toaleta 1,2 m2, - przedpokój z pojemną zabudową i lustrami. Komfort, który widać w detalach Właściciele zadbali o rozwiązania podnoszące wygodę codziennego życia. W mieszkaniu znajduje się klimatyzacja, rolety okienne, rozbudowane oświetlenie oraz liczne zabudowy wykonane pod konkretną przestrzeń. Do mieszkania przynależy również przestronny balkon 6,2 m2 oraz bardzo praktyczna komórka lokatorska 2,05 m2 znajdująca się na tym samym piętrze, tuż obok mieszkania. Istnieje także możliwość dokupienia zamykanego garażu o pow. 18,36 m2 na poziomie -1. Cisza i otwarta przestrzeń za oknami Budynek jest odsunięty od głównej ulicy, dzięki czemu mieszka się tutaj spokojnie. Dodatkowym atutem jest sąsiedztwo ogródków działkowych i otwarty widok, który daje poczucie większej przestrzeni. Okna mieszkania wychodzą na wschód i północ. Osiedle jest monitorowane. To propozycja dla osób, które szukają zadbanego, urządzonego i gotowego do wprowadzenia mieszkania. Nieruchomość na żywo prezentuje się jeszcze lepiej niż na zdjęciach, dlatego zapraszam do kontaktu aby umówić się na jego obejrzenie. Oferta dostępna wyłącznie w naszym biurze. Grzegorz Kozłowski",tak,tak,,,własność,"Wyposażenie: klimatyzacja, lodówkę, piekarnik, tv",53.143167,23.222341
Białystok Zawady,ul. św. Krzysztofa,3,62,505707,8157,Pośrednik,,5,https://adresowo.pl/o/mieszkanie-bialystok-zawady-ul-sw-krzysztofa-3-pokojowe-w8y4y6,https://s2.adresowa.pl/oi/4e/5f/40fdee_c071_cover@2x-3-pokojowe-mieszkanie-bialystok-zawady-ul-sw-krzysztofa.webp,Białystok Zawady,św. Krzysztofa,2,2026,blok,,"Kameralne Zawady – nowoczesna inwestycja mieszkaniowa Zapraszamy do zapoznania się z ofertą inwestycji Kameralne Zawady, zlokalizowanej przy ul. Św. Krzysztofa, na spokojnym i cenionym osiedlu Zawady. To propozycja dla osób, które szukają połączenia nowoczesnej architektury, kameralnej skali zabudowy oraz komfortu codziennego życia. Informacje podstawowe- 42 mieszkania - 3 kondygnacje naziemne - Kameralny budynek o niewielkiej skali - Funkcjonalne układy mieszkań o powierzchniach od 37,74m2 do 82,47m2 zaprojektowane z myślą o wygodzie mieszkańców W przedmiotowym lokalu na powierzchni 62,05m2 znajdują się: - Pokój z aneksem: 20,04m2 - Pokój: 14,53m2 - Pokój: 12,39m2 - Przedpokój: 8,80m2 - Łazienka: 4,27m2 - WC: 2,02m2 - Balkon: 4m2 Mieszkanie na II Piętrze z ekspozycją okien : wschód, zachód. Nowoczesny styl i funkcjonalność Budynek wyróżnia się prostą, elegancką bryłą oraz nowoczesnym stylem architektonicznym. Stonowana kolorystyka elewacji i wysokiej jakości materiały wykończeniowe harmonijnie wpisują się w charakter osiedla Zawady, zapewniając estetykę i trwałość na lata. Mieszkania zostały zaprojektowane tak, aby maksymalnie wykorzystać dostępną przestrzeń – jasne wnętrza, przemyślane układy pomieszczeń oraz duże przeszklenia tworzą komfortowe warunki do życia zarówno dla singli, par, jak i rodzin. Lokalizacja Ulica Św. Krzysztofa to miejsce, które łączy ciszę i spokój kameralnego osiedla z dogodnym dojazdem do centrum miasta. W pobliżu znajdują się tereny zielone, infrastruktura handlowo-usługowa oraz szybkie połączenia komunikacyjne z pozostałymi częściami Białegostoku. Kameralne Zawady to idealny wybór dla osób ceniących nowoczesne budownictwo, spokojne otoczenie i wysoki standard codziennego życia. Planowany termin oddania mieszkania do użytku – grudzień 2027r. Miejsca parkingowe - w cenie 35.000zł . Komórki lokatroskie w cenie 3000zł/m2 Po więcej informacji zapraszam do kontaktu: Monika Witkowska",,,,,własność,,53.169724,23.112488
Białystok Piaski,ul. M. Curie-Skłodowskiej,1,26,369423,14209,bez pośredników,,8,https://adresowo.pl/o/mieszkanie-bialystok-piaski-ul-m-curie-sklodowskiej-1-pokoj-t2j2i0,https://s2.adresowa.pl/oi/54/25/40f27c_5e4e_cover@2x-1-pokojowe-mieszkanie-bialystok-piaski-ul-m-curie-sklodowskiej.webp,Białystok Piaski,M. Curie-Skłodowskiej,4,1962,blok,,"Na sprzedaż własnościowa kawalerka o powierzchni 26,92 m² przy ul. Marii Curie-Skłodowskiej 4 w Białymstoku (Osiedle Śródmieście/Piaski). Mieszkanie znajduje się na 4. piętrze w 4-piętrowym budynku. Stan prawny jest w pełni uregulowany: odrębna własność z Księgą Wieczystą, bez żadnych obciążeń czy hipoteki. Nieruchomość posiada wymagane świadectwo charakterystyki energetycznej. Największe atuty mieszkania: * Duży balkon (~2,3 m²) z widokiem na zieleń: Jak na kawalerkę, balkon jest bardzo przestronny. Wychodzi na korony drzew i bez problemu pomieści stolik kawowy oraz fotel lub krzesło. * Cisza w centrum: Okna oraz balkon skierowane są na wewnętrzne podwórze (ekspozycja południowo-wschodnia). Dzięki temu w mieszkaniu jest cicho, a wnętrze jest bardzo jasne i dobrze doświetlone. * Szybkie wydanie: Lokal może być wydany do tygodnia od domknięcia formalności. Stan techniczny i wyposażenie: Mieszkanie jest w pełni funkcjonalne do zamieszkania. Jeśli zdecydujesz się na odświeżenie lub remont zyskasz możliwość aranżacji przestrzeni według własnego gustu. W cenie nieruchomości pozostaje pełne wyposażenie widoczne na zdjęciach, w tym meble oraz sprzęt AGD (lodówka, pralka). * Dodatkowo: Do mieszkania przypisane jest prawo do korzystania z piwnicy (wchodzi w skład części wspólnej wspólnoty mieszkaniowej). Niskie koszty utrzymania: * Czynsz administracyjny (z zaliczką na ogrzewanie): niecałe 300 zł (regularne coroczne zwroty za ogrzewanie). * Dodatkowe opłaty (prąd, gaz, woda): według zużycia. * Łączny miesięczny koszt utrzymania wynosi około 500 zł. Lokalizacja (wszystko w zasięgu spaceru): Lokalizacja to kluczowy punkt na mapie miasta, idealny pod kątem wynajmu dla studentów lub dla osoby pracującej w centrum. Odległości pieszo: * 2 minuty: Bar Express z domowym jedzeniem (świetna i niedroga alternatywa dla fast foodów), Kino, Sąd Okręgowy, Urząd Marszałkowski, NOT. * 7 minut: Rynek Kościuszki (deptak), Opera i Filharmonia Podlaska, trzy parki (Centralny, Planty, Park Pałacowy). * 10 minut: Uniwersytet Medyczny (UMB), Szpital Uniwersytecki oraz większość wydziałów medycznych. * 15 minut: Galeria handlowa Alfa. Poruszanie się po mieście nie wymaga samochodu, roweru ani komunikacji miejskiej - wszędzie można dojść na piechotę w kilka minut. Kontakt: Zapraszam do kontaktu telefonicznego, przez SMS lub poprzez formularz portalu. Chętnie odpowiem na dodatkowe pytania i umówię się na prezentację mieszkania.",tak,,,plastikowe,własność,"Wyposażenie: lodówka, pralka",53.129333,23.157071
Białystok,Białostoczek,3,60,450000,7500,bez pośredników,,8,https://adresowo.pl/o/mieszkanie-bialystok-bialostoczek-3-pokojowe-60-m2-u6i3h9,https://s2.adresowa.pl/oi/6f/13/40f22a_8c0b_cover@2x-3-pokojowe-mieszkanie-bialystok-bialostoczek.webp,Białystok Białostoczek,,4,,blok,,"Mieszkanie 3 pokoje, 4 piętro. Spokojna okolica, szkoły, przedszkola, parking, sklepy. Blisko centrum miasta. Mieszkanie do własnej aranżacji.",,,,,,,53.14824,23.153173
Białystok,Nowe Miasto,3,62,430000,6935,bez pośredników,,8,https://adresowo.pl/o/mieszkanie-bialystok-nowe-miasto-3-pokojowe-62-m2-f3e5a9,https://s2.adresowa.pl/oi/29/78/40f0be_47f0_cover@2x-3-pokojowe-mieszkanie-bialystok-nowe-miasto.webp,Białystok Nowe Miasto,,4,,blok,,"Oferuję na sprzedaż 3-pokojowe mieszkanie o powierzchni 62 m², usytuowane na 4. piętrze w bloku bez windy. Mieszkanie składa się z przestronnego salonu, oddzielnej kuchni i dwóch sypialni, oddzielnej łazienki i WC. Mieszkanie jest umeblowane. Cztery lata temu zostały wymienione okna na trzy szybowe oraz założone nakładki na parapety. Dwa pokoje po remoncie. Dwa lata temu wymienione drzwi wejściowe. Łazienka i kuchnia raczej do remontu. Dodatkowym atutem jest balkon, idealny do relaksu na świeżym powietrzu.",,,osobna,,,,53.111,23.131001
Białystok Białostoczek,ul. Białostoczek,1,17,210000,12353,Pośrednik,,10,https://adresowo.pl/o/mieszkanie-bialystok-bialostoczek-ul-bialostoczek-1-pokoj-x1b3a1,https://s2.adresowa.pl/oi/25/23/40fde4_eaaa_cover@2x-1-pokojowe-mieszkanie-bialystok-bialostoczek-ul-bialostoczek.webp,Białystok Białostoczek,Białostoczek,11,1979,blok,,"Kawalerka 17,1 m² na osiedlu Białostoczek. Na sprzedaż funkcjonalne mieszkanie o powierzchni 17,1 m², położone na 11. piętrze w bloku przy ul. Białostoczek w Białymstoku. Lokal jest rozkładowy i składa się z salonu z aneksem kuchennym oraz kompaktowej łazienki z kabiną prysznicową i WC. Mieszkanie wyposażone jest w klimatyzację oraz duże okna PCV z żaluzjami, zapewniające dobre doświetlenie wnętrza. Stan lokalu do odświeżenia, co pozwala na własną aranżację przestrzeni. Budynek z wielkiej płyty (1979 r.) jest zadbany, a ostatnia kondygnacja gwarantuje brak sąsiadów powyżej i szeroki widok na miasto. Nieruchomość stanowi spółdzielcze własnościowe prawo do lokalu. Dużym atutem są niskie koszty eksploatacyjne – czynsz administracyjny wynosi 326 zł. W okolicy znajduje się pełna infrastruktura handlowo-usługowa oraz przystanki komunikacji miejskiej zapewniające szybki dojazd do centrum Oferta idealna pod wynajem lub jako pierwsze mieszkanie. Niniejsze ogłoszenie nie stanowi oferty w rozumieniu Kodeksu Cywilnego, lecz ma charakter informacyjny. Przedstawione wizualizacje i grafiki mają charakter wyłącznie poglądowy i stanowią wyłącznie materiał pomocniczy, ułatwiający zorientowanie się w ogólnym wyglądzie oferowanej nieruchomości. Niniejsze ogłoszenie wraz z jego elementami jest własnością Północ Nieruchomości Sp z o.o. lub podmiotu współpracującego. Wszelkie prawa zastrzeżone. Kopiowanie, rozpowszechnianie oraz korzystanie z niniejszych materiałów w jakikolwiek inny sposób wykraczający poza dozwolony użytek określony przepisami ustawy z 4 lutego 1994 r. o prawie autorskim i prawach pokrewnych (Dz. U. 1994, nr 24 poz. 83 z późn. zm.) bez pisemnej zgody Północ Nieruchomości Sp z o.o. lub podmiotów współpracujących jest zabronione i może stanowić podstawę odpowiedzialności cywilnej oraz karnej. Niniejsze materiały stanowią tajemnicę przedsiębiorstwa PÓŁNOC NIERUCHOMOŚCI Sp. z o.o. w rozumieniu ustawy z dnia 16 kwietnia 1993 r. o zwalczaniu nieuczciwej konkurencji (Dz. U. z 2003 r., Nr 153, poz. 1503 z późn. zm.).",tak,,,,spółdzielcze własnościowe,,53.144432,23.15295
Białystok Zawady,ul. św. Krzysztofa,4,71,564450,7950,Pośrednik,,5,https://adresowo.pl/o/mieszkanie-bialystok-zawady-ul-sw-krzysztofa-4-pokojowe-l4k4i8,https://s2.adresowa.pl/oi/23/61/40fde0_ff3c_cover@2x-4-pokojowe-mieszkanie-bialystok-zawady-ul-sw-krzysztofa.webp,Białystok Zawady,św. Krzysztofa,2,2026,blok,,"Kameralne Zawady – nowoczesna inwestycja mieszkaniowa Zapraszamy do zapoznania się z ofertą inwestycji Kameralne Zawady, zlokalizowanej przy ul. Św. Krzysztofa, na spokojnym i cenionym osiedlu Zawady. To propozycja dla osób, które szukają połączenia nowoczesnej architektury, kameralnej skali zabudowy oraz komfortu codziennego życia. Informacje podstawowe- 42 mieszkania - 3 kondygnacje naziemne - Kameralny budynek o niewielkiej skali - Funkcjonalne układy mieszkań o powierzchniach od 37,74m2 do 82,47m2 zaprojektowane z myślą o wygodzie mieszkańców W przedmiotowym lokalu na powierzchni 71,20m2 znajdują się: - Pokój z aneksem: 19,63m2 - Pokój: 9,54m2 - Pokój: 12,78m2 - Przedpokój: 4,42m2 - Łazienka: 4,15m2 - Antresola: 20,58m2 - Balkon: 7,50m2 + 8m2 Mieszkanie na II Piętrze z ekspozycją okien : zachód Nowoczesny styl i funkcjonalność Budynek wyróżnia się prostą, elegancką bryłą oraz nowoczesnym stylem architektonicznym. Stonowana kolorystyka elewacji i wysokiej jakości materiały wykończeniowe harmonijnie wpisują się w charakter osiedla Zawady, zapewniając estetykę i trwałość na lata. Mieszkania zostały zaprojektowane tak, aby maksymalnie wykorzystać dostępną przestrzeń – jasne wnętrza, przemyślane układy pomieszczeń oraz duże przeszklenia tworzą komfortowe warunki do życia zarówno dla singli, par, jak i rodzin. Lokalizacja Ulica Św. Krzysztofa to miejsce, które łączy ciszę i spokój kameralnego osiedla z dogodnym dojazdem do centrum miasta. W pobliżu znajdują się tereny zielone, infrastruktura handlowo-usługowa oraz szybkie połączenia komunikacyjne z pozostałymi częściami Białegostoku. Kameralne Zawady to idealny wybór dla osób ceniących nowoczesne budownictwo, spokojne otoczenie i wysoki standard codziennego życia. Planowany termin oddania mieszkania do użytku – grudzień 2027r. Miejsca parkingowe - w cenie 35.000zł . Komórki lokatroskie w cenie 3000zł/m2 Po więcej informacji zapraszam do kontaktu: Agnieszka Bartoszewicz",,,,,własność,,53.169929,23.112831
Białystok Zawady,ul. Kryształowa,3,72,790000,10972,bez pośredników,,10,https://adresowo.pl/o/mieszkanie-bialystok-zawady-ul-krysztalowa-3-pokojowe-n9b3v7,https://s2.adresowa.pl/oi/29/4b/40f07c_37e7_cover@2x-3-pokojowe-mieszkanie-bialystok-zawady-ul-krysztalowa.webp,Białystok Zawady,Kryształowa,1,2023,blok,,"Sprzedam bezczynszowe 3-pokojowe mieszkanie o powierzchni 72,20 m2 w budynku 6-lokalowym typu szeregówka, usytuowane na 1. piętrze, wraz z miejscem parkingowym. Mieszkanie składa się z salonu z aneksem kuchennym, 2 niezależnych pokoi, łazienki i klatki schodowej. Mieszkanie posiada 2 balkony (wschód i zachód) oraz poddasze do własnej aranżacji o powierzchni 50 m2. Dodatkowym atutem są niskie koszty utrzymania lokalu. Lokal mieszkalny znajduje się na osiedlu Zawady w Białymstoku, blisko przystanku autobusowego linii 11, sklepów spożywczych, apteki. W najbliższej okolicy znajdują się także przedszkola, żłobki i szkoła podstawowa. Sprzedaż mieszkania z pełnym wyposażeniem widocznym na zdjęciach. Zainteresowanych zapraszam do kontaktu telefonicznego.",,tak,aneks,plastikowe,własność,,53.161111,23.116708
Białystok Antoniuk,ul. Antoniukowska,3,45,429000,9533,bez pośredników,,8,https://adresowo.pl/o/mieszkanie-bialystok-antoniuk-ul-antoniukowska-3-pokojowe-o9h1i3,https://s2.adresowa.pl/oi/1d/7b/40eff4_486c_cover@2x-3-pokojowe-mieszkanie-bialystok-antoniuk-ul-antoniukowska.webp,Białystok Antoniuk,Antoniukowska,3,1969,blok,,"Sprzedam bezpośrednio. Mieszkanie znajduje się na 3. piętrze czteropiętrowego bloku z cegły. Mieszkanie jest w stanie do zamieszkania. W wyposażeniu są meble, pralka, lodówka, kuchenka, piekarnik i telewizor. Dodatkowo do mieszkania przynależy piwnica oraz indywidualny, zamykany box w suszarni. Lokalizacja na Antoniuku w Białymstoku zapewnia łatwy dostęp do wielu punktów usługowych. W pobliżu znajdziesz: - Park Antoniuk - idealne miejsce na spacery - Galeria Antoniuk, Kaufland, Aldi - Przystanki autobusowe, które umożliwiają szybki dojazd do centrum (2 przystanki) Czynsz wynosi około 550 PLN. Na powierzchnię 45,90 m2 składa się: kuchnia, salon, korytarz, sypialnia I, sypialnia II, łazienka z wc. Mieszkanie posiada balkon. Duża liczba miejsc parkingowych przy bloku przypisanych wyłącznie mieszkańcom. Klatka schodowa świeżo po remoncie, do mieszkania doprowadzona 3-cia faza (siła). Kuchnia z meblami w zabudowie, wyposażona w sprzęt AGD. W przedpokoju oraz sypialniach pojemne szafy w zabudowie. Blok zarządzany przez spółdzielnię mieszkaniową, po termomodernizacji, wejście do klatki zabezpieczone domofonem. Więcej informacji udzielę telefonicznie. Agencjom i pośrednikom dziękuję.",tak,,,plastikowe,,"Wyposażenie: kuchenka, lodówka, piekarnik, pralka, telewizor",53.142851,23.134479
Białystok Centrum,ul. Częstochowska,1,31,579000,18677,bez pośredników,,47,https://adresowo.pl/o/mieszkanie-bialystok-centrum-ul-czestochowska-1-pokoj-q7g4y0,https://s2.adresowa.pl/oi/5d/21/40bf44_7466_cover@2x-1-pokojowe-mieszkanie-bialystok-centrum-ul-czestochowska.webp,Białystok Centrum,Częstochowska,3,2006,blok,,"Poszukujesz komfortowego mieszkania w ścisłym CENTRUM przy ulicy Częstochowskiej? Z pięknym widokiem na zabytkowe budynki fabryki włókienniczej. https://youtu.be/1Zq-FtXBETA Polecam 1-pokojowe mieszkanie o wygodnym rozkładzie przy ul. Częstochowskiej 16 w Centrum, 2 minuty od basenu przy ul. Włókienniczej. Atutem jest możliwość wynajmowania mieszkania przez obecnego najemcę na długi termin bez konieczności inwestowania i odświeżania mieszkania. Po drobnym odświeżeniu, zmianie mebli gotowe do wprowadzenia. Mieszkanie znajduje się w budynku z 2006 (mieszkanie zamieszkane od 2010) roku w kameralnym bloku (31 mieszkań), z dala od hałaśliwych ulic. Mieszkanie zlokalizowane jest w pobliżu sklepów (Biedronka, Żabka), piekarni, aptek, poczty, restauracji, przychodni, przystanków BKM. Wszystko na miejscu. Galeria Jurowiecka 5 min pieszo. Nieruchomość jest usytuowana na 3 piętrze w 3 piętrowym bloku. Posiada przemyślany i funkcjonalny układ pomieszczeń i duży ustawny balkon (ok. 6m2). Całkowity metraż wynosi 31,81 m2 obejmujące: - salon - kuchnię - przedpokój - łazienkę z wc i wanną. Dodatkowo do mieszkania przynależy piwnica o powierzchni 2,36m2. Budynek przeszedł odświeżenie elewacji i klatek schodowych. Wnętrza zaprojektowane i wykończone w wysokim standardzie oraz spójnym, nowoczesnym stylu. Pokoje są w pełni umeblowane, kuchnia w zabudowie. W kuchni i łazience niezbędny sprzęt AGD tj. lodówka z zamrażarką, płyta gazowa, piekarnik elektryczny, okap, zmywarka, pralka. Mieszkanie gotowe do wprowadzenia. Prywatny, ogólnodostępny parking dla mieszkańców za bramą na pilot. Miesięczny czynsz obejmujący koszty administracyjne, zużycie c.o. oraz wody wynosi ok. 400 zł. To idealna oferta do zamieszkania w Centrum doskonałej lokalizacji. Zapraszam do kontaktu. Sprzedaż bezpośrednia, bez prowizji. Filmowe widoki z balkonu gratis.",tak,tak,osobna,drewniane,własność,"Wyposażenie: lodówka, piekarnik, pralka, zmywarka",53.137362,23.15668
Białystok Zawady,ul. św. Krzysztofa,3,62,507826,8191,Pośrednik,,6,https://adresowo.pl/o/mieszkanie-bialystok-zawady-ul-sw-krzysztofa-3-pokojowe-v6y3g2,https://s2.adresowa.pl/oi/15/45/40fdde_f7bf_cover@2x-3-pokojowe-mieszkanie-bialystok-zawady-ul-sw-krzysztofa.webp,Białystok Zawady,św. Krzysztofa,parter,2027,blok,,"Kameralne Zawady – nowoczesna inwestycja mieszkaniowa Zapraszamy do zapoznania się z ofertą inwestycji Kameralne Zawady, zlokalizowanej przy ul. Św. Krzysztofa, na spokojnym i cenionym osiedlu Zawady. To propozycja dla osób, które szukają połączenia nowoczesnej architektury, kameralnej skali zabudowy oraz komfortu codziennego życia. Informacje podstawowe- 42 mieszkania - 3 kondygnacje naziemne - Kameralny budynek o niewielkiej skali - Funkcjonalne układy mieszkań o powierzchniach od 37,74m2 do 82,47m2 zaprojektowane z myślą o wygodzie mieszkańców W przedmiotowym lokalu na powierzchni 62,31m2 znajdują się: - Pokój z aneksem: 20,25m2 - Pokój: 14,53m2 - Pokój: 12,39m2 - Przedpokój: 8,80m2 - Łazienka: 4,27m2 - WC: 2,07m2 - Ogródek: 55m2+10m2 Mieszkanie na Parterze z ekspozycją okien : północ, wschód. Nowoczesny styl i funkcjonalność Budynek wyróżnia się prostą, elegancką bryłą oraz nowoczesnym stylem architektonicznym. Stonowana kolorystyka elewacji i wysokiej jakości materiały wykończeniowe harmonijnie wpisują się w charakter osiedla Zawady, zapewniając estetykę i trwałość na lata. Mieszkania zostały zaprojektowane tak, aby maksymalnie wykorzystać dostępną przestrzeń – jasne wnętrza, przemyślane układy pomieszczeń oraz duże przeszklenia tworzą komfortowe warunki do życia zarówno dla singli, par, jak i rodzin. Lokalizacja Ulica Św. Krzysztofa to miejsce, które łączy ciszę i spokój kameralnego osiedla z dogodnym dojazdem do centrum miasta. W pobliżu znajdują się tereny zielone, infrastruktura handlowo-usługowa oraz szybkie połączenia komunikacyjne z pozostałymi częściami Białegostoku. Kameralne Zawady to idealny wybór dla osób ceniących nowoczesne budownictwo, spokojne otoczenie i wysoki standard codziennego życia. Planowany termin oddania mieszkania do użytku – grudzień 2027r. Miejsca parkingowe - w cenie 35.000zł . Komórki lokatorskie w cenie 3000zł/m2 Po więcej informacji zapraszam do kontaktu: Agnieszka Bartoszewicz",,,,,własność,,53.169826,23.112316
Białystok Zawady,ul. św. Krzysztofa,4,71,571923,8055,Pośrednik,,5,https://adresowo.pl/o/mieszkanie-bialystok-zawady-ul-sw-krzysztofa-4-pokojowe-x7p5x1,https://s2.adresowa.pl/oi/75/6a/40fddc_85de_cover@2x-4-pokojowe-mieszkanie-bialystok-zawady-ul-sw-krzysztofa.webp,Białystok Zawady,św. Krzysztofa,parter,2026,blok,,"Kameralne Zawady – nowoczesna inwestycja mieszkaniowa Zapraszamy do zapoznania się z ofertą inwestycji Kameralne Zawady, zlokalizowanej przy ul. Św. Krzysztofa, na spokojnym i cenionym osiedlu Zawady. To propozycja dla osób, które szukają połączenia nowoczesnej architektury, kameralnej skali zabudowy oraz komfortu codziennego życia. Informacje podstawowe- 42 mieszkania - 3 kondygnacje naziemne - Kameralny budynek o niewielkiej skali - Funkcjonalne układy mieszkań o powierzchniach od 37,74m2 do 82,47m2 zaprojektowane z myślą o wygodzie mieszkańców W przedmiotowym lokalu na powierzchni 71,94m2 znajdują się: - Pokój z aneksem: 26,53m2 - Pokój: 8,82m2 - Pokój: 8,90m2 - Pokój: 12,17m2 - Łazienka: 5,03m2 - Garderoba: 2,82m2 - Przedpokój: 7,67m2 - Ogródek: 22m2 Mieszkanie na Parterze z ekspozycją okien : północ, zachód. Nowoczesny styl i funkcjonalność Budynek wyróżnia się prostą, elegancką bryłą oraz nowoczesnym stylem architektonicznym. Stonowana kolorystyka elewacji i wysokiej jakości materiały wykończeniowe harmonijnie wpisują się w charakter osiedla Zawady, zapewniając estetykę i trwałość na lata. Mieszkania zostały zaprojektowane tak, aby maksymalnie wykorzystać dostępną przestrzeń – jasne wnętrza, przemyślane układy pomieszczeń oraz duże przeszklenia tworzą komfortowe warunki do życia zarówno dla singli, par, jak i rodzin. Lokalizacja Ulica Św. Krzysztofa to miejsce, które łączy ciszę i spokój kameralnego osiedla z dogodnym dojazdem do centrum miasta. W pobliżu znajdują się tereny zielone, infrastruktura handlowo-usługowa oraz szybkie połączenia komunikacyjne z pozostałymi częściami Białegostoku. Kameralne Zawady to idealny wybór dla osób ceniących nowoczesne budownictwo, spokojne otoczenie i wysoki standard codziennego życia. Planowany termin oddania mieszkania do użytku – grudzień 2027r. Miejsca parkingowe - w cenie 35.000zł . Komórki lokatorskie w cenie 3000zł/m2 Po więcej informacji zapraszam do kontaktu: Marcin Niemyjski",,,,,własność,,53.169951,23.111211
Białystok Bojary,ul. Warszawska,3,57,620000,10877,bez pośredników,,7,https://adresowo.pl/o/mieszkanie-bialystok-bojary-ul-warszawska-3-pokojowe-n2e6e9,https://s2.adresowa.pl/oi/7d/33/40ee2e_e5b9_cover@2x-3-pokojowe-mieszkanie-bialystok-bojary-ul-warszawska.webp,Białystok Bojary,Warszawska,1,1997,blok,,"Trzy niezależne pokoje, dwa balkony i świetna lokalizacja - Warszawska 70. Na sprzedaż funkcjonalne, dwustronne mieszkanie o powierzchni 57 m2, położone na pierwszym piętrze niskiego budynku z 1997 r. W mieszkaniu zastosowano panele podłogowe, natomiast w kuchni i przedpokoju znajduje się trwała kamienna terakota. Łazienka została wykończona wysokiej jakości włoskimi kafelkami oraz włoską elegancką umywalką. To propozycja dla osób, które chcą połączyć wygodę codziennego życia z doskonałą lokalizacją, wiele ważnych punktów miasta można osiągnąć pieszo bez konieczności codziennego korzystania z samochodu. W pobliżu znajdują się sklepy, szkoły, przedszkola, przystanki komunikacji miejskiej i uczelnie. Mieszkanie może być wygodnym miejscem dla rodziny, ale również bardzo ciekawą propozycją inwestycyjną. Dzięki miejskim systemom ogrzewania, mieszkanie jest ciepłe i komfortowe przez cały rok. Do budynku prowadzi domofon, co zwiększa bezpieczeństwo. Nie przegap tej okazji!",,,,plastikowe,własność,,53.128155,23.179295
Białystok Fasty,ul. Atłasowa,3,48,505000,10521,bez pośredników,,8,https://adresowo.pl/o/mieszkanie-bialystok-fasty-ul-atlasowa-3-pokojowe-u4v3p7,https://s2.adresowa.pl/oi/40/55/40ed72_4c54_cover@2x-3-pokojowe-mieszkanie-bialystok-fasty-ul-atlasowa.webp,Białystok Fasty,Atłasowa,3,2014,blok,,"3 - POKOJE * UL. ATŁASOWA * BEZ PROWIZJI! Zapraszam na prezentację 3-pokojowego i funkcjonalnego mieszkania zlokalizowanego na osiedlu Fasty przy ul. Atłasowej w Białymstoku o powierzchni 49 m² (48,97 m²). Nieruchomość znajduje się na 3. piętrze w 3-piętrowym bloku z 2014 r. W skład nieruchomości wchodzą: - Salon z aneksem kuchennym i wyjściem na balkon - 2 oddzielne pokoje - Łazienka - Korytarz - Komórka lokatorska Cena i Finanse: - Cena mieszkania: 505 000 zł - możliwość negocjacji ceny - Miejsce postojowe: 45 000 zł (dodatkowo płatne) - Czynsz: ok. 500 zł Dodatkowe informacje: - Bezpośrednio od właściciela - oferta prywatna, agencjom nieruchomości dziękujemy. - Mieszkanie wykończone w stylu nowoczesnym, sprzedawane z pełnym wyposażeniem i sprzętami AGD (w cenie m.in. wysokiej klasy pralko-suszarka). - Idealny rozkład pomieszczeń (dwa oddzielne pokoje + salon z aneksem). - Dostępność: grudzień / styczeń. - Przyjazne osiedle, świetna lokalizacja, dobrze rozwinięta infrastruktura, cicha i spokojna okolica. - Blisko przystanki komunikacji miejskiej (ok. 5 minut pieszo). - W okolicy sklep Lewiatan, pizzeria, sklep Dino, place zabaw. Wyjątkowa nieruchomość w świetnej lokalizacji! Idealne do zamieszkania, a także pod inwestycję. Mieszkanie wymaga odświeżenia i ewentualnych korekt kosmetycznych. Możliwość negocjacji ceny pod ewentualny remont. Zachęcam do bezpośredniego kontaktu w celu zapoznania się z ofertą i umówienia na prezentację!",tak,tak,aneks,,,Wyposażenie: suszarka,53.168433,23.078516
Białystok,Os. Młodych,5,109,935000,8578,bez pośredników,,10,https://adresowo.pl/o/mieszkanie-bialystok-os-mlodych-5-pokojowe-109-m2-f2x3j1,https://s2.adresowa.pl/oi/45/70/40ec1e_6cab_cover@2x-5-pokojowe-mieszkanie-bialystok-os-mlodych.webp,Białystok Os. Młodych,,3,2005,blok,,"5 pokoi | 2 łazienki | garderoba | 2 balkony | piwnica | świetna lokalizacja Są mieszkania, które po prostu się ogląda. I są takie, do których wchodzisz i od razu myślisz: ""tu moglibyśmy zamieszkać"". Ten dwupoziomowy apartament na Osiedlu Młodych należy właśnie do tej drugiej kategorii. Ta przestrzeń daje poczucie prywatności, wygodę codziennego życia i jednocześnie pozwala być blisko wszystkiego, co ważne. Klimatyzowane mieszkanie oferuje aż 5 pokoi, dzięki czemu każdy domownik może mieć własną przestrzeń. Dwa poziomy pozwalają naturalnie oddzielić część dzienną od bardziej prywatnej. Do dyspozycji mieszkańców są: - 5 ustawnych pokoi, - kuchnia, - 2 łazienki, - garderoba, - 2 balkony, - funkcjonalny, dwupoziomowy układ. To mieszkanie, w którym można zarówno wspólnie spędzać czas, jak i znaleźć spokojny kąt tylko dla siebie. Lokalizacja - blisko centrum, a jednocześnie z dala od miejskiego pośpiechu. Apartament znajduje się w bardzo dobrze skomunikowanej części Białegostoku. W bezpośrednim sąsiedztwie znajduje się rozwijająca się zabudowa mieszkaniowa i nowe inwestycje, dzięki czemu okolica zyskuje coraz bardziej nowoczesny charakter. Ogromnym atutem jest również dostępność infrastruktury potrzebnej na co dzień. W zasięgu krótkiego spaceru: - Szkoła - ok. 700 m - Przedszkole - ok. 50 m, - Sklep spożywczy - ok. 300 m, - Galeria Hetmańska - 1000 m, - przystanki komunikacji miejskiej - 100-150 m. - dworzec kolejowy - około 500 m. W pobliżu znajdują się również apteki, przychodnie, punkty usługowe, restauracje oraz liczne sklepy. Blisko centrum i wszystkiego, czego potrzebujesz. Położenie apartamentu pozwala korzystać z miejskiego życia bez konieczności pokonywania dużych odległości. Jednocześnie okolica dynamicznie się rozwija - w sąsiedztwie powstają nowe inwestycje mieszkaniowe, co dodatkowo podkreśla atrakcyjność tego rejonu. To propozycja szczególnie dla osób, które szukają większego mieszkania, ale nie chcą rezygnować z wygody życia blisko centrum. Mieszkanie z atmosferą domu. Największym atutem tego lokalu nie jest jednak sama liczba pokoi. To dwupoziomowa przestrzeń, którą można urządzić po swojemu i stworzyć w niej prawdziwy rodzinny dom - miejsce wspólnych śniadań, wieczornych rozmów, dziecięcych zabaw i spokojnego odpoczynku na balkonie. Bezpieczna i przyjazna przestrzeń dla mieszkańców. Na dodatkowy komfort mieszkańców wpływa również ogrodzony i monitorowany teren apartamentowca, zapewniający poczucie bezpieczeństwa i prywatności. Na tyłach budynku znajduje się plac zabaw oraz kameralny teren piknikowy, będący idealnym miejscem na rodzinny odpoczynek, zabawę na świeżym powietrzu czy spotkania z sąsiadami. Dzięki temu nie trzeba szukać przestrzeni do rekreacji poza osiedlem - zielone i przyjazne miejsce do spędzania czasu znajduje się tuż za budynkiem. 5 pokoi daje możliwości, 2 poziomy - prywatność, a lokalizacja - wygodę każdego dnia. Jeżeli szukasz mieszkania, które ma być czymś więcej niż tylko adresem - warto je zobaczyć na żywo. Osiedle Młodych | Białystok 5 pokoi • 2 łazienki • garderoba • 2 balkony • dwupoziomowe • blisko centrum",tak,,,plastikowe,własność,,53.134998,23.124001
Białystok Zawady,ul. św. Krzysztofa,4,72,573195,7961,Pośrednik,,6,https://adresowo.pl/o/mieszkanie-bialystok-zawady-ul-sw-krzysztofa-4-pokojowe-n8s3j3,https://s2.adresowa.pl/oi/6e/43/40fdd4_3e87_cover@2x-4-pokojowe-mieszkanie-bialystok-zawady-ul-sw-krzysztofa.webp,Białystok Zawady,św. Krzysztofa,1,2026,blok,,"Kameralne Zawady – nowoczesna inwestycja mieszkaniowa Zapraszamy do zapoznania się z ofertą inwestycji Kameralne Zawady, zlokalizowanej przy ul. Św. Krzysztofa, na spokojnym i cenionym osiedlu Zawady. To propozycja dla osób, które szukają połączenia nowoczesnej architektury, kameralnej skali zabudowy oraz komfortu codziennego życia. Informacje podstawowe - 42 mieszkania - 3 kondygnacje naziemne - Kameralny budynek o niewielkiej skali - Funkcjonalne układy mieszkań o powierzchniach od 37,74m2 do 82,47m2 zaprojektowane z myślą o wygodzie mieszkańców W przedmiotowym lokalu na powierzchni 72,10m2 znajdują się: - Pokój z aneksem: 26,47m2 - Pokój: 12,47m2 - Pokój: 9,47m2 - Pokój: 13,93m2 - Łazienka: 4,56m2 - Przedpokój: 5,20m2 - Balkon: 6m2 Mieszkanie na I PIĘTRZE z ekspozycją okien : północ, południe, wschód. Nowoczesny styl i funkcjonalność Budynek wyróżnia się prostą, elegancką bryłą oraz nowoczesnym stylem architektonicznym. Stonowana kolorystyka elewacji i wysokiej jakości materiały wykończeniowe harmonijnie wpisują się w charakter osiedla Zawady, zapewniając estetykę i trwałość na lata. Mieszkania zostały zaprojektowane tak, aby maksymalnie wykorzystać dostępną przestrzeń – jasne wnętrza, przemyślane układy pomieszczeń oraz duże przeszklenia tworzą komfortowe warunki do życia zarówno dla singli, par, jak i rodzin. Lokalizacja Ulica Św. Krzysztofa to miejsce, które łączy ciszę i spokój kameralnego osiedla z dogodnym dojazdem do centrum miasta. W pobliżu znajdują się tereny zielone, infrastruktura handlowo-usługowa oraz szybkie połączenia komunikacyjne z pozostałymi częściami Białegostoku. Kameralne Zawady to idealny wybór dla osób ceniących nowoczesne budownictwo, spokojne otoczenie i wysoki standard codziennego życia. Planowany termin oddania mieszkania do użytku – grudzień 2027r. Miejsca parkingowe - w cenie 35.000zł . Komórki lokatorskie w cenie 3000zł/m2 Po więcej informacji zapraszam do kontaktu: Monika Witkowska",,,,,własność,,53.169801,23.112402
Białystok,ul. Kręta,2,43,455000,10581,Pośrednik,,10,https://adresowo.pl/o/mieszkanie-bialystok-ul-kreta-2-pokojowe-z6h6s2,https://s2.adresowa.pl/oi/70/67/40fdd2_c69a_cover@2x-2-pokojowe-mieszkanie-bialystok-ul-kreta.webp,Białystok ,Kręta,3,,blok,,"Na sprzedaż komfortowe i gustownie urządzone mieszkanie o powierzchni 43,90 m², położone przy ul. Krętej na popularnym i doskonale skomunikowanym osiedlu Kawaleryjskim w Białymstoku. Nieruchomość znajduje się w spokojnej, zielonej części miasta, w niedalekiej odległości od Politechniki Białostockiej, a dogodna komunikacja miejska zapewnia szybki dojazd również do Uniwersytetu Medycznego oraz Wydziału Prawa Uniwersytetu w Białymstoku. To doskonała propozycja zarówno dla osób poszukujących mieszkania dla siebie, jak i dla inwestora zainteresowanego nieruchomością pod wynajem. Najważniejsze informacje:- powierzchnia mieszkania: 43,90 m² - komórka lokatorska: 5,80 m² - III piętro w niskim, kameralnym bloku - budynek wybudowany z pustaka w latach 90. - funkcjonalny układ pomieszczeń:- przestronny, słoneczny salon z aneksem kuchennym, - komfortowa sypialnia, - łazienka z WC, - przedpokój, - balkon typu francuskiego. Mieszkanie jest elegancko i spójnie urządzone, wyposażone w meble i przygotowane do natychmiastowego zamieszkania. Nie wymaga dodatkowych nakładów finansowych ani czasochłonnego remontu — wystarczy wprowadzić się i cieszyć komfortem własnego mieszkania. Dużym atutem jest bardzo dobre doświetlenie wnętrza. Salon jest przyjemnie słoneczny, natomiast sypialnia z ekspozycją wschodnią zapewnia naturalne światło w godzinach porannych. Budynek otacza estetycznie zagospodarowany dziedziniec, który wyróżnia się dużą ilością zieleni, kwiatów oraz starannie urządzoną przestrzenią wspólną. Znajduje się tu zarówno strefa wypoczynku dla mieszkańców, jak i miejsce zabaw dla dzieci. Kameralna atmosfera i zadbane otoczenie sprawiają, że jest to wyjątkowo przyjemne miejsce do życia. Dodatkowo – garaż podziemny Istnieje możliwość zakupu miejsca parkingowego w garażu podziemnym za dodatkową kwotę 60 000 zł. Dlaczego warto? To mieszkanie łączy w sobie funkcjonalność, estetykę i świetną lokalizację. Bliskość uczelni, dobra komunikacja z pozostałymi częściami Białegostoku, spokojne i zielone otoczenie oraz gotowe do zamieszkania wnętrze sprawiają, że jest to propozycja godna uwagi zarówno dla osób prywatnych, jak i inwestorów. Mieszkanie gotowe do zamieszkania – bez konieczności ponoszenia dodatkowych nakładów. Oferta na wyłączność dostępna tylko w naszym biurze ! Zapraszam na prezentację. Monika Witkowska",tak,,,,własność,,53.111702,23.13944
Białystok,Antoniuk,3,58,650000,11207,bez pośredników,,8,https://adresowo.pl/o/mieszkanie-bialystok-antoniuk-3-pokojowe-58-m2-j8q1e2,https://s2.adresowa.pl/oi/3b/62/40eb8e_c2a6_cover@2x-3-pokojowe-mieszkanie-bialystok-antoniuk.webp,Białystok Antoniuk,,parter,2026,blok,,"Na sprzedaż mieszkanie o powierzchni 58,25 m2, mieszczące się na parterze kameralnego, jednoklatkowego bloku z windą, oddanego do użytku w 2026 roku. W całym budynku znajduje się zaledwie 15 lokali, co gwarantuje prywatność i spokojną atmosferę. Układ pomieszczeń: - Salon z aneksem kuchennym - jasna, otwarta przestrzeń z bezpośrednim wyjściem do prywatnego, około 50-metrowego ogródka, idealnego na poranną kawę czy strefę relaksu. - Dwie sypialnie - ustawne i ciche, łatwe w aranżacji według własnych potrzeb. - Korytarz - zoptymalizowany pod kątem zabudowy pojemnymi szafami. - Łazienka - zaprojektowana z myślą o montażu wygodnej wanny. Atuty nieruchomości: - Prywatny ogródek (50m2) - rzadkość na miejskich osiedlach, dająca poczucie życia jak w domku jednorodzinnym. - Ogrzewanie podłogowe - rozprowadzone w całym mieszkaniu dla maksymalnego komfortu termicznego. - Ekspozycja południowo-zachodnia - słoneczne i ciepłe wnętrza przez większość dnia. - Winda - z poziomu hali garażowej bezpośrednio pod drzwi mieszkania. Lokalizacja i okolica: osiedle Antoniuk Doskonała lokalizacja w Białymstoku. Dojazd samochodem do samego centrum zajmuje zaledwie 5 minut. W najbliższym pieszym zasięgu znajduje się pełna infrastruktura miejska: galeria handlowa, liczne sklepy, restauracje, placówki edukacyjne (żłobki, przedszkola, szkoły), przychodnie oraz tereny zielone (park, boiska i bezpieczne place zabaw). Finanse: - Cena mieszkania: 650 000 zł - Miejsce postojowe w hali garażowej: 45 000 zł (zakup obligatoryjny) Istnieje również możliwość profesjonalnego wykończenia mieszkania pod klucz według indywidualnego projektu. Zapraszam do kontaktu i na prezentację nieruchomości.",,tak,aneks,plastikowe,własność,,53.141399,23.132999
Białystok Antoniuk,ul. Zwierzyniecka,2,36,450000,12500,bez pośredników,,8,https://adresowo.pl/o/mieszkanie-bialystok-antoniuk-ul-zwierzyniecka-2-pokojowe-b9t4d7,https://s2.adresowa.pl/oi/1d/19/40eb4c_b00e_cover@2x-2-pokojowe-mieszkanie-bialystok-antoniuk-ul-zwierzyniecka.webp,Białystok Antoniuk,Zwierzyniecka,4,,blok,,"Wyjątkowe, wykończone pod klucz mieszkanie przy ul. Zwierzynieckiej 13 w Białymstoku! Szukasz idealnego lokum na start lub doskonałej inwestycji pod wynajem, która nie wymaga ani grosza nakładu finansowego? Ta oferta jest właśnie dla Ciebie! O MIESZKANIU: Na powierzchni 36 m² stworzono przestrzeń przemyślaną w każdym detalu. Mieszkanie przeszło gruntowny, generalny remont, podczas którego wymieniono całą instalację elektryczną oraz hydrauliczną. Dzięki całkowitej zmianie układu ścian zyskaliśmy maksymalnie funkcjonalny, nowoczesny i przestronny układ wnętrza. Mieszkanie jest w pełni umeblowane i wyposażone - wchodzisz i mieszkasz od pierwszego dnia! NAJWIĘKSZE ATUTY: * Stan idealny: Po generalnym remoncie, świeże, gotowe do wprowadzenia bez stresu i szukania ekipy remontowej. * Nowoczesny projekt: Całkowicie zmieniony układ przestrzenny zapewniający wygodę i światło. * Wyposażenie w cenie: Pełne umeblowanie - oszczędzasz czas i pieniądze. * Topowa lokalizacja (ul. Zwierzyniecka 13): Absolutny hit na mapie Białegostoku! W bliskim sąsiedztwie uczelni wyższych (idealne pod wynajem dla studentów), z szybkim dojazdem do centrum, tuż obok Parku Zwierzynieckiego i pełnej infrastruktury (sklepy, punkty usługowe, przystanki BKM). Nie przegap tej okazji - mieszkania w tej lokalizacji i w takim standardzie znikają błyskawicznie! Cena: 450.000 zł Zapraszam do kontaktu pod nr. tel. i na prezentację na żywo!",,,,,,,53.120709,23.151089
Białystok Piasta,ul. Bolesława Chrobrego,3,48,569000,11854,bez pośredników,,7,https://adresowo.pl/o/mieszkanie-bialystok-piasta-ul-boleslawa-chrobrego-3-pokojowe-p3o3l2,https://s2.adresowa.pl/oi/31/57/40eb34_6f69_cover@2x-3-pokojowe-mieszkanie-bialystok-piasta-ul-boleslawa-chrobrego.webp,Białystok Piasta,Bolesława Chrobrego,2,2007,blok,,"BEZPOŚREDNIO! Po remoncie generalnym, mieszkanie 48m2, blok z cegły ul. Chrobrego, II Piętro, balkon. Gdzie: Białystok, ul. Chrobrego (os. Piasta / Bojary). Piętro: 2 z 4 - idealna wysokość. Stan: Po generalnym remoncie (nowe instalacje, podłogi, ściany, łazienka, kuchnia), w pełni wyposażone. Pachnie nowością! Dodatki: Balkon + komórka lokatorska w cenie. Własność: Pełna własność, wolne od zaraz. Układ: Sypialnia z wyjściem na balkon, salon z aneksem kuchennym, łazienka, przedpokój. W okolicy: Wszystko pod ręką. Sklepy (Lidl, Biedronka), autobusy, szkoły, zieleń. Do centrum kilka minut. Parking pod blokiem. Cena: 569 000 zł",tak,,aneks,,własność,,53.130674,23.185028
Białystok Zawady,ul. św. Krzysztofa,4,58,505594,8717,Pośrednik,,5,https://adresowo.pl/o/mieszkanie-bialystok-zawady-ul-sw-krzysztofa-4-pokojowe-t5d0k5,https://s2.adresowa.pl/oi/56/55/40fdce_939f_cover@2x-4-pokojowe-mieszkanie-bialystok-zawady-ul-sw-krzysztofa.webp,Białystok Zawady,św. Krzysztofa,1,2027,blok,,"Kameralne Zawady – nowoczesna inwestycja mieszkaniowa Zapraszamy do zapoznania się z ofertą inwestycji Kameralne Zawady, zlokalizowanej przy ul. Św. Krzysztofa, na spokojnym i cenionym osiedlu Zawady. To propozycja dla osób, które szukają połączenia nowoczesnej architektury, kameralnej skali zabudowy oraz komfortu codziennego życia. Informacje podstawowe- 42 mieszkania - 3 kondygnacje naziemne - Kameralny budynek o niewielkiej skali - Funkcjonalne układy mieszkań o powierzchniach od 37,74m2 do 82,47m2 zaprojektowane z myślą o wygodzie mieszkańców W przedmiotowym lokalu na powierzchni 58,67m2 znajdują się: - Pokój z aneksem: 24,16m2 - Pokój: 9,04m2 - Pokój: 9,29m2 - Pokój: 9,28m2 - Przedpokój: 2,84m2 - Łazienka: 4,18m2 - Balkon: 8,50m2 Mieszkanie na I Piętrze z ekspozycją okien : wschód, zachód, południe. Nowoczesny styl i funkcjonalność Budynek wyróżnia się prostą, elegancką bryłą oraz nowoczesnym stylem architektonicznym. Stonowana kolorystyka elewacji i wysokiej jakości materiały wykończeniowe harmonijnie wpisują się w charakter osiedla Zawady, zapewniając estetykę i trwałość na lata. Mieszkania zostały zaprojektowane tak, aby maksymalnie wykorzystać dostępną przestrzeń – jasne wnętrza, przemyślane układy pomieszczeń oraz duże przeszklenia tworzą komfortowe warunki do życia zarówno dla singli, par, jak i rodzin. Lokalizacja Ulica Św. Krzysztofa to miejsce, które łączy ciszę i spokój kameralnego osiedla z dogodnym dojazdem do centrum miasta. W pobliżu znajdują się tereny zielone, infrastruktura handlowo-usługowa oraz szybkie połączenia komunikacyjne z pozostałymi częściami Białegostoku. Kameralne Zawady to idealny wybór dla osób ceniących nowoczesne budownictwo, spokojne otoczenie i wysoki standard codziennego życia. Planowany termin oddania mieszkania do użytku – grudzień 2027r. Miejsca parkingowe - w cenie 35.000zł . Komórki lokatorskie w cenie 3000zł/m2 Po więcej informacji zapraszam do kontaktu: Grzegorz Kozłowski",,,,,własność,,53.169826,23.112316
Białystok Wygoda,ul. 42 Pułku Piechoty,3,55,605000,11000,Pośrednik,,11,https://adresowo.pl/o/mieszkanie-bialystok-wygoda-ul-42-pulku-piechoty-3-pokojowe-p7u8y3,https://s2.adresowa.pl/oi/43/2d/40fdcc_e50a_cover@2x-3-pokojowe-mieszkanie-bialystok-wygoda-ul-42-pulku-piechoty.webp,Białystok Wygoda,42 Pułku Piechoty,3,2022,,,"Prezentujemy funkcjonalne, trzypokojowe mieszkanie przy ul. 42 Pułku Piechoty na osiedlu Wygoda w Białymstoku. Mieszkanie o powierzchni 55 m² znajduje się na 3 piętrze kameralnego budynku z 2022 roku. To propozycja dla osób, które szukają wygodnego mieszkania w nowszym budownictwie, z dobrze wykorzystaną przestrzenią i dodatkowym miejscem do przechowywania. ROZKŁAD- salon z aneksem kuchennym - 2 oddzielne pokoje - łazienka - garderoba - przedpokój Układ daje sporo możliwości aranżacyjnych. Dwa niezależne pokoje mogą pełnić funkcję sypialni, pokoju dziecięcego lub gabinetu do pracy. Osobna garderoba z suszarką pozwala ograniczyć liczbę szaf w pozostałych pomieszczeniach. Mieszkanie jest dwustronne. Okna wychodzą na wschód i zachód, dzięki czemu naturalne światło dociera do wnętrza o różnych porach dnia. DODATKOWA PRZESTRZEŃ Dużym atutem mieszkania jest przestronny balkon o powierzchni 7,3 m² – jest tu miejsce na stolik, krzesła czy stworzenie własnej strefy wypoczynku. Do lokalu przynależy również praktyczna komórka lokatorska o powierzchni 2,24 m², znajdująca się na tym samym piętrze, tuż obok mieszkania. Oferta dostępna wyłącznie w naszym biurze. Zapraszam do kontaktu oraz na prezentację. Grzegorz Kozłowski",tak,,,,własność,,53.140427,23.230171
Białystok Centrum,ul. Nowy Świat,2,53,560000,10566,bez pośredników,,9,https://adresowo.pl/o/mieszkanie-bialystok-centrum-ul-nowy-swiat-2-pokojowe-n3f2o4,https://s2.adresowa.pl/oi/28/20/40ea50_a905_cover@2x-2-pokojowe-mieszkanie-bialystok-centrum-ul-nowy-swiat.webp,Białystok Centrum,Nowy Świat,1,1960,blok,,"Słoneczne 2-pokojowe mieszkanie z potencjałem | 53 m² | 1. piętro | Centrum Białegostoku Na sprzedaż przestronne, funkcjonalne 2-pokojowe mieszkanie o powierzchni 53 m², zlokalizowane na najbardziej poszukiwanym, 1. piętrze w samym sercu Białegostoku. Najważniejsze atuty nieruchomości: * Doskonała lokalizacja: Centrum miasta - w zasięgu kilku minut spacerem znajdują się Biedronka, restauracje, przystanki MPK, szkoły, przychodnie, uczelnie, poczta, deptak miejski. * Wygodne 1. piętro: Idealne rozwiązanie zarówno dla rodzin z dziećmi, jak i osób starszych czy inwestorów pod wynajem. * Przemyślany układ (53 m²): * Duży, jasny salon z wyjściem na balkon. * Ustawna sypialnia. * Oddzielna, widna kuchnia. * Łazienka. * Przestronny korytarz z miejscem na pojemną szafę w zabudowie. Dodatkowe informacje: * Do mieszkania przynależy piwnica. * Stan prawny: własnościowe. * Ogrzewanie centralne w czynszu. * Cicha i spokojna okolica mimo ścisłego centrum i spokojne sąsiedztwo. Mieszkanie jest bardzo jasne z oknami na dwie strony bloku. Ustawne i daje ogromne możliwości aranżacyjne - idealne do zamieszkania od razu lub do własnej wykończeniowej wizji. Ze względu na lokalizację stanowi również doskonałą lokatę kapitału pod wynajem długo- lub krótkoterminowy. Cena: 560 000 zł (do negocjacji) Zapraszam do kontaktu i obejrzenia mieszkania na żywo!",tak,,osobna,plastikowe,własność,,53.13488,23.154995
Białystok Centrum,ul. Icchoka Malmeda,1,35,320000,9143,bez pośredników,,8,https://adresowo.pl/o/mieszkanie-bialystok-centrum-ul-icchoka-malmeda-1-pokoj-b0v9v9,https://s2.adresowa.pl/oi/64/45/40e3a6_4fec_cover@2x-1-pokojowe-mieszkanie-bialystok-centrum-ul-icchoka-malmeda.webp,Białystok Centrum,Icchoka Malmeda,2,1958,blok,,"Białystok centrum do remontu. Na sprzedaż jednopokojowe mieszkanie o pow. 34,67m2 zlokalizowane na 2 p. Mieszkanie składa się z pokoju 20m2, kuchni, łazienki i przedpokoju. Do mieszkania przynależy duża piwnica. Mieszkanie do remontu / ustawne do własnej aranżacji. Istnieje możliwość przeniesienia kuchni i stworzenie salonu z aneksem i odrębnej sypialni. Lokalizacja: Nieruchomość znajduje się w ścisłym centrum Białegostoku a jednocześnie z daleka od ruchliwych ulic zapewniając ciszę i spokój. Lokalizacja z doskonałym dostępem do komunikacji miejskiej oraz pełnej infrastruktury - w pobliskie sklepy, galeria handlowa, punkty usługowe, szkoły, przedszkola, tereny rekreacyjne, park miejski, skwery. Zapraszam do kontaktu pod [numer] i obejrzenia mieszkania. Bez pośredników.",tak,,osobna,,własność,,53.134332,23.157663
Białystok Nowe Miasto,ul. Wiejska,3,62,480000,7742,bez pośredników,,8,https://adresowo.pl/o/mieszkanie-bialystok-nowe-miasto-ul-wiejska-3-pokojowe-w2r6b8,https://s2.adresowa.pl/oi/75/47/40e012_d0a4_cover@2x-3-pokojowe-mieszkanie-bialystok-nowe-miasto-ul-wiejska.webp,Białystok Nowe Miasto,Wiejska,3,1976,blok,,"Przestronne i jasne mieszkanie 62 m² w Białymstoku przy ul. Wiejskiej - idealne dla rodziny lub pod inwestycję! Sprzedam funkcjonalne mieszkanie o powierzchni 62 m², zlokalizowane w doskonałym punkcie Białegostoku, tuż obok Politechniki Białostockiej. Najważniejsze atuty nieruchomości: Świetny układ: 3 niezależne pokoje oraz przestronna, jasna jadalnia połączona z funkcjonalną kuchnią. Powierzchnia: 62 m² doskonale zagospodarowanej przestrzeni z dużymi możliwościami aranżacyjnymi. Lokalizacja: ul. Wiejska - bliskość kampusu, sklepów, szkół, przedszkoli oraz przystanków komunikacji miejskiej. Szybki dojazd do ścisłego centrum. Dodatkowe udogodnienie: do mieszkania przynależy sucha i pojemna piwnica, idealna na rowery czy przetwory. Okolica: spokojna i zielona, z dużą ilością miejsc parkingowych dla mieszkańców oraz pełną infrastrukturą handlowo-usługową pod ręką. To mieszkanie to idealny wybór do zamieszkania od zaraz lub jako pewna lokata kapitału pod wynajem studencki. Cena oraz dodatkowe informacje dostępne są pod numerem telefonu.",tak,,,,,,53.116624,23.144715
Białystok Zawady,ul. św. Krzysztofa,4,68,547119,8046,Pośrednik,,5,https://adresowo.pl/o/mieszkanie-bialystok-zawady-ul-sw-krzysztofa-4-pokojowe-p2y2h0,https://s2.adresowa.pl/oi/6d/4e/40fdca_dab7_cover@2x-4-pokojowe-mieszkanie-bialystok-zawady-ul-sw-krzysztofa.webp,Białystok Zawady,św. Krzysztofa,1,2026,blok,,"Kameralne Zawady – nowoczesna inwestycja mieszkaniowa Zapraszamy do zapoznania się z ofertą inwestycji Kameralne Zawady, zlokalizowanej przy ul. Św. Krzysztofa, na spokojnym i cenionym osiedlu Zawady. To propozycja dla osób, które szukają połączenia nowoczesnej architektury, kameralnej skali zabudowy oraz komfortu codziennego życia. Informacje podstawowe - 42 mieszkania - 3 kondygnacje naziemne - Kameralny budynek o niewielkiej skali - Funkcjonalne układy mieszkań o powierzchniach od 37,74m2 do 82,47m2 zaprojektowane z myślą o wygodzie mieszkańców W przedmiotowym lokalu na powierzchni 68,82m2 znajdują się: - Pokój z aneksem: 23,78m2 - Pokój: 10,72m2 - Pokój: 13,54m2 - Pokój: 9,01m2 - Łazienka: 4,70m2 - Przedpokój: 4,85m2+2,22m2 - Balkon: 6m2 Mieszkanie na I Piętrze z ekspozycją okien : północ, południe, zachód. Nowoczesny styl i funkcjonalność Budynek wyróżnia się prostą, elegancką bryłą oraz nowoczesnym stylem architektonicznym. Stonowana kolorystyka elewacji i wysokiej jakości materiały wykończeniowe harmonijnie wpisują się w charakter osiedla Zawady, zapewniając estetykę i trwałość na lata. Mieszkania zostały zaprojektowane tak, aby maksymalnie wykorzystać dostępną przestrzeń – jasne wnętrza, przemyślane układy pomieszczeń oraz duże przeszklenia tworzą komfortowe warunki do życia zarówno dla singli, par, jak i rodzin. Lokalizacja Ulica Św. Krzysztofa to miejsce, które łączy ciszę i spokój kameralnego osiedla z dogodnym dojazdem do centrum miasta. W pobliżu znajdują się tereny zielone, infrastruktura handlowo-usługowa oraz szybkie połączenia komunikacyjne z pozostałymi częściami Białegostoku. Kameralne Zawady to idealny wybór dla osób ceniących nowoczesne budownictwo, spokojne otoczenie i wysoki standard codziennego życia. Planowany termin oddania mieszkania do użytku – grudzień 2027r. Miejsca parkingowe - w cenie 35.000zł . Komórki lokatorskie w cenie 3000zł/m2 Po więcej informacji zapraszam do kontaktu: Marcin Niemyjski",,,,,własność,,53.169929,23.111973
Białystok Zawady,ul. św. Krzysztofa,3,65,531461,8176,Pośrednik,,5,https://adresowo.pl/o/mieszkanie-bialystok-zawady-ul-sw-krzysztofa-3-pokojowe-w1h8u6,https://s2.adresowa.pl/oi/46/1f/40fdc8_355f_cover@2x-3-pokojowe-mieszkanie-bialystok-zawady-ul-sw-krzysztofa.webp,Białystok Zawady,św. Krzysztofa,2,2026,blok,,"Kameralne Zawady – nowoczesna inwestycja mieszkaniowa Zapraszamy do zapoznania się z ofertą inwestycji Kameralne Zawady, zlokalizowanej przy ul. Św. Krzysztofa, na spokojnym i cenionym osiedlu Zawady. To propozycja dla osób, które szukają połączenia nowoczesnej architektury, kameralnej skali zabudowy oraz komfortu codziennego życia. Informacje podstawowe- 42 mieszkania - 3 kondygnacje naziemne - Kameralny budynek o niewielkiej skali - Funkcjonalne układy mieszkań o powierzchniach od 37,74m2 do 82,47m2 zaprojektowane z myślą o wygodzie mieszkańców W przedmiotowym lokalu na powierzchni 65,21m2 znajdują się: - Pokój z aneksem: 26,52m2 - Pokój: 11,82m2 - Pokój: 14,32m2 - Przedpokój: 8,32m2 - Łazienka: 4,23m2 - Balkon: 6m2 Mieszkanie na II PIĘTRZE z ekspozycją okien : wschód, zachód. Nowoczesny styl i funkcjonalność Budynek wyróżnia się prostą, elegancką bryłą oraz nowoczesnym stylem architektonicznym. Stonowana kolorystyka elewacji i wysokiej jakości materiały wykończeniowe harmonijnie wpisują się w charakter osiedla Zawady, zapewniając estetykę i trwałość na lata. Mieszkania zostały zaprojektowane tak, aby maksymalnie wykorzystać dostępną przestrzeń – jasne wnętrza, przemyślane układy pomieszczeń oraz duże przeszklenia tworzą komfortowe warunki do życia zarówno dla singli, par, jak i rodzin. Lokalizacja Ulica Św. Krzysztofa to miejsce, które łączy ciszę i spokój kameralnego osiedla z dogodnym dojazdem do centrum miasta. W pobliżu znajdują się tereny zielone, infrastruktura handlowo-usługowa oraz szybkie połączenia komunikacyjne z pozostałymi częściami Białegostoku. Kameralne Zawady to idealny wybór dla osób ceniących nowoczesne budownictwo, spokojne otoczenie i wysoki standard codziennego życia. Planowany termin oddania mieszkania do użytku – grudzień 2027r. Miejsca parkingowe - w cenie 35.000zł . Komórki lokatorskie w cenie 3000zł/m2 Po więcej informacji zapraszam do kontakt Agnieszka Bartoszewicz",,,,,własność,,53.169826,23.11223
Białystok Bojary,ul. Łąkowa,2,32,490000,15312,bez pośredników,,10,https://adresowo.pl/o/mieszkanie-bialystok-bojary-ul-lakowa-2-pokojowe-h3r5f9,https://s2.adresowa.pl/oi/1f/37/40ddee_5a49_cover@2x-2-pokojowe-mieszkanie-bialystok-bojary-ul-lakowa.webp,Białystok Bojary,Łąkowa,5,2019,apartamentowiec,,"Poszukujesz komfortowego mieszkania blisko CENTRUM? Polecam 2-pokojowe mieszkanie o wygodnym rozkładzie przy ul. Łąkowej na osiedlu Nowe Bojary. Wyposażone i gotowe do wprowadzenia. Mieszkanie znajduje się w budynku z 2019 roku o podwyższonym standardzie z cichobieżną windą i parkingiem podziemnym, z dala od hałaśliwych ulic. Apartamentowiec zlokalizowany jest w pobliżu sklepów (Biedronka, Rossmann, Żabka), piekarni, aptek, poczty, restauracji, przychodni, przystanków BKM. Wszystko na miejscu. Galeria Jurowiecka 10 min pieszo/3min samochodem. Nieruchomość jest usytuowana na 5. piętrze. Posiada przemyślany i funkcjonalny układ pomieszczeń i duży ustawny balkon (ok. 10m2). Całkowity metraż wynosi 32,92 m2 obejmujące: - salon z aneksem kuchennym, - sypialnię - przedpokój - łazienkę z wc i wanną. Dodatkowo do mieszkania przynależy piwnica o powierzchni 4m2 (wysokość pomieszczenia 3m). Wnętrza zaprojektowane i wykończone w wysokim standardzie oraz spójnym, nowoczesnym stylu. Pokoje są w pełni umeblowane, aneks kuchenny w zabudowie. W kuchni i łazience niezbędny sprzęt AGD tj. lodówka z zamrażarką, płyta indukcyjna, piekarnik, okap, zmywarka, pralka. Mieszkanie gotowe do wprowadzenia. Prywatny parking dla mieszkańców za szlabanem na pilot. Miesięczny czynsz obejmujący koszty administracyjne, zużycie c.o. oraz wody wynosi ok. 450 zł. To idealna oferta do zamieszkania w doskonałej lokalizacji. Zapraszam do kontaktu. Sprzedaż bezpośrednia, bez prowizji.",tak,,aneks,plastikowe,własność,"Wyposażenie: lodówka, piekarnik, pralka, zmywarka",53.139562,23.173956
Białystok,Sienkiewicza,3,48,460000,9583,bez pośredników,,17,https://adresowo.pl/o/mieszkanie-bialystok-sienkiewicza-3-pokojowe-48-m2-b5v4g7,https://s2.adresowa.pl/oi/1c/33/40dd04_6b4a_cover@2x-3-pokojowe-mieszkanie-bialystok-sienkiewicza.webp,Białystok Sienkiewicza,,6,1980,blok,,"Oferuję na sprzedaż mieszkanie o powierzchni 48 m² w Białymstoku. Znajduje się na 6 piętrze w 11-piętrowym bloku z lat 80-tych. Nieruchomość jest wyposażona w meble oraz sprzęt AGD, w tym pralkę, zmywarkę, lodówkę oraz klimatyzację. Do mieszkania przynależy zabudowany balkon oraz piwnica. Lokalizacja jest bardzo dogodna. Mieszkanie usytuowane jest w dzielnicy Sienkiewicza, blisko do przystanków komunikacji miejskiej. W okolicy znajdują się: - sklepy spożywcze (Stokrotka, Żabka) - kawiarnie (Cukiernia Sowa) - parki i tereny zielone (Skwer im. doc. Włodzimierza Zankiewicza) W pobliżu znajdują się również szkoły, przedszkola oraz placówki medyczne. Czynsz wynosi 700 PLN. To idealna oferta dla osób szukających komfortowego mieszkania w dobrej lokalizacji. Skontaktuj się, aby umówić się na prezentację!",tak,,,plastikowe,własność,"Wyposażenie: lodówkę, pralkę, zmywarkę",53.140301,23.165001
Białystok Piaski,ul. Zwierzyniecka,2,32,393900,12309,bez pośredników,,5,https://adresowo.pl/o/mieszkanie-bialystok-piaski-ul-zwierzyniecka-2-pokojowe-v5v4k9,https://s2.adresowa.pl/oi/22/76/40dbb8_a1bd_cover@2x-2-pokojowe-mieszkanie-bialystok-piaski-ul-zwierzyniecka.webp,Białystok Piaski,Zwierzyniecka,3,,blok,,"Na sprzedaż funkcjonalne, 2-pokojowe mieszkanie o powierzchni 32,70 m², położone w jednej z najbardziej cenionych lokalizacji przy ul. Zwierzynieckiej w Białymstoku. Mieszkanie znajduje się na 3. piętrze 4-piętrowego budynku zbudowanego z cegły. W skład mieszkania wchodzą: salon połączony z kuchnią i wyjściem na balkon, oddzielna sypialnia, łazienka z WC, przedpokój. Do mieszkania przynależy również piwnica. To propozycja dla osób, które cenią wygodną przestrzeń do życia oraz możliwość korzystania z pełnej infrastruktury miasta bez konieczności długich dojazdów. W najbliższej okolicy znajdują się sklepy, restauracje, punkty usługowe, uczelnie (m.in. naprzeciwko Politechnika Białostocka), szpitale oraz przystanki komunikacji miejskiej. Wszystko, co potrzebne na co dzień, jest w zasięgu krótkiego spaceru. Mieszkanie dobrze sprawdzi się zarówno jako miejsce do zamieszkania, jak i nieruchomość inwestycyjna.",tak,,aneks,,,,53.118861,23.161734
Białystok Skorupy,ul. Mokra,4,105,838725,7988,Pośrednik,,16,https://adresowo.pl/o/mieszkanie-bialystok-skorupy-ul-mokra-4-pokojowe-m8i7w9,https://s2.adresowa.pl/oi/19/7d/40fdc6_4813_cover@2x-4-pokojowe-mieszkanie-bialystok-skorupy-ul-mokra.webp,Białystok Skorupy,Mokra,1,2026,,,"Oferujemy na sprzedaż apartament zlokalizowany na pierwszym piętrze w budynku przy ul. Mokrej na Skorupach. Nieruchomość jest w stanie deweloperskim plus: - położone gładzie - całość pomalowana na biało - wykonane sufity podwieszane - belki wyszlifowane i polakierowane Na powierzchni 105,50 m2 tego dwupoziomowego mieszkania znajdują się: Poziom I: - hol: 5,16 m2 - korytarz 1: 5,00 m2 - korytarz 2: 10,83 m2 - salon z aneksem kuchennym: 24,77 m2 - sypialnia: 9,04 m2 - sypialnia: 8,23 m2 - łazienka: 4,84 m2 Poziom II: - otwarta przestrzeń: 37,63 m2 Do mieszkania przynależy taras o powierzchni 9,54 m2. Istnieje opcja nabycia komórki lokatorskiej o powierzchni 11,92m2 w cenie 23.840 zł ora miejsca parkingowego na poziomie -1 w cenie 40.000 zł. Termin oddania do użytkowania : 2 kwartał 2026 Niniejsze ogłoszenie nie stanowi oferty w rozumieniu Kodeksu Cywilnego, lecz ma charakter informacyjny. Przedstawione wizualizacje i grafiki mają charakter wyłącznie poglądowy i stanowią wyłącznie materiał pomocniczy, ułatwiający zorientowanie się w ogólnym wyglądzie oferowanej nieruchomości. Niniejsze ogłoszenie wraz z jego elementami jest własnością Północ Nieruchomości Sp z o.o. lub podmiotu współpracującego. Wszelkie prawa zastrzeżone. Kopiowanie, rozpowszechnianie oraz korzystanie z niniejszych materiałów w jakikolwiek inny sposób wykraczający poza dozwolony użytek określony przepisami ustawy z 4 lutego 1994 r. o prawie autorskim i prawach pokrewnych (Dz. U. 1994, nr 24 poz. 83 z późn. zm.) bez pisemnej zgody Północ Nieruchomości Sp z o.o. lub podmiotów współpracujących jest zabronione i może stanowić podstawę odpowiedzialności cywilnej oraz karnej. Niniejsze materiały stanowią tajemnicę przedsiębiorstwa PÓŁNOC NIERUCHOMOŚCI Sp. z o.o. w rozumieniu ustawy z dnia 16 kwietnia 1993 r. o zwalczaniu nieuczciwej konkurencji (Dz. U. z 2003 r., Nr 153, poz. 1503 z późn. zm.).",tak,,aneks,,,,53.118448,23.204897
Białystok Zawady,ul. św. Krzysztofa,3,62,507174,8180,Pośrednik,,6,https://adresowo.pl/o/mieszkanie-bialystok-zawady-ul-sw-krzysztofa-3-pokojowe-p0j9e3,https://s2.adresowa.pl/oi/3e/44/40fdc4_af1d_cover@2x-3-pokojowe-mieszkanie-bialystok-zawady-ul-sw-krzysztofa.webp,Białystok Zawady,św. Krzysztofa,1,2026,blok,,"Kameralne Zawady – nowoczesna inwestycja mieszkaniowa Zapraszamy do zapoznania się z ofertą inwestycji Kameralne Zawady, zlokalizowanej przy ul. Św. Krzysztofa, na spokojnym i cenionym osiedlu Zawady. To propozycja dla osób, które szukają połączenia nowoczesnej architektury, kameralnej skali zabudowy oraz komfortu codziennego życia. Informacje podstawowe- 42 mieszkania - 3 kondygnacje naziemne - Kameralny budynek o niewielkiej skali - Funkcjonalne układy mieszkań o powierzchniach od 37,74m2 do 82,47m2 zaprojektowane z myślą o wygodzie mieszkańców W przedmiotowym lokalu na powierzchni 62,23m2 znajdują się: - Pokój z aneksem: 25,75m2 - Pokój: 15,61m2 - Pokój:10,73m2 - Przedpokój: 4,74m2 - Łazienka: 5,40m2 - Bakon: 7m2 Mieszkanie na I PIĘTRZE z ekspozycją okien : zachód Nowoczesny styl i funkcjonalność Budynek wyróżnia się prostą, elegancką bryłą oraz nowoczesnym stylem architektonicznym. Stonowana kolorystyka elewacji i wysokiej jakości materiały wykończeniowe harmonijnie wpisują się w charakter osiedla Zawady, zapewniając estetykę i trwałość na lata. Mieszkania zostały zaprojektowane tak, aby maksymalnie wykorzystać dostępną przestrzeń – jasne wnętrza, przemyślane układy pomieszczeń oraz duże przeszklenia tworzą komfortowe warunki do życia zarówno dla singli, par, jak i rodzin. Lokalizacja Ulica Św. Krzysztofa to miejsce, które łączy ciszę i spokój kameralnego osiedla z dogodnym dojazdem do centrum miasta. W pobliżu znajdują się tereny zielone, infrastruktura handlowo-usługowa oraz szybkie połączenia komunikacyjne z pozostałymi częściami Białegostoku. Kameralne Zawady to idealny wybór dla osób ceniących nowoczesne budownictwo, spokojne otoczenie i wysoki standard codziennego życia. Planowany termin oddania mieszkania do użytku – grudzień 2027r. Miejsca parkingowe - w cenie 35.000zł . Komórki lokatorskie w cenie 3000zł/m2 Po więcej informacji zapraszam do kontaktu: Monika Witkowska",,,,,własność,,53.169826,23.112316
Białystok Leśna Dolina,ul. Armii Krajowej,3,53,536000,10113,bez pośredników,,8,https://adresowo.pl/o/mieszkanie-bialystok-lesna-dolina-ul-armii-krajowej-3-pokojowe-i2t0w8,https://s2.adresowa.pl/oi/54/25/40d5a2_ee60_cover@2x-3-pokojowe-mieszkanie-bialystok-lesna-dolina-ul-armii-krajowej.webp,Białystok Leśna Dolina,Armii Krajowej,1,1993,blok,,"Przytulne mieszkanie 3-pokojowe na Leśnej Dolinie - gotowe do zamieszkania! Do sprzedaży przestronne mieszkanie 3-pokojowe, zlokalizowane na I piętrze w czteropiętrowym budynku z cegły, na spokojnym osiedlu Leśna Dolina. To miejsce dla osób, które szukają kameralnej, zielonej okolicy, a jednocześnie chcą mieć blisko do wszystkich niezbędnych punktów. Leśna Dolina to jedna z najbardziej lubianych dzielnic Białegostoku - ceniona za spokój, dobre sąsiedztwo i przyjazną atmosferę, idealna zarówno dla rodzin z dziećmi, jak i osób szukających ciszy po pracy. Mieszkanie w stanie ""do zamieszkania"". Do mieszkania przynależy: - balkon (5,78m2) - idealny na poranną kawę lub wieczorny relaks, - piwnica (4,18m2) - dodatkowa przestrzeń na przechowywanie. Układ trzech pokoi i oddzielna kuchnia zapewnia komfort zarówno dla rodziny, jak i dla osób pracujących zdalnie, które potrzebują oddzielnego pomieszczenia na biuro lub gabinet. Zapraszam do kontaktu i umówienia się na prezentację mieszkania!",tak,,osobna,plastikowe,,,53.130822,23.092994
Białystok Antoniuk,ul. Ukośna,2,39,440000,11282,bez pośredników,,16,https://adresowo.pl/o/mieszkanie-bialystok-antoniuk-ul-ukosna-2-pokojowe-e9v9e7,https://s2.adresowa.pl/oi/25/69/40d222_f06d_cover@2x-2-pokojowe-mieszkanie-bialystok-antoniuk-ul-ukosna.webp,Białystok Antoniuk,Ukośna,4,1967,blok,,"Sprzedam przytulne mieszkanie o powierzchni 39 m² w Białymstoku. Mieszkanie znajduje się na 4. piętrze. W skład wyposażenia wchodzą: meble, AGD. Do mieszkania przynależą balkon i piwnica. Czynsz wynosi 650 zł przy użytkowaniu przez 2 osoby. Mieszkanie jest bardzo jasne, znajduje się w cichej okolicy bloków i domów jednorodzinnych, z okien jest przyjemny widok na korony drzew. Mieszkanie znajduje się w dzielnicy Antoniuk, która oferuje wiele udogodnień. Do centrum autem zaledwie 4 minuty. W pobliżu znajdują się: - sklepy spożywcze - siłownie - Park Antoniuk - przedszkola i szkoły - przystanki komunikacji miejskiej - przychodnie i apteki To idealne miejsce dla osób ceniących wygodę i bliskość do miejskich atrakcji. Sprzedaż od osoby prywatnej, bez prowizji.",tak,,,plastikowe,własność,,53.143656,23.140135
Białystok Słoneczny Stok,ul. gen. Władysława Sikorskiego,3,58,449999,7759,bez pośredników,,9,https://adresowo.pl/o/mieszkanie-bialystok-sloneczny-stok-ul-gen-wladyslawa-sikorskiego-3-pokojowe-t8i2z2,https://s2.adresowa.pl/oi/30/20/40cff2_56ca_cover@2x-3-pokojowe-mieszkanie-bialystok-sloneczny-stok-ul-gen-wladyslawa-sikorskiego.webp,Białystok Słoneczny Stok,gen. Władysława Sikorskiego,4,,blok,,"Oferuję na sprzedaż mieszkanie o powierzchni 58,6 m². Znajduje się na czwartym piętrze w bloku. Mieszkanie jest jasne, z oknami wychodzącymi na dwie strony. Mieszkanie jest do remontu, co daje Ci możliwość urządzenia go według własnych upodobań. Oddzielna kuchnia. Na każdym piętrze w tej klatce są tylko 2 mieszkania, nowa winda. To idealna przestrzeń do życia w miejskim stylu. Do galerii Carrefour, na basen, do szkoły, czy przedszkola jest niespełna 800 metrów. Przystanek komunikacji miejskiej 200 metrów. Przychodnia, poczta to 500 metrów. Mieszkanie dostępne od zaraz. Zapraszam do kontaktu, aby umówić się na prezentację! Monika Mirek",,,osobna,,,,53.133939,23.101469
Białystok,Bojary,5,96,699000,7281,Pośrednik,,27,https://adresowo.pl/o/mieszkanie-bialystok-bojary-5-pokojowe-96-m2-p5q1d1,https://s2.adresowa.pl/oi/47/63/40fdc2_9608_cover@2x-5-pokojowe-mieszkanie-bialystok-bojary.webp,Białystok Bojary,,10,1985,blok,,"Polecamy dwupoziomowe mieszkanie o iście mistrzowskiej powierzchni 96 m2 położone na 10 i 11 piętrze w wysokim bloku z docieplonej płyty przy Dobrej na osiedlu Bojary w Białymstoku Na jego powierzchnie składa się: I poziom: 2 pokoje, kuchnia, korytarz łazienka z WC II poziom : 3 pokoje, kuchnia, korytarz , łazienka z WC Mieszkanie funkcjonuje obecnie jako dwa niezależne lokale mieszkalne! Można wrócić do stanu - jedno mieszkanie dwupoziomowe! Mieszkanie obecnie przygotowane do najmu na dwie umowy. W 2011 przeszło gruntowny remont: wszystkie instalacje, okna PCV z wypełnieniem miedzy oknami w postaci bloczka ytong 12 cm z dociepleniem wełna 14 cm Do mieszkania przynależy duży balkon typu loggia z zabudową, piwnica oraz bokówka pod schodami. Mieszkanie dobrze doświetlone, widok na panoramę miasta, pod blokiem dużo miejsc parkingowych. Lokalizacja w bardzo dobrej, cichej oraz spokojnej lokalizacji, niedaleko - przystanek autobusowy - sklepy - przedszkole - szkoła - przychodnia zdrowia. Zapraszam na prezentację oraz po więcej informacji. Kontakt: Stanisław Drobiński",tak,,,plastikowe,spółdzielcze własnościowe,,53.13619,23.180037
Białystok Skorupy,ul. Mokra,4,105,838725,7988,Pośrednik,,50,https://adresowo.pl/o/mieszkanie-bialystok-skorupy-ul-mokra-4-pokojowe-h0v6w1,https://s2.adresowa.pl/oi/60/6f/40fdbc_be99_cover@2x-4-pokojowe-mieszkanie-bialystok-skorupy-ul-mokra.webp,Białystok Skorupy,Mokra,1,2025,,,"Biuro Nieruchomości PÓŁNOC oferuje na sprzedaż apartament w stanie deweloperskim plus - położone gładzie, całość pomalowana na biało, wykonane sufity podwieszane, belki wyszlifowane i polakierowane, o imponującej powierzchni 105.5m2, zlokalizowany na pierwszym piętrze budynku przy ul. Mokrej w Białymstoku . Apartament charakteryzuje się niezwykłym projektem mieszkania z antresolą. Na powierzchnię 105,5m2 składają się : Powierzchnia holu: 5,16 m2 Powierzchnia korytarza: 5,00 m2 Powierzchnia korytarza: 10,83 m2 Powierzchnia salonu z aneksem: 24,77 m2 Powierzchnia sypialni: 9,04 m2 Powierzchnia sypialni: 8,23 m2 Powierzchnia otwartej przestrzeni: 37,63 m2 Powierzchnia łazienki: 4,84 m2 Ta unikalna koncepcja wnętrza oferuje otwartą, dwupoziomową przestrzeń, która jest nie tylko praktyczna, ale również nadaje mieszkaniu wyjątkowy, nieszablonowy charakter. Drugim poziomem jest przestrzeń o powierzchni 37.63m2, która pozostaje otwarta do własnej aranżacji, co stanowi niezwykłą zaletę tego rozwiązania, zwłaszcza z uwagi na obecność antresoli. To doskonała możliwość dostosowania układu pomieszczeń według osobistych preferencji i potrzeb. Apartament , który jest oferowany do sprzedaży, zachwyca nie tylko swoim wnętrzem, ale również przylegającym do niego tarasem o powierzchni 9,54 m2. Zarówno dla osób lubiących poranne kawowe chwile na świeżym powietrzu, jak i tych, którzy chcą delektować się ciepłymi wieczorami pod gwiazdami, taras jest doskonałym uzupełnieniem tego wyjątkowego mieszkania. Dodatkowo istnieje opcja nabycia komórki lokatorskiej o powierzchni 11,92m2, która może służyć jako dodatkowa przestrzeń magazynowa lub użytkowa, dostępna w cenie 23840 zł. Dla zwiększenia komfortu mieszkańców, przy apartamentach przewidziano balkony oraz garaże podziemne i miejsca parkingowe. Miejsca parkingowe o powierzchni około 38m2, znajdują się w podziemiu budynku i są dostępne w cenie 40.000 zł. Cały teren jest ogrodzony, co gwarantuje poczucie prywatności i bezpieczeństwa dla mieszkańców. Ten apartament stanowi doskonałą propozycję dla osób poszukujących wyjątkowych rozwiązań mieszkalnych, które łączą funkcjonalność z niebanalnym stylem. Termin oddania do użytkowania : 1/2 kwartał 2025 Możliwość oddania mieszkania wykończonego "" pod klucz "" . Zapraszam do kontaktu Agnieszka Bartoszewicz",tak,,aneks,,własność,,53.118056,23.207569
Białystok Centrum,ul. Włókiennicza,3,78,1090000,13974,bez pośredników,,18,https://adresowo.pl/o/mieszkanie-bialystok-centrum-ul-wlokiennicza-3-pokojowe-c6h4j2,https://s2.adresowa.pl/oi/73/1e/40ce9e_5c05_cover@2x-3-pokojowe-mieszkanie-bialystok-centrum-ul-wlokiennicza.webp,Białystok Centrum,Włókiennicza,2,2005,kamienica,,"Dwupoziomowe mieszkanie w centrum Białegostoku | Wysoki standard | Gotowe do wprowadzenia. Sprzedaż bezpośrednio od właściciela. Agencjom nieruchomości dziękuję za współpracę. Na sprzedaż wyjątkowe, dwupoziomowe mieszkanie w kameralnej, odrestaurowanej kamienicy, położone na osiedlu Centrum w Białymstoku. To propozycja dla osób, które cenią świetną lokalizację, wysoką jakość wykończenia, funkcjonalność oraz niebanalny charakter wnętrza. Mieszkanie znajduje się w ścisłym centrum miasta, dzięki czemu wszystko, czego potrzeba na co dzień, znajduje się w zasięgu ręki. W najbliższej okolicy dostępne są m.in. basen, galeria handlowa, sklepy, punkty usługowe oraz tereny zielone. Dodatkowym atutem jest prywatny parking przy budynku, dostępny wyłącznie dla mieszkańców. Mieszkanie o powierzchni 78 m² zostało zaprojektowane przez architekta wnętrz z dbałością o każdy szczegół. Funkcjonalny układ obejmuje: - przestronny korytarz z pojemną zabudową meblową na buty i odzież wierzchnią, - ergonomiczną klatkę schodową, która stanowi główny i niepowtarzalny element dekoracyjny mieszkania, - przestronną strefę dzienną z wygodną sofą i dużym stołem, - aneks kuchenny z dużą, pojemną wyspą, zapewniającą zarówno komfort pracy, jak i dodatkową przestrzeń do przechowywania, - elegancką łazienkę z dużym prysznicem i odpływem liniowym, podwójną umywalką, pralką i suszarką ukrytymi w estetycznej zabudowie meblowej, - sypialnię na poddaszu, - dodatkowy pokój z przeszkleniem wychodzącym na salon, który może pełnić funkcję gabinetu, pokoju do pracy lub dodatkowej sypialni. W całym mieszkaniu wykonano zabudowy meblowe na wymiar, dzięki czemu przestrzeń została maksymalnie wykorzystana, a wnętrze zachowuje spójny i elegancki charakter. Każde pomieszczenie jest klimatyzowane, co zapewnia komfort niezależnie od pory roku. Jednym z największych atutów mieszkania jest niestandardowa wysokość pomieszczeń sięgająca nawet 4 metrów, która nadaje wnętrzu wyjątkową przestronność i charakter. Kamienica wpisana do rejestru zabytków - zwolnienie z płacenia podatku od nieruchomości. Modernizacja w 2005r. Obecnie odświeżana jest elewacja.",,,aneks,drewniane,własność,,53.138476,23.157401
Białystok,Słoneczny Stok,3,62,485000,7823,bez pośredników,,4,https://adresowo.pl/o/mieszkanie-bialystok-sloneczny-stok-3-pokojowe-62-m2-h9z1u6,https://s2.adresowa.pl/oi/64/3b/40ce98_43b7_cover@2x-3-pokojowe-mieszkanie-bialystok-sloneczny-stok.webp,Białystok Słoneczny Stok,,2,1980,blok,,"Oferuję na sprzedaż mieszkanie z balkonem o powierzchni 62,9 m² + duża piwnica (6,60m²). Nieruchomość znajduje się na 2. piętrze czteropiętrowego bloku z wielkiej płyty. Mieszkanie jest w dobrym stanie i gotowe do zamieszkania. W cenie znajdują się meble oraz sprzęt AGD, jak kuchenka i piekarnik. Ogrzewanie miejskie oraz niski czynsz wynoszący 800 PLN. W skład mieszkania wchodzą: - łazienka z WC, - kuchnia, - przestronny salon z dużym balkonem, - dwa pokoje, - korytarz. W 2025 roku przeprowadzono pełną renowację całego pionu klatki, wymieniono całą instalację elektryczną, dodano nowe oświetlenie i zamontowano nowe domofony. Dużym atutem mieszkania jest przedsionek, oddzielający klatkę od mieszkania, który świetnie izoluje akustyczne odgłosy z klatki i może służyć jako dodatkowe miejsce do przechowywania rzeczy. Lokalizacja na osiedlu Słoneczny Stok to idealne miejsce dla rodzin. Cicha i spokojna okolica. W pobliżu znajdują się: - szkoły podstawowe i średnie (około 550m) - przedszkola i żłobki - parki oraz tereny zielone - sklepy i usługi codziennego użytku - przystanki komunikacji miejskiej - pływalnia/basen - około 450m - duży plac zabaw z amfiteatrem - Galeria Zielone Wzgórze/ Carrefour - około 850m W okolicy bardzo dobrze rozwinięta infrastruktura, co czyni miejsce atrakcyjnym dla każdego. Serdecznie zapraszam do obejrzenia! Agencjom dziękujemy.",tak,,,plastikowe,własność,"Wyposażenie: kuchenka, piekarnik",53.130001,23.104025
Białystok,ul. gen. Józefa Bema,2,38,670000,17632,bez pośredników,,8,https://adresowo.pl/o/mieszkanie-bialystok-ul-gen-jozefa-bema-2-pokojowe-j0j5i4,https://s2.adresowa.pl/oi/6d/28/40cce2_6888_cover@2x-2-pokojowe-mieszkanie-bialystok-ul-gen-jozefa-bema.webp,Białystok ,gen. Józefa Bema,7,2025,blok,,"Mieszkanie 38 m2 z komórką lokatorską i miejscem parkingowym. Nowe po remoncie, bez mebli. Gotowe do wprowadzenia się. Więcej informacji pod numerem telefonu. Agencjom nieruchomości dziękujemy.",tak,tak,,,,,53.123134,23.143473
Białystok Zawady,ul. św. Krzysztofa,3,79,634887,8037,Pośrednik,,5,https://adresowo.pl/o/mieszkanie-bialystok-zawady-ul-sw-krzysztofa-3-pokojowe-t6n2j2,https://s2.adresowa.pl/oi/4b/6d/40fdba_72ea_cover@2x-3-pokojowe-mieszkanie-bialystok-zawady-ul-sw-krzysztofa.webp,Białystok Zawady,św. Krzysztofa,2,2015,blok,,"Kameralne Zawady – nowoczesna inwestycja mieszkaniowa Zapraszamy do zapoznania się z ofertą inwestycji Kameralne Zawady, zlokalizowanej przy ul. Św. Krzysztofa, na spokojnym i cenionym osiedlu Zawady. To propozycja dla osób, które szukają połączenia nowoczesnej architektury, kameralnej skali zabudowy oraz komfortu codziennego życia. Informacje podstawowe - 42 mieszkania - 3 kondygnacje naziemne - Kameralny budynek o niewielkiej skali - Funkcjonalne układy mieszkań o powierzchniach od 37,74m2 do 82,47m2 zaprojektowane z myślą o wygodzie mieszkańców W przedmiotowym lokalu na powierzchni 79,86m2 znajdują się: - Pokój z aneksem: 31,20m2 - Pokój: 12,79m2 - Garderoba: 3,76m2 - Przedpokój: 3,79m2 - Łazienka: 5,56m2 - Antresola: 22,76m2 - Balkon: 4,80m2 + 8m2 Mieszkanie na II Piętrze z ekspozycją okien : wschód. Nowoczesny styl i funkcjonalność Budynek wyróżnia się prostą, elegancką bryłą oraz nowoczesnym stylem architektonicznym. Stonowana kolorystyka elewacji i wysokiej jakości materiały wykończeniowe harmonijnie wpisują się w charakter osiedla Zawady, zapewniając estetykę i trwałość na lata. Mieszkania zostały zaprojektowane tak, aby maksymalnie wykorzystać dostępną przestrzeń – jasne wnętrza, przemyślane układy pomieszczeń oraz duże przeszklenia tworzą komfortowe warunki do życia zarówno dla singli, par, jak i rodzin. Lokalizacja Ulica Św. Krzysztofa to miejsce, które łączy ciszę i spokój kameralnego osiedla z dogodnym dojazdem do centrum miasta. W pobliżu znajdują się tereny zielone, infrastruktura handlowo-usługowa oraz szybkie połączenia komunikacyjne z pozostałymi częściami Białegostoku. Kameralne Zawady to idealny wybór dla osób ceniących nowoczesne budownictwo, spokojne otoczenie i wysoki standard codziennego życia. Planowany termin oddania mieszkania do użytku – grudzień 2027r. Miejsca parkingowe - w cenie 35.000zł . Komórki lokatorskie w cenie 3000zł/m2 Po więcej informacji zapraszam do kontaktu: Marcin Niemyjski",,,,,własność,,53.169826,23.112831
Białystok Centrum,ul. Henryka Sienkiewicza,2,40,380000,9500,Pośrednik,,12,https://adresowo.pl/o/mieszkanie-bialystok-centrum-ul-henryka-sienkiewicza-2-pokojowe-p9a8q2,https://s2.adresowa.pl/oi/6a/69/40fdb6_b040_cover@2x-2-pokojowe-mieszkanie-bialystok-centrum-ul-henryka-sienkiewicza.webp,Białystok Centrum,Henryka Sienkiewicza,1,1950,blok,,"Na sprzedaż mieszkanie o powierzchni 40,46 m², usytuowane na 1. piętrze kameralnego budynku z cegły, zlokalizowanego w ścisłym centrum miasta, przy jednej z głównych ulic. Lokal znajduje się bezpośrednio przy chodniku, w sąsiedztwie Rynku Kościuszki, Ratusza oraz parku, co czyni tę ofertę wyjątkowo atrakcyjną nie tylko do zamieszkania, ale przede wszystkim pod działalność gospodarczą. Obecnie mieszkanie składa się z przestronnego pokoju (17,3 m²), oddzielnej kuchni (5,8 m²), łazienki (2,5 m²) oraz funkcjonalnego korytarza. Wysokie pomieszczenia, duże okna oraz klasyczny parkiet dębowy tworzą solidną bazę do kompleksowej modernizacji i aranżacji według własnego projektu. Największym atutem nieruchomości jest jej potencjał inwestycyjny. Lokalizacja przy głównej ulicy, bardzo dobra widoczność oraz łatwy dostęp dla pieszych sprawiają, że mieszkanie doskonale nadaje się do adaptacji na lokal użytkowy. To idealne miejsce na kancelarię, biuro lub gabinet. Położenie w centrum miasta gwarantuje stały ruch pieszych, bliskość urzędów, banków, restauracji, punktów handlowo-usługowych oraz komunikacji miejskiej. Takie usytuowanie znacząco podnosi wartość nieruchomości zarówno z punktu widzenia prowadzenia działalności, jak i przyszłej odsprzedaży lub wynajmu. Lokal wymaga kapitalnego remontu, co daje nowemu właścicielowi pełną swobodę w zaprojektowaniu przestrzeni zgodnie z własnymi potrzebami. To propozycja dla osób, które szukają nieruchomości w prestiżowej lokalizacji i chcą wykorzystać jej potencjał komercyjny lub stworzyć reprezentacyjne mieszkanie w samym centrum miasta. Niniejsze ogłoszenie nie stanowi oferty w rozumieniu Kodeksu Cywilnego, lecz ma charakter informacyjny. Przedstawione wizualizacje i grafiki mają charakter wyłącznie poglądowy i stanowią wyłącznie materiał pomocniczy, ułatwiający zorientowanie się w ogólnym wyglądzie oferowanej nieruchomości. Niniejsze ogłoszenie wraz z jego elementami jest własnością Północ Nieruchomości Sp z o.o. lub podmiotu współpracującego. Wszelkie prawa zastrzeżone. Kopiowanie, rozpowszechnianie oraz korzystanie z niniejszych materiałów w jakikolwiek inny sposób wykraczający poza dozwolony użytek określony przepisami ustawy z 4 lutego 1994 r. o prawie autorskim i prawach pokrewnych (Dz. U. 1994, nr 24 poz. 83 z późn. zm.) bez pisemnej zgody Północ Nieruchomości Sp z o.o. lub podmiotów współpracujących jest zabronione i może stanowić podstawę odpowiedzialności cywilnej oraz karnej. Niniejsze materiały stanowią tajemnicę przedsiębiorstwa PÓŁNOC NIERUCHOMOŚCI Sp. z o.o. w rozumieniu ustawy z dnia 16 kwietnia 1993 r. o zwalczaniu nieuczciwej konkurencji (Dz. U. z 2003 r., Nr 153, poz. 1503 z późn. zm.).",tak,,osobna,,własność,,53.13162,23.160307
Białystok Sienkiewicza,ul. Ciepła,2,35,355000,10143,bez pośredników,,6,https://adresowo.pl/o/mieszkanie-bialystok-sienkiewicza-ul-ciepla-2-pokojowe-i6r3h2,https://s2.adresowa.pl/oi/52/6f/40cc5c_cd71_cover@2x-2-pokojowe-mieszkanie-bialystok-sienkiewicza-ul-ciepla.webp,Białystok Sienkiewicza,Ciepła,7,,blok,,"Na sprzedaż 2 pokojowe mieszkanie o powierzchni 35,5 M2, zlokalizowane w ścisłym centrum Białegostoku przy ulicy Ciepłej 13. Lokal znajduje się na 7 piętrze, co zapewnia ładny widok na okolicę oraz dobre doświetlenie pomieszczeń. Mieszkanie jest jednostronne, do remontu lub odświeżenia, wg indywidualnej oceny. Składa się z dwóch oddzielnych pokoi, osobnej kuchni, łazienki z WC oraz niewielkiego korytarza. Do mieszkania przynależy balkon typu loggia - świetny punkt widokowy na panoramę miasta i odpoczynek. Do lokalu przynależna jest także piwnica, zapewniająca dodatkowe miejsce na przechowywanie. W budynku dostępne są dwie windy, w tym jedna większa z otwieranymi drzwiami, co stanowi ogromne ułatwienie podczas transportu mebli, materiałów budowlanych, wózka czy roweru. Mieszkanie znajduje się w ścisłym centrum - osiedle Sienkiewicza. Wokół pełna infrastruktura miejska: Galeria Jurowiecka, sklepy, apteki, uczelnie oraz przystanki autobusowe łączące lokalizację z każdą częścią miasta. Cena: 355 000 złotych. Zapraszam do kontaktu telefonicznego oraz na prezentację mieszkania.",tak,,osobna,,,,53.14138,23.165232
Białystok Słoneczny Stok,ul. Upalna,2,51,445000,8725,bez pośredników,,11,https://adresowo.pl/o/mieszkanie-bialystok-sloneczny-stok-ul-upalna-2-pokojowe-h8k6x6,https://s2.adresowa.pl/oi/31/56/40cb46_8769_cover@2x-2-pokojowe-mieszkanie-bialystok-sloneczny-stok-ul-upalna.webp,Białystok Słoneczny Stok,Upalna,parter,1985,blok,,"Cena: 445 000 zł Na sprzedaż 2-pokojowe mieszkanie o powierzchni 51 m², położone na parterze bloku przy ul. Upalnej, na osiedlu Słoneczny Stok w Białymstoku. Mieszkanie ma funkcjonalny układ, oddzielną kuchnię, łazienkę oraz osobne WC. Jest słoneczne i znajduje się w spokojnej, zielonej części osiedla. Układ mieszkania: 2 pokoje oddzielna kuchnia łazienka osobne WC przedpokój z dużą szafą balkon typu loggia Do mieszkania przynależy piwnica o powierzchni około 3 m², wyposażona w praktyczne półki. Parter i możliwość stworzenia ogródka Dużym atutem mieszkania jest parter oraz loggia z możliwością zagospodarowania przestrzeni przed balkonem. W sąsiednich mieszkaniach parterowych funkcjonują już urządzone ogródki, dlatego istnieje możliwość stworzenia własnej zielonej przestrzeni i jej ogrodzenia, zgodnie z zasadami obowiązującymi w budynku. Wokół bloku znajduje się dużo zieleni, a okolica jest spokojna i przyjemna do życia. Stan i wyposażenie Mieszkanie jest w stanie pozwalającym na zamieszkanie od razu. W przyszłości można je odświeżyć lub wyremontować i urządzić według własnego gustu. Mieszkanie sprzedawane jest z umeblowaniem i wyposażeniem, w tym: pralka lodówka kuchenka duża szafa w przedpokoju łóżko w sypialni duża szafa w sypialni Dzięki temu nowy właściciel może wprowadzić się bez konieczności zakupu podstawowego wyposażenia. Wygodna lokalizacja W pobliżu bloku znajdują się: Biedronka Lidl żłobek przedszkole szkoła basen galeria handlowa przystanki komunikacji miejskiej Dobra komunikacja miejska zapewnia wygodny dojazd do pozostałych części Białegostoku. Położenie w spokojnej i zielonej okolicy, a jednocześnie blisko sklepów, placówek dla dzieci, galerii handlowej i komunikacji miejskiej, sprawia, że mieszkanie jest wygodne zarówno dla rodziny, jak i osób ceniących dobrą infrastrukturę w pobliżu domu. Najważniejsze informacje: Powierzchnia: 51 m² Liczba pokoi: 2 Piętro: parter Balkon: loggia Kuchnia: oddzielna Łazienka: tak WC: osobne Piwnica: około 3 m², z półkami Stan: do zamieszkania, z możliwością odświeżenia lub remontu Umeblowanie i wyposażenie: tak Czynsz: około 650 zł Księga wieczysta: założona Lokalizacja: Białystok, Słoneczny Stok, ul. Upalna Cena: 445 000 zł Mieszkanie z dużym potencjałem — można zamieszkać od razu, a z czasem odświeżyć i urządzić według własnego gustu. Parter, loggia oraz możliwość stworzenia własnej zielonej przestrzeni to dodatkowe atuty tej nieruchomości. Zapraszam do kontaktu i obejrzenia mieszkania.",tak,,osobna,plastikowe,własność,"Wyposażenie: kuchenka, lodówka, pralka",53.12707,23.102558
Białystok Piaski,ul. Legionowa,3,69,635000,9203,bez pośredników,,14,https://adresowo.pl/o/mieszkanie-bialystok-piaski-ul-legionowa-3-pokojowe-m1x5v2,https://s2.adresowa.pl/oi/4b/55/40c9c8_aaab_cover@2x-3-pokojowe-mieszkanie-bialystok-piaski-ul-legionowa.webp,Białystok Piaski,Legionowa,9,1986,blok,,"Przestronne 3-pokojowe mieszkanie 70 m² | Centrum Białegostoku – Piaski | po generalnym remoncie Do sprzedania bezpośrednio przestronne i komfortowe mieszkanie o powierzchni około 69 m², położone na zamkniętym osiedlu w centrum Białegostoku. To doskonała lokalizacja dla rodziny, pary, studentów lub osób pracujących w centrum miasta. W bezpośrednim sąsiedztwie znajdują się m.in. Uniwersytecki Dziecięcy Szpital Kliniczny, Uniwersytet Medyczny, Politechnika Białostocka oraz Szpital Wojewódzki. Do ul. Lipowej można dojść spacerem w około 5 minut. przestronny pokój dzienny – ok. 25 m² sypialnia nr 1 – ok. 10 m² sypialnia nr 2 – ok. 13 m² oddzielna kuchnia – ok. 8 m² przedpokój – ok. 8 m² łazienka – ok. 4,5 m² oddzielne WC – ok. 1,5 m² Dodatkowym atutem jest duży balkon, a także komórka lokatorska na półpiętrze oraz piwnica przynależna do mieszkania. Budynek został oddany do użytkowania w 1986 roku, natomiast mieszkanie przeszło gruntowny remont w maju 2024 roku. W ramach remontu wykonano m.in.: wymianę starych metalowych futryn na nowe futryny MDF wraz z nowymi drzwiami, nowe podłogi, odświeżenie ścian i sufitów, nowe, nowoczesne oświetlenie i karnisze w całym mieszkaniu, nową zabudowę kuchenną, montaż nowego sprzętu AGD, konserwację okien PCV. LOKALIZACJA Jednym z największych atutów mieszkania jest jego bardzo dobra lokalizacja w centrum Białegostoku, zapewniająca wygodny dostęp zarówno do infrastruktury miejskiej, jak i komunikacji. W najbliższej okolicy znajdują się: Uniwersytet Medyczny, Politechnika Białostocka, Uniwersytecki Dziecięcy Szpital Kliniczny, Szpital Wojewódzki, szkoła podstawowa i przedszkole, place zabaw, siłownie zewnętrzne, sklepy i apteki, kościoły, przystanki komunikacji miejskiej. Ul. Lipowa i ścisłe centrum miasta znajdują się zaledwie około 5 minut spacerem od mieszkania.",tak,,osobna,plastikowe,własność,,53.129798,23.15775
Białystok Centrum,ul. Warszawska 64,2,50,658000,13160,Pośrednik,,13,https://adresowo.pl/o/mieszkanie-bialystok-centrum-ul-warszawska-2-pokojowe-f5o7h6,https://s2.adresowa.pl/oi/34/68/40fdb4_dc0a_cover@2x-2-pokojowe-mieszkanie-bialystok-centrum-ul-warszawska.webp,Białystok Centrum,Warszawska 64,1,2022,blok,,"Przedstawiamy Państwu możliwość zakupu apartamentu o powierzchni 50,93 m², usytuowanego w centrum Białegostoku, przy ul. Warszawskiej. Jest to funkcjonalne, dwupokojowe mieszkanie na pierwszym piętrze w nowoczesnym, trzypiętrowym bloku z 2022 roku. Budynek jest wyposażony w windę, co zapewnia wygodę i komfort użytkowania. Mieszkanie zostało wykończone w wysokim standardzie, z dbałością o każdy detal. Gustowne umeblowanie, nowoczesne oświetlenie oraz starannie dobrane dodatki gwarantują nie tylko estetykę wnętrz, ale przede wszystkim wygodę codziennego życia. Dobry układ pomieszczeń sprawia, że przestrzeń jest maksymalnie wykorzystana. Dużym atutem jest również przestronny balkon, który stanowi idealne miejsce do relaksu. Do apartamentu przynależy miejsce zadaszone parkingowe przed wejściem do bloku. Lokalizacja mieszkania jest wyjątkowo atrakcyjna - w pobliżu znajdują się sklepy spożywcze (m.in. PSS), park, Galeria Biała, a także Uniwersytet Medyczny oraz Wydział Prawa i Wydział Ekonomii. Dzięki temu mieszkanie jest idealne zarówno dla studentów, jak i osób pracujących. Apartament jest w idealnym stanie, nie wymaga żadnych inwestycji, gotowy do wprowadzenia od zaraz. Jest to oferta skierowana do wymagających klientów, ceniących sobie komfort, funkcjonalność oraz prestiżową lokalizację. Mieszkanie sprzedawane wspólnie z miejscem parkingowym zlokalizowanym przy wejsciu do budynku za dopłatą w wysokości 50.000 zł. Serdecznie zapraszamy do kontaktu i umówienia się na prezentację tego wyjątkowego mieszkania. Niniejsze ogłoszenie nie stanowi oferty w rozumieniu Kodeksu Cywilnego, lecz ma charakter informacyjny. Przedstawione wizualizacje i grafiki mają charakter wyłącznie poglądowy i stanowią wyłącznie materiał pomocniczy, ułatwiający zorientowanie się w ogólnym wyglądzie oferowanej nieruchomości. Niniejsze ogłoszenie wraz z jego elementami jest własnością Północ Nieruchomości Sp z o.o. lub podmiotu współpracującego. Wszelkie prawa zastrzeżone. Kopiowanie, rozpowszechnianie oraz korzystanie z niniejszych materiałów w jakikolwiek inny sposób wykraczający poza dozwolony użytek określony przepisami ustawy z 4 lutego 1994 r. o prawie autorskim i prawach pokrewnych (Dz. U. 1994, nr 24 poz. 83 z późn. zm.) bez pisemnej zgody Północ Nieruchomości Sp z o.o. lub podmiotów współpracujących jest zabronione i może stanowić podstawę odpowiedzialności cywilnej oraz karnej. Niniejsze materiały stanowią tajemnicę przedsiębiorstwa PÓŁNOC NIERUCHOMOŚCI Sp. z o.o. w rozumieniu ustawy z dnia 16 kwietnia 1993 r. o zwalczaniu nieuczciwej konkurencji (Dz. U. z 2003 r., Nr 153, poz. 1503 z późn. zm.).",,,,,własność,,53.128383,23.178111
Białystok Piaski,ul. Jerzego Waszyngtona,3,60,435000,7250,Pośrednik,,6,https://adresowo.pl/o/mieszkanie-bialystok-piaski-ul-jerzego-waszyngtona-3-pokojowe-q7q5d1,https://s2.adresowa.pl/oi/6c/60/40fdb2_831b_cover@2x-3-pokojowe-mieszkanie-bialystok-piaski-ul-jerzego-waszyngtona.webp,Białystok Piaski,Jerzego Waszyngtona,5,,blok,,"Na sprzedaż 3-pokojowe mieszkanie o powierzchni 60,10 m², położone przy ul. Waszyngtona na osiedlu Piaski w Białymstoku. Funkcjonalny układ z trzema niezależnymi pokojami, oddzielną kuchnią i osobnym WC oraz lokalizacja w sąsiedztwie szpitali i uczelni sprawiają, że mieszkanie sprawdzi się zarówno dla rodziny, jak i jako inwestycja pod wynajem. MIESZKANIE Lokal znajduje się na 5. piętrze w wieżowcu z windą. Na powierzchni 60,10 m² znajdują się:- przestronny salon – ok. 24,9 m², - pokój – ok. 11,1 m², - pokój – ok. 8 m², - oddzielna kuchnia – ok. 6,1 m², - łazienka z prysznicem, - oddzielne WC, - przedpokój z zabudową. Mieszkanie jest dwustronne i środkowe. Okna PCV mają ekspozycję na południowy wschód i północny zachód, dzięki czemu wnętrza są dobrze doświetlone. Lokal daje możliwość urządzenia go według własnych potrzeb i pomysłu. DODATKOWA PRZESTRZEŃ Do dyspozycji właściciela pozostają:- balkon, - piwnica, - bokówka na półpiętrze. Dodatkowym atutem jest parking za szlabanem przeznaczony wyłącznie dla mieszkańców. LOKALIZACJA Ul. Waszyngtona, osiedle Piaski to lokalizacja zapewniająca szybki dostęp do centrum Białegostoku oraz rozbudowanej infrastruktury tej części miasta. Szczególnym atutem jest bliskość zaplecza medycznego i akademickiego. W sąsiedztwie znajdują się m.in. Uniwersytecki Dziecięcy Szpital Kliniczny, Uniwersytecki Szpital Kliniczny oraz obiekty Uniwersytetu Medycznego. To lokalizacja, która dobrze sprawdzi się zarówno w codziennym życiu, jak i w przypadku zakupu mieszkania z myślą o wynajmie. Oferta dostępna wyłącznie w naszym biurze. Zapraszam do kontaktu i umówienia prezentacji. Niniejsze ogłoszenie nie stanowi oferty w rozumieniu Kodeksu Cywilnego, lecz ma charakter informacyjny. Przedstawione wizualizacje i grafiki mają charakter wyłącznie poglądowy i stanowią wyłącznie materiał pomocniczy, ułatwiający zorientowanie się w ogólnym wyglądzie oferowanej nieruchomości. Niniejsze ogłoszenie wraz z jego elementami jest własnością Północ Nieruchomości Sp z o.o. lub podmiotu współpracującego. Wszelkie prawa zastrzeżone. Kopiowanie, rozpowszechnianie oraz korzystanie z niniejszych materiałów w jakikolwiek inny sposób wykraczający poza dozwolony użytek określony przepisami ustawy z 4 lutego 1994 r. o prawie autorskim i prawach pokrewnych (Dz. U. 1994, nr 24 poz. 83 z późn. zm.) bez pisemnej zgody Północ Nieruchomości Sp z o.o. lub podmiotów współpracujących jest zabronione i może stanowić podstawę odpowiedzialności cywilnej oraz karnej. Niniejsze materiały stanowią tajemnicę przedsiębiorstwa PÓŁNOC NIERUCHOMOŚCI Sp. z o.o. w rozumieniu ustawy z dnia 16 kwietnia 1993 r. o zwalczaniu nieuczciwej konkurencji (Dz. U. z 2003 r., Nr 153, poz. 1503 z późn. zm.).",tak,,osobna,,własność,,53.125443,23.154891
Białystok,ul. gen. Józefa Bema,3,56,707000,12625,bez pośredników,,1,https://adresowo.pl/o/mieszkanie-bialystok-ul-gen-jozefa-bema-3-pokojowe-t9u7w9,https://s2.adresowa.pl/oi/7a/7a/40c9de_ba9e_cover@2x-3-pokojowe-mieszkanie-bialystok-ul-gen-jozefa-bema.webp,Białystok ,gen. Józefa Bema,3,2019,apartamentowiec,,"Oferuję na sprzedaż mieszkanie w stanie deweloperskim o powierzchni 56 m². Znajduje się na trzecim piętrze w nowym apartamentowcu. Mieszkanie ma dobrze zorganizowany układ. W skład lokalu wchodzą: dwie sypialnie, salon z aneksem kuchennym oraz łazienka. Dodatkowym atutem jest duży balkon, który zapewnia przestrzeń do relaksu. MIEJSCE POSTOJOWE W HALI GARAŻOWEJ W CENIE! Mieszkanie nie jest wykończone, co daje Ci możliwość aranżacji wnętrza według własnych upodobań. Znajdziesz tu komfort i funkcjonalność w atrakcyjnej lokalizacji. Nie zwlekaj, umów się na prezentację już dziś!",,tak,aneks,,,,53.122208,23.141037
Białystok,ul. Mikołaja Kopernika,4,58,580000,10000,bez pośredników,,6,https://adresowo.pl/o/mieszkanie-bialystok-ul-mikolaja-kopernika-4-pokojowe-y7b5v4,https://s2.adresowa.pl/oi/66/3f/40c2ec_d7b3_cover@2x-4-pokojowe-mieszkanie-bialystok-ul-mikolaja-kopernika.webp,Białystok ,Mikołaja Kopernika,3,2025,blok,,"Na sprzedaż bezpośrednio mieszkanie o powierzchni 58 m² w Białymstoku - idealna propozycja dla inwestora szukającego nieruchomości przynoszącej dochód od pierwszego dnia. Blisko centrum i Politechniki, idealne pod wynajem. Dobra komunikacja, dużo miejsc parkingowych pod blokiem. Blisko siłownia i sklepy - nie potrzebujesz samochodu. Mieszkanie składa się z 4 niezależnych pokoi, oddzielnej kuchni, oddzielnego WC, oddzielnej łazienki oraz piwnicy. Wszystkie pokoje są obecnie wynajmowane. Istnieje możliwość zakupu wraz z najemcami posiadającymi obowiązujące umowy najmu, dzięki czemu inwestycja generuje dochód od pierwszego dnia. Dla osób szukających mieszkania dla siebie, lokal ma również duży potencjał i może zostać wyremontowany według własnego pomysłu. Najważniejsze atuty: - 58 m² powierzchni, - 4 niezależne pokoje, - oddzielna kuchnia, - oddzielne WC i łazienka, - piwnica, - możliwość przejęcia najemców z obowiązującymi umowami, - świetna propozycja pod wynajem lub jako mieszkanie do własnej aranżacji.",tak,,osobna,plastikowe,własność,,53.125528,23.13387
Białystok Centrum,ul. Ludwika Waryńskiego,2,50,475000,9500,bez pośredników,,10,https://adresowo.pl/o/mieszkanie-bialystok-centrum-ul-ludwika-warynskiego-2-pokojowe-b1x0f1,https://s2.adresowa.pl/oi/22/3e/40c110_9f80_cover@2x-2-pokojowe-mieszkanie-bialystok-centrum-ul-ludwika-warynskiego.webp,Białystok Centrum,Ludwika Waryńskiego,2,,blok,,"Jasne i ciche mieszkanie z oknami na dwie strony, balkonem i własną piwnicą. Mieszkanie zlokalizowane jest w samym centrum Białegostoku i świetnie skomunikowane. Budynek otoczony zielenią widoczną z okien, prowadzoną w zrównoważony sposób (z podziałem na bioróżnorodną przestrzeń dzikich łąk i ogródków ozdobnych). Mieszkanie jest po większym remoncie z całkowitą wymianą łazienki i kuchni. Oryginalna klepka, zachowane oryginalne lampy z lat 60. Mimo, że ul. Waryńskiego jest bardzo cicha, drogę i budynek dzieli bufor drzew i zieleni. Tuż przed klatką stojaki na rowery, przestrzeń wypoczynkowa pod drzewami, monitoring. Dworzec PKP: 25 minut pieszo / 10 min rowerem Park linearny (Skwery Tamary Sołoniewicz): 5 min pieszo Wybieg dla psów: 2 min pieszo Basen: 5 min pieszo Rynek Kościuszki: 15 min pieszo Możliwość obejrzenia po umówieniu się. Prośba o kontakt telefoniczny.",tak,,,,,,53.136482,23.153591
Białystok Zawady,ul. św. Krzysztofa,3,62,507174,8180,Pośrednik,,8,https://adresowo.pl/o/mieszkanie-bialystok-zawady-ul-sw-krzysztofa-3-pokojowe-c1s9x2,https://s2.adresowa.pl/oi/34/4d/40fdb0_b1b4_cover@2x-3-pokojowe-mieszkanie-bialystok-zawady-ul-sw-krzysztofa.webp,Białystok Zawady,św. Krzysztofa,2,2027,blok,,"Kameralne Zawady – nowoczesna inwestycja mieszkaniowa Zapraszamy do zapoznania się z ofertą inwestycji Kameralne Zawady, zlokalizowanej przy ul. Św. Krzysztofa, na spokojnym i cenionym osiedlu Zawady. To propozycja dla osób, które szukają połączenia nowoczesnej architektury, kameralnej skali zabudowy oraz komfortu codziennego życia. Informacje podstawowe- 42 mieszkania - 3 kondygnacje naziemne - Kameralny budynek o niewielkiej skali - Funkcjonalne układy mieszkań o powierzchniach od 37,74m2 do 82,47m2 zaprojektowane z myślą o wygodzie mieszkańców W przedmiotowym lokalu na powierzchni 62,23m2 znajdują się: - Pokój z aneksem: 25,75m2 - Pokój: 15,64m2 - Pokój: 10,73m2 - Przedpokój: 4,89m2 - Łazienka: 5,22m2 - Balkon: 7m2 Mieszkanie na II Piętrze z ekspozycją okien : zachód. Nowoczesny styl i funkcjonalność Budynek wyróżnia się prostą, elegancką bryłą oraz nowoczesnym stylem architektonicznym. Stonowana kolorystyka elewacji i wysokiej jakości materiały wykończeniowe harmonijnie wpisują się w charakter osiedla Zawady, zapewniając estetykę i trwałość na lata. Mieszkania zostały zaprojektowane tak, aby maksymalnie wykorzystać dostępną przestrzeń – jasne wnętrza, przemyślane układy pomieszczeń oraz duże przeszklenia tworzą komfortowe warunki do życia zarówno dla singli, par, jak i rodzin. Lokalizacja Ulica Św. Krzysztofa to miejsce, które łączy ciszę i spokój kameralnego osiedla z dogodnym dojazdem do centrum miasta. W pobliżu znajdują się tereny zielone, infrastruktura handlowo-usługowa oraz szybkie połączenia komunikacyjne z pozostałymi częściami Białegostoku. Kameralne Zawady to idealny wybór dla osób ceniących nowoczesne budownictwo, spokojne otoczenie i wysoki standard codziennego życia. Planowany termin oddania mieszkania do użytku – grudzień 2027r. Miejsca parkingowe - w cenie 35.000zł . Komórki lokatorskie w cenie 3000zł/m2 Po więcej informacji zapraszam do kontaktu: Ewa Kochańska",,,,,własność,,53.169724,23.112316
Białystok Zawady,ul. św. Krzysztofa,3,57,496134,8704,Pośrednik,,5,https://adresowo.pl/o/mieszkanie-bialystok-zawady-ul-sw-krzysztofa-3-pokojowe-r9n0n6,https://s2.adresowa.pl/oi/78/31/40fdae_2b48_cover@2x-3-pokojowe-mieszkanie-bialystok-zawady-ul-sw-krzysztofa.webp,Białystok Zawady,św. Krzysztofa,parter,2027,blok,,"Kameralne Zawady – ul. Św. Krzysztofa Zapraszamy do zapoznania się z ofertą inwestycji Kameralne Zawady, zlokalizowanej przy ul. Św. Krzysztofa, na spokojnym i cenionym osiedlu Zawady. To propozycja dla osób, które szukają połączenia nowoczesnej architektury, kameralnej skali zabudowy oraz komfortu codziennego życia. Informacje podstawowe - 42 mieszkania - 3 kondygnacje naziemne - Kameralny budynek o niewielkiej skali - Funkcjonalne układy mieszkań o powierzchniach od 37,74m2 do 82,47m2 zaprojektowane z myślą o wygodzie mieszkańców W przedmiotowym lokalu na powierzchni 57,69m2 znajdują się: - Pokój z aneksem: 26,60m2 - Pokój: 10,88m2 - Pokój: 12,10m2 - Przedpokój: 3,76m2 - Łazienka: 4,35m2 - Ogródek: 22m2 Mieszkanie na PARTERZE z ekspozycją okien : południe, wschód. Nowoczesny styl i funkcjonalność Budynek wyróżnia się prostą, elegancką bryłą oraz nowoczesnym stylem architektonicznym. Stonowana kolorystyka elewacji i wysokiej jakości materiały wykończeniowe harmonijnie wpisują się w charakter osiedla Zawady, zapewniając estetykę i trwałość na lata. Mieszkania zostały zaprojektowane tak, aby maksymalnie wykorzystać dostępną przestrzeń – jasne wnętrza, przemyślane układy pomieszczeń oraz duże przeszklenia tworzą komfortowe warunki do życia zarówno dla singli, par, jak i rodzin. Lokalizacja Ulica Św. Krzysztofa to miejsce, które łączy ciszę i spokój kameralnego osiedla z dogodnym dojazdem do centrum miasta. W pobliżu znajdują się tereny zielone, infrastruktura handlowo-usługowa oraz szybkie połączenia komunikacyjne z pozostałymi częściami Białegostoku. Kameralne Zawady to idealny wybór dla osób ceniących nowoczesne budownictwo, spokojne otoczenie i wysoki standard codziennego życia. Planowany termin oddania mieszkania do użytku – grudzień 2027r. Miejsca parkingowe - w cenie 35.000zł . Komórki lokatorskie w cenie 3000zł/m2 Po więcej informacji zapraszam do kontaktu: Marcin Niemyjski",,,,,własność,,53.169717,23.112102
Białystok,Nowe Miasto,3,73,869000,11904,bez pośredników,,8,https://adresowo.pl/o/mieszkanie-bialystok-nowe-miasto-3-pokojowe-73-m2-c8i0b4,https://s2.adresowa.pl/oi/5d/5a/40c096_ca4d_cover@2x-3-pokojowe-mieszkanie-bialystok-nowe-miasto.webp,Białystok Nowe Miasto,,parter,2011,blok,,"Oferuję na sprzedaż przestronne 3 pokojowe mieszkanie o powierzchni 73,95 m², położone na parterze w bloku z 2011r. Mieszkanie jest w pełni umeblowane, co ułatwia wprowadzenie się. Mieszkanie ma funkcjonalny układ pomieszczeń oraz dużą komfortową powierzchnię. Idealne dla osób poszukujących większej przestrzeni. Dużym atutem mieszkania jest zagospodarowany ogród, na który można wyjść bezpośrednio z salonu. To dodatkowa prywatna przestrzeń, idealna do wypoczynku i spędzania wolnego czasu na świeżym powietrzu w każdej chwili. Ogród jest też świetnym rozwiązaniem dla osób posiadających zwierzęta. Zapewnia im bezpieczną przestrzeń do przebywania na świeżym powietrzu bez ograniczeń. Duży ogólnodostępny parking przy budynku, zabezpieczony szlabanem. Dodatkowo bardzo duża, funkcjonalna i dobrze zlokalizowana komórka lokatorska o pow. 6,8m². Sprzedaż bezpośrednia.",tak,,,,,,53.111,23.131001
Białystok Bojary,ul. Jana Sobieskiego,1,21,299000,14238,bez pośredników,,5,https://adresowo.pl/o/mieszkanie-bialystok-bojary-ul-jana-sobieskiego-1-pokoj-e3y8e9,https://s2.adresowa.pl/oi/38/5a/40bd9a_75d7_cover@2x-1-pokojowe-mieszkanie-bialystok-bojary-ul-jana-sobieskiego.webp,Białystok Bojary,Jana Sobieskiego,parter,1965,blok,,"Sprzedam mieszkanie 21m2, znajduje się w centrum Białegostoku na Bojarach, kawalerka, na parterze. Dobra komunikacja z miastem (blisko przystanki), Biedronka, przychodnia. Do remontu i własnej aranżacji. Pokój, kuchnia, łazienka, piwnica. Dostępne byłoby w okolicach grudnia/stycznia. Cena 299 000 zł",tak,,osobna,plastikowe,własność,,53.120946,23.212853
Białystok Centrum,ul. Czarna,2,37,579000,15649,bez pośredników,,8,https://adresowo.pl/o/mieszkanie-bialystok-centrum-ul-czarna-2-pokojowe-i3v9w5,https://s2.adresowa.pl/oi/73/7b/40b6e6_d522_cover@2x-2-pokojowe-mieszkanie-bialystok-centrum-ul-czarna.webp,Białystok Centrum,Czarna,6,,blok,,"WYJĄTKOWE 2 POKOJE W CENTRUM BIAŁEGOSTOKU 37 m² | 6. PIĘTRO | BALKON | SCHOWEK | PIWNICA | PARKING *** Sprzedaż bezpośrednia. Biurom i agentom nieruchomości dziękuję. Nowoczesne, dopracowane i gotowe do zamieszkania mieszkanie przy ul. Czarnej 2. Jeżeli szukasz mieszkania, które łączy świetną lokalizację, funkcjonalny układ i komfort codziennego życia, ta nieruchomość zdecydowanie zasługuje na uwagę. Na sprzedaż 2-pokojowe mieszkanie o powierzchni 37 m², położone na 6. piętrze nowoczesnego budynku przy ul. Czarnej 2 w Białymstoku. To nieruchomość dla osób, które nie chcą zaczynać od remontu i wielu miesięcy urządzania. Mieszkanie jest świeżo odmalowane, bardzo zadbane i gotowe do wprowadzenia. ⸻ PRZEMYŚLANY UKŁAD - 37 m², KTÓRE DAJE WIĘCEJ Mieszkanie zostało zaprojektowane tak, aby maksymalnie wykorzystać każdy metr. W skład nieruchomości wchodzą: • przestronny salon z aneksem kuchennym • oddzielna sypialnia • elegancka łazienka • funkcjonalny przedpokój • balkon Największym atutem układu jest oddzielenie strefy dziennej od prywatnej. Salon stanowi naturalne centrum mieszkania, natomiast oddzielna sypialnia zapewnia prywatność i komfort, którego często brakuje w mieszkaniach o podobnym metrażu. To właśnie funkcjonalny układ sprawia, że mieszkanie sprawia wrażenie większego, niż wskazuje jego powierzchnia. ⸻ 6. PIĘTRO - PRYWATNOŚĆ I KOMFORT Położenie na 6. piętrze zapewnia większą prywatność oraz ogranicza codzienny kontakt z ulicznym ruchem. Balkon stanowi dodatkową przestrzeń, którą można wykorzystać jako miejsce porannej kawy, odpoczynku czy zielony kącik. ⸻ DODATKOWA PRZESTRZEŃ, KTÓREJ NIE WIDAĆ W METRAŻU Jednym z wyjątkowych atutów mieszkania jest prywatny schowek o powierzchni około 2 m², znajdujący się na korytarzu. To pozornie niewielki dodatek, który w praktyce robi dużą różnicę. Możesz przechowywać tam: • rower • walizki • sprzęt sportowy • odkurzacz • rzeczy sezonowe • kartony i przedmioty, których nie chcesz przechowywać w mieszkaniu Dodatkowo do mieszkania przynależy piwnica. ⸻ PARKING - WYGODA NA CO DZIEŃ Do mieszkania dostępne jest również miejsce parkingowe na poziomie -1. Cena miejsca parkingowego: 60 000 zł. Własne miejsce w tej części miasta oznacza przede wszystkim wygodę i pewność parkowania - bez codziennego szukania wolnego miejsca po powrocie do domu. ⸻ CZARNA 2 - LOKALIZACJA, KTÓRA PRACUJE NA WARTOŚĆ NIERUCHOMOŚCI Jednym z najważniejszych powodów, dla których warto zwrócić uwagę na tę nieruchomość, jest jej położenie. Czarna 2 znajduje się w atrakcyjnej części Białegostoku, blisko centrum miasta. W najbliższym otoczeniu dostępne są m.in.: • sklepy • restauracje i kawiarnie • punkty usługowe • komunikacja miejska • uczelnie • dworzec kolejowy • dworzec autobusowy To lokalizacja, która dobrze sprawdzi się zarówno dla osoby chcącej mieszkać w mieście, jak i dla inwestora. ⸻ MIESZKANIE DO ZAMIESZKANIA - BEZ REMONTU Nie musisz planować generalnego remontu, szukać ekip i czekać miesiącami na możliwość wprowadzenia. Mieszkanie jest świeżo odmalowane, zadbane i przygotowane do zamieszkania. Kupujesz nieruchomość, którą możesz urządzić zgodnie ze swoim stylem albo wykorzystać jako gotowy produkt inwestycyjny. ⸻ DLA KOGO? DLA OSOBY PRYWATNEJ Jeżeli chcesz mieszkać blisko centrum, mieć balkon, własne miejsce parkingowe i dodatkową przestrzeń do przechowywania - otrzymujesz bardzo funkcjonalny pakiet. DLA PARY Dwa oddzielne pokoje pozwalają zachować komfort i prywatność, a salon z aneksem tworzy wygodną przestrzeń wspólną. DLA INWESTORA Dwa pokoje, atrakcyjna lokalizacja i funkcjonalny układ sprawiają, że mieszkanie może być interesującą propozycją również pod wynajem. ⸻ NAJWAŻNIEJSZE INFORMACJE Powierzchnia: 37 m² Liczba pokoi: 2 Piętro: 6 Balkon: TAK Schowek: ok. 2 m² Piwnica: TAK Miejsce parkingowe: poziom -1 Stan: bardzo dobry, świeżo odmalowane Gotowe do zamieszkania: TAK ⸻ CENA 579 000 zł - mieszkanie 60 000 zł - miejsce parkingowe 639 000 zł - mieszkanie + miejsce parkingowe Zapraszam na prezentację. To mieszkanie jest propozycją dla osoby, która szuka nie tylko metrażu, ale przede wszystkim dobrze zaprojektowanej przestrzeni, wygody i lokalizacji, która będzie miała znaczenie również w przyszłości.",tak,tak,aneks,,,,53.128431,23.145171
Białystok Zawady,ul. św. Krzysztofa,3,55,472685,8594,Pośrednik,,5,https://adresowo.pl/o/mieszkanie-bialystok-zawady-ul-sw-krzysztofa-3-pokojowe-m4u3r8,https://s2.adresowa.pl/oi/5d/70/40fd94_c342_cover@2x-3-pokojowe-mieszkanie-bialystok-zawady-ul-sw-krzysztofa.webp,Białystok Zawady,św. Krzysztofa,parter,2027,blok,,"Kameralne Zawady – nowoczesna inwestycja mieszkaniowa Zapraszamy do zapoznania się z ofertą inwestycji Kameralne Zawady, zlokalizowanej przy ul. Św. Krzysztofa, na spokojnym i cenionym osiedlu Zawady. To propozycja dla osób, które szukają połączenia nowoczesnej architektury, kameralnej skali zabudowy oraz komfortu codziennego życia. Informacje podstawowe - 42 mieszkania - 3 kondygnacje naziemne - Kameralny budynek o niewielkiej skali - Funkcjonalne układy mieszkań o powierzchniach od 37,74m2 do 82,47m2 zaprojektowane z myślą o wygodzie mieszkańców W przedmiotowym lokalu na powierzchni 55,61m2 znajdują się: - Pokój z aneksem: 21,61m2 - Pokój: 10,50m2 - Pokój: 13,61m2 - Łazienka: 3,65m2 - Przedpokój: 2,93m2 + 3,31m2 - Ogródek: 28m2 Mieszkanie na PARTERZE z ekspozycją okien : północ, wscchód, zachód Nowoczesny styl i funkcjonalność Budynek wyróżnia się prostą, elegancką bryłą oraz nowoczesnym stylem architektonicznym. Stonowana kolorystyka elewacji i wysokiej jakości materiały wykończeniowe harmonijnie wpisują się w charakter osiedla Zawady, zapewniając estetykę i trwałość na lata. Mieszkania zostały zaprojektowane tak, aby maksymalnie wykorzystać dostępną przestrzeń – jasne wnętrza, przemyślane układy pomieszczeń oraz duże przeszklenia tworzą komfortowe warunki do życia zarówno dla singli, par, jak i rodzin. Lokalizacja Ulica Św. Krzysztofa to miejsce, które łączy ciszę i spokój kameralnego osiedla z dogodnym dojazdem do centrum miasta. W pobliżu znajdują się tereny zielone, infrastruktura handlowo-usługowa oraz szybkie połączenia komunikacyjne z pozostałymi częściami Białegostoku. Kameralne Zawady to idealny wybór dla osób ceniących nowoczesne budownictwo, spokojne otoczenie i wysoki standard codziennego życia. Planowany termin oddania mieszkania do użytku – grudzień 2027r. Miejsca parkingowe - w cenie 35.000zł . Komórki lokatorskie w cenie 3000zł/m2 Po więcej informacji zapraszam do kontaktu: Małgorzata Wróblewska",,,,,własność,,53.169801,23.112144
Białystok Zawady,ul. św. Krzysztofa,3,86,689265,8015,Pośrednik,,5,https://adresowo.pl/o/mieszkanie-bialystok-zawady-ul-sw-krzysztofa-3-pokojowe-v8a7g7,https://s2.adresowa.pl/oi/55/1a/40fd92_7ea8_cover@2x-3-pokojowe-mieszkanie-bialystok-zawady-ul-sw-krzysztofa.webp,Białystok Zawady,św. Krzysztofa,2,2015,blok,,"Kameralne Zawady – nowoczesna inwestycja mieszkaniowa Zapraszamy do zapoznania się z ofertą inwestycji Kameralne Zawady, zlokalizowanej przy ul. Św. Krzysztofa, na spokojnym i cenionym osiedlu Zawady. To propozycja dla osób, które szukają połączenia nowoczesnej architektury, kameralnej skali zabudowy oraz komfortu codziennego życia. Informacje podstawowe - 42 mieszkania - 3 kondygnacje naziemne - Kameralny budynek o niewielkiej skali - Funkcjonalne układy mieszkań o powierzchniach od 37,74m2 do 82,47m2 zaprojektowane z myślą o wygodzie mieszkańców W przedmiotowym lokalu na powierzchni 86,70m2 znajdują się: - Pokój z aneksem: 41,37m2 - Pokój: 9,97m2 - Przedpokój: 4,10m2 - Spiżarnia: 2,49m2 - Łazienka: 3,62m2 - WC: 1,77m2 - Antresola: 23,38m2 - Balkon: 8m2 + 8m2 Mieszkanie na II Piętrze z ekspozycją okien : południe, zachód. Nowoczesny styl i funkcjonalność Budynek wyróżnia się prostą, elegancką bryłą oraz nowoczesnym stylem architektonicznym. Stonowana kolorystyka elewacji i wysokiej jakości materiały wykończeniowe harmonijnie wpisują się w charakter osiedla Zawady, zapewniając estetykę i trwałość na lata. Mieszkania zostały zaprojektowane tak, aby maksymalnie wykorzystać dostępną przestrzeń – jasne wnętrza, przemyślane układy pomieszczeń oraz duże przeszklenia tworzą komfortowe warunki do życia zarówno dla singli, par, jak i rodzin. Lokalizacja Ulica Św. Krzysztofa to miejsce, które łączy ciszę i spokój kameralnego osiedla z dogodnym dojazdem do centrum miasta. W pobliżu znajdują się tereny zielone, infrastruktura handlowo-usługowa oraz szybkie połączenia komunikacyjne z pozostałymi częściami Białegostoku. Kameralne Zawady to idealny wybór dla osób ceniących nowoczesne budownictwo, spokojne otoczenie i wysoki standard codziennego życia. Planowany termin oddania mieszkania do użytku – grudzień 2027r. Miejsca parkingowe - w cenie 35.000zł . Komórki lokatorskie w cenie 3000zł/m2 Po więcej informacji zapraszam do kontaktu: Małgorzata Wróblewska",,,,,własność,,53.169826,23.112659
Białystok,Zielone Wzgórza,2,46,430000,9348,bez pośredników,,7,https://adresowo.pl/o/mieszkanie-bialystok-zielone-wzgorza-2-pokojowe-46-m2-k3z5i2,https://s2.adresowa.pl/oi/2b/22/40b14e_7707_cover@2x-2-pokojowe-mieszkanie-bialystok-zielone-wzgorza.webp,Białystok Zielone Wzgórza,,3,,blok,,"Sprzedam mieszkanie. Mieszkanie 46,9m2 (2 pokoje) - Białystok, os. Zielone Wzgórza. Budynek: III piętro w 4-piętrowym bloku z cegły (do mieszkania przynależy piwnica). Układ: salon z balkonem, sypialnia, oddzielna kuchnia z AGD, łazienka z prysznicem, w większym pokoju możliwość zostawienia mebli oraz w kuchni prócz pralki. Lokalizacja: pełna infrastruktura (szkoła, apteka, sklepy Biedronka, Aldi, Carrefour). Wszystkim agencjom nieruchomości dziękuję serdecznie :)",tak,,osobna,,,,53.122002,23.099001
Białystok,Dziesięciny,4,71,635000,8944,bez pośredników,,12,https://adresowo.pl/o/mieszkanie-bialystok-dziesieciny-4-pokojowe-71-m2-n4c2a1,https://s2.adresowa.pl/oi/1d/73/40b036_9e7f_cover@2x-4-pokojowe-mieszkanie-bialystok-dziesieciny.webp,Białystok Dziesięciny,,4,1982,blok,,"Mieszkanie do zamieszkania od zaraz. W cenie wyposażenie kuchni, zabudowana logia, dwie szafy zrobione na zamówienie. Ściany do odświeżenia. Zapraszam do oglądania.",,,,plastikowe,,,53.152991,23.124001
Białystok Zielone Wzgórza,ul. Zielonogórska,2,50,465000,9300,bez pośredników,,8,https://adresowo.pl/o/mieszkanie-bialystok-zielone-wzgorza-ul-zielonogorska-2-pokojowe-f7x7a0,https://s2.adresowa.pl/oi/65/55/40aeda_cce3_cover@2x-2-pokojowe-mieszkanie-bialystok-zielone-wzgorza-ul-zielonogorska.webp,Białystok Zielone Wzgórza,Zielonogórska,3,1990,blok,,"Na sprzedaż przytulne, zadbane mieszkanie przy ul. Zielonogórskiej na osiedlu Zielone Wzgórza w Białymstoku. Gotowe do wprowadzenia - wyposażenie widoczne na zdjęciach jest w cenie! Jednym z największych atutów mieszkania jest widok z balkonu i okien salonu na panoramę Białegostoku. Na 50,7 m² znajdują się dwa pokoje, oddzielna kuchnia, łazienka z WC i przedpokój. Do mieszkania przynależy również piwnica o powierzchni około 5 m². Dużym plusem jest lokalizacja - w najbliższej okolicy znajdują się: - sklepy i galeria handlowa - Galeria Zielone Wzgórze, Biedronka, Lidl oraz mniejsze sklepy i punkty usługowe - szkoła, przedszkola i żłobek - m.in. Szkoła Podstawowa nr 44 przy Rumiankowej, przedszkole przy Różanej oraz Żłobek Miejski nr 2 - przychodnia i apteki - przystanki licznych linii autobusowych - wygodny dojazd komunikacją miejską - tereny zielone i alejki spacerowe Mieszkanie znajduje się na 3. piętrze w bloku bez windy. Zapraszam do kontaktu i obejrzenia mieszkania!",tak,,osobna,plastikowe,własność,,53.121211,23.099593
Białystok Dziesięciny,ul. Zagórna,4,72,648000,9000,Pośrednik,,18,https://adresowo.pl/o/mieszkanie-bialystok-dziesieciny-ul-zagorna-4-pokojowe-f9g0z8,https://s2.adresowa.pl/oi/18/19/40fd90_6669_cover@2x-4-pokojowe-mieszkanie-bialystok-dziesieciny-ul-zagorna.webp,Białystok Dziesięciny,Zagórna,4,1983,blok,,"Na sprzedaż komfortowe mieszkanie o powierzchni 72,10m2 zlokalizowane na 4. (ostatnim) piętrze w czteropiętrowym bloku z 1983 roku przy ul. Zagórnej w Białymstoku. Generalny remont przeprowadzony w 2019 roku: nowa instalacja gazowa, elektryczna, hydrauliczna, nowe grzejniki. Mieszkanie składa się z: -sypialnia 1: 19,8 m2 (ekspozycja południowo-zachodnia) -sypialnia 2: 11,1 m2 (ekspozycja północny-wschód, okna trzyszybowe) -sypialnia 3: 7,9 m2 (ekspozycja północny-wschód, okna trzyszybowe) -salon z kuchnią: 16,9 m2 (ekspozycja południowo-zachodnia) -korytarz: 11.3m2 -łazienka z wanną: 2.4m2 i oddzielne WC: 1m2 -duży balkon: 5,7 m2 -dodatkowo: piwnica Standard i wyposażenie: Mieszkanie umeblowane i wyposażone w sprzęt AGD: pralka, suszarka, zmywarka, lodówka. W korytarzu pojemne szafy na ubrania i obuwie. W głównej sypialni przestronna szafa. Napinane sufity w kuchni, łazience i WC. Lokalizacja i otoczenie: Spokojna okolica z dużą ilością zieleni. W pobliżu: szkoły, przedszkola, bazarek, sklepy, Lidl, Biedronka, Społem, piekarnia, apteka. Przy budynku dostępny parking z wieloma miejscami postojowymi. Mieszkanie bardzo jasne, funkcjonalne i gotowe do zamieszkania – idealne dla rodziny. Zachęcamy do kontaktu i umówienia się na prezentację! Małgorzata Wróblewska",tak,,,,własność,"Wyposażenie: lodówka, pralka, suszarka, zmywarka",53.152268,23.120154
Białystok Centrum,ul. Jurowiecka,3,51,514000,10078,Pośrednik,,23,https://adresowo.pl/o/mieszkanie-bialystok-centrum-ul-jurowiecka-3-pokojowe-c7g9x8,https://s2.adresowa.pl/oi/7b/38/40fd8c_2a1a_cover@2x-3-pokojowe-mieszkanie-bialystok-centrum-ul-jurowiecka.webp,Białystok Centrum,Jurowiecka,1,1960,blok,,"Zapraszam do zapoznania się z ofertą mieszkania położonego w ścisłym centrum miasta, przy ul. Jurowieckiej. Nieruchomość znajduje się na 1. piętrze w niskim, kameralnym bloku z cegły, w pierwszej linii zabudowy – naprzeciw Apartamentów Jagiellońskich. Najważniejsze informacje: -powierzchnia: 51,5 m² -piętro: 1 / niski blok -układ: 2 sypialnie + salon z aneksem kuchennym -stan: po generalnym remoncie (wymiena instalacja elektryczna i hydrauliczna) -ekspozycja: mieszkanie trójstronne, bardzo słoneczne Mieszkanie składa się z: -przestronnego salonu z aneksem kuchennym, -dwóch ustawnych sypialni (12 + 15,5), -łazienki 3m2 -funkcjonalnego korytarza z zabudowaną szafą. Standard i wyposażenie: -kuchnia z oknem, -nowy sprzęt AGD: zmywarka, piekarnik, płyta indukcyjna, okap -przygotowane miejsce pod pralkę i suszarkę, -mieszkanie po generalnym remoncie – gotowe do wprowadzenia, -duże możliwości aranżacyjne. Dodatkowe atuty: -przynależna piwnica ok 4m2 -mini balkon -dużo bezpłatnych miejsc parkingowych przy bloku -budynek zarządzany przez Administrację ADM Bojary -solidne budownictwo z cegły. Lokalizacja: Nieruchomość znajduje się w spokojnej, a jednocześnie bardzo centralnej części miasta. W bezpośrednim sąsiedztwie dostępne są: sklepy, restauracje i kawiarnie, szkoły, uczlenie i punkty usługowe, galerie, kino, siłownia, tereny zielone. Dodatkowym atutem jest bliskość Galerii Jurowieckiej – zaledwie 2 minuty pieszo. Idealne zarówno do zamieszkania, jak i pod inwestycję (wynajem). Zachęcamy do kontaktu i umówienia się na prezentację! Małgorzata Wróblewska",tak,,,,własność,"Wyposażenie: piekarnik, pralkę, suszarkę, zmywarka",53.135345,23.152685
Białystok Bojary,ul. Jana Sobieskiego,2,41,589000,14366,bez pośredników,,14,https://adresowo.pl/o/mieszkanie-bialystok-bojary-ul-jana-sobieskiego-2-pokojowe-j4q4f4,https://s2.adresowa.pl/oi/6f/5d/40abf4_666f_cover@2x-2-pokojowe-mieszkanie-bialystok-bojary-ul-jana-sobieskiego.webp,Białystok Bojary,Jana Sobieskiego,4,2003,blok,,"Unikat 41,2 m² | Trójstronne | Balkon | Intymność (2 sąsiadów) | Parkowanie Szukasz nieruchomości, która łączy prestiżową lokalizację z absolutną prywatnością? Prezentuję wyjątkowy apartament o powierzchni 41,2 m² przy ul. Sobieskiego - w sercu białostockich Bojar. Mieszkanie położone jest na 4. piętrze w solidnym budynku z 2003 roku (cegła) z nowoczesną windą. To oferta dla koneserów światła i spokoju. Co czyni tę ofertę wyjątkową? - MAKSYMALNA PRYWATNOŚĆ: Na Twoim piętrze znajduje się tylko dwóch sąsiadów. Zapomnij o gwarnych korytarzach i anonimowości wielkich blokowisk. To kameralność, której nie znajdziesz w nowym budownictwie o dużym zagęszczeniu. - EKSPOZYCJA NA 3 STRONY ŚWIATA (Wschód-Południe-Północ): - WSCHÓD: Poranne słońce w sypialni idealnie nastraja na start dnia. - POŁUDNIE: Słoneczny salon z aneksem kuchennym to serce domu, jasne i ciepłe przez cały rok. - PÓŁNOC: Zapewnia komfortową temperaturę w strefach roboczych i łazience. - BALKON Z PANORAMĄ: Prywatna przestrzeń na poranną kawę z widokiem na dachy i wieże Białegostoku. Brak sąsiadów ""nad głową"" i naprzeciwko okien gwarantuje pełną swobodę. - FUNKCJONALNY UKŁAD (Remont 2020): * Jasny salon połączony z nowoczesną kuchnią. * Przytulna, oddzielna sypialnia. * Elegancka łazienka (standard ""do wejścia""). - BEZPIECZEŃSTWO I KOMFORT: Teren posesji jest ogrodzony. W cenie otrzymujesz dostęp do wewnętrznego podwórka z bramą na pilota. Twoje auto ma swoje bezpieczne miejsce w centrum miasta! Dlaczego ta lokalizacja? Ulica Sobieskiego to jedna z najbardziej pożądanych lokalizacji w Białymstoku. Bliskość parków, uczelni i Rynku Kościuszki sprawia, że życie tutaj jest po prostu wygodne. Budynek z 2003 roku (cegła) oferuje znacznie lepszą izolację akustyczną i termiczną niż stara płyta. Dane techniczne: - Metraż: 41,2 m² - Piętro: 4 z windą (tylko 2 lokale na piętrze!) - Stan prawny: Pełna własność, Księga Wieczysta czysta (bez obciążeń) - Wyposażenie: Mieszkanie w pełni umeblowane, gotowe do zamieszkania od zaraz. Cena do rozsądnej negocjacji",,,aneks,drewniane,własność,,53.138311,23.173116
Białystok,ul. Brukowa,3,83,1080000,13012,bez pośredników,,7,https://adresowo.pl/o/mieszkanie-bialystok-ul-brukowa-3-pokojowe-n5t3y5,https://s2.adresowa.pl/oi/77/24/40a9f8_d94d_cover@2x-3-pokojowe-mieszkanie-bialystok-ul-brukowa.webp,Białystok ,Brukowa,3,2009,blok,,"Na sprzedaż bezpośrednio przestronne, bardzo komfortowe 3-pokojowe mieszkanie o powierzchni 83 m², położone przy ul. Brukowej na osiedlu Przydworcowym w Białymstoku. Mieszkanie znajduje się na 3. piętrze budynku z 2009 roku z windą. Jest gotowe do zamieszkania i dostępne od zaraz. Mieszkanie Przemyślany układ 83 m² obejmuje: - przestronny salon połączony z aneksem kuchennym i jadalnią, - 2 niezależne sypialnie, - dużą łazienkę wyposażoną zarówno w wannę, jak i osobny prysznic, - przestronny przedpokój, - duży balkon. Wnętrze zostało urządzone z dbałością o detale i z wykorzystaniem wielu elementów wykonywanych na wymiar. Zabudowa zapewnia bardzo dużo miejsca do przechowywania, jednocześnie nie zabierając przestrzeni części mieszkalnej. Strefa dzienna jest otwarta i wygodna - duży salon, jadalnia oraz kuchnia tworzą wspólną przestrzeń do codziennego życia i przyjmowania gości. Na uwagę zasługują m.in. drewniane podłogi, zabudowy na wymiar, dekoracyjne oświetlenie, złote detale oraz duża, komfortowa łazienka. Wyposażenie W mieszkaniu pozostają stałe zabudowy oraz sprzęty AGD, w tym: - piekarnik, - kuchenka mikrofalowa, - suszarka. Istnieje również możliwość pozostawienia stołu oraz kanapy. Dzięki temu lokal nie wymaga kosztownego przygotowania przed wprowadzeniem. DWA miejsca w garażu + komórka - 100000zł Dużą wartością tej nieruchomości są aż dwa miejsca postojowe w garażu podziemnym, znajdujące się obok siebie. To szczególnie wygodne rozwiązanie dla rodziny posiadającej dwa samochody. Do mieszkania przynależy również komórka lokatorska. Lokalizacja Osiedle Przydworcowe zapewnia bardzo dobry dostęp do centrum miasta, komunikacji i pozostałej infrastruktury. W tej części miasta funkcjonuje również duże Centrum Przydworcowe obsługujące liczne linie BKM. To dobra propozycja dla osób, które chcą mieć duże mieszkanie blisko centrum, ale jednocześnie nie chcą rezygnować z balkonu, garażu i przestrzeni typowej dla większego lokalu. Stan prawny Pełna własność. Księga wieczysta bez hipoteki. Mieszkanie może zostać wydane od razu po sprzedaży. Sprzedaż bezpośrednio od właściciela - bez prowizji. Pośrednikom dziękuję.",tak,tak,aneks,plastikowe,własność,"Wyposażenie: kuchenka, piekarnik, suszarka",53.131192,23.145801
Białystok Piasta,ul. Bolesława Chrobrego,3,53,475000,8962,bez pośredników,,20,https://adresowo.pl/o/mieszkanie-bialystok-piasta-ul-boleslawa-chrobrego-3-pokojowe-c9l7f6,https://s2.adresowa.pl/oi/78/3d/40a784_7d23_cover@2x-3-pokojowe-mieszkanie-bialystok-piasta-ul-boleslawa-chrobrego.webp,Białystok Piasta,Bolesława Chrobrego,4,1996,blok,,"Oferuję na sprzedaż dwustronne, przestrzenne mieszkanie o powierzchni 53,10m², usytuowane na 4. piętrze w 4-piętrowym bloku z cegły. Mieszkanie jest ciepłe i w dobrym stanie, gotowe do zamieszkania. W skład wyposażenia wchodzą meble, pralka, lodówka, kuchenka oraz telewizor. Dodatkowo, do dyspozycji masz duży zabudowany balkon typu loggia oraz piwnicę. Lokalizacja na osiedlu Piasta I w Białymstoku zapewnia dostęp do licznych atrakcji. W pobliżu znajdują się sklepy, restauracje oraz kawiarnie. W sąsiedztwie są również szkoły, przedszkola i różne instytucje edukacyjne. Mieszkanie składa się z ustawnego salonu, 2 sypialni, osobnej kuchni, łazienki (z wanną) i przedpokoju w zabudowie. Mieszkanie jest jasne i przestronne. Okna plastikowe, parapety granitowe, klatka schodowa po remoncie. Położenie na ostatnim piętrze oznacza więcej ciszy i prywatności. Na klatce znajdują się po dwa mieszkania na piętrze. Osiedle Piasta jest dobrze skomunikowane z rozwiniętą infrastrukturą. W najbliższym otoczeniu znajdują się sklepy takie jak Biedronka, czy PSS Mieszko; 2 szkoły podstawowe (nr 19 i 10), VIII Liceum Ogólnokształcące, przedszkola, apteki, przychodnia lekarska, wiele punktów usługowych, placów zabaw, tereny zielone i rekreacyjne. Położone w sąsiedztwie przystanki komunikacji miejskiej przy ul. Mieszka I i Piastowskiej zapewniają wygodny dojazd do centrum i pozostałych dzielnic miasta.",tak,,osobna,plastikowe,spółdzielcze własnościowe,"Wyposażenie: kuchenka, lodówka, pralka, telewizor",53.130674,23.185028
Białystok,ul. Bohaterów Monte Cassino,3,48,409000,8521,Pośrednik,,11,https://adresowo.pl/o/mieszkanie-bialystok-ul-bohaterow-monte-cassino-3-pokojowe-p5v3l2,https://s2.adresowa.pl/oi/36/58/40efc2_e6f5_cover@2x-3-pokojowe-mieszkanie-bialystok-ul-bohaterow-monte-cassino.webp,Białystok ,Bohaterów Monte Cassino,parter,1975,blok,,"Zapraszam do zapoznania się z ofertą 3-pokojowego mieszkania położonego przy ul. Bohaterów Monte Cassino, na osiedlu Przydworcowym w Białymstoku. Na powierzchnię 48,2 m² składają się trzy pokoje, oddzielna kuchnia, łazienka oraz przedpokój . Lokal znajduje się na parterze i jest ciekawą propozycją dla osób, które szukają wygodnego mieszkania w spokojnej części miasta. Dodatkowym atutem jest przestronny ogródek o powierzchni około 40 m² , który stanowi idealne miejsce do wypoczynku na świeżym powietrzu. mieszkanie dwustronne i słoneczne okna PCV piwnica o powierzchni 3,1 m² stan do odświeżenia Dużym atutem nieruchomości jest lokalizacja. W pobliżu znajduje się przedszkole i szkoła podstawowa , a w około 5 minut pieszo można dotrzeć do sklepu PSS Społem oraz Biedronki. Bliskość dworca PKP i PKS to dodatkowe udogodnienie dla osób korzystających z komunikacji miejskiej i połączeń pozamiejskich. *Oferta objęta klauzulą wyłączności* Zapraszam do kontaktu!",tak,,,,własność,,53.131857,23.136766
Białystok Os. Młodych,ul. Gruntowa 5,2,38,406000,10684,Pośrednik,,10,https://adresowo.pl/o/mieszkanie-bialystok-os-mlodych-ul-gruntowa-2-pokojowe-j8m1l0,https://s2.adresowa.pl/oi/65/44/40e2ba_9459_cover@2x-2-pokojowe-mieszkanie-bialystok-os-mlodych-ul-gruntowa.webp,Białystok Os. Młodych,Gruntowa 5,parter,1970,blok,,"Na sprzedaż przytulne i funkcjonalne mieszkanie o powierzchni 38 m², położone przy ul. Gruntowej 5 na Osiedlu Młodych w Białymstoku. Lokal znajduje się na parterze niskiego, 4-piętrowego budynku, dzięki czemu jest wygodny zarówno dla osób starszych, rodziny z dzieckiem, pary, jak i osób poszukujących nieruchomości z myślą o wynajmie. Mieszkanie przeszło generalny remont z wykorzystaniem wysokiej klasy materiałów wykończeniowych. Wnętrze zostało zaprojektowane z naciskiem na funkcjonalność i wygodę codziennego użytkowania, łącząc nowoczesną estetykę z praktycznym układem pomieszczeń. Duże okna zapewniają dobre doświetlenie wnętrz, a widok na zieleń dodatkowo podkreśla kameralny charakter nieruchomości. UKŁAD POMIESZCZEŃ Na powierzchnię 38 m² składają się:- salon z aneksem kuchennym wyposażonym w nowe sprzęty AGD, - oddzielna, ustawna sypialnia, - łazienka z prysznicem i WC, z praktyczną wnęką na pralkę, - przestronny przedpokój z pojemną szafą, - piwnica przynależna do mieszkania. Przemyślany układ pozwala na komfortowe wykorzystanie każdego metra powierzchni, bez konieczności ponoszenia dodatkowych nakładów na remont czy wyposażenie. BUDYNEK I OTOCZENIE Mieszkanie znajduje się w niskim, 4-piętrowym budynku, który przeszedł termomodernizację oraz odnowienie elewacji. Budynek posiada szerokie klatki schodowe oraz wejście zabezpieczone domofonem. Otoczenie budynku jest zadbane i pełne zieleni. W pobliżu znajdują się ogólnodostępne miejsca parkingowe, co stanowi dodatkowy atut dla mieszkańców i ich gości. LOKALIZACJA – OSIEDLE MŁODYCH Jednym z największych atutów nieruchomości jest lokalizacja. Osiedle Młodych to dobrze zagospodarowana część Białegostoku, łącząca spokojną, mieszkaniową atmosferę z wygodnym dostępem do infrastruktury potrzebnej na co dzień. W bezpośrednim sąsiedztwie znajdują się sklepy osiedlowe, w tym Żabka przy ul. Gruntowej, a także inne punkty handlowe i usługowe. W niedalekiej odległości dostępne są również większe sklepy, m.in. Lewiatan przy ul. Prowiantowej oraz Kaufland przy ul. Bohaterów Monte Cassino. Lokalizacja będzie również wygodna dla rodzin z dziećmi. ul. Gruntowa znajduje się w obwodzie Szkoły Podstawowej nr 29 przy ul. Promiennej 13A, która oferuje również oddział przedszkolny. W okolicy znajdują się ponadto apteka, punkty usługowe, infrastruktura sportowa oraz tereny do aktywnego spędzania czasu. W pobliżu dostępne są m.in. boisko sportowe i kort tenisowy. Dużym udogodnieniem jest również komunikacja miejska. W rejonie ul. Gruntowej znajdują się przystanki przy ul. Hetmańskiej i Zwycięstwa, zapewniające połączenia z pozostałymi częściami miasta. Położenie nieruchomości pozwala więc połączyć spokojne, zielone otoczenie z szybkim dostępem do sklepów, usług, placówek edukacyjnych i komunikacji miejskiej. NAJWAŻNIEJSZE ATUTY- 38 m², - 2 pokoje, - parter, - mieszkanie po generalnym remoncie, - nowe sprzęty AGD, - funkcjonalny układ pomieszczeń, - duże okna i dobre doświetlenie, - widok na zieleń, - pojemna zabudowa w przedpokoju, - piwnica, - niski, 4-piętrowy budynek po termomodernizacji, - zadbane otoczenie, - ogólnodostępne miejsca parkingowe, - bliskość sklepów, usług, szkoły, apteki i komunikacji miejskiej, - atrakcyjna lokalizacja na Osiedlu Młodych. Mieszkanie jest gotowe do zamieszkania i nie wymaga dodatkowych nakładów na remont. To propozycja dla osób, które szukają funkcjonalnego mieszkania w spokojnej i dobrze skomunikowanej części Białegostoku, a jednocześnie chcą mieć najważniejsze udogodnienia w zasięgu krótkiego spaceru. Zapraszam do kontaktu oraz na prezentację nieruchomości. Jeżeli ta oferta nie spełnia wszystkich oczekiwań, zachęcam do kontaktu. Posiadamy również dostęp do innych nieruchomości, w tym ofert, które nie są jeszcze publikowane na portalach. W Eastate Agency wspieramy klientów w sprzedaży, wynajmie i poszukiwaniach nieruchomości - zarówno na rynku wtórnym, pierwotnym, jak i komercyjnym. Pomagamy także w wyborze nieruchomości inwestycyjnych - pod wynajem lub długoterminowe lokowanie kapitału. Zajmujemy się również zarządzaniem najmem, a klientom finansującym zakup kredytem umożliwiamy bezpłatny kontakt z doradcą kredytowym.",tak,,,,własność,Wyposażenie: pralkę,53.136077,23.123015
Białystok Dziesięciny,ul. Gajowa 62,3,60,439000,7317,bez pośredników,,8,https://adresowo.pl/o/mieszkanie-bialystok-dziesieciny-ul-gajowa-3-pokojowe-f8g4o8,https://s2.adresowa.pl/oi/25/43/40a738_b5e9_cover@2x-3-pokojowe-mieszkanie-bialystok-dziesieciny-ul-gajowa.webp,Białystok Dziesięciny,Gajowa 62,4,1983,blok,,"3-pokojowe mieszkanie z balkonem i piwnicą – ul. Gajowa 62, Białystok | 439 000 zł Na sprzedaż przestronne i funkcjonalne 3-pokojowe mieszkanie położone przy ul. Gajowej 62 na osiedlu Dziesięciny w Białymstoku. Mieszkanie znajduje się na 4. piętrze i oferuje wygodny, bardzo praktyczny układ pomieszczeń. Jest jasne, ustawne i dwustronne, dzięki czemu wnętrza są dobrze doświetlone przez cały dzień. Atuty nieruchomości: • 3 ustawne, niezależne pokoje, • balkon, • piwnica, • funkcjonalny rozkład pomieszczeń, • niedawno wymienione okna balkonowe, zapewniające lepszą izolację termiczną i akustyczną, • budynek po termomodernizacji, • liczne miejsca parkingowe pod blokiem, • spokojna, zielona okolica. Świetna lokalizacja! W pobliżu znajdują się sklepy, szkoły, przedszkola, przychodnie, przystanki komunikacji miejskiej oraz tereny rekreacyjne. To idealne miejsce zarówno dla rodzin z dziećmi, jak i osób ceniących wygodę i dobrą komunikację z centrum miasta. Cena: 439 000 zł Zapraszam do kontaktu i umówienia się na prezentację. To mieszkanie ma duży potencjał i dzięki doskonałej lokalizacji będzie świetnym wyborem zarówno do zamieszkania, jak i jako inwestycja Tel: [numer]",tak,,osobna,,własność,,53.153183,23.122391
Białystok Piaski,ul. Mazowiecka,2,45,568500,12633,bez pośredników,,25,https://adresowo.pl/o/mieszkanie-bialystok-piaski-ul-mazowiecka-2-pokojowe-a1z8v5,https://s2.adresowa.pl/oi/77/39/40a710_47d5_cover@2x-2-pokojowe-mieszkanie-bialystok-piaski-ul-mazowiecka.webp,Białystok Piaski,Mazowiecka,3,1978,blok,,"Witam mam do sprzedania swoje mieszkanie tuż obok szpitala USK/DSK przy ulicy Mazowieckiej 39.Mieszkanie 45.5m² mieści się na trzecim piętrze w bloku z cegty środkowe, dwustronne, ciepte, zadbane, po generalnym remoncie(wysoki standard)w 2026r. (wymiana instalacji elektrycznej, hydraulicznej,nowe tynki ,posadzki). Składa się z salonu ,sypialni,oddzielnej kuchni ,korytarz,balkonu i piwnicy. Największą zaletą jest bliskość parku , zieleń wokół bloku, niska zabudowa, cisza, spokojni sąsiedzi, dużo mieisc parkingowych pod blokiem -od niedawna szlabany na pilot, bliskość szpitala USK/DSK, uczelni wyższych ( Politechnika Białostocka, Wydział Nauk o Zdrowiu), żłobka, przedszkola, szkoły, .Cate wyposażenie w cenie. W razie czego piszcie priv chętnie odpowiem na pytania, mogę wysłać więcej zdjęć",tak,tak,osobna,plastikowe,własność,,53.123622,23.149831
Białystok Dziesięciny,ul. Cedrowa,4,56,650000,11607,bez pośredników,,20,https://adresowo.pl/o/mieszkanie-bialystok-dziesieciny-ul-cedrowa-4-pokojowe-y1m7s5,https://s2.adresowa.pl/oi/15/71/409a66_c36e_cover@2x-4-pokojowe-mieszkanie-bialystok-dziesieciny-ul-cedrowa.webp,Białystok Dziesięciny,Cedrowa,parter,2019,blok,,"Sprzedam nowoczesne, 4 - pokojowe mieszkanie o powierzchni 56,30 m, usytuowane na parterze kameralnego bloku z cegły z 2019 roku przy ulicy Cedrowej 10A. Do mieszkania należy ogródek o powierzchni 45,1 m2. Najważniejsze atuty: * 4 ustawne pokoje idealne dla rodziny, pary lub pod inwestycje * 3 komfortowe sypialnie, z możliwością adaptacji jednej na garderobę * duży, kameralny ogródek idealny na poranną kawę i letni relaks * nowoczesny budynek z 2019 * wygodny parter z możliwością wjazdu windą z garażu * budynek od strony ogródka otoczony drzewami co daje przyjemne zacienienie w upalne dni W skład lokalu wchodzi: - ustawny i wygodny salon (16,4 m2) - sypialnia z szafą (8,8 m2) - sypialnia z szafą (11,4 m2) - sypialnia z pojemną szafą służąca w chwili obecnej za garderobę (7,3 m2) - przedpokój z zabudową (8,0 m2) - łazienka z WC (4,4 m2) Dodatkowe udogodnienia: * dwa miejsca postojowe w garażu podziemnym (dodatkowo płatne 45 000 zł za jedno) * możliwość pozostawienia większości mebli, warunki do uzgodnienia z kupującym Lokalizacja, która ułatwia codzienne życie. Dziesięciny to spokojne i bardzo dobrze skomunikowane z resztą miasta osiedle. W pobliżu znajdują się sklepy, punkty usługowe, przystanki komunikacji miejskiej z których można dojechać w każdą inną część miasta. Bardzo blisko znajdują się sklepy takie jak Galeria Antoniuk, Kaufland, Aldi oraz park antoniuk, na którym są place zabaw, boiska i dużo zieleni. To mieszkanie wyróżnia: * nowoczesne budownictwo * funkcjonalny układ pomieszczeń * duży ogródek * 2 miejsca postojowe w garażu podziemnym * spokojna okolica * gotowość do zamieszkania Sprzedaż bezpośrednia, tylko za gotówkę. Agencjom dziękujemy. Cena do negocjacji. Prezentowana oferta oraz zawarte w niej dane mają charakter wyłącznie informacyjny, nie stanowi oferty handlowej w rozumieniu art. 66 Kodeksu Cywilnego oraz innych właściwych przepisów prawnych.",,tak,,,,,53.147426,23.129467
Białystok Wygoda,ul. Wasilkowska,4,58,359900,6205,Pośrednik,,10,https://adresowo.pl/o/mieszkanie-bialystok-wygoda-ul-wasilkowska-4-pokojowe-z9f1k4,https://s2.adresowa.pl/oi/14/1b/40e18e_3d05_cover@2x-4-pokojowe-mieszkanie-bialystok-wygoda-ul-wasilkowska.webp,Białystok Wygoda,Wasilkowska,4,1974,blok,,"Mieszkanie 4-pokojowe, 58 m², ul. Wasilkowska, Białystok – do remontu Na sprzedaż mieszkanie 4-pokojowe z oddzielną kuchnią, zlokalizowane przy ul. Wasilkowskiej w Białymstoku. Mieszkanie wymaga generalnego remontu. Układ: 4 pokoje, w tym jeden przejściowy z salonu, oraz oddzielna kuchnia. Mieszkanie na 4 piętrze w bloku z wielkiej płyty. Balkon o mniejszym metrażu, z balustradą szklaną. Do lokalu przynależy piwnica. Parking dla mieszkańców na terenie zamkniętym, za szlabanem. Szczegóły: Metraż - 58 m² Liczba pokoi - 4 (jeden przejściowy z salonu) + oddzielna kuchnia Piętro - 4/4 Konstrukcja - wielka płyta Stan - do generalnego remontu Balkon - tak, mały, balustrada szklana Piwnica - tak Parking - tak, dla mieszkańców, za szlabanem Czynsz - ok. 700 zł Forma własności - spółdzielcze własnościowe Lokalizacja - ul. Wasilkowska, Białystok Pomagamy w uzyskaniu kredytu hipotecznego na zakup tej nieruchomości!",tak,,osobna,,,,53.1443,23.1807
Białystok Piasta,ul. Bolesława Chrobrego,3,51,429900,8429,Pośrednik,,11,https://adresowo.pl/o/mieszkanie-bialystok-piasta-ul-boleslawa-chrobrego-3-pokojowe-y2r1b1,https://s2.adresowa.pl/oi/3f/2e/40e18c_a319_cover@2x-3-pokojowe-mieszkanie-bialystok-piasta-ul-boleslawa-chrobrego.webp,Białystok Piasta,Bolesława Chrobrego,4,1994,blok,,"Przestronne mieszkanie 3-pokojowe z oddzielną kuchnią – ul. Chrobrego, Białystok Zapraszam do wirtualnej prezentacji 3D - https://tour.giraffe360.com/boleslawachrobrego/ Do sprzedaży mieszkanie o powierzchni 51,5 m², zlokalizowane przy ul. Chrobrego w Białymstoku, w kameralnej, zadrzewionej okolicy pomiędzy blokami – co nadaje osiedlu zielony, przytulny charakter, rzadko już spotykany. Mieszkanie składa się z 3 pokoi oraz oddzielnej, w pełni funkcjonalnej kuchni – układ ceniony przez osoby szukające podziału przestrzeni. Wnętrze zostało odświeżone – ściany są odmalowane, a podłogi wycyklinowane, dzięki czemu mieszkanie jest gotowe do zamieszkania bez dodatkowych nakładów remontowych. Dużym atutem jest przestronny balkon, który pozwala na wygodne korzystanie z przestrzeni zewnętrznej. Do lokalu przynależy również piwnica, co daje dodatkową powierzchnię użytkową do przechowywania. Mieszkanie znajduje się na 4 piętrze w 4-piętrowym budynku z cegły, wybudowanym w 1994 roku – solidna, murowana konstrukcja z tego okresu to gwarancja dobrej izolacji i trwałości budynku. Pod blokiem znajduje się duża liczba miejsc parkingowych, co rozwiązuje częsty problem mieszkańców osiedli z tego okresu. Informacje formalno-prawne: Pełna własność z księgą wieczystą, bez żadnych obciążeń. Budynek zarządzany jest przez Spółdzielnię Mieszkaniową Zachęta, a miesięczny czynsz wynosi 620 zł. Szczegóły techniczne: Metraż - 51,5 m² Liczba pokoi - 3 + oddzielna kuchnia Piętro - 4/4 Rok budowy - 1994 Konstrukcja - cegła Balkon - tak, duży Piwnica - tak Czynsz - 620 zł Forma własności - pełna własność, księga wieczysta Obciążenia - brak Zarządca - Spółdzielnia Mieszkaniowa Zachęta Lokalizacja - ul. Chrobrego, Białystok To propozycja dla osób szukających gotowego do zamieszkania mieszkania w zielonej, spokojnej okolicy, z dobrym dostępem do miejsc parkingowych i pełną czystością prawną nieruchomości. Zapraszamy do kontaktu i prezentacji mieszkania. Pomagamy również w uzyskaniu kredytu hipotecznego na zakup tej nieruchomości – kompleksowo doradzamy na każdym etapie finansowania.",tak,,osobna,,,,53.1318,23.1846
Białystok Antoniuk,ul. Ukośna,3,48,369000,7688,bez pośredników,,10,https://adresowo.pl/o/mieszkanie-bialystok-antoniuk-ul-ukosna-3-pokojowe-u5c8a0,https://s2.adresowa.pl/oi/48/6e/409a5c_8871_cover@2x-3-pokojowe-mieszkanie-bialystok-antoniuk-ul-ukosna.webp,Białystok Antoniuk,Ukośna,4,1973,blok,,"Na sprzedaż: Przestronne, jasne mieszkanie z nieprzesłoniętym widokiem na zieleń - Białystok, ul. Ukośna 11 (Osiedle Sady Antoniukowskie). Na sprzedaż funkcjonalne, obustronne i słoneczne mieszkanie o powierzchni 48,2 m², 3 pokoje z balkonem, usytuowane na 4 piętrze przy ulicy Ukośnej 11 w Białymstoku. To idealna propozycja zarówno dla rodziny szukającej komfortowego miejsca do życia, jak i pod bezpieczny zakup inwestycyjny na wynajem. GŁÓWNE ATUTY NIERUCHOMOŚCI: - Układ pomieszczeń: Przestronne i bardzo ustawne 3 pokoje, które dają duże możliwości własnej aranżacji wnętrza. - Standard - Do zamieszkania: Mieszkanie jest w stanie pozwalającym na szybkie wprowadzenie się. Nie wymaga uciążliwych i kosztownych remontów strukturalnych. - Funkcjonalny, dwustronny układ: Mieszkanie jest obustronne, co gwarantuje doskonałą cyrkulację powietrza, optymalne przewietrzanie oraz świetne doświetlenie wnętrz o różnych porach dnia. - Wyjątkowy widok i doświetlenie: Widok z okien jest całkowicie wolny od wyższej zabudowy - z okien rozpościera się piękna, niczym nieprzesłonięta panorama na pobliskie ogrody i niską zabudowę jednorodzinną. Gwarantuje to prywatność oraz mnóstwo naturalnego światła przez całe popołudnie. - Stan techniczny budynku: Blok przeszedł pełną termomodernizację w 2013 roku, co zapewnia doskonałą izolację cieplną i przekłada się na niskie koszty utrzymania. W mieszkaniu zostały wymienione wszystkie okna na nowoczesne profile plastikowe (PCV). - Balkon: Do mieszkania przynależy balkon. - Dodatkowa przestrzeń (Piwnica): Do lokalu przynależy również duża piwnica, idealna do przechowywania rowerów, wózków, opon czy przetworów, co pozwala zaoszczędzić miejsce w samym mieszkaniu. LOKALIZACJA I INFRASTRUKTURA (Wszystko w zasięgu ręki): Mieszkanie położone jest w jednej z najbardziej pożądanych, spokojnych i doskonale skomunikowanych części dzielnicy Antoniuk. W najbliższej okolicy znajduje się kompletne zaplecze handlowo-usługowe i edukacyjne: - Edukacja: Tuż obok przedszkole oraz szkoła podstawowa - idealne rozwiązanie dla rodziców z dziećmi. - Zakupy: W bliskim sąsiedztwie liczne sklepy spożywcze oraz popularna Galeria ""Antoniuk"" zapewniająca dostęp do marketów, drogerii i punktów usługowych. - Komunikacja i parkingi: Parking tylko dla mieszkańców bloku. Poza tym doskonały i bardzo szybki dostęp do linii autobusowych MPK. Położenie blisko ścisłego centrum Białegostoku pozwala na sprawny dojazd w zaledwie kilka minut zarówno autem, jak i komunikacją miejską.",tak,,,plastikowe,,,53.14357,23.139307
Białystok Piasta,ul. Skorupska,3,49,539000,11000,bez pośredników,,15,https://adresowo.pl/o/mieszkanie-bialystok-piasta-ul-skorupska-3-pokojowe-w3b7x3,https://s2.adresowa.pl/oi/25/6b/4099ba_a34e_cover@2x-3-pokojowe-mieszkanie-bialystok-piasta-ul-skorupska.webp,Białystok Piasta,Skorupska,1,2007,blok,,"Na sprzedaż 3 pokojowe mieszkanie z garderobą blisko centrum miasta. Lokalizacja: ul. Skorupska, Białystok Powierzchnia: 49,5m2 (salon z aneksem, 2 oddzielne, ustawne sypialnie, garderoba i łazienka) Stan: Do zamieszkania - po generalnym remoncie. Piętro: 1/4 Dodatkowo: bardzo duża piwnica i balkon Pełne zabudowy stolarskie na wymiar i nowe AGD w cenie! Cena: 539 000 zł Po więcej informacji zapraszam do kontaktu w wiadomości prywatnej lub pod numerem telefonu. Agencjom dziękuję.",tak,,aneks,,,,53.133818,23.182067
Białystok Sienkiewicza,ul. Ciepła,3,44,665000,15114,bez pośredników,,1,https://adresowo.pl/o/mieszkanie-bialystok-sienkiewicza-ul-ciepla-3-pokojowe-s1h6l4,https://s2.adresowa.pl/oi/1e/28/409852_a328_cover@2x-3-pokojowe-mieszkanie-bialystok-sienkiewicza-ul-ciepla.webp,Białystok Sienkiewicza,Ciepła,7,2025,apartamentowiec,,"Sprzedam NOWE 3-pokojowe (salon z aneksem plus dwie sypialnie) mieszkanie o powierzchni 44,5 m2, zlokalizowane przy ul. Ciepłej z możliwością dokupienia miejsca postojowego 46000zł . Znajduje się na 7 piętrze w bloku z 2025. Salon z aneksem kuchennym (wyjście na balkon), łazienka z wc plus dwa pokoje. Kuchnia zabudowana wraz ze sprzętem AGD (pralka, lodówka, zmywarka, piekarnik, płyta indukcyjna, okap). Bardzo dobra infrastruktura osiedla, w pobliżu liczne sklepy, galeria Jurowiecka, przystanki , szkoły, przedszkole oraz przychodnia ..",tak,tak,aneks,,własność,"Wyposażenie: lodówka, piekarnik, pralka, zmywarka",53.139698,23.164802
Białystok,ul. Świętojańska,3,47,480000,10213,Pośrednik,,7,https://adresowo.pl/o/mieszkanie-bialystok-ul-swietojanska-3-pokojowe-w5n0j4,https://s2.adresowa.pl/oi/29/6a/40d364_3889_cover@2x-3-pokojowe-mieszkanie-bialystok-ul-swietojanska.webp,Białystok ,Świętojańska,4,1965,blok,,"Oferta objęta klauzula wyłączności Przedmiotem sprzedaży jest ( Spółdzielczo własnościowe z KW) mieszkanie o powierzchni 47 m2, położone na IV piętrze budynku zlokalizowanego tuż przy Galerii Alfa, lokal bez balkonu, z piwnicą, w pełni przygotowany do zamieszkania bez konieczności ponoszenia dodatkowych nakładów finansowych. Mieszkanie odpowiednie dla pary, singla, małej rodziny; lokal atrakcyjny również jako inwestycja pod wynajem ze względu na bliskość uczelni. Mieszkanie jest wolne, dostępne od zaraz. Meble oraz wyposażenie widoczne na zdjęciach pozostają w lokalu. Układ i standard * 3 pokoje, układ dwustronny, z przejściem z salonu do kuchni i sypialni, jedna sypialnia odrębna, wejście bezpośrednio z korytarza * Kuchnia w zabudowie, wyposażona (lodówka, kuchenka z piekarnikiem, okap) * Łazienka po remoncie, kabina prysznicowa, pralka * Podłogi: parkiet w jodełkę, terakota w kuchni * Spójna aranżacja wnętrz, stan bardzo dobry * Piwnica, brak balkonu Koszty eksploatacyjne Czynsz administracyjny: ok. 800 zł (zaliczki na CO i wodę przy 3 osobach) Zwroty za CO zgodnie z rozliczeniem sezonowym Media: prąd, gaz, woda – według zużycia Dostęp do parkingu za szlabanem dla mieszkańców Odległości do uczelni UwB Wydział Prawa: 357 m UwB Wydział Ekonomii i Finansów: 946 m Uniwersytet Medyczny – ECF: 626 m Uniwersytet Medyczny – Biotechnologia/Synteza: 769m Kampus UMB (budynki dydaktyczne): Collegium Universum: 675 m Collegium Floridum: 693 m Collegium Primum: 813 m Politechnika Białostocka – kampus główny: 3 500 m Odległości do liceów * I LO: 650 m * III LO: 1 000 m * VI LO: 950 m * II LO: 1 900 m Zapraszam Opiekun oferty Karina Bielska",tak,,,plastikowe,własność,"Wyposażenie: kuchenka, lodówka, piekarnik, pralka",53.127255,23.172252
Białystok Antoniuk,ul. Zwycięstwa,4,80,1080000,13500,Pośrednik,,19,https://adresowo.pl/o/mieszkanie-bialystok-antoniuk-ul-zwyciestwa-4-pokojowe-b9y9w1,https://s2.adresowa.pl/oi/28/3d/40c8d0_3e8a_cover@2x-4-pokojowe-mieszkanie-bialystok-antoniuk-ul-zwyciestwa.webp,Białystok Antoniuk,Zwycięstwa,1,2025,apartamentowiec,,"OKAZJA! 4 POKOJE + 212 m² OGRODU | APARTAMENTY ZWYCIĘSTWA | BEZ PCC Wyjątkowe mieszkanie dla osób szukających przestrzeni, komfortu i doskonałej lokalizacji! Polecamy na sprzedaż 4-pokojowe mieszkanie o powierzchni 80 m² , położone na osiedlu Antoniuk, przy ul. Zwycięstwa , w nowoczesnym apartamentowcu o podwyższonym standardzie. Największym atutem nieruchomości jest prywatny ogród o powierzchni aż 212 m² z altanką - idealne miejsce do wypoczynku, spotkań z rodziną czy stworzenia własnej zielonej przestrzeni w mieście. MIESZKANIE Lokal znajduje się na pierwszym piętrze , natomiast z drugiej strony budynku usytuowany jest na poziomie wysokiego parteru. Budynek wyposażony jest w cichobieżne, szybkobieżne windy . Mieszkanie jest dwustronne , bardzo dobrze doświetlone, z korzystną ekspozycją okien na południowy zachód . Funkcjonalny układ obejmuje: przestronny salon z aneksem kuchennym i wyjściem na ogród, 3 oddzielne sypialnie , łazienkę z WC, dodatkowe, oddzielne WC, przedpokój. NOWOCZESNY APARTAMENTOWIEC Budynek wyróżnia się podwyższonym standardem wykonania oraz komfortowymi rozwiązaniami: podwyższone sufity - aż 3,20 m , duże panoramiczne okna , nowoczesna winda, budynek i mieszkanie przystosowane dla osób z niepełnosprawnościami, zarządzany przez wspólnotę mieszkaniową , niski czynsz . Istnieje możliwość zakupu podwójnego, zamykanego bramą miejsca postojowego w garażu podziemnym . DOSKONAŁA LOKALIZACJA - ANTONIUK Ul. Zwycięstwa to lokalizacja zapewniająca bardzo dobry dostęp zarówno do centrum Białegostoku, jak i pozostałych części miasta. W najbliższej okolicy znajdują się m.in.: przystanki MPK, dworzec PKP i PKS, szkoły i przedszkola, przychodnie i apteki, sklepy spożywcze, centrum handlowe Auchan, Leroy Merlin, siłownia, banki i poczta. Dodatkowym atutem jest bliskość drogi wyjazdowej w kierunku Warszawy . BEZ PODATKU PCC 2% Kupujący jest zwolniony z podatku PCC 2% od czynności cywilnoprawnych. GOTOWE DO ODBIORU Mieszkanie dostępne od zaraz - możesz zostać właścicielem nawet już dziś ! To doskonała propozycja dla rodziny, osób ceniących przestrzeń i prywatny ogród, a także dla tych, którzy chcą połączyć komfort domu z wygodą życia w nowoczesnym apartamentowcu. Zapraszamy na prezentację! Nasze biuro zapewnia pomoc w przygotowaniu dokumentów niezbędnych do przeniesienia własności oraz bezpłatną pomoc w uzyskaniu finansowania i wyborze najlepszego kredytu na zakup tej lub innej nieruchomości. Informacje użyte do sporządzenia powyższej oferty zostały uzyskane na podstawie oświadczeń właścicieli nieruchomości i nie stanowią oferty w rozumieniu przepisów prawa. Mają charakter wyłącznie informacyjny. Adres www oferty [www]",,,aneks,,własność,,53.13598,23.128976
Białystok Dojlidy,ul. Żubrów,3,63,785000,12460,bez pośredników,,14,https://adresowo.pl/o/mieszkanie-bialystok-dojlidy-ul-zubrow-3-pokojowe-q1j4o2,https://s2.adresowa.pl/oi/22/1f/40984e_5bf6_cover@2x-3-pokojowe-mieszkanie-bialystok-dojlidy-ul-zubrow.webp,Białystok Dojlidy,Żubrów,1,2025,blok,,"Oferuję bezpośrednio na sprzedaż komfortowe mieszkanie o powierzchni 63,75 m², znajdujące się na pierwszym piętrze w bloku wybudowanym w 2025 roku. Mieszkanie jest w stanie do zamieszkania i wyposażone w niezbędne sprzęty, takie jak pralka, zmywarka, lodówka, kuchenka oraz piekarnik. Do dyspozycji masz również duży balkon 12,37m2, piwnicę oraz miejsce parkingowe. Budynek posiada windę oraz klimatyzację. Lokalizacja w Białymstoku, na osiedlu Dojlidy zapewnia łatwy dostęp do infrastruktury. W pobliżu znajdują się: - sklepy spożywcze (PSS Społem, Lewiatan) - restauracje (Bar Era, Ciao Pizza) - przedszkola i szkoły podstawowe - park - przychodnie i szpitale plus piwnica (2,65 m2) 10 000 miejsce postojowe 35 000 Zapraszam do kontaktu.",tak,tak,,plastikowe,własność,"Wyposażenie: kuchenka, lodówka, piekarnik, pralka, zmywarka",53.115748,23.193794
Białystok Leśna Dolina,ul. ks. Jerzego Popiełuszki,3,48,359000,7479,bez pośredników,,11,https://adresowo.pl/o/mieszkanie-bialystok-lesna-dolina-ul-ks-jerzego-popieluszki-3-pokojowe-v7k9j8,https://s2.adresowa.pl/oi/13/26/409406_5faf_cover@2x-3-pokojowe-mieszkanie-bialystok-lesna-dolina-ul-ks-jerzego-popieluszki.webp,Białystok Leśna Dolina,ks. Jerzego Popiełuszki,1,1976,blok,,"Na sprzedaż przestronne mieszkanie o powierzchni 48 m², zlokalizowane na 1.piętrze w budynku przy ul. Popiełuszki 101 w Białymstoku. Blok przeszedł termomodernizację, zwiększono ilość miejsc postojowych pod blokiem dla wygody mieszkańców i zamontowano szlaban, do mieszkania przynależy piwnica. To doskonała propozycja dla osób szukających mieszkania do odświeżenia lub remontu które można dostosować do własnych potrzeb i gustów. Mieszkanie jest świetną inwestycją zarówno na wynajem, jak i do zamieszkania na stałe. Mieszkanie znajduje się w dogodnej lokalizacji, z dobrym dostępem do komunikacji miejskiej. W pobliżu znajdują się sklepy spożywcze, apteki, szkoły, a także liczne punkty usługowe. Dzięki bliskości przystanków autobusowych szybko dotrzesz do centrum Białegostoku oraz innych części miasta. Bez pośredników, bez zadłużenia, założona Księga wieczysta/ mieszkanie własnościowe. Możliwość zakupu garażu murowanego 18m znajdującego się za blokiem+ dopłata 59 tyś. t: [numer] Agencjom nieruchomości z góry dziękuję.",tak,,osobna,,własność,,53.128229,23.084126
Białystok,Słoneczny Stok,3,65,568500,8746,bez pośredników,,9,https://adresowo.pl/o/mieszkanie-bialystok-sloneczny-stok-3-pokojowe-65-m2-v2j1o3,https://s2.adresowa.pl/oi/4e/77/408dbc_b356_cover@2x-3-pokojowe-mieszkanie-bialystok-sloneczny-stok.webp,Białystok Słoneczny Stok,,parter,,blok,,"Na sprzedaż przestronne, 3-pokojowe mieszkanie o powierzchni 65 m², położone na parterze na osiedlu Słoneczny Stok w Białymstoku. To mieszkanie wyróżnia się funkcjonalnym układem, dużą ilością przestrzeni oraz bardzo dobrą lokalizacją. Trzy niezależne pokoje, osobna kuchnia, balkon i piwnica sprawiają, że jest to wygodna propozycja zarówno dla rodziny, jak i osób potrzebujących dodatkowego pokoju do pracy czy własnych zainteresowań. UKŁAD MIESZKANIA: • przestronny salon z wyjściem na balkon • dwie oddzielne sypialnie • osobna kuchnia • łazienka z wanną • przestronny przedpokój Do mieszkania przynależy piwnica, zapewniająca dodatkowe miejsce do przechowywania. WYPOSAŻENIE: Mieszkanie może zostać sprzedane z wyposażeniem widocznym na zdjęciach, dzięki czemu może być gotowe do zamieszkania bez konieczności ponoszenia dużych kosztów na start. Na wyposażeniu znajdują się m.in.: • nowa pralko-suszarka LG • lodówka Samsung • zmywarka Whirlpool 60 cm z funkcją automatycznego otwierania drzwi po zakończeniu programu • kanapa w salonie z funkcją spania oraz rozkładanym mechanizmem relax • rozkładany stół, przy którym po rozłożeniu można wygodnie usadzić nawet 12 osób LOKALIZACJA TO WYGODA NA CO DZIEŃ: Jednym z największych atutów nieruchomości jest lokalizacja. W najbliższej okolicy znajduje się pełna infrastruktura potrzebna do codziennego życia. W odległości około 200 metrów znajdują się: • Szkoła Podstawowa nr 43 • Przedszkole nr 50 • XIV Liceum Ogólnokształcące • pływalnia rodzinna BOSiR Przychodnia rodzinna znajduje się w bezpośrednim sąsiedztwie, a apteka jest oddalona o około 2 minuty spacerem. W pobliżu znajdują się również sklepy spożywcze oraz liczne punkty usługowe, dzięki czemu wiele codziennych spraw można załatwić bez korzystania z samochodu. ZIELEŃ I REKREACJA: Osiedle Słoneczny Stok oferuje dostęp do terenów zielonych i miejsc sprzyjających aktywnemu wypoczynkowi. Około 10 minut spacerem od mieszkania znajdują się Stawy Marczukowskie - miejsce idealne na spacer, odpoczynek czy aktywne spędzanie czasu na świeżym powietrzu. MEDIA I INTERNET: Budynek jest podłączony do sieci gazowej. W mieszkaniu dostępny jest również światłowód, zapewniający możliwość korzystania z szybkiego i stabilnego internetu, co jest istotnym udogodnieniem zarówno przy pracy zdalnej, jak i codziennym korzystaniu z sieci. KOMUNIKACJA: W pobliżu znajdują się przystanki komunikacji miejskiej, zapewniające wygodny dojazd do centrum Białegostoku oraz innych części miasta. Lokalizacja łączy spokojny charakter osiedla z dobrym dostępem do infrastruktury miejskiej. OFERTA PRYWATNA - BEZ POŚREDNIKÓW Cena: 568 500 do negocjacji. Zapraszamy do kontaktu osoby zainteresowane zakupem oraz do umówienia się na prezentację, na SMS nie odpisuje.",tak,,osobna,plastikowe,,"Wyposażenie: internet, lodówka, suszarka, zmywarka",53.130001,23.104025
Białystok Piaski,ul. Jerzego Waszyngtona,4,61,619000,10148,Pośrednik,,9,https://adresowo.pl/o/mieszkanie-bialystok-piaski-ul-jerzego-waszyngtona-4-pokojowe-s9u8z3,https://s2.adresowa.pl/oi/5b/1b/40b62a_804f_cover@2x-4-pokojowe-mieszkanie-bialystok-piaski-ul-jerzego-waszyngtona.webp,Białystok Piaski,Jerzego Waszyngtona,6,1985,blok,,"4 POKOJE PO GENERALNYM REMONCIE | PIASKI | 60,5 m² | BLISKO CENTRUM JESTEŚMY W TRAKCIE REALIZACJI 4 MIESZKAŃ po ok 60m. - można więc wybrać! Mieszkania przy ul. Legionowej i Waszyngtona! Bardzo dobra lokalizacja! Idealna propozycja dla rodziny lub jako inwestycja pod wynajem - szczególnie dla studentów Uniwersytetu Medycznego i innych białostockich uczelni. Na sprzedaż przestronne, 4-pokojowe mieszkanie o powierzchni 60,50 m² , położone na poszukiwanym osiedlu Piaski , w doskonałej lokalizacji pomiędzy ulicami Waszyngtona a Legionową . Mieszkanie jest po generalnym remoncie , wykonanym z dbałością o funkcjonalność i nowoczesny standard. Lokal znajduje się w bloku z lat 80., po termomodernizacji, wyposażonym w windę. UKŁAD MIESZKANIA Mieszkanie jest dwustronne, słoneczne i ciepłe . Podczas generalnego remontu wymieniono instalację elektryczną i hydrauliczną oraz zmieniono pierwotny układ pomieszczeń. W skład mieszkania wchodzą: przestronny salon z aneksem kuchennym i wyjściem na duży balkon, 3 niezależne sypialnie , łazienka z WC, przedpokój. Mieszkanie jest w pełni wyposażone - w cenie pozostają meble oraz nowy sprzęt AGD, wszystko na gwarancji. LOKALIZACJA - IDEALNA POD INWESTYCJĘ Osiedle Piaski to jedna z najbardziej poszukiwanych lokalizacji w Białymstoku, szczególnie wśród studentów. W bezpośrednim otoczeniu znajduje się pełna infrastruktura: Uniwersytet Medyczny, szkoły i przedszkola, sklepy i punkty usługowe, restauracje i lokale gastronomiczne, komunikacja miejska, tereny zielone. Szybki i wygodny dojazd do ścisłego Centrum Białegostoku. Lokalizacja oraz układ 4 niezależnych pokoi sprawiają, że mieszkanie jest bardzo atrakcyjne również jako inwestycja pod wynajem dla studentów . Przed blokiem znajduje się dużo zieleni, plac zabaw oraz liczne ogólnodostępne miejsca parkingowe. Klatka schodowa została odświeżona. NAJWAŻNIEJSZE ATUTY ✔ 60,50 m² ✔ 4 pokoje ✔ generalny remont ✔ nowa instalacja elektryczna i hydrauliczna ✔ salon z aneksem kuchennym ✔ 3 sypialnie ✔ duży balkon ✔ nowy sprzęt AGD na gwarancji ✔ duża piwnica ok. 10 m² ✔ blok po termomodernizacji ✔ winda ✔ mieszkanie dwustronne, słoneczne i ciepłe ✔ świetna lokalizacja blisko Uniwersytetu Medycznego i Centrum ✔ doskonałe pod wynajem dla studentów Mieszkanie stanowi odrębną własność i posiada Księgę Wieczystą. UWAGA: Zdjęcia z poprzedniej inwestycji! ERA NIERUCHOMOŚCI Nasze biuro zapewnia pomoc przy kompletowaniu dokumentów niezbędnych do przeniesienia praw własności oraz bezpłatną pomoc w uzyskaniu najlepszego kredytu na zakup tej oraz innych nieruchomości. Zapraszamy na prezentację! Informacje użyte do sporządzenia powyższej oferty zostały uzyskane na podstawie oświadczeń właścicieli nieruchomości i nie stanowią oferty w rozumieniu przepisów prawa. Mają one charakter informacyjny.",tak,,aneks,plastikowe,własność,,53.124996,23.156449
Białystok Wygoda,ul. 42 Pułku Piechoty,2,41,499000,12171,Pośrednik,,10,https://adresowo.pl/o/mieszkanie-bialystok-wygoda-ul-42-pulku-piechoty-2-pokojowe-z4d6u9,https://s2.adresowa.pl/oi/35/3b/40a0c0_ce19_cover@2x-2-pokojowe-mieszkanie-bialystok-wygoda-ul-42-pulku-piechoty.webp,Białystok Wygoda,42 Pułku Piechoty,2,2017,blok,,"Komfortowe mieszkanie o wygodnym układzie Zapraszam do zapoznania się z ofertą przytulnego mieszkania wykończonego w dobrym guście. Na powierzchnię 41,54m 2 składają się: salon z aneksem kuchennym oddzielna sypialnia łazienka z wc przedpokój. Mieszkanie usytuowane jest na II piętrze niskiego, kameralnego bloku z 2017 roku przy ul. 42 Pułku Piechoty. Mieszkanie wykończone w bardzo dobrym standardzie. Na podłogach położone dobrej jakości panele, ściany w przyjemnych kolorach, sztukateria, nowocześnie wykończona łazienka z prysznicem i pralką, a także wygodna i elegancka kuchnia ze sprzętem: lodówką w zabudowie, piekarnikiem elektrycznym, płytą gazową, okapem z filtrem węglowym i zmywarką . W przedpokoju wygodna szafa z lustrami. W mieszkaniu zastosowano również klimatyczne oświetlenie ledowe. Praktycznie całe wyposażenie i meble w cenie! Dużą zaletą tego przytulnego mieszkania jest spory balkon oraz przynależna komórka lokatorska - zlokalizowana na piętrze tuż przy mieszkaniu. Pod blokiem sporo zieleni oraz place zabaw. W bloku znajduje się też wózkownia (w tej samej klatce), a komfort i bezpieczeństwo mieszkańców podnosi osiedlowy monitoring. Mieszkanie zlokalizowane jest na osiedlu Wygoda - doskonałe położenie w dynamicznie rozwijającej się dzielnicy. Malownicza, leśna okolica w sąsiedztwie rzeki Dolistówki. Osiedle położone w otulinie lasów i ogródków działkowych, niewysoka, kameralna zabudowa zaprojektowana z poszanowaniem krajobrazu i charakteru dzielnicy oraz oryginalna forma architektoniczna - geometryczne, przestronne balkony, loggie i tarasy otwarte na tereny zielone to tylko niektóre z zalet tej lokalizacji. Wygodny i szybki dojazd do centrum miasta: nowoczesna sieć dróg, ścieżki rowerowe i przystanek autobusowy. Pośrednik odpowiedzialny zawodowo za wykonanie umowy pośrednictwa: Aneta Grzegorek (licencja nr: 23825)",tak,,aneks,plastikowe,własność,Wyposażenie: piekarnik,53.142769,23.21172
Białystok Wysoki Stoczek,ul. Swobodna,3,60,470000,7833,bez pośredników,,8,https://adresowo.pl/o/mieszkanie-bialystok-wysoki-stoczek-ul-swobodna-3-pokojowe-a7c2h2,https://s2.adresowa.pl/oi/7f/4c/408944_6279_cover@2x-3-pokojowe-mieszkanie-bialystok-wysoki-stoczek-ul-swobodna.webp,Białystok Wysoki Stoczek,Swobodna,1,1985,blok,,"Na sprzedaż 3-pokojowe mieszkanie 60,23 m² z balkonem - Białystok, ul. Swobodna. Cena: 470 000 zł Na sprzedaż przestronne i funkcjonalne mieszkanie o powierzchni 60,23 m², położone na 1. piętrze w 4-piętrowym bloku z 1985 roku. Nieruchomość znajduje się przy ul. Swobodnej w Białymstoku, na Osiedlu Wysoki Stoczek w spokojnej i dobrze skomunikowanej okolicy z pełną infrastrukturą. Mieszkanie posiada rozkładowy układ pomieszczeń, dzięki czemu wszystkie pokoje są niezależne i ustawne. To świetna propozycja dla rodziny, pary lub jako inwestycja pod wynajem. Najważniejsze informacje: Powierzchnia: 60,23 m² 3 niezależne pokoje 1 piętro w 4-piętrowym bloku Balkon Piwnica Łazienka plus drugie pomieszczenie WC Stan mieszkania: do remontu, łazienka po remoncie Okna PCV wymienione Ogrzewanie i ciepła woda z sieci miejskiej Dostępne media: gaz, prąd, internet Ogólnodostępny parking pod blokiem Lokalizacja Mieszkanie położone jest w atrakcyjnej części miasta, zapewniającej wygodę na co dzień. W pobliżu znajdują się: przystanki autobusowe, sklepy, park i tereny zielone, szkoła, przedszkole, Dogodna lokalizacja zapewnia szybki dojazd do centrum oraz łatwy dostęp do punktów handlowych, usługowych i rekreacyjnych. Mieszkanie łączy funkcjonalny układ, dobrą lokalizację i komfort codziennego użytkowania. Jest gotowe do zamieszkania bez konieczności ponoszenia większych nakładów finansowych. Cena: 470 000 zł Zapraszam do kontaktu i umówienia się na prezentację.",tak,,,plastikowe,,Wyposażenie: internet,53.147279,23.108127
Białystok Antoniuk,ul. Juliana Tuwima,1,28,280000,10000,bez pośredników,,14,https://adresowo.pl/o/mieszkanie-bialystok-antoniuk-ul-juliana-tuwima-1-pokoj-i9n9m7,https://s2.adresowa.pl/oi/51/39/4086f8_cc26_cover@2x-1-pokojowe-mieszkanie-bialystok-antoniuk-ul-juliana-tuwima.webp,Białystok Antoniuk,Juliana Tuwima,4,1967,blok,,"Kawalerka 28 m² do remontu świetna lokalizacja ul. Tuwima w Białymstoku. Na sprzedaż kawalerka o powierzchni 28 m², położona na 4 piętrze w bloku wyposażonym w dwie windy. Mieszkanie przeznaczone jest do remontu, co daje możliwość urządzenia wnętrza dokładnie według własnego gustu i potrzeb. Posiada również piwnicę. Dużym atutem nieruchomości jest bardzo dobra lokalizacja w bliskiej odległości znajdują się: przychodnia, przedszkole, sklepy i punkty usługowe, przystanki autobusowe zapewniające bardzo dobre połączenie komunikacyjne. Mieszkanie może być ciekawą propozycją zarówno dla osoby szukającej własnego lokum, jak i dla inwestora pod wynajem. Najważniejsze atuty: - 28 m² - kawalerka - mieszkanie do remontu - blok z dwiema windami - blisko przychodni, przedszkola i sklepów - bardzo dobre połączenia autobusowe - możliwość aranżacji według własnego pomysłu Cena : 280000 do negocjacji Zapraszam do kontaktu i obejrzenia mieszkania",tak,,osobna,plastikowe,własność,,53.138177,23.124318
Białystok Dziesięciny,ul. Zagórna,3,37,449000,12135,bez pośredników,,5,https://adresowo.pl/o/mieszkanie-bialystok-dziesieciny-ul-zagorna-3-pokojowe-r7t9v3,https://s2.adresowa.pl/oi/11/18/408306_ec99_cover@2x-3-pokojowe-mieszkanie-bialystok-dziesieciny-ul-zagorna.webp,Białystok Dziesięciny,Zagórna,parter,1983,blok,,"Na sprzedaż funkcjonalne i nowocześnie wykończone mieszkanie o powierzchni 37,6 m², 3 pokojowe. Położone na parterze w 4 piętrowym budynku, ocieplonym na osiedlu Dziesięciny przy ul. Zagórnej w Białymstoku. Mieszkanie przeszło kapitalny remont i jest gotowe do zamieszkania bez dodatkowych nakładów finansowych. Dzięki przemyślanemu układowi pomieszczeń na stosunkowo niewielkiej powierzchni udało się stworzyć komfortową przestrzeń obejmującą salon z aneksem kuchennym oraz dwa niezależne pokoje. Układ mieszkania: salon z aneksem kuchennym, sypialnia, dodatkowy pokój idealny jako pokój dziecięcy, gabinet lub garderoba, łazienka z WC, przedpokój, balkon, piwnica. Najważniejsze atuty: kapitalny remont wykonany od podstaw, nowa instalacja elektryczna, nowe grzejniki, nowe okna trzyszybowe, nowe drzwi antywłamaniowe, nowoczesna łazienka z prysznicem, balkon, piwnica, parter, pełna własność, mieszkanie dostępne od zaraz. Budynek: blok z wielkiej płyty, budynek po termomodernizacji, spokojna i zadbana okolica, liczne miejsca parkingowe w pobliżu budynku. Lokalizacja: Osiedle Dziesięciny to jedna z najbardziej cenionych i dobrze skomunikowanych części Białegostoku. W najbliższej okolicy znajdują się sklepy, szkoły, przedszkola, punkty usługowe, przystanki komunikacji miejskiej oraz tereny rekreacyjne. Lokalizacja zapewnia wygodne warunki do życia zarówno rodzinom, jak i osobom poszukującym mieszkania pod wynajem. Dodatkowa możliwość aranżacji: Mieszkanie sprzedawane jest w stanie widocznym na zdjęciach. Kompleksowo wykonać zabudowę kuchenną i wykończenie pod klucz. Cena: 449 000 zł",tak,,aneks,plastikowe,własność,,53.15146,23.118116
Białystok,Bagnówka,3,62,634000,10226,Pośrednik,,18,https://adresowo.pl/o/mieszkanie-bialystok-bagnowka-3-pokojowe-62-m2-n8l3u3,https://s2.adresowa.pl/oi/1a/25/408dd6_a35d_cover@2x-3-pokojowe-mieszkanie-bialystok-bagnowka.webp,Białystok Bagnówka,,parter,2010,blok,,"Zapraszamy do zapoznania się z ofertą komfortowego dwupoziomowego mieszkania bezczynszowego o powierzchni 62,16 m² . To idealna propozycja dla osób, które szukają mieszkania dającego poczucie przestrzeni i prywatności zbliżone do domu. Przemyślany układ pomieszczeń sprawia, że mieszkanie jest bardzo funkcjonalne i wygodne w codziennym użytkowaniu. Na powierzchnię mieszkania składają się: przestronny salon z aneksem kuchennym 2 pokoje hol łazienka WC pomieszczenie gospodarcze pod schodami - idealne na przechowywanie Dodatkowe atuty nieruchomości: mieszkanie dwupoziomowe , zapewniające wygodny podział strefy dziennej i prywatnej bezczynszowe - niskie koszty utrzymania, opłaty ok. 400 zł/msc prywatny ogródek ok. 28 m² na parterze - świetne miejsce do wypoczynku lub dla dzieci balkon na piętrze z wyjściem z dwóch pokoi funkcjonalny układ pomieszczeń mieszkanie w dobrym stanie , gotowe do zamieszkania przynależne miejsce postojowe przed budynkiem Nieruchomość stanowi świetną alternatywę dla mieszkania w bloku - oferuje większą prywatność, dodatkową przestrzeń na zewnątrz oraz komfort użytkowania. Zapraszamy na prezentację mieszkania!",,tak,aneks,,własność,,53.149284,23.221224
Białystok Starosielce,ul. Ateńska 3,3,50,499000,9980,Pośrednik,,14,https://adresowo.pl/o/mieszkanie-bialystok-starosielce-ul-atenska-3-pokojowe-a0z7i5,https://s2.adresowa.pl/oi/64/18/407fc0_28d7_cover@2x-3-pokojowe-mieszkanie-bialystok-starosielce-ul-atenska.webp,Białystok Starosielce,Ateńska 3,1,2026,blok,,"Nowe mieszkanie do własnej aranżacji! Bez podatku PCC. Zapraszam do zapoznania się z ofertą nowego mieszkania w stanie deweloperskim. Na powierzchnię 50,77m 2 składają się: salon z aneksem kuchennym 18,36 m 2 dwie oddzielne sypialnie 11,84 m 2 i 11,82 m 2 łazienka z wc 4,13 m 2 przedpokój 4,62m 2 Mieszkanie usytuowane jest na I piętrze niskiego, kameralnego bloku z 2026 roku przy ul. Ateńskiej 3. Nieruchomość w stanie deweloperskim, dzięki temu przyszły właściciel będzie mógł ją wykończyć zgodnie ze swoimi preferencjami. Dużą zaletą tego przytulnego mieszkania jest balkon 3,93m 2 oraz komórka lokatorska na piętrze - tuż obok mieszkania. Pod blokiem miejsca parkingowe oraz plac zabaw. Istnieje możliwość dokupienia garażu zamykanego w podziemiach budynku, Kupujący nie płaci podatku PCC (oszczędność prawie 10 000 zł). Mieszkanie zlokalizowane jest na osiedlu Starosielce - położenie w dynamicznie rozwijającej się dzielnicy na nowopowstającym osiedlu Rytm, w bezpośrednim sąsiedztwie Lasu Turczyńskiego. Bliskość tras przelotowych i komunikacji miejskiej sprawia, że mieszkańcy mają możliwość szybkiego i sprawnego dojazdu do centrum. W tej lokalizacji mamy również na sprzedaż: 3 pokoje na II piętrze z balkonem - metraż mieszkania 47,91m 2 (cena w stanie deweloperskim: 469 000) ISTNIEJE MOŻLIWOŚĆ ZAKUPU MIESZKANIA WYKOŃCZONEGO ZGODNIE Z PREFERENCJAMI KUPUJĄCEGO. Więcej informacji Aneta Grzegorek GRZEGOREK NIERUCHOMOŚCI tel. [numer] Pośrednik odpowiedzialny zawodowo za wykonanie umowy pośrednictwa: Aneta Grzegorek (licencja nr: 23825)",,,aneks,plastikowe,własność,,53.112752,23.08902
Białystok Centrum,ul. Jerzego Waszyngtona,2,32,325000,10156,bez pośredników,,6,https://adresowo.pl/o/mieszkanie-bialystok-centrum-ul-jerzego-waszyngtona-2-pokojowe-g0m0c9,https://s2.adresowa.pl/oi/6a/28/407cfa_a7b7_cover@2x-2-pokojowe-mieszkanie-bialystok-centrum-ul-jerzego-waszyngtona.webp,Białystok Centrum,Jerzego Waszyngtona,7,,blok,,"Na sprzedaż dwupokojowe mieszkanie o powierzchni 32,3 m², zlokalizowane na 7. piętrze wieżowca przy ul. Waszyngtona w Białymstoku. ​Na przestrzeń lokalu składają się dwa pokoje, oddzielna kuchnia, łazienka oraz przedpokój. Do mieszkania przynależy również komórka lokatorska w piwnicy. Mieszkanie jest do remontu, co daje nowemu nabywcy pełną swobodę aranżacji i wykończenia wnętrza całkowicie według własnego gustu. Blok znajduje się tuż obok Uniwersytetu Medycznego oraz Uniwersyteckiego Szpitala Klinicznego (USK) i Dziecięcego (UDSK). Niedaleko leży także kampus Politechniki Białostockiej. Okolica jest cicha, zielona i doskonale skomunikowana z resztą miasta. Nieruchomością zarządza Spółdzielnia Mieszkaniowa „Piaski”. Budynek przeszedł kompleksową termomodernizację. Wjazd na osiedlowy parking jest zabezpieczony szlabanem. ​Spółdzielcze własnościowe prawo do lokalu, wolne od obciążeń i dostępne od ręki. Sprzedaż w stanie widocznym na zdjęciach. ​Zapraszam do kontaktu i obejrzenia mieszkania na żywo! Jeśli nie odbieram, proszę o SMS.",tak,,osobna,,spółdzielcze własnościowe,,53.124996,23.156449
Białystok Antoniuk,ul. Antoniukowska,2,45,585000,13000,bez pośredników,,8,https://adresowo.pl/o/mieszkanie-bialystok-antoniuk-ul-antoniukowska-2-pokojowe-r9z9d7,https://s2.adresowa.pl/oi/12/35/407cb4_3149_cover@2x-2-pokojowe-mieszkanie-bialystok-antoniuk-ul-antoniukowska.webp,Białystok Antoniuk,Antoniukowska,2,2012,blok,,"Na sprzedaż świeżo wyremontowane, 2-pokojowe mieszkanie o powierzchni 45 m², położone przy ul. Antoniukowskiej 60 w Białymstoku. Mieszkanie znajduje się w nowoczesnym budynku z 2012 roku, wyposażonym w windę, na zadbanym i zamkniętym osiedlu. Dużym atutem jest zielone, wewnętrzne patio z przestrzenią do wypoczynku i placem zabaw. Miejsce jest spokojne, kameralne i dobrze oddzielone od miejskiego zgiełku. Mieszkanie Na powierzchnię 45 m² składają się: * przestronny i jasny salon, * ustawna sypialnia, * funkcjonalna łazienka, * przedpokój, * balkon, * osobna przestrzeń przeznaczona na kuchnię. Mieszkanie zostało wyremontowane, dzięki czemu nowy właściciel może od razu się wprowadzić i urządzić wnętrze według własnego gustu. Kuchnia została przygotowana pod zabudowę, pozostawia możliwość stworzenia jej dokładnie tak, jak będzie odpowiadać nowym właścicielom. Lokalizacja Nieruchomość znajduje się na osiedlu Antoniuk, w bardzo dobrze skomunikowanej części Białegostoku. W pobliżu znajdują się sklepy, punkty usługowe, komunikacja miejska oraz tereny sprzyjające spacerom i aktywnemu wypoczynkowi. Jednocześnie osiedle zapewnia spokój i prywatność dzięki zamkniętemu charakterowi. Najważniejsze atuty: - 45 m² - 2 pokoje - świeżo po remoncie - balkon - budynek z 2012 roku - winda - zamknięte, zadbane i zielone osiedle - zielone patio i plac zabaw - kuchnia przygotowana do własnej zabudowy - świetna lokalizacja na Antoniuku Mieszkanie idealne zarówno dla pary lub singla, jak i jako inwestycja pod wynajem. Sprzedaż bez pośrednika. Możliwa sprzedaż w euro. Zapraszam do kontaktu i obejrzenia mieszkania.",,,,,,,53.146086,23.133022
Białystok Zawady,ul. Atłasowa,4,62,645000,10403,bez pośredników,,10,https://adresowo.pl/o/mieszkanie-bialystok-zawady-ul-atlasowa-4-pokojowe-s9d9u0,https://s2.adresowa.pl/oi/18/5d/4076e8_d694_cover@2x-4-pokojowe-mieszkanie-bialystok-zawady-ul-atlasowa.webp,Białystok Zawady,Atłasowa,parter,2015,blok,,"Na sprzedaż funkcjonalne, jasne i bardzo dobrze doświetlone mieszkanie 4-pokojowe o powierzchni 62,44 m², położone na parterze kameralnego budynku z 2015 roku przy ul. Atłasowej w Białymstoku. Dużym atutem nieruchomości jest prywatny ogródek o powierzchni ok. 42 m², dostępny bezpośrednio z mieszkania przez balkon typu loggia. To idealne miejsce na poranną kawę, odpoczynek czy bezpieczną przestrzeń dla dzieci. Mieszkanie ma bardzo funkcjonalny układ i składa się z: - salonu z nowoczesnym aneksem kuchennym, - 3 oddzielnych, ustawnych pokoi - idealnych na sypialnię, pokój dziecięcy, gabinet lub pokój gościnny, - przestronnej łazienki z prysznicem, - wygodnego przedpokoju. Kuchnia jest w pełni wyposażona w sprzęt AGD: płyta ceramiczna, piekarnik, zmywarka oraz lodówka. Mieszkanie jest jasne i zadbane, a jego układ daje możliwość wygodnego wykorzystania przestrzeni zarówno przez rodzinę, jak i osoby potrzebujące dodatkowego pokoju do pracy lub nauki. Ogródek i przestrzeń zewnętrzna Do mieszkania przynależy ogródek o powierzchni ok. 42 m², co jest dużym atutem w przypadku mieszkania w mieście. Ogródek sprawdzi się jako: - miejsce wypoczynku i relaksu, - przestrzeń do zabawy dla dzieci, - miejsce na stół, leżaki czy rośliny, - dodatkowa prywatna przestrzeń na ciepłe dni. Do mieszkania przynależy również piwnica oraz dostęp do wspólnej rowerowni/wózkowni. Budynek - rok budowy: 2015, - budynek z cegły, - duże, 3-szybowe okna, - wysoka izolacyjność cieplna, - szerokie i wygodne klatki schodowe, - kameralna, spokojna zabudowa, - czynsz obecnie około 500 zł miesięcznie. Budynek posiada certyfikat charakterystyki energetycznej A+. Miejsce postojowe Istnieje możliwość zakupu miejsca postojowego w bryle budynku - miejsce jest dodatkowo płatne. Lokalizacja - ul. Atłasowa Mieszkanie znajduje się na spokojnym, kameralnym osiedlu, które zapewnia komfort życia z dala od miejskiego zgiełku, a jednocześnie umożliwia szybki dojazd do centrum i obwodnicy Białegostoku. W najbliższej okolicy: - ok. 100 m - Lewiatan, - ok. 100 m - paczkomat i pizzeria Savona, - ok. 350 m - supermarket Dino, - w bezpośrednim sąsiedztwie 5 placów zabaw, - przystanki komunikacji miejskiej - linie 9, 102 i 406. W promieniu około 1 km znajdują się m.in.: - Centrum Handlowe Auchan Produkcyjna, - Leroy Merlin, - Selgros, - McDonald's, - stacja paliw, - Media Expert, - szkoła podstawowa, - przedszkole w Fastach. W okolicy znajdują się również tereny rekreacyjne i miejsca sprzyjające spacerom oraz aktywnemu wypoczynkowi. Dojazd samochodem do centrum Białegostoku zajmuje około 10 minut. Najważniejsze atuty nieruchomości - 4 pokoje - 62,44 m² powierzchni mieszkania - 42 m² prywatnego ogródka - parter - balkon typu loggia - budynek z 2015 roku - 3-szybowe okna - niski czynsz - ok. 500 zł - piwnica - rowerownia/wózkownia - możliwość zakupu miejsca postojowego w budynku - spokojna okolica i dobra komunikacja - szybki dojazd do centrum i obwodnicy To mieszkanie będzie świetnym wyborem dla rodziny z dziećmi, ale również dla osób, które potrzebują dodatkowych pokoi na gabinet, pracownię lub pokój gościnny, a jednocześnie zależy im na własnym ogródku i spokojnym otoczeniu. Zapraszam do kontaktu i obejrzenia mieszkania na żywo.",tak,tak,aneks,plastikowe,własność,"Wyposażenie: lodówka, piekarnik, zmywarka",53.168433,23.078516
Białystok Starosielce,ul. Ateńskiej 3,3,47,469000,9979,Pośrednik,,13,https://adresowo.pl/o/mieszkanie-bialystok-starosielce-ul-atenskiej-3-pokojowe-h7b9s9,https://s2.adresowa.pl/oi/37/51/407fbc_6687_cover@2x-3-pokojowe-mieszkanie-bialystok-starosielce-ul-atenskiej.webp,Białystok Starosielce,Ateńskiej 3,2,2026,blok,,"Nowe mieszkanie do własnej aranżacji! Bez podatku PCC. Zapraszam do zapoznania się z ofertą nowego mieszkania w stanie deweloperskim. Na powierzchnię 47,91m 2 składają się: salon z aneksem kuchennym 17 m 2 dwie oddzielne sypialnie 10,08 m 2 i 9,45 m 2 łazienka z wc 4,86 m 2 przedpokój 6,52 m 2 Mieszkanie usytuowane jest na II piętrze niskiego, kameralnego bloku z 2026 roku przy ul. Ateńskiej 3. Nieruchomość w stanie deweloperskim, dzięki temu przyszły właściciel będzie mógł ją wykończyć zgodnie ze swoimi preferencjami. Dużą zaletą tego przytulnego mieszkania jest balkon 5,16m 2 oraz komórka lokatorska na piętrze - tuż obok mieszkania. Pod blokiem miejsca parkingowe oraz plac zabaw. Istnieje możliwość dokupienia garażu zamykanego w podziemiach budynku, Kupujący nie płaci podatku PCC (oszczędność ponad 9000 zł). Mieszkanie zlokalizowane jest na osiedlu Starosielce - położenie w dynamicznie rozwijającej się dzielnicy na nowopowstającym osiedlu Rytm, w bezpośrednim sąsiedztwie Lasu Turczyńskiego. Bliskość tras przelotowych i komunikacji miejskiej sprawia, że mieszkańcy mają możliwość szybkiego i sprawnego dojazdu do centrum. W tej lokalizacji mamy również na sprzedaż: 3 pokoje na I piętrze z balkonem - metraż mieszkania 50,77m 2 (cena w stanie deweloperskim: 499 000) ISTNIEJE MOŻLIWOŚĆ ZAKUPU MIESZKANIA WYKOŃCZONEGO ZGODNIE Z PREFERENCJAMI KUPUJĄCEGO. Więcej informacji Aneta Grzegorek GRZEGOREK NIERUCHOMOŚCI tel. [numer] Pośrednik odpowiedzialny zawodowo za wykonanie umowy pośrednictwa: Aneta Grzegorek (licencja nr: 23825)",,,aneks,plastikowe,własność,,53.112752,23.08902
Białystok Nowe Miasto,ul. Świętego Jerzego,3,60,519000,8650,Pośrednik,,13,https://adresowo.pl/o/mieszkanie-bialystok-nowe-miasto-ul-swietego-jerzego-3-pokojowe-r5q2x3,https://s2.adresowa.pl/oi/39/2b/404e68_9a40_cover@2x-3-pokojowe-mieszkanie-bialystok-nowe-miasto-ul-swietego-jerzego.webp,Białystok Nowe Miasto,Świętego Jerzego,4,1992,blok,,"3 pokoje po generalnym remoncie (60,04 m²) - ul. Św. Jerzego, Nowe Miasto Szukasz mieszkania, do którego możesz się wprowadzić bez remontu? Zależy Ci na wygodnym układzie, dużej ilości światła i spokojnej okolicy? Na sprzedaż mieszkanie o powierzchni 60,04 m² , położone na 4. piętrze w czteropiętrowym bloku z 1992 roku, przy ul. Św. Jerzego na Nowym Mieście. Generalny remont - mieszkanie zostało kompleksowo wyremontowane w 2021 roku. Właściciele bardzo o nie dbają, dlatego wciąż jest w bardzo dobrym stanie. Wygodny układ - dwie oddzielne sypialnie oraz duży salon otwarty na przedpokój. Osobna kuchnia, łazienka i WC pozwalają wygodnie korzystać z mieszkania kilkuosobowej rodzinie. Funkcjonalna kuchnia - zabudowa i blaty robocze znajdują się po obu stronach pomieszczenia, zapewniając dużo miejsca do pracy i przechowywania. Dużo światła - mieszkanie jest dwustronne, z ekspozycją wschód-zachód. IV piętro zapewnia dobre doświetlenie i większą prywatność. Duży, zabudowany balkon - dodatkowa przestrzeń, którą można wykorzystać nie tylko latem, ale również jako miejsce do przechowywania. Klimatyzacja - dodatkowy komfort w najcieplejszych miesiącach. Ocieplony i zaizolowany dach - prace wykonane w 2025 roku poprawiły komfort cieplny mieszkania, zarówno latem jak i zimą. Spokój - mieszkanie jest bardzo ciche, mimo że znajduje się w mieście. Okolica Ta część Nowego Miasta zapewnia wygodny dostęp do codziennej infrastruktury. W pobliżu są sklepy, piekarnie, warzywniaki, rzeźnicy i liczne małe punkty usługowe. Osiedle jest zielone, spokojne i dobrze skomunikowane z pozostałą częścią Białegostoku. Do mieszkania przynależy piwnica . Serdecznie zapraszam.",tak,,osobna,plastikowe,,Wyposażenie: klimatyzacja,53.10729,23.1258
Białystok Bojary,ul. Słonimska,4,88,885000,10057,bez pośredników,,18,https://adresowo.pl/o/mieszkanie-bialystok-bojary-ul-slonimska-4-pokojowe-d9v6i2,https://s2.adresowa.pl/oi/49/4f/4074de_a61d_cover@2x-4-pokojowe-mieszkanie-bialystok-bojary-ul-slonimska.webp,Białystok Bojary,Słonimska,1,2006,blok,,"Wyjątkowe przestronne mieszkanie 88,53 m2 | Centrum / Bojary 2003r. | bezpośrednio od właściciela Na sprzedaż komfortowe, bardzo funkcjonalne 4-pokojowe mieszkanie o powierzchni 88,53 m², zlokalizowane w sercu Białegostoku na cenionych i spokojnych Bojarach / Centrum (ul. Slonimska). Mieszkanie znajduje się na piętrze 1 w kameralnym budynku z cegły z 2006 roku. To idealne miejsce dla rodziny poszukującej przestrzeni, wygody oraz szybkiego dostępu do pełnej infrastruktury miejskiej. ATUTY NIERUCHOMOŚCI: - Doskonała lokalizacja: Centrum / Bojary to cicha i zielona okolica, a zarazem blisko szkół (ok. 100m szkoła podstawowa na ul. Kamiennej a całą trasę swojego dziecka możesz śledzić z mieszkania) przedszkoli, sklepów, restauracji i komunikacji miejskiej. - Solidne budownictwo: Kameralny blok z cegły (2003r.) z dobrą izolacją termiczną i akustyczną. - Przemyślany układ: 3 oddzielne sypialnie w oddzielonej strefie + salon z półotwartą kuchnią. - Komfortowe 1 piętro: Najbardziej poszukiwane piętro w budownictwie wielorodzinnym. - Monitoring. - Przynależna piwnica w cenie! - Możliwość dokupienia garażu w budynku (16,50 m²)! ROZKŁAD POMIESZCZEŃ (88,53 m²): - Przestronny Salon: jasny, ustawny, z bezpośrednim wyjściem na słoneczny balkon. - Półotwarta Kuchnia: z opcją całkowitego zamknięcia/oddzielenia od salonu. Zabudowa kuchenna wykonana na wymiar w 2023 roku wraz z nowym sprzętem AGD (zmywarka, lodówka w cenie mieszkania). - 3 Niezależne Sypialnie: komfortowe, idealne dla dzieci, na sypialnie główną lub gabinet/biuro do pracy z domu. - Praktyczna Garderoba: z przemyślaną zabudową stałą gwarantująca mnóstwo miejsca do przechowywania. - Funkcjonalna łazienka: wyposażona w wygodną wannę (możliwość pozostawienia 3-letniej pralki). - Duży Przedpokój: wygodna przestrzeń komunikacyjna łącząca wszystkie pomieszczenia. STAN TECHNICZNY I STANDARD: Mieszkanie jest zadbane, częściowo wymaga odświeżenia/dostosowania do własnych potrzeb: - Do odświeżenia: malowanie salonu i sypialni, cyklinowanie podłóg. - Łazienka: do własnej aranżacji, odświeżenia / remontu wg uznania nowego właściciela. DODATKOWE INFORMACJE: - Piwnica: duża, ustawna piwnica o powierzchni 4,10 m² W CENIE MIESZKANIA. - Garaż: możliwość dokupienia oddzielnego, indywidualnego garażu o powierzchni 16,50 m² (idealny na samochód, motocykl lub dodatkowy magazyn). LOKALIZACJA: świetny punkt na mapie Białegostoku (rejon ul. Słonimskiej / Bojary). W bliskim sąsiedztwie: - Szkoły, przedszkola, żłobki, - Sklepy spożywcze, punkty usługowe, apteki, - Parki i tereny spacerowe, - Przystanki komunikacji miejskiej (szybki dojazd w każdy punkt miasta). Zapraszam do kontaktu oraz na prezentacje nieruchomości! To wyjątkowa oferta dla osób szukających dużego metrażu w centrum miasta a jednocześnie w pięknej i spokojnej zielonej okolicy. Sprzedaż bezpośrednia - od właściciela - bez pośredników i prowizji! Cena: [885 000 zł] Dostępne!",tak,tak,aneks,plastikowe,własność,"Wyposażenie: lodówka, zmywarka",53.135127,23.178019
Białystok Piaski,ul. Marii Skłodowskiej-Curie,2,34,459000,13500,bez pośredników,,8,https://adresowo.pl/o/mieszkanie-bialystok-piaski-ul-marii-sklodowskiej-curie-2-pokojowe-x1d9l2,https://s2.adresowa.pl/oi/16/2f/4073f4_b3f6_cover@2x-2-pokojowe-mieszkanie-bialystok-piaski-ul-marii-sklodowskiej-curie.webp,Białystok Piaski,Marii Skłodowskiej-Curie,7,,blok,,"Mieszkanie, 2 oddzielne pokoje, jeden z balkonem, piękny widok na panoramę Białegostoku. Idealne jako inwestycja pod wynajem lub do zamieszkania od zaraz. Centrum, ul. Skłodowskiej 9 A. Po remoncie, 7 piętro, winda. W pełni wyposażone: lodówka, zmywarka, płyta indukcyjna, pralka, meble. Zlokalizowane w centrum, blisko Uniwersytetu Medycznego i Szpitala Uniwersyteckiego (idealne studentom UMB). Możliwa zamiana na inną nieruchomość w pobliżu. Bezpośrednio, agencje tylko z konkretnym klientem.",,,,,,"Wyposażenie: lodówka, pralka, zmywarka",53.128063,23.160608
Białystok Słoneczny Stok,ul. Wincentego Witosa,2,48,438000,9125,bez pośredników,,13,https://adresowo.pl/o/mieszkanie-bialystok-sloneczny-stok-ul-wincentego-witosa-2-pokojowe-t3w8a8,https://s2.adresowa.pl/oi/13/40/406394_b8ab_cover@2x-2-pokojowe-mieszkanie-bialystok-sloneczny-stok-ul-wincentego-witosa.webp,Białystok Słoneczny Stok,Wincentego Witosa,parter,,blok,,"Na sprzedaż mieszkanie o powierzchni 48,2 m², położone na parterze w 4-piętrowym bloku przy ulicy Witosa, na spokojnym i kameralnym osiedlu. Układ mieszkania obejmuje: przestronny salon z dużym balkonem i zejściem prosto do ogródka, oddzielną kuchnię, sypialnię, łazienkę, toaletę i przedpokój. Lokal jest dwustronny i brak w nim pomieszczeń przechodnich. Ogromną zaletą nieruchomości jest również ogródek - idealne miejsce na poranną kawę, odpoczynek po pracy, zabawę z dziećmi czy stworzenie własnej zielonej strefy relaksu. Dodatkowo mieszkańcy mogą korzystać z balkonu, który zapewnia jeszcze więcej przestrzeni do codziennego wypoczynku. Przy budynku jest mnóstwo miejsc parkingowych. Do mieszkania przynależy również piwnica o powierzchni 4,1 m², stanowiąca praktyczne miejsce do przechowywania. Dużym atutem nieruchomości jest lokalizacja. Osiedle zapewnia bardzo dobry dostęp do komunikacji miejskiej oraz pełnej infrastruktury potrzebnej w codziennym życiu. W pobliżu znajdują się liczne przystanki autobusowe, sklepy, szkoły, przedszkola, żłobek, przychodnia, biblioteka, apteka, basen, paczkomaty oraz place zabaw. Dojazd do ścisłego centrum Białegostoku zajmuje zaledwie kilka minut. Budynek położony jest w otoczeniu zieleni, dzięki czemu mimo dobrej komunikacji z centrum, okolica zapewnia spokojne warunki do życia i wypoczynku.",tak,,osobna,,,,53.132235,23.105356
Białystok Antoniuk,ul. Władysława Broniewskiego,4,54,570000,10556,Pośrednik,,12,https://adresowo.pl/o/mieszkanie-bialystok-antoniuk-ul-wladyslawa-broniewskiego-4-pokojowe-o3j3d1,https://s2.adresowa.pl/oi/6d/21/3ff786_cc04_cover@2x-4-pokojowe-mieszkanie-bialystok-antoniuk-ul-wladyslawa-broniewskiego.webp,Białystok Antoniuk,Władysława Broniewskiego,2,1968,blok,,"Na sprzedaż dwa mieszkania przy ul. Broniewskiego na osiedlu Antoniuk w Białymstoku , oferowane w ramach jednej inwestycji. Oba lokale są obecnie wynajmowane , dzięki czemu zakup stanowi gotową inwestycję z funkcjonującym najmem. Nieruchomość może być atrakcyjną propozycją dla inwestora, który szuka stabilnego źródła dochodu bez konieczności rozpoczynania procesu od poszukiwania najemców . Najważniejsze atuty: 2 wynajmowane mieszkania, ROI netto ok. 6,5% , gotowy produkt inwestycyjny, regularny dochód z najmu, atrakcyjna lokalizacja - Antoniuk, ul. Broniewskiego , możliwość dalszego utrzymywania mieszkań w najmie. To ciekawa propozycja zarówno dla doświadczonego inwestora, jak i osoby, która chce rozpocząć inwestowanie w nieruchomości od gotowego, wynajętego produktu . Zapraszamy do kontaktu!",,,aneks,plastikowe,własność,,53.139447,23.12986
Białystok Wygoda,ul. 42 Pułku Piechoty 72D,4,65,799000,12292,Pośrednik,,17,https://adresowo.pl/o/mieszkanie-bialystok-wygoda-ul-42-pulku-piechoty-4-pokojowe-y5s4h3,https://s2.adresowa.pl/oi/72/1e/3fea74_27e1_cover@2x-4-pokojowe-mieszkanie-bialystok-wygoda-ul-42-pulku-piechoty.webp,Białystok Wygoda,42 Pułku Piechoty 72D,2,2017,blok,,"Na sprzedaż słoneczne, dwustronne mieszkanie o powierzchni 65,53 m² położone przy ul. 42 Pułku Piechoty 72D . Nieruchomość znajduje się na 2 piętrze w niskim 3 piętrowym bloku z 2017 roku . To Idealna propozycja dla rodziny ceniącej komfort, wysoki standard oraz spokojne, rodzinne osiedle. Najważniejsze atuty: ✔ 3 oddzielne pokoje ✔ salon z aneksem kuchennym ✔ 2 komfortowe łazienki ( jedna z wanną, druga z prysznicem.) ✔ duży balkon od strony zachodniej ✔ piwnica o powierzchni ok 4 m2 ✔ gotowe do zamieszkania ✔ dwustronna ekspozycja wschód-zachód Standard wykończenia: ✔ dębowy parkiet ułożony w jodełkę francuską ✔ zabudowy stolarskie wykonane na wymiar ✔ efektowne sufity podwieszane z oświetleniem LED ✔ podświetlana zabudowa całej ściany w salonie ✔ Dwie komfortowe łazienki wyposażone m.in. w armaturę i ceramikę Duravit, Villeroy & Boch oraz Grohe. ✔ Kuchnia na wymiar z olejowanym dębowym blatem i wysokiej klasy wyposażeniem: Bosch, Samsung, Schock, Hansgrohe oraz Toflesz. Istnieje możliwość dokupienia garażu o powierzchni 20,16 m² - 99 000 zł. Lokalizacja: Osiedle Nowa Wygoda - to spokojne rodzinne osiedle z szybkim dojazdem do centrum. W pobliżu znajdują się sklepy, szkoły, przedszkola, punkty usługowe oraz tereny zielone i place zabaw. To mieszkanie dla osób, które szukają wysokiego standardu, funkcjonalnego układu i wnętrza gotowego do zamieszkania bez dodatkowych remontów . Zapraszamy do kontaktu i umówienia prezentacji. Pośrednik odpowiedzialny zawodowo za wykonanie umowy pośrednictwa: Maja Sztukiewicz (licencja nr: )",,tak,aneks,plastikowe,własność,,53.147897,23.202438
Białystok Wygoda,ul. Romualda Traugutta,2,38,330000,8684,bez pośredników,,3,https://adresowo.pl/o/mieszkanie-bialystok-wygoda-ul-romualda-traugutta-2-pokojowe-n8q5q9,https://s2.adresowa.pl/oi/79/76/406280_c3e1_cover@2x-2-pokojowe-mieszkanie-bialystok-wygoda-ul-romualda-traugutta.webp,Białystok Wygoda,Romualda Traugutta,4,1973,blok,,"Słoneczne 2-pokojowe mieszkanie z widokiem na zieleń | Wygoda/Bojary | 330 000 zł Na sprzedaż mieszkanie o powierzchni 38 m² na 4. piętrze (ostatnim) w 4-piętrowym budynku z cegły, rok budowy 1973, ul. Pułkowa, Białystok. Pełna własność. Lokalizacja Mieszkanie znajduje się na pograniczu Wygody i Bojarów — spokojna okolica, a jednocześnie blisko wszystkiego. Obok sklep PSS Wygoda oraz przystanek autobusowy (50 m), skąd do centrum dojedziemy w zaledwie 3 przystanki. W pobliżu stacja PKP Białystok Fabryczny oraz bardzo dobry dojazd do obwodnicy Białegostoku — idealnie dla osób dojeżdżających samochodem poza miasto. Dla miłośników zieleni: blisko Skwer Włodzimierza Zankiewicza, a także Górka na Pietraszach i Las Pietrasze — mnóstwo terenów zielonych w bliskiej odległości. Parking pod blokiem, ogólnodostępny. Mieszkanie Dwa oddzielne pokoje i osobna, widna kuchnia. Okna PCV wychodzą na południowy zachód — mieszkanie jest bardzo słoneczne przez cały dzień, a widok z okien nie jest niczym zasłonięty — zieleń i skwer. Dodatkowym atutem jest cisza, mimo dobrej lokalizacji komunikacyjnej. Łazienka z WC. Ogrzewanie miejskie, media miejskie, w budynku dostępna również instalacja gazowa. Do mieszkania przynależy francuski balkon oraz piwnica. Mieszkanie jest do wejścia, wolne od zaraz, ewentualnie do lekkiego odświeżenia — bez konieczności generalnego remontu.",tak,,osobna,plastikowe,własność,,53.141335,23.183942
Białystok Dziesięciny,ul. Palmowa,2,33,369000,11182,bez pośredników,,14,https://adresowo.pl/o/mieszkanie-bialystok-dziesieciny-ul-palmowa-2-pokojowe-r7d5l2,https://s2.adresowa.pl/oi/7a/7e/4060fc_fbf6_cover@2x-2-pokojowe-mieszkanie-bialystok-dziesieciny-ul-palmowa.webp,Białystok Dziesięciny,Palmowa,3,1997,blok,,"Na sprzedaż funkcjonalne, dwupokojowe mieszkanie o powierzchni 33,3 m², zlokalizowane przy ul. Palmowej 36a w Białymstoku. Nieruchomość znajduje się w spokojnej, zielonej okolicy osiedla Dziesięciny (4,5km od ścisłego centrum) z doskonale rozwiniętą infrastrukturą. Nieruchomość mieści się w zadbanym, kameralnym bloku wybudowanym z tzw. nowej cegły pod koniec lat 90 - tych. Rozkład i wnętrze: - Salon z aneksem kuchennym - Sypialnia - Łazienka - Przedpokój z zabudową - Do lokalu przynależy piwnica - Ogrzewanie podłogowe w kuchni Perfekcyjna lokalizacja (odległości pieszo): - Szkoła Podstawowa nr 47 zaledwie 200 metrów - Przedszkole Samorządowe nr 58 (im. Jana Wilkowskiego) tylko 300 metrów - Biedronka (przy ul. Gajowej) tylko 900 metrów. - Market Lidl (przy ul. Jesionowej) około 1 km.",tak,,aneks,plastikowe,,,53.156896,23.122027
Białystok Nowe Miasto,ul. Wiejska,4,57,510000,8947,bez pośredników,,26,https://adresowo.pl/o/mieszkanie-bialystok-nowe-miasto-ul-wiejska-4-pokojowe-r1w8p7,https://s2.adresowa.pl/oi/5d/36/405e82_cdea_cover@2x-4-pokojowe-mieszkanie-bialystok-nowe-miasto-ul-wiejska.webp,Białystok Nowe Miasto,Wiejska,3,1975,blok,,"Na sprzedaż 4-pokojowe mieszkanie o powierzchni 57,7 m² na osiedlu Bema – w bezpośrednim sąsiedztwie Politechniki Białostockiej i zaledwie kilkanaście minut spacerem od centrum. Cztery pokoje na 57,7 m² oraz lokalizacja tuż przy Politechnice Białostockiej, blisko centrum i komunikacji miejskiej, sprawiają, że mieszkanie sprawdzi się zarówno jako wygodne miejsce do życia, jak i zakup inwestycyjny. UKŁAD MIESZKANIA • 4 pokoje, w tym jeden przejściowy • oddzielna kuchnia • łazienka z WC • korytarz Do mieszkania przynależy również komórka piwniczna. MIESZKANIE GOTOWE DO ZAMIESZKANIA Mieszkanie jest gotowe do zamieszkania od razu, bez konieczności przeprowadzania remontu. Dodatkowe atuty: • trzyszybowe okna wymienione dwa lata temu, zapewniające bardzo dobrą izolację termiczną i akustyczną • wyremontowana klatka schodowa • możliwość pozostawienia w cenie części wyposażenia, m.in. pralki, nowej kuchenki i telewizora LOKALIZACJA Mieszkanie znajduje się na osiedlu Bema, w bezpośrednim sąsiedztwie Politechniki Białostockiej. To bardzo atrakcyjna lokalizacja również z punktu widzenia inwestycyjnego – szczególnie ze względu na bliskość uczelni i centrum. Jednocześnie w najbliższej okolicy znajduje się wszystko, czego potrzeba na co dzień: • dwa przedszkola i żłobek • szkoła podstawowa • sklepy • apteka • ośrodek medyczny • sklep spożywczy z jadłodajnią i piekarnią • ścieżki rowerowe i stacje rowerów miejskich KOMUNIKACJA Bezpośrednio przy bloku znajdują się cztery przystanki komunikacji miejskiej, zapewniające bardzo dobre połączenie z pozostałymi częściami Białegostoku. Do centrum można dojść w około 15 minut spacerem. PARKING Mieszkańcy mają możliwość korzystania z trzech bezpłatnych parkingów przy bloku, zabezpieczonych szlabanami. MEDIA • pełne media • szybki internet światłowodowy • telewizja satelitarna • możliwość cesji istniejących umów lub rezygnacji z nich – według decyzji kupującego STAN PRAWNY Spółdzielcze własnościowe prawo do lokalu z księgą wieczystą. Mieszkanie jest obecnie obciążone kredytem hipotecznym. Hipoteka zostanie w całości uregulowana w ramach transakcji, zgodnie ze standardową procedurą notarialną. Sprzedaż bezpośrednio od właściciela. Pośrednikom dziękujemy.",tak,,osobna,plastikowe,spółdzielcze własnościowe,"Wyposażenie: internet, telewizor",53.116624,23.144715
Białystok Wysoki Stoczek,ul. Łagodna,3,48,379000,7896,Pośrednik,,10,https://adresowo.pl/o/mieszkanie-bialystok-wysoki-stoczek-ul-lagodna-3-pokojowe-p4i7i0,https://s2.adresowa.pl/oi/32/55/3f4c36_839b_cover@2x-3-pokojowe-mieszkanie-bialystok-wysoki-stoczek-ul-lagodna.webp,Białystok Wysoki Stoczek,Łagodna,2,1986,blok,,"Na sprzedaż mieszkanie o świetnym układzie przestrzennym, zlokalizowane przy ul. Łagodnej. Idealna propozycja dla rodziny ceniącej prywatność. Nieruchomość o powierzchni 48,3 m² znajduje się na wygodnym, drugim piętrze w budynku z windą. Największe atuty mieszkania: Funkcjonalny układ: 3 całkowicie niezależne pokoje, które dają mnóstwo możliwości aranżacyjnych. Oddzielna kuchnia: Przestronna i jasna Prywatna przestrzeń: Mieszkanie posiada balkon oraz osobną łazienkę. Potencjał: Lokal jest przeznaczony do remontu. Daje to nowemu nabywcy niepowtarzalną szansę na zaprojektowanie i wykończenie wnętrz dokładnie według własnego gustu – bez konieczności pójścia na kompromisy z poprzednim wystrojem! Mieszkanie jest doskonale doświetlone, a widok z okien (co można zauważyć na załączonych zdjęciach) daje poczucie przestrzeni. Zainteresowanych zapraszam na prezentację mieszkania, aby na własne oczy przekonać się o jego ogromnym potencjale. Kontakt: Zapraszam do kontaktu telefonicznie pod numerem: [numer]! UWAGA! Dla zainteresowanych klientów oferujemy również pomoc w uzyskaniu kredytu hipotecznego. Współpracujemy z doświadczonym doradcą finansowym, który bezpłatnie sprawdzi zdolność kredytową, porówna oferty banków i przeprowadzi przez cały proces finansowania zakupu nieruchomości.",tak,,osobna,,,,53.1443,23.1081
Białystok Dziesięciny,ul. Gajowa,3,48,525000,10938,Pośrednik,,3,https://adresowo.pl/o/mieszkanie-bialystok-dziesieciny-ul-gajowa-3-pokojowe-o4t4k4,https://s2.adresowa.pl/oi/2a/19/3f342a_710c_cover@2x-3-pokojowe-mieszkanie-bialystok-dziesieciny-ul-gajowa.webp,Białystok Dziesięciny,Gajowa,3,1982,blok,,"Oferuję na sprzedaż funkcjonalne i przestronne mieszkanie o powierzchni 47,7 m², zlokalizowane na osiedlu Dziesięciny w Białymstoku. Mieszkanie przechodzi właśnie generalny remont — w jego trakcie zostanie wymieniona cała instalacja elektryczna oraz hydrauliczna, a lokal otrzyma nowe wykończenie i wyposażenie. W cenie mieszkania: kompletna zabudowa kuchenna z AGD, szafy w przedpokoju oraz w garderobie, gdzie znajdzie się również miejsce na pralkę. Kupujesz mieszkanie gotowe do wprowadzenia — bez żadnych dodatkowych nakładów i remontu. Najważniejsze informacje: Powierzchnia: 47,7 m² Rozkład: salon z aneksem kuchennym, dwie sypialnie, garderoba z pralką, łazienka, korytarz Piętro: 3/4 Stan: W trakcie generalnego remontu Balkon: Tak Piwnica: Tak * Zdjęcia przedstawiają projekt stworzony przez architekta. Decydując się na zakup w trakcie trwania remontu, masz unikalną szansę wprowadzenia własnych zmian w aranżacji wnętrza — możliwość dopasowania wykończenia i układu do swoich potrzeb, bez konieczności przeprowadzania własnych prac w przyszłości. Pomagamy w uzyskaniu kredytu hipotecznego – współpracujemy z doświadczonymi doradcami finansowymi, którzy przeprowadzą Cię przez cały proces. Zapraszam do kontaktu.",tak,,,,,Wyposażenie: pralkę,53.1551,23.12
Białystok Centrum,ul. Józefa Marjańskiego 3,3,77,805000,10455,bez pośredników,,25,https://adresowo.pl/o/mieszkanie-bialystok-centrum-ul-jozefa-marjanskiego-3-pokojowe-i7k8e2,https://s2.adresowa.pl/oi/3d/12/39765e_4743_cover@2x-3-pokojowe-mieszkanie-bialystok-centrum-ul-jozefa-marjanskiego.webp,Białystok Centrum,Józefa Marjańskiego 3,6,2004,apartamentowiec,,"Sprzedam mieszkanie w dobrym stanie, mozliwosc zamieszkania od razu po wydaniu kluczy. Nieruchomosc posiada ksiege wieczysta i jest to pelna wlasnosc Nieruchomosc znajduje sie na szóstym pietrze i ma powierzchnie 77,2m2 Sklada sie salonu z aneksem kuchennym (36,4m2)korytarz (4,4m2) zabudowany szafami , sypialni (17,4 m2), dodatkowy pokoj -gabinet(10,6m2),salon lazienkiegowy z wanną i prysznicem( 8,4m2). Zabudowa kuchni nowa ,wyposażona jest w nowoczesne sprzęty, takie jak lodówka, mikrofala, piekarnik i zmywarka. Pralka -suszarka w zabudowie w przedpokoju. Wyposazenie(meble ,RTV) zostanie. Mieszkanie wyposazone w klimatyzacje LG(chlodzenie-grzanie) Miezkanie położone w ścisłym centrum Białegostoku.Dla mieszkancow przeznaczony jest parking przy budynku do ktorego jest mozliwy wjazd za pomoca karty dostepu Agencjom Pośrednictwa dziękuję,prosze nie dzwonić!!! Cena mieszkania do negocjacji!!!",,,aneks,plastikowe,własność,"Wyposażenie: klimatyzacje, lodówka, piekarnik, pralka, suszarka, tv, zmywarka",53.129769,23.154625
Białystok Antoniuk,ul. Wierzbowa,2,45,659000,14644,bez pośredników,,13,https://adresowo.pl/o/mieszkanie-bialystok-antoniuk-ul-wierzbowa-2-pokojowe-o4i9q7,https://s2.adresowa.pl/oi/11/24/405768_76b9_cover@2x-2-pokojowe-mieszkanie-bialystok-antoniuk-ul-wierzbowa.webp,Białystok Antoniuk,Wierzbowa,5,2021,apartamentowiec,,"Na sprzedaż wyjątkowo funkcjonalne, zadbane i nowocześnie urządzone 2-pokojowe mieszkanie o powierzchni 45, 49 m2 położone na V piętrze nowoczesnego budynku z 2021 roku, wyposażonego w windę. To idealna propozycja dla osób, które cenią komfort, funkcjonalny układ, nowoczesne wykończenie i możliwość wprowadzenia się bez konieczności ponoszenia dodatkowych nakładów. Mieszkanie zostało urządzone ze szczególną dbałością o funkcjonalność i estetykę, dzięki czemu jest gotowe do zamieszkania i nie wymaga dodatkowych nakładów. W skład mieszkania wchodzą: * przestronny salon z wyjściem na wyjątkowo duży balkon o powierzchni 12 m², * ustawna i widna sypialnia, * oddzielna kuchnia z nowoczesną zabudową i kompletnym sprzętem AGD, * nowoczesna łazienka z dużą, wygodną kabiną prysznicową, * funkcjonalny przedpokój z pojemną zabudową. Jednym z niewątpliwych atutów mieszkania jest oddzielna kuchnia, co docenią osoby, które preferują wyraźny podział pomiędzy strefą kuchenną a częścią wypoczynkową. Kuchnia została wykonana z wysokiej jakości materiałów, urządzona w nowoczesnym, spójnym stylu i wyposażona w kompletny sprzęt AGD. Jest gotowa do użytkowania od pierwszego dnia – bez konieczności ponoszenia Dużym atutem mieszkania jest balkon o powierzchni aż 12 m². Budynek położony jest z dala od bezpośredniego ruchu ulicznego, co zapewnia większy komfort i spokój. W najbliższym otoczeniu znajduje się dużo zieleni, zadbane patio oraz park. To wyjątkowe połączenie pozwalające korzystać z zalet miejskiego życia, a jednocześnie cieszyć się spokojem i przyjemnym otoczeniem. Dodatkowym atutem jest bliskość centrum miasta – spacer do centrum zajmuje około 10–15 minut. W cenie mieszkania komórka lokatorska. 🎯 Do ceny mieszkania należy doliczyć miejsce postojowe w garażu podziemnym w cenie 40 000 zł. 🎯 Finalna cena mieszkania z komórka lokatorska i miejscem postojowym w garażu podziemnym to 699 000 zł W cenie mieszkania pozostają stałe zabudowy wraz ze sprzętem AGD. Wspólnota, czynsz wiosna- lato 440 zł. Duża prywatność bo mieszkanie graniczy tylko z jednym sąsiadem. Biurom nieruchomości dziękuję! Zapraszam tylko z zainteresowanym klientem.",tak,tak,osobna,plastikowe,własność,,53.143647,23.130309
Białystok Antoniuk,ul. Władysława Broniewskiego,3,54,405000,7500,bez pośredników,,13,https://adresowo.pl/o/mieszkanie-bialystok-antoniuk-ul-wladyslawa-broniewskiego-3-pokojowe-f9m9k0,https://s2.adresowa.pl/oi/1e/43/405310_84d3_cover@2x-3-pokojowe-mieszkanie-bialystok-antoniuk-ul-wladyslawa-broniewskiego.webp,Białystok Antoniuk,Władysława Broniewskiego,2,,blok,,"Zapraszam do zapoznania się z ofertą mieszkania (KW) trzypokojowego zlokalizowanego na 2 piętrze budynku przy ul. Broniewskiego, kilka minut dojazdu do centrum. Budynek wspólnota KW. Do mieszkania przynależy piwnica oraz balkon. Ogrzewanie (bez podzielników) i woda w czynszu. Czynsz na chwilę obecną to 850 zł. Przekazanie mieszkania bezpośrednio po zakupie. Zapraszam do kontaktu.",tak,,,,,,53.139833,23.130284
Białystok Os. Młodych,ul. Prowiantowa,3,52,690000,13269,bez pośredników,,13,https://adresowo.pl/o/mieszkanie-bialystok-os-mlodych-ul-prowiantowa-3-pokojowe-m2e1q7,https://s2.adresowa.pl/oi/24/30/404e7e_c6b8_cover@2x-3-pokojowe-mieszkanie-bialystok-os-mlodych-ul-prowiantowa.webp,Białystok Os. Młodych,Prowiantowa,5,2021,apartamentowiec,,"Nowoczesne mieszkanie na sprzedaż - Białystok, ul. Prowiantowa 15 Cena: 690 000 zł Powierzchnia: 52 m² 5. piętro | budynek 2021 r. | 8 pięter | winda Na sprzedaż nowoczesne, w pełni wykończone mieszkanie, gotowe do zamieszkania, położone w nowoczesnym apartamentowcu przy ul. Prowiantowej 15 w Białymstoku. Mieszkanie znajduje się na 5. piętrze, dzięki czemu zapewnia komfort, prywatność oraz atrakcyjny widok na okolicę. Układ mieszkania: • przestronny salon z aneksem kuchennym, • dwie sypialnie, • nowoczesna łazienka, • balkon. Świetna lokalizacja Nieruchomość znajduje się w bardzo dobrej lokalizacji, z dogodnym dostępem do komunikacji miejskiej oraz najważniejszych punktów miasta. W pobliżu znajduje się dworzec PKP, co jest dużym atutem dla osób podróżujących. Wokół znajdują się zielone tereny, idealne do spacerów i aktywnego wypoczynku. Lokalizacja łączy wygodę życia w mieście z bliskością zieleni. Nowoczesny apartamentowiec Budynek z 2021 roku, posiadający 8 pięter, windę oraz przestronne i estetyczne klatki schodowe. Mieszkanie zostało wykończone w nowoczesnym stylu i jest gotowe do zamieszkania - bez konieczności ponoszenia dodatkowych nakładów. Najważniejsze atuty: 52 m² 5. piętro 3 pokoje salon z aneksem kuchennym 2 sypialnie łazienka balkon nowoczesne wykończenie gotowe do zamieszkania apartamentowiec z 2021 roku 8-piętrowy budynek winda przestronne klatki schodowe blisko dworca PKP zielone tereny w okolicy atrakcyjna lokalizacja w Białymstoku Cena: 690 000 zł",,,aneks,plastikowe,własność,,53.1347542,23.1275284
Białystok Sienkiewicza,ul. Nowogródzka,3,53,639000,12057,Pośrednik,,13,https://adresowo.pl/o/mieszkanie-bialystok-sienkiewicza-ul-nowogrodzka-3-pokojowe-d9u3k5,https://s2.adresowa.pl/oi/41/61/3f32ea_7dd2_cover@2x-3-pokojowe-mieszkanie-bialystok-sienkiewicza-ul-nowogrodzka.webp,Białystok Sienkiewicza,Nowogródzka,parter,1968,blok,,"3-pokojowe mieszkanie po generalnym remoncie - Osiedle Sienkiewicza, ul. Nowogródzka, Polecamy na sprzedaż mieszkanie o powierzchni 53,80 m² , położone na parterze w budynku z cegły z 1968 roku , zlokalizowanym na cenionym Osiedlu Sienkiewicza w Białymstoku. To spokojna, zielona okolica z doskonale rozwiniętą infrastrukturą, zapewniająca wygodę codziennego życia oraz szybki dostęp do centrum miasta. Nieruchomość składa się z 3 oddzielnych pokoi , dzięki czemu doskonale sprawdzi się zarówno dla rodziny, jak i pod inwestycję. Lokal przeszedł generalny remont , obejmujący wykonanie nowej instalacji hydraulicznej, wymianę kaloryferów oraz instalacji elektrycznej wraz z przyłączem 3-fazowym . Przygotowano również instalację pod montaż klimatyzacji. W mieszkaniu wykonano nową wylewkę samopoziomującą, na podłogach położono panele Dąb Astoria , natomiast w przedpokoju zastosowano gres. Zamontowano nowe okna PCV oraz parapety z konglomeratu. Łazienka została wykonana od podstaw i wykończona z wykorzystaniem zabudowy wykonanej przez stolarza. Kuchnia została wykonana na wymiar przez stolarza i wyposażona w nowy sprzęt AGD i RTV . Na zamówienie wykonano również drewniane drzwi wewnętrzne wraz z framugami. Dodatkowym atutem są wzmocnione i wyciszone drzwi wejściowe , które zwiększają komfort i bezpieczeństwo mieszkańców. Dużym atutem nieruchomości jest świetna lokalizacja . W bezpośrednim sąsiedztwie znajdują się Galeria Jurowiecka , przystanki komunikacji miejskiej, szkoły średnie, sklepy, apteki, Biedronka oraz liczne punkty usługowe. W okolicy nie brakuje terenów zielonych i miejsc do spacerów oraz rekreacji, co sprawia, że jest to idealne miejsce do zamieszkania. Zapraszamy do kontaktu oraz na prezentację nieruchomości. Chętnie odpowiemy na wszystkie pytania i pomożemy na każdym etapie zakupu. Pośrednik odpowiedzialny zawodowo za wykonanie umowy pośrednictwa: Maja Sztukiewicz (licencja nr: )",,,,plastikowe,spółdzielcze własnościowe,Wyposażenie: tv,53.141299,23.163353
Białystok Jaroszówka,ul. Jaroszówka,4,87,779000,8954,Pośrednik,,15,https://adresowo.pl/o/mieszkanie-bialystok-jaroszowka-ul-jaroszowka-4-pokojowe-o1b1i7,https://s2.adresowa.pl/oi/70/66/3f3286_5229_cover@2x-4-pokojowe-mieszkanie-bialystok-jaroszowka-ul-jaroszowka.webp,Białystok Jaroszówka,Jaroszówka,parter,2026,blok,,"Na sprzedaż wyjątkowy, bezczynszowy apartament dwupoziomowy o powierzchni 87 m² z prywatnym tarasem widokowym o powierzchni aż 50 m², położony na osiedlu Jaroszówka w Białymstoku. To nieruchomość, która łączy przestrzeń i funkcjonalność domu jednorodzinnego z wygodą nowoczesnego apartamentu. Dwupoziomowy układ pozwala na komfortowe oddzielenie strefy prywatnej od części dziennej, a imponujący taras na dachu stwarza dodatkową przestrzeń do wypoczynku, spotkań z rodziną i przyjaciółmi oraz realizacji własnych pomysłów aranżacyjnych. Położenie w spokojnej części osiedla Jaroszówka, w bezpośrednim sąsiedztwie Lasu Pietrasze, zapewnia wyjątkowe warunki do życia dla osób ceniących bliskość natury, jednocześnie pozostając w dogodnej odległości od centrum miasta. ⸻ NAJWAŻNIEJSZE ATUTY • bezczynszowy apartament dwupoziomowy o powierzchni 87 m² • prywatny taras widokowy na dachu o powierzchni aż 50 m² dostępny wyłącznie dla właściciela lokalu • funkcjonalny układ przypominający dom jednorodzinny • trzy niezależne sypialnie • przestronny salon z aneksem kuchennym • dwie łazienki oraz dodatkowe WC • wyraźny podział na strefę prywatną i dzienną • kameralna zabudowa • miejsce postojowe przynależne do lokalu • rynek pierwotny • kupujący zwolniony z podatku PCC • brak czynszu administracyjnego • ogrzewanie gazowe • możliwość montażu instalacji fotowoltaicznej • możliwość wykończenia pod klucz wraz z indywidualnym projektem architekta • nowoczesna architektura budynku • sąsiedztwo zabudowy jednorodzinnej • bezpośrednia bliskość Lasu Pietrasze • szybki dojazd do centrum miasta • możliwość połączenia dwóch lokali i uzyskania nieruchomości o powierzchni ok. 169 m² z ogrodem i tarasem widokowym • nieruchomość oddawana w standardzie deweloperskim ⸻ UKŁAD APARTAMENTU Dwupoziomowy układ mieszkania został zaprojektowany z myślą o wygodzie codziennego życia. Poszczególne kondygnacje tworzą naturalny podział na strefę prywatną oraz część dzienną przeznaczoną do wspólnego spędzania czasu. I POZIOM – STREFA WEJŚCIOWA I PRYWATNA • wiatrołap • przestronna komunikacja • komfortowa sypialnia lub gabinet • garderoba • łazienka To idealna przestrzeń dla osób pracujących zdalnie lub potrzebujących dodatkowej prywatnej strefy dla domowników. II POZIOM – STREFA DZIENNA I SYPIALNIE • przestronny salon z aneksem kuchennym • dwie niezależne sypialnie • łazienka z oknem • osobne WC z oknem • funkcjonalna komunikacja Centralnym punktem apartamentu jest jasny salon połączony z częścią kuchenną. Przestrzeń pozwala na swobodną aranżację strefy wypoczynkowej oraz jadalnianej, tworząc komfortowe miejsce do codziennego życia i spotkań z bliskimi. III POZIOM – TARAS WIDOKOWY • prywatny taras o powierzchni aż 50 m² To wyjątkowa przestrzeń, która stanowi naturalne przedłużenie apartamentu. Taras daje ogromne możliwości aranżacyjne – można stworzyć tutaj strefę relaksu, miejsce do spotkań z rodziną i przyjaciółmi, letnią jadalnię, przestrzeń do ćwiczeń, a nawet własny zielony ogród na dachu. Tak duża prywatna przestrzeń zewnętrzna jest rozwiązaniem niezwykle rzadko spotykanym na rynku nieruchomości. ⸻ STANDARD I WYKOŃCZENIE Apartament oferowany jest w standardzie deweloperskim, co pozwala nowemu właścicielowi na pełną swobodę aranżacji wnętrz zgodnie z własnym stylem i potrzebami. Nowoczesna bryła budynku, funkcjonalny układ pomieszczeń oraz duże możliwości aranżacyjne sprawiają, że nieruchomość doskonale odpowiada współczesnym oczekiwaniom klientów poszukujących komfortowej przestrzeni do życia. Dodatkowym atutem jest możliwość wykończenia nieruchomości pod klucz wraz z kompleksowym projektem przygotowanym przez architekta wnętrz. ⸻ DLA KOGO? • dla rodzin poszukujących większej przestrzeni • dla osób marzących o komforcie domu bez konieczności jego budowy • dla klientów ceniących prywatność i nowoczesne rozwiązania • dla osób pracujących zdalnie • dla miłośników aktywnego stylu życia i bliskości natury • dla klientów szukających nieruchomości na rynku pierwotnym • również jako inwestycja kapitału ⸻ LOKALIZACJA – JAROSZÓWKA Jaroszówka to jedna z najbardziej cenionych części Białegostoku, szczególnie przez osoby poszukujące spokojnego miejsca do życia w otoczeniu zieleni. Bezpośrednie sąsiedztwo Lasu Pietrasze zapewnia doskonałe warunki do spacerów, biegania, jazdy na rowerze oraz aktywnego wypoczynku przez cały rok. Jednocześnie lokalizacja gwarantuje wygodny dostęp do infrastruktury miejskiej, szkół, przedszkoli, sklepów, punktów usługowych oraz komunikacji miejskiej. Dojazd do centrum miasta zajmuje zaledwie kilkanaście minut, dzięki czemu można korzystać ze wszystkich udogodnień miasta bez rezygnacji ze spokoju i prywatności. ⸻ INFORMACJE DODATKOWE • powierzchnia apartamentu: 87 m² • powierzchnia tarasu: 50 m² • rynek pierwotny • standard deweloperski • rok oddania: 2026 • ogrzewanie gazowe • miejsce postojowe • brak czynszu administracyjnego • kupujący zwolniony z podatku PCC ⸻ FINANSOWANIE Kupując z nami, uzyskasz wsparcie doświadczonego doradcy kredytowego, który pomoże wybrać najlepsze warunki finansowania i przeprowadzi Cię przez cały proces kredytowy. ⸻ To wyjątkowa propozycja dla osób, które szukają czegoś więcej niż standardowego mieszkania. Dwupoziomowy układ, imponujący taras na dachu, brak czynszu, nowoczesna architektura oraz bezpośrednie sąsiedztwo terenów zielonych sprawiają, że nieruchomość oferuje komfort porównywalny z domem jednorodzinnym przy zachowaniu wszystkich zalet nowoczesnego apartamentu. Zapraszam do kontaktu i umówienia prezentacji nieruchomości.",,,,,,,53.1659,23.1949
Białystok Dziesięciny,ul. Gajowa,2,45,442000,9822,bez pośredników,,9,https://adresowo.pl/o/mieszkanie-bialystok-dziesieciny-ul-gajowa-2-pokojowe-h2v3f2,https://s2.adresowa.pl/oi/4b/1f/404948_e635_cover@2x-2-pokojowe-mieszkanie-bialystok-dziesieciny-ul-gajowa.webp,Białystok Dziesięciny,Gajowa,parter,2006,blok,,"Oferuję na sprzedaż mieszkanie o powierzchni 45,5 m². Znajduje się ono na parterze bloku. Mieszkanie jest umeblowane, co ułatwia wprowadzenie się. Wnętrze jest jasne, z białymi ścianami, co nadaje mu przestronności. Podłoga w kuchni wykładzina, łazience i przedpokoju wyłożone są płytkami W łazience znajduje się prysznic i toaleta. To idealna propozycja dla osób szukających wygodnego lokum.Teren ogrodzony parking ,pilot ,niedaleko ryneczek ,3min.autobus . Nie zwlekaj, umów się na oglądanie już dziś! Balkon zabudowany, spora piwnica. Blok cegła 20-letni, wspólnota mieszkaniowa.",tak,,,,własność,,53.153424,23.11856
Białystok Dojlidy,ul. Plażowa,3,68,780000,11471,bez pośredników,,8,https://adresowo.pl/o/mieszkanie-bialystok-dojlidy-ul-plazowa-3-pokojowe-p5s8w5,https://s2.adresowa.pl/oi/17/6c/404892_feaa_cover@2x-3-pokojowe-mieszkanie-bialystok-dojlidy-ul-plazowa.webp,Białystok Dojlidy,Plażowa,2,2021,blok,,"Na sprzedaż przestronne, 3-pokojowe mieszkanie o powierzchni 68,5 m², położone na 2. piętrze przy ul. Plażowej (osiedle bloków przy Urzędzie Skarbowym), blok z 2021 roku. Mieszkanie składa się z: przestronnego salonu z aneksem kuchennym, dwóch słonecznych oddzielnych sypialni, łazienki z prysznicem, dodatkowej toalety, składziku, z możliwością funkcjonalnej adaptacji na garderobę. Dużym atutem mieszkania są dwa balkony: duży balkon o powierzchni ok. 15 m², dostępny z salonu z widokiem na las, balkon ok. 4 m² przy jednej z sypialni. Cena: 799 000 zł Istnieje możliwość dokupienia miejsca postojowego w garażu podziemnym. Czynsz: ok. 660 zł/mies. Mieszkanie świetnie sprawdzi się zarówno dla rodziny, jak i osób szukających komfortowej przestrzeni z dużym balkonem i funkcjonalnym układem pomieszczeń. Mieszkanie jest bardzo ciepłe - zimą minimalnie ogrzewane, więc co roku są zwroty. Posiada także w tym roku zamontowaną klimatyzację. Do mieszkania przynależy komórka lokatorska w piwnicy. W bliskiej okolicy znajduje się Biedronka (450 m), Lidl (650 m), a także budowana jest mini galeria handlowa (400 m) oraz planowane jest otwarcie siłowni jeszcze w tym roku (450 m - nad Biedronką). Idac w drugą stronę mamy duży las, idealny do rodzinnych spacerów. ul. Plażowa 68,5 m² | 3 pokoje | 2 balkony | 2. piętro Cena: 780 000 zł",tak,tak,aneks,,,,53.118284,23.217625
Białystok Zielone Wzgórza,ul. Lawendowa,2,51,465000,9118,bez pośredników,,8,https://adresowo.pl/o/mieszkanie-bialystok-zielone-wzgorza-ul-lawendowa-2-pokojowe-o8i7z5,https://s2.adresowa.pl/oi/17/63/4046d8_b7bb_cover@2x-2-pokojowe-mieszkanie-bialystok-zielone-wzgorza-ul-lawendowa.webp,Białystok Zielone Wzgórza,Lawendowa,3,1989,blok,,Mieszkanie 2 pokojowe na ul. Lawendowej. Wszystkie meble i sprzęt RTV i AGD się zostają dla kupującego.,,,,,,Wyposażenie: tv,53.118517,23.094116
Białystok Bojary,ul. Józefa Ignacego Kraszewskiego 45B,2,32,519000,16219,Pośrednik,,21,https://adresowo.pl/o/mieszkanie-bialystok-bojary-ul-jozefa-ignacego-kraszewskiego-2-pokojowe-x6v3o3,https://s2.adresowa.pl/oi/6a/6f/3f20ce_d57d_cover@2x-2-pokojowe-mieszkanie-bialystok-bojary-ul-jozefa-ignacego-kraszewskiego.webp,Białystok Bojary,Józefa Ignacego Kraszewskiego 45B,10,2025,apartamentowiec,,"Nowe, nigdy niezamieszkałe 2-pokojowe mieszkanie w prestiżowej lokalizacji - Osiedle Bojary Na sprzedaż wyjątkowe, nowe i nigdy niezamieszkałe mieszkanie 2 -pokojowe o powierzchni 32 m² , położone na X piętrze nowoczesnego budynku z 2025 roku przy ul. Kraszewskiego 45B, na cenionym osiedlu Bojary . Mieszkanie zostało wykończone w wysokim standardzie „pod klucz” z dbałością o detale i jest gotowe do natychmiastowego zamieszkania - bez konieczności ponoszenia dodatkowych kosztów. Rozkład i wyposażenie: salon z aneksem kuchennym, niezależna sypialnia, łazienka, przedpokój, duży balkon od strony zachodniej Atuty mieszkania: ✔ X piętro - piękny widok i doskonałe doświetlenie zachodnim słońcem, ✔ klimatyzacja, ✔ nowoczesna kuchnia wyposażona w sprzęt AGD, ✔ zabudowy stolarskie - pojemne szafy w sypialniach, łazience oraz przedpokoju, ✔ nowe budownictwo z 2025 roku, ✔ mieszkanie nigdy nie było użytkowane, ✔ wysoki standard wykończenia, ✔ brak podatku PCC 2%. Piwnica płatna 10 000zł. Cena mieszkania: 50 9 000 zł Do mieszkania można dokupić miejsce postojowe w garażu podziemnym - dodatkowo płatne 49 000 zł (zakup nieobligatoryjny. To idealna propozycja dla osób ceniących komfort, nowoczesność oraz doskonałą lokalizację blisko centrum, w jednej z najbardziej pożądanych części miasta. Nasze biuro zapewnia pomoc przy kompletowaniu dokumentów niezbędnych do przeniesienia praw własności oraz bezpłatnej pomocy w uzyskaniu najlepszego kredytu na zakup tej oraz innych nieruchomości. Informacje użyte do sporządzenia powyższej oferty zostały uzyskane na podstawie oświadczeń właścicieli nieruchomości i nie są ofertą w rozumieniu przepisów prawa. Mają one jedynie charakter informacyjny. Zapraszamy na prezentację! Adres www oferty [www]",tak,,aneks,,,Wyposażenie: klimatyzacja,53.140039,23.179093
Białystok Centrum,ul. Proletariacka,2,49,385000,7857,Pośrednik,,9,https://adresowo.pl/o/mieszkanie-bialystok-centrum-ul-proletariacka-2-pokojowe-l0u8v4,https://s2.adresowa.pl/oi/43/79/3f051e_54b6_cover@2x-2-pokojowe-mieszkanie-bialystok-centrum-ul-proletariacka.webp,Białystok Centrum,Proletariacka,3,1965,blok,,"Zapraszam do zapoznania się z ofertą mieszkania położonego na III piętrze w niskim, kameralnym bloku przy ul. Proletariackiej. Lokal ma powierzchnię 49 m² i składa się z salonu, sypialni, oddzielnej kuchni, łazienki z WC oraz przedpokoju. Układ jest praktyczny i daje sporo możliwości aranżacyjnych. Mieszkanie wymaga remontu lub odświeżenia, w zależności od oczekiwań nowego właściciela. wymienione okna na PCV, duży balkon ok. 5 m², dodatkowe pomieszczenie do przechowywania w piwnicy , mieszkanie dwustronne i dobrze nasłonecznione, liczne miejsca parkingowe przy budynku. Lokalizacja zapewnia szybki dostęp do centrum miasta - do ul. Lipowej można dojść w około 10 minut. W pobliżu znajdują się przystanki komunikacji miejskiej z dogodnymi połączeniami w różne części miasta, w tym do dworca PKP i PKS. W okolicy są również sklepy oraz tereny zielone. To miejsce łączy bliskość centrum z wygodą codziennego życia i dobrą komunikacją, co sprawia, że dobrze sprawdzi się zarówno do zamieszkania, jak i pod inwestycję. *Oferta objęta klauzulą wyłączności* Zapraszam!",,,,plastikowe,własność,,53.13868,23.150768
Białystok Nowe Miasto,ul. Transportowa,3,56,682000,12179,bez pośredników,,8,https://adresowo.pl/o/mieszkanie-bialystok-nowe-miasto-ul-transportowa-3-pokojowe-f1e4b1,https://s2.adresowa.pl/oi/70/7f/404368_8b8c_cover@2x-3-pokojowe-mieszkanie-bialystok-nowe-miasto-ul-transportowa.webp,Białystok Nowe Miasto,Transportowa,6,2015,blok,,"Sprzedam funkcjonalne, 3-pokojowe mieszkanie o powierzchni 56,84 m², położone na 6. piętrze nowoczesnego i zadbanego budynku z 2015 roku, na osiedlu Nowe Miasto w Białymstoku. Budynek wyposażony jest w windę, a części wspólne objęte są monitoringiem. Dużym atutem mieszkania jest trójstronna ekspozycja okien, dzięki której wnętrza są bardzo dobrze doświetlone przez cały dzień. Lokal jest gotowy do zamieszkania i sprzedawany z umeblowaniem oraz wyposażeniem: dużą szafą w sypialni, meblami w salonie i łazience, zabudową przedpokoju i kuchni oraz sprzętem AGD. 🏠 Układ pomieszczeń: • salon z aneksem kuchennym– ok. 23 m², • sypialnia – ok. 13 m², • drugi pokój / sypialnia – ok. 10 m², • przedpokój – ok. 6 m², • łazienka – ok. 4,5 m², • balkon. Do mieszkania przynależy również piwnica o powierzchni 2,84 m². Przy budynku znajduje się parking przeznaczony dla mieszkańców. Przemyślany i funkcjonalny układ sprawdzi się zarówno dla rodziny, jak i dla pary potrzebującej dodatkowego pokoju dla dziecka lub miejsca do pracy. Mieszkanie może być również bardzo dobrą propozycją dla osób poszukujących nieruchomości pod wynajem. ⭐ Najważniejsze atuty nieruchomości: • trójstronna ekspozycja okien, • bardzo dobre doświetlenie pomieszczeń, • funkcjonalny układ – salon z aneksem i dwie oddzielne sypialnie, • mieszkanie gotowe do zamieszkania, • umeblowanie oraz wyposażenie w sprzęt AGD, • klimatyzacja w salonie, • balkon, • bardzo niski czynsz – ok. 500 zł miesięcznie, • winda, • monitoring części wspólnych, • zadbane i spokojne osiedle, • ogrodzone patio z placem zabaw, • dogodny dojazd do centrum Białegostoku, • pełna własność, bez obciążeń. 🚗 Dodatkowo istnieje możliwość zakupu miejsca postojowego w garażu podziemnym o powierzchni ok. 17 m². 📍 Lokalizacja Mieszkanie znajduje się w spokojnej części Nowego Miasta, a jednocześnie w miejscu zapewniającym szybki dostęp do centrum Białegostoku oraz pełnej infrastruktury potrzebnej do wygodnego życia. W najbliższej okolicy znajdują się m.in.: • przystanki komunikacji miejskiej, • sklepy i punkty usługowe, • restauracje, • szkoła podstawowa i przedszkola, • Politechnika Białostocka, • Uniwersytet w Białymstoku, • stadion, • tereny zielone. 💰 Cena mieszkania: 682 000 zł 🔑 Sprzedaż bezpośrednia – bez pośredników. Zapraszam do kontaktu oraz umówienia się na prezentację mieszkania. Kontakt telefoniczny [numer]",tak,tak,aneks,plastikowe,własność,Wyposażenie: klimatyzacja,53.111429,23.12174
Białystok Antoniuk,ul. Antoniukowska,2,41,490000,11951,bez pośredników,,10,https://adresowo.pl/o/mieszkanie-bialystok-antoniuk-ul-antoniukowska-2-pokojowe-s9n6g2,https://s2.adresowa.pl/oi/76/5c/40432c_7e0e_cover@2x-2-pokojowe-mieszkanie-bialystok-antoniuk-ul-antoniukowska.webp,Białystok Antoniuk,Antoniukowska,parter,1970,blok,,"Mieszkanie 41,5 m2 Antoniukowska 15 b Po kapitalnym remoncie Wymieniona cała instalacja elektryczna i wodnokanalizacyjna Zabudowy stolarskie robione na wymiar AGD w cenie mieszkania Sprzdaż prywatna więcej informacji pod nr tel [numer]",tak,,osobna,,własność,,53.140676,23.135531
Białystok Piaski,ul. Jerzego Waszyngtona,1,24,366000,15250,bez pośredników,,12,https://adresowo.pl/o/mieszkanie-bialystok-piaski-ul-jerzego-waszyngtona-1-pokoj-r5x2r8,https://s2.adresowa.pl/oi/6a/74/4039ec_be78_cover@2x-1-pokojowe-mieszkanie-bialystok-piaski-ul-jerzego-waszyngtona.webp,Białystok Piaski,Jerzego Waszyngtona,9,,blok,,"Nowoczesna kawalerka z widokiem na miasto. Szukasz mieszkania, do którego wystarczy wnieść walizki? To ono! Kawalerka po generalnym remoncie, urządzona z dbałością o każdy detal, jasna, przestronna i w pełni funkcjonalna. Co znajdziesz w środku: - Stylowa kuchnia w pełnej zabudowie (piekarnik, płyta indukcyjna, okap i lodówka w zabudowie). - Elegancka łazienka wykończona płytkami w stylu marmuru, prysznic, podświetlane lustro. - Klimatyzacja - komfort przez cały rok. - Duże okna i balkon z widokiem na panoramę Białegostoku. - 9 piętro, sprawna, nowa winda. Lokalizacja idealna: - Blisko szpitali i uczelni wyższych - doskonały wybór na wynajem lub własne mieszkanie. - Dogodny dojazd komunikacją miejską. To mieszkanie, które łączy nowoczesny design z praktycznym metrażem. Idealne dla studenta, singla lub jako inwestycja pod wynajem.",,,,,,"Wyposażenie: klimatyzacja, lodówka, piekarnik",53.124996,23.156449
Białystok Dziesięciny,ul. Leszczynowa,2,45,650000,14444,Pośrednik,,20,https://adresowo.pl/o/mieszkanie-bialystok-dziesieciny-ul-leszczynowa-2-pokojowe-c5y9j1,https://s2.adresowa.pl/oi/29/37/3eb29c_568a_cover@2x-2-pokojowe-mieszkanie-bialystok-dziesieciny-ul-leszczynowa.webp,Białystok Dziesięciny,Leszczynowa,parter,2023,blok,,"Oferta objęta klauzulą wyłączności. Bardzo dobra lokalizacja, w pełni rozbudowana infrastruktura osiedla Dziesięciny przy ul.Leszczynowej. To właśnie tu powstał kameralna, prestiżowa Willa ""Moja Ostoja"". W tej inwestycji znajduje się zaledwie 13 mieszkań co czyni ją jeszcze bardziej atrakcyjną inwestycją. Mamy tu przyjemną niską zabudowę- tylko dwa piętra, aczkolwiek w bloku znajdują się cichobierzne przestronne windy. Dodatkowym, ogromnym atutem jest fakt, iż do mieszkań parterowych w tym bloku przynależą duże tarasy wraz z ogródkami. I to właśnie na parterze znajduje się mieszkanie dostęppne tylko w biurze Olchowik nieruchomości. Posiada ono przynależy taraz o powierzchni 115 mkw. Na powierzchnię mieszkania 45 mkw. składają sią salon z aneksem kuchnennym, pokój, łazienka z WC. Do mieszkania przynależy komórka lokatorska, oraz miejsce postojowe w garażu podziemnym w cenie 50.000 PLN. Mieszkanie jest w pełni wyposażone, w zasadzie do wejścia ""od zaraz"". Serdecznie zapraszam na prezentację. Wioleta Olchowik [numer]/ [email] Wspólpracujemy z ekipami remontowymi oraz stolarzami. W razie potrzeby wspieramy naszych klientów fachowa, profesjinalna usługą wykończenia nieruchomości ""pod klucz"".",,tak,,,własność,,53.1507,23.12464
Białystok Antoniuk,ul. Wierzbowa,2,41,355000,8659,Pośrednik,,9,https://adresowo.pl/o/mieszkanie-bialystok-antoniuk-ul-wierzbowa-2-pokojowe-u8o3c7,https://s2.adresowa.pl/oi/6b/2f/3e95d6_6aba_cover@2x-2-pokojowe-mieszkanie-bialystok-antoniuk-ul-wierzbowa.webp,Białystok Antoniuk,Wierzbowa,parter,1978,blok,,"Zapraszamy do zapoznania się z ofertą sprzedaży lokalu mieszkalnego położonego na parterze w bloku przy ul. Wierzbowej. Na powierzchnię 41,5 m2 składają się: 2 pokoje, kuchnia, łazienka i korytarz. - lokal dwustronny i słoneczny, - oddzielna kuchnia, - dostępna piwnica, - mieszkanie do remontu, co daje swobodę w aranżacji wnętrza. Lokal jest oczyszczony z mebli i zabudowy kuchennej (gotowy do remontu)! Nieruchomość przy ul. Wierzbowej położona jest w cichej części miasta, która daje poczucie spokoju, a jednocześnie pozwala wygodnie funkcjonować każdego dnia. W pobliżu znajdują się sklepy i punkty usługowe, więc codzienne sprawy można załatwić bez zbędnych dojazdów. To dobre miejsce zarówno dla rodzin, jak i osób aktywnych - w okolicy są tereny spacerowe i miejsca do rekreacji. Dodatkowym plusem jest sprawna komunikacja z resztą miasta, co ułatwia szybkie przemieszczanie się w różnych kierunkach. *Oferta objęta klauzulą wyłączności* Zapraszamy!",,,,plastikowe,,,53.141143,23.126501
Białystok Piasta,ul. Piastowska,2,37,zapytaj,,bez pośredników,,1,https://adresowo.pl/o/mieszkanie-bialystok-piasta-ul-piastowska-2-pokojowe-y9l6i1,https://s2.adresowa.pl/oi/20/38/403892_8691_cover@2x-2-pokojowe-mieszkanie-bialystok-piasta-ul-piastowska.webp,Białystok Piasta,Piastowska,2,1983,blok,,"Sprzedam mieszkanie na Osiedlu Piasta ul.Piastowska obok sklep spożywczy.,biedronka",tak,,osobna,plastikowe,własność,,53.128973,23.186676
Białystok Antoniuk Fabryczny,ul. Antoniukowska,3,48,429000,8938,bez pośredników,,8,https://adresowo.pl/o/mieszkanie-bialystok-antoniuk-fabryczny-ul-antoniukowska-3-pokojowe-i6k9c5,https://s2.adresowa.pl/oi/5e/30/403758_2e6a_cover@2x-3-pokojowe-mieszkanie-bialystok-antoniuk-fabryczny-ul-antoniukowska.webp,Białystok Antoniuk Fabryczny,Antoniukowska,3,1970,blok,,"Na sprzedaż funkcjonalne, 3-pokojowe mieszkanie o powierzchni 48 m², położone na 3. piętrze na osiedlu Antoniuk w Białymstoku. Mieszkanie posiada bardzo praktyczny układ i świetną lokalizację - około 5 minut samochodem do centrum, a jednocześnie w najbliższej okolicy znajdują się sklepy, punkty usługowe, tereny zielone i park. Układ mieszkania: 3 pokoje, oddzielna kuchnia, łazienka, przedpokój, balkon. Mieszkanie jest umeblowane i przeszło generalny remont kilka lat temu, dzięki czemu nadaje się do zamieszkania bez konieczności przeprowadzania dużych prac remontowych. Największe atuty: 48 m² i 3 pokoje, balkon, oddzielna kuchnia, mieszkanie własnościowe, ogrzewanie miejskie, czynsz około 1000 zł miesięcznie, umeblowanie w cenie, parking dostępny dla mieszkańców budynku, bliskość sklepów i punktów usługowych, park i tereny zielone w pobliżu. Zapraszam do kontaktu oraz na prezentację mieszkania.",tak,,osobna,plastikowe,własność,,53.142851,23.134479
Białystok,ul. Piastowska,2,32,365000,11406,bez pośredników,,12,https://adresowo.pl/o/mieszkanie-bialystok-ul-piastowska-2-pokojowe-f3b5e8,https://s2.adresowa.pl/oi/4a/24/402d00_bc0f_cover@2x-2-pokojowe-mieszkanie-bialystok-ul-piastowska.webp,Białystok ,Piastowska,parter,1980,blok,,"! Biura Nieruchomości proszę nie dzwonić ! Sprzedam mieszkanie 2 pokojowe o powierzchni 32,3 m2 w Białymstoku. Mieszkanie znajduje się na rogu ulic Piastowskiej i Mieszka I. Obok bloku znajduje się duży parking publiczny. W pobliżu (około 2 minuty pieszo) znajdują się przystanki autobusowe linii: 5, 8, 12, 22, 28 i 29. Jest bardzo blisko do sklepów (Top Market, Biedronka, Żabka, PSS Społem), szkoły podstawowej i przedszkola, apteki itp. Mieszkanie mieści się na parterze i składa się z pokoju dziennego, kuchni, sypialni, łazienki i przedpokoju. Przynależy do niego również piwnica. Łazienka została wyremontowana w 2022 roku. W całym mieszkaniu zostały położone nowe podłogi (pokoje i przedpokój panele, a kuchnia gres). Czynsz administracyjny wynosi ok.580 zł + oddzielnie prąd i gaz. Mieszkanie jest dostępne od zaraz. Jeśli nie odbieram to proszę napisać sms - w wolnej chwili odpowiem.",tak,,,,własność,,53.132327,23.192996
Białystok Wysoki Stoczek,al. Jana Pawła II,2,44,330000,7500,Pośrednik,,10,https://adresowo.pl/o/mieszkanie-bialystok-wysoki-stoczek-al-jana-pawla-ii-2-pokojowe-d1d4c0,https://s2.adresowa.pl/oi/75/79/3e95c8_53b1_cover@2x-2-pokojowe-mieszkanie-bialystok-wysoki-stoczek-al-jana-pawla-ii.webp,Białystok Wysoki Stoczek,Jana Pawła II,2,1972,blok,,"Zapraszamy do zapoznania się z ofertą mieszkania na sprzedaż, zlokalizowanego przy al. Jana Pawła II. Na powierzchnię 44,2 m2 składają się: kuchnia, łazienka, 2 pokoje i korytarz. - mieszkanie środkowe, jasne i słoneczne, - położone na II piętrze w 4 piętrowym bloku, - przynależna piwnica, balkon - duży parking przed budynkiem, - stan do remontu - idealne do urządzenia według własnego gustu. Mieszkanie znajduje się w spokojnej lokalizacji, która łączy miejski styl życia z bliskością natury. W niedużej odległości położony jest Las Bacieczkowski - idealne miejsce na dłuższe wycieczki i odpoczynek od codziennego tempa. W okolicy dostępne są sklepy oraz punkty usługowe, dzięki czemu codzienne sprawy można załatwić szybko i wygodnie. Dużym atutem jest również bardzo dobra komunikacja. Bliskość obwodnicy umożliwia sprawny wyjazd z miasta, a do centrum można dotrzeć w zaledwie kilka minut. *Oferta objęta klauzulą wyłączności* Zapraszamy!",,,,plastikowe,własność,,53.141972,23.095107
Białystok,ul. Jana Kochanowskiego,3,58,749000,12914,Pośrednik,,11,https://adresowo.pl/o/mieszkanie-bialystok-ul-jana-kochanowskiego-3-pokojowe-g1h6m1,https://s2.adresowa.pl/oi/71/16/3e8200_2bb1_cover@2x-3-pokojowe-mieszkanie-bialystok-ul-jana-kochanowskiego.webp,Białystok ,Jana Kochanowskiego,1,2019,blok,,"Mieszkanie 3-pokojowe, 58,73 m², ul. Kochanowskiego, Białystok Na sprzedaż mieszkanie 3-pokojowe z oddzielną kuchnią, o powierzchni 58,73 m², zlokalizowane na 1 piętrze w 7-kondygnacyjnym budynku z 2019 roku. Trzy niezależne pokoje, wysokość pomieszczeń 255 cm. Mieszkanie w stanie do wejścia, zabudowa kuchenna i sprzęt AGD pozostają w cenie. Balkon wychodzi na zamkniętą, wewnętrzną część osiedla. Osiedle zamknięte i monitorowane, z siłownią zewnętrzną oraz placem zabaw dla dzieci. Do mieszkania przynależy miejsce w garażu podziemnym (dodatkowo płatne 70 000 zł), dostępne są również ogólnodostępne miejsca garażowe dla mieszkańców bloku. Lokalizacja przy ul. Kochanowskiego zapewnia dogodny dojazd do centrum – do Rynku Kościuszki ok. 10 minut pieszo. W bezpośrednim sąsiedztwie komunikacja miejska, szkoły, sklepy oraz uczelnia. Szczegóły: Metraż - 58,73 m² Liczba pokoi - 3 niezależne + oddzielna kuchnia Piętro - 1/7 Rok budowy - 2019 Wysokość pomieszczeń - 255 cm Stan - do wejścia, zabudowa i AGD w cenie Ogrzewanie - miejskie Balkon - tak, widok na wewnętrzną część osiedla Miejsce garażowe - podziemne, dodatkowo płatne 70 000 zł Parking dodatkowy - ogólnodostępne miejsca garażowe dla mieszkańców Czynsz - 780 zł Forma własności - pełna własność, księga wieczysta Osiedle - zamknięte, monitorowane, siłownia zewnętrzna, plac zabaw Odległość do Rynku Kościuszki - ok. 10 minut pieszo Lokalizacja - ul. Kochanowskiego, Białystok Pomagamy w uzyskaniu kredytu hipotecznego na zakup tej nieruchomości.",,tak,osobna,,,,53.124,23.1434
Białystok Dziesięciny,ul. Gajowa,3,59,459000,7780,bez pośredników,,11,https://adresowo.pl/o/mieszkanie-bialystok-dziesieciny-ul-gajowa-3-pokojowe-x9g7n1,https://s2.adresowa.pl/oi/39/19/40283e_bc85_cover@2x-3-pokojowe-mieszkanie-bialystok-dziesieciny-ul-gajowa.webp,Białystok Dziesięciny,Gajowa,4,1987,blok,,"Na sprzedaż bezpośrednio od właściciela (brak prowizji!) ustawne, rozkładowe mieszkanie o powierzchni 59,6 m², zlokalizowane na świetnie skomunikowanym osiedlu Dziesięciny w Białymstoku. Mieszkanie mieści się na 4. piętrze (ostatnim), co gwarantuje ciszę, brak sąsiadów ""nad głową"" oraz doskonałe doświetlenie wnętrz przez cały dzień. Główne atuty nieruchomości: - Sprzedaż bezpośrednia: Kupujesz wprost od właściciela - oszczędzasz na prowizji biur nieruchomości! - Powierzchnia: 59,6 m² - przemyślany i niezwykle funkcjonalny układ. - Mieszkanie dwustronne: Układ o optymalnej ekspozycji stron świata zapewnia doskonale doświetlone wnętrza oraz łatwe wietrzenie mieszkania. - Liczba pokoi: 3 niezależne, ustawne pokoje. - Pojemne szafy w zabudowie: Mieszkanie posiada praktyczne szafy robione na wymiar, które zapewniają mnóstwo miejsca do przechowywania i pozwalają zaoszczędzić przestrzeń w pokojach. - Wyposażenie w cenie: Część mebli oraz sprzętów AGD zostaje w mieszkaniu. - Piwnica w cenie: Do mieszkania przynależy pojemna piwnica, stanowiąca dodatkową przestrzeń gospodarczą. - Stan techniczny: Kilka lat temu mieszkanie przeszło remont, podczas którego wymienione zostały instalacje elektryczna i hydrauliczna. - Ostatnie piętro (4/4): Dużo naturalnego światła, większa prywatność i brak hałasów z góry. Układ pomieszczeń: - Jasny, przestronny salon z wyjściem na balkon. - Dwie ustawne sypialnie (idealne jako pokoje dziecięce, sypialnia główna lub gabinet do pracy). - Oddzielna, funkcjonalna kuchnia ze sprzętem AGD. - Korytarz z funkcjonalną szafą w zabudowie. Lokalizacja - Dziesięciny: Osiedle z pełną i dojrzałą infrastrukturą miejską. W bliskim sąsiedztwie znajdują się: - Szkoły, przedszkola oraz bezpieczne place zabaw, - Sklepy spożywcze, markety (Lidl, Biedronka, PSS Społem) oraz punkty usługowe, - Przystanki BKM (szybki i wygodny dojazd do centrum Białegostoku), - Miejsca parkingowe pod blokiem oraz tereny zielone sprzyjające spacerom. Ogłoszenie prywatne - biurom nieruchomości dziękuję (chyba że z konkretnym klientem). Zapraszam do kontaktu i obejrzenia mieszkania na żywo!",tak,,,plastikowe,własność,,53.151923,23.121056
Białystok Wygoda,ul. 42 Pułku Piechoty,3,59,580000,9831,bez pośredników,,2,https://adresowo.pl/o/mieszkanie-bialystok-wygoda-ul-42-pulku-piechoty-3-pokojowe-h0z3b4,https://s2.adresowa.pl/oi/11/12/402402_9a7f_cover@2x-3-pokojowe-mieszkanie-bialystok-wygoda-ul-42-pulku-piechoty.webp,Białystok Wygoda,42 Pułku Piechoty,parter,2017,,,"Mieszkanie przy ulicy 42 Pułku Piechoty na osiedlu Wygoda. Lokal mieszkalny o powierzchni 59,5 m2, nowe budownictwo (2017 r.), spokojna okolica. Mieszkanie wymaga odświeżenia. W skład mieszkania wchodzi: - duży salon z aneksem kuchennym - dwie sypialnie - przedpokój - łazienka - WC - balkon o powierzchni 6,64 m2 - do mieszkania przynależy schowek o powierzchni 2,05 m2. Zapraszam do kontaktu.",,,aneks,plastikowe,własność,,53.142769,23.21172
Białystok Centrum,al. Józefa Piłsudskiego,1,36,420000,11667,bez pośredników,,7,https://adresowo.pl/o/mieszkanie-bialystok-centrum-al-jozefa-pilsudskiego-1-pokoj-t5j4p0,https://s2.adresowa.pl/oi/40/33/400b84_ebdc_cover@2x-1-pokojowe-mieszkanie-bialystok-centrum-al-jozefa-pilsudskiego.webp,Białystok Centrum,Józefa Piłsudskiego,4,1960,blok,,"Kawalerka w centrum Białegostoku gotowa do zamieszkania! Na sprzedaż przytulne i nowoczesne mieszkanie typu studio, położone w świetnej lokalizacji w samym centrum Białegostoku, w pobliżu uniwersytetu. Mieszkanie jest zadbane, w bardzo dobrym stanie i nie wymaga generalnego remontu. Gotowe do zamieszkania od zaraz lub jako inwestycja pod wynajem. Funkcjonalna, otwarta przestrzeń zapewnia wygodę i poczucie większego metrażu. Duże okna sprawiają, że wnętrze jest jasne, a jednocześnie mieszkanie pozostaje ciepłe i komfortowe. Całość dopełnia piękny dębowy parkiet, który nadaje mieszkaniu wyjątkowego charakteru. Mieszkanie jest w pełni umeblowane. Znajdują się w nim dwie pojemne szafy: * jedna wykonana w zabudowie, * druga wyjątkowa, wykonana na zamówienie z drewna świerkowego. Dodatkowym atutem jest balkon zabezpieczony siatką, zapewniający komfort i bezpieczeństwo użytkowania. Największe zalety nieruchomości: * centrum miasta, doskonała lokalizacja * jasne i ciepłe mieszkanie * otwarta przestrzeń typu studio * piękny dębowy parkiet * pełne umeblowanie * gotowe do zamieszkania bez remontu * niski czynsz i niewielkie koszty utrzymania * balkon W najbliższej okolicy znajduje się wszystko, co potrzebne na co dzień: uniwersytet, bank, sklep Biedronka, apteka, przystanki autobusowe oraz możliwość parkowania w pobliżu budynku. Idealne mieszkanie dla singla, studenta, pary lub jako pewna inwestycja pod wynajem. Zapraszam do kontaktu i na prezentację mieszkania!",,,,,,,53.135715,23.151723
Białystok Leśna Dolina,skwer Armii Krajowej,2,52,366790,7054,Pośrednik,,20,https://adresowo.pl/o/mieszkanie-bialystok-lesna-dolina-skwer-armii-krajowej-2-pokojowe-u3c5l3,https://s2.adresowa.pl/oi/11/57/3e2f5c_af7a_cover@2x-2-pokojowe-mieszkanie-bialystok-lesna-dolina-skwer-armii-krajowej.webp,Białystok Leśna Dolina,skwer Armii Krajowej,4,1992,blok,,"Na sprzedaż mieszkanie o powierzchni 52,40 m², położone na 4 piętrze w budynku przy ul. Armii Krajowej w Białymstoku. To propozycja dla osób, które szukają mieszkania w dobrze skomunikowanej części miasta, z szybkim dostępem do sklepów, usług i terenów zielonych. Mieszkanie jest jasne i sprawdzi się zarówno dla rodziny, pary, jak i osób szukających nieruchomości pod inwestycję. Obecnie mieszkanie składa się z dwóch pokoi, kuchni, łazienki oraz przedpokoju. Przygotowany jest projekt na trzy pokoje, w tym salon z aneksem kuchennym. Remont został już rozpoczęty. Wnętrze urządzisz od podstaw, według własnych potrzeb. W jednym z pokoi została wymieniona instalacja elektryczna. Czynsz przy 4 osobach wynosi około 800 zł. Dużym atutem nieruchomości jest lokalizacja. W pobliżu znajdują się sklepy, szkoły, punkty usługowe, przystanki komunikacji miejskiej oraz miejsca idealne do spacerów i codziennego wypoczynku. Skontaktuj się i umów się na prezentację. UWAGA! Dla zainteresowanych klientów oferujemy również pomoc w uzyskaniu kredytu hipotecznego. Współpracujemy z doświadczonym doradcą finansowym, który bezpłatnie sprawdzi zdolność kredytową, porówna oferty banków i przeprowadzi przez cały proces finansowania zakupu nieruchomości.",tak,,osobna,,,,53.1281,23.0973
Białystok,ul. Hetmańska,3,52,579990,11154,Pośrednik,,11,https://adresowo.pl/o/mieszkanie-bialystok-ul-hetmanska-3-pokojowe-r9i8f2,https://s2.adresowa.pl/oi/32/2b/3d80b8_32f3_cover@2x-3-pokojowe-mieszkanie-bialystok-ul-hetmanska.webp,Białystok ,Hetmańska,3,2025,blok,,"MIESZKANIE PRZY UL. HETMAŃSKIEJ, BIAŁYSTOK (2025) Zapraszam do zapoznania się z ofertą nowego, świeżo wykończonego mieszkania położonego w nowoczesnym budynku z 2025 roku, zlokalizowanym przy doskonale skomunikowanej ul. Hetmańskiej w Białymstoku. To propozycja idealna dla osób, które poszukują połączenia współczesnej estetyki, funkcjonalności oraz komfortu codziennego życia. Wnętrze: Mieszkanie zostało starannie zaplanowane, oferując wygodny układ z wyraźnym podziałem na strefę dzienną i prywatną: - Przestronny salon z aneksem kuchennym jasny, komfortowy, z pełnym wyposażeniem AGD oraz nowoczesną zabudową kuchenną. Idealne miejsce do wspólnego spędzania czasu. - Dwie sypialnie ustawne, spokojne, świetne zarówno jako sypialnie główne, jak i pokój dziecięcy lub gabinet. - Duży balkon idealny do relaksu, stworzenia zielonej strefy wypoczynkowej lub porannej kawy w słoneczne dni. Wnętrze wykończone zostało z dbałością o spójność, funkcjonalność i ponadczasowy design. Mieszkanie jest w pełni wyposażone oraz gotowe do zamieszkania. Udogodnienia: - Miejsca parkingowe dostępne za szlabanem komfort i bezpieczeństwo dla mieszkańców. - Nowoczesna, kameralna zabudowa z 2025 roku. Lokalizacja ul. Hetmańska, Białystok Lokalizacja łączy w sobie doskonałą komunikację z centrum oraz wygodę codziennego życia. W pobliżu znajdują się: - sklepy i punkty usługowe, - przystanki komunikacji miejskiej, - tereny zielone i miejsca rekreacji, - szkoły oraz przedszkola. To świetna propozycja dla osób ceniących wygodę, nowoczesne otoczenie i bardzo dobrą infrastrukturę. Koszty i formalności - Czynsz: ok. 500 zł - Własność: pełna własność - Piętro: 3/3 - Stan: gotowe do wprowadzenia Pomagamy w uzyskaniu kredytu! Nowe mieszkanie z 2025 roku, w pełni wykończone i wyposażone, z dużym balkonem oraz miejscami parkingowymi za szlabanem to idealna propozycja dla osób poszukujących nowoczesnej przestrzeni, gotowej do zamieszkania bez dodatkowych nakładów. Atrakcyjna lokalizacja i wysokiej jakości wykończenie czynią tę ofertę wyjątkową na lokalnym rynku.",,,,,,,53.1274,23.1183
Białystok Białostoczek,ul. Białostoczek,4,84,789000,9393,bez pośredników,,20,https://adresowo.pl/o/mieszkanie-bialystok-bialostoczek-ul-bialostoczek-4-pokojowe-k6o6g1,https://s2.adresowa.pl/oi/5b/71/400b82_6489_cover@2x-4-pokojowe-mieszkanie-bialystok-bialostoczek-ul-bialostoczek.webp,Białystok Białostoczek,Białostoczek,4,1989,blok,,"Sprzedamy bezpośrednio przestronne i funkcjonalne mieszkanie o powierzchni 84,3 m², położone na cenionym osiedlu Białostoczek. Lokal jest gotowy do zamieszkania i sprzedawany z pełnym wyposażeniem widocznym na zdjęciach - bez konieczności ponoszenia dodatkowych kosztów. Pośrednikom i agencjom nieruchomości dziękujemy. Prosimy nie kontaktować się w sprawie współpracy. Najważniejsze atuty mieszkania: * Generalny remont wykonany 5 lat temu. * Nowoczesna kuchnia wykonana 2 lata temu + zabudowa sypialni + zabudowa przedpokoju: - meble na wymiar z systemami BLUM. - duża lodówka Haier. - płyta indukcyjna Electrolux. - piekarnik Electrolux. - pełnowymiarowa zmywarka Whirlpool. - blat granitowy w kolorze czarnym. * Oddzielna garderoba, pełniąca funkcję pralni: - pralka Samsung. - suszarka Samsung. * Przestronny salon: - elektrycznie rozwijany ekran projekcyjny do kina domowego. - klimatyzacja GREE z funkcją chłodzenia i ogrzewania (3 lata). * Komfortowa sypialnia: - łóżko kontynentalne premium z elektryczną regulacją zagłówka i podnóżka (sterowanie pilotem). - wbudowany sejf. * Zabudowany balkon, który stanowi dodatkową przestrzeń użytkową przez cały rok. Dodatkowe informacje: * 4 pokoje. * powierzchnia 84,3 m². * mieszkanie dwustronne. * 4 piętro. * pełne umeblowanie w cenie - wszystko widoczne na zdjęciach pozostaje dla nowego właściciela. * Bio Kominek. Efektywność energetyczna - ogromny atut: Mieszkanie posiada aktualne świadectwo charakterystyki energetycznej. Klasa energetyczna A. Wskaźnik EP wynosi zaledwie 22,26 kWh/(m²·rok), co jest znakomitym wynikiem nawet na tle nowych inwestycji. Oznacza to wysoką efektywność energetyczną oraz korzystne koszty użytkowania mieszkania. Wyposażenie: Mieszkanie sprzedawane jest z meblami oraz większością wyposażenia widocznego na zdjęciach, w tym zabudowami stałymi i sprzętem AGD. W cenie pozostają m.in.: * zabudowa kuchenna wraz ze sprzętem AGD (lodówka Haier, płyta indukcyjna i piekarnik Electrolux, zmywarka Whirlpool). * garderoba z pralką Samsung i suszarką Samsung. * klimatyzacja GREE z funkcją grzania. * elektryczny ekran projekcyjny. * łóżko kontynentalne z elektryczną regulacją. * wbudowany sejf. * pozostałe meble widoczne na zdjęciach. - Oferta nie obejmuje rzeczy prywatnych właścicieli, w szczególności: - komputerów i sprzętu komputerowego. - czajnika elektrycznego. - robota kuchennego. - sprzętu audio i RTV. - dekoracji, pamiątek rodzinnych oraz innych przedmiotów osobistych. - konsoli do gier. - expressu do kawy. Lokalizacja: Osiedle Białostoczek to świetnie skomunikowana część Białegostoku. W pobliżu znajdują się sklepy, szkoły, przedszkola, komunikacja miejska oraz tereny rekreacyjne. Zapraszamy do kontaktu oraz obejrzenia mieszkania na żywo. Zdjęcia nie oddają w pełni jego przestrzeni i standardu wykończenia.",,,,,własność,"Wyposażenie: klimatyzacja, lodówka, piekarnik, pralka, suszarka, tv, zmywarka",53.146382,23.151628
Białystok,Wysoki Stoczek,3,58,510000,8793,bez pośredników,,8,https://adresowo.pl/o/mieszkanie-bialystok-wysoki-stoczek-3-pokojowe-58-m2-i4x4k3,https://s2.adresowa.pl/oi/70/59/400800_91b1_cover@2x-3-pokojowe-mieszkanie-bialystok-wysoki-stoczek.webp,Białystok Wysoki Stoczek,,4,1995,blok,,"Spokojna okolica, bardzo dobra komunikacja, przedszkole,szkoła, poczta w pobliżu",tak,,osobna,plastikowe,spółdzielcze własnościowe,,53.144431,23.108999
Białystok,Antoniuk,1,29,320000,11034,bez pośredników,,7,https://adresowo.pl/o/mieszkanie-bialystok-antoniuk-1-pokoj-29-m2-i9v4m8,https://s2.adresowa.pl/oi/51/7b/400378_9b11_cover@2x-1-pokojowe-mieszkanie-bialystok-antoniuk.webp,Białystok Antoniuk,,5,,blok,,"Na sprzedaż przytulne mieszkanie o powierzchni 29,35 m², położone w Białymstoku. Do mieszkania przynależy piwnica. Lokal idealnie sprawdzi się jako pierwsze mieszkanie dla singla lub pary, a także jako inwestycja pod wynajem.",tak,,,,,,53.141424,23.132999
Białystok,ul. Artura Grottgera,3,64,689000,10766,Pośrednik,,12,https://adresowo.pl/o/mieszkanie-bialystok-ul-artura-grottgera-3-pokojowe-r1f3c0,https://s2.adresowa.pl/oi/52/17/3d6b22_90a8_cover@2x-3-pokojowe-mieszkanie-bialystok-ul-artura-grottgera.webp,Białystok ,Artura Grottgera,3,1968,blok,,"Na sprzedaż funkcjonalne, gotowe do wprowadzenia mieszkanie o powierzchni 64 m² . Nieruchomość znajduje się na 3. piętrze w 4-piętrowym bloku z cegły na popularnym osiedlu Mickiewicza ul. A. Grottgera. To idealna propozycja zarówno dla osób szukających komfortowego miejsca do życia, jak i dla inwestorów poszukujących pewnej i rentownej lokaty kapitału . Najważniejsze atuty: 3 niezależne pokoje , oddzielna kuchnia, łazienka i WC - idealne pod wynajem dla studentów częściowo po remoncie - nowe instalacje (elektryczna i hydrauliczna) balkon piwnica solidne budownictwo - blok z cegły bardzo dobra lokalizacja inwestycyjna Lokalizacja: Mieszkanie znajduje się w świetnie skomunikowanej części miasta ul. A. Grottgera - osiedle Mickiewicza . To jedna z najlepszych lokalizacji w mieście - bezpośrednie sąsiedztwo parku zapewnia możliwość odpoczynku w zieleni, a bliskość galerii Alfa i Biała gwarantuje dostęp do pełnej infrastruktury handlowo-usługowej. W najbliższej okolicy znajdują się również renomowane uczelnie Uniwersytet Medyczny i Uniwersytet Prawa, szkoły podstawowe, 11 liceum oraz liczne przedszkola. Mieszkanie świetnie sprawdzi się zarówno dla rodziny, jak i jako gotowiec inwestycyjny pod wynajem. Zapraszam do kontaktu - Oferta dostępna tylko w naszym biurze. Klauzula informacyjna Oferta nie stanowi oferty handlowej w rozumieniu art. 66 §1 KC. Informacje i zdjęcia mają charakter poglądowy i wymagają weryfikacji. M2HOME Nieruchomości jest właścicielem opisu i zdjęć. Ich kopiowanie lub rozpowszechnianie bez zgody jest zabronione na podstawie ustawy o prawie autorskim. Pośrednik odpowiedzialny zawodowo za wykonanie umowy pośrednictwa: Maja Sztukiewicz (licencja nr: )",,,osobna,,,,53.123755,23.170434
Białystok,ul. Wierzbowa,2,37,405900,10970,Pośrednik,,9,https://adresowo.pl/o/mieszkanie-bialystok-ul-wierzbowa-2-pokojowe-w2a1d4,https://s2.adresowa.pl/oi/40/39/3d38f6_5b67_cover@2x-2-pokojowe-mieszkanie-bialystok-ul-wierzbowa.webp,Białystok ,Wierzbowa,1,1974,blok,,"Do sprzedaży mieszkanie o powierzchni 41,3 m², składające się z dwóch pokoi i oddzielnej, w pełni wyposażonej kuchni. Lokal usytuowany na 1 piętrze w 4-piętrowym budynku przy ul. Wierzbowej w Białymstoku – szybki dojazd do centrum miasta. Mieszkanie po generalnym remoncie. Kuchnia wykonana na wymiar przez stolarza, wyposażona w płytę indukcyjną, piekarnik i okap (w cenie). W łazience zabudowa oraz szafka wnękowa. W korytarzu dwie szafy zapewniające dodatkową przestrzeń do przechowywania. Mieszkanie jednostronne. Do lokalu przynależy piwnica. Na terenie osiedla miejsca parkingowe za szlabanem, dostępne dla mieszkańców. Szczegóły Parametr Wartość Powierzchnia 41,3 m² Liczba pokoi 2 pokoje + oddzielna kuchnia Piętro 1/4 Czynsz 500 zł Forma własności Pełna własność, księga wieczysta Piwnica Tak Parking Miejsca za szlabanem, dla mieszkańców Stan Po generalnym remoncie Lokalizacja ul. Wierzbowa, Białystok Zainteresowanym oferujemy pomoc w uzyskaniu finansowania – doradztwo kredytowe w ramach Solidne Finanse.",tak,,osobna,,,Wyposażenie: piekarnik,53.1427,23.1308
Białystok Zawady,ul. Mroźna,2,32,469000,14656,bez pośredników,,16,https://adresowo.pl/o/mieszkanie-bialystok-zawady-ul-mrozna-2-pokojowe-d5n6h8,https://s2.adresowa.pl/oi/61/6f/3ffe0a_7204_cover@2x-2-pokojowe-mieszkanie-bialystok-zawady-ul-mrozna.webp,Białystok Zawady,Mroźna,parter,2024,blok,,"Nowoczesne mieszkanie z ogrodem | Białystok, Zawady | ul. Mroźna Na sprzedaż komfortowe, w pełni wykończone i wyposażone mieszkanie o powierzchni 32,17 m², położone na prestiżowym i nowoczesnym osiedlu w dzielnicy Zawady przy ul. Mroźnej w Białymstoku. Mieszkanie znajduje się w nowym budynku z 2024 roku i zostało urządzone z dużą dbałością o detale, w wysokim standardzie, z wykorzystaniem wysokiej jakości materiałów i spójnej, nowoczesnej stylistyki. Do mieszkania przynależy ogród o powierzchni 23,06 m², który stanowi doskonałe przedłużenie strefy dziennej. To idealne miejsce na poranną kawę, odpoczynek po pracy czy spotkania w gronie najbliższych. Mieszkanie: - 32,17 m² powierzchni mieszkania, - 23,06 m² prywatnego ogrodu, - budynek z 2024 roku, - mieszkanie w pełni wykończone i umeblowane, - wysoki standard wykończenia, - nowoczesna, prosta aranżacja, - jasna i komfortowa przestrzeń dzienna, - funkcjonalnie zaprojektowana kuchnia, - stylowa łazienka z przeszkloną kabiną prysznicową, - gotowe do zamieszkania bez konieczności ponoszenia dodatkowych nakładów, - dodatkowym atutem jest bliska dostępność sklepów, szkół oraz przystanków autobusowych. Duże przeszklenia zapewniają dobre doświetlenie wnętrza, a neutralna kolorystyka nadaje mieszkaniu ponadczasowy charakter. Całość została urządzona tak, aby połączyć estetykę, wygodę i funkcjonalność. Spokojna okolica nowoczesnej zabudowy, zapewniająca komfort codziennego życia, a jednocześnie dogodny dostęp do infrastruktury miejskiej. Zawady to świetna propozycja zarówno dla osób szukających własnego mieszkania, jak i dla inwestorów. Mieszkanie nie wymaga żadnego remontu ani dodatkowego wyposażenia - można wprowadzić się od razu. Mieszkanie jest dostępne na sprzedaż od 21.10.2026 r. Jednocześnie informuję, że oględziny nieruchomości są dostępne już teraz. Zapraszam do kontaktu i obejrzenia mieszkania na żywo. W razie braku kontaktu telefonicznego, bardzo proszę zostawić wiadomość, a odezwę się w najbliższym możliwym czasie.",,,,plastikowe,własność,,53.16123,23.124708
Białystok Sienkiewicza,ul. Ciepła,3,45,425000,9444,bez pośredników,,13,https://adresowo.pl/o/mieszkanie-bialystok-sienkiewicza-ul-ciepla-3-pokojowe-j1f0b5,https://s2.adresowa.pl/oi/23/37/3ffd76_594a_cover@2x-3-pokojowe-mieszkanie-bialystok-sienkiewicza-ul-ciepla.webp,Białystok Sienkiewicza,Ciepła,3,1971,blok,,"Mieszkanie na sprzedaż. Na sprzedaż dwustronne mieszkanie, położone w bloku z lat siedemdziesiątych (po termomodernizacji) przy ulicy Ciepłej. Mieszkanie jest zadbane i utrzymane w dobrym stanie. Na 45 m2 składają się trzy odrębne pokoje, kuchnia i łazienka. Trzy lata temu zamontowano nowe drzwi wejściowe. Zadbana i czysta klatka schodowa. Na podłodze w przedpokoju, kuchni i łazience są położone kafle, w pokojach drewniana mozaika. Nowoczesne okna drewniane w kolorze białym. W łazience wanna akrylowa, szafa łazienkowa i pralka automatyczna marki Bosch. W kuchni kuchnia gazowa, meble, lodówka Electrolux. W przedpokoju zamontowana szafa wnękowa. Przeszklony, zamykany balkon typu loggia i piwnica stanowią równie ważne atuty mieszkania. Duży parking pod blokiem, bliskość sklepów, szkół, czy terenów spacerowych. Blisko centrum, ale jednocześnie dużo zieleni, cisza i spokój. Sprzedaż bezpośrednia. Pośrednikom dziękuję.",tak,,,,,"Wyposażenie: lodówka, pralka",53.139698,23.164802
Białystok Nowe Miasto,ul. Kręta,4,108,935000,8657,bez pośredników,,17,https://adresowo.pl/o/mieszkanie-bialystok-nowe-miasto-ul-kreta-4-pokojowe-x5w2k3,https://s2.adresowa.pl/oi/5e/6e/3ff592_59a0_cover@2x-4-pokojowe-mieszkanie-bialystok-nowe-miasto-ul-kreta.webp,Białystok Nowe Miasto,Kręta,4,2000,blok,,"Wyjątkowe, dwupoziomowe mieszkanie z 50-metrowym tarasem – ul. Kreta, Białystok Są mieszkania, które po prostu się ogląda. I są takie, do których wchodzi się raz i od razu czuje, że chce się w nich zamieszkać. To właśnie jedno z nich. Na sprzedaż oferuję wyjątkowe, przestronne mieszkanie położone przy ul. Kretej w Białymstoku – na jednym z najbardziej zielonych i kameralnych osiedli w mieście. To miejsce, którego dziś praktycznie nie da się już stworzyć. Pomiędzy budynkami znajduje się ogromna ilość zieleni, szerokie przestrzenie i duże odległości, dzięki którym mieszkańcy mogą cieszyć się prywatnością, ciszą i spokojem. Tutaj naprawdę można odetchnąć. Osiedle jest ogrodzone i monitorowane. Znajduje się na nim zaledwie 5 bloków oraz aż 5 placów zabaw. Od lat mieszkają tu ci sami, życzliwi sąsiedzi, co tworzy niezwykle przyjazną atmosferę i daje poczucie bezpieczeństwa – coś, czego nie da się kupić. Mieszkanie Już od wejścia uwagę zwraca przemyślany i funkcjonalny układ pomieszczeń. Na pierwszym poziomie znajdują się: przestronny przedpokój z pojemną szafą, jasna jadalnia z dużym rodzinnym stołem oraz wyjściem na balkon, ustawna kuchnia z dwoma oknami, pełna naturalnego światła, duży, komfortowy salon z narożnikiem – idealny do wspólnego spędzania czasu, nowoczesna, wyremontowana toaleta. Elegancko odnowione schody prowadzą na drugi poziom. Na górze znajdują się: przestronny korytarz z dużą szafą wykonaną na wymiar, trzy wygodne sypialnie, z czego dwie wyposażone są w pojemne szafy na wymiar, dodatkowo wydzielona garderoba, duża, komfortowa łazienka z narożną wanną oraz osobnym prysznicem. Prawdziwa perełka – prywatny taras Największym atutem mieszkania jest imponujący 50-metrowy taras, który stanowi prywatną strefę relaksu w samym sercu miasta. To miejsce, gdzie można rozpocząć dzień z filiżanką kawy, odpocząć po pracy, organizować rodzinne obiady, spotkania z przyjaciółmi czy wieczorne grillowanie. Jest tu miejsce na meble wypoczynkowe, grill, parasol i mnóstwo zieleni. Co najważniejsze – taras zapewnia pełną prywatność. Nikt nie zagląda w okna ani na taras. To własny kawałek nieba w centrum Białegostoku. Dodatkowe atuty wszystkie okna w mieszkaniu zostały wymienione, okna na piętrze wymieniono w tym roku – inwestycja o wartości około 40 000 zł, zamontowano rolety zewnętrzne oraz wewnętrzne, do mieszkania przynależy piwnica. Garaż Istnieje możliwość dokupienia garażu znajdującego się w bryle budynku z automatyczną bramą. Garaż posiada dodatkową wnękę do przechowywania rowerów, opon, narzędzi i innych rzeczy. Dodatkowym udogodnieniem jest miejsce postojowe przed garażem na drugi samochód. Dlaczego warto? To mieszkanie jest idealnym wyborem dla osób, które nie chcą iść na kompromisy. Łączy przestrzeń domu z wygodą mieszkania, oferując komfort, prywatność i wyjątkową atmosferę. Takich nieruchomości jest coraz mniej, ponieważ współczesne osiedla nie zapewniają ani takiej ilości zieleni, ani tak dużych odległości między budynkami. Jeśli szukasz miejsca, w którym każdy domownik będzie miał swoją przestrzeń, a jednocześnie będziecie mogli wspólnie cieszyć się życiem w wyjątkowym otoczeniu – ta oferta jest właśnie dla Ciebie. Zapraszam do kontaktu i umówienia się na prezentację. Zdjęcia nie są w stanie oddać klimatu i przestrzeni tego wyjątkowego mieszkania – warto zobaczyć je na żywo.",tak,tak,osobna,plastikowe,własność,,53.112335,23.144299
Białystok Centrum,ul. Icchoka Malmeda,2,43,539000,12535,Pośrednik,,17,https://adresowo.pl/o/mieszkanie-bialystok-centrum-ul-icchoka-malmeda-2-pokojowe-e7i9x9,https://s2.adresowa.pl/oi/1f/26/3d38e8_7923_cover@2x-2-pokojowe-mieszkanie-bialystok-centrum-ul-icchoka-malmeda.webp,Białystok Centrum,Icchoka Malmeda,1,,kamienica,,"Na sprzedaż wyjątkowe, dopracowane w każdym detalu 2-pokojowe mieszkanie o powierzchni 43,89 m², położone na 1 piętrze kamienicy z historią przy ul. Malmeda — w samym sercu miasta, tuż obok Rynku Kościuszki. To propozycja dla osób, które cenią autentyczny charakter kamienic, wysoki standard wykończenia oraz możliwość wprowadzenia się bez żadnych dodatkowych nakładów finansowych. Mieszkanie zostało urządzone prywatnie, z pomocą architekta wnętrz – nie jako inwestycja pod wynajem, lecz jako komfortowa i przemyślana przestrzeń do życia. ⸻ KLUCZOWE INFORMACJE • metraż: 43,89 m² • układ: salon, oddzielna kuchnia, sypialnia z garderobą, łazienka • piętro: 1 • przynależna piwnica • dwustronne • ekspozycja: salon – południowo-zachodnia sypialnia i kuchnia – północno-wschodnia • mieszkanie po gruntownym remoncie (wymienione wszystkie instalacje) • czynsz: 515 zł + prąd wg zużycia • pełna własność prawa do lokalu - Księga Wieczysta bez obciążeń • wyremontowana klatka schodowa ⸻ UKŁAD I STANDARD Na powierzchnię 43,89 m² składa się: • jasny, ustawny salon z ekspozycją południowo-zachodnią, wyposażony w skórzaną sofę oraz drewniany stolik z funkcją biurka i schowkiem, • oddzielna, w pełni wyposażona kuchnia w wysokiej jakości zabudowie stolarskiej wykonanej na zamówienie oraz oknem zapewniającym naturalne doświetlenie, • komfortowa sypialnia z dyskretnie ukrytą garderobą we wnęce, • elegancka łazienka z prysznicem walk-in i szklaną taflą wykonaną na wymiar, osadzoną w minimalistycznym, czarnym profilu, • przemyślany hol z zabudową oraz miejscem na przechowywanie. Mieszkanie przeszło kapitalny remont, podczas którego wymieniono wszystkie instalacje. Zostało zaprojektowane z pomocą architekta wnętrz spójnie i ponadczasowo, z dbałością o funkcjonalność oraz jakość zastosowanych materiałów. Lokal sprzedawany jest z pełnym wyposażeniem – w cenie pozostają zarówno meble w zabudowie, jak i meble ruchome. Wyposażenie AGD obejmuje: • lodówkę • zmywarkę • piekarnik • płytę indukcyjną • okap • urządzenie do filtracji wody pitnej • pralkę • telewizor To mieszkanie gotowe do zamieszkania od pierwszego dnia — bez dodatkowych inwestycji. ⸻ LOKALIZACJA – ul. Malmeda, ścisłe centrum Nieruchomość położona jest w sercu miasta, tuż obok Rynku Kościuszki – w jednej z najbardziej obleganych i rozpoznawalnych lokalizacji, która od lat cieszy się ogromnym zainteresowaniem — zarówno do zamieszkania, jak i inwestycyjnie. W bezpośrednim sąsiedztwie znajdują się: • restauracje i kawiarnie • galeria handlowa • liczne sklepy i lokale usługowe • szkoła z przedszkolem • usługi medyczne • apteka i poczta • przystanki komunikacji miejskiej (najbliższe linie: 2, 4, 5, 8, 20, N1, N2) To miejsce zapewnia pełną wygodę codziennego funkcjonowania - wszystko masz w zasięgu kilku minut spaceru. ⸻ DLACZEGO TO MIESZKANIE JEST WYJĄTKOWE? •ścisłe centrum, ale w klimatycznej kamienicy •pierwsze piętro — najbardziej poszukiwane •mieszkanie po kapitalnym remoncie • projekt architekta wnętrz •pełne wyposażenie w cenie • dwustronne mieszkanie z korzystną ekspozycją •idealne zarówno do zamieszkania, jak i jako bezpieczna i prestiżowa inwestycja To nieruchomość łącząca klimat kamienicy z nowoczesnym standardem wykończenia. Takie mieszkania w tej części miasta pojawiają się rzadko. ⸻ FINANSOWANIE Kupując z nami, uzyskasz wsparcie doświadczonego doradcy kredytowego, który pomoże wybrać najlepsze warunki finansowania i przeprowadzi Cię przez cały proces kredytowy. ⸻ To mieszkanie, w którym można komfortowo zamieszkać od razu — bez długich remontów i dodatkowych kosztów. Przemyślana przestrzeń, doskonała lokalizacja i wysoki standard wykończenia sprawiają, że spełni oczekiwania wymagających klientów — zarówno na własne potrzeby, jak i jako stabilna lokata kapitału. Doskonała lokalizacja również pod wynajem krótkoterminowy lub długoterminowy.",tak,,osobna,,,"Wyposażenie: lodówkę, piekarnik, pralkę, telewizor, zmywarkę",53.1346,23.1589
Białystok Centrum,ul. Czysta,2,35,464900,13283,Pośrednik,,18,https://adresowo.pl/o/mieszkanie-bialystok-centrum-ul-czysta-2-pokojowe-l7o0j6,https://s2.adresowa.pl/oi/4a/2e/3d293e_629a_cover@2x-2-pokojowe-mieszkanie-bialystok-centrum-ul-czysta.webp,Białystok Centrum,Czysta,3,2025,apartamentowiec,,"Na sprzedaż komfortowe, 2-pokojowe mieszkanie o powierzchni 35,54 m², położone na 3. piętrze w nowoczesnym budynku z windą w inwestycji Czysta Premium przy ul. Czystej w samym centrum miasta. To idealna propozycja zarówno dla osób szukających swojego pierwszego mieszkania, jak i inwestorów pod wynajem. Mieszkanie jest w stanie deweloperskim, co pozwala wykończyć je od podstaw według własnej wizji bez kompromisów i bez konieczności przeróbek. Dużym atutem jest ogrzewanie podłogowe, które zapewnia wygodę użytkowania i estetykę wnętrza (brak tradycyjnych grzejników). Miejsce postojowe w garażu podziemnym. To mieszkanie łączy świetną lokalizację w centrum z nowoczesnym budownictwem i możliwością aranżacji według własnych potrzeb. W zasięgu ręki znajdują się sklepy, restauracje, uczelnie oraz pełna infrastruktura miejska. Najważniejsze informacje: powierzchnia: 35,54 m² 2 pokoje (salon z aneksem + sypialnia) piętro winda stan deweloperski ogrzewanie podłogowe miejsce postojowe w garażu - dodatkowo płatne inwestycja: Czysta Premium lokalizacja: centrum Skontaktuj się i umów się na prezentację. UWAGA! Dla zainteresowanych klientów oferujemy również pomoc w uzyskaniu kredytu hipotecznego.",,tak,,,,,53.1377,23.1532
Białystok,ul. Młynowa,3,62,899000,14500,bez pośredników,,17,https://adresowo.pl/o/mieszkanie-bialystok-ul-mlynowa-3-pokojowe-d0d7i6,https://s2.adresowa.pl/oi/15/52/3ff56c_8d8f_cover@2x-3-pokojowe-mieszkanie-bialystok-ul-mlynowa.webp,Białystok ,Młynowa,1,2021,apartamentowiec,,"Są nieruchomości, które oferują znacznie więcej niż tylko miejsce do zamieszkania. Ten apartament przy ul. Młynowej 46 w Białymstoku łączy prestiżową lokalizację, nowoczesny budynek oraz funkcjonalny układ, dzięki czemu doskonale sprawdzi się zarówno jako komfortowe mieszkanie, jak i reprezentacyjna siedziba kancelarii, biura lub gabinetu. Położenie na wysokim pierwszym piętrze, bezpośrednio nad lokalami usługowymi oraz doskonała ekspozycja na jedną z najbardziej rozpoznawalnych ulic centrum miasta zapewniają świetną widoczność i łatwy dostęp dla klientów. Apartament o powierzchni 62,65 m² znajduje się w nowoczesnym budynku z 2021 roku, wybudowanym przez renomowanego dewelopera Kalter. Najważniejsze atuty: - 62,65 m² powierzchni - 3 ustawne pomieszczenia - oddzielna kuchnia - balkon - ekspozycja południowo-wschodnia - stan deweloperski - pełna swoboda aranżacji - wysokie pierwsze piętro nad lokalami usługowymi - miejsce postojowe w podziemnej hali garażowej - prestiżowa lokalizacja w ścisłym centrum miasta Idealne miejsce do życia lub prowadzenia działalności: Nieruchomość została zaprojektowana w sposób umożliwiający różnorodne wykorzystanie. Może stać się komfortowym apartamentem dla osób ceniących życie w centrum lub elegancką siedzibą firmy. To doskonała propozycja między innymi dla: - kancelarii adwokackiej, radcowskiej lub notarialnej - biura doradztwa podatkowego, - gabinetu medycznego, - biura projektowego, - firmy konsultingowej. Reprezentacyjny charakter budynku oraz ekspozycja na ul. Młynową pozytywnie wpływają na rozpoznawalność i wizerunek prowadzonej działalności. Lokalizacja: Jedna z najlepszych lokalizacji w Białymstoku. Kilka minut spacerem dzieli nieruchomość od: - Rynku Kościuszki, - Opery i Filharmonii Podlaskiej, - dworców PKP i PKS, - Uniwersytetu Medycznego w Białymstoku, - Uniwersytetu w Białymstoku, - Politechniki Białostockiej, - licznych restauracji, kawiarni oraz punktów usługowych. Cena: Cena mieszkania: 935 000 zł (14 900 zł/m²) Miejsce postojowe w podziemnej hali garażowej: 60 000 zł (zakup obligatoryjny). Sprzedaż wyłącznie bezpośrednia !!! Nieruchomość oferowana jest bezpośrednio przez właściciela, bez pośrednictwa biur nieruchomości. Uprzejmie proszę o kontakt wyłącznie osoby zainteresowane zakupem. Jednocześnie dziękuję agencjom nieruchomości za zainteresowanie ofertą i proszę o niekontaktowanie się w sprawie nawiązania współpracy lub pośrednictwa w sprzedaży.",,tak,osobna,plastikowe,własność,,53.127561,23.146163
Białystok Dziesięciny,ul. Zagórna,2,32,399000,12469,bez pośredników,,15,https://adresowo.pl/o/mieszkanie-bialystok-dziesieciny-ul-zagorna-2-pokojowe-f0l3a0,https://s2.adresowa.pl/oi/3e/67/3ff20e_3e23_cover@2x-2-pokojowe-mieszkanie-bialystok-dziesieciny-ul-zagorna.webp,Białystok Dziesięciny,Zagórna,3,1980,blok,,"Na sprzedaż komfortowe mieszkanie po remoncie | 32,37 m² | Dziesięciny II | Białystok Zapraszam do zapoznania się z ofertą sprzedaży przytulnego mieszkania o powierzchni 32,37 m², położonego na 3. piętrze w 4-piętrowym bloku na popularnym osiedlu Dziesięciny II w Białymstoku. Mieszkanie przeszło remont i nie było dotychczas zamieszkane, dzięki czemu nowy właściciel będzie mógł cieszyć się świeżym, gotowym do wprowadzenia wnętrzem. Najważniejsze atuty: mieszkanie po remoncie, gotowe do zamieszkania wyposażenie stałe w cenie mieszkania sprzęt AGD: lodówka, zmywarka, piekarnik oraz płyta gazowa balkon zapewniający dodatkową przestrzeń do wypoczynku piwnica zwiększająca komfort przechowywania 3 piętro w niskim, 4-piętrowym bloku Lokalizacja Nieruchomość znajduje się w dobrze skomunikowanej części miasta, na osiedlu Dziesięciny II. W najbliższej okolicy dostępne są liczne punkty handlowo-usługowe, m.in.: sklepy spożywcze (Żabka, PSS Społem Gaj, Lewiatan), restauracje i lokale gastronomiczne (Kebab Super Queen, Bar Hermes), Osiedlowy Dom Kultury Gaj, tereny rekreacyjne i zielone, w tym Las Wesołowski poczta szkoły i przedszkola lekarze rodzinni Dodatkowym atutem są pobliskie przystanki komunikacji miejskiej, które zapewniają szybki i wygodny dojazd do innych części Białegostoku. To doskonała propozycja zarówno dla singla, pary, jak i osób poszukujących mieszkania pod inwestycję. NISKI CZYNSZ - 280 ZŁ Zainteresowany? Skontaktuj się i umów na prezentację mieszkania!",tak,,osobna,plastikowe,własność,"Wyposażenie: lodówka, piekarnik, zmywarka",53.15146,23.118116
Białystok Skorupy,ul. Pomorska,4,67,839900,12536,bez pośredników,,20,https://adresowo.pl/o/mieszkanie-bialystok-skorupy-ul-pomorska-4-pokojowe-v7h1z6,https://s2.adresowa.pl/oi/61/3d/3fed9e_d699_cover@2x-4-pokojowe-mieszkanie-bialystok-skorupy-ul-pomorska.webp,Białystok Skorupy,Pomorska,1,2025,blok,,"Na sprzedaż nowoczesne mieszkanie w zabudowie szeregowej wraz z garażem. Białystok, os. Skorupy. Oferuję na sprzedaż komfortowe mieszkanie o powierzchni 67,83 m², położone na pierwszym piętrze nowoczesnego budynku z 2025 roku, zlokalizowanego na osiedlu Skorupy w Białymstoku. Mieszkanie sprzedawane jest wyłącznie wraz z garażem. Podana cena obejmuje zarówno mieszkanie, jak i garaż - całość stanowi jeden komplet. Mieszkanie jest gotowe do zamieszkania i nie wymaga dodatkowych nakładów finansowych. W skład nieruchomości wchodzą: - przestronny salon z aneksem kuchennym, - 3 sypialnie, - łazienka, - przedpokój, - dwa balkony, - garaż. Lokal wyposażony jest w klimatyzację oraz zabudowę kuchenną wraz ze sprzętem AGD (lodówka, zmywarka, płyta indukcyjna, okap i piekarnik). Podłogowe ogrzewanie gazowe zapewnia komfort użytkowania przez cały rok. Dużym atutem jest spokojna i ceniona lokalizacja. W pobliżu znajdują się sklepy, szkoły, przedszkola, restauracje, tereny rekreacyjne oraz przystanki komunikacji miejskiej, dzięki czemu codzienne funkcjonowanie jest wygodne i komfortowe. To doskonała propozycja zarówno dla rodzin, jak i osób szukających nowoczesnego mieszkania w spokojnej okolicy. Sprzedaż bezpośrednio od właściciela. Nie jestem zainteresowany współpracą z biurami nieruchomości ani pośrednikami. Proszę o niekontaktowanie się w sprawie nawiązania współpracy. Zapraszam do kontaktu osoby prywatne zainteresowane zakupem i umówienia się na prezentację.",,tak,aneks,,,"Wyposażenie: lodówka, piekarnik, zmywarka",53.125869,23.199064
Białystok,Bojary,4,90,899000,9989,Pośrednik,,20,https://adresowo.pl/o/mieszkanie-bialystok-bojary-4-pokojowe-90-m2-v3a8f7,https://s2.adresowa.pl/oi/24/37/3ceaa6_27f3_cover@2x-4-pokojowe-mieszkanie-bialystok-bojary.webp,Białystok Bojary,,3,2003,blok,,"Na sprzedaż wyjątkowe, dwupoziomowe mieszkanie o powierzchni 90,6 m² , położone w jednej z najbardziej pożądanych lokalizacji w Białymstoku ul. Słonimska 5 - Bojary. Idealne dla rodziny, osób pracujących zdalnie lub inwestora szukającego nieruchomości o dużym potencjale. Najważniejsze atuty: ✔ 4 funkcjonalne pokoje ( z możliwością wydzielenia 5 pokoi) ✔ Dwupoziomowy, komfortowy układ ✔ 2 balkony (ekspozycja wschód-zachód) ✔ Prywatne miejsca parkingowe za szlabanem - tylko dla mieszkańców ✔ Piwnica (2.8 m2) ✔ Budynek z cegły (2003 r.) Przemyślany rozkład pomieszczeń Poziom I (47 m² + łazienka 3,9 m²): • Przestronny, jasny salon z jadalnią i otwartą kuchnią wyposażoną w sprzęty AGD (kuchenka elektryczna, nowa lodówka, pralka ) • Łazienka z prysznicem i WC Idealna strefa dzienna - dużo światła i przestrzeni do wspólnego spędzania czasu. Poziom II: • 3 ustawne sypialnie (17,5 m² | 9,4 m² | 7,5 m²) • Garderoba (2,4 m²) • Łazienka z wanną i WC (4,8 m²) z elektrycznym ogrzewaniem podłogowym Wyraźny podział na część dzienną i prywatną zapewnia wygodę wszystkim domownikom. Istnieje również możliwość dokupienia garażu w budynku. Lokalizacja Świetne położenie w dzielnicy Bojary -ul. Słonimska 5 blisko szkoły, sklepy, komunikacja miejska, tereny spacerowe. Kameralny, czteropiętrowy budynek z cegły gwarantuje solidność i komfort mieszkania. To mieszkanie łączy przestrzeń, funkcjonalność i doskonałą lokalizację. Zadzwoń i umów się na prezentację - takie oferty pojawiają się rzadko! *Klauzula informacyjna** Powyższa oferta nie stanowi oferty handlowej w rozumieniu art. 66 § 1 Kodeksu Cywilnego oraz innych właściwych przepisów prawnych. Opis oraz zdjęcia nieruchomości mają charakter wyłącznie informacyjny. Przedstawione informacje mogą odbiegać od stanu faktycznego nieruchomości, a ich szczegóły wymagają osobistej weryfikacji przez zainteresowanego nabywcę. Wszelkie dane, w tym wymiary, wyposażenie oraz stan techniczny nieruchomości, należy potwierdzić podczas oględzin. M2HOME Nieruchomości jest wyłącznym właścicielem zamieszczonych zdjęć i opisu. Kopiowanie ich w całości lub fragmentach jest zabronione zgodnie z ustawą z dnia 4 lutego 1994 r. o prawie autorskim i prawach pokrewnych Pośrednik odpowiedzialny zawodowo za wykonanie umowy pośrednictwa: Maja Sztukiewicz (licencja nr: )",tak,,aneks,drewniane,własność,"Wyposażenie: kuchenka, lodówka, pralka",53.134287,23.174028
Białystok,ul. Świętojańska,3,45,539000,11978,Pośrednik,,32,https://adresowo.pl/o/mieszkanie-bialystok-ul-swietojanska-3-pokojowe-e8p9q1,https://s2.adresowa.pl/oi/68/2e/3cea9c_f74a_cover@2x-3-pokojowe-mieszkanie-bialystok-ul-swietojanska.webp,Białystok ,Świętojańska,1,1964,blok,,"Rezerwacja ! Wyjątkowa oferta mieszkania w jednej z najbardziej pożądanych lokalizacji Białegostoku - na prestiżowym osiedlu Mickiewicza, przy ul. Świętojańskiej. To przestrzeń stworzona z myślą o komforcie, funkcjonalności i nowoczesnym stylu życia. Mieszkanie zostało zaprojektowane przez architekta, co widać w każdym detalu - harmonijny design, wysokiej jakości materiały oraz spójna, nowoczesna aranżacja sprawiają, że wnętrze prezentuje się niezwykle elegancko i ponadczasowo. Pomieszczenia są jasne, ustawne i dopracowane, a dodatkowym atutem jest zainstalowana klimatyzacja, zapewniająca komfort przez cały rok. Lokal dwustronny jasny, znajduje się na pierwszym piętrze w zadbanym bloku z cegły po termoizolacji. Mieszkanie składa się z trzech pokoi, kuchni, łazienki oraz balkonu. To jedna z najlepszych lokalizacji w mieście - bezpośrednie sąsiedztwo parku zapewnia możliwość odpoczynku w zieleni, a bliskość galerii Alfa i Biała gwarantuje dostęp do pełnej infrastruktury handlowo-usługowej. W najbliższej okolicy znajdują się również renomowane uczelnie Uniwersytet Medyczny i Uniwersytet Prawa, szkoły podstawowe, 11 liceum oraz liczne przedszkola. Pod blokiem dostępny jest parking na szlaban wyłącznie dla mieszkańców , co stanowi ogromny atut w tej części miasta. To oferta idealna zarówno dla rodzin poszukujących komfortowego miejsca do życia, jak i dla inwestorów, którzy oczekują bezpiecznej i atrakcyjnej lokaty kapitału pod wynajem. Wyjątkowe mieszkanie na wyjątkowym osiedlu - propozycja, która spełni oczekiwania najbardziej wymagających. Klauzula informacyjna Oferta nie stanowi oferty handlowej w rozumieniu art. 66 §1 KC. Informacje i zdjęcia mają charakter poglądowy i wymagają weryfikacji. M2HOME Nieruchomości jest właścicielem opisu i zdjęć. Ich kopiowanie lub rozpowszechnianie bez zgody jest zabronione na podstawie ustawy o prawie autorskim. Pośrednik odpowiedzialny zawodowo za wykonanie umowy pośrednictwa: Maja Sztukiewicz (licencja nr: )",,tak,aneks,plastikowe,własność,Wyposażenie: klimatyzacja,53.126499,23.172399
Białystok Antoniuk,ul. Antoniukowska,2,38,498000,13105,bez pośredników,,11,https://adresowo.pl/o/mieszkanie-bialystok-antoniuk-ul-antoniukowska-2-pokojowe-x4z6x6,https://s2.adresowa.pl/oi/50/5b/3fec3a_639d_cover@2x-2-pokojowe-mieszkanie-bialystok-antoniuk-ul-antoniukowska.webp,Białystok Antoniuk,Antoniukowska,parter,1973,blok,,"Sprzedam atrakcyjne mieszkanie na parterze przy ul. Antoniukowskiej. Mieszkanie świeżo po remoncie kapitalnym, nowe tynki, posadzki i instalacje. Mieszkanie w pełni umeblowane i gotowe do zamieszkania. Obok znajduje się parking, centrum handlowe, park rekreacyjny, przystanek komunikacji miejskiej, przychodnie lekarskie, szkoły, przedszkola. Zapraszam do kontaktu telefonicznego.",,,,plastikowe,własność,,53.142851,23.134479
Białystok,ul. gen. Józefa Bema,4,62,599000,9661,bez pośredników,,8,https://adresowo.pl/o/mieszkanie-bialystok-ul-gen-jozefa-bema-4-pokojowe-o0z7c1,https://s2.adresowa.pl/oi/37/3e/3fe910_5cbc_cover@2x-4-pokojowe-mieszkanie-bialystok-ul-gen-jozefa-bema.webp,Białystok ,gen. Józefa Bema,5,2025,blok,,"Na sprzedaż 4-pokojowe mieszkanie gotowe do zamieszkania. Oferuję na sprzedaż komfortowe mieszkanie składające się z salonu z kuchnią, trzech pokoi, łazienki oraz balkonu. Do mieszkania przynależy również piwnica. Lokal jest po remoncie, wyposażony i nie wymaga żadnych dodatkowych nakładów finansowych. Mieszkanie dwustronne. Wszystkie sprzęty i meble w zabudowie pozostają w cenie. Reszta do dogadania. Najważniejsze atuty: • w pełni wyposażona kuchnia (zmywarka, piekarnik z płytą, okap, duża powierzchnia robocza) wraz z salonem (8,4m2) • 3 oddzielne pokoje (14,1m2 z zabudową długości 3 m w postaci szafy; 6m2, 15m2 z szafami). W każdym pokoju żaluzje • Łazienka z toaletą (narożna wanna z hydromasażem wraz z panelem prysznicowym i parawanem, podwieszana toaleta, umywalka z szafką, miejsce na pralkę i suszarkę (z możliwością dogadania i pozostawienia)) • mały balkon • piwnica Atuty lokalizacji: • spokojna lokalizacja, b. blisko Centrum • do szkoły, przedszkola, żłobka 5 minut, bliskość sklepów • 10 minut do dworca autobusowego i 15 do kolejowego • Campus Politechniki Białostockiej 5 minut • 15 minut do Rynku Kościuszki i Zwierzyńca, Parku Planty • gotowe do wprowadzenia, nie wymaga nakładów finansowych Idealne dla rodziny lub jako inwestycja pod wynajem. Zapraszam do kontaktu i obejrzenia mieszkania. Więcej zdjęć na priv. Sprzedaż bezpośrednia.",tak,,,,,"Wyposażenie: piekarnik, pralkę, suszarkę, zmywarka",53.122208,23.141037
Białystok Nowe Miasto,ul. Kazimierza Pułaskiego,3,53,515000,9717,bez pośredników,,10,https://adresowo.pl/o/mieszkanie-bialystok-nowe-miasto-ul-kazimierza-pulaskiego-3-pokojowe-e7e6d3,https://s2.adresowa.pl/oi/1a/30/3fdaa4_5097_cover@2x-3-pokojowe-mieszkanie-bialystok-nowe-miasto-ul-kazimierza-pulaskiego.webp,Białystok Nowe Miasto,Kazimierza Pułaskiego,4,1997,blok,,"Sprzedam mieszkanie 53m, oddzielna kuchnia, 3 pokoje nieprzechodnie, 4 piętro w bloku z lat 95-97. Do mieszkania przynależy duży balkon oraz piwnica. Wyposażenie do uzgodnienia. W pobliżu bardzo duża ilość przystanków MPK. W bliskiej odległości Biedronka, Lidl i inne mniejsze sklepy, mini galeria, tereny zielone. Bliski dojazd do obwodnicy, dużo miejsc parkingowych w pobliżu bloku. Blisko szkoły i przedszkola, przychodnia i inne punkty medyczne. Do wprowadzenia lub do lekkiego odświeżenia. Oferta prywatna - bez pośrednika. Agencjom nieruchomości dziękuję i proszę nie dzwonić.",tak,,osobna,,spółdzielcze własnościowe,,53.109628,23.130887
Białystok Piaski,ul. Bułgarska,3,48,409000,8521,Pośrednik,,16,https://adresowo.pl/o/mieszkanie-bialystok-piaski-ul-bulgarska-3-pokojowe-n0n4p7,https://s2.adresowa.pl/oi/29/1a/3cd262_f56f_cover@2x-3-pokojowe-mieszkanie-bialystok-piaski-ul-bulgarska.webp,Białystok Piaski,Bułgarska,3,1970,blok,,"Na sprzedaż funkcjonalne, dwustronne mieszkanie o powierzchni 48 m², położone na 3. piętrze w 11-piętrowym budynku z windą (ORAZ PARKINGIEM DLA MIESZKAŃCÓW ZA ZAMYKANĄ NA PILOT BRAMĄ). Lokal posiada balkon oraz bardzo korzystny układ pomieszczeń z trzema niezależnymi pokojami i oddzielną kuchnią. Atrakcyjna i bardzo dobrze skomunikowana część miasta, zaledwie kilka minut spacerem od ścisłego centrum oraz Pałacu Branickich. Spokojne, zielone osiedle z pełną infrastrukturą – w najbliższym otoczeniu znajdują się szkoły, przedszkola, szpital, sklepy oraz punkty usługowe. Ogromnym atutem nieruchomości jest duży potencjał aranżacyjny – obecny układ pozwala zarówno na zachowanie trzech oddzielnych pokoi, jak i stworzenie nowoczesnej strefy dziennej poprzez przeniesienie kuchni do salonu i uzyskanie przestrzeni z aneksem kuchennym. Cena: 409 000 zł Forma własności: spółdzielcze własnościowe prawo do lokalu z uregulowanymi gruntami – możliwość zakupu przy wsparciu kredytu hipotecznego Klientom kupującym gwarantujemy bezpłatną weryfikację zdolności kredytowej, dodatkowe zniżki na kredyty hipoteczne ze względu na stałą współpracę z doradcą kredytowym oraz zniżki na usługi notarialne. Mieszkanie posiada bardzo funkcjonalny, rozkładowy układ pomieszczeń, w którym wszystkie pokoje są niezależne i dostępne z centralnego holu. Salon (14,88 m²) Przestronny pokój dzienny z wyjściem na balkon, stanowiący idealne miejsce do wypoczynku. Duże okna zapewniają dobre doświetlenie pomieszczenia. Sypialnia I (9,70 m²) Ustawny pokój, który świetnie sprawdzi się jako główna sypialnia lub pokój dziecięcy. Sypialnia II (7,06 m²) Pokój idealny jako gabinet do pracy, pokój dziecięcy lub dodatkowa sypialnia. Kuchnia (6,95 m²) Oddzielna, jasna kuchnia z oknem. Funkcjonalny układ pozwala na wygodne zagospodarowanie przestrzeni roboczej. Łazienka (2,23 m²) Miejsce na wannę lub prysznic oraz umywalkę. Osobne WC (0,75 m²) Oddzielne pomieszczenie z toaletą, co zwiększa komfort użytkowania mieszkania. Hall / przedpokój (6,12 m²) Centralna część mieszkania zapewniająca wygodną komunikację pomiędzy wszystkimi pomieszczeniami oraz miejsce na szafę w zabudowie. Wyposażenie i udogodnienia • Balkon • Dwie piwnice • Komórka lokatorska na półpiętrze • Winda w budynku • Parking dla mieszkańców za szlabanem Zapraszam do kontaktu i na prezentację! Amadeusz Zarzycki",tak,,osobna,plastikowe,spółdzielcze własnościowe,,53.12665,23.15163
Białystok,ul. gen. Józefa Bema,4,48,514999,10729,Pośrednik,,16,https://adresowo.pl/o/mieszkanie-bialystok-ul-gen-jozefa-bema-4-pokojowe-t4d9m5,https://s2.adresowa.pl/oi/40/6e/3ca95c_eaf7_cover@2x-4-pokojowe-mieszkanie-bialystok-ul-gen-jozefa-bema.webp,Białystok ,gen. Józefa Bema,3,1975,blok,,"Na sprzedaż 4-pokojowe mieszkanie o powierzchni 48,11 m², położone na 3 piętrze w niskim bloku na popularnym osiedlu Bema w Białymstoku. To propozycja dla osób, które szukają mieszkania gotowego do wprowadzenia, a także dla inwestorów — dzięki czterem pokojom lokal świetnie sprawdzi się jako mieszkanie na wynajem, szczególnie dla studentów Politechniki Białostockiej. Nieruchomość idealna pod wynajem inwestycyjny. Dzięki bliskości Politechniki Białostockiej i czterem pokojom (trzy z nich można wynająć osobno) mieszkanie zapewnia stały popyt ze strony studentów. Pojedyncze pokoje w Białymstoku wynajmowane są obecnie za ok. 700-1200 zł/miesiąc. Wynajmując pokoje osobno zamiast całości jednemu najemcy, można uzyskać wyraźnie wyższy łączny przychód z najmu i szybszy zwrot z inwestycji. Wnętrze przeszło generalny remont, dzięki czemu mieszkanie jest świeże, funkcjonalne i przygotowane do zamieszkania bez dodatkowych nakładów finansowych. Układ został zaprojektowany tak, aby maksymalnie wykorzystać przestrzeń. Kuchnia została wykonana na wymiar, z praktyczną zabudową i sprzętem AGD. Mieszkanie jest jasne i ustawne, a dodatkowym atutem jest balkon, który daje przestrzeń do odpoczynku. Wymieniona została również instalacja elektryczna, a w mieszkaniu zamontowane są okna plastikowe. Mieszkanie znajduje się na 3 piętrze w czteropiętrowym bloku, co zapewnia dobrą równowagę między prywatnością a wygodnym dostępem do lokalu. Budynek położony jest z dala od głównych ulic, dzięki czemu w mieszkaniu jest cicho i spokojnie. Najważniejsze informacje: – 4 pokoje | 48,11 m² – 3 piętro z 4 (niski blok) – mieszkanie po generalnym remoncie – balkon – piwnica – wymieniona instalacja elektryczna – okna plastikowe – idealne pod wynajem dla studentów Lokalizacja to jeden z największych atutów tej nieruchomości. Osiedle Bema to jedna z najbardziej rozpoznawalnych części miasta, bardzo dobrze skomunikowana z centrum. W pobliżu znajdują się sklepy, szkoły, przystanki autobusowe oraz Politechnika Białostocka, co sprawia, że mieszkanie świetnie sprawdzi się jako inwestycja pod wynajem dla studentów. To oferta, która łączy dobrą lokalizację, funkcjonalny układ i gotowe mieszkanie po remoncie — zarówno dla rodziny, jak i inwestora. Skontaktuj się i umów się na prezentację. UWAGA! Dla zainteresowanych klientów oferujemy również pomoc w uzyskaniu kredytu hipotecznego.",tak,,,,,,53.126,23.1493
Białystok Nowe Miasto,ul. Krucza,2,51,489000,9588,bez pośredników,,10,https://adresowo.pl/o/mieszkanie-bialystok-nowe-miasto-ul-krucza-2-pokojowe-f4c3a6,https://s2.adresowa.pl/oi/6c/3a/3fda2e_a380_cover@2x-2-pokojowe-mieszkanie-bialystok-nowe-miasto-ul-krucza.webp,Białystok Nowe Miasto,Krucza,4,1997,blok,,"Na sprzedaż bezpośrednio od właściciela: Funkcjonalne, dwupokojowe mieszkanie z osobną kuchnią, zlokalizowane przy ul. Kruczej 6 na popularnym i świetnie skomunikowanym osiedlu Nowe Miasto w Białymstoku. Mieszkanie jest sprzedawane z pełnym wyposażeniem widocznym na zdjęciach w cenie! To idealna opcja dla osób szukających nieruchomości gotowej do wprowadzenia lub pod bezpieczny, natychmiastowy wynajem (np. dla studentów Politechniki). Nieruchomość znajduje się na 4. (ostatnim) piętrze w zadbanym bloku z 1997 roku. Dzięki braku sąsiadów nad głową oraz położeniu w bocznej, spokojnej części ulicy, mieszkanie gwarantuje ciszę, prywatność i doskonałe warunki do odpoczynku. KLUCZOWE PARAMETRY: - Powierzchnia użytkowa (w księdze wieczystej): 51,75 m² - Powierzchnia mierzona po podłodze: aż ok. 68 m²! (Dodatkowa przestrzeń pod klimatycznymi skosami, idealna na szafy wnękowe, biurko czy schowki, za którą nie przepłacasz). - Układ pomieszczeń: 2 ustawne, niezależne pokoje, korytarz, osobna i jasna kuchnia oraz łazienka wyposażona zarówno w wannę, jak i prysznic. - Przynależności: Do mieszkania przynależy pojemna piwnica. STAN TECHNICZNY I BUDYNEK: Budynek jest zarządzany przez prężną spółdzielnię/wspólnotę. Około 5 lat temu przeprowadzono kompleksowy remont dachu oraz wymieniono wszystkie okna połaciowe (dachowe) na nowe i energooszczędne. Dzięki temu mieszkanie jest ciepłe zimą, a dach pozostaje w idealnym stanie technicznym. Stan wnętrza pozwala na natychmiastowe zamieszkanie. W budynku nie ma windy, co rekompensują niższy czynsz oraz codzienna porcja zdrowego ruchu. LOKALIZACJA: Osiedle Nowe Miasto to jedna z najbardziej poszukiwanych lokalizacji w Białymstoku. W najbliższej okolicy pełna infrastruktura: sklepy, punkty usługowe, przystanki komunikacji miejskiej oraz tereny zielone. Ze względu na bliskość Politechniki Białostockiej, mieszkanie stanowi doskonałą lokatę kapitału.",tak,,osobna,plastikowe,własność,,53.110916,23.130313
Białystok,ul. Zachodnia,2,43,469000,10907,bez pośredników,,4,https://adresowo.pl/o/mieszkanie-bialystok-ul-zachodnia-2-pokojowe-b1b8y4,https://s2.adresowa.pl/oi/2b/32/3fd420_4ff1_cover@2x-2-pokojowe-mieszkanie-bialystok-ul-zachodnia.webp,Białystok ,Zachodnia,3,2000,blok,,"Na sprzedaż funkcjonalne i jasne mieszkanie 2-pokojowe o powierzchni 43,5 m2, usytuowane na 3. piętrze przy ulicy Zachodniej na osiedlu Kawaleryjskim w Białymstoku. Nieruchomość znajduje się na terenie ogrodzonym i zamkniętym, co zapewnia bezpieczeństwo, spokój oraz prywatność. To doskonała propozycja do zamieszkania dla pary lub singla, a także jako pewna inwestycja pod wynajem ze względu na bliskość uczelni oraz dobrą komunikację z centrum. Układ mieszkania: - Salon połączony z aneksem kuchennym - Ustawna sypialnia - Łazienka - Korytarz Do mieszkania przynależy również piwnica (w cenie). Główne zalety: - Niski czynsz: 485 zł - Osiedle zamknięte i ogrodzone - Piętro 3 - Świetna lokalizacja: blisko przystanki BKM, sklepy, punkty usługowe, tereny zielone i uczelnie - Blok z 2000r. Zapraszam do kontaktu telefonicznego oraz na prezentację mieszkania.",tak,,aneks,,,,53.112499,23.134874
Białystok Wysoki Stoczek,ul. Rzemieślnicza,1,23,300000,13043,bez pośredników,,7,https://adresowo.pl/o/mieszkanie-bialystok-wysoki-stoczek-ul-rzemieslnicza-1-pokoj-s3b5c3,https://s2.adresowa.pl/oi/69/4b/3fcc20_b728_cover@2x-1-pokojowe-mieszkanie-bialystok-wysoki-stoczek-ul-rzemieslnicza.webp,Białystok Wysoki Stoczek,Rzemieślnicza,9,1975,blok,,"Na sprzedaż piękna, nowoczesna kawalerka, zlokalizowana przy ul. Rzemieślniczej w Białymstoku (23,60 m2, 9 piętro, wielka płyta). Mieszkanie jest wykończone, w pełni umeblowane i wyposażone w niezbędne sprzęty (płyta indukcyjna, piekarnik, zmywarka, lodówka, pralka, kanapa z funkcją spania, stolik, dwa krzesła, zabudowa kuchenna, zabudowa pokojowa, klimatyzacja). W skład nieruchomości wchodzą: - pokój dzienny; - aneks kuchenny; - łazienka. Do mieszkania przynależy prawo do korzystania z pomieszczenia piwnicznego (5 m2). Mieszkanie posiada aktualne świadectwo charakterystyki energetycznej. Nieruchomość położona jest w atrakcyjnym miejscu - w pobliżu sklepy, restauracje, inne usługi, przystanek autobusowy, miejsce jest bardzo dobrze skomunikowane z centrum miasta. Cena: 300 000 zł. Cena za metr kwadratowy: 12 718 zł. W chwili obecnej mieszkanie jest wynajmowane i przynosi pasywny dochód. Świetna lokata kapitału z pasywnym zwrotem. Zapraszam do kontaktu w celu umówienia się na prezentację nieruchomości. Numer Mieszkanie sprzedawane jest bezpośrednio od właściciela, bez pośredników.",tak,,aneks,,,"Wyposażenie: klimatyzacja, lodówka, piekarnik, pralka, zmywarka",53.143286,23.112641
Białystok Starosielce,ul. Klepacka,3,48,499000,10396,Pośrednik,,9,https://adresowo.pl/o/mieszkanie-bialystok-starosielce-ul-klepacka-3-pokojowe-p4y6y6,https://s2.adresowa.pl/oi/49/35/3ca594_a4d9_cover@2x-3-pokojowe-mieszkanie-bialystok-starosielce-ul-klepacka.webp,Białystok Starosielce,Klepacka,1,2025,blok,,"Nowa inwestycja - możliwość wykończenia pod klucz Zapraszamy do zapoznania się z ofertą nowej inwestycji Moje Pierwsze Mieszkanie . Kameralna zabudowa - jedynie 28 mieszkań w niskim 3-piętrowym budynku. Mieszkanie nr 12 położone jest na pierwszym piętrze. Powierzchnia mieszkania to 48,14 m 2 , na którą składają się: salon z aneksem kuchennym 21,71m 2 dwie sypialnie (8,62m 2 i 7,00m 2 ) łazienka z wc 3,14m 2 przedpokój 7,80m 2 dodatkową powierzchnią jest balkon 3m 2 DODATKOWE INFORMACJE: nieruchomość wykończona w wysokim standardzie, w modnej i nowoczesnej kolorystyce. Na podłogach położone jasne panele, ściany w przyjemnych kolorach, wykończona łazienka z wanną i dużym lustrem oraz zabudową, w gustownych barwach, a także wygodna i elegancka kuchnia ze sprzętem: lodówką w zabudowie, piekarnikiem elektrycznym, płytą indukcyjną, okapem i zmywarką. blokiem zarządza wspólnota mieszkaniowa dostępna jest w ogólnodostępna wózkownia/rowerownia na parterze na terenie bloku dostępny jest plac zabaw tylko dla mieszkańców w bloku zamontowany jest wideodomofon podnoszący bezpieczeństwo i komfort mieszkańców teren bloku częściowo ogrodzony istnieje możliwość dokupienia miejsca postojowego w garażu podziemnym - cena 40 000 zł Kupujący nie płaci podatku PCC 2%. Pełna lista mieszkań z tej inwestycji dostępna na naszej stronie: [www]/inwestycje _____________________________________________________ Inwestycja MOJE PIERWSZE MIESZKANIE to kameralny blok o harmonijnej, przyjemnej kolorystyce. Dla komfortu mieszkańców starannie rozplanowano przestrzeń mieszkań oraz teren wokół inwestycji, a czas najmłodszym mieszkańcom umili plac zabaw znajdujący się tuż przy bloku. Mieszkańcy mają również do dyspozycji wielostanowiskowy garaż podziemny , zewnętrzne miejsca parkingowe, a także ogólnodostępną wózkownię/rowerownię. W ofercie znajdują się różnorodne mieszkania, zarówno kompaktowe mieszkania 2-pokojowe, jak i większe, rodzinne 3 pokoje. Mieszkania na parterze mają przynależne ogródki oraz są przystosowane dla osób z niepełnosprawnościami. Mieszkania na wyższych piętrach mają duże balkony , a dwa mieszkania na ostatnim piętrze - o bszerne tarasy . Inwestycja MOJE PIERWSZE MIESZKANIE położona jest na osiedlu Starosielce , przy ulicy Klepackiej . Świetnie rozwinięta infrastruktura handlowo-usługowa w okolicy, tereny zielone oraz przystanek komunikacji miejskiej z dobrym dojazdem do centrum tuż obok bloku. Inwestycja MOJE PIERWSZE MIESZKANIE - lokalizacja Starosielce, ulica Klepacka 6,8 km do centrum 1 min. do przystanku autobusowego dojazd do centrum: 12 min samochodem Istotne punkty w okolicy inwestycji: Sklep: Biedronka (400 m, 6 minut spacerem) Przystanek autobusowy (30 m, 1 minuta spacerem) Poradnia Lekarzy Rodzinnych (120 m, 2 minuty spacerem) Kościół (50 m, 1 minuta spacerem) Szkoła Podstawowa (1 km, 14 minut spacerem) Przedszkole (500 m, 7 minut spacerem) Oferujemy usługę wsparcia w uzyskaniu kredytu hipotecznego - współpracujemy z zaufanym Doradcą Kredytowym. Więcej informacji: Aneta Grzegorek tel. [numer] [email] Adam Grzegorek tel. [numer] [email] Pośrednik odpowiedzialny zawodowo za wykonanie umowy pośrednictwa: Aneta Grzegorek (licencja nr: 23825)",,tak,aneks,,własność,Wyposażenie: piekarnik,53.113308,23.088325
Białystok Starosielce,ul. Klepacka,3,52,435000,8365,Pośrednik,,10,https://adresowo.pl/o/mieszkanie-bialystok-starosielce-ul-klepacka-3-pokojowe-e4q9h9,https://s2.adresowa.pl/oi/32/6f/3ca580_e047_cover@2x-3-pokojowe-mieszkanie-bialystok-starosielce-ul-klepacka.webp,Białystok Starosielce,Klepacka,1,2025,blok,,"Nowa inwestycja - możliwość wykończenia pod klucz Zapraszamy do zapoznania się z ofertą nowej inwestycji Moje Pierwsze Mieszkanie . Kameralna zabudowa - jedynie 28 mieszkań w niskim 3-piętrowym budynku. Mieszkanie gotowe do odbioru. Mieszkanie nr 9 położone jest na pierwszym piętrze. Powierzchnia mieszkania to 52,14 m 2 , na którą składają się: salon 16,48m 2 aneks kuchenny 7,84m 2 dwie sypialnie (8,99m 2 i 8,96m 2 ) łazienka z wc 3,02m 2 przedpokój 6,85m 2 dodatkową powierzchnią jest balkon 4 m 2 DODATKOWE INFORMACJE: stan deweloperski lub wykończone pod klucz - cena wykończonego pod klucz 549 000 zł (specyfikacja wykończenia dostępna u Doradcy, mieszkanie wykończone zgodnie z preferencjami kupującego) blokiem zarządza wspólnota mieszkaniowa dostępna jest w ogólnodostępna wózkownia/rowerownia na parterze na terenie bloku dostępny jest plac zabaw tylko dla mieszkańców w bloku zamontowany jest wideodomofon podnoszący bezpieczeństwo i komfort mieszkańców teren bloku częściowo ogrodzony istnieje możliwość dokupienia miejsca postojowego w garażu podziemnym - cena 40 000 zł lub zewnętrznego miejsca pod wiatą w cenie 15 000 zł Kupujący nie płaci podatku PCC 2%. Pełna lista mieszkań z tej inwestycji dostępna na naszej stronie: [www]/inwestycje _____________________________________________________ Inwestycja MOJE PIERWSZE MIESZKANIE to kameralny blok o harmonijnej, przyjemnej kolorystyce. Dla komfortu mieszkańców starannie rozplanowano przestrzeń mieszkań oraz teren wokół inwestycji, a czas najmłodszym mieszkańcom umili plac zabaw znajdujący się tuż przy bloku. Mieszkańcy mają również do dyspozycji wielostanowiskowy garaż podziemny , zewnętrzne miejsca parkingowe, a także ogólnodostępną wózkownię/rowerownię. W ofercie znajdują się różnorodne mieszkania, zarówno kompaktowe mieszkania 2-pokojowe, jak i większe, rodzinne 3 pokoje. Mieszkania na parterze mają przynależne ogródki oraz są przystosowane dla osób z niepełnosprawnościami. Mieszkania na wyższych piętrach mają duże balkony , a dwa mieszkania na ostatnim piętrze - o bszerne tarasy . Inwestycja MOJE PIERWSZE MIESZKANIE położona jest na osiedlu Starosielce , przy ulicy Klepackiej . Świetnie rozwinięta infrastruktura handlowo-usługowa w okolicy, tereny zielone oraz przystanek komunikacji miejskiej z dobrym dojazdem do centrum tuż obok bloku. Inwestycja MOJE PIERWSZE MIESZKANIE - lokalizacja Starosielce, ulica Klepacka 6,8 km do centrum 1 min. do przystanku autobusowego dojazd do centrum: 12 min samochodem Istotne punkty w okolicy inwestycji: Sklep: Biedronka (400 m, 6 minut spacerem) Przystanek autobusowy (30 m, 1 minuta spacerem) Poradnia Lekarzy Rodzinnych (120 m, 2 minuty spacerem) Kościół (50 m, 1 minuta spacerem) Szkoła Podstawowa (1 km, 14 minut spacerem) Przedszkole (500 m, 7 minut spacerem) Oferujemy usługę wsparcia w uzyskaniu kredytu hipotecznego - współpracujemy z zaufanym Doradcą Kredytowym. Więcej informacji: Aneta Grzegorek tel. [numer] [email] Adam Grzegorek tel. [numer] [email] Pośrednik odpowiedzialny zawodowo za wykonanie umowy pośrednictwa: Aneta Grzegorek (licencja nr: 23825)",,tak,aneks,plastikowe,własność,,53.113308,23.088325
Białystok Centrum,ul. Żytnia,2,32,425000,13281,bez pośredników,,9,https://adresowo.pl/o/mieszkanie-bialystok-centrum-ul-zytnia-2-pokojowe-y5q4j7,https://s2.adresowa.pl/oi/55/58/3fca14_a1b7_cover@2x-2-pokojowe-mieszkanie-bialystok-centrum-ul-zytnia.webp,Białystok Centrum,Żytnia,parter,1965,blok,,"CENTRUM BIAŁEGOSTOKU | PO REMONCIE | 2 POKOJE | PARTER | IDEALNE DO ZAMIESZKANIA LUB POD INWESTYCJĘ CZY DZIAŁALNOŚĆ | 32,77 m² Wyjątkowa lokalizacja. Gotowe do zamieszkania. Nieruchomość z potencjałem. Nie każda nieruchomość daje tyle możliwości. To mieszkanie łączy doskonałą lokalizację w centrum Białegostoku, funkcjonalny układ oraz potencjał inwestycyjny. Świetnie sprawdzi się jako komfortowe miejsce do życia, pewna lokata kapitału lub elegancka przestrzeń do prowadzenia działalności. Na sprzedaż 2-pokojowe mieszkanie o powierzchni 32,77 m², położone na parterze przy ul. Żytniej. Lokal jest po remoncie, dzięki czemu nowy właściciel może wprowadzić się od razu bez dodatkowych nakładów finansowych. Najważniejsze informacje: - powierzchnia: 32,77 m² - 2 ustawne, jasne pokoje - oddzielna kuchnia - łazienka - piwnica - parter - mieszkanie po remoncie - czynsz około 300 zł - ogólnodostępne miejsca parkingowe przy budynku Lokalizacja, której nie trzeba reklamować: To jedna z najbardziej atrakcyjnych części Białegostoku wszędzie jest blisko, a pełna infrastruktura miejska znajduje się dosłownie na wyciągnięcie ręki. Komunikacja: - przystanek autobusowy około 150-200 m (2-3 minuty spacerem) Edukacja: - Uniwersytet w Białymstoku ok. 2 km - Uniwersytet Medyczny w Białymstoku ok. 2 km - Politechnika Białostocka ok. 3 km - I Liceum Ogólnokształcące im. Adama Mickiewicza ok. 800 m - VI Liceum Ogólnokształcące im. Króla Zygmunta Augusta ok. 1 km - X Liceum Ogólnokształcące im. Wisławy Szymborskiej ok. 1 km Opieka zdrowotna: - Samodzielny Publiczny Miejski Szpital im. PCK ok. 600 m - Uniwersytecki Szpital Kliniczny ok. 2 km - Wojewódzki Szpital Zespolony ok. 2 km Zakupy i usługi: - Biedronka ok. 350 m - Lidl ok. 700 m - Kaufland ok. 900 m - Galeria Jurowiecka ok. 1,2 km - liczne sklepy, apteki, restauracje, banki i punkty usługowe w najbliższym otoczeniu. Idealne pod działalność: Położenie na parterze oraz centralna lokalizacja sprawiają, że nieruchomość doskonale nadaje się na: - kancelarię prawną lub notarialną, - gabinet psychologiczny lub psychoterapeutyczny, - gabinet dietetyczny, - biuro rachunkowe, - kancelarię doradcy podatkowego, - biuro projektowe, - pracownię architektoniczną lub inną cichą działalność. Doskonała inwestycja: Bliskość uczelni wyższych, szpitali oraz ścisłego centrum sprawia, że mieszkanie stanowi atrakcyjną propozycję dla inwestorów poszukujących nieruchomości pod wynajem. Niski czynsz oraz funkcjonalny układ zwiększają jego atrakcyjność zarówno dla studentów, jak i osób pracujących w centrum miasta. Dlaczego warto wybrać tę nieruchomość? - ścisłe centrum miasta - mieszkanie po remoncie gotowe do zamieszkania - parter wygodny i funkcjonalny - niski czynsz około 300 zł - piwnica - ogólnodostępne miejsca parkingowe - doskonała komunikacja miejska - idealne zarówno do zamieszkania, jak i pod inwestycję lub działalność gospodarczą To mieszkanie oferuje znacznie więcej niż tylko dobry adres daje wygodę codziennego życia, bezpieczeństwo inwestycji i szerokie możliwości wykorzystania. Zapraszam do kontaktu i umówienia prezentacji. Być może właśnie tutaj znajduje się Twoje nowe miejsce. SPRZEDAŻ BEZPOŚREDNIA! Kupujący nie płaci żadnej prowizji. Zapraszam.",tak,,osobna,,,,53.139201,23.154832
Białystok Antoniuk,ul. Ukośna,4,57,500000,8772,bez pośredników,,12,https://adresowo.pl/o/mieszkanie-bialystok-antoniuk-ul-ukosna-4-pokojowe-i8b8n2,https://s2.adresowa.pl/oi/41/49/3fc8c0_fae2_cover@2x-4-pokojowe-mieszkanie-bialystok-antoniuk-ul-ukosna.webp,Białystok Antoniuk,Ukośna,1,1974,blok,,"Na sprzedaż wyjątkowo ustawne, 4-pokojowe mieszkanie o powierzchni 57,9 m², zlokalizowane na najbardziej poszukiwanym, 1. piętrze w niskim bloku na osiedlu Antoniuk ul. Ukośna w Białymstoku. Nieruchomość posiada ogromny potencjał aranżacyjny i jest idealną propozycją dla rodzin szukających przestrzeni w świetnej lokalizacji lub inwestorów szukających wysokiej stopy zwrotu z wynajmu (możliwość wydzielenia pokoi w konfiguracji 2+1+1). ROZKŁAD MIESZKANIA: • dwustronne, • południowy-wschód: salon, sypialnia 1, sypialnia 2, • północny-zachód: kuchnia, sypialnia 3. KLUCZOWE ATUTY NIERUCHOMOŚCI: • Idealne 1. piętro – zapomnij o uciążliwym wnoszeniu zakupów czy wózków dziecięcych na wysokie kondygnacje. To najbardziej pożądane piętro na rynku wtórnym. • Kompaktowy i funkcjonalny układ – aż 4 niezależne pokoje na 57,9 metrach kwadratowych dają prywatność każdemu z domowników. • Widna, osobna kuchnia – z oknem, dająca duże możliwości aranżacyjne (możliwość połączenia z sąsiednim pokojem i stworzenia nowoczesnego salonu z aneksem). • Balkon oraz piwnica (ok. 4,6m2) – dodatkowa przestrzeń do zagospodarowania oraz przechowywania rzeczy (rowery, przetwory, opony). • Doskonała lokalizacja (Antoniuk) – osiedle doskonale skomunikowane z centrum Białegostoku. • W najbliższej okolicy pełna infrastruktura: sklepy, Szkoła Podstawowa nr 7, II Liceum Ogólnokształcące, przedszkola, przychodnie. STAN TECHNICZNY: Mieszkanie przeznaczone do kapitalnego remontu. To idealna okazja, aby wykończyć wnętrze dokładnie według własnego gustu i potrzeb, bez konieczności dopłacania za cudze rozwiązania aranżacyjne. Stolarka okienna kilkanaście lat temu wymieniona na okna drewniane z Sokółki. W każdym pokoju klepka drewniana. Budynek po termomodernizacji w 2015 roku. Mieszkanie bez wyposażenia i mebli, jest w trakcie opróżniania. CZYNSZ (dotychczasowo): • opłaty stałe administracyjne - 218,56zł • centralne ogrzewanie (zaliczka) - 421,97zł • podgrzanie wody (zaliczka) - 66zł • zimna woda i kanalizacja (zaliczka) - 66,77zł • opłata za gospodarowanie odpadami komunalnymi - 44zł Cena: 500 000 zł (do rozsądnej negocjacji) Zapraszam do kontaktu telefonicznego i obejrzenia mieszkania na żywo! Biurom nieruchomości i pośrednikom dziękuję – sprzedaż bezpośrednia.",tak,,osobna,drewniane,spółdzielcze własnościowe,,53.143656,23.140135
Białystok Dziesięciny,ul. Leszczynowa,3,60,479000,7983,bez pośredników,,8,https://adresowo.pl/o/mieszkanie-bialystok-dziesieciny-ul-leszczynowa-3-pokojowe-u6e6k5,https://s2.adresowa.pl/oi/22/4f/3fc4aa_bc7c_cover@2x-3-pokojowe-mieszkanie-bialystok-dziesieciny-ul-leszczynowa.webp,Białystok Dziesięciny,Leszczynowa,4,1980,blok,,"Na sprzedaż komfortowe, dwustronne mieszkanie o powierzchni 60.2m2, położone na 4 piętrze zadbanego bloku z windą, przy ul. Leszczynowej w Białymstoku (Dziesięciny). Sprzedaż bezpośrednia – oszczędność na prowizji! Najważniejsze informacje • Powierzchnia: 60.2m2 • 3 niezależne pokoje • Oddzielna kuchnia z pełnym wyposażeniem AGD • Łazienka i oddzielne WC • Duży balkon • Przynależy piwnica (ok. 2.8m2) • 4 piętro w 10 piętrowym bloku z windą. Blok nie znajduje się przy ulicy, także jest cisza i spokój • Dostępny ogólnodostępny parking Świetna lokalizacja z rozbudowaną infrastrukturą – w najbliższej okolicy znajdują się m.in. • Przystanki: linie nr [numer] - bardzo dobra komunikacja z każdą częścią miasta • Sklepy: Lidl, Stokrotka, Lewiatan, Delikatesy Centrum • Ryneczek (przy ul. Gajowej) • Liczne punkty usługowe • Szkoły, przedszkola, żłobek • Przychodnia • Poczta, paczkomaty • Place zabaw, boiska • Las Antoniukowski Poglądowy układ mieszkania dostępny na zdjęciach. Wyposażenie meblowe mieszkania do ustalenia z kupującym. Mieszkanie nie ma zadłużeń i posiada księgę wieczystą (łącznie z udziałem w gruncie, możliwy zakup na kredyt) oraz świadectwo charakterystyki energetycznej. Ze względu na lokalizację oraz rozkład idealne dla rodziny, jak i pod inwestycje. Zapraszam do kontaktu oraz na prezentację mieszkania.",tak,,osobna,,własność,,53.150696,23.124638
Białystok Piaski,ul. Wesoła,2,38,320000,8421,Pośrednik,,6,https://adresowo.pl/o/mieszkanie-bialystok-piaski-ul-wesola-2-pokojowe-v2v8g4,https://s2.adresowa.pl/oi/74/5d/3c9266_51a9_cover@2x-2-pokojowe-mieszkanie-bialystok-piaski-ul-wesola.webp,Białystok Piaski,Wesoła,7,1970,blok,,"Oferta tylko w naszym biurze Atrakcyjne mieszkanie – ul. Wesoła, Białystok | Idealne pod wynajem i do zamieszkania Mieszkanie położone w wysokim bloku z windą przy ul. Wesołej to świetna propozycja zarówno dla osób szukających własnego lokum, jak i dla inwestorów. Lokal znajduje się w wysokim, zadbanym bloku na osiedlu Piaski, w jednej z najbardziej pożądanych lokalizacji w Białymstoku. Jest dwustronny, dobrze doświetlony i ma bardzo funkcjonalny układ, który daje szerokie możliwości aranżacyjne. Duża łazienka zapewnia wygodę, a kuchnię można powiększyć, tworząc przestronną jadalnię z mini salonem — idealne rozwiązanie dla osób ceniących otwartą przestrzeń. Atutem mieszkania jest jego wyjątkowa lokalizacja. Do Politechniki Białostockiej można dojść w zaledwie 5–7 minut, a kampus Uniwersytetu Medycznego znajduje się około 8–12 minut pieszo od budynku. Najbliższy przystanek autobusowy oddalony jest o około 2–3 minuty spaceru, co zapewnia świetne połączenie z resztą miasta. W pobliżu znajduje się również basen BOSiR, do którego dojście zajmuje około 10–12 minut, a także Park Planty — idealne miejsce na spacer lub jogging. W zasięgu krótkiego spaceru są również szpitale: Uniwersytecki Szpital Kliniczny oraz MSWiA, co dodatkowo podnosi atrakcyjność lokalizacji. To mieszkanie łączy w sobie wygodę, świetną komunikację i bliskość najważniejszych punktów miasta. Dzięki bardzo dobrej cenie ofertowej i ogromnemu potencjałowi aranżacyjnemu stanowi doskonałą okazję zarówno inwestycyjną, jak i mieszkaniową. Lokalizacja – wszystko w zasięgu kilku minut • Politechnika Białostocka – ok. 450–600 m (5–7 min pieszo) • Uniwersytet Medyczny / kampus przy USK – ok. 700–900 m (8–12 min pieszo) • Najbliższy przystanek autobusowy – ok. 150–250 m (2–3 min pieszo) • Basen BOSiR / pływalnia – ok. 700–900 m (10–12 min pieszo) • Park Planty – ok. 900–1100 m (12–15 min pieszo) • USK – Uniwersytecki Szpital Kliniczny – ok. 700–900 m • Szpital MSWiA – około 1100m Dlaczego warto Świetna lokalizacja, bardzo dobra cena ofertowa, blisko uczelni, komunikacji, rekreacji i pełnej infrastruktury. Idealne jako inwestycja lub wygodne miejsce do życia. Dostępność mieszkania Wydanie mieszkania wg potrzeb kupującego. Zapraszam Opiekun oferty: Karina Bielska",tak,,,plastikowe,spółdzielcze własnościowe,,53.121763,23.153617
Białystok Piasta,ul. Warszawska 109,3,55,900000,16364,Pośrednik,,19,https://adresowo.pl/o/mieszkanie-bialystok-piasta-ul-warszawska-3-pokojowe-y1u2q9,https://s2.adresowa.pl/oi/43/17/3c7d42_a4f4_cover@2x-3-pokojowe-mieszkanie-bialystok-piasta-ul-warszawska.webp,Białystok Piasta,Warszawska 109,1,2025,kamienica,,"Ultra nowoczesny i komfortowy pod każdym względem apartament 55 m² | 3 pokoje | ogródek 40 m² | garaż | ul. Warszawska 109 - Białystok Na sprzedaż wyjątkowy, nowoczesny apartament o powierzchni 55 m² , położony na I piętrze w kameralnym, czteropiętrowym budynku z windą z 2025 roku przy ul. Warszawskiej 109 w Białymstoku . Budynek o nowoczesnej architekturze, z niewielką liczbą mieszkań zapewnia komfort i prywatność. Mieszkanie jest zupełnie nowe, nigdy niezamieszkałe . Zostało zaprojektowane przez renomowane biuro architektoniczne i wykończone z dbałością o każdy detal przy użyciu wysokiej klasy materiałów . Najważniejsze atuty nieruchomości powierzchnia: 55 m² dwustronne 3 funkcjonalne pokoje I piętro winda 2 balkony prywatny ogródek ok. 40 m² miejsce postojowe w garażu na poziomie „0” nowy budynek z 2025 roku kameralna wspólnota mieszkaniowa Standard wykończenia Apartament został kompleksowo wyposażony i umeblowany . W mieszkaniu znajdują się liczne, przemyślane zabudowy stolarskie , które zapewniają dużą ilość miejsca do przechowywania. Kuchnia oraz część dzienna wyposażone są w sprzęt AGD renomowanych marek , a całe mieszkanie utrzymane jest w spójnym, nowoczesnym stylu . Pełne wyposażenie pozostaje w cenie mieszkania. Dodatkowe informacje czynsz: ok. 550 zł wydanie mieszkania - natychmiast forma zarządzania: wspólnota mieszkaniowa Apartament idealny dla osób ceniących nowoczesny design, komfort oraz prestiżową lokalizację . Nasza propozycja to mieszkanie dla wyszukanego klienta, potrafiącego docenić komfort, ciszę oraz lokalizację. Nasze biuro zapewnia pomoc przy kompletowaniu dokumentów niezbędnych do przeniesienia praw własności oraz bezpłatnej pomocy w uzyskaniu najlepszego kredytu na zakup tej oraz innych nieruchomości. Informacje użyte do sporządzenia powyższej oferty zostały uzyskane na podstawie oświadczeń właścicieli nieruchomości i nie są ofertą w rozumieniu przepisów prawa. Mają one jedynie charakter informacyjny. Zapraszam do kontaktu i na prezentację.",,,aneks,,własność,,53.127368,23.182441
Białystok Słoneczny Stok,ul. Skrajna,3,60,569000,9483,bez pośredników,,8,https://adresowo.pl/o/mieszkanie-bialystok-sloneczny-stok-ul-skrajna-3-pokojowe-v4a4y3,https://s2.adresowa.pl/oi/2b/5e/3fadfc_6ac2_cover@2x-3-pokojowe-mieszkanie-bialystok-sloneczny-stok-ul-skrajna.webp,Białystok Słoneczny Stok,Skrajna,parter,1990,blok,,"Na sprzedaż: Przestronne 3-pokojowe mieszkanie z ogródkiem i piwnicą - idealne dla rodziny! Mieszkanie w bloku 3-piętrowym, po termomodernizacji, znajduje się w Białymstoku na ul. Skrajnej (os. Słoneczny Stok). MIESZKANIE DOSTĘPNE OD ZARAZ! Na sprzedaż wyjątkowe, niezwykle funkcjonalne i rozkładowe mieszkanie o powierzchni 60,7 m², zlokalizowane na podwyższonym parterze. Do lokalu przynależy prywatny ogródek o powierzchni aż 50 m² oraz piwnica 4,5 m². Wyposażenie mieszkania widoczne na zdjęciach (z wyjątkiem telewizora) pozostaje dla nabywcy! Można się od razu wprowadzać! To idealna propozycja dla rodzin z dziećmi, par lub osób szukających komfortowej przestrzeni z własnym zielonym zakątkiem w świetnie skomunikowanej okolicy. Układ pomieszczeń (łączna powierzchnia 60,7 m²). Mieszkanie charakteryzuje się bardzo ustawnym, niezależnym układem pokojów oraz wyraźnym podziałem na strefę dzienną i prywatną: • Salon / Pokój dzienny: 21,7 m² - duży, jasny, z wyjściem na balkon i do ogródka, • Sypialnia 1: 10,4 m² - idealna na pokój dziecięcy lub biuro, • Sypialnia 2: 10,4 m² - ustawna i przytulna, • Oddzielna kuchnia: 7,7 m² - z oknem, dająca duże możliwości aranżacyjne, • Łazienka: 3,5 m², • Osobna toaleta (WC): 1,4 m² - ogromny komfort przy kilku domownikach. Dodatkowe udogodnienia: • Prywatny ogródek (50 m²), • Balkon, • Piwnica (4,5 m²): Dodatkowa przestrzeń do przechowywania rowerów, wózków czy przetworów, • Rozkład osiedla zapewnia bezproblemowe parkowanie samochodu na bezpłatnych, ogólnodostępnych miejscach postojowych. Doskonała lokalizacja - wszystko w zasięgu ręki! Mieszkanie znajduje się w okolicy, która zapewnia pełną infrastrukturę miejską. W najbliższym sąsiedztwie (zaledwie kilka minut pieszo) znajdują się: • Place zabaw, przedszkole oraz szkoła podstawowa z bezpiecznym przejściem przez ulicę, • Przychodnia lekarska, poczta, basen, park, • Sklep spożywczy Lewiatan (codzienne zakupy bez konieczności uruchamiania auta), • Biblioteka, przystanek autobusowy. Zapraszam do kontaktu i na prezentację mieszkania!",tak,,osobna,plastikowe,spółdzielcze własnościowe,Wyposażenie: telewizor,53.135148,23.106005
Białystok Nowe Miasto,ul. Kręta,2,39,549000,14077,bez pośredników,,9,https://adresowo.pl/o/mieszkanie-bialystok-nowe-miasto-ul-kreta-2-pokojowe-u6f3q5,https://s2.adresowa.pl/oi/26/28/3fac2c_3222_cover@2x-2-pokojowe-mieszkanie-bialystok-nowe-miasto-ul-kreta.webp,Białystok Nowe Miasto,Kręta,5,2025,blok,,"OFERTA Z RYNKU PIERWOTNEGO. Jeśli szukasz mieszkania w spokojnej okolicy, dobrze skomunikowanej, z pełną infrastrukturą techniczną, w bliskości natury (Las Zwierzyniecki) i nie chcesz dokonywać po kimś remontu by stworzyć mieszkanie idealne dla siebie, to ta oferta jest dla Ciebie! Oferowane mieszkanie jest w stanie deweloperskim, nie ponosisz dodatkowej prowizji przy zakupie ani nie płacisz podatku PCC. Metraż mieszkania jest najbardziej pożądaną opcją czy to do zamieszkania, wynajęcia czy późniejszej odsprzedaży. Masz pełną możliwość zaprojektowania mieszkania wg swojego gustu i możliwości finansowych. W skład mieszkania wchodzi: - pokój dzienny z aneksem kuchennym 19,27 m2 - sypialnia 12,24 m2 - przedpokój 3,49 m2 - łazienka 4,29 m2 Do mieszkania przynależy miejsce postojowe w hali garażowej, idealnie, wygodnie położone przy samym wyjściu z windy w garażu podziemnym, na poziomie -1. W garażu są dwa poziomy (-1 oraz -2), przy czym poziom -1 ma wygodne szerokie wjazdy i zapewnia większe bezpieczeństwo. Miejsce postojowe dodatkowo płatne: 50.000 zł. CENA PODLEGA NEGOCJACJI. Zapraszam do kontaktu.",,tak,aneks,,,,53.111898,23.142375
Białystok,Dziesięciny,2,48,500000,10417,bez pośredników,,8,https://adresowo.pl/o/mieszkanie-bialystok-dziesieciny-2-pokojowe-48-m2-q3c7a6,https://s2.adresowa.pl/oi/6a/24/3fa83a_3191_cover@2x-2-pokojowe-mieszkanie-bialystok-dziesieciny.webp,Białystok Dziesięciny,,1,,blok,,"Oferuję na sprzedaż mieszkanie o powierzchni 48m². Mieszkanie znajduje się na pierwszym piętrze w jednopiętrowym bloku. Okolica cicha i spokojna, przy lesie, w pobliżu osiedla Dziesięciny. 2 oddzielne pokoje, kuchnia, przedpokój, łazienka. Jeden z pokoi z wyjściem na balkon. Po wymianie instalacji elektrycznej i hydraulicznej. Lokalizacja: nadleśnictwo Dojlidy. Mieszkanie bezczynszowe, posiada garaż i piwnicę.",tak,tak,osobna,,,,53.152991,23.124001
Białystok Centrum,ul. Modlińska,4,107,845000,7897,Pośrednik,,16,https://adresowo.pl/o/mieszkanie-bialystok-centrum-ul-modlinska-4-pokojowe-x4v7o9,https://s2.adresowa.pl/oi/5e/41/3a7328_b2e4_cover@2x-4-pokojowe-mieszkanie-bialystok-centrum-ul-modlinska.webp,Białystok Centrum,Modlińska,3,1998,blok,,"Zapraszam do zapoznania się z mieszkaniem położonym na 3 piętrze w niskim budynku zlokalizowanym przy ul. Modlińskiej/Bukowskiego na granicy Centrum i os. Bojary w Białymstoku. Na powierzchnię 107,3 m2 składają się: przestronny pokój dzienny z wyjściem na balkon, jadalnia z kuchnią, 3 oddzielne sypialnie, łazienka z WC oraz przedpokój. budynek z cegły z końcówki lat 90' zarządzany przez wspólnotę, trójstronny rozkład, dzięki czemu lokal jest jasny, słoneczny i ciepły, mieszkanie jednopoziomowe, okna PCV, drzwi antywłamaniowe, dostępna duża loggia (ok. 12m2) oraz piwnica, dużo zieleni przed budynkiem, zamknięte osiedle tylko dla mieszkańców, kameralny blok, dostępny jest (opcjonalnie) garaż o powierzchni ok. 16m2 w podziemnym parkingu, Mieszkanie jest zadbane w stanie gotowym do zamieszkania / ewentualnego odświeżenia. W cenie pozostaje zabudowa kuchenna, AGD oraz część mebli widoczna na zdjęciach. Z racji na korzystny rozkład pomieszczeń istnieje możliwość wydzielenia 2 lub 3 osobnych mieszkań. Mieszkanie sprawdzi się idealnie dla dużej rodziny, pod biuro/działalność lub na dochodową inwestycję! Świetna oferta pod program mieszkanie na start. Wyjątkowa lokalizacja zachęca do zamieszkania. *Oferta objęta klauzulą wyłączności* Zapraszamy na prezentację ! Pośrednik odpowiedzialny zawodowo za wykonanie umowy pośrednictwa: Paweł Sołomianko (licencja nr: 25616)",,,aneks,plastikowe,własność,,53.132912,23.174318
Białystok Antoniuk,ul. Choroszczańska,3,64,860000,13438,Pośrednik,,20,https://adresowo.pl/o/mieszkanie-bialystok-antoniuk-ul-choroszczanska-3-pokojowe-m4l9b4,https://s2.adresowa.pl/oi/5b/6f/3a45c0_7c1d_cover@2x-3-pokojowe-mieszkanie-bialystok-antoniuk-ul-choroszczanska.webp,Białystok Antoniuk,Choroszczańska,1,2024,apartamentowiec,,"OKAZJA - 3 POKOJE WYSOKI STANDARD WYKOŃCZENIA BEZ PODATKU PCC! APARTAMENTY ZWYCIĘSTWA Polecamy do sprzedaży 3 pokojowe mieszkanie w poszukiwanej lokalizacji osiedle Antoniuk ul. Zwycięstwa. Doskonała lokalizacja osiedla pozwala swobodny i szybki dostęp do Centrum miasta. Osiedle z pełną infrastrukturą. Lokalizacja mieszkania pozwala ją uznać za jedną z najbardziej atrakcyjnych i prestiżowych dzielnic miasta. Miejsce doskonale skomunikowane z pozostałą częścią miasta. Bardzo dobre połączenie komunikacyjne: blisko węzeł komunikacyjny PKP I PKS, przystanek MPK, przedszkola, szkoła podstawowa, przychodnia lekarska, apteka, Poczta, liczne sklepy spożywcze, centrum handlowe Auchan, Leroy Merlin, siłownia, palcówki banków. Blisko droga wyjazdowa w kierunku Warszawy. Apartamentowiec o podwyższonym standardzie, podwyższone sufity 2,75m, duże panoramiczne okna. Blok oraz mieszkanie przystosowane dla osób niepełnosprawnych. Mieszkanie o powierzchni 64,06 zlokalizowane na I piętrze w nowoczesnym apartamentowcu z windą. Doskonale ułożone wobec stron świata z ekspozycją okien na południowy-zachód. Składa się z dużego salonu z aneksem kuchennym z wyjściem na duży 18m balkon, dwóch sypialni, łazienki z WC oraz przedpokoju. Mieszkanie zostało wykończone pod nadzorem architekta wnętrz przy wykorzystaniu wysokiej klasy materiałów wykończeniowych. Nowoczesna zabudowa kuchenna w połysku wyposażona w markowy sprzęt AGD (płyta indukcyjna, piekarnik, zmywarka, lodówka, okap - wszystko na gwarancji). Łazienka wyposażona w dużą kabinę prysznicową 80×100 z brodzikiem slim, WC Grohe w zabudowie, szafka z umywalką na wymiar. W korytarzu i kuchni płytki wielkoformatowe w połysku. Balkon wyłożony gresem drewnopodobnym o wymiarach 20×120. Ściany pomalowane farbą silikonową zmywalną Beckers. Szybki dojazd do posesji zapewniają szybkobieżne i ciche windy. Możliwość zakupu miejsca postojowego w garażu podziemnym na dwa auta 70000zł. Blok zarządzany przez wspólnotę mieszkaniową. Niski czynsz. Kupujący nieruchomość zwolniony z płatności podatku PCC 2% od czynności cywilnoprawnych. Mieszkanie do zakupu natychmiast, Właścicielem możesz zostać już dziś! Nasze biuro zapewnia pomoc przy kompletowaniu dokumentów niezbędnych do przeniesienia praw własności oraz bezpłatnej pomocy w uzyskaniu najlepszego kredytu na zakup tej oraz innych nieruchomości. Informacje użyte do sporządzenia powyższej oferty zostały uzyskane na podstawie oświadczeń właścicieli nieruchomości i nie są ofertą w rozumieniu przepisów prawa. Mają one jedynie charakter informacyjny. Zdjęcia użyte do oferty przedstawiają nasze mieszkanie! Zapraszamy na prezentację!",,tak,aneks,plastikowe,własność,"Wyposażenie: lodówka, piekarnik, zmywarka",53.137305,23.132583
Białystok Centrum,ul. Młynowa,3,71,1066393,15020,bez pośredników,,2,https://adresowo.pl/o/mieszkanie-bialystok-centrum-ul-mlynowa-3-pokojowe-u9q2m6,https://s2.adresowa.pl/oi/35/3b/3fa38e_a92e_cover@2x-3-pokojowe-mieszkanie-bialystok-centrum-ul-mlynowa.webp,Białystok Centrum,Młynowa,5,2021,apartamentowiec,,"Na sprzedaż przestronne, nowocześnie urządzone mieszkanie na Młynowej 46 o powierzchni 71,57 m², położone na 5. piętrze w budynku z windą. Rok oddania budynku: 2021. Mieszkanie jest dwustronne i składa się z 3 pokoi, salonu z kuchnią, dużej łazienki oraz oddzielnego WC. Dodatkowymi atutami są balkon oraz miejsce parkingowe*, które zwiększają komfort codziennego użytkowania. Wnętrze zostało urządzone nowocześnie i ze smakiem. Duże wrażenie robi sztukateria na ścianach, która nadaje mieszkaniu eleganckiego charakteru. Kuchnia oraz korytarz zostały wykonane na wymiar, co zwiększa funkcjonalność i pozwala maksymalnie wykorzystać przestrzeń. Mieszkanie znajduje się w świetnej lokalizacji - przy Filharmonii, blisko centrum, na styku osiedli Piaski i Przydworcowe. W pobliżu znajduje się wiele sklepów i punktów usługowych, m.in. Żabki, Biedronka, fryzjerzy, kosmetyczki, cukiernie oraz inne udogodnienia potrzebne na co dzień. Cena: 14 900 za m2 mieszkanie (obejmuje AGD i RTV i całe wyposażenie) *60 tysięcy miejsce parkingowe (podziemne) Zapraszam do kontaktu i obejrzenia mieszkania na żywo.",,tak,,,,Wyposażenie: tv,53.127561,23.146163
Białystok Piaski,ul. Jerzego Waszyngtona,1,25,335000,13400,bez pośredników,,7,https://adresowo.pl/o/mieszkanie-bialystok-piaski-ul-jerzego-waszyngtona-1-pokoj-v4k5b5,https://s2.adresowa.pl/oi/5b/28/3fa13c_52f1_cover@2x-1-pokojowe-mieszkanie-bialystok-piaski-ul-jerzego-waszyngtona.webp,Białystok Piaski,Jerzego Waszyngtona,5,,blok,,"Sprzedaję mieszkanie o powierzchni 25 m², położone na 5. piętrze. Jest umeblowane i gotowe do zamieszkania. W kuchni znajdziesz sprzęt AGD, taki jak piekarnik, lodówka i zmywarka. Łazienka wykończona w wysokiej jakości materiałach, z prysznicem i nowoczesnymi armaturami. W pokoju jest dużo naturalnego światła oraz widok na miasto. Mieszkanie znajduje się w bloku w urbanistycznej okolicy. To doskonała okazja dla osób szukających komfortowego miejsca do życia. Nie zwlekaj, umów się na prezentację już dziś!",,,,,,"Wyposażenie: lodówka, piekarnik, zmywarka",53.126835,23.157267
Białystok Dziesięciny,ul. Palmowa,2,37,439000,11865,bez pośredników,,11,https://adresowo.pl/o/mieszkanie-bialystok-dziesieciny-ul-palmowa-2-pokojowe-k0g1r9,https://s2.adresowa.pl/oi/4c/1d/3f9998_f4ca_cover@2x-2-pokojowe-mieszkanie-bialystok-dziesieciny-ul-palmowa.webp,Białystok Dziesięciny,Palmowa,2,1996,blok,,"Na sprzedaż funkcjonalne, 2-pokojowe mieszkanie o powierzchni 38 m², położone na 2 piętrze przy ulicy Palmowej na osiedlu Dziesięciny w Białymstoku. Mieszkanie posiada spółdzielcze własnościowe prawo do lokalu. To idealna propozycja dla singla, pary, jak również małej rodziny. W skład mieszkania wchodzą: - dwa niezależne, ustawne pokoje, - oddzielna kuchnia, - łazienka z prysznicem. Dodatkowym atutem są: - balkon, - piwnica przynależna do mieszkania. Dużym atutem nieruchomości jest bardzo funkcjonalny układ pomieszczeń. Pomimo kompaktowej powierzchni mieszkanie oferuje dużo miejsca do przechowywania - znajdują się w nim dwie pojemne zabudowy oraz szafa, co pozwala na wygodne zagospodarowanie przestrzeni. Mieszkanie sprzedawane jest wraz z wyposażeniem. Mieszkanie jest dwustronne, dzięki czemu wnętrza są dobrze doświetlone i zapewniają komfort na co dzień. Czynsz przy zamieszkiwaniu przez dwie osoby wynosi około 600 zł miesięcznie. BUDYNEK I LOKALIZACJA Mieszkanie znajduje się w bloku z cegły z 1996 roku, zarządzanym przez spółdzielnię mieszkaniową. Budynek położony jest w spokojnej i cichej części osiedla Dziesięciny, cenionej za dużą ilość zieleni oraz doskonałą infrastrukturę. W najbliższej okolicy znajdują się sklepy, szkoły, przedszkola, przystanki komunikacji miejskiej oraz tereny spacerowe i rekreacyjne. To lokalizacja, która zapewnia wygodę codziennego życia, a jednocześnie pozwala odpocząć od miejskiego zgiełku. Jeśli szukasz mieszkania z funkcjonalnym układem, w solidnym budynku z cegły i w spokojnej okolicy, ta oferta będzie doskonałym wyborem. Ogłoszenie prywatne. Proszę o kontakt wyłącznie osoby zainteresowane zakupem mieszkania. Pośrednikom nieruchomości dziękuję.",tak,,osobna,drewniane,spółdzielcze własnościowe,,53.156227,23.121902
Białystok Centrum,ul. Piotrkowska,2,55,460000,8364,Pośrednik,,16,https://adresowo.pl/o/mieszkanie-bialystok-centrum-ul-piotrkowska-2-pokojowe-x2s2x8,https://s2.adresowa.pl/oi/2c/16/3a45b4_f282_cover@2x-2-pokojowe-mieszkanie-bialystok-centrum-ul-piotrkowska.webp,Białystok Centrum,Piotrkowska,4,1956,blok,,"Serce miasta - ul. Piotrkowska | 2 pokoje | 55 m² | balkon OFERTA TYLKO U NAS WINDA W FAZIE PROJEKTU I BUDOWY! Na sprzedaż funkcjonalne mieszkanie o powierzchni 55 m² , położone w ścisłym centrum Białegostoku przy ul. Piotrkowskiej . To idealna propozycja zarówno do zamieszkania, jak i pod inwestycję na wynajem . Mieszkanie znajduje się na 4 piętrze w 5-piętrowym budynku z 1956 roku , zarządzanym przez wspólnotę mieszkaniową . Budynek jest po termomodernizacji , a wspólnota w 2026r planuje montaż windy . Do dyspozycji mieszkańców są szerokie i zadbane klatki schodowe . Mimo lokalizacji w samym centrum miasta, mieszkanie znajduje się w cichej i spokojnej części , z ładnym widokiem na zieleń . Układ mieszkania przestronny salon z wydzieloną strefą do spania , sypialnia , przedpokój , garderoba , łazienka z WC . Około 10 lat temu mieszkanie przeszło generalny remont , podczas którego: wymieniono wszystkie instalacje , obniżono i podwieszono sufity , zastosowano nowoczesne oświetlenie LED , zmieniono układ pomieszczeń, poprawiając funkcjonalność mieszkania. Mieszkanie jest gustownie wykończone i wyposażone . Jego stan pozwala na natychmiastowe zamieszkanie lub ewentualne odświeżenie według własnych potrzeb. Dodatkowe informacje balkon , duża piwnica , czynsz: ok. 620 zł , wyposażenie mieszkania - do uzgodnienia z właścicielami , pełna własność z księgą wieczystą oraz udziałem w gruncie , mieszkanie dostępne od zaraz . Dzięki lokalizacji w centrum miasta nieruchomość doskonale sprawdzi się jako inwestycja pod wynajem . Zapraszamy do kontaktu i na prezentację mieszkania na żywo . Nasze biuro zapewnia państwu pomoc w kompletowaniu dokumentacji a nasi doradcy finansowi udzielą bezpłatnej pomocy w uzyskaniu najlepszego kredytu na zakup tej oraz innych nieruchomości. Informacje użyte do sporządzenia powyższej oferty zostały uzyskane na podstawie oświadczeń właścicieli nieruchomości i nie są ofertą w rozumieniu przepisów prawa. Mają one jedynie charakter informacyjny.",tak,,,plastikowe,własność,,53.135622,23.156621
Białystok Sienkiewicza,ul. Ciepła 38,3,46,695000,15109,Pośrednik,,16,https://adresowo.pl/o/mieszkanie-bialystok-sienkiewicza-ul-ciepla-3-pokojowe-l8v6d0,https://s2.adresowa.pl/oi/41/25/3a45ac_353b_cover@2x-3-pokojowe-mieszkanie-bialystok-sienkiewicza-ul-ciepla.webp,Białystok Sienkiewicza,Ciepła 38,7,2025,apartamentowiec,,"OKAZJA - 3 POKOJE WYSOKI STANDARD BEZ PODATKU PCC! BLISKO CENTRUM - ul. Ciepła 38! Polecamy do sprzedaży 3 pokojowe mieszkanie w poszukiwanej lokalizacji ul. Ciepła blisko Centrum.Osiedle z pełną infrastrukturą. Lokalizacja mieszkania pozwala ją uznać za jedną z najbardziej atrakcyjnych i prestiżowych dzielnic miasta. Miejsce doskonale skomunikowane z pozostałą częścią miasta. Bardzo dobre połączenie komunikacyjne: blisko węzeł komunikacyjny, przystanek MPK, przedszkola, szkoła podstawowa, przychodnia lekarska, apteka, Poczta, liczne sklepy spożywcze, kościół, Biedronka, siłownia, placówki banków oraz Galeria Jurowiecka. Doskonała lokalizacja studentom uczelni wyższych! Apartamentowiec o podwyższonym standardzie, podwyższone sufity 2,75m, duże panoramiczne okna. Mieszkanie 4 6 , 5 m zlokalizowane jest na V II piętrze w nowoczesnym apartamentowcu z windą. Doskonale ułożone wobec stron świata z ekspozycją okien na południowy-zachód. Składa się salonu z kuchnią, dwóch sypialni, hallu oraz łazienki z WC. Do mieszkania możesz dokupić miejsce postojowe w garażu podziemnym w cenie 4 5 000zł. Szybki dojazd do posesji zapewnia szybkobieżna i cicha winda. Apartament gotowy do wydania. W cenie zabudowy stałe, wyposażenie w sprzęt AGD, wysokiej jakości gładzie oraz farby. Mieszkanie w stanie do wprowadzenia w wysokim standardzie wykończenia. Blok zarządzany przez wspólnotę mieszkaniową. Niski czynsz. Kupujący nieruchomość zwolniony z płatności podatku PCC 2% od czynności cywilnoprawnych. Zdjęcia z naszej inwestycji. Nasze biuro zapewnia pomoc przy kompletowaniu dokumentów niezbędnych do przeniesienia praw własności oraz bezpłatnej pomocy w uzyskaniu najlepszego kredytu na zakup tej oraz innych nieruchomości. Informacje użyte do sporządzenia powyższej oferty zostały uzyskane na podstawie oświadczeń właścicieli nieruchomości i nie są ofertą w rozumieniu przepisów prawa. Mają one jedynie charakter informacyjny. Zapraszamy na prezentację! Adres www oferty [www]",,,aneks,plastikowe,własność,,53.140683,23.167695
Białystok Białostoczek,ul. Olsztyńska,3,48,580000,12083,bez pośredników,,9,https://adresowo.pl/o/mieszkanie-bialystok-bialostoczek-ul-olsztynska-3-pokojowe-p5n9l0,https://s2.adresowa.pl/oi/75/62/3f9330_7275_cover@2x-3-pokojowe-mieszkanie-bialystok-bialostoczek-ul-olsztynska.webp,Białystok Białostoczek,Olsztyńska,1,1980,blok,,"Zapraszam do mieszkania, w którym poczujesz się jak w domu! Na sprzedaż 3-pokojowe mieszkanie o powierzchni 48,6 m², położone na 1. piętrze kameralnego, dwupiętrowego bloku. W klatce znajduje się zaledwie 6 mieszkań, co zapewnia spokój i komfort. Największe atuty: - Generalny remont – wymieniona instalacja elektryczna oraz wodno-kanalizacyjna. - Zabudowy meblowe wykonane na wymiar przez stolarza z wysokiej jakości materiałów – więcej miejsca do przechowywania, trwałość i estetyka. - Nowy sprzęt AGD w cenie – zmywarka, piekarnik, płyta indukcyjna oraz lodówka. - Jasne, dwustronne mieszkanie z funkcjonalnym układem: - salon z aneksem kuchennym, - dwa ustawne pokoje, - oddzielna łazienka i WC, Dodatkowo: - balkon, - duża piwnica 5,5 m², - ogólnodostępne miejsca parkingowe, - nowe drzwi wejściowe, - pełna własność, - sprzedaż bezpośrednio od właściciela, - nieruchomość jest wolna od wad prawnych czy zadłużeń, - pod adresem nieruchomości nikt nie jest zameldowany, Cicha okolica z pełną infrastrukturą w zasięgu kilku minut: przystanek autobusowy, szkoła, sklepy, siłownia, restauracje. Mieszkanie jest gotowe do zamieszkania. Zapraszam do kontaktu i obejrzenia na żywo. Kontakt telefoniczny 7 dni w tygodniu w godzinach 7-23. Gdybym nie odbierała, proszę o sms, oddzwonię. ***Powyższa oferta ma charakter informacyjny i nie stanowi oferty handlowej w rozumieniu art. 66 Kodeksu Cywilnego**",tak,,aneks,plastikowe,własność,"Wyposażenie: lodówka, piekarnik, zmywarka",53.150159,23.150179
Białystok Piasta,ul. Piastowska,4,61,533000,8738,bez pośredników,,22,https://adresowo.pl/o/mieszkanie-bialystok-piasta-ul-piastowska-4-pokojowe-b9g9p5,https://s2.adresowa.pl/oi/6d/6e/3f905c_ab48_cover@2x-4-pokojowe-mieszkanie-bialystok-piasta-ul-piastowska.webp,Białystok Piasta,Piastowska,2,2007,blok,,"Sprzedam bezpośrednio ustawne i funkcjonalne 4-pokojowe mieszkanie o powierzchni 61,90 m², położone w świetnej lokalizacji na osiedlu PIASTA przy ul. Piastowskiej w Białymstoku. Mieszkanie znajduje się na 2 piętrze w 4-piętrowym, docieplonym i zadbanym bloku. W najbliższej okolicy pełna infrastruktura - sklepy, szkoła, punkty usługowe oraz doskonała komunikacja z resztą miasta. Powierzchnia: 61,90 m² + duża piwnica 8,07 m² Układ: 4 pokoje, kuchnia, łazienka, WC Dodatkowo: Do mieszkania przynależy balkon oraz bardzo duża piwnica (ok. 8 m²). Jej metraż daje spore możliwości - idealnie sprawdzi się nie tylko jako spiżarnia, ale może służyć także jako domowy warsztat czy być przestrzenią np. na prywatną mini-siłownię. Dodatkowym atutem jest dostęp mieszkańców naszej klatki do wspólnego pomieszczenia, które służy nam jako wygodna przechowalnia rowerów. Dodatkowe informacje: - zadbany budynek: blok jest w pełni docieplony i odnowiony, co zapewnia wyższy komfort termiczny oraz niższe koszty ogrzewania. Dodatkowym atutem są wyremontowane klatki schodowe. - elastyczność aranżacyjna: mieszkanie oferuje dobry potencjał remontowy. Dołączone do ogłoszenia rzuty (dokumentacja spółdzielni) pokazują, które ściany są działowe (niekonstrukcyjne). Daje to możliwość swobodnej przebudowy, np. stworzenia przestronnego salonu z aneksem kuchennym lub otwartej przestrzeni dziennej według własnego projektu. - status prawny: mieszkanie posiada założoną księgę wieczystą (spółdzielcze własnościowe prawo do lokalu), co umożliwia bezproblemowy zakup na kredyt hipoteczny. Zapraszam do kontaktu.",tak,,aneks,,spółdzielcze własnościowe,,53.132327,23.192996
Białystok Centrum,ul. Sukienna,3,52,445000,8558,bez pośredników,,8,https://adresowo.pl/o/mieszkanie-bialystok-centrum-ul-sukienna-3-pokojowe-d9q4w1,https://s2.adresowa.pl/oi/37/3f/3f8f18_8e37_cover@2x-3-pokojowe-mieszkanie-bialystok-centrum-ul-sukienna.webp,Białystok Centrum,Sukienna,parter,1970,blok,,"Trzypokojowe, oddzielna kuchnia, łazienka, sucha piwnica, łączna powierzchnia 57m2 (52m2mieszkanie,5m2 piwnica)na parterze. Mieszkanie do renowacji, stolarka okienna po wymianie. Mieszkanie ciche, okna wychodzą na zielone podwórko. Położone w bardzo dobrej lokalizacji w centrum miasta na osiedlu Rodzina. Doskonały dostęp do infrastruktury oraz komunikacji, tj. blisko dworzec PKP i PKS, komunikacja miejska, sklepy, punkty usługowe, szkoły, przedszkola itp. Dużym atutem jest osiedlowy bezpłatny parking za szlabanem otwieranym na pilota. Zapraszam do obejrzenia mieszkania - proszę o wcześniejszy kontakt telefoniczny.",tak,tak,osobna,plastikowe,spółdzielcze własnościowe,,53.132002,23.141998
Białystok Białostoczek,ul. Władysława Bełzy,2,41,460000,11220,Pośrednik,,12,https://adresowo.pl/o/mieszkanie-bialystok-bialostoczek-ul-wladyslawa-belzy-2-pokojowe-t7u2z6,https://s2.adresowa.pl/oi/18/20/3a45a6_2c44_cover@2x-2-pokojowe-mieszkanie-bialystok-bialostoczek-ul-wladyslawa-belzy.webp,Białystok Białostoczek,Władysława Bełzy,4,2024,apartamentowiec,,"OKAZJA - 2 POKOJE STAN DEWELOPERSKI BIAŁOSTOCZEK! APARTAMENTY TYSIĄCLECIA! UWAGA! POSIADAMY 2 MIESZKANIA NA IV i V PIĘTRZE! Polecamy do sprzedaży 2 pokojowe 41m mieszkanie w poszukiwanej lokalizacji osiedle Białostoczek -Tysiąclecia ul. Bełzy. Doskonała lokalizacja osiedla pozwala swobodny i szybki dostęp do Centrum miasta. Osiedle z pełną infrastrukturą. Lokalizacja mieszkania pozwala ją uznać za jedną z najbardziej atrakcyjnych i prestiżowych dzielnic miasta. Miejsce doskonale skomunikowane z pozostałą częścią miasta. Bardzo dobre połączenie komunikacyjne: blisko węzeł komunikacyjny, przystanek MPK, przedszkola, szkoła podstawowa, przychodnia lekarska, apteka, Poczta, liczne sklepy spożywcze, kościół, Biedronka, siłownia, palcówki banków oraz Galeria Piotr i Paweł. Blisko lasów i terenów zielonych czy wyjazdu w kierunku Jurowiec i Augustowa. Apartamentowiec o podwyższonym standardzie, podwyższone sufity 2,75m, duże panoramiczne okna. Mieszkanie 4 1 m w nowoczesnym apartamentowcu z windą składa się z pokoju z aneksem kuchennym 17,42m, sypialni 10,87m, łazienki z WC 3,73m i 4,78m hallu. Szybki dojazd do posesji zapewniają 2 szybkobieżne i ciche windy. Blok zarządzany przez wspólnotę mieszkaniową. Niski czynsz ok 400zł. Mieszkanie do odbioru w stanie deweloperskim natychmiast! MIESZKANIE POSIADA ZAŁOŻONĄ KSIĘGĘ WIECZYSTĄ. Istnieje możliwość doprowadzenia mieszkani a do stanu „pod klucz”! ZAKUP MIEJSCA POSTOJOWEGO BEZPOŚREDNIO OD DEWELOPERA. Nasze biuro zapewnia pomoc przy kompletowaniu dokumentów niezbędnych do przeniesienia praw własności oraz bezpłatnej pomocy w uzyskaniu najlepszego kredytu na zakup tej oraz innych nieruchomości. Informacje użyte do sporządzenia powyższej oferty zostały uzyskane na podstawie oświadczeń właścicieli nieruchomości i nie są ofertą w rozumieniu przepisów prawa. Mają one jedynie charakter informacyjny. Zdjęcia użyte do oferty przedstawiają wizualizację i poprzednią realizację inwestora! Zapraszamy na prezentację!",,tak,aneks,plastikowe,własność,,53.152388,23.158491
Białystok Centrum,ul. Ciepła,3,44,665000,15114,Pośrednik,,21,https://adresowo.pl/o/mieszkanie-bialystok-centrum-ul-ciepla-3-pokojowe-i9w1u5,https://s2.adresowa.pl/oi/58/66/3a4592_b760_cover@2x-3-pokojowe-mieszkanie-bialystok-centrum-ul-ciepla.webp,Białystok Centrum,Ciepła,7,2025,apartamentowiec,,"Oferta bez podatku PCC 2%! Ciepła Apartamenty to prestiżowa inwestycja na mapie Białegostoku wyróżniająca ją od swoich konkurentów . Budynek charakteryzuje się ponadczasowej architekturze i wyszukanym designie. Duże panoramiczne okna, wysoka jakość materiałów budowlanych oraz wysokość pomieszczeń 2,75m wskazuje na apartamencki styl nieruchomości. CIEPŁA 38 APARTAMENTY to nie tylko nowoczesny i funkcjonalny obiekt z pięknymi, komfortowymi mieszkaniami, ale także pierwsza w mieście, troszcząca się o środowisko inwestycja z naturalnym zielonym dachem, wyposażona w ekologiczne instalacje fotowoltaiczne na dachu budynku. Zielony dach apartamentowca to ekologiczny i praktyczny sposób na dodanie miejskiemu krajobrazowi naturalnego uroku. Stanowić będzie naturalną oczyszczalnię powietrza z pyłów, kurzu i spalin, fabryka tlenu pochłaniająca dwutlenek węgla. Na dachu zainstalowano panele fotowoltaiczne, które są źródłem czystej odnawialnej energii ze słońca. Wychodząc naprzeciw coraz większej świadomości dbania o otaczające nas środowisko wyposażyliśmy garaże w stacje ładujące samochody elektryczne. W budynku jest 7 kondygnacji naziemnych oraz 2 kondygnacje podziemnego garażu. Na sprzedaż oferujemy nowe 3-pokojowe mieszkania o powierzchni 44,5m² znajdujące się na 7 piętrze z 7. Super lokalizacja 1km do ścisłego Centrum. Doskonała infrastruktura dzielnicy z wieloma liniami komunikacji miejskiej. W pobliżu znajdują się sklepy galerie handlowe, tereny rekreacyjne, drogi dla rowerów. Doskonała lokalizacja studentów uczelni wyższych! Mieszkanie środkowe, słoneczne i ciepłe. Składa się z salonu z aneksem kuchennym 16m z wyjściem na 6m duży balkon, ustawnych 2 sypialni, przedpokoju oraz łazienki z WC(4m). Mieszkanie wykończone jest w wysokim standardzie. Nowoczesna zabudowa kuchenna w połysku wyposażona w markowy sprzęt AGD (płyta indukcyjna, piekarnik, zmywarka, lodówka, pralka, okap - wszystko na gwarancji).Łazienka wyposażona w dużą kabinę prysznicową 80×100 z brodzikiem slim, (wanna do wyboru) WC w zabudowie, szafka z umywalką na wymiar. W korytarzu i kuchni płytki wielkoformatowe w połysku. Balkon wyłożony gresem. Ściany pomalowane farbą silikonową zmywalną Beckers. Mieszkanie przygotowane do natychmiastowego zamieszkania bez dodatkowych kosztów natychmiast! Do mieszkania można dokupić miejsce postojowe w garażu podziemnym - płatne dodatkowo 45000zl. Drzwi wejściowe antywłamaniowe Gerda. Wejście do bloku zabezpieczone wideo domofonem. Mieszkanie oraz blok dostosowane do osób niepełnosprawnych! Mieszkanie w pełni energooszczędne - w całym mieszkaniu zastosowane oświetlenie LED. Pełna własność z KW, czynsz ok. 370zł. Nasze biuro zapewnia państwu pomoc w kompletowaniu dokumentacji a nasi doradcy finansowi udzielą bezpłatnej pomocy w uzyskaniu najlepszego kredytu na zakup tej oraz innych nieruchomości. Informacje do przygotowania powyższej oferty zostały uzyskane na podstawie oświadczeń właścicieli nieruchomości i nie są ofertą w rozumieniu przepisów prawa. Mają one jedynie charakter informacyjny. Zapraszamy na prezentację.",,tak,aneks,plastikowe,własność,"Wyposażenie: lodówka, piekarnik, pralka, zmywarka",53.139698,23.164802
Białystok Zielone Wzgórza,ul. Lawendowa,3,63,499000,7921,bez pośredników,,7,https://adresowo.pl/o/mieszkanie-bialystok-zielone-wzgorza-ul-lawendowa-3-pokojowe-a8r1t1,https://s2.adresowa.pl/oi/6a/4f/3f8e5a_e30f_cover@2x-3-pokojowe-mieszkanie-bialystok-zielone-wzgorza-ul-lawendowa.webp,Białystok Zielone Wzgórza,Lawendowa,4,,blok,,"Dom to miejsce, do którego chce się wracać. Jeśli szukasz przestronnego mieszkania dla swojej rodziny, w spokojnej okolicy, z dala od miejskiego hałasu, a jednocześnie blisko wszystkiego, co potrzebne na co dzień, warto poznać tę ofertę. Na sprzedaż funkcjonalne i jasne mieszkanie o powierzchni 63,80 m², położone na IV piętrze zadbanego budynku przy ul. Lawendowej w Białymstoku. Przemyślany układ pomieszczeń, trzy niezależne pokoje, oddzielna kuchnia, balkon oraz piwnica sprawiają, że jest to doskonała propozycja zarówno dla rodzin z dziećmi, jak i osób ceniących wygodę oraz możliwość urządzenia wnętrza zgodnie z własnym stylem. Najważniejsze atuty: • 63,80 m² powierzchni • 3 ustawne, niezależne pokoje • oddzielna kuchnia • balkon • piwnica o powierzchni 5,70 m² • łazienka oraz osobne WC • IV piętro, zapewniające dobre doświetlenie i większą prywatność • spokojna lokalizacja, z dala od trasy szybkiego ruchu • pełna własność z księgą wieczystą Mieszkanie: Lokal jest zadbany i gotowy do zamieszkania. Jednocześnie daje możliwość aranżacji wnętrza według własnych potrzeb i gustu, dzięki czemu nowi właściciele mogą stworzyć przestrzeń idealnie dopasowaną do swojego stylu życia. Przestronny salon z wyjściem na balkon stanowi serce mieszkania, a dwa dodatkowe pokoje doskonale sprawdzą się jako sypialnie, pokoje dziecięce lub gabinet do pracy. Lokalizacja: Mieszkanie znajduje się w spokojnej części Białegostoku przy ul. Lawendowej. Budynek jest położony z dala od ruchliwej trasy, co zapewnia ciszę i komfort na co dzień. W pobliżu znajdują się sklepy, szkoły, przedszkola, punkty usługowe, przystanki komunikacji miejskiej oraz tereny zielone. Mieszkanie będzie odświeżone w październiku. Możliwość wcześniejszego opróżnienia mieszkania. Zapraszam do kontaktu.",tak,,osobna,,własność,,53.117318,23.092463
Białystok Bacieczki,ul. rtm. Witolda Pileckiego,3,63,720000,11429,bez pośredników,,1,https://adresowo.pl/o/mieszkanie-bialystok-bacieczki-ul-rtm-witolda-pileckiego-3-pokojowe-u3f6u0,https://s2.adresowa.pl/oi/79/38/3f8cfe_b758_cover@2x-3-pokojowe-mieszkanie-bialystok-bacieczki-ul-rtm-witolda-pileckiego.webp,Białystok Bacieczki,rtm. Witolda Pileckiego,3,2007,blok,,"Sprzedam mieszkanie na 3 piętrze. Okna z dwóch stron mieszkania , duży przedpokój , 2 łazienki. W pokojach i sypialni parkiet dębowy. Kuchnia i łazienki terakota. Kuchnia nowa nie dawno wymieniana. Okolica spokojna blisko szkoła , przedszkole, poczta. Wspólnota mieszkaniowa, teren prywatny zamknięty i ogrodzony.",tak,tak,osobna,,własność,,53.152303,23.086801
Białystok Nowe Miasto,ul. Zachodnia,3,60,661500,11025,bez pośredników,,8,https://adresowo.pl/o/mieszkanie-bialystok-nowe-miasto-ul-zachodnia-3-pokojowe-y7k0t2,https://s2.adresowa.pl/oi/7b/62/3f79ea_550e_cover@2x-3-pokojowe-mieszkanie-bialystok-nowe-miasto-ul-zachodnia.webp,Białystok Nowe Miasto,Zachodnia,2,1998,blok,,"Sprzedam bezpośrednio 3-pokojowe mieszkanie 60,2 m2, zlokalizowane w Białymstoku przy ul. Zachodniej na osiedlu Nowe Miasto. Mieszkanie zadbane, w pełni wyposażone i gotowe do wprowadzenia, położone na 2 piętrze kameralnego, 3-piętrowego bloku z cegły z 1998 roku. Świetna lokalizacja: spokojna i zielona okolica, w pobliżu sklepy, szkoły, przedszkola, punkty usługowe. Doskonała komunikacja z każdą częścią miasta. Atuty mieszkania: - gotowe do zamieszkania - bez dodatkowych nakładów - w pełni umeblowane i wyposażone - dwustronne, słoneczne i ustawne - bardzo duży, zadaszony balkon typu loggia - duża komórka lokatorska w cenie - spokojny blok - tylko 8 mieszkań w klatce (2 na piętrze) W skład mieszkania wchodzi: - salon - 2 sypialnie - oddzielna kuchnia - łazienka - osobne WC - przedpokój - balkon typu loggia - komórka lokatorska W 2024 roku wykonano kompletny remont łazienki na materiałach wysokiej jakości (koszt ponad 30 000 zł). Możliwość dokupienia garażu w budynku z dodatkowym miejscem postojowym przed garażem - 90 000 zł. (tylko z mieszkaniem). Sprzedaż bezpośrednia - pośrednikom dziękujemy.",tak,tak,osobna,,,,53.112499,23.134874
Białystok Piaski,ul. Prezydenta Ryszarda Kaczorowskiego,2,44,599000,13614,bez pośredników,,10,https://adresowo.pl/o/mieszkanie-bialystok-piaski-ul-prezydenta-ryszarda-kaczorowskiego-2-pokojowe-i0v7b9,https://s2.adresowa.pl/oi/1c/5d/3f75b6_f4e9_cover@2x-2-pokojowe-mieszkanie-bialystok-piaski-ul-prezydenta-ryszarda-kaczorowskiego.webp,Białystok Piaski,Prezydenta Ryszarda Kaczorowskiego,2,2015,apartamentowiec,,"Na sprzedaż funkcjonalne, 2-pokojowe mieszkanie o powierzchni 44,92 m², położone w jednej z najbardziej cenionych lokalizacji przy ul. Kaczorowskiego 7 w Białymstoku. Mieszkanie znajduje się na 2. piętrze 6-piętrowego budynku z windą, wybudowanego w 2015 roku. Lokal jest usytuowany od zacisznej strony patio, dzięki czemu pozostaje cichy mimo bliskości centrum miasta. Budynek jest zarządzany przez sprawnie działającą wspólnotę mieszkaniową, która dba o jego utrzymanie i części wspólne. W skład mieszkania wchodzą: - salon połączony z kuchnią i wyjściem na balkon, - oddzielna sypialnia, - łazienka z WC, - przedpokój. Do mieszkania przynależy również piwnica o powierzchni 3,7 m². To propozycja dla osób, które cenią wygodną przestrzeń do życia, nowoczesny budynek oraz możliwość korzystania z pełnej infrastruktury miasta bez konieczności długich dojazdów. W najbliższej okolicy znajdują się sklepy, restauracje, punkty usługowe, uczelnie, szpitale oraz przystanki komunikacji miejskiej. Wszystko, co potrzebne na co dzień, jest w zasięgu krótkiego spaceru. Mieszkanie dobrze sprawdzi się zarówno jako miejsce do zamieszkania, jak i nieruchomość inwestycyjna. Zapraszam do kontaktu i umówienia prezentacji.",tak,,aneks,,własność,,53.125378,23.150288
Białystok,ul. Elizy Orzeszkowej 17,3,62,700000,11290,Pośrednik,,19,https://adresowo.pl/o/mieszkanie-bialystok-ul-elizy-orzeszkowej-3-pokojowe-k1k7q0,https://s2.adresowa.pl/oi/29/48/3a4580_4125_cover@2x-3-pokojowe-mieszkanie-bialystok-ul-elizy-orzeszkowej.webp,Białystok ,Elizy Orzeszkowej 17,7,2012,apartamentowiec,,"APARTAMENTY BRANICKIEGO | BIAŁYSTOK, UL. ORZESZKOWEJ 17 Szukasz komfortowego mieszkania w prestiżowej lokalizacji, blisko Centrum? Ta oferta może Cię zainteresować! Na sprzedaż mieszkanie o powierzchni 62,11 m² , położone na 7. piętrze rozpoznawalnego apartamentowca przy ul. Orzeszkowej 17. Z dużego balkonu rozpościera się piękny widok na panoramę miasta . Apartamentowiec o podwyższonym standardzie Inwestycja powstała w 2012 roku i oferuje mieszkańcom m.in. monitoring, recepcję, własną ochronę oraz dwie szybkobieżne windy . Funkcjonalny układ mieszkania obejmuje: • przestronny salon z aneksem kuchennym i wyjściem na duży, słoneczny balkon od strony południowo-zachodniej, • dwie oddzielne sypialnie, • łazienkę z prysznicem i WC, • przedpokój z praktyczną zabudową. Wnętrze zostało zaprojektowane pod nadzorem architekta. Mieszkanie jest gotowe do zamieszkania lub lekkiego odświeżenia , dzięki czemu przyszły właściciel może dostosować je do własnych potrzeb. 📍 Lokalizacja to jeden z największych atutów nieruchomości. W budynku znajduje się Biedronka, a w najbliższej okolicy dostępna jest pełna infrastruktura. Dużym udogodnieniem jest również bliskość Uniwersytetu w Białymstoku oraz Uniwersytetu Medycznego , co sprawia, że nieruchomość może być również interesującą propozycją inwestycyjną pod wynajem. 🚗 Do mieszkania przynależy miejsce postojowe w garażu podziemnym , dodatkowo płatne 50 000 zł . To propozycja dla osób szukających wygodnego mieszkania w dobrze skomunikowanej lokalizacji, a także dla inwestorów. 📞 Zapraszamy na prezentację i do kontaktu w sprawie szczegółów oferty! Nasze biuro zapewnia pomoc przy kompletowaniu dokumentów niezbędnych do przeniesienia praw własności oraz bezpłatnej pomocy w uzyskaniu najlepszego kredytu na zakup tej oraz innych nieruchomości. Informacje użyte do sporządzenia powyższej oferty zostały uzyskane na podstawie oświadczeń właścicieli nieruchomości i nie są ofertą w rozumieniu przepisów prawa. Mają one jedynie charakter informacyjny. Zapraszamy na prezentację!",,tak,aneks,plastikowe,własność,,53.12765,23.17715
Białystok Zielone Wzgórza,ul. Konwaliowa,3,64,639000,9984,bez pośredników,,6,https://adresowo.pl/o/mieszkanie-bialystok-zielone-wzgorza-ul-konwaliowa-3-pokojowe-k1r1l8,https://s2.adresowa.pl/oi/60/26/3f7334_92ec_cover@2x-3-pokojowe-mieszkanie-bialystok-zielone-wzgorza-ul-konwaliowa.webp,Białystok Zielone Wzgórza,Konwaliowa,3,1988,blok,,"Wyjątkowe 3-pokojowe mieszkanie po generalnym remoncie - gotowe do zamieszkania! Szukasz mieszkania, do którego możesz wprowadzić się od razu, bez dodatkowych remontów i kosztów? To miejsce zachwyci Cię od pierwszego wejścia! Na sprzedaż oferujemy stylowe mieszkanie o powierzchni 64 m², usytuowane na 3. piętrze. Lokal jest dwustronny, dzięki czemu przez cały dzień wpada do niego mnóstwo naturalnego światła. Duża liczba okien sprawia, że wnętrza są jasne, ciepłe i niezwykle przytulne. Mieszkanie przeszło generalny remont i zostało wykończone w nowoczesnym stylu z dbałością o najmniejsze detale. Wysokiej jakości materiały oraz wykonane na wymiar zabudowy stolarskie zapewniają komfort i funkcjonalność na co dzień. Lokal jest gotowy do zamieszkania - nie wymaga żadnych dodatkowych nakładów finansowych. Rozkład mieszkania: • 2 ustawne sypialnie, • przestronny i słoneczny salon, • oddzielna, funkcjonalna kuchnia, • duży przedpokój z zabudową, • przestronna łazienka z wanną i prysznicem, • dodatkowa, osobna toaleta. Do mieszkania przynależy duża piwnica ok. 8m2. Lokalizacja, którą pokochasz Mieszkanie znajduje się w spokojnej, zielonej okolicy pełnej drzew i terenów spacerowych. To idealne miejsce dla osób ceniących ciszę, kontakt z naturą i wygodę życia. W najbliższym otoczeniu znajdują się: • liczne tereny zielone i place zabaw, • przedszkole oraz szkoła podstawowa, • przystanki autobusowe zapewniające szybki dojazd do centrum miasta, • sklep spożywczy, • apteka, • poczta, • kwiaciarnia, • siłownia, • Galeria Zielone Wzgórza. Idealne dla: pary, która marzy o nowoczesnym mieszkaniu w otoczeniu zieleni, rodziny z dziećmi - dzięki bliskości przedszkola, szkoły i placów zabaw, właścicieli czworonogów - liczne tereny zielone i ścieżki spacerowe znajdują się tuż obok. To mieszkanie łączy nowoczesny design, funkcjonalny układ, świetną lokalizację i wyjątkowo przyjemną atmosferę. Jasne, dwustronne wnętrza, wysoki standard wykończenia oraz gotowość do zamieszkania sprawiają, że jest to miejsce, w którym od pierwszego dnia poczujesz się jak w domu. Zapraszamy do kontaktu i umówienia się na prezentację - być może to właśnie tutaj znajdziesz swój wymarzony dom! Jeśli nie odbieram, proszę o wiadomość SMS.",tak,,,plastikowe,własność,,53.119661,23.099319
Białystok Nowe Miasto,ul. Rzemieślnicza,3,59,399000,6763,bez pośredników,,5,https://adresowo.pl/o/mieszkanie-bialystok-nowe-miasto-ul-rzemieslnicza-3-pokojowe-h9t5l7,https://s2.adresowa.pl/oi/3a/40/3f6198_5e4b_cover@2x-3-pokojowe-mieszkanie-bialystok-nowe-miasto-ul-rzemieslnicza.webp,Białystok Nowe Miasto,Rzemieślnicza,2,,blok,,"Na sprzedaż mieszkanie spółdzielczo-własnościowe, położone w wieżowcu przy ul. Rzemieślniczej w Białymstoku. Lokal znajduje się na drugim piętrze (winda). Mieszkanie o powierzchni 59,4m², dwustronne – balkon 5m. Piwnica 3m2. Lokal do generalnego remontu, stanowiący doskonałą bazę do aranżacji według własnych potrzeb. Układ pomieszczeń obejmuje: *3 pokoje *Kuchnia *Łazienka *Odzielnie toaleta *Przestronny korytarz",tak,,,,spółdzielcze własnościowe,,53.143892,23.118542
Białystok Piasta,ul. Towarowa,2,39,460000,11795,bez pośredników,,8,https://adresowo.pl/o/mieszkanie-bialystok-piasta-ul-towarowa-2-pokojowe-n2o8f9,https://s2.adresowa.pl/oi/58/36/3f557e_5921_cover@2x-2-pokojowe-mieszkanie-bialystok-piasta-ul-towarowa.webp,Białystok Piasta,Towarowa,8,,blok,,"Na sprzedaż 2-pokojowe mieszkanie o powierzchni 39,5 m², położone na 8. piętrze wieżowca przy ul. Towarowej w Białymstoku. Mieszkanie jest jasne, słoneczne i ma ładny widok na panoramę Białegostoku. Składa się z salonu z aneksem kuchennym, sypialni, łazienki oraz balkonu. Około 10 lat temu przeszło generalny remont. Wymieniona została instalacja elektryczna i okna, wykonano nową kuchnię oraz wyremontowano łazienkę. Mieszkanie jest zadbane i gotowe do zamieszkania. Sprzedawane jest z pełnym wyposażeniem, w tym meblami, dwoma telewizorami, sprzętem AGD oraz pralką w zabudowie. Narożnik widoczny na zdjęciach został wymieniony na nowy o podobnych wymiarach i również pozostaje w cenie. Dodatkowe atuty: • nowoczesna, cicha winda zamontowana w 2026 roku • piwnica • ogólnodostępne miejsca parkingowe pod blokiem W pobliżu znajdują się sklepy, szkoły, przedszkola, place zabaw, przystanki autobusowe oraz tereny zielone. Do centrum miasta można dojechać w kilka minut. Sprzedaż bezpośrednio od właściciela. Brakuje jeszcze zdjęć łazienki i sypialni. Postaram się odszukać. Pośrednikom dziękujemy - nie jesteśmy zainteresowani współpracą. Zapraszam do kontaktu i obejrzenia mieszkania.",tak,,aneks,,,Wyposażenie: telewizor,53.138864,23.186245
Białystok,Dojlidy,3,73,620000,8493,bez pośredników,,8,https://adresowo.pl/o/mieszkanie-bialystok-dojlidy-3-pokojowe-73-m2-r0g3r7,https://s2.adresowa.pl/oi/6d/68/3f4d5a_a33e_cover@2x-3-pokojowe-mieszkanie-bialystok-dojlidy.webp,Białystok Dojlidy,,8,1991,blok,,"To mieszkanie ma 73 m² i znajduje się na 8. piętrze. Jest umeblowane i gotowe do zamieszkania. W kuchni znajdziesz białe płytki oraz lodówkę. Łazienka wyposażona jest w wannę, umywalkę oraz toaletę. W salonie duże okna zapewniają widok na miasto. Podłoga w salonie jest drewniana, a w sypialni wykładzina. Mieszkanie charakteryzuje się dobrą lokalizacją blisko centrum. To idealne miejsce dla osób ceniących komfort i przestrzeń. Zadzwoń już dziś, aby umówić się na oglądanie!",,,,,,Wyposażenie: lodówkę,53.115109,23.193794
Białystok Białostoczek,ul. Sokólska,3,60,450000,7500,bez pośredników,,11,https://adresowo.pl/o/mieszkanie-bialystok-bialostoczek-ul-sokolska-3-pokojowe-l2r2c5,https://s2.adresowa.pl/oi/70/39/3f33de_7737_cover@2x-3-pokojowe-mieszkanie-bialystok-bialostoczek-ul-sokolska.webp,Białystok Białostoczek,Sokólska,4,1980,blok,,"Na sprzedaż lokal mieszkalny o powierzchni 61,5 m2 w budynku przy ul. Sokólskiej w Białymstoku. Mieszkanie znajduje się na 4 piętrze 4 piętrowego bloku. Mieszkanie składa się z 3 pokoi , korytarza, kuchni oraz łazienki z WC. Dwa pokoje są świeżo poszpachlowane i pomalowane. Na podłodze w pokojach ułożone panele podłogowe. W kuchni, łazience i korytarzu ułożone płytki ceramiczne. Powierzchnia duży pokój 25m2, średni pokój 12 m2 mały pokój 8,5m2. W pobliżu znajdują się sklepy osiedlowe, Biedronka, apteka, przychodnia oraz przystanek autobusowy. Obok bloku znajdują się ogólnodostępne miejsca postojowe. Do mieszkania przynależy piwnica oraz balkon (wyjście z dużego pokoju) Zapraszam.",tak,,osobna,plastikowe,spółdzielcze własnościowe,,53.147543,23.149588
Białystok Bacieczki,ul. Komisji Edukacji Narodowej,2,45,509000,11311,bez pośredników,,19,https://adresowo.pl/o/mieszkanie-bialystok-bacieczki-ul-komisji-edukacji-narodowej-2-pokojowe-n9o9g9,https://s2.adresowa.pl/oi/30/24/3f2816_61c7_cover@2x-2-pokojowe-mieszkanie-bialystok-bacieczki-ul-komisji-edukacji-narodowej.webp,Białystok Bacieczki,Komisji Edukacji Narodowej,2,2004,blok,,"Oferuję na sprzedaż 2-pokojowe mieszkanie o powierzchni 45,5 m2. Położone na 2. piętrze w 3-piętrowym bloku. Mieszkanie jest dwustronne, bardzo ustawne i funkcjonalne. Mieszkanie jest gotowe do zamieszkania, częściowo umeblowane. W salonie znajduje się rogówka, łóżko składane przy ścianie, komoda, 2 witryny, regał z półkami oraz stolik. W drugim pokoju jest pojemna szafa. Kuchnia jest umeblowana, wyposażona w kuchenkę i piekarnik. Jest miejsce na zmywarkę o szerokości 45 cm. W przedpokoju znajduje się bardzo pojemna, funkcjonalna szafa. Dużym atutem nieruchomości jest atrakcyjna lokalizacja - w pobliżu znajdują się szkoły, przedszkola i sklepy. Sklep PSS Społem oraz bar KEN. Biedronka, Agata Meble, Castorama, Outlet. Dodatkowo mieszkanie znajduje się w pobliżu obwodnicy, co gwarantuje szybki i wygodny dojazd do innych części miasta. Okolica jest dobrze skomunikowana zarówno samochodem, jak i komunikacją miejską. Dojazd do centrum zajmuje około 10 minut. Przystanek autobusowy linii: 7, 17, 18, 24. Przed blokiem znajduje się duża liczba ogólnodostępnych miejsc postojowych, co zapewnia wygodne parkowanie o każdej porze dnia. Oferta bez pośredników. Osoby zainteresowane proszę o kontakt.",,,,,własność,"Wyposażenie: kuchenkę, piekarnik, zmywarkę",53.151006,23.088571
Białystok Sienkiewicza,ul. Jurowiecka,2,35,543000,15514,bez pośredników,,7,https://adresowo.pl/o/mieszkanie-bialystok-sienkiewicza-ul-jurowiecka-2-pokojowe-p3m3q4,https://s2.adresowa.pl/oi/65/3b/3f12ea_798d_cover@2x-2-pokojowe-mieszkanie-bialystok-sienkiewicza-ul-jurowiecka.webp,Białystok Sienkiewicza,Jurowiecka,7,2023,apartamentowiec,,"Na sprzedaż nowoczesne dwupokojowe mieszkanie w centrum miasta (ul. Jurowiecka 11) w kompleksie mieszkaniowym ""Apartamenty Jagiellońskie"" o powierzchni 35,52 m², położone na 7. piętrze 10-piętrowego budynku wybudowanego w 2023 roku. Mieszkanie składa się z: - klimatyzowanego salonu z aneksem kuchennym i wyjściem na balkon - sypialni - toalety z WC Miejsce parkingowe w podziemnym garażu jest płatne dodatkowo w wysokości 50 000 zł. Mieszkanie urządzone jest w nowoczesnym stylu i gotowe do zamieszkania. Mieszkanie wyposażone jest w pralkę, zmywarkę, piekarnik, płytę indukcyjną, telewizor oraz klimatyzację. Nieruchomość położona jest w samym centrum miasta, w pobliżu Galerii Juroweckiej, gdzie znajduje się wiele obiektów infrastruktury, w tym siłownia, restauracje, kawiarnie, kino, sklepy itp. To idealne mieszkanie dla pary, osoby samotnej lub jako inwestycja pod wynajem. Sprzedaż bezpośrednio od właściciela, bez prowizji agencji. Rozsądne negocjacje cenowe są mile widziane. W okresie od 29 czerwca do 6 lipca proszę o kontakt wyłącznie mailowy.",,tak,aneks,,własność,"Wyposażenie: piekarnik, pralkę, telewizor, zmywarkę",53.137383,23.161303
Białystok Sienkiewicza,ul. Ciepła,4,72,650000,9028,bez pośredników,,7,https://adresowo.pl/o/mieszkanie-bialystok-sienkiewicza-ul-ciepla-4-pokojowe-c2f0c0,https://s2.adresowa.pl/oi/19/57/3f0e02_2e80_cover@2x-4-pokojowe-mieszkanie-bialystok-sienkiewicza-ul-ciepla.webp,Białystok Sienkiewicza,Ciepła,3,1985,blok,,"Na sprzedaż przestronne i funkcjonalne mieszkanie o powierzchni 72 m², położone na 3. piętrze w czteropiętrowym bloku z 1985 roku w Białymstoku. Mieszkanie jest gotowe do zamieszkania, zadbane i dobrze utrzymane. Dzięki funkcjonalnemu układowi pomieszczeń doskonale sprawdzi się dla rodziny z dziećmi, jak również dla osób ceniących komfort i przestrzeń. Układ mieszkania: - salon, - 3 niezależne pokoje, - oddzielna kuchnia, - łazienka, - osobne WC, - przedpokój, - balkon. Do mieszkania przynależy również piwnica, zapewniająca dodatkowe miejsce do przechowywania. Atuty nieruchomości: - 72 m² powierzchni - 4 ustawne pokoje - oddzielna kuchnia - osobna łazienka i toaleta - balkon - piwnica - 3 piętro w niskim, 4-piętrowym bloku - budynek z 1985 roku - mieszkanie gotowe do zamieszkania W pobliżu znajdują się sklepy, szkoły, przedszkola, przystanki komunikacji miejskiej oraz tereny rekreacyjne, co zapewnia wygodę codziennego życia. Cena: 685 000 zł Zapraszam do kontaktu telefonicznego i umówienia się na prezentację mieszkania.",tak,,osobna,,spółdzielcze własnościowe,,53.138867,23.163591
Białystok,Centrum,2,45,399500,8878,bez pośredników,,4,https://adresowo.pl/o/mieszkanie-bialystok-centrum-2-pokojowe-45-m2-e4h5x3,https://s2.adresowa.pl/oi/45/2a/3ef75e_435c_cover@2x-2-pokojowe-mieszkanie-bialystok-centrum.webp,Białystok Centrum,,1,,blok,,"Dwupokojowe, rozkładowe mieszkanie z balkonem i piwnicą. Oddzielna kuchnia z jadalnią. Pierwsze piętro. Świetna lokalizacja w centrum, w cichej i spokojnej okolicy. Blisko parki, uczelnie, szpitale. Możliwość negocjacji ceny.",tak,,osobna,,,,53.133198,23.156525
Białystok Starosielce,ul. Wasilkowska,3,58,439000,7569,bez pośredników,,6,https://adresowo.pl/o/mieszkanie-bialystok-starosielce-ul-wasilkowska-3-pokojowe-o6r1q3,https://s2.adresowa.pl/oi/1e/57/3ee488_8240_cover@2x-3-pokojowe-mieszkanie-bialystok-starosielce-ul-wasilkowska.webp,Białystok Starosielce,Wasilkowska,1,,blok,,"Serdecznie zapraszam do zapoznania się z ofertą sprzedaży mieszkania znajdującego się w Białymstoku, przy ulicy Wasilkowskiej, obok słynnej Topolanki. Mieszkanie o metrażu 58m², na 1. piętrze w 4-piętrowym budynku. Okolica przyciąga studentów i tych, którzy cenią bliskość centrum oraz codzienne udogodnienia. Pod blokiem bardzo dużo zieleni, drzew. Komunikacja miejska na wyciągnięcie ręki, ułatwiająca szybkie dotarcie w każdy zakątek miasta. Mieszkanie składa się z następujących pomieszczeń: - salon z wyjściem na balkon, - 2 sypialnie, - oddzielna kuchnia, - łazienka, - WC, - korytarz. Główne atuty: - mieszkanie dwustronne, - funkcjonalny rozkład pomieszczeń, - blisko centrum, - cicha i spokojna okolica, - bardzo dobrze rozwinięta infrastruktura wokół bloku: sklepy, szkoły, lokale gastronomiczne itp., - liczne miejsca postojowe. Ogłoszenie prywatne, agencjom dziękujemy. Zapraszam do kontaktu w celu umówienia spotkania pod numerem . Preferowany kontakt telefoniczny.",,,osobna,,,,53.145326,23.180793
Białystok,ul. Bohaterów Monte Cassino,4,57,589000,10333,bez pośredników,,15,https://adresowo.pl/o/mieszkanie-bialystok-ul-bohaterow-monte-cassino-4-pokojowe-c2r2w7,https://s2.adresowa.pl/oi/42/33/3edde6_2f90_cover@2x-4-pokojowe-mieszkanie-bialystok-ul-bohaterow-monte-cassino.webp,Białystok ,Bohaterów Monte Cassino,parter,1975,blok,,"Sprzedaż od Właściciela - bezpośrednio. Na sprzedaż mieszkanie położone w Białymstoku przy ul. Bohaterów Monte Cassino - osiedle Przydworcowe. Bardzo lubiana i poszukiwana lokalizacja do zamieszkania. Dobrze skomunikowane ze wszystkimi dzielnicami miasta. Dogodny dojazd komunikacją miejską. Mieszkanie idealne na start lub inwestycyjnie. Mieszkanie znajduje się w budynku 4-piętrowym, położone jest na parterze. Powierzchnia: 57,9 m2 mieszkanie + balkon + piwnica+ ogródek Liczba pokoi: 3 oddzielne + salon z kuchnią, przedpokój, łazienka. Piętro: parter w budynku 4-piętrowym Balkon/loggia: Tak Piwnica: Tak Czynsz: ok. 750 zł Mieszkanie bardzo jasne, dwustronne Budynek: zarządzany przez wspólnotę mieszkaniową Parking: obok budynku Atuty: - Wykończone pod klucz - Nowe okna w całym mieszkaniu - 3 oddzielne, niezależne pokoje - Salon z kuchnią - Szafy na wymiar - Balkon - Do mieszkania przynależy piwnica - Nowa zabudowa kuchenna na wymiar - Nowe pełne AGD na gwarancji w cenie mieszkania - Mieszkanie dwustronne doświetlone - Nieruchomość jest wolna od wad prawnych czy zadłużeń - Pod adresem nieruchomości nikt nie jest zameldowany - w okolicy znajdują się mniejsze lokale usługowe tj. przychodnia, apteka, basen, sklepy spożywcze tj, Kaufland, Biedronka, stomatolog, apteka, przychodnia rodzinna, pracownia krawiecka, pizzeria, burgerownia, poczta polska, fryzjerzy itp. Mieszkanie dostępne od zaraz. Zapraszam do kontaktu. Agencje zapraszam tylko z konkretnym klientem.",tak,,aneks,plastikowe,własność,,53.127874,23.137999
Białystok Centrum,ul. Henryka Sienkiewicza,1,23,280000,12174,bez pośredników,,1,https://adresowo.pl/o/mieszkanie-bialystok-centrum-ul-henryka-sienkiewicza-1-pokoj-g6g2c7,https://s2.adresowa.pl/oi/79/2f/3ed0f2_49ec_cover@2x-1-pokojowe-mieszkanie-bialystok-centrum-ul-henryka-sienkiewicza.webp,Białystok Centrum,Henryka Sienkiewicza,3,,kamienica,,"Na sprzedaż ustawna, kawalerka o powierzchni 23,10 m², zlokalizowana w klimatycznej kamienicy przy ul. Sienkiewicza 26 w Białymstoku. Doskonała propozycja jako lokata kapitału pod bezpieczny wynajem (ze względu na topową lokalizację) lub jako tzw. ""startowe"" mieszkanie dla singla lub studenta. Metraż: 23,10 m² Piętro: 3 z 3 (kamienica bez windy - cisza i brak sąsiadów ""nad głową"") Stan lokalu: Do całkowitego remontu / własnej aranżacji. Wysokość pomieszczeń: 3 m. Do mieszkania przynależy piwnica, idealna na przechowywanie rowerów czy rzeczy sezonowych. Mieszkanie mieści się w ścisłym Centrum Białegostoku. W bezpośrednim sąsiedztwie pełna infrastruktura miejska: liczne restauracje, kawiarnie, sklepy, przystanki komunikacji miejskiej oraz szybki dojazd do białostockich uczelni wyższych. To sprawia, że lokal nigdy nie straci na wartości i łatwo znajdzie najemców. Zalety dla kupującego: Mieszkanie do remontu pozwala na zaprojektowanie przestrzeni w 100% według własnych potrzeb i standardów. Brak konieczności kompromisów z cudzymi pomysłami aranżacyjnymi - od podstaw możesz stworzyć nowoczesny, doskonale wyposażony mikroapartament. Cena: 280 000zł (do rozsądnej negocjacji) Sprzedaż bezpośrednia / Zapraszam do kontaktu i prezentacji na żywo! Tel.",tak,,,,,,53.134508,23.163098
Białystok,Centrum,2,48,450000,9375,bez pośredników,,8,https://adresowo.pl/o/mieszkanie-bialystok-centrum-2-pokojowe-48-m2-f8b3e8,https://s2.adresowa.pl/oi/36/7a/3ec812_bf02_cover@2x-2-pokojowe-mieszkanie-bialystok-centrum.webp,Białystok Centrum,,2,2007,blok,,"Sprzedam mieszkanie 48m2 w centrum Białegostoku. Jasne, ciche, trójstronne mieszkanie o powierzchni 48m2, położone w centrum Białegostoku. Mieszkanie znajduje się na 2. piętrze 4-piętrowego bloku (bez windy). Jest w pełni umeblowane i gotowe do wprowadzenia. Na wyposażeniu: pralka, zmywarka, lodówka z zamrażarką, kuchenka gazowa z piekarnikiem oraz drobne AGD. W salonie telewizor. Mieszkanie składa się z: - 2 pokoi (salon z zabudowaną loggią oraz sypialnia), - oddzielnej kuchni, - łazienki, - przedpokoju. Do mieszkania przynależy komórka lokatorska (5,6m2) w piwnicy. Ogrzewanie miejskie. Pod blokiem znajdują się ogólnodostępne miejsca parkingowe oraz duży plac zabaw dla dzieci. Dodatkowym atutem jest pobliski park z dużą ilością zieleni, co jest ogromną zaletą w centrum miasta. W pobliżu mieszkania znajdują się sklepy spożywcze, restauracje i lokale usługowe. Blisko do przystanków komunikacji miejskiej. CENA: 450 000 zł. Jest to oferta prywatna. Osoby zainteresowane zapraszam do kontaktu i obejrzenia mieszkania. KONTAKT: Dariusz.",tak,,osobna,,,"Wyposażenie: kuchenka, lodówka, piekarnik, pralka, telewizor, zmywarka",53.133198,23.156525
Białystok Białostoczek,ul. Władysława Bełzy,2,44,633000,14386,bez pośredników,,8,https://adresowo.pl/o/mieszkanie-bialystok-bialostoczek-ul-wladyslawa-belzy-2-pokojowe-o2j5u2,https://s2.adresowa.pl/oi/6f/65/3ea734_a247_cover@2x-2-pokojowe-mieszkanie-bialystok-bialostoczek-ul-wladyslawa-belzy.webp,Białystok Białostoczek,Władysława Bełzy,2,,blok,,"Marzysz o mieszkaniu, w którym każdy detal ma swoją historię? Szukasz miejsca gotowego do wprowadzenia, które łączy nowoczesną funkcjonalność z niepowtarzalnym designem? Prezentuję wyjątkowy, 2-pokojowy apartament o powierzchni 44 m², położony przy ul. Władysława Bełzy w Białymstoku. To nie jest typowe mieszkanie z katalogu – to przestrzeń stworzona z pasją, z myślą o osobach, które cenią jakość, rzemiosło i komfort. Dlaczego warto? Design, którego nie znajdziesz nigdzie indziej: Centralnym punktem salonu są unikatowe, ręcznie robione stoły, które nadają wnętrzu szlachetnego charakteru. Każdy element wykończenia został dobrany z najwyższą dbałością o detale – od jakości materiałów po oświetlenie budujące niepowtarzalny nastrój. Gotowy do wprowadzenia: Apartament nie wymaga żadnych nakładów finansowych. Wystarczy, że wniesiesz swoje rzeczy osobiste. Komfortowe II piętro: Idealne połączenie wygody i prywatności. Mieszkanie jest ustawne, jasne i bardzo przytulne. Lokalizacja: Spokojna, doceniana okolica przy ul. Bełzy, która zapewnia szybki dostęp do infrastruktury miasta, jednocześnie będąc enklawą ciszy po ciężkim dniu pracy. Wnętrze idealne dla: Singla lub pary, którzy szukają swojego pierwszego „gniazdka” z charakterem. Osoby ceniącej estetykę, która nie chce tracić czasu na wielomiesięczne remonty. Inwestora, który chce wyróżnić swoją ofertę najmu na tle „masowych” propozycji i przyciągnąć najbardziej wymagającego najemcę. Dane techniczne: Powierzchnia: 44 m² Liczba pokoi: 2 Piętro: 2 Lokalizacja: ul. Władysława Bełzy, Białystok To mieszkanie trzeba zobaczyć na żywo, aby poczuć jego klimat. Zdjęcia oddają jedynie część jego uroku. Zapraszam do kontaktu i na prezentację.",,,,,,,53.152388,23.158491
Białystok Leśna Dolina,ul. Batalionów Chłopskich,4,80,619000,7738,bez pośredników,,15,https://adresowo.pl/o/mieszkanie-bialystok-lesna-dolina-ul-batalionow-chlopskich-4-pokojowe-k4e5y2,https://s2.adresowa.pl/oi/38/11/3ea45a_3841_cover@2x-4-pokojowe-mieszkanie-bialystok-lesna-dolina-ul-batalionow-chlopskich.webp,Białystok Leśna Dolina,Batalionów Chłopskich,3,1991,blok,,"• Na sprzedaż mieszkanie 4-pokojowe o powierzchni 80,50 m² • 3 piętro w 4-piętrowym bloku z płyty bez windy z 1991 roku • Białystok, Leśna Dolina, ul. Batalionów Chłopskich • Balkon, piwnica, osobna kuchnia • Pełna własność • Ogłoszenie bezpośrednio od właściciela Mieszkanie składa się z salonu z balkonem typu loggia, 3 sypialni, kuchni, łazienki, osobnej toalety oraz przedpokoju z oknem. Szczegółowy rozkład pomieszczeń obrazuje załączony rzut. Mieszkanie jest przestronne, widne i słoneczne, Okolica idealna dla pary lub rodziny i nie tylko. W okolicy : • szkoła podstawowa nr. 49 • przedszkole samorządowe nr. 80 • Akademia piłkarska Leśna • V Liceum Ogólnokształcące im. Jana III Sobieskiego • Galeria Zielone Wzgórze • zielona okolica, dużo placów zabaw i miejsc gdzie można pospacerować • bardzo dobry dostęp do komunikacji miejskiej • i wiele innych udogodnień w bliskiej okolicy",tak,,osobna,plastikowe,własność,,53.128142,23.094941
Białystok Dojlidy,ul. Kawaleryjska,2,38,355000,9342,bez pośredników,,17,https://adresowo.pl/o/mieszkanie-bialystok-dojlidy-ul-kawaleryjska-2-pokojowe-x7s2m8,https://s2.adresowa.pl/oi/47/26/3ea178_860e_cover@2x-2-pokojowe-mieszkanie-bialystok-dojlidy-ul-kawaleryjska.webp,Białystok Dojlidy,Kawaleryjska,parter,,blok,,"Szukasz mieszkania do zamieszkania? Ta oferta jest dla Ciebie. Zapraszam do zapoznania się z ofertą sprzedaży kawalerki o powierzchni 38,04 mkw z wydzieloną sypialnią w rejonie osiedla Nowe Miasto. Mieszkanie znajduje się na parterze w 2-piętrowym budynku, usytuowanym na spokojnym i bezpiecznym osiedlu w sąsiedztwie zabudowy wielorodzinnej. W podziemnej części budynku znajdują się pomieszczenia gospodarcze. Funkcjonalny układ pomieszczeń: Salon, wydzielona przytulna sypialnia, oddzielna kuchnia, łazienka z toaletą, korytarz, piwnica (7,24 mkw). Standard wykończenia: - Na podłogach w pokojach są panele podłogowe, w korytarzu wykładzina PCV, a w łazience - płytki ceramiczne. - Plastikowe okna, część wyposażona w balustrady zewnętrzne. Mieszkanie jest do zamieszkania, wyposażone w meble, pralkę, lodówkę, kuchenkę i piekarnik. Lokalizacja i okolica: W sąsiedztwie budynku znajduje się urządzony plac zabaw z urządzeniami rekreacyjnymi dla dzieci, w tym zestawami zabawowymi, zjeżdżalniami, huśtawkami, karuzelą, ławkami oraz koszami na odpady. Nawierzchnia placu zabaw jest bezpieczna dla dzieci. Lokalizacja ułatwia codzienne zakupy w supermarketach i na bazarze, a także korzystanie z ofert sportowych i rekreacyjnych. Najbliższe sklepy są w odległości niespełna 250 metrów. Na mniejsze i większe zakupy możesz wybrać się do pobliskiej Biedronki. W podobnej odległości znajduje się również stacja paliw Orlen. W bezpośrednim i bliskim sąsiedztwie adresu występują przystanki komunikacji autobusowej. W rejonie adresu znajdują się również punkty usługowe i placówki publiczne, w tym placówka Poczty Polskiej oraz Przedszkole Samorządowe. Mieszkanie znajduje się w dzielnicy Dojlidy z łatwym dostępem do terenów zielonych, takich jak Las Solnicki. Mieszkanie jest doskonale usytuowane, żeby zamieszkać w nim na stałe. Miejsce postojowe. W bezpośrednim otoczeniu budynku znajdują się miejsca postojowe dla samochodów osobowych. Zdecyduj się na obejrzenie i przekonaj się, czy ta nieruchomość spełni Twoje oczekiwania. Zapraszamy do kontaktu!",tak,tak,osobna,plastikowe,własność,"Wyposażenie: kuchenkę, lodówkę, piekarnik, pralkę",53.106478,23.143535
Białystok,ul. Adama Mickiewicza,3,68,748000,11000,bez pośredników,,18,https://adresowo.pl/o/mieszkanie-bialystok-ul-adama-mickiewicza-3-pokojowe-n4u7y0,https://s2.adresowa.pl/oi/49/3f/3e93aa_bfb2_cover@2x-3-pokojowe-mieszkanie-bialystok-ul-adama-mickiewicza.webp,Białystok ,Adama Mickiewicza,2,2009,blok,,"To 3 pokojowe, przestronne, w pełni rozkładowe mieszkanie 68 m² znajduje się na drugim piętrze trzypiętrowego bloku. Jest w bardzo dobrym stanie, gotowe do zamieszkania i sprzedawane z pełnym wyposażeniem, w tym meblami oraz sprzętem AGD. Jest to idealne mieszkanie dla rodziny, pary lub jako kapitał na przyszłość. Do mieszkania przynależy balkon oraz piwnica, co zwiększa jego funkcjonalność. Sercem mieszkania jest jasny i przestronny salon połączony z funkcjonalną i dużą kuchnią. W kuchni i korytarzu dodatkowo jest ogrzewanie podłogowe. Mieszkanie posiada dwa osobne pokoje, a salon z wyjściem na duży balkon ma okna z dwóch stron. Istnieje możliwość przerobienia dużej garderoby na drugą łazienkę lub gabinet. Blok położony jest na zamkniętym osiedlu, posiadającym plac zabaw oraz miejsca parkingowe. Nieruchomość zlokalizowana jest na osiedlu Mickiewicza, które słynie ze świetnie zaprojektowanej infrastruktury. Zaraz przy bloku znajduje się strefa zieleni - idealna na spacery z psem, wygodne ścieżki spacerowe i rowerowe. Lokalizacja zapewnia doskonałą komunikację z resztą miasta. W okolicy znajdują się również sklepy, restauracje oraz placówki edukacyjne, w tym: Urzędy, Galerię Alfa i Biała, Park, Zoo, Teatr Dramatyczny - co czyni tę lokalizację bardzo wygodną do życia. Zapraszamy na prezentację, mieszkanie bezpośrednio od właściciela. Za pomoc pośredników serdecznie dziękujemy - chyba że klient potrzebuje wsparcia agenta do spraw nieruchomości.",tak,,,plastikowe,własność,,53.108488,23.182694
Białystok Centrum,ul. Adama Mickiewicza,3,57,569000,9982,bez pośredników,,11,https://adresowo.pl/o/mieszkanie-bialystok-centrum-ul-adama-mickiewicza-3-pokojowe-v6b8l6,https://s2.adresowa.pl/oi/32/2c/3e8f94_8209_cover@2x-3-pokojowe-mieszkanie-bialystok-centrum-ul-adama-mickiewicza.webp,Białystok Centrum,Adama Mickiewicza,11,1989,blok,,"Sprzedam mieszkanie w bloku mieszkalnym 57,40 m² na 11 (ostatnim) piętrze przy ulicy Mickiewicza. Na sprzedaż mieszkanie po generalnym remoncie położone w ścisłym centrum Białegostoku, w rejonie Galerii Alfa oraz Galerii Białej. Lokalizacja ta gwarantuje doskonały dostęp do infrastruktury miejskiej, komunikacji oraz instytucji publicznych. Mieszkanie jest po generalnym remoncie. W skład mieszkania wchodzi: duży salon, 2 pokoje, kuchnia, łazienka i korytarz. W całym domu została wymieniona instalacja elektryczna, instalacja hydrauliczna, grzejniki. Zamontowana została trzyszybowa stolarka okienna z nowymi parapetami oraz nowe drzwi zewnętrzne i wewnętrzne. Położone zostały nowe podłogi. Lokal jest gotowy do wprowadzenia i zamieszkania, bez konieczności ponoszenia dodatkowych nakładów finansowych. Mieszkanie z widokiem na zielone i spokojne osiedle, zapewnia komfort akustyczny, pomimo lokalizacji w centrum miasta. Mieszkanie zostało urządzone w sposób przemyślany i komfortowy. Do mieszkania przynależą miejsca postojowe za szlabanem. Dodatkowo do lokalu przysługuje piwnica. W pobliżu znajdują się m.in.: liczne punkty handlowe, usługowe, restauracje, Uniwersytet Medyczny, Urząd Wojewódzki Urząd Miasta oraz kompleks szpitali. Możliwość kupna nieruchomości wraz z meblami oraz rtv i agd. Sprzedaż bezpośrednia, pomagam ze wszelką dokumentacją. Biurom nieruchomości dziękuję. W przypadku gotówki negocjacja ceny, możliwa zamiana na mieszkanie/dom do remontu. Zapraszam do kontaktu w celu prezentacji mieszkania.",tak,tak,osobna,,własność,Wyposażenie: tv,53.123042,23.172225
Białystok Białostoczek,ul. Kozłowa,3,48,440000,9167,bez pośredników,,6,https://adresowo.pl/o/mieszkanie-bialystok-bialostoczek-ul-kozlowa-3-pokojowe-u6y8s9,https://s2.adresowa.pl/oi/27/64/3e804e_cd11_cover@2x-3-pokojowe-mieszkanie-bialystok-bialostoczek-ul-kozlowa.webp,Białystok Białostoczek,Kozłowa,4,1980,blok,,"Na sprzedaż mieszkanie na os. bialostoczek. Spokojna okolica, w bloku osoby starsze, cisza i spokój. Łazienka dzielona. Remont nie robiony od ponad 10 lat, ale została poprowadzona nowa elektryka w niektórych pomieszczeniach. Biurom dziękuję Proszę pisać SMS gdyż przez pracę zmianową mam utrudniony kontakt. Oddzwonię",tak,,osobna,plastikowe,własność,,53.143131,23.152576
Białystok,Bojary,2,52,435000,8365,bez pośredników,,8,https://adresowo.pl/o/mieszkanie-bialystok-bojary-2-pokojowe-52-m2-x6j0y2,https://s2.adresowa.pl/oi/7a/52/3e7aa2_8754_cover@2x-2-pokojowe-mieszkanie-bialystok-bojary.webp,Białystok Bojary,,2,2019,blok,,"Bezpośrednio, bez prowizji. Biurom nieruchomości dziękuję. Oferuję kameralne mieszkanie w bardzo spokojnej okolicy, a jednocześnie bardzo blisko centrum. Mieszkanie składa się z dwóch pokoi, oddzielnej kuchni, dużej łazienki oraz obszernego przedpokoju. W bardzo bliskiej okolicy znajduje się publiczne przedszkole, szkoła oraz cała gama sklepów (CH Ryska: 5 minut pieszo, Galeria Jurowiecka: 7 minut pieszo), sklepy spożywcze czynne 7 dni w tygodniu (nie tylko Żabka). W okolicznych blokach są również dostępne prywatne żłobki oraz przedszkola, przychodnie lekarskie, lecznica weterynaryjna. Teren na którym znajduje się kamienica jest zamknięty, dzięki czemu nie ma problemu z miejscami parkingowymi. To idealne miejsce dla osób ceniących komfort i wygodę. Bliskość wszelkiej infrastruktury: przedszkola, szkoły, sklepy, przychodnie, park Planty, baseny, komunikacja miejska w każdym kierunku miasta, Rynek Kościuszki, Uniwersytet Medyczny, Wydział Prawa, Urząd Miejski, to wszystko dostępne spacerkiem od 5 do 15 minut sprawia, że mieszkanie jest bardzo dobrą opcją inwestycyjną pod wynajem hotelowy lub dla studentów, a także do spokojnego zamieszkania na długo. Zapraszam do kontaktu i oglądania.",,,osobna,,,,53.137699,23.175501
Białystok Bojary,ul. Dobra,4,89,1043000,11719,bez pośredników,,20,https://adresowo.pl/o/mieszkanie-bialystok-bojary-ul-dobra-4-pokojowe-g5u1c4,https://s2.adresowa.pl/oi/38/14/3e7802_e7de_cover@2x-4-pokojowe-mieszkanie-bialystok-bojary-ul-dobra.webp,Białystok Bojary,Dobra,1,2010,blok,,"Na sprzedaż wyjątkowe, w pełni wyposażone i gotowe do zamieszkania mieszkanie o powierzchni 89,92 m², zlokalizowane przy ul. Dobrej. Nieruchomość z 2010 roku znajduje się na I piętrze w nowoczesnym bloku z windą, na terenie kameralnego, zadbanego osiedla z domofonem. Mieszkanie zostało zaprojektowane z myślą o maksymalnej funkcjonalności: - strefa dzienna: przestronny salon połączony z nowoczesną, w pełni wyposażoną kuchnią. - sypialnia główna: prywatna oaza spokoju z pojemną garderobą. - dwa dodatkowe pokoje: idealne jako pokoje dla dzieci, gabinet do pracy zdalnej lub pokoje gościnne. - kuchnia w pełni wyposażona w sprzęt AGD, w tym m.in. piekarnik, zmywarkę, mikrofalówkę oraz dużą, dwuskrzydłową lodówkę z kostkarką. - łazienka wyposażona zarówno w wannę, jak i prysznic, pralkę oraz komfortowe podgrzewanie podłogowe. - duży dwustronny balkon wyłożony elegancką deską tarasową - idealne miejsce na popołudniowy relaks w promieniach słońca (od strony zachodniej). Dodatkowy atut: Do mieszkania przynależy zamykany garaż podziemny, który zapewnia pełen komfort parkowania i dodatkowe miejsce do przechowywania. Istnieje możliwość sprzedaży samego mieszkania. Cena mieszkania: 1.043.000,00 zł. Cena garażu: 80.000,00 zł.",,tak,,drewniane,własność,"Wyposażenie: lodówkę, piekarnik, pralkę, zmywarkę",53.138511,23.18089
Białystok Leśna Dolina,ul. Bacieczki,3,57,459000,8053,bez pośredników,,13,https://adresowo.pl/o/mieszkanie-bialystok-lesna-dolina-ul-bacieczki-3-pokojowe-w8s1w6,https://s2.adresowa.pl/oi/52/65/3e37c8_dc5a_cover@2x-3-pokojowe-mieszkanie-bialystok-lesna-dolina-ul-bacieczki.webp,Białystok Leśna Dolina,Bacieczki,3,2000,blok,,"Sprzedam bez pośredników, Bardzo jasne przestrzenne mieszkanie w którym znajduję się jasny duży salon z wyjściem na balkon , oraz 2 ustawne pokoje w których znajdują się szafy w zabudowach Oddzielna jasna kuchnia wraz ze schowkiem gospodarczym oraz przestronny przedpokój z zabudową Bardzo dobra lokalizacja :przedszkole, szkoła jak również place zabaw oraz sklepy Biedronka Rossmann Dealz, w pobliżu mieszkania przystanek komunikacji. Cena do negocjacji, zapraszam do kontaktu. Tel",,,osobna,plastikowe,własność,,53.143637,23.087897
Białystok Dojlidy,ul. Borsucza,2,47,459000,9766,bez pośredników,,9,https://adresowo.pl/o/mieszkanie-bialystok-dojlidy-ul-borsucza-2-pokojowe-a7q1r0,https://s2.adresowa.pl/oi/53/28/3e167e_9a6b_cover@2x-2-pokojowe-mieszkanie-bialystok-dojlidy-ul-borsucza.webp,Białystok Dojlidy,Borsucza,3,1988,blok,,"Sprzedam dwupokojowe mieszkanie 47m2 przy ulicy Borsuczej usytuowane na 3 piętrze w bloku 3 piętrowym. Mieszkanie jest po generalnym remoncie , wymieniona instalacja elektryczna oraz wodno-kanalizacyjna . W skład mieszkania wchodzi salon z wyjściem na duży balkon typu logia, sypialnia, przestronny korytarz, kuchnia w zabudowie stałej, łazienka oraz oddzielna toaleta. Do mieszkania przynależy piwnica oraz ogromny parking dla mieszkańców bloku.",tak,,osobna,plastikowe,spółdzielcze własnościowe,,53.107674,23.193704
Białystok Wygoda,ul. Storczykowa,3,59,470000,7966,bez pośredników,,8,https://adresowo.pl/o/mieszkanie-bialystok-wygoda-ul-storczykowa-3-pokojowe-d0e7p3,https://s2.adresowa.pl/oi/14/69/3e1302_3c88_cover@2x-3-pokojowe-mieszkanie-bialystok-wygoda-ul-storczykowa.webp,Białystok Wygoda,Storczykowa,4,2022,blok,,"Atrakcyjne 3-pokojowe mieszkanie 59m² przy ulicy Storczykowej (osiedle Zielone Wzgórza). Mieszkanie znajduje się bardzo blisko galerii ,,Zielone Wzgórza"". Jest dwustronne, bardzo słoneczne, wystawa okien wschód-zachód. Blok z cegły, ściana zewnętrzna trzywarstwowa (24cm+12cm+20cm). Obecny duży balkon. Mieszkanie bardzo ciepłe. Uwaga: istnieje możliwość zamiany na mniejsze mieszkanie! Zainteresowanych proszę o kontakt telefoniczny.",,,,,,,53.121309,23.094157
Białystok Piaski,ul. Wesoła,2,36,389000,10806,bez pośredników,,9,https://adresowo.pl/o/mieszkanie-bialystok-piaski-ul-wesola-2-pokojowe-f8o4h9,https://s2.adresowa.pl/oi/3c/76/3e11b6_7cc0_cover@2x-2-pokojowe-mieszkanie-bialystok-piaski-ul-wesola.webp,Białystok Piaski,Wesoła,4,1967,blok,,"Na sprzedaż 2-pokojowe mieszkanie o pow. 36,8 m. przy ul. Wesołej 27 na osiedlu Piaski w Białymstoku. Doskonała lokalizacja. Mieszkanie znajduje się na 4 piętrze w bloku bez windy. Wejście do budynku zabezpieczone jest domofonem. Kilka lat temu klatka schodowa przeszła generalny remont. Dla mieszkańców parking z wjazdem zabezpieczonym szlabanem. Świetnie skomunikowana okolica: w pobliżu Żabka, politechnika, UwB, placówki oświatowe, szpitale, centrum handlowe i liczne punkty usługowe oraz tereny zielone. W odległości kilku minut od bloku przystanek autobusowy. Idealna równowaga między dostępnością do wszystkich miejskich udogodnień a spokojem i zielonym otoczeniem. Mieszkanie składa się z: - ustawnego i dobrze doświetlonego pokoju dziennego/salonu - sypialni z wykonaną na zamówienie dużą szafą z pięknym frontem - oddzielnej widnej kuchni z widokiem na zieleń - przedpokoju z wygodną szafą wykonaną na zamówienie - łazienki z wanną. Do lokalu przynależy również duża piwnica (12 m). Mieszkanie jest gotowe do wprowadzenia, w 2022 r. przeszło gruntowny remont. W pokojach na podłogach leżą panele, w pozostałych pomieszczeniach terakota, w kuchni hiszpańska glazura equipe ceramicas. Nowoczesny sprzęt agd (m.in. Gorenje, Samsung), w kuchni i korytarzu oraz sypialni wykonano funkcjonalną zabudowę na wymiar - szafy są bardzo pojemne, przestrzeń jest wykorzystana maksymalnie. Lokal idealny do samodzielnego zamieszkania lub jako inwestycja - dla singla, pary. Mieszkanie dostępne od zaraz. W cenie mieszkania wszystkie sprzęty agd oraz zabudowa stała. Meble ruchome - do ustalenia. W dni powszednie proszę o telefony po godz. 17tej. Agencjom dziękuję za współpracę.",tak,,osobna,plastikowe,spółdzielcze własnościowe,,53.119963,23.155954
Białystok Sienkiewicza,ul. Ciepła,3,60,649000,10817,bez pośredników,,14,https://adresowo.pl/o/mieszkanie-bialystok-sienkiewicza-ul-ciepla-3-pokojowe-q9u6n4,https://s2.adresowa.pl/oi/4d/76/3e05be_aa71_cover@2x-3-pokojowe-mieszkanie-bialystok-sienkiewicza-ul-ciepla.webp,Białystok Sienkiewicza,Ciepła,2,1996,blok,,"Na sprzedaż oferuję jasne i funkcjonalne mieszkanie o powierzchni 60 m², położone na 2. piętrze niskiego, kameralnego bloku przy ul. Ciepłej – w samym sercu Białegostoku, a jednocześnie w spokojnej, zielonej okolicy. Sprzedaż bezpośrednio od osoby prywatnej - bez pośredników. To idealna propozycja dla rodzin, studentów oraz inwestorów poszukujących mieszkania w świetnej lokalizacji, z doskonałą komunikacją i pełną infrastrukturą w zasięgu kilku minut spacerem. Atuty lokalizacji Mieszkanie znajduje się w jednym z najbardziej pożądanych punktów miasta: tuż obok Galerii Jurowieckiej, przychodni, szpitala, apteki w pobliżu przedszkola, szkół, sklepów, kościoła, blisko basenu, terenów zielonych i punktów usługowych, świetna komunikacja – w kilka minut dojdziesz do centrum przesiadkowego, liczne linie autobusowe zapewniają szybki dojazd do każdej części miasta, spokojna, cicha i bezpieczna okolica mimo centralnego położenia. Opis mieszkania Na powierzchnię 59,80 m² składają się: przestronny salon z wyjściem na duży balkon, dwie ustawne sypialnie, oddzielna kuchnia, łazienka, korytarz, do mieszkania przynależy piwnica. Mieszkanie jest dwustronne, bardzo jasne – naturalne światło wpada z dwóch stron, co daje poczucie przestrzeni i komfortu. Standard i wykończenie Mieszkanie przeszło remont i odświeżenie, dzięki czemu jest gotowe do natychmiastowego zamieszkania: piękna, zadbana podłoga nadająca wnętrzu ciepła, odświeżone ściany, funkcjonalny, rozkładowy układ pomieszczeń, balkon idealny na odpoczynek Dodatkowe udogodnienia parking za szlabanem – tylko dla mieszkańców, ok. 50 miejsc, spokojne, zielone otoczenie, pełna infrastruktura w zasięgu ręki, świetna propozycja dla rodziny, studentów lub pod wynajem. Koszty i stan prawny Czynsz: ok. 700 zł Stan prawny: odrębna własność z księgą wieczystą Brak zadłużeń i hipoteki Gotowe do wprowadzenia Mieszkanie jest dostępne od zaraz, bez konieczności ponoszenia dodatkowych nakładów. Zapraszam na prezentację",tak,tak,osobna,plastikowe,spółdzielcze własnościowe,,53.139272,23.163369
Białystok Piaski,ul. Legionowa,2,51,520000,10196,bez pośredników,,9,https://adresowo.pl/o/mieszkanie-bialystok-piaski-ul-legionowa-2-pokojowe-r5k3u1,https://s2.adresowa.pl/oi/4a/4d/3dc71e_9e36_cover@2x-2-pokojowe-mieszkanie-bialystok-piaski-ul-legionowa.webp,Białystok Piaski,Legionowa,11,1986,blok,,"Oferuję mieszkanie o powierzchni 51 m², umeblowane i gotowe do zamieszkania. Dwa pokoje kuchnia z jadalnią (możliwość dostawienia ścianki i zrobienia 3 pokoju z jadalni - pierwotnie tak było), garderoba oddzielna około 3 m2, łazienka i toaleta osobna, bokówka na półpiętrze i piwnica. Mieszkanie znajduje się na 11 piętrze w bloku. Wnętrza są jasne i utrzymane w stylu współczesnym. Kuchnia wyposażona jest w wysokiej jakości sprzęt, w tym lodówkę, piekarnik i zmywarkę. Łazienka z kabiną prysznicową. Salon i pokój dziecięcy mają jasne ściany i drewnianą podłogę. Z okien rozciąga się widok na miejską panoramę. Lokal jest dobrze utrzymany i funkcjonalny. Położenie nieruchomości zapewnia dostęp do licznych atrakcji kulturalnych, takich jak teatry, kina, muzea oraz parków i terenów zielonych. W okolicy znajdują się szkoły, przedszkola, sklepy, restauracje i punkty usługowe. Komunikacja miejska jest dobrze rozwinięta, blisko znajdują się przystanki autobusowe i stacje kolejowe. To miejsce dla osób ceniących wygodę i bliskość centrum miasta. Zapraszam do obejrzenia i podjęcia decyzji o zakupie.",tak,,osobna,plastikowe,spółdzielcze własnościowe,"Wyposażenie: lodówkę, piekarnik, zmywarkę",53.129795,23.157756
Białystok Centrum,ul. Henryka Sienkiewicza,4,98,1000000,10204,bez pośredników,,8,https://adresowo.pl/o/mieszkanie-bialystok-centrum-ul-henryka-sienkiewicza-4-pokojowe-j3v3u5,https://s2.adresowa.pl/oi/7d/48/3dc596_9daa_cover@2x-4-pokojowe-mieszkanie-bialystok-centrum-ul-henryka-sienkiewicza.webp,Białystok Centrum,Henryka Sienkiewicza,1,,kamienica,,"Klimatyzowany Apartament w Ścisłym Centrum Białegostoku. Lokal wykończony materiałami z najwyższej jakości, w odrestaurowanej kamienicy z windą i garażem podziemnym. Klimatyzacja. Lokalizacja w centrum. Apartament: - 98,5 mkw. - obszerny salon z aneksem kuchennym - 2 pokoje/sypialnie, w tym jedna sypialnia z garderobą - łazienka z wanną i kabiną prysznicową - osobna toaleta - osobna garderoba - 1 piętro w Apartamentowcu z materiałów najwyższej jakości. Lokalizacja: - Centrum, ul. Sienkiewicza. - W pobliżu wszystkie udogodnienia: liczne restauracje, Centrum Handlowe, uczelnie wyższe i szkoły, deptak miejski. Stan nieruchomości: - Luksusowy, wykończony materiałami bardzo wysokiej jakości. - Nowocześnie zaprojektowane i urządzone. Ogłoszenie właściciela. Pośrednikom dziękuję. Dodatkowo do Apartamentu przynależą 2 stanowiska na platformach garażowych, znajdujące się w podziemiach obiektu.",,tak,aneks,,,Wyposażenie: klimatyzacja,53.136921,23.167008
Białystok,ul. Jurowiecka,2,24,379900,15829,bez pośredników,,4,https://adresowo.pl/o/mieszkanie-bialystok-ul-jurowiecka-2-pokojowe-f7k3p1,https://s2.adresowa.pl/oi/1e/47/3db9f0_c5e9_cover@2x-2-pokojowe-mieszkanie-bialystok-ul-jurowiecka.webp,Białystok ,Jurowiecka,2,1950,kamienica,,"Sprzedaję BEZPOŚREDNIO. Mieszkanie przy ulicy Jurowieckiej 34 składa się z przedpokoju, osobnej sypialni, przestronnego salonu z aneksem kuchennym, łazienki z prysznicem i dwóch balkonów. W mieszkaniu przeprowadzono generalny remont, w ramach którego została wymieniona cała instalacja elektryczna, wodno-kanalizacyjna oraz stolarka okienna. Atuty: - Mieszkanie umeblowane z pełnym AGD (lodówka w zabudowie, indukcja, piekarnik, zmywarka w zabudowie, pralka). - Nowe drzwi wejściowe. - Piwnica. - Parking darmowy dla mieszkańców. - Blok po termomodernizacji. - Okna plastikowe. - Wysoka jakość wykończenia. - Nieruchomość jest wolna od wad prawnych czy zadłużeń. - Pod adresem nieruchomości nikt nie jest zameldowany. Mieszkanie dostępne od 01.05.2026. Zapraszam do kontaktu.",tak,,aneks,,własność,"Wyposażenie: lodówka, piekarnik, pralka, zmywarka",53.138521,23.161088
Białystok Centrum,pl. Rynek Kościuszki,2,45,559000,12422,bez pośredników,,8,https://adresowo.pl/o/mieszkanie-bialystok-centrum-pl-rynek-kosciuszki-2-pokojowe-v9l2r4,https://s2.adresowa.pl/oi/18/24/3db72e_2d6d_cover@2x-2-pokojowe-mieszkanie-bialystok-centrum-pl-rynek-kosciuszki.webp,Białystok Centrum,pl. Rynek Kościuszki,parter,1965,blok,,"Na sprzedaż atrakcyjny lokal 45,54 m² – idealny pod inwestycję lub działalność! Oferuję funkcjonalny lokal o łącznej powierzchni 45,54 m² (35,60 m² części mieszkalnej + 9,94 m² dodatkowego pomieszczenia zaadaptowanego), położony na parterze – co daje ogromne możliwości aranżacyjne i biznesowe. Najważniejsze atuty: Parter z potencjałem na osobne wejście od Alei Bluesa – świetna opcja pod działalność handlową lub usługową. Możliwość adaptacji pod biuro, usługi lub komfortowe mieszkanie. Lokal po generalnym remoncie – gotowy do użytkowania bez dodatkowych nakładów. Nowoczesne okna trzyszybowe zapewniające doskonałą izolację akustyczną. Solidna izolacja termiczna budynku (ściany o grubości ok. 50–60 cm) Budynek składa się z parteru oraz dwóch pięter, a dodatkowym atutem jest piwnica z dostępem do schronu dla mieszkańców. Lokalizacja, która sprzedaje: Nieruchomość znajduje się w świetnie skomunikowanej części miasta. W najbliższej okolicy znajdziesz liczne punkty gastronomiczne i handlowe, a także szkoły, przedszkola oraz uczelnie wyższe. Bliskość terenów zielonych i parków sprzyja codziennemu wypoczynkowi. Doskonała komunikacja miejska zapewnia szybki dojazd w każdą część miasta. Zainwestuj w miejsce z potencjałem! Kontakt wyłącznie telefoniczny Zapraszam do kontaktu i umówienia się na prezentację – ten lokal warto zobaczyć na żywo! For Sale: Attractive 45.54 m² Unit – Perfect for Investment or Business Use! I am offering a functional property with a total area of 45.54 m² (35.60 m² of living space + 9.94 m² of an additional adapted room), located on the ground floor – providing excellent flexibility for various uses. Key advantages: - Ground-floor unit with the potential to create a separate entrance from Aleja Bluesa – ideal for retail or service-oriented business - Suitable for office use, services, or comfortable residential living - Fully renovated – ready for immediate use with no additional investment required - Modern triple-glazed windows ensuring excellent insulation - Solid building construction (walls approx. 50–60 cm thick) The building consists of a ground floor and two upper floors. An additional benefit is the basement with access to a shelter for residents. Location that sells: The property is situated in a well-connected area with easy access to numerous restaurants, shops, schools, kindergartens, and universities. Nearby parks and green areas provide great opportunities for relaxation. Public transport offers convenient access to all parts of the city. Invest in a property with real potential! Phone contact only Feel free to call to arrange a viewing – this property is worth seeing in person!",tak,,osobna,plastikowe,własność,,53.13141,23.158094
Białystok Dojlidy,ul. Żubrów,3,45,549000,12200,bez pośredników,,2,https://adresowo.pl/o/mieszkanie-bialystok-dojlidy-ul-zubrow-3-pokojowe-h1m2v2,https://s2.adresowa.pl/oi/55/73/3daf1c_ff6a_cover@2x-3-pokojowe-mieszkanie-bialystok-dojlidy-ul-zubrow.webp,Białystok Dojlidy,Żubrów,2,2000,blok,,"Na sprzedaż: 3-pokojowe mieszkanie – Białystok, Dojlidy, 2. piętro Na sprzedaż funkcjonalne i dobrze rozplanowane mieszkanie o powierzchni 45,49 m², położone na 2. piętrze w spokojnej części osiedla Dojlidy w Białymstoku. 🏡 Układ pomieszczeń: Salon z aneksem kuchennym – 15,96 m² Pokój – 12,01 m² Pokój – 6,74 m² Korytarz – 6,74 m² Łazienka – 4,04 m² Mieszkanie ma bardzo praktyczny rozkład – wyraźnie wydzielona strefa dzienna i prywatna, co sprawia, że świetnie nadaje się zarówno dla pary, rodziny, jak i pod inwestycję (np. wynajem). ✨ Atuty nieruchomości: piętro – wygodne i poszukiwane jasne pomieszczenia i ustawne pokoje salon z aneksem – możliwość własnej aranżacji spokojna, zielona okolica funkcjonalny układ bez straty powierzchni 📍 Lokalizacja: Osiedle Dojlidy to cicha i dobrze skomunikowana część Białegostoku. W pobliżu znajdują się: sklepy i punkty usługowe szkoły i przedszkola tereny zielone i rekreacyjne dogodny dojazd do centrum 💰 Idealna propozycja dla osób szukających kompaktowego mieszkania w dobrej lokalizacji lub inwestorów. 📞 Zainteresowanych zapraszam do kontaktu i umówienia się na prezentację!",,tak,aneks,plastikowe,własność,,53.115748,23.193794
Białystok Centrum,ul. Adama Mickiewicza,3,61,769000,12607,bez pośredników,,8,https://adresowo.pl/o/mieszkanie-bialystok-centrum-ul-adama-mickiewicza-3-pokojowe-q5v3n3,https://s2.adresowa.pl/oi/41/35/3dae7a_e217_cover@2x-3-pokojowe-mieszkanie-bialystok-centrum-ul-adama-mickiewicza.webp,Białystok Centrum,Adama Mickiewicza,3,2020,blok,,"Na sprzedaż: komfortowe mieszkanie po generalnym remoncie - centrum miasta. Oferuję na sprzedaż wyjątkowe, przestronne i jasne mieszkanie o wysokim standardzie, zlokalizowane w ścisłym centrum, a jednocześnie przy cichej, jednokierunkowej ulicy. Lokalizacja: Mieszkanie znajduje się w doskonałym punkcie - w pobliżu parku Planty, Zwierzyńca, Galerii Białej oraz Galerii Alfa. W najbliższym otoczeniu znajdują się sklepy, uczelnie, szkoła podstawowa, przedszkole, liceum, żłobek, poczta, apteka oraz przystanki komunikacji miejskiej. To idealne miejsce zarówno do życia, jak i jako inwestycja. Budynek i otoczenie: Nieruchomość położona jest na zamkniętym, zadbanym i zielonym osiedlu z podwójnym domofonem. Do dyspozycji mieszkańców jest parking oraz miejsce do przechowywania rowerów. Standard wykończenia: Mieszkanie po generalnym remoncie - wymienione okna, zamontowane rolety dzień-noc oraz moskitiery. W całym mieszkaniu drzwi wewnętrzne firmy Porta oraz antywłamaniowe drzwi wejściowe. Wysoki standard wykończenia, liczne zabudowy stolarskie na wymiar. Rozkład pomieszczeń: Salon z aneksem kuchennym - przestronny, z wyjściem na balkon, wyposażony w sofę, dwa fotele, pufę, stolik kawowy, szafkę RTV oraz telewizor. Kuchnia z zabudową na zamówienie (LED), wyposażona w sprzęt AGD: lodówkę, zmywarkę, płytę gazową oraz mikrofalówkę. Dodatkowo stół jadalniany. Sypialnia 1 - łóżko sypialniane, dwie szafki nocne oraz duża szafa wykonana na zamówienie. Sypialnia 2 - komoda z półkami (możliwość aranżacji np. jako pokój dziecięcy lub gabinet). Łazienka - prysznic, umywalka z szafką i lustrem, zabudowa stolarska, pralka. WC - toaleta, umywalka z dużym lustrem optycznie powiększającym przestrzeń oraz szafka na zamówienie. Korytarz - duża szafa do przechowywania oraz podwieszana szafka, funkcjonalnie zaprojektowana przestrzeń. Dodatkowe informacje: Do mieszkania przynależy balkon oraz piwnica. Ekspozycja: salon i kuchnia - południowo-wschodnia sypialnie - północno-zachodnia Mieszkanie jest bardzo jasne, ustawne i gotowe do zamieszkania bez dodatkowych nakładów finansowych. Kontakt: Zapraszam do kontaktu bez pośredników",tak,,aneks,,,"Wyposażenie: lodówkę, pralka, telewizor, tv, zmywarkę",53.108488,23.182694
Białystok,Nowe Miasto,2,45,525000,11667,bez pośredników,,8,https://adresowo.pl/o/mieszkanie-bialystok-nowe-miasto-2-pokojowe-45-m2-z4p5o0,https://s2.adresowa.pl/oi/3d/43/3dae2c_2862_cover@2x-2-pokojowe-mieszkanie-bialystok-nowe-miasto.webp,Białystok Nowe Miasto,,4,2022,blok,,"Cisza, Styl i Komfort - Nowoczesne 45 m2 na Nowym Mieście Szukasz miejsca, w którym po pracy naprawdę odetniesz się od zgiełku? To wyjątkowe, dwupokojowe mieszkanie na 4. piętrze w kameralnym bloku z cegły będzie idealne dla singla, pary lub jako pewna inwestycja pod wynajem. Najważniejsze atuty: Cisza i spokój - doskonałe wygłuszenie budynku (solidna cegła) i spokojna, zielona okolica. Nowoczesny standard - kuchnia wykonana na wymiar, elegancka łazienka i nastrojowe oświetlenie LED. Klimatyczne wnętrze - jasne pomieszczenia dzięki oknom dachowym i stylowym skosom. Pojemna garderoba - oddzielne pomieszczenie, dzięki któremu utrzymasz idealny porządek. Balkon - Twoje miejsce na poranną kawę i chwilę oddechu. Rozkład pomieszczeń: Salon: Przestronny i ustawny, z bezpośrednim wyjściem na balkon. Sypialnia: Przytulna, z dekoracyjną fototapetą tworzącą wyjątkowy klimat. Kuchnia: Nowoczesna zabudowa wraz z pełnym wyposażeniem AGD. Łazienka: Wyposażona w prysznic, pralkę oraz dużo miejsca do przechowywania. Garderoba: Duża i funkcjonalnie zaprojektowana. Piwnica oraz wewnętrzny parking z bramami na pilot. Fotowoltaika, niski czynsz. Lokalizacja i budynek: Mieszkanie mieści się w solidnym bloku z cegły na Nowym Mieście. To lokalizacja, która łączy zalety miasta z bliskością natury. Dobra izolacja termiczna (ciepło zimą, chłodno latem). Pełna infrastruktura: sklepy, usługi, tereny spacerowe. Dodatkowe informacje: Powierzchnia: 45 m2 (liczone po podłodze). Piętro: 4 (ostatnie - brak sąsiadów nad głową). Stan: Gotowe do wprowadzenia się od zaraz. To nie jest zwykłe ogłoszenie - sprzedaję idealne miejsce do życia! Zapraszam na prezentację. Zadzwoń i umów się na oglądanie.",tak,,,,,Wyposażenie: pralkę,53.111,23.131001
Białystok Leśna Dolina,ul. Armii Krajowej,3,61,449000,7361,bez pośredników,,6,https://adresowo.pl/o/mieszkanie-bialystok-lesna-dolina-ul-armii-krajowej-3-pokojowe-b4v7g8,https://s2.adresowa.pl/oi/60/50/3d7e78_564b_cover@2x-3-pokojowe-mieszkanie-bialystok-lesna-dolina-ul-armii-krajowej.webp,Białystok Leśna Dolina,Armii Krajowej,3,1991,blok,,"Przytulne 3-pokojowe mieszkanie, ul. Armii Krajowej, Leśna Dolina. Ulokowane na 3 kondygnacji (II piętro). Mieszkanie składa się z: - kuchni; - 2 sypialni; - dużego salonu; - łazienki z WC i prysznicem; - pomieszczenia gospodarczego (schowka); - przedpokoju. Mieszkanie posiada balkon wychodzący na południe (m.in. widok na plac zabaw i drzewa). Do mieszkania przynależy piwnica - 2,40 m2 (wejście z parteru). Większość pomieszczeń przeszła remont kilka lat temu. Łazienka gruntowny. Mieszkanie do wprowadzenia, dostępne od lipca. Miejsca parkingowe przed blokiem. Za blokiem dwa place zabaw. Dojazd do centrum 10-15 min. W pobliżu szkoła (600 m), przedszkola, supermarkety, basen, siłownie, galeria Zielone Wzgórza.",tak,,osobna,,własność,,53.130822,23.092994
Białystok Leśna Dolina,ul. Szarych Szeregów,4,74,799000,10797,bez pośredników,,18,https://adresowo.pl/o/mieszkanie-bialystok-lesna-dolina-ul-szarych-szeregow-4-pokojowe-q3t2r6,https://s2.adresowa.pl/oi/58/4e/3d6648_9ae1_cover@2x-4-pokojowe-mieszkanie-bialystok-lesna-dolina-ul-szarych-szeregow.webp,Białystok Leśna Dolina,Szarych Szeregów,parter,1995,blok,,"Na sprzedaż przestronne, gotowe do wprowadzenia mieszkanie o powierzchni 74 m2, zlokalizowane przy ul. Szarych Szeregów 24 (os. Leśna Dolina). Idealne dla rodziny szukającej komfortu i pełnej infrastruktury ""w zasięgu ręki"". Najważniejsze atuty nieruchomości: - Taras: Unikalna powierzchnia 15 m2 - idealne miejsce na odpoczynek. - Standard: premium (7 lat temu generalny remont), wykończone materiałami wysokiej jakości. - Budynek: Wysoki parter w zadbanym bloku (docieplony 15 cm styropianem + nowy tynk w 2024 r.). - Status prawny: Pełna własność z Księgą Wieczystą (udział 1/44 w gruncie). Wspólnota mieszkaniowa. Garaż (opcjonalnie): Bezpośrednio pod mieszkaniem znajduje się garaż (18 m2) z wejściem prosto z klatki schodowej. - Brama na pilota, wjazd z dwóch stron bloku. - Cena: do uzgodnienia Lokalizacja i okolica: W promieniu zaledwie 100 metrów znajduje się wszystko, co potrzebne do wygodnego życia: - Zakupy: Biedronka, Aldi, Społem, Dealz. - Edukacja i zdrowie: Szkoła, przedszkole, żłobek, przychodnia, weterynarz. - Duchowość: Kościół i cerkiew. - Komunikacja: Świetne połączenie z miastem (linie: 2, 4, 8, 20, 24). Mieszkanie wolne od zaraz! Zapraszam do kontaktu i obejrzenia na żywo (zdjęcia przedstawiają stan faktyczny).",,tak,,drewniane,własność,,53.129789,23.08863
Białystok Antoniuk,ul. Władysława Broniewskiego,3,53,380000,7170,bez pośredników,,5,https://adresowo.pl/o/mieszkanie-bialystok-antoniuk-ul-wladyslawa-broniewskiego-3-pokojowe-m1i2z7,https://s2.adresowa.pl/oi/21/6c/3d65d0_cfa5_cover@2x-3-pokojowe-mieszkanie-bialystok-antoniuk-ul-wladyslawa-broniewskiego.webp,Białystok Antoniuk,Władysława Broniewskiego,3,,blok,,"Dzień dobry, Do sprzedania oferujemy trzypokojowe mieszkanie w czteropiętrowym bloku na ulicy Broniewskiego. Mieszkanie ma doskonałą lokalizację, blisko centrum, przedszkola, żłobek, szkoła, przystanki autobusowe i sklepy. Zainteresowanych zapraszam do kontaktu telefonicznego.",,,,,,,53.139833,23.130284
Białystok Białostoczek,ul. Białostoczek,3,66,449000,6803,bez pośredników,,25,https://adresowo.pl/o/mieszkanie-bialystok-bialostoczek-ul-bialostoczek-3-pokojowe-t2y7l4,https://s2.adresowa.pl/oi/13/25/3d3896_ceef_cover@2x-3-pokojowe-mieszkanie-bialystok-bialostoczek-ul-bialostoczek.webp,Białystok Białostoczek,Białostoczek,11,1982,blok,,"Sprzedam zadbane 3 pokojowe mieszkanie 66m2 ,na osiedlu Białostoczek ul. Białostoczek 17. Mieszkanie jest dobrze doświetlone . Z okien możemy podziwiać piękną panoramę miasta. Kuchnia robiona na wymiar jest duża i dobrze zagospodarowana. Wyróżnia się liczbą szafek i blatów. W łazience udało się zmieścić sporą wygodną wannę. W korytarzu znajduje się głęboki i wysoki schowek . Bezpośrednio z korytarza jest wejście do mniejszego pokoju, który może służyć jako druga sypialnia lub pokój dzienny . Duży widny salon sąsiaduje z sypialnią wyposażoną w sporą garderobę( robioną na wymiar ) z bardzo funkcjonalnym wnętrzem, gdzie każda przestrzeń została wykorzystana co do centymetra. Jest bardzo pojemna, i nie ma konieczności wstawiania szaf w pokojach co daje dodatkową przestrzeń. Garderoba została ukryta za lustrzanymi drzwiami przesuwnymi obok łóżka. Jest też możliwość zdemontowania garderoby , wtedy pokój powiększy się o dodatkową dużą przestrzeń . Mieszkanie jest w bliskiej odległości od ścisłego centrum ( 10 min spacerem) . W pobliżu znajdują się sklepy , przychodnia, przedszkole, szkoła. Niedawno została przeprowadzona rewitalizacja zieleni wokół bloku podczas której wygospodarowano dodatkowe miejsce na spory parking, co jest dużym atutem . Położenie bloku w drugiej zabudowie od ulicy pozwala zakwalifikować to mieszkanie jako ciche . Czynsz jest niski jak na ten metraż bo 767,12zł ( woda, gaz i ogrzewanie jest zawarte w czynszu) Stan mieszkania dobry, do wejścia lub do lekkiego odświeżenia. Remont był przeprowadzony kilka lat temu i zostały wymienione instalacje . Obecnie przeprowadzany jest remont klatki schodowej. Na tym samym piętrze, za drzwiami wejściowymi do mieszkania znajduje się suszarnia z której można korzystać, osobiście polecam, nie będzie konieczności rozkładania suszarki w mieszkaniu. Również blisko bo na półpiętrze jest bokówka przynależna tylko do tego mieszkania. Serdecznie zapraszam do kontaktu:) Z przyjemnością odpowiem na wszelkie pytania . [numer] Ps. Jeżeli rozważają państwo zakup tej nieruchomości pod np. wynajem to jest możliwość zwiększenia inwestycji przez podzielenie mieszkania na dwie lub 3 kawalerki z oddzielnym wejściem z klatki każda. 11 piętro w 11-piętrowym bloku z windą, bez balkonu Białystok, Białostoczek ul. Białostoczek 17 Mieszkanie w dobrym stanie Spółdzielcze własnościowe z księgą wieczystą Wyposażenie kuchenka, lodówka, piekarnik, pralka, zmywarka, meble, Świadectwo Energetyczne EU: 115.21, EK: 168.34, EP: 164.01, Jednostkowa wielkość emisji: 0.057 Oferta bezpośrednio od właściciela",tak,,osobna,plastikowe,spółdzielcze własnościowe,"Wyposażenie: kuchenka, lodówka, piekarnik, pralka, zmywarka",53.144197,23.151679
Białystok Piasta,ul. Mieszka I,2,32,310000,9688,bez pośredników,,1,https://adresowo.pl/o/mieszkanie-bialystok-piasta-ul-mieszka-i-2-pokojowe-t3b3m1,https://s2.adresowa.pl/oi/66/3e/3d31a2_d6dd_cover@2x-2-pokojowe-mieszkanie-bialystok-piasta-ul-mieszka-i.webp,Białystok Piasta,Mieszka I,2,1980,blok,,"Sprzedam mieszkanie 2-pokojowe – os. Piasta, ul. Mieszka I – idealne pod wynajem! Mieszkanie w trakcie remontu – część prac została już wykonana, co daje możliwość wykończenia wnętrza według własnego gustu lub kontynuacji pod inwestycję. wymieniona elektryka, sufity podwieszane, Układ pomieszczeń: - 2 pokoje – w tym przestronny salon połączony z jasną kuchnią, - łazienka z ubikacją - przedpokój z miejscem na dużą szafę. Atuty nieruchomości: Doskonała lokalizacja – w pobliżu szkoła, kościół, rynek, sklepy, galeria handlowa, siłownia, apteki, lokale gastronomiczne oraz punkty medyczne. Idealne pod wynajem – układ mieszkania i lokalizacja zapewniają szybki zwrot z inwestycji. Ciepłe, słoneczne wnętrze, niskie koszty utrzymania. Piętro: 2/10 Mieszkanie dostępne od zaraz, pełna własność.",tak,,aneks,,spółdzielcze własnościowe,,53.13436,23.190432
Białystok Wygoda,ul. Walentego Lewandowskiego,3,62,820000,13226,bez pośredników,,16,https://adresowo.pl/o/mieszkanie-bialystok-wygoda-ul-walentego-lewandowskiego-3-pokojowe-j5s6p5,https://s2.adresowa.pl/oi/27/7e/3d25bc_ae6d_cover@2x-3-pokojowe-mieszkanie-bialystok-wygoda-ul-walentego-lewandowskiego.webp,Białystok Wygoda,Walentego Lewandowskiego,3,2023,apartamentowiec,,"Szukasz mieszkania do którego możesz natychmiast się wprowadzić i nie tracić czasu i energii na remonty... Nowe Mieszkanie, gotowe do zamieszkania Białystok ul. Lewandowskiego 5 Mieszkanie+komórka lokatorska (obok mieszkania) Na powierzchnię 62,04m2 składają się: - salon z aneksem kuchennym i wyjściem na duży balkon - dwie sypialnie - łazienka - korytarz W cenie zabudowa kuchenna i sprzęt AGD Osiedle Wygoda to idealna propozycja dla osób, którym zależy na ciszy i spokoju w bliskim sąsiedztwie centrum miasta. Bliskość tej lokalizacji daje mieszkańcom łatwy dostęp do rozbudowanej sieci komunikacji miejskiej, dzięki czemu możliwy jest szybki dojazd autobusem praktycznie do wszystkich zakątków Białegostoku. Zalety: - wysoka jakość wykończenia bloku - spokojna okolica - punkty usługowe,sklepy w pobliżu budynku - idealne skomunikowanie z miastem - dobra cena Zadzwoń aby umówić się na prezentację mieszkania 820 tyś. Tel",tak,,aneks,plastikowe,własność,,53.146966,23.17567
Białystok Antoniuk,ul. Ukośna,3,54,735000,13611,bez pośredników,,22,https://adresowo.pl/o/mieszkanie-bialystok-antoniuk-ul-ukosna-3-pokojowe-a8x0z8,https://s2.adresowa.pl/oi/36/68/3d25a2_9067_cover@2x-3-pokojowe-mieszkanie-bialystok-antoniuk-ul-ukosna.webp,Białystok Antoniuk,Ukośna,parter,2023,apartamentowiec,,"Szukasz mieszkania do którego możesz natychmiast się wprowadzić i nie tracić czasu i energii na remonty... Mieszkanie można obejrzeć praktycznie każdego dnia (wskazany kontakt telefoniczny dzień wcześniej) Białystok ,Antoniuk ul.Ukośna 42 możliwość kupna z miejscem postojowym w garażu podziemnym +60tyś.(szczytowe możliwość zagospodarowania dwóch ścian,szafy itp -komórka lokatorska Na powierzchnię 54,31m2 składają się: - salon z aneksem kuchennym i wyjściem na duży balkon,taras, - dwie sypialnie - łazienka - korytarz W cenie zabudowa kuchenna i sprzęt AGD Osiedle Antoniuk to idealna propozycja dla osób, którym zależy na ciszy i spokoju w bliskim sąsiedztwie centrum miasta. Bliskość tej lokalizacji daje mieszkańcom łatwy dostęp do rozbudowanej sieci komunikacji miejskiej, dzięki czemu możliwy jest szybki dojazd autobusem praktycznie do wszystkich zakątków Białegostoku. Zalety: - wysoka jakość wykończenia bloku - spokojna okolica - punkty usługowe,sklepy w pobliżu budynku - idealne skomunikowanie z miastem - dobra cena Więcej informacji: Zadzwoń aby umówić się na prezentację mieszkania 735tyś Tel",tak,tak,aneks,plastikowe,własność,,53.143656,23.140135
Białystok,Wygoda,3,48,670000,13958,bez pośredników,,8,https://adresowo.pl/o/mieszkanie-bialystok-wygoda-3-pokojowe-48-m2-k3t6a7,https://s2.adresowa.pl/oi/51/11/3d0b90_44bc_cover@2x-3-pokojowe-mieszkanie-bialystok-wygoda.webp,Białystok Wygoda,,parter,2017,blok,,"Mieszkanie z dużym ogrodem, sprzedaż bezpośrednia. Osiedle Wygoda. Kameralne osiedle. Parter, 48,83 m². Salon z aneksem i dwie sypialnie. Zagospodarowany ogród 120 m². Wszystkie okna z moskitierami i roletami antywłamaniowymi (sterowane z pilota lub przyciskiem). Wysoka jakość materiałów wykończenia. Biokominek. Niski czynsz. Duża piwnica 4 m². W bliskiej odległości szkoła, przedszkole - 200 m, przystanek MPK - 300 m. Cena - 670 000 zł, plus 50 000 zł miejsce garażowe przynależne do mieszkania. Biuro nieruchomościom dziękujemy, proszę nie dzwonić. Tel.",tak,tak,aneks,,,,53.143002,23.21172
Białystok Nowe Miasto,ul. Kazimierza Pułaskiego,3,57,539000,9456,bez pośredników,,8,https://adresowo.pl/o/mieszkanie-bialystok-nowe-miasto-ul-kazimierza-pulaskiego-3-pokojowe-j7q8z2,https://s2.adresowa.pl/oi/59/37/3d05a4_3082_cover@2x-3-pokojowe-mieszkanie-bialystok-nowe-miasto-ul-kazimierza-pulaskiego.webp,Białystok Nowe Miasto,Kazimierza Pułaskiego,7,1990,blok,,"Witam sprzedam 3 pokojowe mieszkanie z oddzielna kuchnia. 7 piętro w bloku z winda. Do mieszkania należy piwnica Oraz balkon. Dużo miejsc parkingowych, parking z brama na pilot. W pobliżu bloku szkoła podstawowa nr 50, kościół, sklepy, lekarze, dentyści oraz apteki. Do przystanku autobusowego 5 minut. Dobre połączenie z miastem. Sprzedaż prywatna bez pośredników. Więcej informacji udzielę telefonicznie. Cena do negocjacji",tak,,osobna,plastikowe,własność,,53.109628,23.130887
Białystok Os. Młodych,ul. Hetmańska,3,52,495000,9519,bez pośredników,,7,https://adresowo.pl/o/mieszkanie-bialystok-os-mlodych-ul-hetmanska-3-pokojowe-m0a8q6,https://s2.adresowa.pl/oi/65/17/3cff44_6b66_cover@2x-3-pokojowe-mieszkanie-bialystok-os-mlodych-ul-hetmanska.webp,Białystok Os. Młodych,Hetmańska,3,2025,blok,,"Mieszkanie w stanie deweloperskim, częściowo wykończone. Ściany pokryte gładzią szpachlową i pomalowane w kolorze białym. Jedynie łazienka pozostaje do wykończenia. Balkon wykończony gresem. Mieszkanie 3-pokojowe, jeden pokój otwarty na kuchnię. Mieszkanie dwustronne. Pokoje: 12,53 m2; 10,00 m2; 18,38 m2. Przedpokój: 6,31 m2. Łazienka: 4,96 m2. W cenie mieszkania - miejsce postojowe obok bloku. Kupujący nie opłaca podatku PCC",,,aneks,plastikowe,własność,,53.127353,23.118256
Białystok Piasta,ul. Bolesława Chrobrego,3,58,570000,9828,bez pośredników,,7,https://adresowo.pl/o/mieszkanie-bialystok-piasta-ul-boleslawa-chrobrego-3-pokojowe-x1u7x9,https://s2.adresowa.pl/oi/2e/53/3cda80_5ee7_cover@2x-3-pokojowe-mieszkanie-bialystok-piasta-ul-boleslawa-chrobrego.webp,Białystok Piasta,Bolesława Chrobrego,2,2007,blok,,"Na sprzedaż komfortowe, w pełni wyremontowane mieszkanie o powierzchni 58 m², położone na 2. piętrze w doskonałej lokalizacji - centrum Białegostoku, przy ul. Chrobrego. Mieszkanie jest funkcjonalne i przestronne - składa się z jasnej kuchni, jadalni połączonej z salonem, dwóch dodatkowych pokoi oraz łazienki. Wnętrza zostały urządzone w nowoczesnym stylu, z dbałością o detale i wygodę codziennego użytkowania. Nieruchomość przeszła generalny remont - wykonano nowe posadzki, wymieniono okna oraz odświeżono wszystkie pomieszczenia. Lokal nie wymaga żadnych nakładów finansowych - gotowy do zamieszkania od zaraz. Dużym atutem jest świetna lokalizacja - w pobliżu znajdują się sklepy (Biedronka, Top Market, Arhelan), szkoły, przedszkola, przystanki komunikacji miejskiej (MPK), a także park i plac zabaw. To idealne miejsce dla rodzin z dziećmi, jak i osób ceniących wygodę życia w centrum miasta. Mieszkanie sprzedawane bez pośredników. Zapraszam do kontaktu i obejrzenia nieruchomości!",,,,,,,53.130674,23.185028
Białystok Wygoda,ul. Józefa Ignacego Kraszewskiego,3,100,1355940,13559,bez pośredników,,4,https://adresowo.pl/o/mieszkanie-bialystok-wygoda-ul-jozefa-ignacego-kraszewskiego-3-pokojowe-u5v9q2,https://s2.adresowa.pl/oi/50/4c/3cac36_715e_cover@2x-3-pokojowe-mieszkanie-bialystok-wygoda-ul-jozefa-ignacego-kraszewskiego.webp,Białystok Wygoda,Józefa Ignacego Kraszewskiego,4,2007,blok,,"Apartament 100,44 m² z kominkiem | ostatnie piętro | ul. Kraszewskiego | 2 garaże Na sprzedaż przestronny apartament o powierzchni 100,44 m², położony na 4. (ostatnim) piętrze budynku z windą z 2007 roku przy ul. Kraszewskiego w Białymstoku. Mieszkanie wyróżnia się funkcjonalnym układem oraz bardzo dobrze zaprojektowaną strefą dzienną. Centralnym punktem jest salon z kominkiem na drewno, który tworzy przytulną atmosferę i płynnie łączy się z jadalnią oraz kuchnią z wyspą. Dzięki ekspozycji na trzy strony świata wnętrze jest jasne i dobrze doświetlone przez cały dzień. Z salonu prowadzi wyjście na narożny balkon. Układ mieszkania: • salon z kominkiem, jadalnią i aneksem kuchennym • sypialnia z prywatną łazienką (wanna, prysznic) • dodatkowy pokój – idealny jako gabinet lub pokój dziecięcy • druga łazienka z prysznicem i pralką • przedpokój Dodatkowe atuty: • klimatyzacja w każdym pomieszczeniu • system audio • rolety • system alarmowy podłączony do agencji ochrony • wysokiej jakości materiały wykończeniowe: drewno, kamień, trawertyn Istnieje możliwość zakupu dwóch miejsc w garażu podziemnym (po 100 000 zł każde). Garaże znajdują się naprzeciwko siebie i są połączone przejściem, dzięki czemu można wjechać z dwóch stron garażu, co znacząco ułatwia codzienne parkowanie. Czynsz administracyjny ok. 1500 zł. Cena: 13 500 zł / m² Zapraszam do kontaktu w celu uzyskania dodatkowych informacji oraz umówienia prezentacji mieszkania.",,tak,aneks,drewniane,własność,Wyposażenie: klimatyzacja,53.139028,23.180433
Białystok Piaski,ul. Legionowa,3,69,635000,9203,bez pośredników,,14,https://adresowo.pl/o/mieszkanie-bialystok-piaski-ul-legionowa-3-pokojowe-m1x5v2,https://s2.adresowa.pl/oi/4b/55/40c9c8_aaab_cover@2x-3-pokojowe-mieszkanie-bialystok-piaski-ul-legionowa.webp,Białystok Piaski,Legionowa,9,1986,blok,,"Przestronne 3-pokojowe mieszkanie 70 m² | Centrum Białegostoku – Piaski | po generalnym remoncie Do sprzedania bezpośrednio przestronne i komfortowe mieszkanie o powierzchni około 69 m², położone na zamkniętym osiedlu w centrum Białegostoku. To doskonała lokalizacja dla rodziny, pary, studentów lub osób pracujących w centrum miasta. W bezpośrednim sąsiedztwie znajdują się m.in. Uniwersytecki Dziecięcy Szpital Kliniczny, Uniwersytet Medyczny, Politechnika Białostocka oraz Szpital Wojewódzki. Do ul. Lipowej można dojść spacerem w około 5 minut. przestronny pokój dzienny – ok. 25 m² sypialnia nr 1 – ok. 10 m² sypialnia nr 2 – ok. 13 m² oddzielna kuchnia – ok. 8 m² przedpokój – ok. 8 m² łazienka – ok. 4,5 m² oddzielne WC – ok. 1,5 m² Dodatkowym atutem jest duży balkon, a także komórka lokatorska na półpiętrze oraz piwnica przynależna do mieszkania. Budynek został oddany do użytkowania w 1986 roku, natomiast mieszkanie przeszło gruntowny remont w maju 2024 roku. W ramach remontu wykonano m.in.: wymianę starych metalowych futryn na nowe futryny MDF wraz z nowymi drzwiami, nowe podłogi, odświeżenie ścian i sufitów, nowe, nowoczesne oświetlenie i karnisze w całym mieszkaniu, nową zabudowę kuchenną, montaż nowego sprzętu AGD, konserwację okien PCV. LOKALIZACJA Jednym z największych atutów mieszkania jest jego bardzo dobra lokalizacja w centrum Białegostoku, zapewniająca wygodny dostęp zarówno do infrastruktury miejskiej, jak i komunikacji. W najbliższej okolicy znajdują się: Uniwersytet Medyczny, Politechnika Białostocka, Uniwersytecki Dziecięcy Szpital Kliniczny, Szpital Wojewódzki, szkoła podstawowa i przedszkole, place zabaw, siłownie zewnętrzne, sklepy i apteki, kościoły, przystanki komunikacji miejskiej. Ul. Lipowa i ścisłe centrum miasta znajdują się zaledwie około 5 minut spacerem od mieszkania.",tak,,osobna,plastikowe,własność,,53.129798,23.15775
Białystok Piasta,ul. Towarowa,2,39,339000,8692,bez pośredników,,9,https://adresowo.pl/o/mieszkanie-bialystok-piasta-ul-towarowa-2-pokojowe-b4c2r2,https://s2.adresowa.pl/oi/45/1f/3c7f74_f110_cover@2x-2-pokojowe-mieszkanie-bialystok-piasta-ul-towarowa.webp,Białystok Piasta,Towarowa,parter,1979,blok,,"Do sprzedaży 2 pokojowe mieszkanie na parterze o powierzchni 39 m2 z balkonem. Układ pomieszczeń dwustronny. Lokalizacja: osiedle Piasta, ul. Towarowa, Białystok. Do remontu.",tak,,osobna,drewniane,,,53.138864,23.186245
Białystok Słoneczny Stok,ul. Wincentego Witosa,2,50,470000,9400,bez pośredników,,9,https://adresowo.pl/o/mieszkanie-bialystok-sloneczny-stok-ul-wincentego-witosa-2-pokojowe-y8d7a3,https://s2.adresowa.pl/oi/70/74/3c7094_3871_cover@2x-2-pokojowe-mieszkanie-bialystok-sloneczny-stok-ul-wincentego-witosa.webp,Białystok Słoneczny Stok,Wincentego Witosa,4,1986,blok,,"Na sprzedaż 2-pokojowe mieszkanie z balkonem - ul. Witosa 19A, Białystok Powierzchnia: 50,5 m² Liczba pokoi: 2 Piętro: 4 / 4 Forma własności: Pełna własność Czynsz: ok. 560 zł Lokalizacja: Na sprzedaż mieszkanie położone przy ul. Witosa 19A w Białymstoku, na cenionym osiedlu Słoneczny Stok. Spokojna, zielona okolica z bardzo dobrą infrastrukturą - idealna zarówno do zamieszkania, jak i pod inwestycję. Opis mieszkania: Mieszkanie po generalnym remoncie gotowe do zamieszkania od zaraz. Lokal jest dwustronny, dobrze doświetlony i funkcjonalnie zaprojektowany. Powierzchnia: 50,50 m2 mieszkanie + balkon + piwnica. W skład którego wchodzi: - salon z wyjściem na balkon, - sypialnia, - oddzielna kuchnia z miejscem na stół, - łazienka z WC, - przedpokój. Zabudowy stolarskie na wymiar: kuchnia, łazienka, przedpokój. Instalacje: nowe. Okna: PVC. Okolica i komunikacja: W bezpośrednim sąsiedztwie znajdują się: - ogólnodostępne miejsca parkingowe w pobliżu budynku, - sklepy, punkty usługowe, - szkoły i przedszkola, - basen, - przystanki komunikacji miejskiej, - tereny zielone i rekreacyjne. Dlaczego warto? - atrakcyjna lokalizacja, - mieszkanie po generalnym remoncie z wyposażeniem, - balkon i piwnica, - niskie koszty utrzymania, - idealne dla pary, singla lub jako inwestycja pod wynajem, - Nieruchomość jest wolna od wad prawnych i zadłużeń. Zapraszam do kontaktu i umówienia się na prezentację. Kontakt telefoniczny 7 dni w tygodniu w godzinach 8-20.",tak,,osobna,,własność,,53.132235,23.105356
Białystok Piaski,ul. Żelazna,4,72,830000,11528,bez pośredników,,16,https://adresowo.pl/o/mieszkanie-bialystok-piaski-ul-zelazna-4-pokojowe-h4f6g3,https://s2.adresowa.pl/oi/2c/40/3c661e_2f5f_cover@2x-4-pokojowe-mieszkanie-bialystok-piaski-ul-zelazna.webp,Białystok Piaski,Żelazna,parter,1990,blok,,"Mieszkanie jest położone przy ulicy Zelaznej 38 i składa się z 4 pokoi: 2 sypialni, gabinetu i jadalni połączonej z kuchnią, oraz holu i łazienki z WC. Powierzchnia użytkowa: 71,6 m² Powierzchnia piwnicy: 4,4 m² Powierzchnia całkowicie zabudowanej loggii: 4,6 m² Powierzchnia ogrodu: 100 m². Ogród jest do wyłącznej dyspozycji właścicieli mieszkania. W ogrodzie znajduje się też altanka o powierzchni 6 m², podłączona woda do podlewania ogródka oraz elektryczność, meble ogrodowe, kosiarka i lodówka - świetne miejsce do relaksu. Blok jest 5-cio kondygnacyjny i został oddany do użytku w 1990 roku. Budynek został docieplony w 2016 roku. Wzdłuż bloku jest dostępny parking wyłącznie dla mieszkańców, co gwarantuje możliwość bezpłatnego zaparkowania samochodu o każdej porze dnia. Mieszkanie jest po generalnym remoncie z nowym sprzętem AGD, może być sprzedane z meblami. Pełna księga wieczysta. Lokalizacja bez konkurencji: • 2 minuty do głównego szpitala • 1 minuta pieszo do szkoły podstawowej i 5 minut do przedszkola • 5 minut pieszo do klubu tenisowego, 7 minut do pływalni • Wszystko w zasięgu spaceru - dużo sklepów, usługi, kawiarnie i restauracje • Miejski komfort bez miejskiego hałasu - bezpiecznie, zielono, spokojnie Cena: 920 000 zł (czyli 12 777 zł za metr kwadratowy powierzchni użytkowej). Czynsz: 1 100 zł miesięcznie. W przyszłości będzie możliwość zakupu garażu w sąsiednim bloku, który jest na poziomie piwnic, wyremontowany do standardu mieszkania z bieżącą wodą, światłem, dwoma okienkami i bramą elektroniczną, oraz oddzielną księgą wieczystą.",tak,,aneks,plastikowe,własność,Wyposażenie: lodówka,53.122734,23.154807
Białystok Zielone Wzgórza,ul. Lawendowa,4,64,460000,7188,bez pośredników,,8,https://adresowo.pl/o/mieszkanie-bialystok-zielone-wzgorza-ul-lawendowa-4-pokojowe-e8v3y0,https://s2.adresowa.pl/oi/78/71/3c3640_6632_cover@2x-4-pokojowe-mieszkanie-bialystok-zielone-wzgorza-ul-lawendowa.webp,Białystok Zielone Wzgórza,Lawendowa,3,,blok,,"Sprzedam mieszkanie 64m2. Salon, dwie sypialnie, łazienka, WC, oddzielna kuchnia. Stan mieszkania jak na zdjęciach. Możliwość kupna garażu obok bloku. Bezpośrednio od właściciela. Możliwość zamiany mieszkania na mniejsze z windą. Zapraszam do kontaktu.",,tak,osobna,,,,53.118517,23.094116
Białystok Antoniuk,ul. Władysława Broniewskiego,3,52,440000,8462,bez pośredników,,17,https://adresowo.pl/o/mieszkanie-bialystok-antoniuk-ul-wladyslawa-broniewskiego-3-pokojowe-o2y6h3,https://s2.adresowa.pl/oi/59/5f/3bf0dc_7e74_cover@2x-3-pokojowe-mieszkanie-bialystok-antoniuk-ul-wladyslawa-broniewskiego.webp,Białystok Antoniuk,Władysława Broniewskiego,4,1970,blok,,"Oferujemy na sprzedaż funkcjonalne mieszkanie o powierzchni 52,42 m2. Trzy duże pokoje położone na ostatnim 4 piętrze. Do mieszkania przynależy balkon i duża piwnica. Wymieniona instalacja elektryczna i gazowa. Osiedle Antoniuk. Blok znajduje się blisko VII Liceum Ogólnokształcącego, Technikum Mechanicznego, Szkoły Podstawowej nr 15 oraz dwóch przedszkoli. Dodatkowo bardzo blisko znajduje się Park Wierzbowa, liczne boiska, place zabaw. W bliskiej odległości sklepy - Galeria Antoniuk, JYSK, Madro. Dobrze rozwinięta komunikacja miejska - 5 minut pieszo - [numer], [numer][numer]. Duży parking pod blokiem, zamknięty szlabanem - tylko dla mieszkańców. Spokojna okolica, mili sąsiedzi. Chcesz dowiedzieć się więcej o tym mieszkaniu? Zadzwoń!",tak,,,,,,53.139833,23.130284
Białystok Antoniuk,ul. Knyszyńska,2,55,730000,13273,bez pośredników,,20,https://adresowo.pl/o/mieszkanie-bialystok-antoniuk-ul-knyszynska-2-pokojowe-v5e4x5,https://s2.adresowa.pl/oi/26/6a/3bd030_a591_cover@2x-2-pokojowe-mieszkanie-bialystok-antoniuk-ul-knyszynska.webp,Białystok Antoniuk,Knyszyńska,8,2023,apartamentowiec,,"Na sprzedaż przytulne, funkcjonalne mieszkanie o powierzchni 55 m², położone na 8. piętrze (z 9) nowoczesnego budynku oddanego do użytku w 2023 roku, przy ul. Knyszyńskiej 8A w Białymstoku. Lokal jest w pełni urządzony i gotowy do zamieszkania. Dużym atutem jest przestronny balkon o powierzchni ok. 12 m² z pięknym widokiem na ulicę Lipową oraz kościół św. Rocha. Bez pośredników. Mieszkanie wykończone z dbałością o detale, m.in. meble lakierowane na wymiar, kamienne blaty, płyta (ruchomej) wyspy oraz parapety. Lokal wyposażony w klimatyzację z funkcją grzania o mocy 3,5 kW. W skład mieszkania wchodzą: - Przestronny salon z otwartą kuchnią i wyjściem na balkon - Sypialnia z wyjściem na balkon - Łazienka z WC i prysznicem - Balkon 12 m² Osiedle Mieszkanie znajduje się w nowoczesnym i zadbanym budynku z windą. To komfortowe miejsce do życia dla osób ceniących nową zabudowę, funkcjonalny układ mieszkania oraz widoki z wyższych pięter. Niewątpliwym atutem nieruchomości jest trwały, otwarty widok, który nie zostanie w przyszłości ograniczony przez nową zabudowę - cecha coraz rzadziej spotykana w tej części miasta. Lokalizacja Mieszkanie położone jest w świetnie skomunikowanej części Białegostoku. Ulica Lipowa znajduje się w odległości ok. 10 minut spacerem, co zapewnia szybki dostęp do centrum miasta, restauracji, sklepów i punktów usługowych. Bardzo dobra komunikacja samochodowa - szybki i wygodny dojazd do obwodnicy miasta. Dworzec PKS również w odległości nie większej niż 10 min spacerem. Dodatkowe informacje: - możliwość dokupienia miejsca postojowego w garażu podziemnym - możliwość zakupu komórki lokatorskiej - czynsz administracyjny wynosi 600 zł. Po więcej informacji zapraszam do kontaktu telefonicznego.",tak,tak,osobna,plastikowe,własność,,53.138042,23.13875
Białystok Białostoczek,al. Tysiąclecia Państwa Polskiego,3,63,630000,10000,bez pośredników,,8,https://adresowo.pl/o/mieszkanie-bialystok-bialostoczek-al-tysiaclecia-panstwa-polskiego-3-pokojowe-i0w8l0,https://s2.adresowa.pl/oi/7e/43/3bcdb4_4d6c_cover@2x-3-pokojowe-mieszkanie-bialystok-bialostoczek-al-tysiaclecia-panstwa-polskiego.webp,Białystok Białostoczek,Tysiąclecia Państwa Polskiego,parter,2004,blok,,"Przestronne 3 pokojowe na Białostoczku przy ul. 1000-lecia P.P, 63m2 (2004r.). Na sprzedaż słoneczne, dwustronne mieszkanie o powierzchni 63m2, w świetnie zaprojektowanej przestrzeni na wysokim parterze w bloku 3-piętrowym z cegły z 2004 roku. Mieszkanie ma idealny rozkład: pokoje są ustawne, dobrze doświetlone i dają możliwości aranżacyjne. Dużym atutem jest lokalizacja - osiedle Białostoczek przy ul. 1000-lecia P.P, obok Zespołu Szkół Elektrycznych. W okolicy znajdują się sklepy, szkoły, przedszkola. Dobra komunikacja miejska oraz bardzo szybki dojazd do centrum. Lokalizacja: Białystok, osiedle Białostoczek przy ul. 1000-lecia P.P. Cena: 630 000 zł. W skład mieszkania wchodzą: - 3 ustawne, oddzielne pokoje. - Duża, jasna kuchnia. - Duża łazienka. - Balkon. - Piwnica. Mieszkanie gotowe do zamieszkania albo do zmian wedle potrzeby. Zapraszam do kontaktu.",tak,,,,,,53.150454,23.154911
Białystok Bojary,ul. Józefa Ignacego Kraszewskiego,3,63,895000,14206,bez pośredników,,19,https://adresowo.pl/o/mieszkanie-bialystok-bojary-ul-jozefa-ignacego-kraszewskiego-3-pokojowe-l5a3y7,https://s2.adresowa.pl/oi/44/34/3bbc70_568d_cover@2x-3-pokojowe-mieszkanie-bialystok-bojary-ul-jozefa-ignacego-kraszewskiego.webp,Białystok Bojary,Józefa Ignacego Kraszewskiego,9,2026,blok,,"NOWE, urządzone 3-pokojowe mieszkanie o powierzchni 63,86 m2, zlokalizowane na osiedlu NOWE BOJARY, przy ul. Kraszewskiego/Łąkowej. Mieszkanie znajduje się na IX p. z dwoma windami. W skład mieszkania wchodzi salon z aneksem kuchennym i klimatyzacją (wyjście na 12 m2 balkon), 2 sypialnie, przedpokój, oraz łazienka z WC (prysznic plus wanna, pralka, suszarka). Kuchnia zabudowana wraz ze sprzętem AGD (lodówka, zmywarka, piekarnik, płyta indukcyjna, okap). Bardzo dobra infrastruktura osiedla, w pobliżu liczne sklepy, przystanek, szkoła, przedszkole oraz przychodnia. Do mieszkania należy dokupić miejsce postojowe w kwocie 45000 zł plus komórkę za 10000 zł.",tak,tak,aneks,plastikowe,własność,"Wyposażenie: lodówka, piekarnik, pralka, suszarka, zmywarka",53.137658,23.176322
Białystok Białostoczek,ul. Sokólska,3,60,460000,7667,bez pośredników,,14,https://adresowo.pl/o/mieszkanie-bialystok-bialostoczek-ul-sokolska-3-pokojowe-k1x6s5,https://s2.adresowa.pl/oi/24/7a/3bb578_6fe4_cover@2x-3-pokojowe-mieszkanie-bialystok-bialostoczek-ul-sokolska.webp,Białystok Białostoczek,Sokólska,4,1980,blok,,"Na sprzedaż mieszkanie 3-pokojowe, os. Białostoczek - bez pośredników. Sprzedam bez udziału pośredników mieszkanie 3-pokojowe na osiedlu Białostoczek przy ul. Sokólskiej, idealne dla rodziny. Mieszkanie ma 60,4 m² i znajduje się w niedużym, 3-klatkowym bloku na 4. piętrze. Składa się z trzech osobnych pokoi, oddzielnej kuchni, korytarza i łazienki. Jest bardzo przestrzenne i ustawne. Z salonu wychodzi się na nieduży balkon. W korytarzu, salonie, średnim pokoju i kuchni znajdują się stałe zabudowy, które pozostaną w mieszkaniu. W kuchni, oprócz szafek, zostanie też mało używana zmywarka, płyta kuchenna i piekarnik. Do mieszkania przynależy piwnica. Klatka schodowa jest po remoncie. Mieszkanie znajduje się w bloku położonym w najładniejszej, starszej części osiedla, gdzie jest dużo zieleni, drzewa, które dają cień latem. Wyjście z klatki nie wychodzi bezpośrednio na ulicę, a na skwerek, który służy także jako plac zabaw dla dzieci. Wokół bloku jest dużo przestrzeni, jest gdzie pospacerować. Blisko znajduje się sklep spożywczy, szkoła, przedszkole, przystanek komunikacji miejskiej. Z okien mamy przepiękny widok na drzewa. Do centrum Białegostoku można szybko dojechać lub nawet dojść pieszo w ciągu 15 minut. Agencjom nieruchomości oraz pośrednikom dziękuję.",tak,,osobna,,,"Wyposażenie: piekarnik, zmywarka",53.148433,23.150459
Białystok Piaski,ul. Bolesława Chrobrego,3,48,435000,9062,bez pośredników,,6,https://adresowo.pl/o/mieszkanie-bialystok-piaski-ul-boleslawa-chrobrego-3-pokojowe-m2e5o9,https://s2.adresowa.pl/oi/1e/44/3b8fd6_6668_cover@2x-3-pokojowe-mieszkanie-bialystok-piaski-ul-boleslawa-chrobrego.webp,Białystok Piaski,Bolesława Chrobrego,3,,blok,,"Na sprzedaż lub wynajem. Mieszkanie znajdujące się na 3. piętrze przy ul. Chrobrego. Mieszkanie o powierzchni 48 m², składa się z 3 pokoi, kuchni, łazienki i WC. Do mieszkania przynależy również piwnica. Budynek nie posiada windy. Mieszkanie zlokalizowane jest blisko szkoły i sklepów. Do centrum jest bardzo blisko. Status prawny: spółdzielczo-własnościowe. Możliwość sprzedaży bezpośrednio lub zamiany na 2-pokojowe mieszkanie na parterze za dopłatą. Ewentualnie wynajem. Lokalizacja: Białystok. Proszę kontaktować się telefonicznie. Proszę aby pośrednicy nieruchomości nie dzwonili . Dziękuję Mieszkanie można obejrzeć.",tak,,,,spółdzielcze własnościowe,,53.130674,23.185028
Białystok Zielone Wzgórza,ul. Rumiankowa,2,52,495000,9519,bez pośredników,,12,https://adresowo.pl/o/mieszkanie-bialystok-zielone-wzgorza-ul-rumiankowa-2-pokojowe-w1c6b4,https://s2.adresowa.pl/oi/20/11/3b6a5a_9c31_cover@2x-2-pokojowe-mieszkanie-bialystok-zielone-wzgorza-ul-rumiankowa.webp,Białystok Zielone Wzgórza,Rumiankowa,2,,blok,,"Zapraszam na prezentację mieszkania na sprzedaż, położonego przy ul. Rumiankowej w Białymstoku. Nieruchomość znajduje się na drugim piętrze i ma powierzchnię 52,30 m2. W skład mieszkania wchodzą: - przestronny salon z wyjściem na balkon - oddzielna sypialnia - osobna kuchnia - łazienka - przestronny korytarz - piwnica zapewniająca dodatkową przestrzeń do przechowywania. Lokal jest po remoncie. W mieszkaniu została wymieniona instalacja elektryczna, hydrauliczna, grzejniki i zostało zainstalowane nowe wyposażenie kuchni. Ogromnym atutem nieruchomości jest świetna lokalizacja. W pobliżu znajdują się sklepy, przedszkole, szkoła, przystanki komunikacji miejskiej, przystanek kolejowy, tereny zielone oraz pełna infrastruktura miejska zapewniająca wygodę codziennego życia. Możliwość zakupu z wyposażeniem salonu.",tak,,osobna,plastikowe,własność,,53.122108,23.10412
Białystok Piaski,ul. Adama Mickiewicza,3,62,620000,10000,bez pośredników,,8,https://adresowo.pl/o/mieszkanie-bialystok-piaski-ul-adama-mickiewicza-3-pokojowe-u6n7x1,https://s2.adresowa.pl/oi/4b/53/3b6748_411e_cover@2x-3-pokojowe-mieszkanie-bialystok-piaski-ul-adama-mickiewicza.webp,Białystok Piaski,Adama Mickiewicza,1,1989,blok,,"Sprzedam mieszkanie w ścisłym centrum Białegostoku, położone przy głównej osi handlowo-usługowej miasta (rejon Galerii Alfa i Białej). Kluczowe informacje: Mieszkanie jest po generalnym remoncie (wymienione instalacje, nowe podłogi, gładzie). Mieszkanie znajduje się pomiędzy dwiema galeriami handlowymi galeria Alfa i galeria Biała W promieniu 500m znajdują się: Uniwersytet Medyczny, Wydział Prawa, Urząd Wojewódzki, Urząd Miasta oraz kompleks szpitali (USK, DSK). W sąsiedztwie Filharmonia oraz Park Centralny. Mieszkanie dzięki swojej lokalizacji jest pewną inwestycją pod wynajem (dla studentów medycyny/prawa i Politechniki ) lub jako lokal użytkowy na biuro/kancelarię itp.",tak,,osobna,plastikowe,spółdzielcze własnościowe,,53.125071,23.171294
Białystok Zielone Wzgórza,ul. Zielonogórska,3,60,459000,7650,bez pośredników,,1,https://adresowo.pl/o/mieszkanie-bialystok-zielone-wzgorza-ul-zielonogorska-3-pokojowe-h5j2m8,https://s2.adresowa.pl/oi/62/66/3b5124_ee22_cover@2x-3-pokojowe-mieszkanie-bialystok-zielone-wzgorza-ul-zielonogorska.webp,Białystok Zielone Wzgórza,Zielonogórska,3,1990,blok,,"Sprzedam mieszkanie na ulicy Zielonogórskiej. Blok z cegły z końca lat 90. Mieszkanie jest dwustronne, posiada duży balkon i piwnicę. Znajduje się na bardzo przyjemnym osiedlu z rewelacyjną infrastrukturą. Mieszkanie jest do remontu, ale można w nim od razu zamieszkać. Zostaje na stanie całe wyposażenie mieszkania. Zainteresowanych proszę o kontakt. Odpowiem na wszystkie pytania oraz podeślę zdjęcia i filmiki. Agencjom dziękuję.",tak,,,,,,53.121211,23.099593
Białystok Dziesięciny,ul. Kalinowa,3,61,435000,7131,bez pośredników,,1,https://adresowo.pl/o/mieszkanie-bialystok-dziesieciny-ul-kalinowa-3-pokojowe-n1s4a1,https://s2.adresowa.pl/oi/64/5e/3b48bc_a3dc_cover@2x-3-pokojowe-mieszkanie-bialystok-dziesieciny-ul-kalinowa.webp,Białystok Dziesięciny,Kalinowa,1,,blok,,"Mieszkanie 60,5 m² | Dziesięciny | ul. Kalinowa 15 | 1 piętro | cegła Na sprzedaż funkcjonalne mieszkanie o powierzchni 60 m², położone na 1 piętrze w budynku z cegły na popularnym osiedlu Dziesięciny przy ul. Kalinowej 15 w Białymstoku. Układ idealny zarówno dla rodziny, jak i pod inwestycję na wynajem: - przestronny salon - 1 sypialnia, otwarta kuchnia z jadalnią (pierwotnie sypialnia z opcją przywrócenia tego stanu) - łazienka - przedpokój Spokojna, zielona okolica z pełną infrastrukturą w zasięgu spaceru: szkoły, przedszkola, sklepy, komunikacja miejska. Pierwsze piętro zapewnia wygodę codziennego użytkowania. Mieszkanie sprzedawane w stanie obecnym z możliwością aranżacji według własnego projektu lub z opcją remontu wykonanego przez sprzedającego - idealne rozwiązanie dla osób chcących wprowadzić się bez dodatkowych formalności lub inwestorów. Lokalizacja gwarantuje stabilny popyt najmu oraz łatwą odsprzedaż w przyszłości. Zapraszamy do kontaktu pośredników tylko z konkretnymi klientami na oględziny.",tak,,osobna,,,,53.152137,23.130839
Białystok Skorupy,ul. Sudecka,2,36,580000,16111,bez pośredników,,9,https://adresowo.pl/o/mieszkanie-bialystok-skorupy-ul-sudecka-2-pokojowe-s6z6t0,https://s2.adresowa.pl/oi/7b/3c/3b38f6_4852_cover@2x-2-pokojowe-mieszkanie-bialystok-skorupy-ul-sudecka.webp,Białystok Skorupy,Sudecka,3,2020,apartamentowiec,,"Szukasz mieszkania blisko centrum, a jednocześnie z dala od miejskiego zgiełku? Ta oferta jest dla Ciebie! Mieszkanie w nowym budynku przy ulicy Sudeckiej, wykończone w wysokim, luksusowym standardzie, gotowe do zamieszkania. W skład mieszkania wchodzi: - Salon z aneksem kuchennym (20m2) - Przestronny salon z częścią wypoczynkową, jadalnianą oraz nowoczesnym aneksem kuchennym (w pełni wyposażona zabudowa i sprzęt AGD) - Sypialnia z łóżkiem małżeńskim oraz szafą (12m2) - Łazienka z prysznicem (4m2) - Hol z szafą przy wejściu i siedziskiem - Balkon o powierzchni 8m2 Mieszkanie znajduje się na 3 piętrze w budynku 4-piętrowym, od strony zachodniej, słoneczne. Do mieszkania przynależy piwnica (5m2) oraz szerokie miejsce postojowe blisko wejścia do windy. W piwnicy znajduje się także rowerownia. Na osiedlu znajdują się sklepy spożywcze, wiele lokali usługowych oraz przedszkole. Dużo miejsc parkingowych w okolicy, przystanek MPK oraz stacja rowerów ""Biker"".",tak,,aneks,,własność,,53.128831,23.197248
Białystok Słoneczny Stok,ul. Hetmańska,3,52,620000,11923,bez pośredników,,6,https://adresowo.pl/o/mieszkanie-bialystok-sloneczny-stok-ul-hetmanska-3-pokojowe-j9s5j9,https://s2.adresowa.pl/oi/7a/7e/3b3370_ee36_cover@2x-3-pokojowe-mieszkanie-bialystok-sloneczny-stok-ul-hetmanska.webp,Białystok Słoneczny Stok,Hetmańska,parter,2016,blok,,"Przedstawiam Państwu na sprzedaż mieszkanie 3 pokojowe o powierzchni 52,45m2 z podziemnym garażem 13m2 i słonecznym ogródkiem 30m2. Klimatyczne, dwustronne mieszkanie zlokalizowane na parterze w nowoczesnym bloku przy ulicy Hetmańskiej 83. Garaż podziemny dodatkowo płatny 60 000 zł. Okolica jest spokojna i doskonale skomunikowana z resztą miasta. W pobliżu szkoła (5 min pieszo), przedszkole (5 min pieszo), sklepy, park. Dużym atutem nieruchomości jest własny ogródek, doskonałe miejsce na odpoczynek, zabawę z dziećmi, czy spotkanie ze znajomymi przy grillu. BIURO NIERUCHOMOŚCI I POŚREDNIKOM DZIĘKUJEMY.",,tak,aneks,plastikowe,własność,,53.12469,23.115352
Białystok,ul. Pogodna,4,58,535000,9224,bez pośredników,,16,https://adresowo.pl/o/mieszkanie-bialystok-ul-pogodna-4-pokojowe-s8i9j3,https://s2.adresowa.pl/oi/68/39/3b2af0_c33b_cover@2x-4-pokojowe-mieszkanie-bialystok-ul-pogodna.webp,Białystok ,Pogodna,parter,,blok,,"Informuję, że sprzedaję mieszkanie wyłącznie prywatnie i nie jestem zainteresowana współpracą z agencjami nieruchomości. Idealne na inwestycję i wynajem lub na mieszkanie większej rodzinie. Białystok, ul. Pogodna 2 obok Politechniki Białostockiej - Powierzchnia: 58 m² Rozkład: - Salon + sypialnia, sypialnia średnia, sypialnia mała, łazienka, WC, kuchnia, korytarz - pow. dodatkowa: piwnica - Parking: za szlabanem Na sprzedaż mieszkanie o powierzchni 58 m², parter w czteropiętrowym bloku przy ul. Pogodna 2a w Białymstoku. Mieszkanie jest na dwie strony, w salonie balkon i możliwość zagospodarowania ogródka. Zielona okolica i przyjemna lokalizacja.",tak,,osobna,,,,53.115741,23.13707
Białystok Piasta,ul. Skorupska,4,85,675000,7941,bez pośredników,,24,https://adresowo.pl/o/mieszkanie-bialystok-piasta-ul-skorupska-4-pokojowe-g1n4j6,https://s2.adresowa.pl/oi/62/6f/3b29c6_d959_cover@2x-4-pokojowe-mieszkanie-bialystok-piasta-ul-skorupska.webp,Białystok Piasta,Skorupska,1,1988,blok,,"Bezpośrednio bez prowizji czteropokojowe mieszkanie o powierzchni 84,6 m2 usytułowane pod adresem Skorupska 34. Zlokalizowane na I p. (bez windy) w budynku z 1988 roku. Pierwszy właściciel. Stan do remontu. Dobra komunikacja, blisko centrum, tuż pod blokiem przystanki autobusowe linii nr 5 i 28. W pobliżu szkoły, przedszkola, sklepy, urzędy. Okolica z dużą ilością zieleni. Otwarty parking osiedlowy dla mieszkańców z tylu bloku. Mieszkanie podzielone jest wyraźnie na dwie strefu – dzienną i nocną. Częśc dzienna usytuowana bliżej drzwi wejściowych złożona z salonu, kuchni z wydzieloną jadalnią. Część nocna to 3 sypialnie w głębi mieszkania, łazienka i WC. Mieszkanie usytuowane jest na linii północ-południe, w jego skład wchodzą: Salon: 25 m2, z wejściem z korytarza na lewo od wejścia do mieszkania, na podłodze parkiet, ustawny, przestronny, na planie kwadratu. Jasny z kilkoma oknami od strony południowej. Kuchnia z jadalnią: łącznie 13 m2 (pomieszczenia są wyraźnie wydzielone), na prawo od wejścia do mieszkania, strona pn, jadalnia parkiet, kuchnia gres Sypialnia 1: 12 m2, parkiet, strona pn Sypialnia 2: 12 m2, parkiet, strona pd, od strony wnętrza osiedla Sypialnia 3: 7 m2, parkiet, strona pd, od strony wnętrza osiedla Łazienka z wanną, 3 kroki od każdej z sypialni WC Przedpokój w formie litery L. Do mieszkania przynależy przestronna piwnica o rzadko spotykanej powierzchni 12 m2 oraz balkon w formie loggii ok 6 m2. Duża część mebli i wyposażenia RTV/AGD do ustalenia, żeby zostawić w cenie mieszkania. Zdjęcia przedstawiają stan obecny mieszkania. Pośrednikom dziękujemy, ale możemy negocjować warunki przyprowadzania waszych klientów.",tak,,osobna,,własność,Wyposażenie: tv,53.134339,23.182516
Białystok Centrum,ul. Jana Henryka Dąbrowskiego,1,35,345000,9857,bez pośredników,,6,https://adresowo.pl/o/mieszkanie-bialystok-centrum-ul-jana-henryka-dabrowskiego-1-pokoj-n1r1l8,https://s2.adresowa.pl/oi/15/5d/3b29a8_522c_cover@2x-1-pokojowe-mieszkanie-bialystok-centrum-ul-jana-henryka-dabrowskiego.webp,Białystok Centrum,Jana Henryka Dąbrowskiego,1,1960,blok,,Witam sprzedam mieszkanie 35 m to jest duża kawalerka duży pokój duża kuchnia łazienka do wprowadzenia do aranżacji konta w [numer] agenci nieruchomości proszę nie dzwonić sprzedaż bezpośrednia,tak,,osobna,drewniane,własność,,53.136297,23.141707
Białystok Dziesięciny,ul. Palmowa,3,49,490000,10000,bez pośredników,,7,https://adresowo.pl/o/mieszkanie-bialystok-dziesieciny-ul-palmowa-3-pokojowe-k0a9u8,https://s2.adresowa.pl/oi/50/15/3b2846_8708_cover@2x-3-pokojowe-mieszkanie-bialystok-dziesieciny-ul-palmowa.webp,Białystok Dziesięciny,Palmowa,3,1990,blok,,Witam sprzedam mieszkanie na ul Palmowej w Białymstoku mieszkanie na trzecim piętrze w mieszkaniu na trzy pokoje mieszkanie już jest w dobrym stanie dostęp do każdego pomieszczenia z przedpokoju kontakt [numer],tak,tak,osobna,plastikowe,spółdzielcze własnościowe,,53.155043,23.125886
Białystok Słoneczny Stok,ul. Upalna,3,63,580000,9206,bez pośredników,,5,https://adresowo.pl/o/mieszkanie-bialystok-sloneczny-stok-ul-upalna-3-pokojowe-x0d4j6,https://s2.adresowa.pl/oi/5b/45/3b2828_f94b_cover@2x-3-pokojowe-mieszkanie-bialystok-sloneczny-stok-ul-upalna.webp,Białystok Słoneczny Stok,Upalna,3,1985,blok,,Witam sprzedam mieszkanie na ul Upalnej mieszkanie na trzecim piętrze trzy pokoje wszystkie pomieszczenia dostępne z przedpokoju mieszkanie do odświeżenia kontakt [numer] sprzedaż bezpośrednia,tak,tak,osobna,plastikowe,spółdzielcze własnościowe,,53.12707,23.102558
Białystok Dziesięciny,ul. Gajowa,2,48,480000,10000,bez pośredników,,11,https://adresowo.pl/o/mieszkanie-bialystok-dziesieciny-ul-gajowa-2-pokojowe-a7k2k5,https://s2.adresowa.pl/oi/19/16/3b14ce_6cc8_cover@2x-2-pokojowe-mieszkanie-bialystok-dziesieciny-ul-gajowa.webp,Białystok Dziesięciny,Gajowa,4,1988,blok,,"AGENCJOM DZIĘKUJĘ!! Sprzedam mieszkanie 2-pokojowe 47 m2, 4 piętro. Dwa oddzielne pokojowe, oddzielna kuchnia, toaleta, łazienka, przestronny przedpokój z zabudowanymi szafami, balkon. Klatka z domofonem, piwnica, zamykany na klucz śmietnik. Mieszkanie wygodne, dla młodych ze względu na 4 piętro i brak windy, jednak dzięki temu bardzo bardzo ciche. Przy drzwiach miejsce na wózek/rower itp. Możliwość korzystania z wózkowni w pomieszczeniu obok piwnic. Wszędzie blisko (przystanki linii [numer], 29, ryneczek, pss, bar Hermes, Biedronka, Lidl, poczta, szkoły, przedszkola i wiele innych).",tak,,osobna,plastikowe,spółdzielcze własnościowe,,53.151923,23.121056
Białystok Białostoczek,ul. Radzymińska,3,60,450000,7500,bez pośredników,,11,https://adresowo.pl/o/mieszkanie-bialystok-bialostoczek-ul-radzyminska-3-pokojowe-k5z7o3,https://s2.adresowa.pl/oi/32/6c/3b08f4_3c05_cover@2x-3-pokojowe-mieszkanie-bialystok-bialostoczek-ul-radzyminska.webp,Białystok Białostoczek,Radzymińska,1,1982,blok,,"Mieszkanie zlokalizowane na osiedlu Białostoczek o powierzchni 60,10 m2, składające się z trzech oddzielnych pokoi, kuchni i łazienki. Mieszkanie: - obustronne, - przewiewne, - ciepłe - w środkowej klatce, - jasne - dobrze doświetlone, - posiada piwnicę oraz komórkę lokatorską na półpiętrze. W pobliżu bloku znajdują się parkingi i place zabaw dla dzieci. W odległości do 5 min. piechotą są przychodnie, apteki, szkoła podstawowa oraz dwa przedszkola. Na osiedlu znajdują się duże sklepy spożywcze tj. : Biedronka, dwa Lidle, Stokrotka, Żabka. Dodatkowo znajdą Państwo liczne sklepy osiedlowe (np.: warzywniak, mięsny, drogerie - ROSSMANN, itp.). Osiedle jest bardzo dobrze skomunikowane z resztą miasta dzięki licznym liniom autobusowym ([numer]7, N3 - dwa przystanki 3 min. piechotą), ścieżkom rowerowym i sieci dróg we wszystkich kierunkach (dojazd do centrum - 5 minut, obwodnica - 3 minuty). Okolica jest bardzo spokojna, zadbana i zazieleniona - idealna dla rodzin. Mieszkanie bezpośrednio od właściciela, do zamieszkania od stycznia. Zapraszamy do kontaktu.",tak,,osobna,,własność,,53.144676,23.150679
Białystok Piaski,ul. Mazowiecka,2,44,375000,8523,bez pośredników,,6,https://adresowo.pl/o/mieszkanie-bialystok-piaski-ul-mazowiecka-2-pokojowe-l9o9x0,https://s2.adresowa.pl/oi/73/3f/3aa636_3cc8_cover@2x-2-pokojowe-mieszkanie-bialystok-piaski-ul-mazowiecka.webp,Białystok Piaski,Mazowiecka,3,1970,blok,,"MIESZKANIE DOSTĘPNE OD ZARAZ! AGENCJOM DZIĘKUJEMY Sprzedam mieszkanie 2-pokojowe na trzecim piętrze w bloku 4-piętrowym z cegły, blok po termomodernizacji. Mieszkanie dwustronne, ekspozycja północ-południe, do odświeżenia lub remontu. Każde z pomieszczeń z oddzielnym wejściem z przedpokoju. Salon od strony południowej z balkonem. Sypialnia i kuchnia od strony północnej. W salonie i sypialni podłogi z parkietu w dobrym stanie. Ściany tapetowane w dobrym stanie. Kuchnia z zabudową wyposażona w płytkę, piekarnik i okap. W kuchni, przedpokoju i łazience płytki na podłodze. Łazienka z oknem, wyposażona w wannę i umywalkę (możliwość zamontowania prysznica). Obszerny przedpokój z ładną zabudową. Do mieszkania przynależy piwnica z oknem (6m2). Mieszkanie znajduje się w bardzo dobrej lokalizacji, 15 minut piechotą od centrum. W pobliżu Politechnika Białostocka, Uniwersytet Medyczny i Uniwersytet w Białymstoku, blisko sklepy spożywcze, Biedronka, poczta, kościół, szkoła podstawowa, liceum, żłobek, przedszkola, basen, apteki, Park Zwierzyniecki, szpitale, przychodnie. Kontakt tel.",tak,,osobna,drewniane,własność,Wyposażenie: piekarnik,53.123622,23.149831
Białystok Centrum,ul. Icchoka Malmeda,2,51,614400,12047,bez pośredników,,8,https://adresowo.pl/o/mieszkanie-bialystok-centrum-ul-icchoka-malmeda-2-pokojowe-h6s8h1,https://s2.adresowa.pl/oi/32/6d/3a9b16_c48a_cover@2x-2-pokojowe-mieszkanie-bialystok-centrum-ul-icchoka-malmeda.webp,Białystok Centrum,Icchoka Malmeda,4,,blok,,"Na sprzedaż dwupokojowe mieszkanie zlokalizowane w samym sercu Białegostoku - przy ul. Malmeda. Lokal znajduje się na 4. piętrze w zadbanym budynku. Mieszkanie jest w pełni umeblowane i gotowe do wprowadzenia od zaraz. Opis mieszkania: - dwa oddzielne, ustawne pokoje - osobna, wyposażona kuchnia - łazienka z prysznicem - pełne umeblowanie - AGD na wyposażeniu: lodówka, pralka, zmywarka - mieszkanie czyste, zadbane, niewymagające remontu Lokalizacja: - ścisłe centrum miasta - blisko komunikacji miejskiej, sklepów, uczelni, restauracji - idealne zarówno do zamieszkania, jak i pod inwestycję Idealne pod wynajem: - świetna opcja na wynajem krótkoterminowy (Airbnb/Booking) - wysokie zainteresowanie najemców długoterminowych - pewna stopa zwrotu i bezpieczna lokata kapitału Dlaczego warto? Mieszkanie jest gotowe do życia i wymaga zero dodatkowych nakładów. Położenie w sercu Białegostoku gwarantuje stabilny popyt na wynajem oraz komfort codziennego funkcjonowania. Sprzedaż bezpośrednio - bez pośredników!",,,osobna,,,"Wyposażenie: lodówka, pralka, zmywarka",53.13418,23.157702
Białystok Wysoki Stoczek,ul. Szeroka,2,50,415000,8300,bez pośredników,,8,https://adresowo.pl/o/mieszkanie-bialystok-wysoki-stoczek-ul-szeroka-2-pokojowe-k0i2l9,https://s2.adresowa.pl/oi/69/45/3a8a6e_ae01_cover@2x-2-pokojowe-mieszkanie-bialystok-wysoki-stoczek-ul-szeroka.webp,Białystok Wysoki Stoczek,Szeroka,3,1985,blok,,"Sprzedam funkcjonalne mieszkanie na cenionym osiedlu Wysoki Stoczek, w bloku z wielkiej płyty z windą, na 3. piętrze. Lokal jest dobrze doświetlony, posiada oddzielną kuchnię i praktyczny, wygodny układ pomieszczeń. Atuty mieszkania: * powierzchnia 50,6 m² * 2 niezależne pokoje * oddzielna kuchnia * jasne, przytulne wnętrza * piwnica ok. 3 m² * miejsce parkingowe na parkingu strzeżonym * blok z windą Świetna lokalizacja - w najbliższej okolicy znajdują się przedszkola, szkoły, sklepy oraz przychodnia, co czyni to miejsce bardzo wygodnym dla rodzin i osób ceniących szybki dostęp do usług. Mieszkanie jest gotowe do wprowadzenia.",tak,tak,osobna,plastikowe,spółdzielcze własnościowe,,53.149381,23.110155
Białystok Bacieczki,ul. Swobodna,3,63,490000,7778,bez pośredników,,6,https://adresowo.pl/o/mieszkanie-bialystok-bacieczki-ul-swobodna-3-pokojowe-q5m8m0,https://s2.adresowa.pl/oi/36/3d/3a494c_8e27_cover@2x-3-pokojowe-mieszkanie-bialystok-bacieczki-ul-swobodna.webp,Białystok Bacieczki,Swobodna,1,1985,blok,,"Mieszkanie 3-pokojowe, dwustronne, druga linia zabudowy. Na sprzedaż mieszkanie 63 m² - ul. Swobodna. Mam do zaoferowania przestronne i ustawne mieszkanie o powierzchni 63 m², zlokalizowane w spokojnej okolicy przy ul. Swobodnej. PARAMETRY NIERUCHOMOŚCI: - 1. piętro w bloku (budynek ocieplony). - Mieszkanie nie wymaga żadnego wkładu finansowego w remont. - Wymienione okna. - Brak windy. - Do mieszkania przynależy piwnica na poziomie -1. OTOCZENIE I LOKALIZACJA: - Cicha i spokojna okolica. - W pobliżu sklepy, punkty usługowe, pizzeria, szkoła. - Mieszkanie słoneczne z dużym balkonem. - Dużo zieleni i miejsc parkingowych. Zapraszam do kontaktu. Sprzedaż bezpośrednia. Właściciel --- Niniejsze ogłoszenie jest wyłącznie informacją handlową i nie stanowi oferty w myśl art. 66 § 1 Kodeksu Cywilnego. Sprzedający nie odpowiada za ewentualne błędy lub nieaktualności ogłoszenia.",tak,,,,,,53.147279,23.108127
Białystok Zielone Wzgórza,ul. Wrocławska,3,62,575667,9285,bez pośredników,,8,https://adresowo.pl/o/mieszkanie-bialystok-zielone-wzgorza-ul-wroclawska-3-pokojowe-q7e7w1,https://s2.adresowa.pl/oi/33/5f/3a2564_6713_cover@2x-3-pokojowe-mieszkanie-bialystok-zielone-wzgorza-ul-wroclawska.webp,Białystok Zielone Wzgórza,Wrocławska,3,2006,blok,,"Dwupoziomowe, 3- pokojowe mieszkanie o powierzchni 62.1 m2 sprzedam bezpośrednio. Mieszkanie jest na osiedlu Zielone Wzgórza/ Starosielce przy ulicy Wrocławskiej: w pobliżu znajduje się Galeria Zielone Wzgórza, szkoły, przedszkola, przychodnie lekarskie, punkty usługowe, małe sklepiki, biblioteka. Osiedle jest bardzo dobrze skomunikowane z centrum miasta. Mieszkanie znajduje się na 3 i 4 piętrze bloku z cegły z 2006r. Na pierwszym poziomie znajduje się: oddzielna kuchnia (7m2) z zabudową meblową i sprzętem AGD, pokój dzienny (18,8m2) z wyjściem na balkon (5m2), sypialnia (10,4m2) oraz duża łazienka (4m2). Na drugiej kondygnacji znajduje się duża, jasna sypialnia (16m2), bez skosów. Mieszkanie jest dwustronne, ma usytuowanie środkowe, przytulne, słoneczne i klimatyczne- piękne zachody słońca!!! W cenie zakupu mieszkania jest piwnica (2,8m2). Istnieje możliwość zakupu miejsca postojowego w hali garażowej w budynku na poziomie -1. Wejście do garażu bezpośrednio z klatki. Lokal stanowi odrębną własność. Blok wchodzi w skład wspólnoty mieszkaniowej, jest zacisznie położony, z placami zabaw, wokół wiele miejsc parkingowych. Teren wspólnoty jest ogrodzony i monitorowany.",tak,tak,osobna,plastikowe,własność,,53.125275,23.094083
Białystok Centrum,ul. Czarna,3,58,830000,14310,bez pośredników,,8,https://adresowo.pl/o/mieszkanie-bialystok-centrum-ul-czarna-3-pokojowe-n9m7y3,https://s2.adresowa.pl/oi/75/7f/39e1cc_e376_cover@2x-3-pokojowe-mieszkanie-bialystok-centrum-ul-czarna.webp,Białystok Centrum,Czarna,5,2020,blok,,"Na sprzedaż przestronne i nowoczesne mieszkanie o powierzchni 58 m2 + 5,87 balkon + 9,27 m2 (komórka lokatorska) + miejsce w garażu podziemnym. Mieszkanie położone jest na 5. piętrze w inwestycji Kamieniczka na Czarnej. Atuty nieruchomości: - Gotowe do zamieszkania. - Nowy blok z 2020 roku. - Wyposażenie do uzgodnienia z kupującym. - Budynek z windą. - Okolica z dobrze rozwiniętą infrastrukturą. - Osiedle położone w samym centrum Białegostoku. - Sklepy, żłobek, przedszkole, szkoła i uczelnia w bliskiej odległości. Mieszkanie składa się z: - Sypialnia 1 - 12,20 m2 - Sypialnia 2 - 11,59 m2 - Salon z aneksem kuchennym - 23,76 m2 - Łazienka - 4,09 m2 Cena: 850 000 zł (do negocjacji). Oferta prywatna. Telefon",tak,tak,aneks,,własność,,53.128389,23.145454
Białystok Wygoda,ul. Walentego Lewandowskiego,3,62,820000,13226,bez pośredników,,17,https://adresowo.pl/o/mieszkanie-bialystok-wygoda-ul-walentego-lewandowskiego-3-pokojowe-n1s5j6,https://s2.adresowa.pl/oi/26/69/39c7c0_db04_cover@2x-3-pokojowe-mieszkanie-bialystok-wygoda-ul-walentego-lewandowskiego.webp,Białystok Wygoda,Walentego Lewandowskiego,3,2023,apartamentowiec,,"Szukasz mieszkania do którego możesz natychmiast się wprowadzić i nie tracić czasu i energii na remonty... Nowe Mieszkanie, gotowe do zamieszkania Białystok ul. Lewandowskiego 5 Mieszkanie+komórka lokatorska (obok mieszkania) Na powierzchnię 62,04m2 składają się: - salon z aneksem kuchennym i wyjściem na duży balkon - dwie sypialnie - łazienka - korytarz W cenie zabudowa kuchenna i sprzęt AGD Osiedle Wygoda to idealna propozycja dla osób, którym zależy na ciszy i spokoju w bliskim sąsiedztwie centrum miasta. Bliskość tej lokalizacji daje mieszkańcom łatwy dostęp do rozbudowanej sieci komunikacji miejskiej, dzięki czemu możliwy jest szybki dojazd autobusem praktycznie do wszystkich zakątków Białegostoku. Zalety: - wysoka jakość wykończenia bloku - spokojna okolica - punkty usługowe,sklepy w pobliżu budynku - idealne skomunikowanie z miastem - dobra cena Zadzwoń aby umówić się na prezentację mieszkania 820tyś.",tak,,aneks,,własność,,53.147617,23.17572
Białystok Antoniuk,ul. Ukośna,3,54,730000,13519,bez pośredników,,13,https://adresowo.pl/o/mieszkanie-bialystok-antoniuk-ul-ukosna-3-pokojowe-o0g7o9,https://s2.adresowa.pl/oi/6c/78/39c7b8_a9bc_cover@2x-3-pokojowe-mieszkanie-bialystok-antoniuk-ul-ukosna.webp,Białystok Antoniuk,Ukośna,parter,2023,apartamentowiec,,"Białystok, Antoniuk, ul. Ukośna 42 Cena: 730 tys. Szukasz mieszkania, do którego możesz natychmiast się wprowadzić i nie tracić czasu i energii na remonty? Na powierzchnię 54,31 m2 składają się: - salon z aneksem kuchennym i wyjściem na duży balkon/taras, - dwie sypialnie, - łazienka, - korytarz. W cenie: - zabudowa kuchenna i sprzęt AGD, - komórka lokatorska. Możliwość kupna z miejscem postojowym w garażu podziemnym: +60 tys. (szczytowe, możliwość zagospodarowania dwóch ścian, szafy itp.). Osiedle Antoniuk to idealna propozycja dla osób, którym zależy na ciszy i spokoju w bliskim sąsiedztwie centrum miasta. Bliskość tej lokalizacji daje mieszkańcom łatwy dostęp do rozbudowanej sieci komunikacji miejskiej, dzięki czemu możliwy jest szybki dojazd autobusem praktycznie do wszystkich zakątków Białegostoku. Zalety: - wysoka jakość wykończenia bloku, - spokojna okolica, - punkty usługowe, sklepy w pobliżu budynku, - idealne skomunikowanie z miastem, - dobra cena. Więcej informacji: Kupujący nie płaci podatku PCC (oszczędność ok. 15 tys.). Mieszkanie można obejrzeć praktycznie każdego dnia (wskazany kontakt telefoniczny dzień wcześniej). Zadzwoń, aby umówić się na prezentację mieszkania.",tak,,aneks,,własność,,53.143656,23.140135
Białystok,ul. Krucza,2,51,450000,8824,bez pośredników,,10,https://adresowo.pl/o/mieszkanie-bialystok-ul-krucza-2-pokojowe-p9y8m1,https://s2.adresowa.pl/oi/52/2c/397b52_27e4_cover@2x-2-pokojowe-mieszkanie-bialystok-ul-krucza.webp,Białystok ,Krucza,4,1998,blok,,"Mieszkanie składa się z oddzielnej kuchni oraz 2 dużych pokoi. Skosy nie wliczają się do metrażu i dają dodatkową powierzchnię ok. 10 m² (wygospodarowane np. na pomieszczenie z pralką i suszarką). W mieszkaniu oprócz grzejników jest również ogrzewanie podłogowe. W 2021 wymieniono całą stolarkę okienną, co miało związek z remontem dachu (zmiana pokrycia dachu, na której leżała papa). Do mieszkania należy duża piwnica, ok. 5 m². Blok nie posiada windy. Mieszkanie z klimatem - zdjęcia nie oddają rzeczywistości. Zapraszam do kontaktu i oglądania.",tak,,osobna,,własność,,53.110699,23.131464
Białystok Centrum,ul. Józefa Marjańskiego 3,3,77,805000,10455,bez pośredników,,25,https://adresowo.pl/o/mieszkanie-bialystok-centrum-ul-jozefa-marjanskiego-3-pokojowe-i7k8e2,https://s2.adresowa.pl/oi/3d/12/39765e_4743_cover@2x-3-pokojowe-mieszkanie-bialystok-centrum-ul-jozefa-marjanskiego.webp,Białystok Centrum,Józefa Marjańskiego 3,6,2004,apartamentowiec,,"Sprzedam mieszkanie w dobrym stanie, mozliwosc zamieszkania od razu po wydaniu kluczy. Nieruchomosc posiada ksiege wieczysta i jest to pelna wlasnosc Nieruchomosc znajduje sie na szóstym pietrze i ma powierzchnie 77,2m2 Sklada sie salonu z aneksem kuchennym (36,4m2)korytarz (4,4m2) zabudowany szafami , sypialni (17,4 m2), dodatkowy pokoj -gabinet(10,6m2),salon lazienkiegowy z wanną i prysznicem( 8,4m2). Zabudowa kuchni nowa ,wyposażona jest w nowoczesne sprzęty, takie jak lodówka, mikrofala, piekarnik i zmywarka. Pralka -suszarka w zabudowie w przedpokoju. Wyposazenie(meble ,RTV) zostanie. Mieszkanie wyposazone w klimatyzacje LG(chlodzenie-grzanie) Miezkanie położone w ścisłym centrum Białegostoku.Dla mieszkancow przeznaczony jest parking przy budynku do ktorego jest mozliwy wjazd za pomoca karty dostepu Agencjom Pośrednictwa dziękuję,prosze nie dzwonić!!! Cena mieszkania do negocjacji!!!",,,aneks,plastikowe,własność,"Wyposażenie: klimatyzacje, lodówka, piekarnik, pralka, suszarka, tv, zmywarka",53.129769,23.154625
Białystok Dziesięciny,ul. Generała Józefa Hallera,2,48,450000,9375,bez pośredników,,20,https://adresowo.pl/o/mieszkanie-bialystok-dziesieciny-ul-generala-jozefa-hallera-2-pokojowe-r0e7s1,https://s2.adresowa.pl/oi/76/13/394756_b676_cover@2x-2-pokojowe-mieszkanie-bialystok-dziesieciny-ul-generala-jozefa-hallera.webp,Białystok Dziesięciny,Generała Józefa Hallera,3,1985,blok,,"Mam do sprzedania dwustronne, słoneczne mieszkanie 2 pokojowe z oddzielną kuchnią, dużym przedpokojem, łazienką i WC. - Lokal sprzedaję z całym wyposażeniem (jak na załączonych zdjęciach). - Do lokalu przynależy piwnica. - Osiedle jest bardzo dobrze skomunikowane z innymi częściami miasta, blisko centrum. - W pobliżu szkoła, przedszkola, banki, sklepy, apteki, ryneczek. - Bardzo blisko przystanek autobusowy. Sprzedaż bez pośredników.",tak,tak,osobna,,,,53.152694,23.125537
Białystok Leśna Dolina,ul. Powstańców,3,63,608265,9655,bez pośredników,,12,https://adresowo.pl/o/mieszkanie-bialystok-lesna-dolina-ul-powstancow-3-pokojowe-a7z4v0,https://s2.adresowa.pl/oi/63/5f/3946b0_f113_cover@2x-3-pokojowe-mieszkanie-bialystok-lesna-dolina-ul-powstancow.webp,Białystok Leśna Dolina,Powstańców,4,1991,blok,,"Oferuję na sprzedaż słoneczne i przestronne mieszkanie o powierzchni 63,8 m². Znajduje się na 4. piętrze czteropiętrowego, jednoklatkowego bloku z 1991 roku, po termomodernizacji i z wyremontowaną klatką schodową. Odnowione mieszkanie posiada balkon, piwnicę oraz duży parking, co zwiększa komfort codziennego użytkowania. Mieszkanie jest komfortowe, przestronne, wyposażone: - zabudowy w każdym pokoju - klimatyzacja 2-letnia - pralka 2-letnia - zmywarka 4-letnia - lodówka 2-letnia - kuchenka - piekarnik - 2 telewizory - doprowadzone zasilanie 3-fazowe Nieruchomość znajduje się w dogodnej lokalizacji. W pobliżu: - przystanki autobusowe (Popiełuszki, Batalionów Chłopskich, Sikorskiego) - sklepy spożywcze (Dealz, Carrefour, Lidl, Biedronki) - restauracje (Hacienda, Sponti Pizza) - szkoły i przedszkola (Szkoły Podstawowe nr 43, 44, 49, V LO, XIV LO, Żłobek Miejski nr 6) - świątynie - pływalnia rodzinna, siłownie - dużo placów zabaw - tereny zielone (Park Janiny Kurkowskiej-Spychajowej, Las Bacieczkowski) Zainwestuj w swoje przyszłe miejsce do życia! Skontaktuj się, aby umówić się na prezentację.",tak,,osobna,,,"Wyposażenie: klimatyzacja, kuchenka, lodówka, piekarnik, pralka, telewizor, zmywarka",53.129138,23.092976
Białystok Centrum,ul. Jurowiecka,2,44,655000,14886,bez pośredników,,14,https://adresowo.pl/o/mieszkanie-bialystok-centrum-ul-jurowiecka-2-pokojowe-b4n9n4,https://s2.adresowa.pl/oi/5e/2c/3929e2_353d_cover@2x-2-pokojowe-mieszkanie-bialystok-centrum-ul-jurowiecka.webp,Białystok Centrum,Jurowiecka,6,2023,apartamentowiec,,"Na sprzedaż: 2-pokojowe mieszkanie z balkonem. LOKALIZACJA: ul. Jurowiecka 11, piętro 6. PARAMETRY: * Powierzchnia: 44,5 m². * Liczba pokoi: 2. * Piętro: 6. OPIS: Mieszkanie zamieszkałe przez 6 miesięcy (prawie nowe). Wysoki standard wykończenia. Sprzedaje w pełni umeblowane, jak na foto. ROZKŁAD POMIESZCZEŃ: * Salon z aneksem kuchennym. * Sypialnia. * Łazienka z WC. * Balkon. WYPOSAŻENIE: * Pomieszczenia klimatyzowane. * Eterycznie regulowane rolety. * Kamienne blaty w kuchni i łazience. * Wszystkie meble zostały wykonane na wymiar. * Kuchnia wyposażona w AGD: płyta indukcyjna, lodówka, piekarnik, zmywarka, mikrofalówka. ATUTY LOKALIZACJI: Doskonała lokalizacja. W pobliżu żłobki, przedszkola, sklepy, liczne restauracje itp. INFORMACJE DODATKOWE: * Możliwość dokupienia miejsca parkingowego w cenie 47 000 zł. BEZ POŚREDNIKÓW - SPRZEDAŻ PRYWATNA.",,tak,aneks,,własność,"Wyposażenie: lodówka, mikrofalówka, piekarnik, zmywarka",53.137383,23.161303
Białystok Wygoda,ul. Wasilkowska,3,58,479000,8259,bez pośredników,,20,https://adresowo.pl/o/mieszkanie-bialystok-wygoda-ul-wasilkowska-3-pokojowe-u4x2h6,https://s2.adresowa.pl/oi/71/3e/38f644_f8e3_cover@2x-3-pokojowe-mieszkanie-bialystok-wygoda-ul-wasilkowska.webp,Białystok Wygoda,Wasilkowska,2,1975,blok,,"Sprzedam mieszkanie 4 pokojowe - ( w tym 1 pokój przerobiony na garderobę) przy ulicy Wasilkowskiej na osiedlu Wygoda. Mieszkanie znajduje się w świetnej lokalizacji, blisko centrum miasta - (5 min. od ścisłego centrum - węzła komunikacyjnego ulic Sienkiewicza/Piłsudskiego skąd można się dostać praktycznie wszędzie bez przesiadek komunikacją miejską). W pobliżu dużo sklepów - ( Netto, Społem, Żabka, Chorten), wiele zakładów usługowych - ( fryzjer, krawiec, szefc), aptek, a także przedszkole. Mieszkanie jest dwustronne, bardzo jasne, bardzo cieple. Okna wychodzą na północ i południe. Przed blokiem jest duży parking dla mieszkańców odgrodzony szlabanem, a także plac zabaw dla najmłodszych. Dużo zieleni. Mieszkanie przeszło generalny remont w 2017r. Instalacja elektryczna miedziana. Wymieniona hydraulika w kuchni i łazience. W całym mieszkaniu nowe oświetlenie - (żyrandole oraz żarówki typu LED). Wymieniona stolarka okienno/drzwiowa. Nowe parapety drewniane, lakierowane. Okna PCV, drzwi zewnętrzne antywłamaniowe Gerda certyfikowane wraz z ościeżnicą i stalowym progiem Gerda. Drzwi wewnętrzne Porta. Kuchnia po remoncie - (nowe szafki, kuchenka, okap oraz lodówka). W łazience nowa hydraulika - (nowe baterie, nowy kompakt oraz kaloryfer, wanna z tworzywa sztucznego). W mieszkaniu ściany i sufit gładź. Na podłogach panele w pokojach i kuchni, w łazience i ubikacji glazura oraz terakota. W mieszkaniu jest bardzo dużo pojemnych szaf w których można pomieścić dużo rzeczy. Możliwa sprzedaż mieszkania wraz z nowymi meblami oraz sprzętem AGD zakupionymi po remoncie do uzgodnienia. Niskie koszty eksploatacji lokalu. Wynoszą około 665zł. Świadectwo energetyczne uzyskam w ciągu 2 dni roboczych.",tak,,osobna,plastikowe,spółdzielcze własnościowe,"Wyposażenie: kuchenka, lodówka",53.14459,23.18115
Białystok,ul. Lipowa,1,24,315000,13125,bez pośredników,,4,https://adresowo.pl/o/mieszkanie-bialystok-ul-lipowa-1-pokoj-h7s2b3,https://s2.adresowa.pl/oi/60/7c/38e5d4_7960_cover@2x-1-pokojowe-mieszkanie-bialystok-ul-lipowa.webp,Białystok ,Lipowa,3,1960,blok,,"Sprzedam bezpośrednio kawalerkę 24,5 m, na trzecim piętrze, ul. Lipowa. Kawalerka do wprowadzenia się, standard odpowiedni. 3. piętro. Sprzedam, stan z wyposażeniem, piwnica. Proszę, aby nie dzwonili agencji nieruchomości.",tak,tak,osobna,,,,53.133521,23.15165
Białystok Bojary,ul. Józefa Ignacego Kraszewskiego,2,47,450000,9574,bez pośredników,,7,https://adresowo.pl/o/mieszkanie-bialystok-bojary-ul-jozefa-ignacego-kraszewskiego-2-pokojowe-w7t0g8,https://s2.adresowa.pl/oi/55/19/38011c_fed8_cover@2x-2-pokojowe-mieszkanie-bialystok-bojary-ul-jozefa-ignacego-kraszewskiego.webp,Białystok Bojary,Józefa Ignacego Kraszewskiego,3,1988,blok,,"Sprzedam mieszkanie M3 o powierzchni użytkowej 47,1 m2, zlokalizowane w Białymstoku na osiedlu Bojary przy ul. J.I. Kraszewskiego. Mieszkanie dwustronne, słoneczne, położone na III piętrze: - dwa pokoje, - duży balkon, - niezależna kuchnia, - łazienka z wanną i umywalką, - oddzielne WC, - przestronny korytarz z miejscem na wbudowanie 3 szaf. W pokojach parkiet drewniany. Do mieszkania przynależy również piwnica. Mieszkanie do odświeżenia. Dodatkowe informacje: - Budynek z 1988 roku (4 kondygnacje, bez windy). - Kilka lat temu został ocieplony i także zyskał nową elewację. - Odmalowane zostały klatki schodowe. - W mieszkaniu została wymieniona stolarka okienna. Atutem jest dobra lokalizacja: - sprzyja rekreacji i spacerom, wkoło dużo zieleni, - w pobliżu: centrum, Pałac Branickich, urzędy, przystanki autobusowe, szkoły, przedszkola, place zabaw, sklepy, przychodnia medyczna itp.",tak,,osobna,,własność,,53.138,23.176001
Białystok Centrum,al. Józefa Piłsudskiego,2,48,465500,9698,bez pośredników,,8,https://adresowo.pl/o/mieszkanie-bialystok-centrum-al-jozefa-pilsudskiego-2-pokojowe-n2v7b5,https://s2.adresowa.pl/oi/65/13/37de02_38a5_cover@2x-2-pokojowe-mieszkanie-bialystok-centrum-al-jozefa-pilsudskiego.webp,Białystok Centrum,Józefa Piłsudskiego,2,1980,blok,,"Zadbane, przestronne i elegancko wykończone mieszkanie zlokalizowane w centrum Białegostoku przy ul. Piłsudskiego. Na powierzchnię 48,9 m2 składają się: * przestronny, słoneczny salon o pow. 20 m2 z ew. możliwością podziału na 2 pokoje, * kuchnia o pow. 9 m2, * sypialnia 11 m2, * przedpokój, * łazienka. Kuchnia w pełni wyposażona, dodatkowo uzdatniacz wody z kranikiem do nalewania. Nieruchomość o układzie dwustronnym, po generalnym remoncie sprzed kilku lat. Nowe, wymienione instalacje, drzwi antywłamaniowe, a także nowe plastikowe okna. Do mieszkania przynależy piwnica o pow. 4 m2. Blok z cegły, po termomodernizacji. Klatki schodowe czyste, odremontowane. Mieszkanie rogowe bez balkonu. Na uwagę zasługuje lokalizacja w centrum miasta, blisko wielu atrakcji: * restauracji, * sklepów, * marketów, * galerii handlowych, * przychodni, * miejsc religijnych. Niedaleko znajduje się też park, teatr, opera. Blisko do dworca PKS i PKP. Atrakcyjna oferta pod kątem zamieszkania lub inwestycyjnie. Istnieje możliwość wynajmu",tak,,,,,,53.136002,23.157
Białystok Os. Młodych,ul. Hetmańska,3,52,630000,12115,bez pośredników,,13,https://adresowo.pl/o/mieszkanie-bialystok-os-mlodych-ul-hetmanska-3-pokojowe-b1z6s2,https://s2.adresowa.pl/oi/36/2c/37b030_65db_cover@2x-3-pokojowe-mieszkanie-bialystok-os-mlodych-ul-hetmanska.webp,Białystok Os. Młodych,Hetmańska,2,2024,blok,,"Dzień dobry, Sprzedam mieszkanie widoczne na zdjęciach. Więcej informacji telefonicznie Umeblowane",,tak,aneks,,własność,,53.12469,23.115352
Białystok,ul. gen. Józefa Bema,3,60,499000,8317,bez pośredników,,14,https://adresowo.pl/o/mieszkanie-bialystok-ul-gen-jozefa-bema-3-pokojowe-p9l4e2,https://s2.adresowa.pl/oi/64/76/376938_bab3_cover@2x-3-pokojowe-mieszkanie-bialystok-ul-gen-jozefa-bema.webp,Białystok ,gen. Józefa Bema,3,1985,blok,,"Lokalizacja: Osiedle Bema, Białystok Powierzchnia: 60 m² Stan: Do remontu (mieszkanie nadaje się do zamieszkania) Piętro: 3 Liczba pokoi: 3 Oddzielna kuchnia Oddzielna łazienka i WC Duży balkon Dostępność: Do uzgodnienia Do mieszkania przynależy piwnica 3 m² Mieszkanie dwustronne, bardzo jasne. Teren zamknięty (osiedle ogrodzone i szlaban), dużo miejsc parkingowych dla mieszkańców. Na sprzedaż przestronne mieszkanie o powierzchni 60 m² położone w jednej z najbardziej poszukiwanych dzielnic Białegostoku - na osiedlu Bema. Idealne dla osób szukających inwestycji lub chcących urządzić wnętrze według własnych potrzeb i gustu. - Cicha i spokojna okolica - dużo zieleni, z dala od zgiełku miasta. - Świetna lokalizacja - blisko Politechniki Białostockiej, komunikacji miejskiej, sklepów i punktów usługowych. - Rozkładowe pomieszczenia - mieszkanie z dużym potencjałem aranżacyjnym. - Doskonałe dla inwestora - idealne pod wynajem dla studentów lub młodych rodzin. Cena: OKAZJA! - Atrakcyjna cena za m²! Sprzedaż bezpośrednia - oszczędność z uwagi na brak biura nieruchomości! Obecne stawki biur nieruchomości są bardzo wysokie, a wszelkie formalności oraz odpowiedzialność prawną oraz pracę i tak wykonuje/ponosi notariusz. Zainteresowany? Zadzwoń już dziś i umów się na prezentację!",tak,,osobna,,własność,,53.118999,23.135
Białystok Antoniuk,ul. Ukośna,2,46,630000,13696,bez pośredników,,7,https://adresowo.pl/o/mieszkanie-bialystok-antoniuk-ul-ukosna-2-pokojowe-m6h7t6,https://s2.adresowa.pl/oi/51/79/376780_e327_cover@2x-2-pokojowe-mieszkanie-bialystok-antoniuk-ul-ukosna.webp,Białystok Antoniuk,Ukośna,1,2021,blok,,"Nowoczesny blok(4 letni), mieszkanie jest na 1 piętrze w bloku jest winda duża piwnica duży balkon umeblowane prywatne miejsce parkingowe oddzielna kuchnia przy wyjściu z klatki plac zabaw 5min samochodem do centrum, blisko szkoła podstawowa, liceum, przedszkole, kościół, okolica dobrze skomunikowana z resztą miasta cicha i spokojna okolica mieszkanie było mało uytkowane",tak,,osobna,,własność,,53.144001,23.139999
Białystok Centrum,ul. Łąkowa,4,111,890000,8018,bez pośredników,,8,https://adresowo.pl/o/mieszkanie-bialystok-centrum-ul-lakowa-4-pokojowe-u7a9m1,https://s2.adresowa.pl/oi/5f/48/372896_bdbe_cover@2x-4-pokojowe-mieszkanie-bialystok-centrum-ul-lakowa.webp,Białystok Centrum,Łąkowa,5,2006,blok,,"Przestronne, 111-metrowe mieszkanie w centrum Białegostoku, na rogu ulicy Ryskiej i Łąkowej. Znajdujące się na V piętrze pięciopiętrowego budynku, w bezpośrednim sąsiedztwie Centrum Handlowego Ryska z Biedronką i Rossmannem. Mieszkanie było wykorzystywane jako biuro. Główną część stanowi przestronny salon zamieniony w openspace, oraz trzy pokoje. łazienka bez prysznica i wanny, ale z wyjściami do podłączenia kabiny prysznicowej (na potrzeby działalności biurowej prysznic nie był konieczny). Budynek z nowoczesna windą (wymienioną na nową 2 lata temu). Razem z lokalem mogę sprzedaż dwa garaże zlokalizowane w budynku. Cena garaży do uzgodnienia w przypadku zainteresowania kupnem mieszkania. Zapraszam do kontaktu.",,,,,własność,,53.139999,23.174999
Białystok Centrum,ul. Jana Sobieskiego,2,45,430000,9556,bez pośredników,,12,https://adresowo.pl/o/mieszkanie-bialystok-centrum-ul-jana-sobieskiego-2-pokojowe-x3l6q8,https://s2.adresowa.pl/oi/58/2d/36c4ea_66dc_cover@2x-2-pokojowe-mieszkanie-bialystok-centrum-ul-jana-sobieskiego.webp,Białystok Centrum,Jana Sobieskiego,4,1970,blok,,"Blok z cegły, po termomodernizacji. Dwa pokoje niezależne. Okna: wschód-duży pokoj, zachód-mniejszy pokój i kuchnia. Spokojna, bezpieczna okolica, blisko centrum. Doskonała komunikacja. Dużo zieleni wokół, Po remoncie, nowe instalacje, dwa niezależne pokoje. Księga wieczysta. Zapraszam.",tak,,,plastikowe,własność,,53.139,23.174999
Białystok,,3,66,572760,8678,bez pośredników,,8,https://adresowo.pl/o/mieszkanie-bialystok-3-pokojowe-66-m2-f6g1v1,https://s2.adresowa.pl/oi/3a/7f/36e392_6df4_cover@2x-3-pokojowe-mieszkanie-bialystok.webp,Białystok,,1,2025,blok,,"Mieszkanie o pow. 66,60 m2. Składa się z: - 3 pokoi, - osobnej kuchni, - WC, - łazienki, - dużego przedpokoju, - garderoby. Do mieszkania przynależy również piwnica na parterze. Na placu przy budynku znajduje się ogrodzone miejsce postojowe.",tak,tak,osobna,,,,53.132999420166,23.16900062561
Białystok Skorupy,ul. Wczasowa,3,81,449000,5543,bez pośredników,,18,https://adresowo.pl/o/mieszkanie-bialystok-skorupy-ul-wczasowa-3-pokojowe-m2c6f6,https://s2.adresowa.pl/oi/4e/6b/36cc8c_80b4_cover@2x-3-pokojowe-mieszkanie-bialystok-skorupy-ul-wczasowa.webp,Białystok Skorupy,Wczasowa,2,1993,blok,,"Bezczynszowe umeblowane mieszkanie w cichej okolicy wśród domów jednorodzinnych. Blisko tereny zielone i plaża miejska, szkoła podstawowa nr 20, przedszkole, przychodnia, poczta, apteka, basen. Sklepy Lidl, Biedronka. Przystanki autobusowe linii nr 1, 15 i 17. Media: Woda z wodociągu, kanalizacja miejska, prąd, gaz, internet. Mieszkanie posiada oddzielną klatkę schodową, oraz ma własną księgę wieczystą i certyfikat energetyczny. Działka o powierzchni 566 m2 (1/3 udziału w częściach wspólnych) Na podwórku znajduje się dodatkowe pomieszczenie gospodarcze idealne na skuter, rowery czy kosiarkę. Jest również miejsce parkingowe na samochody. W piwnicy znajduje się kotłownia o powierzchni 11,56 i pomieszczenie gospodarcze 11,10 m2. Dom ocieplony styropianem i sidingiem, nowe okna 3-szybowe firmy Abacus Brugmann, wentylacja mechaniczna z odzyskiem ciepła, nowy dach. Mieszkanie jest ogrzewane gazem (piec dwufunkcyjny z zamkniętą komorą spalania i sterownikiem bezprzewodowym). Roczne zużycie gazu na gotowanie, kąpiel i ogrzewanie wynosi od 400 do 600m3. Dodatkowo w piwnicy znajduje się piec na paliwo stałe. W mieszkaniu jest oddzielna kuchnia i 2 oddzielne WC, oraz łazienka z wanną i prysznicem.",tak,tak,osobna,plastikowe,własność,Wyposażenie: internet,53.118,23.222
Białystok Centrum,ul. gen. Józefa Bema,4,48,555000,11562,bez pośredników,,8,https://adresowo.pl/o/mieszkanie-bialystok-centrum-ul-gen-jozefa-bema-4-pokojowe-k9d1o9,https://s2.adresowa.pl/oi/2b/7b/36074a_cd16_cover@2x-4-pokojowe-mieszkanie-bialystok-centrum-ul-gen-jozefa-bema.webp,Białystok Centrum,gen. Józefa Bema,1,1972,blok,,"Na sprzedaż bardzo ładne i funkcjonalne mieszkanie o pow.48m2 zlokalizowane przy ul. Bema w Białymstoku po Gruntownym remoncie (wszystko starannie wykonane) Mieszkanie dla osób wymagających, poszukujących bardzo dobrej jakości. W ramach modernizacji zamontowano nowe centralne ogrzewanie, co zapewnia efektywne i ekonomiczne ogrzewanie pomieszczeń. OPIS NIERUCHOMOŚCI. -Ustawne 48m2 -Mieszkanie 4-pokojowe,salon z aneksem kuchennym,3 sypialnie przedpokój ,łazienka z WC -Aneks kuchenny wyposażony w sprzęty AGD: Piekarnik elektr. Płyta indukcyjna, Okap, Lodówka, Zmywarka -Łazienka z prysznicem i toaletą -Nowe instalacje elektryczne i hydrauliczne -Pierwsze piętro w czteropiętrowym bloku -Dodatkowo przynależny balkon oraz piwnica (2m2) -Fajna i stylowa aranżacja oraz wykończenie Dogodna lokalizacja centrum miasta sprawia, że mieszkanie jest atrakcyjne dla osób ceniących wygodę życia miejskiego. Parking przed blokiem (duża dostępność miejsc parkingowych) zabezpieczony szlabanem na pilot, dodaje wygody mieszkańcom. Nieruchomość jest wolna od wad prawnych czy zadłużeń obecnie nikt pod tym adresem nie jest zameldowany To miejsce stanowi doskonałą propozycję dla tych, którzy poszukują nowoczesnego i funkcjonalnego lokum. Mieszkanie aktualnie zostało w pełni umeblowane i wynajęte studentkom więc sprzedaż jest przeznaczona w tej chwili wyłącznie do inwestorów, którzy chcą zainwestować w nieruchomości i zarabiać. Pełna własność z Księgą Wieczystą. Wydanie mieszkania bezpośrednio po sprzedaży",tak,,aneks,,własność,"Wyposażenie: lodówka, piekarnik, zmywarka",53.120998,23.141001
Białystok Bagnówka,ul. Ignacego Mościckiego,4,146,820000,5616,bez pośredników,,7,https://adresowo.pl/o/mieszkanie-bialystok-bagnowka-ul-ignacego-moscickiego-4-pokojowe-g9c3d9,https://s2.adresowa.pl/oi/74/6e/355c5e_4d2e_cover@2x-4-pokojowe-mieszkanie-bialystok-bagnowka-ul-ignacego-moscickiego.webp,Białystok Bagnówka,Ignacego Mościckiego,parter,2024,,,"Na sprzedaż segmenty - Osiedle Bagnówka, ul. Mościckiego, Białystok Bezpośrednio od właściciela, bez podatku PCC! Oferujemy na sprzedaż nowoczesne, komfortowe segmenty w prestiżowej lokalizacji na Osiedlu Bagnówka w Białymstoku. Osiedle łączy bliskość natury z dogodnym dostępem do centrum miasta, zapewniając wygodne warunki do życia dla rodzin z dziećmi. Wysoka jakość materiałów budowlanych oraz staranność wykonania gwarantują komfort, bezpieczeństwo i trwałość na lata. BUDYNEK: - Ławy fundamentowe: Żelbetowe. - Ściany zewnętrzne: Pustak Wienerberger Porotherm - doskonała izolacja termiczna i akustyczna. - Stropy: Żelbetowe monolityczne. - Dach: Dwuspadowy, blacha na rąbek, producent Pruszyński. - Elewacja: Styropian o grubości 20 cm, pokryty tynkiem silikonowym. - Izolacja termiczna: Płyty styropianowe grafitowe do fasad, 12 cm. - Stolarka okienna: PCV, 7-komorowe, 3-szybowe, producent Witraż - renomowana marka gwarantująca niezawodność, doskonałą izolacyjność termiczną i akustyczną. - Drzwi wejściowe: Gerda z podwójnym zamkiem - najwyższy poziom bezpieczeństwa. - Parapety zewnętrzne: Wykonane z granitu. WYKOŃCZENIA WEWNĘTRZNE ORAZ INSTALACJE: - Ściany wewnętrzne: Pustak ceramiczny. - Ściany wspólne: Oddzielone dylatacją oraz pustakiem ceramicznym. - Tynki wewnętrzne: Cementowo-wapienne, nakładane maszynowo. - Podłoża pod posadzki: Podłoża cementowe. - Ogrzewanie: Podłogowe na całej powierzchni, z izolacją termiczną ze styropianu (15 cm). - Wentylacja: Grawitacyjna. - Instalacja centralnego ogrzewania: Piec gazowy BOSCH z wbudowanym zasobnikiem wody. - Instalacja wodno-kanalizacyjna: Rury z tworzyw sztucznych, podejścia w łazienkach, toaletach i kuchniach. - Instalacja elektryczna: Gniazda 230 V, zabezpieczone wyłącznikami różnicowo-prądowymi; w kuchni 400V. - Instalacja internetowa: Światłowód wyprowadzony na poddasze. - Poddasze: Ocieplone wełną o współczynniku przewodzenia ciepła λ = 0,034 W/m·K. - Sufity: Docieplone i wyłożone płytami GK. GARAŻ I PARKING: - Garaż: Wolnostojący z drzwiami automatycznymi firmy Wiśniowski, powierzchnia 20 m². - Poddasze w garażu: Dodatkowa przestrzeń do przechowywania. - Miejsce postojowe: Wygodne parkowanie dla 2 aut. - Bramka: Z domofonem. - Wjazdy: 2 wjazdy na teren posesji, brama automatyczna, umożliwiająca wygodne użytkowanie. LOKALIZACJA I INFRASTRUKTURA: Segmenty znajdują się w prestiżowej i doskonale skomunikowanej części Białegostoku - Osiedle Bagnówka. Dojazd do centrum miasta zajmuje zaledwie kilka minut, a szybki dostęp do obwodnicy zapewnia wygodną komunikację. W najbliższej okolicy znajdują się: - Żłobek, przedszkole, szkoła podstawowa. - Sklep spożywczy, kościół, siłownia. - Przystanek autobusowy (w odległości kilku minut pieszo). - Liczne tereny zielone, idealne do spacerów i rekreacji. Dojazd do posesji prowadzi utwardzoną drogą z polbruku. DODATKOWE INFORMACJE: - Wysoka jakość materiałów budowlanych. - Doskonała izolacja akustyczna i termiczna. - Bezpieczeństwo i komfort użytkowania. - Szybka komunikacja z centrum. - Wygodne parkowanie. - Stan DEWELOPERSKI + piec gazowy. Zapraszam do kontaktu oraz obejrzenia inwestycji!",,,,,własność,Wyposażenie: internet,53.147999,23.223
Białystok,Wysoki Stoczek,3,61,545000,8934,bez pośredników,,7,https://adresowo.pl/o/mieszkanie-bialystok-wysoki-stoczek-3-pokojowe-61-m2-r1a2s5,https://s2.adresowa.pl/oi/10/48/34f6c0_d559_cover@2x-3-pokojowe-mieszkanie-bialystok-wysoki-stoczek.webp,Białystok Wysoki Stoczek,,3,1985,blok,,"Sprzedam 3-pokojowe mieszkanie na Wysokim Stoczku o powierzchni użytkowej 61,1 m2. Dodatkowo 20 m2 stanowią skosy i poddasze, które nie wchodzą do czynszu. Poddasze do zagospodarowania. - Niski blok z cegły. - Duży balkon. - 3. piętro, bez sąsiadów. - Dwustronne. - Zamknięty teren z parkingiem. - Widok na łąki i rzekę. - Do mieszkania przynależy piwnica. W pobliżu znajdują się: sklepy, apteka, szkoła, przychodnia, bank, kwiaciarnia, fryzjer, kosmetyczka itd.",tak,,,,,,53.144431,23.108999
Białystok Nowe Miasto,ul. Stanisława Dubois,2,51,435000,8529,bez pośredników,,9,https://adresowo.pl/o/mieszkanie-bialystok-nowe-miasto-ul-stanislawa-dubois-2-pokojowe-j5d1g8,https://s2.adresowa.pl/oi/1c/2b/34e54e_df2d_cover@2x-2-pokojowe-mieszkanie-bialystok-nowe-miasto-ul-stanislawa-dubois.webp,Białystok Nowe Miasto,Stanisława Dubois,1,1995,blok,,"Sprzedam mieszkanie na pierwszym piętrze, osiedle Nowe Miasto, ul. Dubois. Mieszkanie wygodne, ciepłe, dwustronne. Z korytarza przejście do wszystkich pomieszczeń. Blok ocieplony, wymienione okna. Mieszkanie w trakcie remontu. Ładne osiedle: dużo sklepów, przedszkola, szkoły, gabinety, usługi itd. Blok znajduje się w samym sercu osiedla. Przy bloku wszystkie linie MPK, toteż ułatwia szybki dojazd do centrum miasta, nie tylko autem. Zapraszam do kupna. Oferta bez pośredników.",,,,,spółdzielcze własnościowe,,53.106998,23.125
Białystok Centrum,ul. Żabia,2,70,620000,8857,bez pośredników,,8,https://adresowo.pl/o/mieszkanie-bialystok-centrum-ul-zabia-2-pokojowe-k4n9m7,https://s2.adresowa.pl/oi/46/37/33d45a_cf75_cover@2x-2-pokojowe-mieszkanie-bialystok-centrum-ul-zabia.webp,Białystok Centrum,Żabia,1,2022,blok,,"Na sprzedaż bardzo ładne oraz przestrzenne mieszkanie w Centrum Białegostoku przy ulicy Żabiej 20. Powierzchnia 70 m². Wysokość mieszkania to 3,15 m. Mieszkanie znajduje się na I piętrze w bloku z cegły. W odległości 600 m Galeria Handlowa Jurowiecka. Lokal składa się z: - Bardzo dużego salonu z aneksem kuchennym - 40 m². - Sypialnia - 18 m² z możliwością wydzielenia 2 odrębnych pokoi. - Łazienka - 8 m². - Korytarz - 4 m². Kuchnia z wyspą, na wyposażeniu lodówka, płyta indukcyjna, piekarnik, zmywarka. W salonie duża narożna skórzana kanapa. Łazienka z wanną oraz kabiną prysznicową. Umeblowanie w cenie mieszkania. Zapraszam do kontaktu telefonicznego.",,,aneks,,,"Wyposażenie: lodówka, piekarnik, zmywarka",53.137001,23.150999
Białystok Bagnówka,ul. Ignacego Mościckiego,4,146,940000,6438,bez pośredników,,14,https://adresowo.pl/o/mieszkanie-bialystok-bagnowka-ul-ignacego-moscickiego-4-pokojowe-h0b1g8,https://s2.adresowa.pl/oi/4b/6c/33a064_6878_cover@2x-4-pokojowe-mieszkanie-bialystok-bagnowka-ul-ignacego-moscickiego.webp,Białystok Bagnówka,Ignacego Mościckiego,parter,2024,,,"NA SPRZEDAŻ SEGMENTY - Osiedle Bagnówka, ul. Mościckiego, Białystok *** Bezpośrednio od właściciela, bez podatku PCC! *** Oferujemy na sprzedaż nowoczesne, komfortowe segmenty w prestiżowej lokalizacji na Osiedlu Bagnówka w Białymstoku. Osiedle łączy bliskość natury z dogodnym dostępem do centrum miasta, zapewniając wygodne warunki do życia dla rodzin z dziećmi. Wysoka jakość materiałów budowlanych oraz staranność wykonania gwarantują komfort, bezpieczeństwo i trwałość na lata. --- BUDYNEK --- • Ławy fundamentowe: Żelbetowe. • Ściany zewnętrzne: Pustak Wienerberger Porotherm - doskonała izolacja termiczna i akustyczna. • Stropy: Żelbetowe monolityczne. • Dach: Dwuspadowy, blacha na rąbek, producent Wiśniowski. • Elewacja: Styropian o grubości 20 cm, pokryty tynkiem silikonowym. • Izolacja termiczna: Płyty styropianowe grafitowe do fasad, 12 cm. • Stolarka okienna: PCV, 7-komorowe, 3-szybowe, producent Witraż - renomowana marka gwarantująca niezawodność, doskonałą izolacyjność termiczną i akustyczną. • Drzwi wejściowe: Gerda z podwójnym zamkiem - najwyższy poziom bezpieczeństwa. • Parapety zewnętrzne: Wykonane z granitu. --- WYKOŃCZENIA WEWNĘTRZNE ORAZ INSTALACJE --- • Ściany wewnętrzne: Pustak ceramiczny. • Ściany wspólne: Oddzielone dylatacją oraz pustakiem ceramicznym. • Tynki wewnętrzne: Cementowo-wapienne, nakładane maszynowo. • Podłoża pod posadzki: Podłoża cementowe. • Ogrzewanie: Podłogowe na całej powierzchni, z izolacją termiczną ze styropianu (15 cm). • Wentylacja: Grawitacyjna. • Instalacja centralnego ogrzewania: Piec gazowy BOSCH z wbudowanym zasobnikiem wody. • Instalacja wodno-kanalizacyjna: Rury z tworzyw sztucznych, podejścia w łazienkach, toaletach i kuchniach. • Instalacja elektryczna: Gniazda 230 V, zabezpieczone wyłącznikami różnicowo-prądowymi; w kuchni 400 V. • Instalacja internetowa: Światłowód wyprowadzony na poddasze. • Poddasze: Ocieplone wełną o współczynniku przewodzenia ciepła λ = 0,034 W/m·K. --- GARAŻ I PARKING --- • Garaż: Wolnostojący z drzwiami automatycznymi, powierzchnia 20 m². • Poddasze w garażu: Dodatkowa przestrzeń do przechowywania. • Miejsce postojowe: Wygodne parkowanie dla 2 aut. • Bramka: Z domofonem. • Wjazdy: 2 wjazdy na teren posesji z bramami automatycznymi, umożliwiające wygodne użytkowanie. --- LOKALIZACJA I INFRASTRUKTURA --- Segmenty znajdują się w prestiżowej i doskonale skomunikowanej części Białegostoku - Osiedle Bagnówka. Dojazd do centrum miasta zajmuje zaledwie kilka minut, a szybki dostęp do obwodnicy zapewnia wygodną komunikację. W najbliższej okolicy znajdują się: • Żłobek, przedszkole, szkoła podstawowa. • Sklep spożywczy, kościół, siłownia. • Przystanek autobusowy (w odległości kilku minut pieszo). • Liczne tereny zielone, idealne do spacerów i rekreacji. • Dojazd do posesji prowadzi utwardzoną drogą z polbruku. --- DODATKOWE INFORMACJE --- • Wysoka jakość materiałów budowlanych. • Doskonała izolacja akustyczna i termiczna. • Bezpieczeństwo i komfort użytkowania. • Szybka komunikacja z centrum. • Wygodne parkowanie. Zapraszam do kontaktu oraz obejrzenia inwestycji!",,,,,,Wyposażenie: internet,53.147999,23.223
Białystok Białostoczek,ul. Radzymińska,3,61,480000,7869,bez pośredników,,13,https://adresowo.pl/o/mieszkanie-bialystok-bialostoczek-ul-radzyminska-3-pokojowe-a5q4r3,https://s2.adresowa.pl/oi/6b/5c/33797e_cfb4_cover@2x-3-pokojowe-mieszkanie-bialystok-bialostoczek-ul-radzyminska.webp,Białystok Białostoczek,Radzymińska,8,1981,blok,,"Na sprzedaż wyjątkowe, przestronne mieszkanie o powierzchni użytkowej 60.10m2. Do mieszkania przynależy duży balkon z pięknym widokiem na całe miasto, mieszkanie znajduje się na 8 piętrze. W skład nieruchomości wchodzą 3 nieprzechodnie, funkcjonalne pokoje, przedpokój, kuchnia, łazienka + WC. Mieszkanie bardzo jasne i słoneczne. Pod koniec 2023r. przeszło gruntowny remont, wykończone wysokiej jakości materiałami. W kuchni i łazience podczas remontu ułożone płytki i pomalowane ściany - do odświeżenia wedle uznania. Jest gotowe do zamieszkania bez konieczności dodatkowych nakładów finansowych. W pełni wyposażone. Do mieszkania przynależy komórka lokatorska mieszcząca się na półpiętrze ok. 2m2. Pod blokiem bardzo duży parking, nigdy nie ma problemów z brakiem miejsc parkingowych. W pobliżu znajdują się liczne sklepy spożywcze, drogerie, punkty usługowe, apteki, bankomat, Kościół, szkoła, przedszkole, przychodnia. Doskonała komunikacja miejska, 2 minuty do przystanku autobusowego, kilka minut pieszo do centrum miasta. Dzięki bliskości obwodnicy doskonały dojazd w inne części miasta. Mieszkanie jest obecnie przeznaczone pod wynajem, jest możliwość kontynuacji wynajmu lub opuszczenia mieszkania przez lokatorów. Przy 3 osobach wysokość czynszu wynosi ok 850zł + opłaty za media. SPRZEDAŻ BEZPOŚREDNIA - AGENCJOM DZIĘKUJĘ",tak,,osobna,,własność,,53.145,23.150999
Białystok Centrum,ul. Chmielna,2,37,450000,12162,bez pośredników,,7,https://adresowo.pl/o/mieszkanie-bialystok-centrum-ul-chmielna-2-pokojowe-a3o1y7,https://s2.adresowa.pl/oi/33/2f/330f24_66db_cover@2x-2-pokojowe-mieszkanie-bialystok-centrum-ul-chmielna.webp,Białystok Centrum,Chmielna,5,2007,blok,,"Sprzedam bezpośrednio funkcjonalne, słoneczne, dwupokojowe mieszkanie 37,2 m2 (sypialnia, salon z aneksem kuchennym) w centrum miasta, przy ulicy Chmielnej, na osiedlu Sienkiewicza. Mieszkanie z 2007 roku, położone na 5. piętrze w 6-piętrowym bloku z windą, na osiedlu ogrodzonym. Agencjom dziękuję.",,,aneks,,,,53.143002,23.17
Białystok Białostoczek,ul. Radzymińska,3,60,485000,8083,bez pośredników,,10,https://adresowo.pl/o/mieszkanie-bialystok-bialostoczek-ul-radzyminska-3-pokojowe-y7k7z1,https://s2.adresowa.pl/oi/1c/7b/330c32_d5d6_cover@2x-3-pokojowe-mieszkanie-bialystok-bialostoczek-ul-radzyminska.webp,Białystok Białostoczek,Radzymińska,4,,blok,,"Na sprzedaż 4-pokojowe mieszkanie o powierzchni 60,4 m², położone na 4. piętrze w niskim bloku, przy ulicy Radzymińskiej. Przestrzeń mieszkalną stanowią: • kuchnia połączona z salonem, • 3 sypialnie, • łazienka łącznie z WC. Mieszkanie bardzo jasne, o dwustronnym rozkładzie. Dobrze doświetlone wnętrze. Posiada balkon oraz piwnicę. Wnętrze po kapitalnym remoncie. Wymieniono instalację elektryczną oraz wodno-kanalizacyjną. W cenie pozostają zabudowy stałe. Mieszkanie położone w cichej okolicy. Wokół bloku dużo zieleni. Osiedle dobrze skomunikowane z pozostałymi częściami miasta. Lokalizacja szczególnie polecana osobom stawiającym na szybkość dojazdu i bliskie sąsiedztwo centrum miasta. Dojazd do śródmieścia zajmuje parę minut, a dzięki bliskości obwodnicy doskonałe połączenie z każdą częścią miasta. Treść niniejszego ogłoszenia nie stanowi oferty handlowej w rozumieniu Kodeksu cywilnego.",tak,,osobna,,własność,,53.146999,23.153
Białystok Centrum,ul. Bohaterów Getta,3,80,745000,9312,bez pośredników,,8,https://adresowo.pl/o/mieszkanie-bialystok-centrum-ul-bohaterow-getta-3-pokojowe-o6t6w3,https://s2.adresowa.pl/oi/69/32/329f04_36de_cover@2x-3-pokojowe-mieszkanie-bialystok-centrum-ul-bohaterow-getta.webp,Białystok Centrum,Bohaterów Getta,4,1988,blok,,"BEZPOŚREDNIO! Centrum, ulica Bohaterów Getta. 3 pokoje, 80,5 m2, IV i ostatnie piętro bez windy. Sprzedam atrakcyjne mieszkanie w bloku z cegły z 1988 r. Mieszkanie, które niewielkim kosztem można przerobić na 2 oddzielne mieszkania. Możliwość aranżacji 4. pokoju (tak było w pierwotnym projekcie). W 2008 r. został wykonany generalny remont: wymieniono wszystkie instalacje oraz podłogi i podwieszono sufity. Ściany zostały wyciszone i pokryte suchymi tynkami. Podłogi w przedpokoju, łazience, WC i kuchni wyłożone gresem (ogrzewanie podłogowe). W mniejszych pokojach na podłogach panele, salon połączony z sypialnią - na podłodze parkiet. W pokojach i przedpokoju są szafy przesuwne, w kuchni zabudowa. Łazienka osobno od WC. W mieszkaniu jest instalacja alarmowa i przyłącza do kina domowego i telewizji satelitarnej. Mieszkanie dwustronne, balkon, dwie piwnice. Klatka schodowa po remoncie. Kameralny blok, 2 mieszkania na piętrze. Blisko: szkoła, przedszkole, skwer, liczne sklepy, usługi, Lidl, Biedronka, przystanek. Odrębna własność, możliwość założenia małej wspólnoty. Zapraszam do oglądania.",tak,,,,własność,,53.138000488281,23.150999069214
Białystok Bojary,ul. Józefa Ignacego Kraszewskiego,4,71,699000,9845,bez pośredników,,8,https://adresowo.pl/o/mieszkanie-bialystok-bojary-ul-jozefa-ignacego-kraszewskiego-4-pokojowe-o1z1n5,https://s2.adresowa.pl/oi/27/70/327b20_68fe_cover@2x-4-pokojowe-mieszkanie-bialystok-bojary-ul-jozefa-ignacego-kraszewskiego.webp,Białystok Bojary,Józefa Ignacego Kraszewskiego,2,1988,blok,,"DO SPRZEDANIA ATRAKCYJNE MIESZKANIE POŁOŻONE W BIAŁYMSTOKU W DZIELNICY BOJARY PRZY UL. KRASZEWSKIEGO 28A O POWIERZCHNI 71,6 M². Dużym atutem mieszkanie jest jego położenie w spokojnej i zielonej okolicy, która jest idealna dla osób ceniących prywatność, a jednocześnie bezpośredniość infrastruktury miejskiej. Komfortowe położenie mieszkania gwarantuje bliskość centrum miasta oraz dogodny dojazd do każdego miejsca w Białymstoku (spacerem do centrum miasta można dotrzeć w 10 minut). Mieszkanie położone jest na drugim piętrze w trzypiętrowym bloku z 1988 roku i składa się z 4 pokoi, osobnej kuchni z instalacją gazową, łazienki i toalety. Zaletą mieszkania jest jego dwustronna ekspozycja oraz funkcjonalny rozkład pomieszczeń. Na mieszkanie składają się: przestronny i słoneczny salon o powierzchni ok. 25 m², dwa pokoje - każdy o powierzchni ok. 9 m², sypialnia o powierzchni ok. 10 m², widna kuchnia o powierzchni 8,5 m², łazienka o powierzchni ok. 4 m² z wanną oraz osobna toaleta o powierzchni ok. 1,5 m². W korytarzu oraz sypialni znajduje się zabudowa stolarska pod wymiar, w pozostałych pokojach zaś meble ruchome. Mieszkanie posiada ogrzewanie miejskie. Do mieszkania przynależy przestronny balkon o powierzchni ok. 7 m² oraz duża piwnica (komórka lokatorska) o powierzchni ok. 20 m² z półkami i regałami. Do użytku mieszkańców klatki schodowej pozostaje również suszarnia. Przed blokiem znajdują się stojak na rowery, a także ogólnodostępne miejsca parkingowe. Z tyłu bloku znajduje się ogrodzony szlabanem i przeznaczony wyłącznie dla mieszkańców parking z miejscami postojowymi. Wokół bloku rozbudowana infrastruktura - sklepy (m.in. ALDI, Top Market, Biedronka), restauracje, apteki, przychodnia lekarska, szkoły oraz inna niezbędna infrastruktura. W pobliżu bloku znajdują się przystanki autobusowe, co sprawia, że mieszkanie jest doskonale skomunikowane z całym miastem. Oferta bezpośrednio od właściciela. Cena do negocjacji. Kontakt telefoniczny.",tak,,osobna,,,,53.138999938965,23.181999206543
Białystok Piaski,ul. Zwierzyniecka,1,36,350000,9722,bez pośredników,,7,https://adresowo.pl/o/mieszkanie-bialystok-piaski-ul-zwierzyniecka-1-pokoj-z4j1w5,https://s2.adresowa.pl/oi/30/2b/31c95e_3e11_cover@2x-1-pokojowe-mieszkanie-bialystok-piaski-ul-zwierzyniecka.webp,Białystok Piaski,Zwierzyniecka,4,1960,blok,,"Polecam 36m2 w dobrej lokalizacji, blisko centrum. Położone na 4 piętrze w bloku z cegły. Mieszkanie składa się z: - dużego pokoju z wyjściem na balkon, - za ścianką mniejszy pokój, - oddzielna kuchnia, - łazienki z WC, - zabudowany korytarz. Do mieszkania przynależy piwnica. Jest domofon. Dostępny jest internet. Okna plastikowe, podłogi to parkiet i terakota. Osiedle czyste, miłe i spokojne, w okolicy dużo zieleni. W pobliżu znajduje się Politechnika Białostocka, szkoły, siłownia, sklepy, przystanek autobusowy, pływalnia.",tak,,osobna,plastikowe,własność,Wyposażenie: internet,53.120998,23.150999
Białystok Centrum,ul. Adama Mickiewicza,4,97,1317465,13582,bez pośredników,,20,https://adresowo.pl/o/mieszkanie-bialystok-centrum-ul-adama-mickiewicza-4-pokojowe-w9k2n6,https://s2.adresowa.pl/oi/57/19/30d81e_c70b_cover@2x-4-pokojowe-mieszkanie-bialystok-centrum-ul-adama-mickiewicza.webp,Białystok Centrum,Adama Mickiewicza,3,2024,blok,,"Niezwykła oferta dla wymagających! Sprzedam bezpośrednio piękne mieszkanie znajdujące się w samym centrum Białegostoku, na rogu ulic Warszawskiej- Orzeszkowej. III piętro w nowoczesnym budynku z windą. To idealne miejsce dla rodziny poszukującej komfortowego i przestronnego miejsca do życia. Mieszkanie ma powierzchnię 97,59 m2 w skład której wchodzi: - salon połączony z jadalnią i otwartą kuchnią - stanowi serce mieszkania, tworząc przyjemną przestrzeń do wspólnych spotkań. Praktyczna spiżarnia pozwala na przechowywanie zapasów oraz utrzymanie porządku. W kuchni nowoczesna, wysokiej jakości zabudowa wraz ze sprzętem AGD (lodówka, zamrażarka, piekarnik, płyta indukcyjna, okap, zmywarka). W salonie wygodna kanapa. 3 ustawne sypialnie, każda wyposażona w liczne zabudowy co daje możliwość stworzenia osobistych przestrzeni dla każdego mieszkańca. Główna sypialnia wyposażona w łóżko i toaletkę. 2 eleganckie łazienki zapewniają wygodę oraz intymność, w łazience pralko/suszarka Dwa balkony to dodatkowa przestrzeń do relaksu i odpoczynku, widok na otoczenie, może to być również miejsce do spożywania posiłków na świeżym powietrzu. Dodatkowym atutem są 2 miejsca parkingowe (dodatkowo płatne 35000zł za jedno), co zdecydowanie ułatwia codzienne życie w centrum miasta. Zapraszam do kontaktu telefonicznego",,,aneks,,własność,"Wyposażenie: lodówka, piekarnik, suszarka, zmywarka",53.108002,23.183001
Białystok Bacieczki,ul. Józefa Mackiewicza,2,48,459000,9562,bez pośredników,,8,https://adresowo.pl/o/mieszkanie-bialystok-bacieczki-ul-jozefa-mackiewicza-2-pokojowe-h6r1f2,https://s2.adresowa.pl/oi/12/52/309264_cd7a_cover@2x-2-pokojowe-mieszkanie-bialystok-bacieczki-ul-jozefa-mackiewicza.webp,Białystok Bacieczki,Józefa Mackiewicza,2,2004,blok,,"Oferuję na sprzedaż mieszkanie 2-pokojowe o powierzchni 48,20 m², położone na II piętrze w bloku trzypiętrowym bez windy. Budynek z cegły, z 2004 roku, znajdujący się na osiedlu Bacieczki TBS. Mieszkanie spółdzielczo-własnościowe z księgą wieczystą. Szczegóły mieszkania: 2 niezależne pokoje Powierzchnia: 48,20 m² Piętro: II Blok trzypiętrowy bez windy Rok budowy: 2004 Mieszkanie częściowo po remoncie rok temu Częściowo umeblowane Gotowe do zamieszkania Lokalizacja: Mieszkanie znajduje się na spokojnym i dobrze skomunikowanym osiedlu. W pobliżu znajdują się: Przystanki autobusowe linii: 7, 17, 18, 24 Apteki Przychodnie Przedszkola, żłobki, szkoła Sklepy spożywcze, Biedronka Agata Meble, Castorama, Outlet Center Cena: 459 000 zł (do negocjacji) Mieszkanie bezpośrednio od właściciela. Pośrednikom dziękuję. Serdecznie zapraszam do kontaktu i obejrzenia mieszkania!",tak,,,plastikowe,spółdzielcze własnościowe,,53.148998,23.084
Białystok Centrum,ul. dr Ireny Białówny,1,36,400000,11111,bez pośredników,,5,https://adresowo.pl/o/mieszkanie-bialystok-centrum-ul-dr-ireny-bialowny-1-pokoj-r6i1g7,https://s2.adresowa.pl/oi/69/1b/307a78_a7e8_cover@2x-1-pokojowe-mieszkanie-bialystok-centrum-ul-dr-ireny-bialowny.webp,Białystok Centrum,dr Ireny Białówny,2,,kamienica,,"Mieszkanie znajduje się tuż przy tętniącym życiem sercu Białegostoku. Jeśli lubisz atrakcje centrum miasta, mieszkanie okaże się przydatne :) Składa się z jednego pomieszczenia z dwoma oknami, łazienki oraz wnęki sypialnianej. Czynsz ok. 400 zł., piwnica, bez balkonu, bez podzielników ciepła. Wejście od strony ul. Białowny, okna wychodzą na ul. Spółdzielczą (deptak). Obok nowy, atrakcyjny park.",tak,,,,,,53.132999,23.158001
Białystok Centrum,ul. Marii Skłodowskiej-Curie,3,52,500000,9615,bez pośredników,,8,https://adresowo.pl/o/mieszkanie-bialystok-centrum-ul-marii-sklodowskiej-curie-3-pokojowe-t5f8o5,https://s2.adresowa.pl/oi/5d/6d/3035d2_c736_cover@2x-3-pokojowe-mieszkanie-bialystok-centrum-ul-marii-sklodowskiej-curie.webp,Białystok Centrum,Marii Skłodowskiej-Curie,7,,blok,,"Na sprzedaż: Przestronne mieszkanie w centrum Białegostoku *Powierzchnia: 52 m² *Liczba pokoi: 3 *Lokalizacja: Ul. Skłodowskiej, naprzeciwko sklepu Opałek *Cena: 500 000 zł Zalety nieruchomości: -Centralne położenie: Mieszkanie znajduje się w ścisłym centrum Białegostoku, w otoczeniu zieleni, blisko Pałacu Branickich, parku Planty, Uniwersytetu Medycznego i szpitali. -Wieżowiec z windą: Komfort i wygoda codziennego użytkowania. -Balkon: Zabudowany przesuwnymi oknami, co zapewnia dodatkową przestrzeń i ochronę przed warunkami atmosferycznymi. -Świetne nasłonecznienie: Mieszkanie jest doskonale doświetlone z każdej strony. -Komórka lokatorska: W cenie mieszkania! -Elastyczność aranżacji: Wszystkie ściany wewnętrzne to ściany działowe, które można łatwo zlikwidować podczas ewentualnej nowej aranżacji. -Blok wybudowany z cegły! - - - Idealne do zamieszkania lub inwestycji! To mieszkanie, to świetna opcja zarówno dla tych, którzy szukają miejsca do zamieszkania, jak i dla inwestorów planujących wynajem. Sprzedaż bezpośrednia od właścicieli Agencjom i pośrednikom dziękujemy. Zadzwoń, aby uzyskać więcej informacji lub umówić się na oględziny!",tak,,,,,,53.127998352051,23.159999847412
Białystok Antoniuk,ul. Juliana Tuwima,1,36,359000,9972,bez pośredników,,20,https://adresowo.pl/o/mieszkanie-bialystok-antoniuk-ul-juliana-tuwima-1-pokoj-y7u4j8,https://s2.adresowa.pl/oi/26/18/2f9238_d5cd_cover@2x-1-pokojowe-mieszkanie-bialystok-antoniuk-ul-juliana-tuwima.webp,Białystok Antoniuk,Juliana Tuwima,4,1963,blok,,"Polecam Państwu świetnie wyposażone i przytulne mieszkanie w pobliżu centrum Białegostoku. Ta duża kawalerka (37m2) zlokalizowana jest przy ulicy Tuwima 4, na 4 piętrze kameralnego bloku otoczonego drzewami. Sklep spożywczy 50m od klatki schodowej, 300m do CH Auchan Hetmańska. Mieszkanie jest przygotowane do zamieszkania lub dochodowego najmu długo- i krótkoterminowego. W cenie kompletne wyposażenie: - zabudowa kuchenna z płytą indukcyjną, pochłaniaczem, chłodziarko-zamrażarką, kuchenką mikrofalową oraz pralką; - niezbędne naczynia do gotowania i pieczenia na płycie indukcyjnej; - kompletna zastawa stołowa plus sztućce dla 6 osób; - odkurzacz, czajnik, żelazko + deska do prasowania - łazienka z wanną - salon wyposażony w elegancką i wygodną kanapę umożliwiającą spanie dla 2 osób, TV LED Full HD z możliwością odtwarzania filmów, muzyki oraz zdjęć z pamięci USB, telewizję kablową oferującą 165 najpopularniejszych kanałów. - dostępne WiFi o prędkości 60Mb, pozwalające na bezproblemowe oglądanie filmów on-line; - mieszkanie posiada również duży balkon;",,,,,własność,"Wyposażenie: tv, wifi",53.139,23.125
Białystok Centrum,al. Józefa Piłsudskiego,3,72,579000,8042,bez pośredników,,13,https://adresowo.pl/o/mieszkanie-bialystok-centrum-al-jozefa-pilsudskiego-3-pokojowe-h3r8y4,https://s2.adresowa.pl/oi/7f/27/2efb36_f77d_cover@2x-3-pokojowe-mieszkanie-bialystok-centrum-al-jozefa-pilsudskiego.webp,Białystok Centrum,Józefa Piłsudskiego,3,,blok,,"Mieszkanie do generalnego remontu w centrum Białegostoku - Idealne na Inwestycję! Oferuję do sprzedaży przestronne mieszkanie o powierzchni 72 m2, położone w centrum Białegostoku przy al. Piłsudskiego 4. Ta nieruchomość doskonale nadaje się do remontu i inwestycji z uwagi na swoje położenie i potencjał rozwojowy. Informacje o nieruchomości: Powierzchnia: 72 m2 Lokalizacja: Centrum Białegostoku, al. Piłsudskiego 4 Stan: Do generalnego remontu Piętro: 3/4 Piwnica 12 m2 Balkon Opis: Mieszkanie znajduje się w dogodnej lokalizacji w samym sercu Białegostoku. To doskonała okazja dla inwestorów poszukujących nieruchomości do remontu i późniejszej odsprzedaży/wynajmu, lub rodziny marzącej o przestrzennym lokum w samym centrum miasta. Pomieszczenia wymagają remontu i modernizacji, co pozwoli na stworzenie atrakcyjnego apartamentu. Możliwe jest wydzielenie 2 odrębnych mieszkań lub stworzenie 4 pokoju. Mieszkanie jest obustronne, z balkonem. Nieruchomość posiada pełną własność z księgą wieczystą oraz jest wolna od wszelkich zadłużeń oraz hipotek. Atuty nieruchomości: Świetna lokalizacja w centrum miasta Duży potencjał inwestycyjny Możliwość aranżacji według własnego projektu Bliskość komunikacji miejskiej, sklepów i restauracji Zapraszam do kontaktu w celu uzyskania szczegółowych informacji oraz umówienia się na prezentację. Nie przegap tej wyjątkowej okazji inwestycyjnej! Skontaktuj się już dziś, aby dowiedzieć się więcej o tej nieruchomości i umówić się na spotkanie. Informacja dla zainteresowanych telefonicznie. Serdecznie zapraszam do kontaktu! Tomek",tak,,osobna,,własność,,53.136001586914,23.156999588013
Białystok Sienkiewicza,ul. Jurowiecka,4,63,659000,10460,bez pośredników,,19,https://adresowo.pl/o/mieszkanie-bialystok-sienkiewicza-ul-jurowiecka-4-pokojowe-e0r6i1,https://s2.adresowa.pl/oi/49/47/2c1a0e_8c7c_cover@2x-4-pokojowe-mieszkanie-bialystok-sienkiewicza-ul-jurowiecka.webp,Białystok Sienkiewicza,Jurowiecka,1,1960,blok,,"Oferuję Państwu piękne dwustronne mieszkanie 4-pokojowe o pow. 63,5m², I piętro, z dwoma balkonami, po generalnym remoncie z pełną wymianą instalacji sanitarnej, grzejników i instalacji elektrycznej. Remont został przeprowadzony przez profesjonalną ekipę PERFEKTA Piotr Jończyk, specjalizującą się od wielu lat w realizacjach wnętrz premium. Mieszkanie składa się z 3 pokoi i salonu z aneksem kuchennym, funkcjonalnej łazienki oraz przestronnego korytarza, wyposażonego w dużą szafę z siedziskiem. Całe mieszkanie zostało odnowione i wykończone przy użyciu najwyższej jakości materiałów, m.in. farby Tikkurila, spieki wielkoformatowe, panele podłogowe o najwyższym stopniu ścieralności, armatura podtynkowa. Wyposażone m. in. w nowoczesną kuchnię z nowym sprzętem AGD. Na wyposażeniu jest również klimatyzacja. Dwie duże sypialnie dają szerokie możliwości aranżacyjne, a dodatkowy gabinet, przyjazne miejsce do pracy lub nauki. Dużym atutem nieruchomości jest doskonała lokalizacja przy ul. Jurowieckiej w bloku z cegły. Mieszkanie znajduje się w spokojnej okolicy, jednocześnie bardzo blisko centrum miasta. W pobliżu znajdują się liczne sklepy, restauracje, kawiarnie, szkoły oraz tereny zielone, co zapewni Państwu wygodę i komfort codziennego życia. Do Galerii Jurowiecka jest 3 minuty pieszo. Zapraszam serdecznie do kontaktu i umówienia się na prezentację, aby zobaczyć tę piękną nieruchomość osobiście. Kontakt bezpośredni",tak,,aneks,,własność,Wyposażenie: klimatyzacja,53.139,23.160999
Białystok Os. Młodych,ul. Rzemieślnicza,2,33,499000,15121,bez pośredników,,10,https://adresowo.pl/o/mieszkanie-bialystok-os-mlodych-ul-rzemieslnicza-2-pokojowe-c8m6z6,https://s2.adresowa.pl/oi/73/4b/29a0dc_3699_cover@2x-2-pokojowe-mieszkanie-bialystok-os-mlodych-ul-rzemieslnicza.webp,Białystok Os. Młodych,Rzemieślnicza,1,2016,blok,,-BEZPOSREDNIO OD WLASCICIELA -Sprzedam -Mieszkanie w bloku-metraz 32.92m -mieszkanie 2-pokoje-aneks kuchnia z salonem + sypialnia -rok budowy bloku -2016 -z miejscem postojowym-na auto podziemny parking brama na pilota -mieszkanie do leekiego odswiezenia -duzy ladny balkon -blok z winda -cena-499.000zl -lokalizacja Bialystok Rzemieslnicza -BEZSPOSREDNIO -OD WLASCICIELA -moge zostawic z meblami pralka lodowka kuchnia pod zabudowe -AGENCJOM -dziekujemy za wspolprace-prosze nie dzwonic -mieszkanie nie posiada piwnicy -komorki lokatorskiej -FOTKI MIESZKANIA MOGE WYSLAC MMSEM,,tak,aneks,plastikowe,spółdzielcze własnościowe,"Wyposażenie: lodowka, pralka",53.144001,23.118999
Białystok Centrum,ul. Żabia,3,59,690000,11695,bez pośredników,,7,https://adresowo.pl/o/mieszkanie-bialystok-centrum-ul-zabia-3-pokojowe-k7g7p9,https://s2.adresowa.pl/oi/3f/70/23f3b4_6ed5_cover@2x-3-pokojowe-mieszkanie-bialystok-centrum-ul-zabia.webp,Białystok Centrum,Żabia,2,1962,blok,,"Druga linIa zabudowy od ul. Piłsudskiegio. 3 pomieszczenia z widokiem na sąsiadujący z blokiem skwer - park. Oddzielna łazienka, oddzielny WC.",tak,,osobna,plastikowe,własność,,53.137001,23.150999
Białystok Białostoczek,ul. Radzymińska,3,60,549000,9150,bez pośredników,,24,https://adresowo.pl/o/mieszkanie-bialystok-bialostoczek-ul-radzyminska-3-pokojowe-b8p0q9,https://s2.adresowa.pl/oi/79/17/18e09d_b45c_cover@2x-3-pokojowe-mieszkanie-bialystok-bialostoczek-ul-radzyminska.webp,Białystok Białostoczek,Radzymińska,1,1980,blok,,"Sprzedam swoje mieszkanie własnościowe z odrębną Księgą Wieczysta. Wszystkie opłaty regulowane terminowo. Mieszkanie jasne, w środkowej klatce, ciepłe, na pierwszym piętrze w bloku z windą. Według mnie mieszkanie kwalifikuje się do remontu, a na pewno do odświeżenia. Ostatni duży remont był 15 lat temu i w mieszkaniu widać upływ czasu oraz zmiany mody i standardów wykończenia. Mieszkanie sprzedawane bez mebli ze zdjęć, gdyż lokal od listopada 2022 jest wynajmowany. Do mieszkania przynależy bardzo duży balkon oraz piwnica. Przed blokiem parking dla mieszkańców bloku. Sam budynek ocieplony i po remoncie balkonów i barierek. Klatka czysta, sąsiedzi cisi i pomocni. Mieszkanie o powierzchni 60,1 m2. Podłogi w pokojach drewniane; w przedpokoju, łazience, kuchni na podłogach terakota. Kuchnia, łazienka, WC oddzielne dodatkowo 3 pokoje ( salon i dwie sypialnie) oraz przedpokój. Wszystkie pomieszczenia mają wymienione okna przy ostatnim remoncie na drewniane, wówczas też ściany i sufity miały robione gładzie i były malowane. W odległości 100 m przychodnia NFZ oraz poradnie prywatne i apteka. W podobnej odległości sklepik osiedlowy oraz warzywniak a także ""Żabka"" czynna 7dni w tygodniu i Biedronka. 200 m do przystanku, z którego bezpośrednio można dojechać do centrum miasta, galerii handlowych, na dw. PKP i PKS, czy do parku lub basenu. Przy głównej ulicy szkoła podstawowa, a na osiedlu znajduje się Zespół Szkół Elektrycznych , przedszkole i kolejna szkoła podstawowa. Okolica bloku zielona 40 letnie drzewa. Chętnie odpowiem na pytania oraz zorganizuję prezentację mieszkania. Zachęcam do kontaktu i gorąco polecam. Rozważę każdą poważną propozycję cenową.",tak,,osobna,drewniane,własność,,53.145000457764,23.14999961853
Białystok Wygoda,ul. Wasilkowska,3,50,398000,7960,bez pośredników,,1,https://adresowo.pl/o/mieszkanie-bialystok-wygoda-ul-wasilkowska-3-pokojowe-hd5v3z,https://s2.adresowa.pl/oi/e/67/58feb_5a39_cover@2x-3-pokojowe-mieszkanie-bialystok-wygoda-ul-wasilkowska.webp,Białystok Wygoda,Wasilkowska,2,1977,blok,,"Komfortowe, bardzo ładnie zlokalizowane mieszkanie w czteropiętrowym bloku w centrum Białegostoku przy ulicy Wasilkowskiej, 3 pokoje i kuchnia, oddzielna łazienka i ubikacja, 2 piętro (na piętrze tylko 1 sąsiad), piwnica. Natychmiast do zamieszkania (możliwość pozostawienia mebli i wyposażenia użytkowego). Świetne miejsce do zamieszkania przez 2-4 osobą rodzinę. Nowa antywłamaniowa stolarka okienna oraz nowe parapety. Nowe antywłamaniowe drzwi Gerda. W zeszłym roku blok został docieplony. Miejsce bardzo zadbane, zielone (dużo trawników i drzew) i czyste, dojazd pod klatkę schodową, dwa place zabaw widoczne w całości z okien lub balkonu, ławeczki do odpoczynku, duży parking, również parking strzeżony całodobowo. W okolicy szkoła, przedszkole, sklepy (Tesco, PSS Społem), liczne punkty gastronomiczne (bar Topolanka, pizzeria). Przystanek autobusowy i postój taksówek 50 m. Sprzedaż od osoby prywatnej, bez pośredników. Możliwość pomocy w uzyskaniu korzystnego kredytu bankowego.",tak,tak,osobna,plastikowe,spółdzielcze własnościowe,,53.145326,23.180793
Białystok Centrum,ul. Józefa Marjańskiego,1,37,1250000,33784,bez pośredników,,8,https://adresowo.pl/o/mieszkanie-bialystok-centrum-ul-jozefa-marjanskiego-1-pokoj-w62aqc,https://s2.adresowa.pl/oi/74/1e/db52_88ef_cover@2x-1-pokojowe-mieszkanie-bialystok-centrum-ul-jozefa-marjanskiego.webp,Białystok Centrum,Józefa Marjańskiego,4,2007,apartamentowiec,,"Super kawalerka w centrum Białegostoku. Dobra lokalizacja przy placu Uniwersyteckim. Mieszkanie jasne, słoneczne. 2 windy. Ochrona obiektu non-stop. Garaż naziemny strzeżony. Blisko dyskoteka młynowat - jak ktoś lubi rozrywke. A dla głodnych - na dole Restauracja Kate &amp; Leopold - wystarczy tylko winda zjechać. UWAGA: Kupujac u mnie nie płacisz 9.000zł dla pośrednika nieruchomosci!!!",,tak,aneks,plastikowe,własność,,53.130001068115,23.153999328613
Białystok,Wysoki Stoczek,3,58,510000,8793,bez pośredników,,8,https://adresowo.pl/o/mieszkanie-bialystok-wysoki-stoczek-3-pokojowe-58-m2-i4x4k3,https://s2.adresowa.pl/oi/70/59/400800_91b1_cover@2x-3-pokojowe-mieszkanie-bialystok-wysoki-stoczek.webp,Białystok Wysoki Stoczek,,4,1995,blok,,"Spokojna okolica, bardzo dobra komunikacja, przedszkole,szkoła, poczta w pobliżu",tak,,osobna,plastikowe,spółdzielcze własnościowe,,53.144431,23.108999
Białystok,ul. Parkowa,2,38,446000,11737,bez pośredników,,8,https://adresowo.pl/o/mieszkanie-bialystok-ul-parkowa-2-pokojowe-z8w2f3,https://s2.adresowa.pl/oi/63/3b/413e7e_9dcc_cover@2x-2-pokojowe-mieszkanie-bialystok-ul-parkowa.webp,Białystok ,Parkowa,1,,kamienica,,"Do zaoferowania mam 2-pokojowe mieszkanie na pierwszym piętrze w kameralnej kamienicy. Świetna lokalizacja mieszkania, bo w budynku przy ul. Parkowej 18 w Białymstoku. Blisko wiele uczelni: Uniwersytet Medyczny, Wydział Prawa UwB, Politechnika Białostocka. Liczne placówki zdrowia: Wojewódzki Szpital Zespolony, Uniwersytecki Szpital Kliniczny itd. Parki zieleni: Park Planty, ZOO Miejskie, Park Pałac Branickich, no i ALFA Centrum Handlowe. Całość nieruchomości stanowi mieszkanie o pow. 38,81 m2 i przynależna piwnica o powierzchni około 5,8 m2. Powierzchnia poszczególnych pomieszczeń w przybliżeniu: - pokój większy ok 14 m2 - pokój mniejszy ok. 9 m2 - oddzielna kuchnia ok. 6.5 m2 - łazienka ok. 2.6 m2 Mieszkanie przeszło remont kapitalny około 3 lat temu, w tym wymieniono instalację elektryczną, sanitarną, nowe tynki, podłogi itp. Na chwilę obecną mieszkanie jest wynajęte do 08.2027 roku, z tym że jest możliwość wypowiedzenia umowy najmu z odpowiednim wyprzedzeniem lub sprzedaży z najemcami do końca trwania aktualnej umowy. Mieszkanie może służyć do dalszego wynajmowania, przerobienia na biuro (lokalizacja okien od strony ul. Parkowej) lub do zamieszkania przez nowego nabywcę. Dodatkowym atutem tej nieruchomości jest to, że klatka, w której znajduje się to mieszkanie, jako jedyna w bloku posiada dwa wejścia, zarówno od ul. Parkowej jak i od podwórka. Gorąco polecam.",tak,,osobna,,,,53.123362,23.167325
Białystok Nowe Miasto,ul. Transportowa,2,48,575000,11979,bez pośredników,,11,https://adresowo.pl/o/mieszkanie-bialystok-nowe-miasto-ul-transportowa-2-pokojowe-j2m7a3,https://s2.adresowa.pl/oi/7d/2f/413e4e_ca91_cover@2x-2-pokojowe-mieszkanie-bialystok-nowe-miasto-ul-transportowa.webp,Białystok Nowe Miasto,Transportowa,6,2014,blok,,"Atrakcyjne, dwustronne mieszkanie na ulicy Transportowej w świetnie skomunikowanej części Białegostoku, znajdujące się w apartamentowcu z 2014 roku, na VI piętrze, z cichobieżną windą. Mieszkanie zostało wykończone z dbałością o jakość i trwałość zastosowanych materiałów. Podłogi w pokojach - panele drewniane (dąb szczotkowany), w pozostałych pomieszczeniach, wraz z tarasem - gres. W kuchni blat z konglomeratu, zabudowa z forniru oraz kompletny sprzęt AGD (płyta ceramiczna, okap, piekarnik, zmywarka). W 2025 roku w kuchni przeprowadzono modernizację, obejmującą odświeżenie i poprawę funkcjonalności. Na powierzchni 48,22m2 znajdują się: salon z aneksem kuchennym, wygodna i ustawna sypialnia, przestronny przedpokój, komfortowa łazienka z pełnym wyposażeniem (pralka, suszarka na gwarancji) oraz duży, kameralny balkon zapewniający poczucie prywatności. Dużym atutem nieruchomości jest dostęp do zamkniętego patio, z urozmaiconym placem zabaw oraz zagospodarowaną zielenią, przeznaczonego wyłącznie dla mieszkańców wspólnoty. Dodatkową zaletą mieszkania jest widok z VI piętra na rozległą panoramę Białegostoku. Do mieszkania przynależy piwnica o powierzchni 1,8m2 (poziom -1) oraz miejsce postojowe w garażu podziemnym (poziom 0), dostępne w cenie 50 000 zł. NIE MA MOŻLIWOŚCI ZAKUPU MIESZKANIA BEZ MIEJSCA PARKINGOWEGO. Mieszkanie sprzedawane jest z wyposażeniem widocznym na zdjęciach, z wyjątkiem telewizora, komody w salonie oraz fotela. SPRZEDAŻ BEZ POŚREDNIKÓW",tak,tak,aneks,plastikowe,własność,"Wyposażenie: piekarnik, pralka, suszarka, telewizor, zmywarka",53.111429,23.12174
Białystok,Nowe Miasto,2,43,568000,13209,bez pośredników,,4,https://adresowo.pl/o/mieszkanie-bialystok-nowe-miasto-2-pokojowe-43-m2-m6b3d4,https://s2.adresowa.pl/oi/44/5c/413b46_f08d_cover@2x-2-pokojowe-mieszkanie-bialystok-nowe-miasto.webp,Białystok Nowe Miasto,,2,2014,blok,,"Oferuję na sprzedaż 2-pokojowe mieszkanie o powierzchni 43,5 m². Położone na drugim piętrze bloku, jest umeblowane i gotowe do zamieszkania. Wnętrze zachwyca jasnymi, białymi ścianami oraz wysokiej jakości drewnianymi podłogami. Salon oraz sypialnia są pełne naturalnego światła, co tworzy przyjemną atmosferę. Mieszkanie ma nowoczesny wystrój i współczesny styl mebli. Lokalizacja w urbanistycznym otoczeniu zapewnia bliskość do miejskich udogodnień. Mieszkanie bez obciążenia hipotecznego.",,,,,,,53.111,23.131001
Białystok Bojary,ul. Józefa Ignacego Kraszewskiego 12A,3,47,855000,18191,Pośrednik,,16,https://adresowo.pl/o/mieszkanie-bialystok-bojary-ul-jozefa-ignacego-kraszewskiego-3-pokojowe-y2v6a5,https://s2.adresowa.pl/oi/7e/38/413ba4_432c_cover@2x-3-pokojowe-mieszkanie-bialystok-bojary-ul-jozefa-ignacego-kraszewskiego.webp,Białystok Bojary,Józefa Ignacego Kraszewskiego 12A,2,2020,blok,,"Prywatna i wyjątkowa przestrzeń na Bojarach - Kraszewskiego 12A Nie każda nieruchomość położona blisko centrum musi mieć typowo miejski charakter. To mieszkanie przy ul. Józefa Ignacego Kraszewskiego 12A jest przykładem połączenia dogodnej lokalizacji z kameralnym otoczeniem. Budynek z 2020 roku mieści zaledwie sześć mieszkań i został usytuowany w głębi osiedla. Dzięki temu z jednej strony pozostajemy blisko centrum Białegostoku, z drugiej - po przekroczeniu granicy posesji wyraźnie odczuwalny jest spokojniejszy charakter miejsca. Z balkonu rozciąga się widok na skwer, a nie na ruchliwą ulicę. Mieszkanie o powierzchni 47,5 m² znajduje się na II piętrze i zostało funkcjonalnie podzielone na część dzienną oraz dwie sypialnie. Salon z aneksem kuchennym tworzy centralną przestrzeń mieszkania, natomiast dwie niezależne sypialnie pozwalają wygodnie wykorzystać lokal zarówno przez parę, jak i niewielką rodzinę czy osobę potrzebującą dodatkowego pokoju do pracy. Dużym atutem jest około 15-metrowy balkon - powierzchnia, która pozwala potraktować go nie tylko jako klasyczną przestrzeń zewnętrzną, ale jako dodatkowe miejsce do odpoczynku czy spędzania czasu w cieplejszych miesiącach. Komfort codziennego użytkowania uzupełniają: ogrzewanie podłogowe w całym mieszkaniu z trzema niezależnymi czujnikami temperatury, winda dostępna z poziomu gruntu, piwnica o powierzchni około 4 m² i wysokości 3,2 m, ogrodzony teren wspólnoty, dostępny (tylko dla mieszkańców) taras z miejscem na grilla na dachu budynku, brama wjazdowa sterowana pilotem. Do lokalu przynależne jest miejsce postojowe w garażu podziemnym w cenie - 60 000 zł . Lokalizacja, która pozostawia wybór Bojary pozwalają korzystać z miejskiej infrastruktury bez konieczności mieszkania bezpośrednio przy głównych arteriach komunikacyjnych. Centrum pozostaje w bezpośrednim sąsiedztwie, natomiast samo położenie budynku zapewnia bardziej kameralne warunki codziennego funkcjonowania. To propozycja dla osób, które zwracają uwagę nie tylko na metraż i liczbę pokoi, ale również na skalę budynku, otoczenie, prywatność i jakość codziennego korzystania z mieszkania . Mieszkania w tej lokalizacji pojawiają się na rynku niezwykle rzadko. To miejsce z charakterem, wyróżniające się otoczeniem i położeniem blisko centrum. Oferta objęta klauzulą wyłączności. Zapraszam do kontaktu oraz na prezentację nieruchomości. Pośrednik odpowiedzialny zawodowo za wykonanie umowy pośrednictwa: Paweł Sołomianko (licencja nr: 25616)",,,aneks,plastikowe,własność,,53.136002,23.173577
Białystok Piasta,ul. Sybiraków,2,49,467400,9539,Pośrednik,,12,https://adresowo.pl/o/mieszkanie-bialystok-piasta-ul-sybirakow-2-pokojowe-m2t1c3,https://s2.adresowa.pl/oi/42/45/4128a4_d84b_cover@2x-2-pokojowe-mieszkanie-bialystok-piasta-ul-sybirakow.webp,Białystok Piasta,Sybiraków,1,2000,blok,,"Komfortowe 2-pokojowe mieszkanie z dużym balkonem przy ul. Sybiraków. Oferta dostępna wyłącznie w naszym biurze ! Na sprzedaż funkcjonalne i przestronne mieszkanie o powierzchni 49,20 m², położone przy ul. Sybiraków w Białymstoku. Do mieszkania przynależy również piwnica o powierzchni 1,60 m². Lokal znajduje się na I piętrze niskiego, kameralnego bloku wybudowanego w 2000 roku, wzniesionego z cegły. To propozycja dla osób, które szukają wygodnego mieszkania w dobrze skomunikowanej części miasta, z dostępem do przestrzeni i bez konieczności mieszkania na wysokim piętrze. Mieszkanie ma bardzo funkcjonalny układ i składa się z:- przestronnego salonu połączonego z otwartą kuchnią, - dużej, ustawnej sypialni, - bardzo dużej łazienki z wanną, - przedpokoju, - balkonu z wyjściem bezpośrednio z salonu. Mieszkanie jest umeblowane, dzięki czemu może być gotowe do zamieszkania bez konieczności ponoszenia dużych nakładów na jego wyposażenie. Dużym atutem jest dwustronna wystawa okien – wschodnia i północna, zapewniająca naturalne światło o różnych porach dnia. Z salonu prowadzi wyjście na balkon, z którego rozpościera się otwarta perspektywa na okolicę. Zabudowa w bezpośrednim sąsiedztwie nie jest nadmiernie zwarta, dzięki czemu mieszkanie daje przyjemne poczucie przestrzeni i oddechu. Lokalizacja : Położenie przy ul. Sybiraków to kolejny istotny atut nieruchomości. W pobliżu znajduje się infrastruktura potrzebna do codziennego życia, a bardzo dobra dostępność komunikacji miejskiej pozwala sprawnie dotrzeć do różnych części Białegostoku. Dodatkowym udogodnieniem jest duża liczba miejsc parkingowych w bezpośrednim sąsiedztwie bloku, co jest szczególnie istotne dla osób korzystających na co dzień z samochodu. Najważniejsze atuty nieruchomości: ✓ 49,20 m² powierzchni mieszkania ✓ dodatkowa piwnica 1,60 m² ✓ I piętro w niskim bloku ✓ budynek z 2000 roku ✓ salon z otwartą kuchnią ✓ przestronna sypialnia ✓ bardzo duża łazienka z wanną ✓ balkon z wyjściem z salonu ✓ mieszkanie umeblowane ✓ wschodnia i północna wystawa okien ✓ otwarta perspektywa i poczucie przestrzeni z balkonu ✓ liczne miejsca parkingowe pod blokiem ✓ bardzo dobra komunikacja z pozostałymi częściami Białegostoku ✓ niski czynsz Jeżeli szukasz mieszkania o wygodnym układzie, z dużą łazienką, balkonem i dobrą komunikacją z miastem – ta nieruchomość zdecydowanie zasługuje na uwagę. Zapraszam na prezentację : Monika Witkowska",tak,,aneks,,własność,,53.131201,23.197798
Białystok Nowe Miasto,ul. Feliksa Filipowicza,2,39,550000,14103,bez pośredników,,16,https://adresowo.pl/o/mieszkanie-bialystok-nowe-miasto-ul-feliksa-filipowicza-2-pokojowe-z9e3a6,https://s2.adresowa.pl/oi/10/46/413b12_98cc_cover@2x-2-pokojowe-mieszkanie-bialystok-nowe-miasto-ul-feliksa-filipowicza.webp,Białystok Nowe Miasto,Feliksa Filipowicza,parter,2022,blok,,"Oferuję na sprzedaż mieszkanie z ogródkiem o łącznej powierzchni 58,51 m2 na osiedlu rekreacyjnym przy ulicy Feliksa Filipowicza. Samo mieszkanie ma 38,66 m2, a ogródek 19,85 m2. Mieszkanie jest 2-pokojowe, usytuowane na parterze w nowoczesnym bloku z 2022 roku. Mieszkanie jest luksusowe, wyposażone w ogrzewanie podłogowe, meble i sprzęt AGD: pralkę, suszarkę, zmywarkę, lodówkę, kuchenkę, piekarnik oraz telewizor. Do mieszkania przynależy komórka lokatorska. Przy mieszkaniu znajduje się taras z ogródkiem. Jest to idealne miejsce na relaks, odpoczynek w ciszy. Ogrzewanie miejskie i certyfikat energetyczny klasy A zapewniają komfort i niskie koszty eksploatacji. Lokalizacja w Nowym Mieście w Białymstoku to ogromna zaleta. W pobliżu znajdują się: - restauracja ""Gorący Trójkąt"" - przedszkole i żłobek ""Super Kids"" - szkoła podstawowa im. Jana Pawła II - las Solnicki, ze ścieżkami spacerowymi - przystanki autobusowe [numer], 104 - supermarket ""Kukułka"" - Sklep Arhelan na osiedlu w bloku obok - Biedronka - Stacja Paliw Orlen - Stadion Miejski Chorten Arena - Pięć placów zabaw - Targowisko Miejskie w Białymstoku - Dwa Paczkomaty Inpost i DHL na osiedlu - Siłownia plenerowa oraz boisko do gry w piłkę nożną, koszykówkę, itp. Wszystko, czego potrzebujesz, jest w zasięgu ręki. To świetna okazja, aby zamieszkać w atrakcyjnej lokalizacji. Współpraca z agencjami nieruchomości jedynie z gotowym klientem.",tak,,aneks,plastikowe,własność,"Wyposażenie: kuchenkę, lodówkę, piekarnik, pralkę, suszarkę, telewizor, zmywarkę",53.093071,23.135423
Białystok Białostoczek,ul. Białostoczek,2,38,375000,9868,bez pośredników,,15,https://adresowo.pl/o/mieszkanie-bialystok-bialostoczek-ul-bialostoczek-2-pokojowe-f6x7r5,https://s2.adresowa.pl/oi/4c/6f/41363a_63ef_cover@2x-2-pokojowe-mieszkanie-bialystok-bialostoczek-ul-bialostoczek.webp,Białystok Białostoczek,Białostoczek,7,1980,blok,,"Na sprzedaż funkcjonalne, dwupokojowe mieszkanie o powierzchni 38,7 m², zlokalizowane na 7 piętrze w budynku z windą przy ul. Białostoczek. Osobna kuchnia oraz wysokie piętro gwarantujące doskonałe doświetlenie i ładny widok. Mieszkanie po generalnym remoncie w 2022r. (zostały wymienione wszystkie instalacje). Mieszkanie jest bardzo ustawne, a brak przechodnich pokoi zapewnia pełną prywatność mieszkańcom. Dzięki ekspozycji okien mieszkanie jest jasne, ciepłe i dobrze doświetlone przez większą część dnia. Świetna lokalizacja i infrastruktura: Komunikacja: Blisko przystanki autobusowe (linie [numer]7). Szkoła Podstawowa nr 26 - 240 m. Szkoła Podstawowa Nr 42 - 650 m. Przedszkole Samorządowe nr 55 - 300 m. Pływalnia Sportowa - 1200 m. Kościół Miłosierdzia Bożego w Białymstoku - 350 m. Sklepy: - Stokrotka - 240 m. - Biedronka - 450 m. - Rossmann - 210 m. - Apteka - 210 m. - Lidl - 600 m. Usługi i rozrywka: - Galeria Jurowiecka - 1200 m. - Pływalnia Sportowa - 1200 m.",,,osobna,plastikowe,,,53.146382,23.151628
Białystok,Wysoki Stoczek,3,60,520000,8667,bez pośredników,,8,https://adresowo.pl/o/mieszkanie-bialystok-wysoki-stoczek-3-pokojowe-60-m2-y7i4p9,https://s2.adresowa.pl/oi/39/46/4133b2_f5df_cover@2x-3-pokojowe-mieszkanie-bialystok-wysoki-stoczek.webp,Białystok Wysoki Stoczek,,6,1985,blok,,"Sprzedam piękne 60 metrowe, 3 pokojowe mieszkanie położone na 6 piętrze w bloku 7-piętrowym z windą. Posiada ono oddzielną kuchnię i dwie łazienki. Okna mieszkania wychodzą na wschód, zachód oraz południe, w związku z tym mieszkanie jest ciepłe i słoneczne. Z salonu można podziwiać widok na panoramę miasta oraz wyjść na balkon. Dodatkowym atutem jest należąca do mieszkania piwnica, komórka lokatorska oraz miejsce parkingowe na pobliskim strzeżonym parkingu. Mieszkanie przeszło remont w 2021 roku. Zapraszam.",tak,tak,osobna,,,,53.144431,23.108514
Białystok Skorupy,ul. Sybiraków,2,38,450000,11842,Pośrednik,,20,https://adresowo.pl/o/mieszkanie-bialystok-skorupy-ul-sybirakow-2-pokojowe-h8y5r5,https://s2.adresowa.pl/oi/69/34/41241a_3906_cover@2x-2-pokojowe-mieszkanie-bialystok-skorupy-ul-sybirakow.webp,Białystok Skorupy,Sybiraków,1,2002,blok,,"Na sprzedaż 2-pokojowe mieszkanie o powierzchni 38m², położone w Białymstoku przy ul. Sybiraków. Lokal znajduje się na 1 piętrze w niskim, trzypiętrowym bloku. Mieszkanie jest bardzo zadbane i gotowe do zamieszkania– bez dodatkowego wkładu finansowego. Możesz wprowadzić się od razu, bez konieczności przeprowadzania remontu. W skład mieszkania wchodzą: - salon z aneksem - 21,90m2 - sypialnia - 11,40m2 - łazienka - 3,3m2 - korytarz - 3,2m2 - zabudowany balkon o powierzchni 4,6m2. Dodatkowy komfort zapewnia- klimatyzacja w sypialni, która sprawdzi się szczególnie w ciepłe, letnie dni. - nowe okna 3-szybowe, zapewniające dobrą izolację termiczną i akustyczną oraz większy komfort codziennego użytkowania. Do mieszkania przynależy piwnica o powierzchni 2,60m2 Atrakcyjna lokalizacja – ul. Sybiraków Nieruchomość położona jest w dobrze rozwiniętej części Białegostoku, w rejonie osiedla Piasta/Sybiraków. Okolica łączy wygodę miejskiego życia z dostępem do terenów zielonych i spokojniejszej zabudowy. W najbliższym sąsiedztwie znajduje się wszystko, co potrzebne do codziennego życia. W odległości zaledwie kilkuset metrów dostępne są m.in. sklepy spożywcze, piekarnia, apteka, przychodnia, punkty usługowe oraz plac zabaw. Najbliższy sklep spożywczy znajduje się około 130–150 m od budynku, a przychodnia i apteka około 120 m. Lokalizacja jest również bardzo dobrze skomunikowana z pozostałą częścią miasta. Przystanek autobusowy przy ul. Sybiraków/Andrukiewicza znajduje się około 100 m od nieruchomości, co pozwala na wygodne korzystanie z komunikacji miejskiej. To propozycja dla osób szukających wygodnego mieszkania na własne potrzeby, jak również dla inwestora poszukującego lokalu w dobrze skomunikowanej i rozwiniętej części Białegostoku. Zapraszam do kontaktu i na prezentację! Ewa Kochańska",tak,,,,własność,Wyposażenie: klimatyzacja,53.132419,23.199969
Białystok,ul. Mikołaja Kopernika 5A,4,61,455000,7459,Pośrednik,,15,https://adresowo.pl/o/mieszkanie-bialystok-ul-mikolaja-kopernika-4-pokojowe-u8p3f6,https://s2.adresowa.pl/oi/34/6e/4108a0_5cc4_cover@2x-4-pokojowe-mieszkanie-bialystok-ul-mikolaja-kopernika.webp,Białystok ,Mikołaja Kopernika 5A,1,1976,blok,,"Najnowsza oferta 4 pokojowego mieszkania - TYLKO i WYŁĄCZNIE w biurze ""Olchowik nieruchomości"". Serdecznie ZAPRASZAMY do zapoznania się z naszą najnowszą ofertą sprzedaży mieszkania. Wspaniała lokalizacja - ul.Kopernika 5A w Białymstoku, jest idealnycm miejscem zwłaszcza dla ludzi pragnących bliskości do tętniącego życiem Centrum oraz łtwości komunikacyjnej. Jest to miejsce idealne dla studentów np.Politechniki Białostoskiej czy też innych uczelni wyższych lub Szkół średnich. Tak na prawdę komunikacyjnie jest wszędzie blisko. Mieszkanie znajduje sie w 9-cio piętrowym bloku po termomodernizacji. Usytuowane jest na 1 piętrze. Na powierzchnię 61,95 mkw., składają się 4 pokoje, oddzielna kuchnia, łazienka, WC oraz przedpokój. MIeszkanie jest bardzo widne, Wszystkie pokoje dostępne są z przedpokoju- brak pomieszczeń przechodnich. Czynsz jest w wysokości -ok.700zł W mieszkanie rozpoczęto prace remontowe związane z wymianą elektryki oraz przygotowanie ścian i sufitów pod prace wykończeniowe. Do mieszkania przynależy piwnica oraz bokówka. Oferta objęta klauzulą wyłączności, to mieszkanie możesz kupić tylko z naszym biurem. Serdecznie zapraszamy do kontaktu po więcej informacji. Wioleta Olchowik [numer]",,,,,własność,,53.121378,23.143466
Białystok Wysoki Stoczek,ul. Swobodna,2,48,439000,9146,bez pośredników,,5,https://adresowo.pl/o/mieszkanie-bialystok-wysoki-stoczek-ul-swobodna-2-pokojowe-f0u4a2,https://s2.adresowa.pl/oi/2f/6c/40b4a0_7304_cover@2x-2-pokojowe-mieszkanie-bialystok-wysoki-stoczek-ul-swobodna.webp,Białystok Wysoki Stoczek,Swobodna,parter,1987,blok,,"Parter z ogrodkiem Cena: 439 000 zł Na sprzedaż 2-pokojowe mieszkanie o powierzchni 48,29 m², położone na parterze w spokojnej części osiedla Wysoki Stoczek w Białymstoku. Największym atutem nieruchomości jest prywatny ogródek o powierzchni ok. 35 m², z bezpośrednim wyjściem z mieszkania. To wyjątkowa przestrzeń do wypoczynku, zabawy dla dzieci czy urządzenia własnego kącika zieleni. Najważniejsze informacje: powierzchnia: 48,29 m² 2 pokoje oddzielna, jasna kuchnia parter prywatny ogródek ok. 35 m² zabudowana loggia z rozsuwanymi szybami piwnica czynsz administracyjny: ok. 630 zł miesięcznie księga wieczysta mieszkanie do lekkiego remontu/odświeżenia, co pozwala urządzić je według własnego gustu Mieszkanie ma funkcjonalny układ i duży potencjał aranżacyjny. Parter oraz własny ogródek sprawiają, że jest to wygodne rozwiązanie zarówno dla osób ceniących kontakt z zielenią, jak i dla rodziny z dziećmi. Zapraszam do kontaktu i obejrzenia mieszkania na żywo.",tak,,osobna,plastikowe,spółdzielcze własnościowe,,53.147279,23.108127
Białystok Centrum,ul. Stołeczna,3,66,1159000,17561,bez pośredników,,37,https://adresowo.pl/o/mieszkanie-bialystok-centrum-ul-stoleczna-3-pokojowe-k0x3n3,https://s2.adresowa.pl/oi/56/2d/413334_3d51_cover@2x-3-pokojowe-mieszkanie-bialystok-centrum-ul-stoleczna.webp,Białystok Centrum,Stołeczna,parter,2010,blok,,"Ścisłe centrum Białegostoku, ul Stołeczna 4/2A, 3 pokojowe mieszkanie 66,7 m2, cicha, spokojna okolica, taras dachowy. Na wyposażeniu są zabudowy stałe w postaci kuchni i dwóch obszernych szaf (w korytarzu i w pokoju) oraz umeblowana sypialnia. https://youtube.com/shorts/x2D0cW5NFqE?si=O5U6gIJmBFY_EMnL Ze szczegółami można zapoznać się w filmie załączonym do ogłoszenia. Sprzedam przestrzenne, słoneczne trzy pokojowe mieszkanie 66,7 m2, na parterze przy ulicy Stołecznej (ścisłe centrum) w kameralnym bloku z cegły (rok budowy 2010) z jedynie szesnastoma mieszkaniami, w cichej, spokojnej okolicy z dala od głównej drogi położone przy drodze jednokierunkowej. Teren ogrodzony, mieszkanie z oszklonym balkonem i dwoma tarasami - jeden przy mieszkaniu, drugi na dachu. Podjazd dla osoby niepełnosprawnej. W pobliżu sklepy PS Społem, Biedronka, szkoła, przychodnia, park, Opera, Teatr Lalek, Uniwersytet. W mieszkaniu pozostają zabudowy stałe, dwie duże szafy typu komandor w pokoju i na korytarzu, umeblowana sypialnia, wyposażenie kuchni i łazienki. Pozostałe meble do własnej aranżacji widoczne w filmie. Mieszkanie posiada lodówkę, zmywarkę, piekarnik, płytę indukcyjną. Szczegóły widoczne w filmie na youtube. Proszę dwukrotnie kliknąć w film w ogłoszeniu lub wkleić link do przeglądarki. Z racji na położenie mieszkanie nadaje się do zaadaptowania na biuro małej firmy. Średnie opłaty mieszkaniowe (woda, ogrzewanie, czynsz) wynoszą ok 1000 zł miesięcznie +prąd przy dwóch osobach. Dodatkowo możliwość kupienia miejsca parkingowego za dopłatą. Zapraszam na prezentację. Mieszkanie dostępne od grudnia 2026 roku.",tak,tak,aneks,drewniane,,"Wyposażenie: lodówkę, piekarnik, zmywarkę",53.132726,23.144384
Białystok Wysoki Stoczek,ul. Szeroka,3,47,440000,9362,bez pośredników,,6,https://adresowo.pl/o/mieszkanie-bialystok-wysoki-stoczek-ul-szeroka-3-pokojowe-h9i8f7,https://s2.adresowa.pl/oi/5c/3e/412802_9ad8_cover@2x-3-pokojowe-mieszkanie-bialystok-wysoki-stoczek-ul-szeroka.webp,Białystok Wysoki Stoczek,Szeroka,parter,1997,blok,,Mieszkanie 3 pokojowe z ogródkiem z ogrodzeniem i możliwością dostosowania wejścia dla niepełnosprawnych przez ogródek. Spokojnie zacisznie. Ściany w małych pokoikach są odświeżane ( gładzie w trakcie),tak,,osobna,,własność,,53.149281,23.109636
Białystok Piaski,ul. Jerzego Waszyngtona 14,1,23,349000,15174,Pośrednik,,12,https://adresowo.pl/o/mieszkanie-bialystok-piaski-ul-jerzego-waszyngtona-1-pokoj-b4g6c0,https://s2.adresowa.pl/oi/16/34/40fe30_6fde_cover@2x-1-pokojowe-mieszkanie-bialystok-piaski-ul-jerzego-waszyngtona.webp,Białystok Piaski,Jerzego Waszyngtona 14,parter,1974,blok,,"Gotowe do zamieszkania mieszkanie z prywatnym ogródkiem – świetna lokalizacja w sąsiedztwie USK, DSK i UMB! Zapraszamy do zapoznania się z ofertą sprzedaży kawalerki o powierzchni 23,8 m², położonej na parterze budynku przy ul. Waszyngtona 14 w Białymstoku. Mieszkanie jest po remoncie, częściowo umeblowane i gotowe do zamieszkania lub wynajęcia. Wszystkie elementy wyposażenia zostały zakupione jako nowe. Układ mieszkania: -przedpokój, -salon z aneksem kuchennym, -łazienka z prysznicem Do mieszkania przynależy piwnica oraz przestronny ogródek o powierzchni około 40 m², który można samodzielnie zagospodarować i stworzyć własną zieloną przestrzeń do wypoczynku. Standard i wyposażenie: W mieszkaniu przeprowadzono remont obejmujący m.in. wymianę instalacji elektrycznej oraz wodno-kanalizacyjnej. Ponadto: nowe AGD, nowa łazienka z prysznicem, nowe drzwi wejściowe, mieszkanie jest jasne, lokal jest częściowo umeblowany, mieszkanie środkowe. Lokalizacja: Nieruchomość znajduje się w bardzo dobrze skomunikowanej części Białegostoku, w pobliżu Uniwersyteckiego Szpitala Klinicznego, DSK oraz Uniwersytetu Medycznego. To doskonała propozycja zarówno dla osoby szukającej własnego mieszkania, jak i dla inwestora. Lokalizacja sprawia, że nieruchomość może być szczególnie atrakcyjna pod wynajem studentom, lekarzom, pracownikom szpitala lub innym osobom pracującym i studiującym w okolicy. Dodatkowym atutem jest duży parking pod blokiem, za szlabanem, przeznaczony wyłącznie dla mieszkańców. Mieszkanie gotowe do zamieszkania – nie wymaga dodatkowych nakładów na start. Zachęcamy do kontaktu i umówienia się na prezentację! Małgorzata Wróblewska",tak,,,,własność,,53.124586,23.152495
Białystok Zawady,ul. św. Krzysztofa,3,62,506848,8175,Pośrednik,,5,https://adresowo.pl/o/mieszkanie-bialystok-zawady-ul-sw-krzysztofa-3-pokojowe-f6k8i0,https://s2.adresowa.pl/oi/3d/19/40fe2c_6805_cover@2x-3-pokojowe-mieszkanie-bialystok-zawady-ul-sw-krzysztofa.webp,Białystok Zawady,św. Krzysztofa,1,2027,blok,,"Kameralne Zawady – nowoczesna inwestycja mieszkaniowa Zapraszamy do zapoznania się z ofertą inwestycji Kameralne Zawady, zlokalizowanej przy ul. Św. Krzysztofa, na spokojnym i cenionym osiedlu Zawady. To propozycja dla osób, które szukają połączenia nowoczesnej architektury, kameralnej skali zabudowy oraz komfortu codziennego życia. Informacje podstawowe- 42 mieszkania - 3 kondygnacje naziemne - Kameralny budynek o niewielkiej skali - Funkcjonalne układy mieszkań o powierzchniach od 37,74m2 do 82,47m2 zaprojektowane z myślą o wygodzie mieszkańców W przedmiotowym lokalu na powierzchni 62,19m2 znajdują się: - Pokój z aneksem: 20,13m2 - Pokój: 14,53m2 - Pokój: 12,39m2 - Przedpokój: 8,80m2 - Łazienka: 4,27m2 - WC: 2,07m2 - Balkon: 4m2 Mieszkanie na I Piętrze z ekspozycją okien : zachód, wschód. Nowoczesny styl i funkcjonalność Budynek wyróżnia się prostą, elegancką bryłą oraz nowoczesnym stylem architektonicznym. Stonowana kolorystyka elewacji i wysokiej jakości materiały wykończeniowe harmonijnie wpisują się w charakter osiedla Zawady, zapewniając estetykę i trwałość na lata. Mieszkania zostały zaprojektowane tak, aby maksymalnie wykorzystać dostępną przestrzeń – jasne wnętrza, przemyślane układy pomieszczeń oraz duże przeszklenia tworzą komfortowe warunki do życia zarówno dla singli, par, jak i rodzin. Lokalizacja Ulica Św. Krzysztofa to miejsce, które łączy ciszę i spokój kameralnego osiedla z dogodnym dojazdem do centrum miasta. W pobliżu znajdują się tereny zielone, infrastruktura handlowo-usługowa oraz szybkie połączenia komunikacyjne z pozostałymi częściami Białegostoku. Kameralne Zawady to idealny wybór dla osób ceniących nowoczesne budownictwo, spokojne otoczenie i wysoki standard codziennego życia. Planowany termin oddania mieszkania do użytku – grudzień 2027r. Miejsca parkingowe - w cenie 35.000zł . Komórki lokatorskie w cenie 3000zł/m2 Po więcej informacji zapraszam do kontaktu: Grzegorz Kozłowski",,,,,własność,,53.169749,23.112402
Białystok Piaski,ul. Jerzego Waszyngtona,3,60,429000,7150,bez pośredników,,8,https://adresowo.pl/o/mieszkanie-bialystok-piaski-ul-jerzego-waszyngtona-3-pokojowe-f0v9o5,https://s2.adresowa.pl/oi/27/1d/41279a_6865_cover@2x-3-pokojowe-mieszkanie-bialystok-piaski-ul-jerzego-waszyngtona.webp,Białystok Piaski,Jerzego Waszyngtona,6,1977,blok,,"PRZESTRONNE 3 POKOJE | 60,10 m² | UL. WASZYNGTONA | VI PIĘTRO | BALKON | PIWNICA | PARKING Na sprzedaż przestronne, 3-pokojowe mieszkanie o powierzchni 60,10 m², położone przy ul. Waszyngtona na osiedlu Piaski w Białymstoku. Mieszkanie znajduje się na IV piętrze i ma dwustronny układ, dzięki czemu pomieszczenia są dobrze doświetlone. Największym atutem nieruchomości jest połączenie dużej, wygodnej powierzchni z bardzo dobrą lokalizacją. Mieszkanie daje również dużą swobodę aranżacji i możliwość stworzenia wnętrza dopasowanego do własnych potrzeb. FUNKCJONALNY UKŁAD Na 60,10 m² znajdują się: - przestronny salon z wyjściem na balkon, - dwa niezależne pokoje, - oddzielna kuchnia, - łazienka, - WC, - przedpokój. Trzy niezależne pokoje pozwalają wygodnie wydzielić strefę dzienną, sypialnię oraz dodatkowy pokój - np. dla dziecka, do pracy czy jako pokój gościnny. DODATKOWE ATUTY Do mieszkania przynależą: - balkon, - piwnica. Dużym atutem jest parking za szlabanem przeznaczony dla mieszkańców. Duża liczba dostępnych miejsc sprawia, że parkowanie w pobliżu budynku nie stanowi problemu. LOKALIZACJA Ul. Waszyngtona to jedna z największych zalet tego mieszkania. Nieruchomość znajduje się na osiedlu Piaski, w niewielkiej odległości od centrum Białegostoku, z bardzo dobrym dostępem do miejskiej infrastruktury. W okolicy znajdują się m.in. uczelnie, szpitale, sklepy, punkty usługowe, restauracje oraz komunikacja miejska. Bliskość Uniwersytetu Medycznego oraz Uniwersyteckiego Szpitala Klinicznego i Uniwersytetu w Białymstoku sprawia, że jest to również lokalizacja atrakcyjna pod kątem wynajmu. NAJWAŻNIEJSZE INFORMACJE 60,10 m² | 3 pokoje | VI piętro | mieszkanie dwustronne | balkon | piwnica | parking | oddzielna kuchnia | do remontu Jeśli szukasz mieszkania, w którym nie brakuje przestrzeni, a jednocześnie zależy Ci na lokalizacji blisko centrum i pełnej miejskiej infrastruktury, zapraszam do kontaktu i obejrzenia mieszkania.",tak,,osobna,plastikowe,własność,,53.124996,23.156449
Białystok Bacieczki,ul. Hugo Kołłątaja,2,48,439000,9146,bez pośredników,,13,https://adresowo.pl/o/mieszkanie-bialystok-bacieczki-ul-hugo-kollataja-2-pokojowe-l3m2a6,https://s2.adresowa.pl/oi/4c/4a/412272_fa24_cover@2x-2-pokojowe-mieszkanie-bialystok-bacieczki-ul-hugo-kollataja.webp,Białystok Bacieczki,Hugo Kołłątaja,3,1999,blok,,"Mieszkanie o powierzchni 48,5 m2 mieści się na 3 piętrze w 3 piętrowym budynku. Do mieszkania przynależy piwnica. W 2020r wymienione wszystkie okna na 3-szybowe, generalny remont łazienki, oraz odnowione pozostałe pomieszczenia. W skład mieszkania wchodzą: - oddzielna duża kuchnia, - salon, - sypialnia, - łazienka, - korytarz GŁÓWNE ATUTY: - funkcjonalny rozkład pomieszczeń, - balkon - cicha i spokojna okolica, - bardzo dobrze rozwinięta infrastruktura w okolicy bloku: lokalne sklepy spożywcze, szkoły, apteka, lokale gastronomiczne itp. Mieszkanie w trakcie opróżniania i sprzątania, zostaje cała zabudowa kuchni wraz z lodówką, kuchenka, stół, cztery krzesła; w sypialni zostaje duża szafa; w łazience pralka; zabudowa, szafka i wieszak w korytarzu. Ze względu na lokalizację świetnie sprawdzi się również pod wynajem. Oferta prywatna, bez pośredników - biurom nieruchomości dziękuję. Zapraszam do kontaktu i obejrzenia mieszkania.",tak,,osobna,plastikowe,własność,"Wyposażenie: kuchenka, pralka",53.148631,23.090976
Białystok Nowe Miasto,ul. Kazimierza Pułaskiego,2,44,459000,10432,bez pośredników,,7,https://adresowo.pl/o/mieszkanie-bialystok-nowe-miasto-ul-kazimierza-pulaskiego-2-pokojowe-h6h1c1,https://s2.adresowa.pl/oi/5a/6f/41208c_a37c_cover@2x-2-pokojowe-mieszkanie-bialystok-nowe-miasto-ul-kazimierza-pulaskiego.webp,Białystok Nowe Miasto,Kazimierza Pułaskiego,3,1994,blok,,"Na sprzedaż 2-pokojowe mieszkanie o powierzchni 44,05 m², położone na 3. piętrze w budynku z cegły na osiedlu Nowe Miasto, przy ul. Pułaskiego. Mieszkanie ma funkcjonalny układ, balkon oraz piwnicę i stanowi bardzo dobrą bazę do stworzenia wnętrza dopasowanego do własnego gustu i potrzeb. Najważniejsze atuty: • 44,05 m² • 2 pokoje • 3. piętro • balkon • piwnica • budynek z cegły • rok budowy 1994 • funkcjonalny układ pomieszczeń • spokojna część osiedla Nowe Miasto Mieszkanie było remontowane kilkanaście lat temu. Obecnie wymaga odświeżenia lub modernizacji, w zależności od oczekiwań nowego właściciela. W pokojach zachowała się piękna, naturalna drewniana podłoga w idealnym stanie – to zdecydowanie jeden z atutów mieszkania. To dobra propozycja dla osób, które chcą urządzić mieszkanie po swojemu i stworzyć wnętrze odpowiadające własnym potrzebom. Układ mieszkania daje sporo możliwości aranżacyjnych, dlatego lokal można dostosować zarówno do potrzeb pary lub singla, jak i wykorzystać jako mieszkanie inwestycyjne pod wynajem. Lokalizacja Nieruchomość znajduje się w dobrze zagospodarowanej części Nowego Miasta, przy ul. Pułaskiego. W najbliższej okolicy znajdują się sklepy, punkty usługowe, szkoły, przedszkola, komunikacja miejska oraz tereny zielone. Lokalizacja zapewnia wygodny dostęp do centrum Białegostoku oraz innych części miasta, a jednocześnie pozwala korzystać z pełnej infrastruktury potrzebnej na co dzień. Informacje dodatkowe: Forma własności: spółdzielczo-własnościowe prawo do lokalu Spółdzielnia: SM „Budowlani” Czynsz: ok. 700 zł Cena: 459 000 zł – do negocjacji. Zapraszam do kontaktu i umówienia prezentacji tel. [numer] Warto zobaczyć mieszkanie na żywo i ocenić jego układ, możliwości aranżacyjne oraz lokalizację.",tak,,aneks,plastikowe,spółdzielcze własnościowe,,53.10853,23.127532
Białystok Piaski,ul. Jerzego Waszyngtona 36,2,43,630000,14651,Pośrednik,,14,https://adresowo.pl/o/mieszkanie-bialystok-piaski-ul-jerzego-waszyngtona-2-pokojowe-o1g0t6,https://s2.adresowa.pl/oi/40/25/40fe28_d634_cover@2x-2-pokojowe-mieszkanie-bialystok-piaski-ul-jerzego-waszyngtona.webp,Białystok Piaski,Jerzego Waszyngtona 36,1,2010,blok,,"2-pokojowe mieszkanie o powierzchni 43,5 m² w Białymstoku, w ścisłym Centrum przy ul. Jerzego Waszyngtona 36. Lokal znajduje się na 1 piętrze w 17-piętrowym budynku z 2010 roku i posiada duży balkon o powierzchni 11,2 m², co w tej części miasta jest wyraźnym atutem. To jeden z najbardziej rozpoznawalnych adresów w mieście. Bezpośrednie sąsiedztwo Uniwersyteckiego Szpitala Klinicznego, Uniwersyteckiego Dziecięcego Szpitala Klinicznego, Centrum Medicover oraz Uniwersytetu Medycznego podkreśla prestiż lokalizacji i gwarantuje stabilną wartość nieruchomości w czasie. Mieszkanie ma czytelny i funkcjonalny układ: salon 15,9 m² z wyjściem na balkon, sypialnia 9,7 m², oddzielna widna kuchnia 6,2 m², łazienka 4,3 m² oraz korytarz 4,9 m². Wyraźny podział na strefę dzienną i prywatną zwiększa komfort użytkowania. Salon jest dobrze doświetlony i umożliwia wygodne wydzielenie części wypoczynkowej oraz jadalnianej. Balkon 11,2 m² stanowi realne przedłużenie przestrzeni i pozwala na stworzenie prywatnej strefy relaksu w centrum miasta. Oddzielna kuchnia z oknem wyposażona jest w zabudowę meblową oraz komplet AGD: płyta indukcyjna, piekarnik elektryczny, lodówka, zmywarka i okap. Sypialnia mieści łóżko 2-osobowe z nowym materacem oraz miejsce do przechowywania. Łazienka wyposażona jest w kabinę prysznicową, pralkę oraz szafkę z umywalką. Lokal jest po generalnym remoncie i gotowy do zamieszkania bez dodatkowych nakładów finansowych. Budynek z 2010 roku znajduje się na terenie zamkniętym z miejscami postojowymi za szlabanem, co zwiększa poczucie bezpieczeństwa i komfort mieszkańców. Czynsz administracyjny: 377 PLN. To propozycja dla osób, które oczekują centralnej, prestiżowej lokalizacji, funkcjonalnego układu i mieszkania gotowego do wprowadzenia. Nieruchomość sprawdzi się również jako bezpieczna inwestycja pod wynajem. W celu uzyskania szczegółowych informacji oraz umówienia prezentacji zapraszam do kontaktu. Niniejsze ogłoszenie nie stanowi oferty w rozumieniu Kodeksu Cywilnego, lecz ma charakter informacyjny. Przedstawione wizualizacje i grafiki mają charakter wyłącznie poglądowy i stanowią wyłącznie materiał pomocniczy, ułatwiający zorientowanie się w ogólnym wyglądzie oferowanej nieruchomości. Niniejsze ogłoszenie wraz z jego elementami jest własnością Północ Nieruchomości Sp z o.o. lub podmiotu współpracującego. Wszelkie prawa zastrzeżone. Kopiowanie, rozpowszechnianie oraz korzystanie z niniejszych materiałów w jakikolwiek inny sposób wykraczający poza dozwolony użytek określony przepisami ustawy z 4 lutego 1994 r. o prawie autorskim i prawach pokrewnych (Dz. U. 1994, nr 24 poz. 83 z późn. zm.) bez pisemnej zgody Północ Nieruchomości Sp z o.o. lub podmiotów współpracujących jest zabronione i może stanowić podstawę odpowiedzialności cywilnej oraz karnej. Niniejsze materiały stanowią tajemnicę przedsiębiorstwa PÓŁNOC NIERUCHOMOŚCI Sp. z o.o. w rozumieniu ustawy z dnia 16 kwietnia 1993 r. o zwalczaniu nieuczciwej konkurencji (Dz. U. z 2003 r., Nr 153, poz. 1503 z późn. zm.).",,tak,,,własność,"Wyposażenie: lodówka, piekarnik, pralkę, zmywarka",53.124985,23.151411
Białystok Centrum,ul. Ludwika Waryńskiego 29,3,61,389000,6377,Pośrednik,,19,https://adresowo.pl/o/mieszkanie-bialystok-centrum-ul-ludwika-warynskiego-3-pokojowe-g5c3x5,https://s2.adresowa.pl/oi/57/78/40fe26_6fd8_cover@2x-3-pokojowe-mieszkanie-bialystok-centrum-ul-ludwika-warynskiego.webp,Białystok Centrum,Ludwika Waryńskiego 29,4,1961,blok,,"Na sprzedaż 3-pokojowe mieszkanie o powierzchni 61 m², położone w ścisłym centrum Białegostoku przy ul. Ludwika Waryńskiego 29. Lokal znajduje się na 4. piętrze w niskim, czteropiętrowym bloku. Mieszkanie stanowi idealną propozycję dla osób poszukujących nieruchomości do własnej aranżacji – wymaga kapitalnego remontu, co daje pełną swobodę w zaprojektowaniu wnętrza według własnych potrzeb i gustu. W dwóch pokojach wymieniona została instalacja elektyczna. Rozkład pomieszczeń stwarza duże możliwości funkcjonalne – istnieje opcja połączenia kuchni z jednym z pokoi, co pozwala na uzyskanie nowoczesnej, otwartej przestrzeni dziennej. W skład mieszkania wchodzą: - 3 pokoje - 18,7m2 + 12,9m2 + 11,9m2 - kuchnia - 8,2m2 - łazienka - 3m2 - przedpokój - 5,1m2 Dodatkowym atutem jest balkon o powierzchni 3,5m2. W częściach wspólnych budynku trwa gruntowny remont. Wymieniono już całą instalację elektryczną na klatkach schodowych, a ściany są obecnie przygotowywane do malowania. Nieruchomość zlokalizowana jest w doskonałym punkcie miasta – w bezpośrednim sąsiedztwie znajdują się sklepy, restauracje, szkoły, przedszkola, przychodnie, punkty usługowe oraz tereny rekreacyjne. Bardzo dobra komunikacja miejska zapewnia szybki dojazd do każdej części Białegostoku. To świetna propozycja zarówno dla inwestorów, jak i osób chcących stworzyć swoje miejsce do życia w samym sercu miasta. Zapraszam do kontaktu i na prezentację! Ewa Kochańska",,,osobna,,własność,,53.137445,23.153821
Białystok Antoniuk,ul. Władysława Broniewskiego,3,54,559000,10352,bez pośredników,,7,https://adresowo.pl/o/mieszkanie-bialystok-antoniuk-ul-wladyslawa-broniewskiego-3-pokojowe-q7i6q3,https://s2.adresowa.pl/oi/12/18/412056_738a_cover@2x-3-pokojowe-mieszkanie-bialystok-antoniuk-ul-wladyslawa-broniewskiego.webp,Białystok Antoniuk,Władysława Broniewskiego,3,1974,blok,,"Sprzedam bezpośrednio słoneczne, dwustronne mieszkanie, 54m2, III piętro, na ul. Broniewskiego. Mieszkanie po generalnym remoncie. Mieszkanie to: - 1 salon z aneksem kuchennym + 2 pokoje - w aneksie kuchennym zabudowy wykonane przez stolarza - łazienka z oknem, wanna - WC - przedpokój z pojemnymi szafami - nowy sprzęt AGD: lodówka, pralka, zmywarka, płyta indukcyjna, piekarnik, okap - nowe drzwi zewnętrzne i wewnętrzne kupione w firmie Diadom - nowa instalacja elektryczna i hydrauliczna - duży balkon i piwnica - przed blokiem duży bezpłatny parking, zamknięty szlabanem - blok z cegły, 1974r. - czynsz 700 zł - Księga Wieczysta Lokalizacja: Mieszkanie znajduje się w spokojnej i zielonej dzielnicy miasta, blisko centrum miasta. W pobliżu: liczne sklepy, siłownie, park Antoniuk, szkoły, przedszkola, punkty usługowe. Idealna lokalizacja do zamieszkania, jak i pod inwestycję/wynajem. Zapraszam do kontaktu i do obejrzenia mieszkania, nr tel. [numer]",tak,,aneks,plastikowe,spółdzielcze własnościowe,"Wyposażenie: lodówka, piekarnik, pralka, zmywarka",53.141613,23.131807
Białystok Bojary,ul. Józefa Ignacego Kraszewskiego,2,32,519000,16219,bez pośredników,,13,https://adresowo.pl/o/mieszkanie-bialystok-bojary-ul-jozefa-ignacego-kraszewskiego-2-pokojowe-m6u5a1,https://s2.adresowa.pl/oi/72/1f/411fea_8a94_cover@2x-2-pokojowe-mieszkanie-bialystok-bojary-ul-jozefa-ignacego-kraszewskiego.webp,Białystok Bojary,Józefa Ignacego Kraszewskiego,10,2025,blok,,"Sprzedaż bezpośrednia, bez prowizji agencji. Mieszkanie kompletnie wykończone, ""pod klucz"". Nowe, nigdy nie zamieszkałe. Kraszewskiego 45B. Zabudowa kuchenna z pełnym AGD. Łazienka kompletna. Klimatyzacja. Oświetlenie LED. Panele winylowe. Duży balkon, 11m2. Strona zachodnia. Dwie szybkie windy. Aldi - ok. 200m, Biedronka - ok. 300m. Do wydania i zamieszkania od zaraz. Przy zakupie kupujący nie zapłaci 2% podatku PCC, OSZCZĘDNOŚĆ 10.000 ZŁ. CENA: 509.000 CENA piwnicy: 10.000 Można dokupić m. postojowe w garażu podziemnym za 49.000.",tak,tak,,plastikowe,własność,Wyposażenie: klimatyzacja,53.140039,23.179093
Białystok Centrum,ul. Józefa Ignacego Kraszewskiego,2,38,589000,15500,bez pośredników,,17,https://adresowo.pl/o/mieszkanie-bialystok-centrum-ul-jozefa-ignacego-kraszewskiego-2-pokojowe-b4r3g2,https://s2.adresowa.pl/oi/1a/39/411fd2_ba3c_cover@2x-2-pokojowe-mieszkanie-bialystok-centrum-ul-jozefa-ignacego-kraszewskiego.webp,Białystok Centrum,Józefa Ignacego Kraszewskiego,9,2025,blok,,"SPRZEDAŻ BEZPOŚREDNIA, bez prowizji dla agencji. CENTRUM, Kraszewskiego 45B. Mieszkanie wykończone ""pod klucz"", do zamieszkania. Kuchnia z AGD, szafy w korytarzu, łazience, sypialni. Łazienka z kabiną. Od południa, duży balkon. Klimatyzacja. Dwie windy. Obok Żabka, Aldi, Biedronka ok. 400m. KUPUJĄCY PRZY ZAKUPIE NIE PŁACI 2% podatku (PCC). Wykończenie i materiały jak na zdjęciach. Można dokupić miejsce postojowe w podziemiu za cenę 49.000 zł. CENA: 589.000 Piwnica: 10.000 Wykończenie i materiały jak na zdjęciach. Na gotowo koniec listopada.",tak,tak,,,własność,Wyposażenie: klimatyzacja,53.140039,23.179093
Białystok Zawady,ul. św. Krzysztofa,3,55,472260,8587,Pośrednik,,7,https://adresowo.pl/o/mieszkanie-bialystok-zawady-ul-sw-krzysztofa-3-pokojowe-c9f8q4,https://s2.adresowa.pl/oi/3c/1c/40fe20_f164_cover@2x-3-pokojowe-mieszkanie-bialystok-zawady-ul-sw-krzysztofa.webp,Białystok Zawady,św. Krzysztofa,1,2027,blok,,"Kameralne Zawady – nowoczesna inwestycja mieszkaniowa Zapraszamy do zapoznania się z ofertą inwestycji Kameralne Zawady, zlokalizowanej przy ul. Św. Krzysztofa, na spokojnym i cenionym osiedlu Zawady. To propozycja dla osób, które szukają połączenia nowoczesnej architektury, kameralnej skali zabudowy oraz komfortu codziennego życia. Informacje podstawowe - 42 mieszkania - 3 kondygnacje naziemne - Kameralny budynek o niewielkiej skali - Funkcjonalne układy mieszkań o powierzchniach od 37,74m2 do 82,47m2 zaprojektowane z myślą o wygodzie mieszkańców W przedmiotowym lokalu na powierzchni 55,56m2 znajdują się: - Pokój z aneksem: 21,61m2 - Pokój: 10,50m2 - Pokój: 13,61m2 - Przedpokój: 3,31m2+2,93m2 - Łazienka: 3,60m2 - Balkon: 6m2 Mieszkanie na I PIĘTRZE z ekspozycją okien : północ, zachód, wschód. Nowoczesny styl i funkcjonalność Budynek wyróżnia się prostą, elegancką bryłą oraz nowoczesnym stylem architektonicznym. Stonowana kolorystyka elewacji i wysokiej jakości materiały wykończeniowe harmonijnie wpisują się w charakter osiedla Zawady, zapewniając estetykę i trwałość na lata. Mieszkania zostały zaprojektowane tak, aby maksymalnie wykorzystać dostępną przestrzeń – jasne wnętrza, przemyślane układy pomieszczeń oraz duże przeszklenia tworzą komfortowe warunki do życia zarówno dla singli, par, jak i rodzin. Lokalizacja Ulica Św. Krzysztofa to miejsce, które łączy ciszę i spokój kameralnego osiedla z dogodnym dojazdem do centrum miasta. W pobliżu znajdują się tereny zielone, infrastruktura handlowo-usługowa oraz szybkie połączenia komunikacyjne z pozostałymi częściami Białegostoku. Kameralne Zawady to idealny wybór dla osób ceniących nowoczesne budownictwo, spokojne otoczenie i wysoki standard codziennego życia. Planowany termin oddania mieszkania do użytku – grudzień 2027r. Miejsca parkingowe - w cenie 35.000zł . Komórki lokatroskie w cenie 3000zł/m2 Po więcej informacji zapraszam do kontaktu Ewa Kochańska",,,,,własność,,53.16973,23.112155
Białystok Zawady,ul. św. Krzysztofa,3,57,496134,8704,Pośrednik,,7,https://adresowo.pl/o/mieszkanie-bialystok-zawady-ul-sw-krzysztofa-3-pokojowe-u6j5u4,https://s2.adresowa.pl/oi/76/3b/40fe1e_89c2_cover@2x-3-pokojowe-mieszkanie-bialystok-zawady-ul-sw-krzysztofa.webp,Białystok Zawady,św. Krzysztofa,1,2026,blok,,"Kameralne Zawady – nowoczesna inwestycja mieszkaniowa Zapraszamy do zapoznania się z ofertą inwestycji Kameralne Zawady, zlokalizowanej przy ul. Św. Krzysztofa, na spokojnym i cenionym osiedlu Zawady. To propozycja dla osób, które szukają połączenia nowoczesnej architektury, kameralnej skali zabudowy oraz komfortu codziennego życia. Informacje podstawowe - 42 mieszkania - 3 kondygnacje naziemne - Kameralny budynek o niewielkiej skali - Funkcjonalne układy mieszkań o powierzchniach od 37,74m2 do 82,47m2 zaprojektowane z myślą o wygodzie mieszkańców W przedmiotowym lokalu na powierzchni 57,69m2 znajdują się: - Pokój z aneksem: 26,60m2 - Pokój: 10,88m2 - Pokój: 12,10m2 - Łazienka: 4,35m2 - Przedpokój: 3,76m2 - Balkon: 8m2 Mieszkanie na I PIĘTRZE z ekspozycją okien : wschód Nowoczesny styl i funkcjonalność Budynek wyróżnia się prostą, elegancką bryłą oraz nowoczesnym stylem architektonicznym. Stonowana kolorystyka elewacji i wysokiej jakości materiały wykończeniowe harmonijnie wpisują się w charakter osiedla Zawady, zapewniając estetykę i trwałość na lata. Mieszkania zostały zaprojektowane tak, aby maksymalnie wykorzystać dostępną przestrzeń – jasne wnętrza, przemyślane układy pomieszczeń oraz duże przeszklenia tworzą komfortowe warunki do życia zarówno dla singli, par, jak i rodzin. Lokalizacja Ulica Św. Krzysztofa to miejsce, które łączy ciszę i spokój kameralnego osiedla z dogodnym dojazdem do centrum miasta. W pobliżu znajdują się tereny zielone, infrastruktura handlowo-usługowa oraz szybkie połączenia komunikacyjne z pozostałymi częściami Białegostoku. Kameralne Zawady to idealny wybór dla osób ceniących nowoczesne budownictwo, spokojne otoczenie i wysoki standard codziennego życia. Planowany termin oddania mieszkania do użytku – grudzień 2027r. Miejsca parkingowe - w cenie 35.000zł . Komórki lokatorskie w cenie 3000zł/m2 Po więcej informacji zapraszam do kontaktu: Stanisław Drobiński",,,,,własność,,53.169801,23.112402
Białystok Skorupy,ul. Plażowa,3,60,739000,12317,bez pośredników,,20,https://adresowo.pl/o/mieszkanie-bialystok-skorupy-ul-plazowa-3-pokojowe-k6d5w3,https://s2.adresowa.pl/oi/12/3c/411e42_d812_cover@2x-3-pokojowe-mieszkanie-bialystok-skorupy-ul-plazowa.webp,Białystok Skorupy,Plażowa,1,2020,blok,,"Sprzedam 3-pokojowe mieszkanie o powierzchni 60,83 m², położone na 1. piętrze bloku przy ul. Plażowej. Mieszkanie jest gotowe do zamieszkania. Mieszkanie składa się z: - przestronnego salonu z wyjściem na duży balkon, - oddzielnej, w pełni wyposażonej kuchni, - dwóch osobnych sypialni (każda ok. 11 m²), - łazienki z prysznicem, - korytarza - oraz oddzielnej toalety. W cenę wliczają się wszystkie zabudowy stałe wykonane przez stolarza, wbudowany sprzęt AGD, pralko-suszarka, lodówka oraz meble z salonu. Rozkład mieszkania: - sypialnia 1: 10,51 m² - sypialnia 2: 10,54 m² - łazienka: 3,60 m² - korytarz: 8,48 m² - toaleta: 1,68 m² - kuchnia: 8,84 m² - salon: 17,18 m² - balkon: ok. 7 m² - piwnica: ok. 8 m² Cena: 739 000 zł Istnieje możliwość dokupienia miejsca postojowego zewnętrznego. Czynsz: ok. 730 zł/mies. Lokalizacja: - Spokojna i zielona okolica z dużym lasem, idealnym na spacery. - Blisko przystanku autobusowego (500 metrów). - Dojazd do centrum samochodem: ok. 10 minut. - W pobliżu sklepy (Żabka, Biedronka, Lidl). - Apteka, przychodnia rodzinna: ok. 1,2 km. - Siłownia (nad Biedronką, otwarcie jeszcze w tym roku). - Powstaje mała galeria handlowa koło Biedronki. - Szkoły (SP 20 ul. Leśna - 1,4 km, SP 28 ul. Warmińska 2,2 km), żłobki i przedszkola w pobliżu. - Plaża miejska Dojlidy: ok. 6 minut autem (2,7 km). Zalety mieszkania: - Nowoczesne budownictwo. - Monitoring. - Przemyślany, funkcjonalny układ mieszkania dla rodzin z dziećmi. - Niskie koszty ogrzewania (zwroty po sezonie grzewczym). - Komfortowe warunki do życia z dostępem do wszystkich usług i z szybkim dojazdem do centrum. Dodatkowo można dokupić prywatne miejsce postojowe zewnętrzne koło bloku w cenie 25 000 zł. Ul. Plażowa 7 60,83 m² | 3 pokoje | 1 balkon | 1. piętro Cena: 739 000 zł Zapraszam do kontaktu.",tak,tak,,,własność,"Wyposażenie: lodówka, suszarka",53.118284,23.217625
Białystok Piasta,ul. Wołyńska,3,50,560000,11200,bez pośredników,,9,https://adresowo.pl/o/mieszkanie-bialystok-piasta-ul-wolynska-3-pokojowe-n1z5y3,https://s2.adresowa.pl/oi/2a/6c/411cfc_749d_cover@2x-3-pokojowe-mieszkanie-bialystok-piasta-ul-wolynska.webp,Białystok Piasta,Wołyńska,3,2007,blok,,"Oferuję na sprzedaż mieszkanie o powierzchni 50,54 m² w Białymstoku, w dzielnicy Piasta II. Mieszkanie znajduje się na trzecim piętrze w budynku z 2007 roku. Jest w pełni wyposażone, a w skład jego wyposażenia wchodzą m.in. meble, pralka, zmywarka, lodówka, kuchenka oraz piekarnik. Do mieszkania przynależy również balkon oraz piwnica. Ogrzewanie miejskie zapewnia komfort w zimowe dni. Lokalizacja mieszkania jest bardzo dogodna. W okolicy znajdziesz: - przystanki autobusowe (np. Piastowska/Mieszka I) - sklepy spożywcze, w tym Stokrotka Market i Dom Handlowy Mieszko - plac zabaw, szkoła, przedszkola, przychodnie - restauracje, takie jak Bar Słowiański, Bar Grodno, Pani K, Okruszek - szkoły podstawowe oraz średnie Mieszkanie jest dostępne od września 2026 roku, a czynsz wynosi 500 PLN. Zapraszam do kontaktu, aby umówić się na prezentację!",tak,,,drewniane,własność,"Wyposażenie: kuchenka, lodówka, piekarnik, pralka, zmywarka",53.129751,23.193903
Białystok,Białostoczek,3,48,539000,11229,bez pośredników,,12,https://adresowo.pl/o/mieszkanie-bialystok-bialostoczek-3-pokojowe-48-m2-j5s1o0,https://s2.adresowa.pl/oi/1c/60/4119fe_c391_cover@2x-3-pokojowe-mieszkanie-bialystok-bialostoczek.webp,Białystok Białostoczek,,3,,blok,,"Na sprzedaż 3-pokojowe mieszkanie o powierzchni 48,6 m², położone na 3. piętrze w 4-piętrowym bloku. Mieszkanie jest dwustronne i dobrze doświetlone, a jego funkcjonalny układ zapewnia wygodne wykorzystanie przestrzeni. Z przedpokoju dostępne są wszystkie pomieszczenia. W skład mieszkania wchodzą: · 3 pokoje, · oddzielna kuchnia, · łazienka, · przedpokój, · balkon. Kuchnia wyposażona jest w zmywarkę, lodówkę, piekarnik oraz okap. W łazience znajduje się prysznic z deszczownicą. Do mieszkania przynależy piwnica. Mieszkańcy mają również dostęp do wspólnego pomieszczenia gospodarczego, przeznaczonego m.in. do przechowywania rowerów. Najważniejsze atuty: · 3 niezależne pokoje · 48,6 m² · balkon · piwnica · dwustronne i dobrze doświetlone mieszkanie · oddzielna kuchnia · dużo miejsc parkingowych bezpośrednio pod blokiem · dobra komunikacja miejska · blisko centrum · szybki dostęp do wyjazdu na obwodnicę miasta · w pobliżu sklepy, punkty usługowe, szkoły, uczelnie i tereny rekreacyjne · uregulowany stan prawny, brak obciążeń. Mieszkanie znajduje się w lokalizacji, zapewniającej wygodny dostęp zarówno do centrum, jak i do głównych tras wyjazdowych z miasta. 3 niezależne pokoje sprawiają, że nieruchomość może być dobrym rozwiązaniem zarówno dla rodziny, jak i osób szukających mieszkania pod wynajem. Cena podlega negocjacji. Ogłoszenie prywatne. Agencjom nieruchomości i pośrednikom dziękuję za kontakt. Proszę nie kontaktować się w sprawie współpracy.",tak,,osobna,,,"Wyposażenie: lodówkę, piekarnik, zmywarkę",53.14824,23.153173
Białystok Zawady,ul. św. Krzysztofa,4,69,548550,7950,Pośrednik,,7,https://adresowo.pl/o/mieszkanie-bialystok-zawady-ul-sw-krzysztofa-4-pokojowe-r2d8b7,https://s2.adresowa.pl/oi/3f/24/40fe1c_7330_cover@2x-4-pokojowe-mieszkanie-bialystok-zawady-ul-sw-krzysztofa.webp,Białystok Zawady,św. Krzysztofa,parter,2026,blok,,"Kameralne Zawady – nowoczesna inwestycja mieszkaniowa Zapraszamy do zapoznania się z ofertą inwestycji Kameralne Zawady, zlokalizowanej przy ul. Św. Krzysztofa, na spokojnym i cenionym osiedlu Zawady. To propozycja dla osób, które szukają połączenia nowoczesnej architektury, kameralnej skali zabudowy oraz komfortu codziennego życia. Informacje podstawowe - 42 mieszkania - 3 kondygnacje naziemne - Kameralny budynek o niewielkiej skali - Funkcjonalne układy mieszkań o powierzchniach od 37,74m2 do 82,47m2 zaprojektowane z myślą o wygodzie mieszkańców W przedmiotowym lokalu na powierzchni 69,00m2 znajdują się: - Pokój z aneksem: 23,96m2 - Pokój: 10,72m2 - Pokój: 13,54m2 - Pokój: 9,01m2 - Łazienka: 4,70m2 - Przedpokój: 2,22m2+4,85m2 - Ogródek: 28m2 Mieszkanie na parterze z ekspozycją okien : północ, południe, zachód. Nowoczesny styl i funkcjonalność Budynek wyróżnia się prostą, elegancką bryłą oraz nowoczesnym stylem architektonicznym. Stonowana kolorystyka elewacji i wysokiej jakości materiały wykończeniowe harmonijnie wpisują się w charakter osiedla Zawady, zapewniając estetykę i trwałość na lata. Mieszkania zostały zaprojektowane tak, aby maksymalnie wykorzystać dostępną przestrzeń – jasne wnętrza, przemyślane układy pomieszczeń oraz duże przeszklenia tworzą komfortowe warunki do życia zarówno dla singli, par, jak i rodzin. Lokalizacja Ulica Św. Krzysztofa to miejsce, które łączy ciszę i spokój kameralnego osiedla z dogodnym dojazdem do centrum miasta. W pobliżu znajdują się tereny zielone, infrastruktura handlowo-usługowa oraz szybkie połączenia komunikacyjne z pozostałymi częściami Białegostoku. Kameralne Zawady to idealny wybór dla osób ceniących nowoczesne budownictwo, spokojne otoczenie i wysoki standard codziennego życia. Planowany termin oddania mieszkania do użytku – grudzień 2027r. Miejsca parkingowe - w cenie 35.000zł . Komórki lokatorskie w cenie 3000zł/m2 Po więcej informacji zapraszam do kontaktu: Stanisław Drobiński",,,,,własność,,53.169826,23.112488
Białystok Zawady,ul. św. Krzysztofa,3,65,532765,8196,Pośrednik,,6,https://adresowo.pl/o/mieszkanie-bialystok-zawady-ul-sw-krzysztofa-3-pokojowe-s2q8z0,https://s2.adresowa.pl/oi/42/5e/40fe18_3cff_cover@2x-3-pokojowe-mieszkanie-bialystok-zawady-ul-sw-krzysztofa.webp,Białystok Zawady,św. Krzysztofa,1,2026,blok,,"Kameralne Zawady – nowoczesna inwestycja mieszkaniowa Zapraszamy do zapoznania się z ofertą inwestycji Kameralne Zawady, zlokalizowanej przy ul. Św. Krzysztofa, na spokojnym i cenionym osiedlu Zawady. To propozycja dla osób, które szukają połączenia nowoczesnej architektury, kameralnej skali zabudowy oraz komfortu codziennego życia. Informacje podstawowe- 42 mieszkania - 3 kondygnacje naziemne - Kameralny budynek o niewielkiej skali - Funkcjonalne układy mieszkań o powierzchniach od 37,74m2 do 82,47m2 zaprojektowane z myślą o wygodzie mieszkańców W przedmiotowym lokalu na powierzchni 65,37m2 znajdują się: - Pokój z aneksem: 26,63m2 - Pokój: 11,82m2 - Pokój: 14,32m2 - Przedpokój: 8,32m2 - Łazienka: 4,28m2 - Balkon: 6m2 Mieszkanie na I PIĘTRZE z ekspozycją okien : zachód, wschód. Nowoczesny styl i funkcjonalność Budynek wyróżnia się prostą, elegancką bryłą oraz nowoczesnym stylem architektonicznym. Stonowana kolorystyka elewacji i wysokiej jakości materiały wykończeniowe harmonijnie wpisują się w charakter osiedla Zawady, zapewniając estetykę i trwałość na lata. Mieszkania zostały zaprojektowane tak, aby maksymalnie wykorzystać dostępną przestrzeń – jasne wnętrza, przemyślane układy pomieszczeń oraz duże przeszklenia tworzą komfortowe warunki do życia zarówno dla singli, par, jak i rodzin. Lokalizacja Ulica Św. Krzysztofa to miejsce, które łączy ciszę i spokój kameralnego osiedla z dogodnym dojazdem do centrum miasta. W pobliżu znajdują się tereny zielone, infrastruktura handlowo-usługowa oraz szybkie połączenia komunikacyjne z pozostałymi częściami Białegostoku. Kameralne Zawady to idealny wybór dla osób ceniących nowoczesne budownictwo, spokojne otoczenie i wysoki standard codziennego życia. Planowany termin oddania mieszkania do użytku – grudzień 2027r. Miejsca parkingowe - w cenie 35.000zł . Komórki lokatroskie w cenie 3000zł/m2 Po więcej informacji zapraszam do kontaktu: Monika Witkowska",,,,,własność,,53.16973,23.112155
Białystok Centrum,ul. Lipowa,1,35,422640,12075,bez pośredników,,8,https://adresowo.pl/o/mieszkanie-bialystok-centrum-ul-lipowa-1-pokoj-n1v4m4,https://s2.adresowa.pl/oi/69/7f/4118de_602c_cover@2x-1-pokojowe-mieszkanie-bialystok-centrum-ul-lipowa.webp,Białystok Centrum,Lipowa,1,1955,blok,,"Tytuł: Inwestycyjny HIT! Mieszkanie 35,22 m² z balkonem przy samym Rynku Kościuszki - Białystok, ul. Lipowa 1 Opis: Na sprzedaż jasne, nowoczesne i gotowe do wprowadzenia lub wynajmu mieszkanie o powierzchni 35,22 m², zlokalizowane w najbardziej pożądanym punkcie Białegostoku - przy ul. Lipowej 1. Mieszkanie znajduje się na 1. piętrze w budynku otoczonym zadbaną, wyjątkowo zieloną jak na samo centrum miasta przestrzenią. To idealna propozycja dla singla, pary lub jako bezpieczna lokata kapitału pod wynajem długo- i krótkoterminowy (gwarancja stałego obłożenia ze względu na topową lokalizację!). W skład mieszkania wchodzą: - Przestronny, ustawny pokój dzienny z wyjściem na balkon (widok na zielony skwer), - Nowoczesna kuchnia w pełni wyposażona w sprzęt AGD w zabudowie (piekarnik, płyta gazowa, mikrofalówka, lodówka), wykończona w modnym, industrialnym stylu, - Stylowa łazienka z kabiną prysznicową i eleganckimi akcentami drewna, - Funkcjonalny przedpokój. Do mieszkania przynależy również piwnica, idealna do przechowywania rowerów czy rzeczy sezonowych. Lokalizacja - Ścisłe Centrum (15 sekund do Rynku!): Lokalizacja jest absolutnie bezkonkurencyjna - ul. Lipowa 1 to samo serce Białegostoku. Wystarczy wyjść z klatki i dosłownie po 15 sekundach jest się na Rynku Kościuszki. W najbliższym sąsiedztwie znajdują się liczne restauracje, kawiarnie, sklepy, punkty usługowe, uczelnie oraz przystanki komunikacji miejskiej. Jednocześnie położenie okien i balkonu zapewnia kojący widok na zieleń i pełen komfort odpoczynku z dala od miejskiego zgiełku. Mieszkanie nie wymaga żadnych nakładów finansowych - nowoczesna zabudowa kuchenna oraz łazienka wykończone są w wysokim standardzie. Informacje finansowe: - Cena: 422 640 zł (12 000 zł / m²) - Czynsz administracyjny: 650 zł miesięcznie Zapraszam do kontaktu i obejrzenia mieszkania na żywo!",tak,,,,własność,"Wyposażenie: lodówka, mikrofalówka, piekarnik",53.132546,23.157035
Białystok,Dziesięciny,2,33,320000,9697,bez pośredników,,8,https://adresowo.pl/o/mieszkanie-bialystok-dziesieciny-2-pokojowe-33-m2-n4z2a7,https://s2.adresowa.pl/oi/21/7f/411812_c9d2_cover@2x-2-pokojowe-mieszkanie-bialystok-dziesieciny.webp,Białystok Dziesięciny,,parter,,blok,,"Na sprzedaż funkcjonalne mieszkanie o powierzchni 33 m², położone na parterze w zadbanym bloku, w dobrze skomunikowanej zielonej okolicy. Mieszkanie posiada balkon oraz przynależną piwnicę i jest sprzedawane z wyposażeniem. Jednym z dużych atutów nieruchomości jest spokojne otoczenie i cisza, przy jednoczesnym dostępie do najważniejszych punktów infrastruktury. W bezpośrednim sąsiedztwie znajduje się szkoła, a w pobliżu dostępne są sklepy i inne punkty usługowe. Dodatkowo wzdłuż całego bloku znajduje się duży parking, dzięki czemu nie ma problemu ze znalezieniem miejsca parkingowego. Zainteresowanych zapraszam do kontaktu telefonicznego.",tak,,,,,,53.152991,23.124001
Białystok Nowe Miasto,ul. Zachodnia,4,64,720000,11250,bez pośredników,,19,https://adresowo.pl/o/mieszkanie-bialystok-nowe-miasto-ul-zachodnia-4-pokojowe-m3q5i7,https://s2.adresowa.pl/oi/5a/30/411712_521a_cover@2x-4-pokojowe-mieszkanie-bialystok-nowe-miasto-ul-zachodnia.webp,Białystok Nowe Miasto,Zachodnia,2,1997,blok,,"To przestronne mieszkanie na sprzedaż o powierzchni 64,52 m² znajduje się na drugim piętrze dwupiętrowego budynku z cegły. Cały budynek posiada jedynie dwie klatki (po 6 mieszkań każda). Dodatkowo, w każdej klatce znajduje się mieszkanie na poddaszu. Przy bloku parking dla mieszkańców. Mieszkanie jest po remoncie. Przygotowane do zamontowania armatury łazienkowej i kuchennej oraz mebli wg gustu. Podłogi są drewniane (sosna). Łazienka w nowoczesnej aranżacji z elementami lameli, prysznicem typu walk-in oraz odpływem liniowym. Okna w mieszkaniu wychodzą na obie strony budynku, przez co mieszkanie jest jasne. W łazience małe okno (na trzeciej ścianie budynku). Mieszkanie posiada trzy odrębne pokoje i salon z aneksem kuchennym. Aneks od salonu oddziela ceglany murek z dębową ladą. Mieszkanie posiada przestronny balkon (ok. 10m²) oraz piwnicę (7-8m²), co zwiększa komfort codziennego użytkowania. Ogrzewanie miejskie. Lokalizacja na Nowym Mieście w Białymstoku, przy kościele Św. K. Boromeusza) gwarantuje łatwy dostęp do wszelkich udogodnień. W pobliżu znajdziesz: - sklepy spożywcze, takie jak Stokrotka, Biedronka i nieco dalej Lidl - bar Grodno, restauracje, jak Brooklyn Pizza Club - tereny zielone, - szkoły oraz przedszkola w zasięgu krótkiego spaceru. Doskonała komunikacja z resztą miasta, dzięki bliskości przystanków autobusowych. Obecna wysokość czynszu to ok. 800 zł. Faktyczna wartość czynszu zależy od zużycia wody i ciepła.",tak,,aneks,plastikowe,,,53.112499,23.134874
Białystok Zawady,ul. św. Krzysztofa,3,61,497965,8163,Pośrednik,,5,https://adresowo.pl/o/mieszkanie-bialystok-zawady-ul-sw-krzysztofa-3-pokojowe-n4z8n2,https://s2.adresowa.pl/oi/76/1b/40fe12_bd26_cover@2x-3-pokojowe-mieszkanie-bialystok-zawady-ul-sw-krzysztofa.webp,Białystok Zawady,św. Krzysztofa,2,2026,blok,,"Kameralne Zawady – nowoczesna inwestycja mieszkaniowa Zapraszamy do zapoznania się z ofertą inwestycji Kameralne Zawady, zlokalizowanej przy ul. Św. Krzysztofa, na spokojnym i cenionym osiedlu Zawady. To propozycja dla osób, które szukają połączenia nowoczesnej architektury, kameralnej skali zabudowy oraz komfortu codziennego życia. Informacje podstawowe- 42 mieszkania - 3 kondygnacje naziemne - Kameralny budynek o niewielkiej skali - Funkcjonalne układy mieszkań o powierzchniach od 37,74m2 do 82,47m2 zaprojektowane z myślą o wygodzie mieszkańców W przedmiotowym lokalu na powierzchni 61,10m2 znajdują się: - Pokój z aneksem: 29,62m2 - Pokój: 11,11m2 - Pokój: 11,24m2 - Przedpokój: 3,50m2 - Łazienka: 5,63m2 - Balkon: 7m2 Mieszkanie na II Piętrze z ekspozycją okien : południe, wschód. Nowoczesny styl i funkcjonalność Budynek wyróżnia się prostą, elegancką bryłą oraz nowoczesnym stylem architektonicznym. Stonowana kolorystyka elewacji i wysokiej jakości materiały wykończeniowe harmonijnie wpisują się w charakter osiedla Zawady, zapewniając estetykę i trwałość na lata. Mieszkania zostały zaprojektowane tak, aby maksymalnie wykorzystać dostępną przestrzeń – jasne wnętrza, przemyślane układy pomieszczeń oraz duże przeszklenia tworzą komfortowe warunki do życia zarówno dla singli, par, jak i rodzin. Lokalizacja Ulica Św. Krzysztofa to miejsce, które łączy ciszę i spokój kameralnego osiedla z dogodnym dojazdem do centrum miasta. W pobliżu znajdują się tereny zielone, infrastruktura handlowo-usługowa oraz szybkie połączenia komunikacyjne z pozostałymi częściami Białegostoku. Kameralne Zawady to idealny wybór dla osób ceniących nowoczesne budownictwo, spokojne otoczenie i wysoki standard codziennego życia. Planowany termin oddania mieszkania do użytku – grudzień 2027r. Miejsca parkingowe - w cenie 35.000zł . Komórki lokatorskie w cenie 3000zł/m2 Po więcej informacji zapraszam do kontaktu: Grzegorz Kozłowski",,,,,własność,,53.169724,23.112144
Białystok Antoniuk,ul. Władysława Broniewskiego 8C,3,54,468000,8667,Pośrednik,,20,https://adresowo.pl/o/mieszkanie-bialystok-antoniuk-ul-wladyslawa-broniewskiego-3-pokojowe-n0m9n6,https://s2.adresowa.pl/oi/6f/6b/40fe10_2a08_cover@2x-3-pokojowe-mieszkanie-bialystok-antoniuk-ul-wladyslawa-broniewskiego.webp,Białystok Antoniuk,Władysława Broniewskiego 8C,3,1970,blok,,"Na sprzedaż 3-pokojowe mieszkanie o powierzchni 54,05 m², położone w Białegostoku przy ul. Broniewskiego 8c Lokal znajduje się na 3. piętrze w niskim, czteropiętrowym bloku. Mieszkanie jest w bardzo dobrym stanie technicznym i wizualnym – gotowe do zamieszkania bez dodatkowego wkładu finansowego. Możesz wprowadzić się od razu, bez konieczności przeprowadzania remontu. W skład mieszkania wchodzą: - 3 pokoje - 15,70m2 + 14,40m2 + 11,80m2 - kuchnia - 4,5m2 - łazienka - 2,3m2 - przedpokój - 3,5m2 Dodatkowym atutem jest balkon. Nieruchomość znajduje się w dobrze skomunikowanej części Białegostoku, oferującej wygodny dostęp do infrastruktury miejskiej oraz licznych udogodnień codziennego życia. W bezpośrednim sąsiedztwie znajdują się sklepy spożywcze, punkty usługowe oraz markety, co zapewnia szybkie i wygodne zakupy bez konieczności dalszych dojazdów. W okolicy dostępne są również placówki edukacyjne, takie jak przedszkola, szkoły podstawowe oraz szkoły średnie, co czyni lokalizację atrakcyjną dla rodzin z dziećmi. Bliskość przystanków komunikacji miejskiej umożliwia sprawne poruszanie się po mieście zarówno samochodem, jak i transportem publicznym. Dojazd do centrum Białegostoku jest szybki i dogodny. W okolicy znajdują się także tereny zielone i rekreacyjne, sprzyjające aktywnemu wypoczynkowi – ścieżki spacerowe, place zabaw oraz miejsca do uprawiania sportu. Dodatkowym atutem jest dostęp do placówek medycznych, aptek oraz punktów gastronomicznych. To idealna propozycja zarówno dla rodzin, jak i osób szukających mieszkania pod inwestycję. Zapraszam do kontaktu i na prezentację! Ewa Kochańska",,,osobna,,własność,,53.141165,23.130223
Białystok Piasta,ul. Bolesława Chrobrego,2,38,429000,11289,bez pośredników,,16,https://adresowo.pl/o/mieszkanie-bialystok-piasta-ul-boleslawa-chrobrego-2-pokojowe-i3q7s7,https://s2.adresowa.pl/oi/18/5e/4115a4_ae57_cover@2x-2-pokojowe-mieszkanie-bialystok-piasta-ul-boleslawa-chrobrego.webp,Białystok Piasta,Bolesława Chrobrego,1,,blok,,"Na sprzedaż 2-pokojowe mieszkanie przy ul. Chrobrego w Białymstoku, położone na spokojnym i zielonym osiedlu. Sprzedaż bezpośrednio od właścicieli, bez pośredników. Mieszkanie było remontowane około 6 lat temu i zostało urządzone z myślą o własnym użytkowaniu, z zastosowaniem dobrej jakości materiałów i wyposażenia. Jasne, białe ściany oraz neutralne wykończenie dają dużą swobodę aranżacji i pozwalają łatwo dostosować wnętrze do własnego stylu. Najważniejsze atuty: • 2 pokoje • balkon z widokiem na zieleń • okna wychodzące na dwie strony, zapewniające dobre doświetlenie i przewiew • spokojne, zielone osiedle • świeżo wyremontowana łazienka z efektownymi płytkami i dobrej jakości armaturą • kuchnia z zabudową i sprzętem AGD • sprzedaż częściowo umeblowana, wraz ze sprzętem AGD • białe, neutralne ściany, które można łatwo zaaranżować według własnego pomysłu • bezpośrednio od właścicieli, bez prowizji dla biura nieruchomości Lokalizacja Mieszkanie znajduje się w spokojnej i zielonej części miasta, z bardzo dobrym dostępem do codziennej infrastruktury. W odległości około 2 minut od wyjścia z budynku znajdują się przystanki autobusowe, dzięki czemu można wygodnie dotrzeć do innych części Białegostoku. W najbliższej okolicy znajdują się: • Biedronka i PSS • inne sklepy i punkty usługowe • szkoła • place zabaw • tereny zielone i miejsca do spacerów Mieszkanie będzie dobrym wyborem zarówno dla młodej rodziny, pary czy singla, jak i dla studentów. Dwa pokoje pozwalają wygodnie wydzielić część dzienną i sypialną, a balkon z widokiem na zieleń stanowi dodatkową przestrzeń do odpoczynku. Mieszkanie jest gotowe do zamieszkania, a jednocześnie dzięki neutralnej kolorystyce daje dużo możliwości stworzenia własnej aranżacji. Sprzedawane jest częściowo umeblowane oraz z wyposażeniem AGD. Sprzedaż bezpośrednio od właścicieli. Bez pośredników i prowizji.",,,,plastikowe,własność,,53.130674,23.185028
Białystok Centrum,ul. Krakowska,2,41,499000,12171,bez pośredników,,9,https://adresowo.pl/o/mieszkanie-bialystok-centrum-ul-krakowska-2-pokojowe-a3z7i1,https://s2.adresowa.pl/oi/7e/7f/41152c_85df_cover@2x-2-pokojowe-mieszkanie-bialystok-centrum-ul-krakowska.webp,Białystok Centrum,Krakowska,3,1960,blok,,"Idealna oferta dla tych, którzy chcą zamieszkać w wygodnym mieszkaniu w doskonałej lokalizacji, jak i tych, którzy szukają idealnego mieszkania pod dochodowy wynajem! Mieszkanie położone na III piętrze przy ulicy Krakowskiej w bloku z cegły, wybudowanym w latach 60-tych. Mieszkanie środkowe, z balkonem. Powierzchnia mieszkania to 40,89 mkw i składa się z następujących pomieszczeń: - przedpokoju - łazienki - sypialni - pokoju dziennego z aneksem kuchennym (balkon) Mieszkanie po remoncie. Wykończone i wyposażone tak, aby tworzyło wygodną i estetyczną przestrzeń do życia. W cenie pozostaną wszystkie zabudowy stałe, meble ruchome i sprzęt AGD. Do mieszkania przynależy piwnica (pow. 4 mkw). Termin przekazania mieszkania nabywcy - natychmiast po transakcji sprzedaży.",tak,,aneks,plastikowe,własność,,53.132606,23.146845
Białystok Zawady,ul. św. Krzysztofa,4,71,570651,8037,Pośrednik,,7,https://adresowo.pl/o/mieszkanie-bialystok-zawady-ul-sw-krzysztofa-4-pokojowe-o3c1q2,https://s2.adresowa.pl/oi/4a/5b/40fe0e_4300_cover@2x-4-pokojowe-mieszkanie-bialystok-zawady-ul-sw-krzysztofa.webp,Białystok Zawady,św. Krzysztofa,1,2027,blok,,"Kameralne Zawady – nowoczesna inwestycja mieszkaniowa Zapraszamy do zapoznania się z ofertą inwestycji Kameralne Zawady, zlokalizowanej przy ul. Św. Krzysztofa, na spokojnym i cenionym osiedlu Zawady. To propozycja dla osób, które szukają połączenia nowoczesnej architektury, kameralnej skali zabudowy oraz komfortu codziennego życia. Informacje podstawowe- 42 mieszkania - 3 kondygnacje naziemne - Kameralny budynek o niewielkiej skali - Funkcjonalne układy mieszkań o powierzchniach od 37,74m2 do 82,47m2 zaprojektowane z myślą o wygodzie mieszkańców W przedmiotowym lokalu na powierzchni 71,78m2 znajdują się: - Pokój z aneksem: 26,53m2 - Pokój: 12,17m2 - Garderoba: 2,74m2 - Pokój: 8,90m2 - Pokój: 8,82m2 - Łazienka: 4,95m2 - Balkon: 6m2 Mieszkanie na I Piętrze z ekspozycją okien : północ, zachód. Nowoczesny styl i funkcjonalność Budynek wyróżnia się prostą, elegancką bryłą oraz nowoczesnym stylem architektonicznym. Stonowana kolorystyka elewacji i wysokiej jakości materiały wykończeniowe harmonijnie wpisują się w charakter osiedla Zawady, zapewniając estetykę i trwałość na lata. Mieszkania zostały zaprojektowane tak, aby maksymalnie wykorzystać dostępną przestrzeń – jasne wnętrza, przemyślane układy pomieszczeń oraz duże przeszklenia tworzą komfortowe warunki do życia zarówno dla singli, par, jak i rodzin. Lokalizacja Ulica Św. Krzysztofa to miejsce, które łączy ciszę i spokój kameralnego osiedla z dogodnym dojazdem do centrum miasta. W pobliżu znajdują się tereny zielone, infrastruktura handlowo-usługowa oraz szybkie połączenia komunikacyjne z pozostałymi częściami Białegostoku. Kameralne Zawady to idealny wybór dla osób ceniących nowoczesne budownictwo, spokojne otoczenie i wysoki standard codziennego życia. Planowany termin oddania mieszkania do użytku – grudzień 2027r. Miejsca parkingowe - w cenie 35.000zł . Komórki lokatorskie w cenie 3000zł/m2 Po więcej informacji zapraszam do kontaktu: Ewa Kochańska",,,,,własność,,53.169826,23.112488
Białystok Centrum,al. Józefa Piłsudskiego,1,35,307000,8771,Pośrednik,,13,https://adresowo.pl/o/mieszkanie-bialystok-centrum-al-jozefa-pilsudskiego-1-pokoj-m5o9n2,https://s2.adresowa.pl/oi/63/65/40fe0c_461a_cover@2x-1-pokojowe-mieszkanie-bialystok-centrum-al-jozefa-pilsudskiego.webp,Białystok Centrum,Józefa Piłsudskiego,5,1959,blok,,"Kawalerka o powierzchni 35,29 m² w Białymstoku, Centrum przy al. Piłsudskiego, 1 pokój z balkonem i widokiem z 5 piętra. Mieszkanie rozkładowe z oddzielną kuchnią, w budynku z windą, największym atutem jest lokalizacja w ścisłym centrum oraz balkon z otwartą przestrzenią. Lokal składa się z przestronnego pokoju dziennego z wyjściem na balkon, oddzielnej kuchni z oknem, łazienki oraz przedpokoju. Układ jest czytelny i funkcjonalny, co ułatwia aranżację wnętrza. Mieszkanie jest do remontu, co daje możliwość pełnego dostosowania standardu i rozkładu do własnych potrzeb. Duże okna zapewniają dobre doświetlenie, a balkon stanowi dodatkową przestrzeń użytkową. Budynek z 1959 roku, wykonany z cegły, wyposażony w windę. Lokalizacja – Centrum, al. Piłsudskiego zapewnia szybki dostęp do komunikacji miejskiej (ok. 2–3 min pieszo), sklepów, usług i instytucji miejskich. Oferta odpowiednia dla singla, pary lub inwestora. Zapraszam do kontaktu w celu umówienia prezentacji. Niniejsze ogłoszenie nie stanowi oferty w rozumieniu Kodeksu Cywilnego, lecz ma charakter informacyjny. Przedstawione wizualizacje i grafiki mają charakter wyłącznie poglądowy i stanowią wyłącznie materiał pomocniczy, ułatwiający zorientowanie się w ogólnym wyglądzie oferowanej nieruchomości. Niniejsze ogłoszenie wraz z jego elementami jest własnością Północ Nieruchomości Sp z o.o. lub podmiotu współpracującego. Wszelkie prawa zastrzeżone. Kopiowanie, rozpowszechnianie oraz korzystanie z niniejszych materiałów w jakikolwiek inny sposób wykraczający poza dozwolony użytek określony przepisami ustawy z 4 lutego 1994 r. o prawie autorskim i prawach pokrewnych (Dz. U. 1994, nr 24 poz. 83 z późn. zm.) bez pisemnej zgody Północ Nieruchomości Sp z o.o. lub podmiotów współpracujących jest zabronione i może stanowić podstawę odpowiedzialności cywilnej oraz karnej. Niniejsze materiały stanowią tajemnicę przedsiębiorstwa PÓŁNOC NIERUCHOMOŚCI Sp. z o.o. w rozumieniu ustawy z dnia 16 kwietnia 1993 r. o zwalczaniu nieuczciwej konkurencji (Dz. U. z 2003 r., Nr 153, poz. 1503 z późn. zm.).",tak,,osobna,,własność,,53.135353,23.149897
