locality,street,rooms,area,price_total_zl,price_sqm_zl,owner_type,date_posted,photo_count,url,image_url
Szczecin Niebuszewo,ul. Księżnej Elżbiety 25,3,59,576000,9763,bez pośredników,,11,https://adresowo.pl/o/mieszkanie-szczecin-niebuszewo-ul-ksieznej-elzbiety-3-pokojowe-h2s1v7,https://s2.adresowa.pl/oi/10/1b/40e5d2_2801_cover@2x-3-pokojowe-mieszkanie-szczecin-niebuszewo-ul-ksieznej-elzbiety.webp
Szczecin Kijewo,ul. Zoologiczna,4,100,730000,7300,bez pośredników,,8,https://adresowo.pl/o/mieszkanie-szczecin-kijewo-ul-zoologiczna-4-pokojowe-f1d6v9,https://s2.adresowa.pl/oi/7c/61/4115b8_c3be_cover@2x-4-pokojowe-mieszkanie-szczecin-kijewo-ul-zoologiczna.webp
Szczecin,Podjuchy,2,45,530000,11778,bez pośredników,,3,https://adresowo.pl/o/mieszkanie-szczecin-podjuchy-2-pokojowe-45-m2-w1o3g1,https://s2.adresowa.pl/oi/11/3b/411414_5cea_cover@2x-2-pokojowe-mieszkanie-szczecin-podjuchy.webp
Szczecin Świerczewo,ul. Piękna,2,38,285000,7500,bez pośredników,,8,https://adresowo.pl/o/mieszkanie-szczecin-swierczewo-ul-piekna-2-pokojowe-p7r3f0,https://s2.adresowa.pl/oi/41/25/4111d0_e140_cover@2x-2-pokojowe-mieszkanie-szczecin-swierczewo-ul-piekna.webp
Szczecin,Warszewo,3,61,870000,14262,Pośrednik,,48,https://adresowo.pl/o/mieszkanie-szczecin-warszewo-3-pokojowe-61-m2-v0o1b6,https://s2.adresowa.pl/oi/73/2a/410dc4_35f1_cover@2x-3-pokojowe-mieszkanie-szczecin-warszewo.webp
Szczecin Warszewo,ul. Maciejkowa,3,71,830000,11690,Pośrednik,,9,https://adresowo.pl/o/mieszkanie-szczecin-warszewo-ul-maciejkowa-3-pokojowe-d9d6m3,https://s2.adresowa.pl/oi/67/58/410db2_6c3e_cover@2x-3-pokojowe-mieszkanie-szczecin-warszewo-ul-maciejkowa.webp
Szczecin Świerczewo,ul. Tenisowa,3,65,1049000,16138,bez pośredników,,17,https://adresowo.pl/o/mieszkanie-szczecin-swierczewo-ul-tenisowa-3-pokojowe-z2i5u7,https://s2.adresowa.pl/oi/3b/41/411066_6fa1_cover@2x-3-pokojowe-mieszkanie-szczecin-swierczewo-ul-tenisowa.webp
Szczecin Świerczewo,ul. Hieronima Derdowskiego,2,43,440000,10233,bez pośredników,,5,https://adresowo.pl/o/mieszkanie-szczecin-swierczewo-ul-hieronima-derdowskiego-2-pokojowe-d8v8s5,https://s2.adresowa.pl/oi/5c/49/40ec4e_57f2_cover@2x-2-pokojowe-mieszkanie-szczecin-swierczewo-ul-hieronima-derdowskiego.webp
Szczecin Gumieńce,ul. Polskich Marynarzy,3,62,949000,15306,bez pośredników,,9,https://adresowo.pl/o/mieszkanie-szczecin-gumience-ul-polskich-marynarzy-3-pokojowe-n7c0w4,https://s2.adresowa.pl/oi/74/30/4105f4_e30f_cover@2x-3-pokojowe-mieszkanie-szczecin-gumience-ul-polskich-marynarzy.webp
Szczecin,pl. Adama Mickiewicza,3,65,579000,8908,Pośrednik,,9,https://adresowo.pl/o/mieszkanie-szczecin-pl-adama-mickiewicza-3-pokojowe-g9v8x5,https://s2.adresowa.pl/oi/72/77/410db0_5ce4_cover@2x-3-pokojowe-mieszkanie-szczecin-pl-adama-mickiewicza.webp
Szczecin Niebuszewo,ul. Kazimierza Królewicza,1,26,330000,12692,Pośrednik,,6,https://adresowo.pl/o/mieszkanie-szczecin-niebuszewo-ul-kazimierza-krolewicza-1-pokoj-y5e5c7,https://s2.adresowa.pl/oi/5c/5f/410bf6_8153_cover@2x-1-pokojowe-mieszkanie-szczecin-niebuszewo-ul-kazimierza-krolewicza.webp
Szczecin Śródmieście,ul. Bolesława Śmiałego,3,82,550000,6707,bez pośredników,,6,https://adresowo.pl/o/mieszkanie-szczecin-srodmiescie-ul-boleslawa-smialego-3-pokojowe-m7g1e3,https://s2.adresowa.pl/oi/5c/5e/410600_dc35_cover@2x-3-pokojowe-mieszkanie-szczecin-srodmiescie-ul-boleslawa-smialego.webp
Szczecin,Majowe,3,63,590000,9365,bez pośredników,,8,https://adresowo.pl/o/mieszkanie-szczecin-majowe-3-pokojowe-63-m2-h5w1y1,https://s2.adresowa.pl/oi/67/56/4104f6_bf80_cover@2x-3-pokojowe-mieszkanie-szczecin-majowe.webp
Szczecin,Gumieńce,3,59,739000,12525,bez pośredników,,8,https://adresowo.pl/o/mieszkanie-szczecin-gumience-3-pokojowe-59-m2-x3n9z9,https://s2.adresowa.pl/oi/52/35/41045c_44ba_cover@2x-3-pokojowe-mieszkanie-szczecin-gumience.webp
Szczecin Niebuszewo,ul. Niemierzyńska,2,50,570000,11400,Pośrednik,,10,https://adresowo.pl/o/mieszkanie-szczecin-niebuszewo-ul-niemierzynska-2-pokojowe-x9j5h7,https://s2.adresowa.pl/oi/3f/20/410ba2_fda1_cover@2x-2-pokojowe-mieszkanie-szczecin-niebuszewo-ul-niemierzynska.webp
Szczecin Centrum,ul. Śląska,2,34,353000,10382,Pośrednik,,19,https://adresowo.pl/o/mieszkanie-szczecin-centrum-ul-slaska-2-pokojowe-j4t9y1,https://s2.adresowa.pl/oi/20/1b/4101dc_c62d_cover@2x-2-pokojowe-mieszkanie-szczecin-centrum-ul-slaska.webp
Szczecin Śródmieście,ul. Bohaterów Getta Warszawskiego,2,48,490000,10208,bez pośredników,,22,https://adresowo.pl/o/mieszkanie-szczecin-srodmiescie-ul-bohaterow-getta-warszawskiego-2-pokojowe-a4k2o9,https://s2.adresowa.pl/oi/54/33/41023a_92b8_cover@2x-2-pokojowe-mieszkanie-szczecin-srodmiescie-ul-bohaterow-getta-warszawskiego.webp
Szczecin Warszewo,ul. Tadeusza Wieczorowskiego,2,43,430000,10000,bez pośredników,,6,https://adresowo.pl/o/mieszkanie-szczecin-warszewo-ul-tadeusza-wieczorowskiego-2-pokojowe-x5f8p1,https://s2.adresowa.pl/oi/7d/4b/410138_dbc6_cover@2x-2-pokojowe-mieszkanie-szczecin-warszewo-ul-tadeusza-wieczorowskiego.webp
Szczecin,Centrum,2,37,455000,12297,bez pośredników,,8,https://adresowo.pl/o/mieszkanie-szczecin-centrum-2-pokojowe-37-m2-t5o5s8,https://s2.adresowa.pl/oi/32/23/40ff9e_e13c_cover@2x-2-pokojowe-mieszkanie-szczecin-centrum.webp
Szczecin,Śródmieście,2,35,503424,14384,Pośrednik,,12,https://adresowo.pl/o/mieszkanie-szczecin-srodmiescie-2-pokojowe-35-m2-u7e4y0,https://s2.adresowa.pl/oi/22/32/410086_a441_cover@2x-2-pokojowe-mieszkanie-szczecin-srodmiescie.webp
Szczecin Centrum,ul. Bogurodzicy,2,49,359000,7327,Pośrednik,,7,https://adresowo.pl/o/mieszkanie-szczecin-centrum-ul-bogurodzicy-2-pokojowe-z0h1q9,https://s2.adresowa.pl/oi/3f/71/410082_608f_cover@2x-2-pokojowe-mieszkanie-szczecin-centrum-ul-bogurodzicy.webp
Szczecin Zalom-Kasztanowe,os. Kasztanowe,2,49,420000,8571,bez pośredników,,5,https://adresowo.pl/o/mieszkanie-szczecin-zalom-kasztanowe-os-kasztanowe-2-pokojowe-m9o3w3,https://s2.adresowa.pl/oi/19/39/40ff5c_c8b3_cover@2x-2-pokojowe-mieszkanie-szczecin-zalom-kasztanowe-os-kasztanowe.webp
Szczecin Żelechowa,ul. Gościsława,3,56,699000,12482,bez pośredników,,20,https://adresowo.pl/o/mieszkanie-szczecin-zelechowa-ul-goscislawa-3-pokojowe-y6p3g3,https://s2.adresowa.pl/oi/13/1a/40fd3e_f40e_cover@2x-3-pokojowe-mieszkanie-szczecin-zelechowa-ul-goscislawa.webp
Szczecin Niebuszewo,ul. bł. Wincentego Kadłubka 29A,2,46,399000,8674,bez pośredników,,11,https://adresowo.pl/o/mieszkanie-szczecin-niebuszewo-ul-bl-wincentego-kadlubka-2-pokojowe-c9v5u5,https://s2.adresowa.pl/oi/7e/62/40f8d8_d90a_cover@2x-2-pokojowe-mieszkanie-szczecin-niebuszewo-ul-bl-wincentego-kadlubka.webp
Szczecin Centrum,ul. Jana Matejki,2,47,585000,12447,Pośrednik,,11,https://adresowo.pl/o/mieszkanie-szczecin-centrum-ul-jana-matejki-2-pokojowe-a8y0g4,https://s2.adresowa.pl/oi/41/15/40f442_d49e_cover@2x-2-pokojowe-mieszkanie-szczecin-centrum-ul-jana-matejki.webp
Szczecin Podjuchy,ul. Radosna,2,64,399000,6234,Pośrednik,,9,https://adresowo.pl/o/mieszkanie-szczecin-podjuchy-ul-radosna-2-pokojowe-v9m7o7,https://s2.adresowa.pl/oi/7b/21/40f172_8e7b_cover@2x-2-pokojowe-mieszkanie-szczecin-podjuchy-ul-radosna.webp
Szczecin Centrum,ul. Potulicka,2,40,439000,10975,bez pośredników,,10,https://adresowo.pl/o/mieszkanie-szczecin-centrum-ul-potulicka-2-pokojowe-c3n9q0,https://s2.adresowa.pl/oi/71/56/40f636_350a_cover@2x-2-pokojowe-mieszkanie-szczecin-centrum-ul-potulicka.webp
Szczecin Pogodno,ul. Klemensa Janickiego,2,64,725000,11328,bez pośredników,,7,https://adresowo.pl/o/mieszkanie-szczecin-pogodno-ul-klemensa-janickiego-2-pokojowe-r6g7n9,https://s2.adresowa.pl/oi/28/7b/40f634_a45a_cover@2x-2-pokojowe-mieszkanie-szczecin-pogodno-ul-klemensa-janickiego.webp
Szczecin Niebuszewo,ul. bł. Wincentego Kadłubka,1,26,329000,12654,bez pośredników,,14,https://adresowo.pl/o/mieszkanie-szczecin-niebuszewo-ul-bl-wincentego-kadlubka-1-pokoj-l9m5g4,https://s2.adresowa.pl/oi/53/6b/40f55e_649d_cover@2x-1-pokojowe-mieszkanie-szczecin-niebuszewo-ul-bl-wincentego-kadlubka.webp
Szczecin,ul. Stoisława,2,66,859000,13015,Pośrednik,,15,https://adresowo.pl/o/mieszkanie-szczecin-ul-stoislawa-2-pokojowe-k6h2m0,https://s2.adresowa.pl/oi/26/78/40f142_ed9e_cover@2x-2-pokojowe-mieszkanie-szczecin-ul-stoislawa.webp
Szczecin,ul. Stefana Lewandowskiego,2,48,719000,14979,Pośrednik,,16,https://adresowo.pl/o/mieszkanie-szczecin-ul-stefana-lewandowskiego-2-pokojowe-o5e8o6,https://s2.adresowa.pl/oi/26/25/40e140_faf5_cover@2x-2-pokojowe-mieszkanie-szczecin-ul-stefana-lewandowskiego.webp
Szczecin Śródmieście,ul. Władysława Jagiełły,2,41,378000,9220,bez pośredników,,1,https://adresowo.pl/o/mieszkanie-szczecin-srodmiescie-ul-wladyslawa-jagielly-2-pokojowe-s5x8o1,https://s2.adresowa.pl/oi/50/37/40f09e_a7af_cover@2x-2-pokojowe-mieszkanie-szczecin-srodmiescie-ul-wladyslawa-jagielly.webp
Szczecin Gumieńce,ul. gen. Stanisława Kopańskiego,4,86,999000,11616,bez pośredników,,1,https://adresowo.pl/o/mieszkanie-szczecin-gumience-ul-gen-stanislawa-kopanskiego-4-pokojowe-u0t7v0,https://s2.adresowa.pl/oi/5f/5b/40f006_46e3_cover@2x-4-pokojowe-mieszkanie-szczecin-gumience-ul-gen-stanislawa-kopanskiego.webp
Szczecin Niemierzyn,ul. Fryderyka Chopina,4,63,680000,10794,bez pośredników,,16,https://adresowo.pl/o/mieszkanie-szczecin-niemierzyn-ul-fryderyka-chopina-4-pokojowe-r3q7b6,https://s2.adresowa.pl/oi/23/4c/40eaf0_d15c_cover@2x-4-pokojowe-mieszkanie-szczecin-niemierzyn-ul-fryderyka-chopina.webp
Szczecin Grabowo,ul. Sławomira,3,56,439000,7839,Pośrednik,,12,https://adresowo.pl/o/mieszkanie-szczecin-grabowo-ul-slawomira-3-pokojowe-l2f6n4,https://s2.adresowa.pl/oi/30/6e/40cb90_4efb_cover@2x-3-pokojowe-mieszkanie-szczecin-grabowo-ul-slawomira.webp
Szczecin,ul. Sebastiana Klonowica,3,64,625000,9766,Pośrednik,,12,https://adresowo.pl/o/mieszkanie-szczecin-ul-sebastiana-klonowica-3-pokojowe-c4m3l8,https://s2.adresowa.pl/oi/7d/25/40cb8e_5e6d_cover@2x-3-pokojowe-mieszkanie-szczecin-ul-sebastiana-klonowica.webp
Szczecin Stołczyn,ul. Policka,2,42,629000,14976,bez pośredników,,16,https://adresowo.pl/o/mieszkanie-szczecin-stolczyn-ul-policka-2-pokojowe-d7f3a8,https://s2.adresowa.pl/oi/31/3a/40e9f4_29ed_cover@2x-2-pokojowe-mieszkanie-szczecin-stolczyn-ul-policka.webp
Szczecin Bukowo,ul. Komuny Paryskiej,3,47,550000,11702,bez pośredników,,8,https://adresowo.pl/o/mieszkanie-szczecin-bukowo-ul-komuny-paryskiej-3-pokojowe-s3s2j4,https://s2.adresowa.pl/oi/74/1a/40e7c2_c67d_cover@2x-3-pokojowe-mieszkanie-szczecin-bukowo-ul-komuny-paryskiej.webp
Szczecin Warszewo,ul. Kresowa,4,94,689000,7330,Pośrednik,,20,https://adresowo.pl/o/mieszkanie-szczecin-warszewo-ul-kresowa-4-pokojowe-x9e8t1,https://s2.adresowa.pl/oi/46/74/40cb70_6c31_cover@2x-4-pokojowe-mieszkanie-szczecin-warszewo-ul-kresowa.webp
Szczecin Niebuszewo,ul. Niemierzyńska,3,56,549000,9804,Pośrednik,,18,https://adresowo.pl/o/mieszkanie-szczecin-niebuszewo-ul-niemierzynska-3-pokojowe-v4l3y5,https://s2.adresowa.pl/oi/46/11/40bf00_980e_cover@2x-3-pokojowe-mieszkanie-szczecin-niebuszewo-ul-niemierzynska.webp
Szczecin Niebuszewo,ul. Mikołaja Reja 25,3,70,699000,9986,bez pośredników,,16,https://adresowo.pl/o/mieszkanie-szczecin-niebuszewo-ul-mikolaja-reja-3-pokojowe-b7m3b7,https://s2.adresowa.pl/oi/3c/50/3e0f9e_8c97_cover@2x-3-pokojowe-mieszkanie-szczecin-niebuszewo-ul-mikolaja-reja.webp
Szczecin Niebuszewo,ul. Księżnej Elżbiety 25,3,59,576000,9763,bez pośredników,,11,https://adresowo.pl/o/mieszkanie-szczecin-niebuszewo-ul-ksieznej-elzbiety-3-pokojowe-h2s1v7,https://s2.adresowa.pl/oi/10/1b/40e5d2_2801_cover@2x-3-pokojowe-mieszkanie-szczecin-niebuszewo-ul-ksieznej-elzbiety.webp
Szczecin Pomorzany,ul. Ruska,2,37,475000,12838,bez pośredników,,15,https://adresowo.pl/o/mieszkanie-szczecin-pomorzany-ul-ruska-2-pokojowe-c4a4i2,https://s2.adresowa.pl/oi/28/4b/40e2ea_e90a_cover@2x-2-pokojowe-mieszkanie-szczecin-pomorzany-ul-ruska.webp
Szczecin Pomorzany,ul. Xawerego Dunikowskiego,3,46,435000,9457,bez pośredników,,16,https://adresowo.pl/o/mieszkanie-szczecin-pomorzany-ul-xawerego-dunikowskiego-3-pokojowe-v1g1s5,https://s2.adresowa.pl/oi/47/5f/40dd92_4f4c_cover@2x-3-pokojowe-mieszkanie-szczecin-pomorzany-ul-xawerego-dunikowskiego.webp
Szczecin,Śródmieście,2,29,465120,16039,Pośrednik,,18,https://adresowo.pl/o/mieszkanie-szczecin-srodmiescie-2-pokojowe-29-m2-z4q2b6,https://s2.adresowa.pl/oi/1c/11/40bbac_3f9f_cover@2x-2-pokojowe-mieszkanie-szczecin-srodmiescie.webp
Szczecin Grabowo,ul. 1 Maja,2,43,480000,11163,Pośrednik,,16,https://adresowo.pl/o/mieszkanie-szczecin-grabowo-ul-1-maja-2-pokojowe-a6j4c7,https://s2.adresowa.pl/oi/5a/65/40b978_696e_cover@2x-2-pokojowe-mieszkanie-szczecin-grabowo-ul-1-maja.webp
Szczecin Bukowo,ul. Okólna,3,54,669000,12389,bez pośredników,,14,https://adresowo.pl/o/mieszkanie-szczecin-bukowo-ul-okolna-3-pokojowe-p9u7g7,https://s2.adresowa.pl/oi/53/28/40da42_3ea1_cover@2x-3-pokojowe-mieszkanie-szczecin-bukowo-ul-okolna.webp
Szczecin Zdroje,ul. Cedrowa,3,70,610000,8714,bez pośredników,,6,https://adresowo.pl/o/mieszkanie-szczecin-zdroje-ul-cedrowa-3-pokojowe-r1c4l2,https://s2.adresowa.pl/oi/72/4e/40d8d0_8fd6_cover@2x-3-pokojowe-mieszkanie-szczecin-zdroje-ul-cedrowa.webp
Szczecin Gumieńce,ul. Bronowicka,3,61,499000,8180,bez pośredników,,6,https://adresowo.pl/o/mieszkanie-szczecin-gumience-ul-bronowicka-3-pokojowe-u7l0l7,https://s2.adresowa.pl/oi/5f/5b/40da14_f705_cover@2x-3-pokojowe-mieszkanie-szczecin-gumience-ul-bronowicka.webp
Szczecin Niebuszewo,ul. Łucznicza,2,47,635000,13511,Pośrednik,,20,https://adresowo.pl/o/mieszkanie-szczecin-niebuszewo-ul-lucznicza-2-pokojowe-u2d6p1,https://s2.adresowa.pl/oi/25/5d/40ac52_96c0_cover@2x-2-pokojowe-mieszkanie-szczecin-niebuszewo-ul-lucznicza.webp
Szczecin Słoneczne,ul. Jasna,4,85,920000,10824,Pośrednik,,15,https://adresowo.pl/o/mieszkanie-szczecin-sloneczne-ul-jasna-4-pokojowe-g1a7m6,https://s2.adresowa.pl/oi/3c/58/408c1c_7194_cover@2x-4-pokojowe-mieszkanie-szczecin-sloneczne-ul-jasna.webp
Szczecin Świerczewo,ul. Hieronima Derdowskiego,2,42,455000,10833,bez pośredników,,8,https://adresowo.pl/o/mieszkanie-szczecin-swierczewo-ul-hieronima-derdowskiego-2-pokojowe-v7x9b6,https://s2.adresowa.pl/oi/24/70/40d7a0_da17_cover@2x-2-pokojowe-mieszkanie-szczecin-swierczewo-ul-hieronima-derdowskiego.webp
Szczecin Centrum,ul. Owocowa,2,55,629000,11436,bez pośredników,,8,https://adresowo.pl/o/mieszkanie-szczecin-centrum-ul-owocowa-2-pokojowe-g4t2t6,https://s2.adresowa.pl/oi/3d/23/40d740_8cef_cover@2x-2-pokojowe-mieszkanie-szczecin-centrum-ul-owocowa.webp
Szczecin Niemierzyn,ul. Fryderyka Chopina,3,52,620000,11923,bez pośredników,,13,https://adresowo.pl/o/mieszkanie-szczecin-niemierzyn-ul-fryderyka-chopina-3-pokojowe-a7p7g4,https://s2.adresowa.pl/oi/11/48/40d574_c379_cover@2x-3-pokojowe-mieszkanie-szczecin-niemierzyn-ul-fryderyka-chopina.webp
Szczecin,Kępa Parnicka,2,47,639000,13596,Pośrednik,,11,https://adresowo.pl/o/mieszkanie-szczecin-kepa-parnicka-2-pokojowe-47-m2-t0y6d6,https://s2.adresowa.pl/oi/33/71/408b6e_bfcd_cover@2x-2-pokojowe-mieszkanie-szczecin-kepa-parnicka.webp
Szczecin Żelechowa,ul. Robotnicza 19,2,47,285000,6064,Pośrednik,,14,https://adresowo.pl/o/mieszkanie-szczecin-zelechowa-ul-robotnicza-2-pokojowe-i5c5l1,https://s2.adresowa.pl/oi/27/50/40887a_51b1_cover@2x-2-pokojowe-mieszkanie-szczecin-zelechowa-ul-robotnicza.webp
Szczecin,Śródmieście,3,76,620000,8158,bez pośredników,,20,https://adresowo.pl/o/mieszkanie-szczecin-srodmiescie-3-pokojowe-76-m2-s7a5f8,https://s2.adresowa.pl/oi/28/31/40d460_fac4_cover@2x-3-pokojowe-mieszkanie-szczecin-srodmiescie.webp
Szczecin Centrum,pl. Zwycięstwa,2,50,610000,12200,bez pośredników,,9,https://adresowo.pl/o/mieszkanie-szczecin-centrum-pl-zwyciestwa-2-pokojowe-p8n8p8,https://s2.adresowa.pl/oi/76/1a/40d444_b488_cover@2x-2-pokojowe-mieszkanie-szczecin-centrum-pl-zwyciestwa.webp
Szczecin Żelechowa,ul. Ostrowska,2,52,725000,13942,bez pośredników,,11,https://adresowo.pl/o/mieszkanie-szczecin-zelechowa-ul-ostrowska-2-pokojowe-s3o9t1,https://s2.adresowa.pl/oi/61/79/40d200_63e4_cover@2x-2-pokojowe-mieszkanie-szczecin-zelechowa-ul-ostrowska.webp
Szczecin Pogodno,ul. Antoniego Kaliny,3,61,525000,8607,Pośrednik,,11,https://adresowo.pl/o/mieszkanie-szczecin-pogodno-ul-antoniego-kaliny-3-pokojowe-i8r5g8,https://s2.adresowa.pl/oi/3a/48/408870_9f1d_cover@2x-3-pokojowe-mieszkanie-szczecin-pogodno-ul-antoniego-kaliny.webp
Szczecin Centrum,ul. Jagiellońska,3,72,530000,7361,Pośrednik,,8,https://adresowo.pl/o/mieszkanie-szczecin-centrum-ul-jagiellonska-3-pokojowe-b1z2y3,https://s2.adresowa.pl/oi/7f/7a/4087e4_a512_cover@2x-3-pokojowe-mieszkanie-szczecin-centrum-ul-jagiellonska.webp
Szczecin Centrum,ul. Parkowa,4,70,629000,8986,bez pośredników,,8,https://adresowo.pl/o/mieszkanie-szczecin-centrum-ul-parkowa-4-pokojowe-n6c9w7,https://s2.adresowa.pl/oi/68/41/40ccdc_6edf_cover@2x-4-pokojowe-mieszkanie-szczecin-centrum-ul-parkowa.webp
Szczecin Gumieńce,ul. Zielona,3,78,870000,11154,bez pośredników,,8,https://adresowo.pl/o/mieszkanie-szczecin-gumience-ul-zielona-3-pokojowe-x6t6o4,https://s2.adresowa.pl/oi/55/5f/40cbc4_a267_cover@2x-3-pokojowe-mieszkanie-szczecin-gumience-ul-zielona.webp
Szczecin Bukowo,ul. Władysława Nehringa,2,41,575000,14024,bez pośredników,,12,https://adresowo.pl/o/mieszkanie-szczecin-bukowo-ul-wladyslawa-nehringa-2-pokojowe-c6p6o0,https://s2.adresowa.pl/oi/15/1d/40ca18_4186_cover@2x-2-pokojowe-mieszkanie-szczecin-bukowo-ul-wladyslawa-nehringa.webp
Szczecin Żelechowa,ul. Grzymińska,3,71,529000,7451,Pośrednik,,8,https://adresowo.pl/o/mieszkanie-szczecin-zelechowa-ul-grzyminska-3-pokojowe-r0h3d4,https://s2.adresowa.pl/oi/4d/44/4087dc_5269_cover@2x-3-pokojowe-mieszkanie-szczecin-zelechowa-ul-grzyminska.webp
Szczecin Gumieńce,ul. Taterników,4,106,990000,9340,Pośrednik,,14,https://adresowo.pl/o/mieszkanie-szczecin-gumience-ul-taternikow-4-pokojowe-a4j2y4,https://s2.adresowa.pl/oi/75/60/4087da_705e_cover@2x-4-pokojowe-mieszkanie-szczecin-gumience-ul-taternikow.webp
Szczecin Centrum,ul. Władysława Jagiełły,2,38,399000,10500,bez pośredników,,10,https://adresowo.pl/o/mieszkanie-szczecin-centrum-ul-wladyslawa-jagielly-2-pokojowe-z3f9y6,https://s2.adresowa.pl/oi/18/39/40ca02_5026_cover@2x-2-pokojowe-mieszkanie-szczecin-centrum-ul-wladyslawa-jagielly.webp
Szczecin Pogodno,ul. Klemensa Janickiego,3,58,625000,10776,bez pośredników,,15,https://adresowo.pl/o/mieszkanie-szczecin-pogodno-ul-klemensa-janickiego-3-pokojowe-w1d1f2,https://s2.adresowa.pl/oi/48/59/40c7fa_3b72_cover@2x-3-pokojowe-mieszkanie-szczecin-pogodno-ul-klemensa-janickiego.webp
Szczecin Niebuszewo,ul. Zygmunta Krasińskiego,3,66,649000,9833,bez pośredników,,19,https://adresowo.pl/o/mieszkanie-szczecin-niebuszewo-ul-zygmunta-krasinskiego-3-pokojowe-w1t4l2,https://s2.adresowa.pl/oi/25/4c/40c6f6_fdcc_cover@2x-3-pokojowe-mieszkanie-szczecin-niebuszewo-ul-zygmunta-krasinskiego.webp
Szczecin,Gumieńce,2,56,649000,11589,Pośrednik,,12,https://adresowo.pl/o/mieszkanie-szczecin-gumience-2-pokojowe-56-m2-o0b1z1,https://s2.adresowa.pl/oi/57/3b/408624_dd65_cover@2x-2-pokojowe-mieszkanie-szczecin-gumience.webp
Szczecin Dąbie,ul. Ustki,1,28,260000,9286,Pośrednik,,12,https://adresowo.pl/o/mieszkanie-szczecin-dabie-ul-ustki-1-pokoj-d1d6c0,https://s2.adresowa.pl/oi/75/1d/4085a0_d71d_cover@2x-1-pokojowe-mieszkanie-szczecin-dabie-ul-ustki.webp
Szczecin Śródmieście,al. Wyzwolenia,2,48,520000,10833,bez pośredników,,19,https://adresowo.pl/o/mieszkanie-szczecin-srodmiescie-al-wyzwolenia-2-pokojowe-a0f8c4,https://s2.adresowa.pl/oi/5c/5a/40c572_55a1_cover@2x-2-pokojowe-mieszkanie-szczecin-srodmiescie-al-wyzwolenia.webp
Szczecin Niebuszewo,ul. Zygmunta Krasińskiego,3,66,595000,9015,bez pośredników,,8,https://adresowo.pl/o/mieszkanie-szczecin-niebuszewo-ul-zygmunta-krasinskiego-3-pokojowe-i7b0y9,https://s2.adresowa.pl/oi/20/7f/40c39a_7f6d_cover@2x-3-pokojowe-mieszkanie-szczecin-niebuszewo-ul-zygmunta-krasinskiego.webp
Szczecin,Warszewo,2,56,669000,11946,bez pośredników,,20,https://adresowo.pl/o/mieszkanie-szczecin-warszewo-2-pokojowe-56-m2-p8g1u5,https://s2.adresowa.pl/oi/59/7a/40bf76_b3ca_cover@2x-2-pokojowe-mieszkanie-szczecin-warszewo.webp
Szczecin Centrum,ul. Szarotki,1,30,449000,14967,Pośrednik,,5,https://adresowo.pl/o/mieszkanie-szczecin-centrum-ul-szarotki-1-pokoj-e2h3u4,https://s2.adresowa.pl/oi/70/15/408166_f187_cover@2x-1-pokojowe-mieszkanie-szczecin-centrum-ul-szarotki.webp
Szczecin Centrum,bulw. Elbląski,3,59,1180000,20000,Pośrednik,,26,https://adresowo.pl/o/mieszkanie-szczecin-centrum-bulw-elblaski-3-pokojowe-h7m6l7,https://s2.adresowa.pl/oi/39/7f/4076b6_9e05_cover@2x-3-pokojowe-mieszkanie-szczecin-centrum-bulw-elblaski.webp
Szczecin Warszewo,ul. Józefa Kostrzewskiego,1,30,359000,11967,bez pośredników,,6,https://adresowo.pl/o/mieszkanie-szczecin-warszewo-ul-jozefa-kostrzewskiego-1-pokoj-e3y9k9,https://s2.adresowa.pl/oi/62/26/40bb4e_f364_cover@2x-1-pokojowe-mieszkanie-szczecin-warszewo-ul-jozefa-kostrzewskiego.webp
Szczecin Niebuszewo,ul. ks. bp. Adama Naruszewicza,3,59,640000,10847,bez pośredników,,6,https://adresowo.pl/o/mieszkanie-szczecin-niebuszewo-ul-ks-bp-adama-naruszewicza-3-pokojowe-s0s9n9,https://s2.adresowa.pl/oi/35/62/40b82c_4a2a_cover@2x-3-pokojowe-mieszkanie-szczecin-niebuszewo-ul-ks-bp-adama-naruszewicza.webp
Szczecin Dąbie,ul. Szybowcowa,3,70,749000,10700,bez pośredników,,29,https://adresowo.pl/o/mieszkanie-szczecin-dabie-ul-szybowcowa-3-pokojowe-g2k2y1,https://s2.adresowa.pl/oi/31/1c/40b734_d7fb_cover@2x-3-pokojowe-mieszkanie-szczecin-dabie-ul-szybowcowa.webp
Szczecin Centrum,ul. Mazurska,1,26,329000,12654,Pośrednik,,6,https://adresowo.pl/o/mieszkanie-szczecin-centrum-ul-mazurska-1-pokoj-t8f7j1,https://s2.adresowa.pl/oi/79/64/406e68_eba8_cover@2x-1-pokojowe-mieszkanie-szczecin-centrum-ul-mazurska.webp
Szczecin,Dąbie,2,36,310000,8611,Pośrednik,,10,https://adresowo.pl/o/mieszkanie-szczecin-dabie-2-pokojowe-36-m2-u9w3t5,https://s2.adresowa.pl/oi/47/7f/4055fe_750b_cover@2x-2-pokojowe-mieszkanie-szczecin-dabie.webp
Szczecin Śródmieście,bulw. Elbląski,2,49,879000,17939,bez pośredników,,15,https://adresowo.pl/o/mieszkanie-szczecin-srodmiescie-bulw-elblaski-2-pokojowe-x2p8j5,https://s2.adresowa.pl/oi/3a/67/40b762_4173_cover@2x-2-pokojowe-mieszkanie-szczecin-srodmiescie-bulw-elblaski.webp
Szczecin Pogodno,ul. gen. Stanisława Sosabowskiego,2,48,680000,14167,bez pośredników,,8,https://adresowo.pl/o/mieszkanie-szczecin-pogodno-ul-gen-stanislawa-sosabowskiego-2-pokojowe-e8e7r8,https://s2.adresowa.pl/oi/1d/58/40b680_9c6a_cover@2x-2-pokojowe-mieszkanie-szczecin-pogodno-ul-gen-stanislawa-sosabowskiego.webp
Szczecin,Śródmieście,2,46,569000,12370,bez pośredników,,14,https://adresowo.pl/o/mieszkanie-szczecin-srodmiescie-2-pokojowe-46-m2-p7v3j2,https://s2.adresowa.pl/oi/11/42/40b5d2_dcea_cover@2x-2-pokojowe-mieszkanie-szczecin-srodmiescie.webp
Szczecin Warszewo,ul. Limby,2,48,570000,11875,Pośrednik,,8,https://adresowo.pl/o/mieszkanie-szczecin-warszewo-ul-limby-2-pokojowe-m7h3l6,https://s2.adresowa.pl/oi/60/7f/40525e_7d9e_cover@2x-2-pokojowe-mieszkanie-szczecin-warszewo-ul-limby.webp
Szczecin,ul. Krzemienna,3,58,298000,5138,Pośrednik,,14,https://adresowo.pl/o/mieszkanie-szczecin-ul-krzemienna-3-pokojowe-z9n4x7,https://s2.adresowa.pl/oi/42/77/4044f2_66cf_cover@2x-3-pokojowe-mieszkanie-szczecin-ul-krzemienna.webp
Szczecin Śródmieście,ul. Władysława Jagiełły,3,80,600000,7500,bez pośredników,,11,https://adresowo.pl/o/mieszkanie-szczecin-srodmiescie-ul-wladyslawa-jagielly-3-pokojowe-w9r9r4,https://s2.adresowa.pl/oi/16/7b/40b35c_b1af_cover@2x-3-pokojowe-mieszkanie-szczecin-srodmiescie-ul-wladyslawa-jagielly.webp
Szczecin Centrum,ul. Unisławy,2,50,590000,11800,bez pośredników,,6,https://adresowo.pl/o/mieszkanie-szczecin-centrum-ul-unislawy-2-pokojowe-f7z0y7,https://s2.adresowa.pl/oi/29/6e/40b112_f0a3_cover@2x-2-pokojowe-mieszkanie-szczecin-centrum-ul-unislawy.webp
Szczecin Centrum,ul. ks. Piotra Ściegiennego,2,56,599000,10696,bez pośredników,,6,https://adresowo.pl/o/mieszkanie-szczecin-centrum-ul-ks-piotra-sciegiennego-2-pokojowe-w1h2n2,https://s2.adresowa.pl/oi/59/2b/40b0fc_b65e_cover@2x-2-pokojowe-mieszkanie-szczecin-centrum-ul-ks-piotra-sciegiennego.webp
Szczecin,ul. Edmunda Bałuki,1,24,340000,14167,Pośrednik,,6,https://adresowo.pl/o/mieszkanie-szczecin-ul-edmunda-baluki-1-pokoj-s7g5l4,https://s2.adresowa.pl/oi/61/29/403724_d184_cover@2x-1-pokojowe-mieszkanie-szczecin-ul-edmunda-baluki.webp
Szczecin Centrum,ul. Unisławy,2,46,407000,8848,Pośrednik,,12,https://adresowo.pl/o/mieszkanie-szczecin-centrum-ul-unislawy-2-pokojowe-c7w1j7,https://s2.adresowa.pl/oi/42/38/402648_d12c_cover@2x-2-pokojowe-mieszkanie-szczecin-centrum-ul-unislawy.webp
Szczecin,Pomorzany,2,39,455000,11667,bez pośredników,,8,https://adresowo.pl/o/mieszkanie-szczecin-pomorzany-2-pokojowe-39-m2-l3s6p1,https://s2.adresowa.pl/oi/67/1f/40afac_61d7_cover@2x-2-pokojowe-mieszkanie-szczecin-pomorzany.webp
Szczecin Warszewo,ul. Słowacka 8,2,48,490000,10208,bez pośredników,,6,https://adresowo.pl/o/mieszkanie-szczecin-warszewo-ul-slowacka-2-pokojowe-p1s9c6,https://s2.adresowa.pl/oi/21/46/40af4c_d44c_cover@2x-2-pokojowe-mieszkanie-szczecin-warszewo-ul-slowacka.webp
Szczecin,Gumieńce,4,74,821000,11095,bez pośredników,,8,https://adresowo.pl/o/mieszkanie-szczecin-gumience-4-pokojowe-74-m2-r5s2w0,https://s2.adresowa.pl/oi/7c/54/40af1c_5efa_cover@2x-4-pokojowe-mieszkanie-szczecin-gumience.webp
Szczecin Świerczewo,ul. Karola Miarki,2,37,275000,7432,Pośrednik,,8,https://adresowo.pl/o/mieszkanie-szczecin-swierczewo-ul-karola-miarki-2-pokojowe-x1e9t1,https://s2.adresowa.pl/oi/73/5a/402086_b2e5_cover@2x-2-pokojowe-mieszkanie-szczecin-swierczewo-ul-karola-miarki.webp
Szczecin Warszewo,ul. Duńska,3,81,834000,10296,Pośrednik,,10,https://adresowo.pl/o/mieszkanie-szczecin-warszewo-ul-dunska-3-pokojowe-y4r1o5,https://s2.adresowa.pl/oi/3d/35/401a24_8de6_cover@2x-3-pokojowe-mieszkanie-szczecin-warszewo-ul-dunska.webp
Szczecin Gumieńce,ul. Krakowska,3,75,969000,12920,bez pośredników,,8,https://adresowo.pl/o/mieszkanie-szczecin-gumience-ul-krakowska-3-pokojowe-w7s5l5,https://s2.adresowa.pl/oi/74/32/40af16_eeb7_cover@2x-3-pokojowe-mieszkanie-szczecin-gumience-ul-krakowska.webp
Szczecin,Dąbie,1,41,325000,7927,bez pośredników,,12,https://adresowo.pl/o/mieszkanie-szczecin-dabie-1-pokoj-41-m2-g8q2n7,https://s2.adresowa.pl/oi/54/3c/40aef4_735e_cover@2x-1-pokojowe-mieszkanie-szczecin-dabie.webp
Szczecin Bukowe,ul. Fioletowa,3,63,548000,8698,bez pośredników,,11,https://adresowo.pl/o/mieszkanie-szczecin-bukowe-ul-fioletowa-3-pokojowe-h4j5r0,https://s2.adresowa.pl/oi/12/3f/40ae0a_9284_cover@2x-3-pokojowe-mieszkanie-szczecin-bukowe-ul-fioletowa.webp
Szczecin Pogodno,ul. Santocka 26,3,44,459000,10432,Pośrednik,,12,https://adresowo.pl/o/mieszkanie-szczecin-pogodno-ul-santocka-3-pokojowe-c9z2b6,https://s2.adresowa.pl/oi/7f/1b/401712_eb31_cover@2x-3-pokojowe-mieszkanie-szczecin-pogodno-ul-santocka.webp
Szczecin,ul. Zielonego Mostu,2,35,615000,17571,Pośrednik,,15,https://adresowo.pl/o/mieszkanie-szczecin-ul-zielonego-mostu-2-pokojowe-e4b1d2,https://s2.adresowa.pl/oi/79/36/400d04_bd3b_cover@2x-2-pokojowe-mieszkanie-szczecin-ul-zielonego-mostu.webp
Szczecin Niebuszewo,ul. Juliana Ejsmonda,3,52,559000,10750,bez pośredników,,8,https://adresowo.pl/o/mieszkanie-szczecin-niebuszewo-ul-juliana-ejsmonda-3-pokojowe-v1h9p0,https://s2.adresowa.pl/oi/34/1b/40aa42_7cbc_cover@2x-3-pokojowe-mieszkanie-szczecin-niebuszewo-ul-juliana-ejsmonda.webp
Szczecin Śródmieście,ul. 5 Lipca,3,66,640000,9697,bez pośredników,,14,https://adresowo.pl/o/mieszkanie-szczecin-srodmiescie-ul-5-lipca-3-pokojowe-h0g4i0,https://s2.adresowa.pl/oi/37/42/40a85c_8f22_cover@2x-3-pokojowe-mieszkanie-szczecin-srodmiescie-ul-5-lipca.webp
Szczecin,Pomorzany,2,37,469000,12676,bez pośredników,,10,https://adresowo.pl/o/mieszkanie-szczecin-pomorzany-2-pokojowe-37-m2-y3o2o5,https://s2.adresowa.pl/oi/1c/1d/40a3de_4e40_cover@2x-2-pokojowe-mieszkanie-szczecin-pomorzany.webp
Szczecin Świerczewo,ul. Antoniego Kaliny,3,65,500000,7692,Pośrednik,,10,https://adresowo.pl/o/mieszkanie-szczecin-swierczewo-ul-antoniego-kaliny-3-pokojowe-j9y2t2,https://s2.adresowa.pl/oi/40/40/400768_8aa1_cover@2x-3-pokojowe-mieszkanie-szczecin-swierczewo-ul-antoniego-kaliny.webp
Szczecin Słoneczne,ul. Turkusowa,3,69,549000,7957,Pośrednik,,8,https://adresowo.pl/o/mieszkanie-szczecin-sloneczne-ul-turkusowa-3-pokojowe-z0x0x9,https://s2.adresowa.pl/oi/3f/44/400606_e3a6_cover@2x-3-pokojowe-mieszkanie-szczecin-sloneczne-ul-turkusowa.webp
Szczecin Centrum,ul. Pocztowa,4,110,990000,9000,bez pośredników,,16,https://adresowo.pl/o/mieszkanie-szczecin-centrum-ul-pocztowa-4-pokojowe-y7o4r7,https://s2.adresowa.pl/oi/56/55/40a1da_f545_cover@2x-4-pokojowe-mieszkanie-szczecin-centrum-ul-pocztowa.webp
Szczecin,Pomorzany,4,63,580000,9206,bez pośredników,,16,https://adresowo.pl/o/mieszkanie-szczecin-pomorzany-4-pokojowe-63-m2-e6s3s6,https://s2.adresowa.pl/oi/30/6a/409f56_a5fa_cover@2x-4-pokojowe-mieszkanie-szczecin-pomorzany.webp
Szczecin Pogodno,ul. Andrzeja Frycza-Modrzewskiego,3,62,710000,11452,bez pośredników,,10,https://adresowo.pl/o/mieszkanie-szczecin-pogodno-ul-andrzeja-frycza-modrzewskiego-3-pokojowe-l6h0l0,https://s2.adresowa.pl/oi/64/4b/409cfe_9a1c_cover@2x-3-pokojowe-mieszkanie-szczecin-pogodno-ul-andrzeja-frycza-modrzewskiego.webp
Szczecin Załom,ul. Produkcyjna,3,58,439000,7569,Pośrednik,,7,https://adresowo.pl/o/mieszkanie-szczecin-zalom-ul-produkcyjna-3-pokojowe-n1n8e4,https://s2.adresowa.pl/oi/34/22/40031c_61bc_cover@2x-3-pokojowe-mieszkanie-szczecin-zalom-ul-produkcyjna.webp
Szczecin,Centrum,2,48,822192,17129,Pośrednik,,1,https://adresowo.pl/o/mieszkanie-szczecin-centrum-2-pokojowe-48-m2-z4p6r8,https://s2.adresowa.pl/oi/41/2a/3fed24_77a4_cover@2x-2-pokojowe-mieszkanie-szczecin-centrum.webp
Szczecin,ul. Jasna,2,48,500000,10417,bez pośredników,,8,https://adresowo.pl/o/mieszkanie-szczecin-ul-jasna-2-pokojowe-a3p8r2,https://s2.adresowa.pl/oi/7e/70/409bec_2a18_cover@2x-2-pokojowe-mieszkanie-szczecin-ul-jasna.webp
Szczecin Pomorzany,ul. Szpitalna,3,64,710000,11094,bez pośredników,,8,https://adresowo.pl/o/mieszkanie-szczecin-pomorzany-ul-szpitalna-3-pokojowe-i1z8l4,https://s2.adresowa.pl/oi/23/31/409ba8_fd4a_cover@2x-3-pokojowe-mieszkanie-szczecin-pomorzany-ul-szpitalna.webp
Szczecin Drzetowo,ul. Parkowa,2,47,619000,13170,bez pośredników,,8,https://adresowo.pl/o/mieszkanie-szczecin-drzetowo-ul-parkowa-2-pokojowe-l1i2y2,https://s2.adresowa.pl/oi/3e/68/409836_2f00_cover@2x-2-pokojowe-mieszkanie-szczecin-drzetowo-ul-parkowa.webp
Szczecin,ul. Wilków Morskich,2,66,499000,7561,Pośrednik,,8,https://adresowo.pl/o/mieszkanie-szczecin-ul-wilkow-morskich-2-pokojowe-s6a9c0,https://s2.adresowa.pl/oi/3b/16/3fea4e_355c_cover@2x-2-pokojowe-mieszkanie-szczecin-ul-wilkow-morskich.webp
Szczecin Pogodno,ul. Klemensa Janickiego,2,43,399000,9279,Pośrednik,,8,https://adresowo.pl/o/mieszkanie-szczecin-pogodno-ul-klemensa-janickiego-2-pokojowe-n1f6l0,https://s2.adresowa.pl/oi/7a/13/3fdfe8_3015_cover@2x-2-pokojowe-mieszkanie-szczecin-pogodno-ul-klemensa-janickiego.webp
Szczecin Niebuszewo,ul. Wilcza,2,47,559000,11894,bez pośredników,,15,https://adresowo.pl/o/mieszkanie-szczecin-niebuszewo-ul-wilcza-2-pokojowe-t5f9l3,https://s2.adresowa.pl/oi/3a/7a/4093ea_71ea_cover@2x-2-pokojowe-mieszkanie-szczecin-niebuszewo-ul-wilcza.webp
Szczecin,Niebuszewo,2,43,635000,14767,bez pośredników,,8,https://adresowo.pl/o/mieszkanie-szczecin-niebuszewo-2-pokojowe-43-m2-g7h9l2,https://s2.adresowa.pl/oi/57/15/408f5e_b4c0_cover@2x-2-pokojowe-mieszkanie-szczecin-niebuszewo.webp
Szczecin,Gumieńce,3,54,749000,13870,bez pośredników,,8,https://adresowo.pl/o/mieszkanie-szczecin-gumience-3-pokojowe-54-m2-d9k5b4,https://s2.adresowa.pl/oi/1c/74/408f02_9450_cover@2x-3-pokojowe-mieszkanie-szczecin-gumience.webp
Szczecin,ul. Rubinowa,4,82,659000,8037,Pośrednik,,8,https://adresowo.pl/o/mieszkanie-szczecin-ul-rubinowa-4-pokojowe-q6k3f5,https://s2.adresowa.pl/oi/6c/3d/3fdfe0_b11e_cover@2x-4-pokojowe-mieszkanie-szczecin-ul-rubinowa.webp
Szczecin,ul. Pomorska 110,1,25,249500,9980,Pośrednik,,8,https://adresowo.pl/o/mieszkanie-szczecin-ul-pomorska-1-pokoj-x8g5a7,https://s2.adresowa.pl/oi/56/27/3fd85c_a83e_cover@2x-1-pokojowe-mieszkanie-szczecin-ul-pomorska.webp
Szczecin Niebuszewo,ul. Przyjaciół Żołnierza,2,53,579000,10925,bez pośredników,,5,https://adresowo.pl/o/mieszkanie-szczecin-niebuszewo-ul-przyjaciol-zolnierza-2-pokojowe-a4p1v5,https://s2.adresowa.pl/oi/65/54/408a44_59ed_cover@2x-2-pokojowe-mieszkanie-szczecin-niebuszewo-ul-przyjaciol-zolnierza.webp
Szczecin Słoneczne,ul. Aleksandra Kostki Napierskiego 44,3,53,499000,9415,bez pośredników,,6,https://adresowo.pl/o/mieszkanie-szczecin-sloneczne-ul-aleksandra-kostki-napierskiego-3-pokojowe-k9z7j9,https://s2.adresowa.pl/oi/21/3b/4086b0_b31c_cover@2x-3-pokojowe-mieszkanie-szczecin-sloneczne-ul-aleksandra-kostki-napierskiego.webp
Szczecin,ul. Potulicka,3,63,890000,14127,bez pośredników,,20,https://adresowo.pl/o/mieszkanie-szczecin-ul-potulicka-3-pokojowe-p6v8e5,https://s2.adresowa.pl/oi/1d/4f/408674_63d1_cover@2x-3-pokojowe-mieszkanie-szczecin-ul-potulicka.webp
Szczecin,ul. Reduty Ordona,2,38,398000,10474,Pośrednik,,35,https://adresowo.pl/o/mieszkanie-szczecin-ul-reduty-ordona-2-pokojowe-v4l9m5,https://s2.adresowa.pl/oi/50/21/3fc6c0_5f2b_cover@2x-2-pokojowe-mieszkanie-szczecin-ul-reduty-ordona.webp
Szczecin,ul. Fryderyka Chopina 49,4,125,929000,7432,Pośrednik,,14,https://adresowo.pl/o/mieszkanie-szczecin-ul-fryderyka-chopina-4-pokojowe-e2f4x9,https://s2.adresowa.pl/oi/57/30/3fc142_41b3_cover@2x-4-pokojowe-mieszkanie-szczecin-ul-fryderyka-chopina.webp
Szczecin Śródmieście,ul. Bogumiły,4,82,660000,8049,bez pośredników,,17,https://adresowo.pl/o/mieszkanie-szczecin-srodmiescie-ul-bogumily-4-pokojowe-b2q2r7,https://s2.adresowa.pl/oi/1c/7a/408584_4f9a_cover@2x-4-pokojowe-mieszkanie-szczecin-srodmiescie-ul-bogumily.webp
Szczecin Żelechowa,ul. Hoża,2,35,429000,12257,bez pośredników,,11,https://adresowo.pl/o/mieszkanie-szczecin-zelechowa-ul-hoza-2-pokojowe-q9t1f2,https://s2.adresowa.pl/oi/58/78/408408_5256_cover@2x-2-pokojowe-mieszkanie-szczecin-zelechowa-ul-hoza.webp
Szczecin,Pomorzany,3,57,640000,11228,bez pośredników,,8,https://adresowo.pl/o/mieszkanie-szczecin-pomorzany-3-pokojowe-57-m2-t4p4c4,https://s2.adresowa.pl/oi/18/7c/40833c_864f_cover@2x-3-pokojowe-mieszkanie-szczecin-pomorzany.webp
Szczecin Bukowo,ul. Ogrodnicza,3,74,650000,8784,Pośrednik,,15,https://adresowo.pl/o/mieszkanie-szczecin-bukowo-ul-ogrodnicza-3-pokojowe-o1l9s2,https://s2.adresowa.pl/oi/37/2f/3fbd5c_d864_cover@2x-3-pokojowe-mieszkanie-szczecin-bukowo-ul-ogrodnicza.webp
Szczecin,Centrum,3,91,2599000,28560,Pośrednik,,26,https://adresowo.pl/o/mieszkanie-szczecin-centrum-3-pokojowe-91-m2-l1f1q4,https://s2.adresowa.pl/oi/40/67/3f9aa8_3cd6_cover@2x-3-pokojowe-mieszkanie-szczecin-centrum.webp
Szczecin Śródmieście,ul. Sołtysia,3,46,489000,10630,bez pośredników,,14,https://adresowo.pl/o/mieszkanie-szczecin-srodmiescie-ul-soltysia-3-pokojowe-w6i3d0,https://s2.adresowa.pl/oi/24/7e/4080fc_9627_cover@2x-3-pokojowe-mieszkanie-szczecin-srodmiescie-ul-soltysia.webp
Szczecin Bukowe,ul. Brązowa 47,2,54,540000,10000,bez pośredników,,19,https://adresowo.pl/o/mieszkanie-szczecin-bukowe-ul-brazowa-2-pokojowe-p9q0f2,https://s2.adresowa.pl/oi/5e/35/407dc8_a573_cover@2x-2-pokojowe-mieszkanie-szczecin-bukowe-ul-brazowa.webp
Szczecin Niebuszewo,ul. ks. Jana Długosza,2,52,540000,10385,bez pośredników,,13,https://adresowo.pl/o/mieszkanie-szczecin-niebuszewo-ul-ks-jana-dlugosza-2-pokojowe-g4n5f8,https://s2.adresowa.pl/oi/6a/1b/407e4c_df36_cover@2x-2-pokojowe-mieszkanie-szczecin-niebuszewo-ul-ks-jana-dlugosza.webp
Szczecin Śródmieście,ul. Gabriela Narutowicza,3,69,689000,9986,Pośrednik,,13,https://adresowo.pl/o/mieszkanie-szczecin-srodmiescie-ul-gabriela-narutowicza-3-pokojowe-r8d6g4,https://s2.adresowa.pl/oi/2b/25/3f8fde_4b32_cover@2x-3-pokojowe-mieszkanie-szczecin-srodmiescie-ul-gabriela-narutowicza.webp
Szczecin Centrum,al. Wyzwolenia,1,32,800000,25000,Pośrednik,,6,https://adresowo.pl/o/mieszkanie-szczecin-centrum-al-wyzwolenia-1-pokoj-m0h8b2,https://s2.adresowa.pl/oi/58/2e/3f7e3c_b2c2_cover@2x-1-pokojowe-mieszkanie-szczecin-centrum-al-wyzwolenia.webp
Szczecin,ul. Wiosny Ludów,2,47,419000,8915,bez pośredników,,15,https://adresowo.pl/o/mieszkanie-szczecin-ul-wiosny-ludow-2-pokojowe-r4f0q2,https://s2.adresowa.pl/oi/2e/20/407bea_8637_cover@2x-2-pokojowe-mieszkanie-szczecin-ul-wiosny-ludow.webp
Szczecin Centrum,ul. Odzieżowa,2,47,500000,10638,bez pośredników,,7,https://adresowo.pl/o/mieszkanie-szczecin-centrum-ul-odziezowa-2-pokojowe-g4r9f2,https://s2.adresowa.pl/oi/5a/5c/407982_f2f0_cover@2x-2-pokojowe-mieszkanie-szczecin-centrum-ul-odziezowa.webp
Szczecin Śródmieście,ul. 5 Lipca,2,48,499000,10396,bez pośredników,,18,https://adresowo.pl/o/mieszkanie-szczecin-srodmiescie-ul-5-lipca-2-pokojowe-o2n6f3,https://s2.adresowa.pl/oi/7d/73/40788e_5c5e_cover@2x-2-pokojowe-mieszkanie-szczecin-srodmiescie-ul-5-lipca.webp
Szczecin Centrum,al. Wyzwolenia,1,30,900000,30000,Pośrednik,,5,https://adresowo.pl/o/mieszkanie-szczecin-centrum-al-wyzwolenia-1-pokoj-f2b4h8,https://s2.adresowa.pl/oi/1f/2a/3f7e38_b76c_cover@2x-1-pokojowe-mieszkanie-szczecin-centrum-al-wyzwolenia.webp
Szczecin Centrum,al. Wyzwolenia,1,35,790000,22571,Pośrednik,,7,https://adresowo.pl/o/mieszkanie-szczecin-centrum-al-wyzwolenia-1-pokoj-l0v2c5,https://s2.adresowa.pl/oi/28/75/3f7bae_b412_cover@2x-1-pokojowe-mieszkanie-szczecin-centrum-al-wyzwolenia.webp
Szczecin Gumieńce,ul. Gorzowska,3,57,698000,12246,bez pośredników,,16,https://adresowo.pl/o/mieszkanie-szczecin-gumience-ul-gorzowska-3-pokojowe-o8f5v0,https://s2.adresowa.pl/oi/67/17/4077fa_c48d_cover@2x-3-pokojowe-mieszkanie-szczecin-gumience-ul-gorzowska.webp
Szczecin,Śródmieście,1,24,340000,14167,bez pośredników,,7,https://adresowo.pl/o/mieszkanie-szczecin-srodmiescie-1-pokoj-24-m2-s0f4r1,https://s2.adresowa.pl/oi/42/21/4071a2_706d_cover@2x-1-pokojowe-mieszkanie-szczecin-srodmiescie.webp
Szczecin Śródmieście,al. Wyzwolenia,4,89,580000,6517,bez pośredników,,11,https://adresowo.pl/o/mieszkanie-szczecin-srodmiescie-al-wyzwolenia-4-pokojowe-r8r4a4,https://s2.adresowa.pl/oi/7e/13/4070f2_aa50_cover@2x-4-pokojowe-mieszkanie-szczecin-srodmiescie-al-wyzwolenia.webp
Szczecin Centrum,al. Wyzwolenia,1,25,600000,24000,Pośrednik,,6,https://adresowo.pl/o/mieszkanie-szczecin-centrum-al-wyzwolenia-1-pokoj-p5r6q0,https://s2.adresowa.pl/oi/5b/53/3f7ba2_91a4_cover@2x-1-pokojowe-mieszkanie-szczecin-centrum-al-wyzwolenia.webp
Szczecin Bukowe,ul. Fioletowa,4,88,819000,9307,Pośrednik,,15,https://adresowo.pl/o/mieszkanie-szczecin-bukowe-ul-fioletowa-4-pokojowe-e8d7y2,https://s2.adresowa.pl/oi/29/57/3f7b3c_5850_cover@2x-4-pokojowe-mieszkanie-szczecin-bukowe-ul-fioletowa.webp
Szczecin Gumieńce,ul. Cukrowa,4,73,655000,8973,bez pośredników,,10,https://adresowo.pl/o/mieszkanie-szczecin-gumience-ul-cukrowa-4-pokojowe-g1j9r9,https://s2.adresowa.pl/oi/69/13/4070b4_9e4f_cover@2x-4-pokojowe-mieszkanie-szczecin-gumience-ul-cukrowa.webp
Szczecin Pomorzany,ul. 9 Maja,2,48,379000,7896,bez pośredników,,9,https://adresowo.pl/o/mieszkanie-szczecin-pomorzany-ul-9-maja-2-pokojowe-u7x0j4,https://s2.adresowa.pl/oi/1f/70/406f40_c682_cover@2x-2-pokojowe-mieszkanie-szczecin-pomorzany-ul-9-maja.webp
Szczecin Podjuchy,ul. Floriana Szarego,2,42,450000,10714,bez pośredników,,7,https://adresowo.pl/o/mieszkanie-szczecin-podjuchy-ul-floriana-szarego-2-pokojowe-a5d5k6,https://s2.adresowa.pl/oi/3b/65/406ed0_c778_cover@2x-2-pokojowe-mieszkanie-szczecin-podjuchy-ul-floriana-szarego.webp
Szczecin Pomorzany,ul. Inowrocławska,4,74,695000,9392,Pośrednik,,50,https://adresowo.pl/o/mieszkanie-szczecin-pomorzany-ul-inowroclawska-4-pokojowe-j8m6g2,https://s2.adresowa.pl/oi/5f/2b/3f74c8_b85a_cover@2x-4-pokojowe-mieszkanie-szczecin-pomorzany-ul-inowroclawska.webp
Szczecin Niebuszewo,ul. Łucznicza,4,89,811000,9112,Pośrednik,,11,https://adresowo.pl/o/mieszkanie-szczecin-niebuszewo-ul-lucznicza-4-pokojowe-w3t5r3,https://s2.adresowa.pl/oi/1c/77/3f70fe_408b_cover@2x-4-pokojowe-mieszkanie-szczecin-niebuszewo-ul-lucznicza.webp
Szczecin Centrum,ul. Świętego Ducha,2,32,550000,17188,bez pośredników,,13,https://adresowo.pl/o/mieszkanie-szczecin-centrum-ul-swietego-ducha-2-pokojowe-p8w8p0,https://s2.adresowa.pl/oi/78/45/406bfe_b1fd_cover@2x-2-pokojowe-mieszkanie-szczecin-centrum-ul-swietego-ducha.webp
Szczecin Dąbie,ul. Szybowcowa,3,63,719000,11413,bez pośredników,,11,https://adresowo.pl/o/mieszkanie-szczecin-dabie-ul-szybowcowa-3-pokojowe-w0s9v6,https://s2.adresowa.pl/oi/16/4f/406a22_ef16_cover@2x-3-pokojowe-mieszkanie-szczecin-dabie-ul-szybowcowa.webp
Szczecin Śródmieście,ul. Potulicka,2,51,595000,11667,bez pośredników,,19,https://adresowo.pl/o/mieszkanie-szczecin-srodmiescie-ul-potulicka-2-pokojowe-r5t7p0,https://s2.adresowa.pl/oi/21/7b/4067e0_b05a_cover@2x-2-pokojowe-mieszkanie-szczecin-srodmiescie-ul-potulicka.webp
Szczecin Warszewo,ul. Pegaza,4,65,739000,11369,Pośrednik,,10,https://adresowo.pl/o/mieszkanie-szczecin-warszewo-ul-pegaza-4-pokojowe-t5c3b7,https://s2.adresowa.pl/oi/7f/20/3f56fa_85ff_cover@2x-4-pokojowe-mieszkanie-szczecin-warszewo-ul-pegaza.webp
Szczecin,ul. Władysława Szafera,2,42,400000,9524,Pośrednik,,13,https://adresowo.pl/o/mieszkanie-szczecin-ul-wladyslawa-szafera-2-pokojowe-d6x2t7,https://s2.adresowa.pl/oi/45/51/3f56f6_c783_cover@2x-2-pokojowe-mieszkanie-szczecin-ul-wladyslawa-szafera.webp
Szczecin,Gumieńce,4,67,665000,9925,bez pośredników,,8,https://adresowo.pl/o/mieszkanie-szczecin-gumience-4-pokojowe-67-m2-m9v6y3,https://s2.adresowa.pl/oi/75/4a/4067b0_5247_cover@2x-4-pokojowe-mieszkanie-szczecin-gumience.webp
Szczecin Centrum,ul. Pocztowa,2,42,460000,10952,bez pośredników,,10,https://adresowo.pl/o/mieszkanie-szczecin-centrum-ul-pocztowa-2-pokojowe-n6t5w9,https://s2.adresowa.pl/oi/4f/78/4065f0_737d_cover@2x-2-pokojowe-mieszkanie-szczecin-centrum-ul-pocztowa.webp
Szczecin,Centrum,2,27,315000,11667,bez pośredników,,2,https://adresowo.pl/o/mieszkanie-szczecin-centrum-2-pokojowe-27-m2-h0k0r7,https://s2.adresowa.pl/oi/7c/7b/406298_842b_cover@2x-2-pokojowe-mieszkanie-szczecin-centrum.webp
Szczecin,ul. Potulicka,1,41,550000,13415,Pośrednik,,7,https://adresowo.pl/o/mieszkanie-szczecin-ul-potulicka-1-pokoj-m2n4g8,https://s2.adresowa.pl/oi/49/27/3f5176_a401_cover@2x-1-pokojowe-mieszkanie-szczecin-ul-potulicka.webp
Szczecin,Centrum,3,68,1315219,19341,Pośrednik,,8,https://adresowo.pl/o/mieszkanie-szczecin-centrum-3-pokojowe-68-m2-p9y5t9,https://s2.adresowa.pl/oi/52/41/3f5076_a643_cover@2x-3-pokojowe-mieszkanie-szczecin-centrum.webp
Szczecin Niebuszewo,ul. Księżnej Elżbiety 25,3,59,576000,9763,bez pośredników,,11,https://adresowo.pl/o/mieszkanie-szczecin-niebuszewo-ul-ksieznej-elzbiety-3-pokojowe-h2s1v7,https://s2.adresowa.pl/oi/10/1b/40e5d2_2801_cover@2x-3-pokojowe-mieszkanie-szczecin-niebuszewo-ul-ksieznej-elzbiety.webp
Szczecin Śródmieście,ul. Bolesława Śmiałego,3,92,808317,8786,bez pośredników,,17,https://adresowo.pl/o/mieszkanie-szczecin-srodmiescie-ul-boleslawa-smialego-3-pokojowe-w2k2y0,https://s2.adresowa.pl/oi/7b/29/405698_38d9_cover@2x-3-pokojowe-mieszkanie-szczecin-srodmiescie-ul-boleslawa-smialego.webp
Szczecin Pogodno,ul. Seweryna Goszczyńskiego,2,39,340000,8718,bez pośredników,,12,https://adresowo.pl/o/mieszkanie-szczecin-pogodno-ul-seweryna-goszczynskiego-2-pokojowe-j6n5m9,https://s2.adresowa.pl/oi/21/26/405550_c493_cover@2x-2-pokojowe-mieszkanie-szczecin-pogodno-ul-seweryna-goszczynskiego.webp
Szczecin Pomorzany,ul. Legnicka,3,57,559000,9807,bez pośredników,,11,https://adresowo.pl/o/mieszkanie-szczecin-pomorzany-ul-legnicka-3-pokojowe-q3l2z6,https://s2.adresowa.pl/oi/1d/5f/405298_d4c3_cover@2x-3-pokojowe-mieszkanie-szczecin-pomorzany-ul-legnicka.webp
Szczecin,Gumieńce,1,33,353220,10704,Pośrednik,,4,https://adresowo.pl/o/mieszkanie-szczecin-gumience-1-pokoj-33-m2-u3y2t3,https://s2.adresowa.pl/oi/55/1c/3f5070_9fd7_cover@2x-1-pokojowe-mieszkanie-szczecin-gumience.webp
Szczecin,Centrum,1,35,540000,15429,Pośrednik,,10,https://adresowo.pl/o/mieszkanie-szczecin-centrum-1-pokoj-35-m2-u8k3q7,https://s2.adresowa.pl/oi/41/4d/3f506c_e439_cover@2x-1-pokojowe-mieszkanie-szczecin-centrum.webp
Szczecin,Żelechowa,4,77,879000,11416,bez pośredników,,21,https://adresowo.pl/o/mieszkanie-szczecin-zelechowa-4-pokojowe-77-m2-h7h8n2,https://s2.adresowa.pl/oi/7f/7c/404e4a_f3c5_cover@2x-4-pokojowe-mieszkanie-szczecin-zelechowa.webp
Szczecin,Bukowo,3,49,420000,8571,bez pośredników,,10,https://adresowo.pl/o/mieszkanie-szczecin-bukowo-3-pokojowe-49-m2-p1b0r9,https://s2.adresowa.pl/oi/4a/7d/404b7e_c9db_cover@2x-3-pokojowe-mieszkanie-szczecin-bukowo.webp
Szczecin Śródmieście,ul. Bronisławy,2,46,395000,8587,bez pośredników,,7,https://adresowo.pl/o/mieszkanie-szczecin-srodmiescie-ul-bronislawy-2-pokojowe-f3o2h6,https://s2.adresowa.pl/oi/77/5c/4046e6_f8bd_cover@2x-2-pokojowe-mieszkanie-szczecin-srodmiescie-ul-bronislawy.webp
Szczecin,Gumieńce,2,57,602000,10561,Pośrednik,,5,https://adresowo.pl/o/mieszkanie-szczecin-gumience-2-pokojowe-57-m2-z6l8b1,https://s2.adresowa.pl/oi/28/2c/3f5060_e791_cover@2x-2-pokojowe-mieszkanie-szczecin-gumience.webp
Szczecin,Centrum,3,97,795000,8196,Pośrednik,,6,https://adresowo.pl/o/mieszkanie-szczecin-centrum-3-pokojowe-97-m2-u7s7b6,https://s2.adresowa.pl/oi/31/33/3f505a_4fbd_cover@2x-3-pokojowe-mieszkanie-szczecin-centrum.webp
Szczecin Centrum,ul. Wały Chrobrego,2,60,530000,8833,bez pośredników,,8,https://adresowo.pl/o/mieszkanie-szczecin-centrum-ul-waly-chrobrego-2-pokojowe-y0p2h0,https://s2.adresowa.pl/oi/31/57/404582_4e08_cover@2x-2-pokojowe-mieszkanie-szczecin-centrum-ul-waly-chrobrego.webp
Szczecin,Gumieńce,3,46,620000,13478,bez pośredników,,10,https://adresowo.pl/o/mieszkanie-szczecin-gumience-3-pokojowe-46-m2-v0l9a7,https://s2.adresowa.pl/oi/77/6c/404458_2948_cover@2x-3-pokojowe-mieszkanie-szczecin-gumience.webp
Szczecin Centrum,al. Papieża Jana Pawła II,2,47,475000,10106,bez pośredników,,8,https://adresowo.pl/o/mieszkanie-szczecin-centrum-al-papieza-jana-pawla-ii-2-pokojowe-t5g6a4,https://s2.adresowa.pl/oi/3b/6c/4042bc_467a_cover@2x-2-pokojowe-mieszkanie-szczecin-centrum-al-papieza-jana-pawla-ii.webp
Szczecin,Drzetowo,2,47,525000,11170,Pośrednik,,6,https://adresowo.pl/o/mieszkanie-szczecin-drzetowo-2-pokojowe-47-m2-i8k6o7,https://s2.adresowa.pl/oi/53/3e/3f5058_fb44_cover@2x-2-pokojowe-mieszkanie-szczecin-drzetowo.webp
Szczecin,Centrum,2,45,615000,13667,Pośrednik,,8,https://adresowo.pl/o/mieszkanie-szczecin-centrum-2-pokojowe-45-m2-s9c4c6,https://s2.adresowa.pl/oi/59/64/3f503e_deb9_cover@2x-2-pokojowe-mieszkanie-szczecin-centrum.webp
Szczecin,Bezrzecze,4,81,975000,12037,bez pośredników,,21,https://adresowo.pl/o/mieszkanie-szczecin-bezrzecze-4-pokojowe-81-m2-s5h5i0,https://s2.adresowa.pl/oi/21/30/404240_3fb8_cover@2x-4-pokojowe-mieszkanie-szczecin-bezrzecze.webp
Szczecin Prawobrzeże,ul. Akwarelowa,2,47,619900,13189,bez pośredników,,19,https://adresowo.pl/o/mieszkanie-szczecin-prawobrzeze-ul-akwarelowa-2-pokojowe-l9r0h3,https://s2.adresowa.pl/oi/3a/59/40406e_787b_cover@2x-2-pokojowe-mieszkanie-szczecin-prawobrzeze-ul-akwarelowa.webp
Szczecin Zdroje,ul. Młodzieży Polskiej,2,54,265000,4907,bez pośredników,,9,https://adresowo.pl/o/mieszkanie-szczecin-zdroje-ul-mlodziezy-polskiej-2-pokojowe-w3s3t9,https://s2.adresowa.pl/oi/59/43/403930_99de_cover@2x-2-pokojowe-mieszkanie-szczecin-zdroje-ul-mlodziezy-polskiej.webp
Szczecin,Centrum,3,75,729000,9720,Pośrednik,,9,https://adresowo.pl/o/mieszkanie-szczecin-centrum-3-pokojowe-75-m2-j5j7c2,https://s2.adresowa.pl/oi/53/42/3f5012_c8d8_cover@2x-3-pokojowe-mieszkanie-szczecin-centrum.webp
Szczecin,Bezrzecze,2,88,1000056,11364,Pośrednik,,13,https://adresowo.pl/o/mieszkanie-szczecin-bezrzecze-2-pokojowe-88-m2-j4w4y6,https://s2.adresowa.pl/oi/52/66/3f5006_348a_cover@2x-2-pokojowe-mieszkanie-szczecin-bezrzecze.webp
Szczecin Pomorzany,ul. Xawerego Dunikowskiego,2,45,520000,11556,bez pośredników,,24,https://adresowo.pl/o/mieszkanie-szczecin-pomorzany-ul-xawerego-dunikowskiego-2-pokojowe-h2k8i4,https://s2.adresowa.pl/oi/2a/3a/403788_5bc0_cover@2x-2-pokojowe-mieszkanie-szczecin-pomorzany-ul-xawerego-dunikowskiego.webp
Szczecin Centrum,ul. ks. Piotra Ściegiennego,2,52,599000,11519,bez pośredników,,13,https://adresowo.pl/o/mieszkanie-szczecin-centrum-ul-ks-piotra-sciegiennego-2-pokojowe-a1r2r3,https://s2.adresowa.pl/oi/78/50/403272_40b7_cover@2x-2-pokojowe-mieszkanie-szczecin-centrum-ul-ks-piotra-sciegiennego.webp
Szczecin,Śródmieście,2,74,697000,9419,bez pośredników,,11,https://adresowo.pl/o/mieszkanie-szczecin-srodmiescie-2-pokojowe-74-m2-e5k4k1,https://s2.adresowa.pl/oi/6f/2d/403004_810f_cover@2x-2-pokojowe-mieszkanie-szczecin-srodmiescie.webp
Szczecin,Centrum,2,38,621992,16368,Pośrednik,,20,https://adresowo.pl/o/mieszkanie-szczecin-centrum-2-pokojowe-38-m2-z8c8z4,https://s2.adresowa.pl/oi/4f/4e/3f4be8_3062_cover@2x-2-pokojowe-mieszkanie-szczecin-centrum.webp
Szczecin Warszewo,ul. Przepiórki,2,45,650000,14444,Pośrednik,,17,https://adresowo.pl/o/mieszkanie-szczecin-warszewo-ul-przepiorki-2-pokojowe-y1s1n7,https://s2.adresowa.pl/oi/39/33/3f472a_498f_cover@2x-2-pokojowe-mieszkanie-szczecin-warszewo-ul-przepiorki.webp
Szczecin Centrum,ul. Wielkopolska,2,37,369000,9973,bez pośredników,,12,https://adresowo.pl/o/mieszkanie-szczecin-centrum-ul-wielkopolska-2-pokojowe-k8x3r1,https://s2.adresowa.pl/oi/3e/3f/402eea_2baa_cover@2x-2-pokojowe-mieszkanie-szczecin-centrum-ul-wielkopolska.webp
Szczecin Śródmieście,ul. Leona Heyki,2,55,1250000,22727,bez pośredników,,15,https://adresowo.pl/o/mieszkanie-szczecin-srodmiescie-ul-leona-heyki-2-pokojowe-z5t3i9,https://s2.adresowa.pl/oi/3e/65/40283a_6ca0_cover@2x-2-pokojowe-mieszkanie-szczecin-srodmiescie-ul-leona-heyki.webp
Szczecin,Niebuszewo,2,35,440000,12571,bez pośredników,,8,https://adresowo.pl/o/mieszkanie-szczecin-niebuszewo-2-pokojowe-35-m2-b3f1p5,https://s2.adresowa.pl/oi/6a/73/402514_9d00_cover@2x-2-pokojowe-mieszkanie-szczecin-niebuszewo.webp
Szczecin,ul. Tadeusza Zawadzkiego,3,52,519000,9981,Pośrednik,,15,https://adresowo.pl/o/mieszkanie-szczecin-ul-tadeusza-zawadzkiego-3-pokojowe-d1e5r4,https://s2.adresowa.pl/oi/71/15/3f3ff4_fa6a_cover@2x-3-pokojowe-mieszkanie-szczecin-ul-tadeusza-zawadzkiego.webp
Szczecin Warszewo,ul. Kalinowa,3,70,720000,10286,Pośrednik,,11,https://adresowo.pl/o/mieszkanie-szczecin-warszewo-ul-kalinowa-3-pokojowe-x9s5a3,https://s2.adresowa.pl/oi/6d/70/3f1592_612a_cover@2x-3-pokojowe-mieszkanie-szczecin-warszewo-ul-kalinowa.webp
Szczecin Niebuszewo,ul. Pszczelna,3,63,750000,11905,bez pośredników,,14,https://adresowo.pl/o/mieszkanie-szczecin-niebuszewo-ul-pszczelna-3-pokojowe-w6f7e2,https://s2.adresowa.pl/oi/1f/6a/4021cc_91ce_cover@2x-3-pokojowe-mieszkanie-szczecin-niebuszewo-ul-pszczelna.webp
Szczecin Warszewo,ul. Małe Błonia,2,34,380000,11176,bez pośredników,,6,https://adresowo.pl/o/mieszkanie-szczecin-warszewo-ul-male-blonia-2-pokojowe-k5g5g1,https://s2.adresowa.pl/oi/1e/72/401ede_e5e5_cover@2x-2-pokojowe-mieszkanie-szczecin-warszewo-ul-male-blonia.webp
Szczecin Majowe,ul. Witolda Gombrowicza,3,59,679999,11525,bez pośredników,,9,https://adresowo.pl/o/mieszkanie-szczecin-majowe-ul-witolda-gombrowicza-3-pokojowe-a4f0u0,https://s2.adresowa.pl/oi/56/17/401c42_a74d_cover@2x-3-pokojowe-mieszkanie-szczecin-majowe-ul-witolda-gombrowicza.webp
Szczecin Turzyn,ul. Legionów Dąbrowskiego,3,83,649000,7819,Pośrednik,,8,https://adresowo.pl/o/mieszkanie-szczecin-turzyn-ul-legionow-dabrowskiego-3-pokojowe-d5o5o5,https://s2.adresowa.pl/oi/2b/15/3f1348_f8a8_cover@2x-3-pokojowe-mieszkanie-szczecin-turzyn-ul-legionow-dabrowskiego.webp
Szczecin,ul. Lucjana Rydla,2,48,499000,10396,Pośrednik,,12,https://adresowo.pl/o/mieszkanie-szczecin-ul-lucjana-rydla-2-pokojowe-y0z7v6,https://s2.adresowa.pl/oi/5f/5c/3f114a_8247_cover@2x-2-pokojowe-mieszkanie-szczecin-ul-lucjana-rydla.webp
Szczecin,ul. Stefana Lewandowskiego,2,47,719000,15298,bez pośredników,,22,https://adresowo.pl/o/mieszkanie-szczecin-ul-stefana-lewandowskiego-2-pokojowe-c5e3z3,https://s2.adresowa.pl/oi/38/3c/40187a_4f60_cover@2x-2-pokojowe-mieszkanie-szczecin-ul-stefana-lewandowskiego.webp
Szczecin Centrum,pl. Zgody,3,71,645000,9085,bez pośredników,,17,https://adresowo.pl/o/mieszkanie-szczecin-centrum-pl-zgody-3-pokojowe-a8o4l1,https://s2.adresowa.pl/oi/15/1f/400ff4_8bbf_cover@2x-3-pokojowe-mieszkanie-szczecin-centrum-pl-zgody.webp
Szczecin Krzekowo,ul. Tarasowa,4,93,1650000,17742,bez pośredników,,17,https://adresowo.pl/o/mieszkanie-szczecin-krzekowo-ul-tarasowa-4-pokojowe-z7a6o8,https://s2.adresowa.pl/oi/63/62/400fe8_3a95_cover@2x-4-pokojowe-mieszkanie-szczecin-krzekowo-ul-tarasowa.webp
Szczecin,ul. Małe Błonia,3,60,750000,12500,Pośrednik,,6,https://adresowo.pl/o/mieszkanie-szczecin-ul-male-blonia-3-pokojowe-b3k3m4,https://s2.adresowa.pl/oi/3a/5b/3f110e_ec6e_cover@2x-3-pokojowe-mieszkanie-szczecin-ul-male-blonia.webp
Szczecin Dąbie,ul. Racławicka 1,2,72,699900,9721,Pośrednik,,7,https://adresowo.pl/o/mieszkanie-szczecin-dabie-ul-raclawicka-2-pokojowe-f7n6v6,https://s2.adresowa.pl/oi/78/47/3ee724_2da7_cover@2x-2-pokojowe-mieszkanie-szczecin-dabie-ul-raclawicka.webp
Szczecin Śródmieście,ul. Wacława Felczaka,1,42,415000,9881,bez pośredników,,4,https://adresowo.pl/o/mieszkanie-szczecin-srodmiescie-ul-waclawa-felczaka-1-pokoj-g3i6s7,https://s2.adresowa.pl/oi/75/28/400ec0_efa0_cover@2x-1-pokojowe-mieszkanie-szczecin-srodmiescie-ul-waclawa-felczaka.webp
Szczecin Centrum,al. Wyzwolenia,2,34,420000,12353,bez pośredników,,10,https://adresowo.pl/o/mieszkanie-szczecin-centrum-al-wyzwolenia-2-pokojowe-r4q6c1,https://s2.adresowa.pl/oi/50/66/400cfe_ed6b_cover@2x-2-pokojowe-mieszkanie-szczecin-centrum-al-wyzwolenia.webp
Szczecin Śródmieście,ul. Potulicka,1,26,330000,12692,bez pośredników,,7,https://adresowo.pl/o/mieszkanie-szczecin-srodmiescie-ul-potulicka-1-pokoj-s7f2p0,https://s2.adresowa.pl/oi/10/15/400bfc_332c_cover@2x-1-pokojowe-mieszkanie-szczecin-srodmiescie-ul-potulicka.webp
Szczecin,ul. Kazimierza Królewicza,2,46,490000,10652,Pośrednik,,7,https://adresowo.pl/o/mieszkanie-szczecin-ul-kazimierza-krolewicza-2-pokojowe-p5o5g9,https://s2.adresowa.pl/oi/17/2d/3edfd2_b157_cover@2x-2-pokojowe-mieszkanie-szczecin-ul-kazimierza-krolewicza.webp
Szczecin Centrum,ul. Wielkopolska,3,120,990000,8250,Pośrednik,,19,https://adresowo.pl/o/mieszkanie-szczecin-centrum-ul-wielkopolska-3-pokojowe-c6u1x3,https://s2.adresowa.pl/oi/29/46/3edc4c_f2b8_cover@2x-3-pokojowe-mieszkanie-szczecin-centrum-ul-wielkopolska.webp
Szczecin Centrum,ul. Jagiellońska,6,113,960000,8496,bez pośredników,,14,https://adresowo.pl/o/mieszkanie-szczecin-centrum-ul-jagiellonska-6-pokojowe-n2e8z9,https://s2.adresowa.pl/oi/67/43/400be6_5e3f_cover@2x-6-pokojowe-mieszkanie-szczecin-centrum-ul-jagiellonska.webp
Szczecin Pomorzany,ul. Zenona Klemensiewicza,4,64,549000,8578,bez pośredników,,19,https://adresowo.pl/o/mieszkanie-szczecin-pomorzany-ul-zenona-klemensiewicza-4-pokojowe-k8d5r6,https://s2.adresowa.pl/oi/67/52/400b80_968a_cover@2x-4-pokojowe-mieszkanie-szczecin-pomorzany-ul-zenona-klemensiewicza.webp
Szczecin Gumieńce,ul. Barbakan,3,72,915670,12718,bez pośredników,,8,https://adresowo.pl/o/mieszkanie-szczecin-gumience-ul-barbakan-3-pokojowe-v4s8k6,https://s2.adresowa.pl/oi/6f/42/4009f8_be60_cover@2x-3-pokojowe-mieszkanie-szczecin-gumience-ul-barbakan.webp
Szczecin,Centrum,1,30,533225,17774,Pośrednik,,1,https://adresowo.pl/o/mieszkanie-szczecin-centrum-1-pokoj-30-m2-i3o9n9,https://s2.adresowa.pl/oi/65/27/3ed3a6_66ce_cover@2x-1-pokojowe-mieszkanie-szczecin-centrum.webp
Szczecin,Śródmieście,4,72,890000,12361,Pośrednik,,20,https://adresowo.pl/o/mieszkanie-szczecin-srodmiescie-4-pokojowe-72-m2-k3f1w6,https://s2.adresowa.pl/oi/36/76/3e8d34_95e6_cover@2x-4-pokojowe-mieszkanie-szczecin-srodmiescie.webp
Szczecin Bukowo,ul. Cztery Pory Roku,3,67,680000,10149,bez pośredników,,22,https://adresowo.pl/o/mieszkanie-szczecin-bukowo-ul-cztery-pory-roku-3-pokojowe-d3j1i2,https://s2.adresowa.pl/oi/19/66/4008ea_c3a3_cover@2x-3-pokojowe-mieszkanie-szczecin-bukowo-ul-cztery-pory-roku.webp
Szczecin,ul. Piesza,3,75,415000,5533,bez pośredników,,1,https://adresowo.pl/o/mieszkanie-szczecin-ul-piesza-3-pokojowe-b4w3p9,https://s2.adresowa.pl/oi/23/24/40021c_58e5_cover@2x-3-pokojowe-mieszkanie-szczecin-ul-piesza.webp
Szczecin Zdroje,ul. Batalionów Chłopskich,3,71,669000,9423,bez pośredników,,10,https://adresowo.pl/o/mieszkanie-szczecin-zdroje-ul-batalionow-chlopskich-3-pokojowe-q5z0k8,https://s2.adresowa.pl/oi/55/7e/4004a0_87e7_cover@2x-3-pokojowe-mieszkanie-szczecin-zdroje-ul-batalionow-chlopskich.webp
Szczecin,Głębokie,5,110,1100000,10000,Pośrednik,,10,https://adresowo.pl/o/mieszkanie-szczecin-glebokie-5-pokojowe-110-m2-w2u6g0,https://s2.adresowa.pl/oi/49/22/3e86f6_f19b_cover@2x-5-pokojowe-mieszkanie-szczecin-glebokie.webp
Szczecin,ul. Młodzieży Polskiej,3,59,499000,8458,Pośrednik,,16,https://adresowo.pl/o/mieszkanie-szczecin-ul-mlodziezy-polskiej-3-pokojowe-o1d9k5,https://s2.adresowa.pl/oi/7b/58/3e834a_bcbf_cover@2x-3-pokojowe-mieszkanie-szczecin-ul-mlodziezy-polskiej.webp
Szczecin Centrum,ul. Władysława Jagiełły,2,47,499000,10617,bez pośredników,,1,https://adresowo.pl/o/mieszkanie-szczecin-centrum-ul-wladyslawa-jagielly-2-pokojowe-s0y6n5,https://s2.adresowa.pl/oi/14/27/400394_8936_cover@2x-2-pokojowe-mieszkanie-szczecin-centrum-ul-wladyslawa-jagielly.webp
Szczecin Dąbie,ul. Pomorska,2,42,339000,8071,bez pośredników,,2,https://adresowo.pl/o/mieszkanie-szczecin-dabie-ul-pomorska-2-pokojowe-s4y3r1,https://s2.adresowa.pl/oi/46/67/400326_c13c_cover@2x-2-pokojowe-mieszkanie-szczecin-dabie-ul-pomorska.webp
Szczecin Bukowe,ul. Zielone Wzgórze,2,52,560000,10769,bez pośredników,,9,https://adresowo.pl/o/mieszkanie-szczecin-bukowe-ul-zielone-wzgorze-2-pokojowe-r5l5e6,https://s2.adresowa.pl/oi/34/32/400254_b8d6_cover@2x-2-pokojowe-mieszkanie-szczecin-bukowe-ul-zielone-wzgorze.webp
Szczecin,ul. Mała Odrzańska,3,308,2540542,8249,Pośrednik,,9,https://adresowo.pl/o/mieszkanie-szczecin-ul-mala-odrzanska-3-pokojowe-n3y6n3,https://s2.adresowa.pl/oi/3c/3b/3e7716_ce70_cover@2x-3-pokojowe-mieszkanie-szczecin-ul-mala-odrzanska.webp
Szczecin,ul. Szybowcowa 65,1,42,439000,10452,Pośrednik,,12,https://adresowo.pl/o/mieszkanie-szczecin-ul-szybowcowa-1-pokoj-n6j6k2,https://s2.adresowa.pl/oi/49/3f/3e71b0_f37a_cover@2x-1-pokojowe-mieszkanie-szczecin-ul-szybowcowa.webp
Szczecin,Bukowe,2,38,439000,11553,bez pośredników,,8,https://adresowo.pl/o/mieszkanie-szczecin-bukowe-2-pokojowe-38-m2-a7e0k5,https://s2.adresowa.pl/oi/2b/4e/40007a_c697_cover@2x-2-pokojowe-mieszkanie-szczecin-bukowe.webp
Szczecin Zdroje,ul. Walecznych,3,59,565000,9576,bez pośredników,,8,https://adresowo.pl/o/mieszkanie-szczecin-zdroje-ul-walecznych-3-pokojowe-u6b3z5,https://s2.adresowa.pl/oi/46/6c/3ffd30_888b_cover@2x-3-pokojowe-mieszkanie-szczecin-zdroje-ul-walecznych.webp
Szczecin Śródmieście,ul. Miedziana,2,41,569000,13878,bez pośredników,,18,https://adresowo.pl/o/mieszkanie-szczecin-srodmiescie-ul-miedziana-2-pokojowe-c6r2i0,https://s2.adresowa.pl/oi/27/20/3ffc4e_6954_cover@2x-2-pokojowe-mieszkanie-szczecin-srodmiescie-ul-miedziana.webp
Szczecin Śródmieście,al. Bohaterów Warszawy,3,80,500000,6250,Pośrednik,,8,https://adresowo.pl/o/mieszkanie-szczecin-srodmiescie-al-bohaterow-warszawy-3-pokojowe-z7r0e4,https://s2.adresowa.pl/oi/10/68/3e5e82_2c06_cover@2x-3-pokojowe-mieszkanie-szczecin-srodmiescie-al-bohaterow-warszawy.webp
Szczecin,ul. Potulicka,3,66,900000,13636,Pośrednik,,11,https://adresowo.pl/o/mieszkanie-szczecin-ul-potulicka-3-pokojowe-a8l5u2,https://s2.adresowa.pl/oi/14/46/3e5e7a_8e5e_cover@2x-3-pokojowe-mieszkanie-szczecin-ul-potulicka.webp
Szczecin Gumieńce,ul. Antoniego Ledóchowskiego,2,48,440000,9167,bez pośredników,,8,https://adresowo.pl/o/mieszkanie-szczecin-gumience-ul-antoniego-ledochowskiego-2-pokojowe-y0v5u6,https://s2.adresowa.pl/oi/20/1a/3ff834_a0d8_cover@2x-2-pokojowe-mieszkanie-szczecin-gumience-ul-antoniego-ledochowskiego.webp
Szczecin Dąbie,ul. Otwocka,3,48,559000,11646,bez pośredników,,9,https://adresowo.pl/o/mieszkanie-szczecin-dabie-ul-otwocka-3-pokojowe-e8b4r2,https://s2.adresowa.pl/oi/6c/7b/3ff81e_d1c6_cover@2x-3-pokojowe-mieszkanie-szczecin-dabie-ul-otwocka.webp
Szczecin Warszewo,ul. Maksymiliana Golisza,4,103,830000,8058,bez pośredników,,8,https://adresowo.pl/o/mieszkanie-szczecin-warszewo-ul-maksymiliana-golisza-4-pokojowe-x3y2a5,https://s2.adresowa.pl/oi/27/4f/3ff78a_c1f5_cover@2x-4-pokojowe-mieszkanie-szczecin-warszewo-ul-maksymiliana-golisza.webp
Szczecin Niebuszewo,ul. Boguchwały,4,87,649000,7460,Pośrednik,,11,https://adresowo.pl/o/mieszkanie-szczecin-niebuszewo-ul-boguchwaly-4-pokojowe-s1l6u0,https://s2.adresowa.pl/oi/51/20/3e3f88_d2ff_cover@2x-4-pokojowe-mieszkanie-szczecin-niebuszewo-ul-boguchwaly.webp
Szczecin Śródmieście,ul. Monte Cassino,2,70,499000,7129,Pośrednik,,13,https://adresowo.pl/o/mieszkanie-szczecin-srodmiescie-ul-monte-cassino-2-pokojowe-o9d9d5,https://s2.adresowa.pl/oi/24/2d/3e36e6_8fe4_cover@2x-2-pokojowe-mieszkanie-szczecin-srodmiescie-ul-monte-cassino.webp
Szczecin Niebuszewo,ul. Fryderyka Chopina,2,34,519000,15265,bez pośredników,,16,https://adresowo.pl/o/mieszkanie-szczecin-niebuszewo-ul-fryderyka-chopina-2-pokojowe-e4p7q0,https://s2.adresowa.pl/oi/78/45/3ff618_8e58_cover@2x-2-pokojowe-mieszkanie-szczecin-niebuszewo-ul-fryderyka-chopina.webp
Szczecin Żelechowa,ul. ks. bp. Władysława Bandurskiego,2,32,389500,12172,bez pośredników,,9,https://adresowo.pl/o/mieszkanie-szczecin-zelechowa-ul-ks-bp-wladyslawa-bandurskiego-2-pokojowe-d7p7m7,https://s2.adresowa.pl/oi/33/2e/3ff4bc_8de5_cover@2x-2-pokojowe-mieszkanie-szczecin-zelechowa-ul-ks-bp-wladyslawa-bandurskiego.webp
Szczecin Prawobrzeże,ul. 9 Maja,1,29,379000,13069,bez pośredników,,6,https://adresowo.pl/o/mieszkanie-szczecin-prawobrzeze-ul-9-maja-1-pokoj-n0d7u5,https://s2.adresowa.pl/oi/1d/1a/3ff39c_29f6_cover@2x-1-pokojowe-mieszkanie-szczecin-prawobrzeze-ul-9-maja.webp
Szczecin Turzyn,ul. Stanisława Żółkiewskiego,2,79,514000,6506,Pośrednik,,7,https://adresowo.pl/o/mieszkanie-szczecin-turzyn-ul-stanislawa-zolkiewskiego-2-pokojowe-g7g5c0,https://s2.adresowa.pl/oi/69/2f/3e36e4_80ae_cover@2x-2-pokojowe-mieszkanie-szczecin-turzyn-ul-stanislawa-zolkiewskiego.webp
Szczecin Niebuszewo,ul. Księcia Barnima III Wielkiego,1,29,355000,12241,Pośrednik,,11,https://adresowo.pl/o/mieszkanie-szczecin-niebuszewo-ul-ksiecia-barnima-iii-wielkiego-1-pokoj-w7w2n9,https://s2.adresowa.pl/oi/30/63/3e36e2_8f12_cover@2x-1-pokojowe-mieszkanie-szczecin-niebuszewo-ul-ksiecia-barnima-iii-wielkiego.webp
Szczecin Turzyn,ul. ks. Piotra Ściegiennego,2,62,649000,10468,bez pośredników,,14,https://adresowo.pl/o/mieszkanie-szczecin-turzyn-ul-ks-piotra-sciegiennego-2-pokojowe-n3r7i8,https://s2.adresowa.pl/oi/44/37/3ff0bc_f4cc_cover@2x-2-pokojowe-mieszkanie-szczecin-turzyn-ul-ks-piotra-sciegiennego.webp
Szczecin Pomorzany,ul. Włościańska,1,31,381000,12290,bez pośredników,,15,https://adresowo.pl/o/mieszkanie-szczecin-pomorzany-ul-wloscianska-1-pokoj-y5w3q5,https://s2.adresowa.pl/oi/3e/64/3fe8fa_38d8_cover@2x-1-pokojowe-mieszkanie-szczecin-pomorzany-ul-wloscianska.webp
Szczecin,Bukowo,3,96,935000,9740,bez pośredników,,8,https://adresowo.pl/o/mieszkanie-szczecin-bukowo-3-pokojowe-96-m2-k4b0y2,https://s2.adresowa.pl/oi/48/11/3fe69c_49e4_cover@2x-3-pokojowe-mieszkanie-szczecin-bukowo.webp
Szczecin,pl. Zawiszy Czarnego,2,62,438000,7065,Pośrednik,,11,https://adresowo.pl/o/mieszkanie-szczecin-pl-zawiszy-czarnego-2-pokojowe-r6j6x5,https://s2.adresowa.pl/oi/3c/5f/3e36e0_7196_cover@2x-2-pokojowe-mieszkanie-szczecin-pl-zawiszy-czarnego.webp
Szczecin,ul. marsz. Józefa Piłsudskiego,2,55,629000,11436,Pośrednik,,9,https://adresowo.pl/o/mieszkanie-szczecin-ul-marsz-jozefa-pilsudskiego-2-pokojowe-b4s8j5,https://s2.adresowa.pl/oi/31/63/3ddd82_9f7d_cover@2x-2-pokojowe-mieszkanie-szczecin-ul-marsz-jozefa-pilsudskiego.webp
Szczecin Śródmieście,ul. Zielonego Mostu,2,32,590000,18438,bez pośredników,,15,https://adresowo.pl/o/mieszkanie-szczecin-srodmiescie-ul-zielonego-mostu-2-pokojowe-f5s2v6,https://s2.adresowa.pl/oi/43/7b/3fe558_dbe8_cover@2x-2-pokojowe-mieszkanie-szczecin-srodmiescie-ul-zielonego-mostu.webp
Szczecin Stołczyn,ul. Władysława Nehringa,2,52,425000,8173,bez pośredników,,19,https://adresowo.pl/o/mieszkanie-szczecin-stolczyn-ul-wladyslawa-nehringa-2-pokojowe-k8c3u3,https://s2.adresowa.pl/oi/4e/20/3fcc54_4220_cover@2x-2-pokojowe-mieszkanie-szczecin-stolczyn-ul-wladyslawa-nehringa.webp
Szczecin,Gumieńce,3,53,774000,14604,bez pośredników,,18,https://adresowo.pl/o/mieszkanie-szczecin-gumience-3-pokojowe-53-m2-i6u4t2,https://s2.adresowa.pl/oi/36/7a/3fcb60_a4c4_cover@2x-3-pokojowe-mieszkanie-szczecin-gumience.webp
Szczecin Centrum,ul. Kaszubska,3,61,520000,8525,Pośrednik,,7,https://adresowo.pl/o/mieszkanie-szczecin-centrum-ul-kaszubska-3-pokojowe-a5w0o8,https://s2.adresowa.pl/oi/3b/49/3dd49a_3242_cover@2x-3-pokojowe-mieszkanie-szczecin-centrum-ul-kaszubska.webp
Szczecin Niebuszewo,ul. Boguchwały,3,63,629000,9984,Pośrednik,,9,https://adresowo.pl/o/mieszkanie-szczecin-niebuszewo-ul-boguchwaly-3-pokojowe-y3m0t2,https://s2.adresowa.pl/oi/6e/46/3dd05e_e9cf_cover@2x-3-pokojowe-mieszkanie-szczecin-niebuszewo-ul-boguchwaly.webp
Szczecin Centrum,ul. Wacława Felczaka,1,33,385000,11667,bez pośredników,,6,https://adresowo.pl/o/mieszkanie-szczecin-centrum-ul-waclawa-felczaka-1-pokoj-u7o6g6,https://s2.adresowa.pl/oi/68/5e/3fcaa4_3ed7_cover@2x-1-pokojowe-mieszkanie-szczecin-centrum-ul-waclawa-felczaka.webp
Szczecin Śródmieście,ul. Potulicka,2,45,479000,10644,bez pośredników,,16,https://adresowo.pl/o/mieszkanie-szczecin-srodmiescie-ul-potulicka-2-pokojowe-b4v4x9,https://s2.adresowa.pl/oi/61/37/3fc8cc_be90_cover@2x-2-pokojowe-mieszkanie-szczecin-srodmiescie-ul-potulicka.webp
Szczecin Śródmieście,ul. Gabriela Narutowicza 18,3,78,870000,11154,bez pośredników,,11,https://adresowo.pl/o/mieszkanie-szczecin-srodmiescie-ul-gabriela-narutowicza-3-pokojowe-a1m7m2,https://s2.adresowa.pl/oi/5c/54/3fc424_bd8d_cover@2x-3-pokojowe-mieszkanie-szczecin-srodmiescie-ul-gabriela-narutowicza.webp
Szczecin Płonia,ul. Przyszłości,4,63,519000,8238,Pośrednik,,18,https://adresowo.pl/o/mieszkanie-szczecin-plonia-ul-przyszlosci-4-pokojowe-h6l0a9,https://s2.adresowa.pl/oi/6f/21/3db08e_c172_cover@2x-4-pokojowe-mieszkanie-szczecin-plonia-ul-przyszlosci.webp
Szczecin,al. Papieża Jana Pawła II,2,48,480000,10000,Pośrednik,,12,https://adresowo.pl/o/mieszkanie-szczecin-al-papieza-jana-pawla-ii-2-pokojowe-a3z9c8,https://s2.adresowa.pl/oi/77/4b/3db08a_dd7b_cover@2x-2-pokojowe-mieszkanie-szczecin-al-papieza-jana-pawla-ii.webp
Szczecin Turzyn,ul. Kazimierza Pułaskiego,2,43,zapytaj,,bez pośredników,,3,https://adresowo.pl/o/mieszkanie-szczecin-turzyn-ul-kazimierza-pulaskiego-2-pokojowe-r4d5a2,https://s2.adresowa.pl/oi/2f/30/3fbdfe_6401_cover@2x-2-pokojowe-mieszkanie-szczecin-turzyn-ul-kazimierza-pulaskiego.webp
Szczecin Niebuszewo,ul. Juliana Ursyna Niemcewicza,2,43,355000,8256,bez pośredników,,11,https://adresowo.pl/o/mieszkanie-szczecin-niebuszewo-ul-juliana-ursyna-niemcewicza-2-pokojowe-c0o4c7,https://s2.adresowa.pl/oi/2f/56/3fb87c_5fc3_cover@2x-2-pokojowe-mieszkanie-szczecin-niebuszewo-ul-juliana-ursyna-niemcewicza.webp
Szczecin Warszewo,ul. Limby,2,52,604000,11615,bez pośredników,,7,https://adresowo.pl/o/mieszkanie-szczecin-warszewo-ul-limby-2-pokojowe-s8b0q7,https://s2.adresowa.pl/oi/27/31/3fb7ba_a05f_cover@2x-2-pokojowe-mieszkanie-szczecin-warszewo-ul-limby.webp
Szczecin Centrum,ul. Bolesława Krzywoustego,2,76,540000,7105,Pośrednik,,17,https://adresowo.pl/o/mieszkanie-szczecin-centrum-ul-boleslawa-krzywoustego-2-pokojowe-h3q5i8,https://s2.adresowa.pl/oi/1d/36/3db086_ae26_cover@2x-2-pokojowe-mieszkanie-szczecin-centrum-ul-boleslawa-krzywoustego.webp
Szczecin Centrum,ul. Małopolska,3,68,590000,8676,Pośrednik,,50,https://adresowo.pl/o/mieszkanie-szczecin-centrum-ul-malopolska-3-pokojowe-r1a7m9,https://s2.adresowa.pl/oi/12/17/3d9d70_e7c6_cover@2x-3-pokojowe-mieszkanie-szczecin-centrum-ul-malopolska.webp
Szczecin,Niebuszewo,2,47,499000,10617,bez pośredników,,8,https://adresowo.pl/o/mieszkanie-szczecin-niebuszewo-2-pokojowe-47-m2-t8v2q4,https://s2.adresowa.pl/oi/16/31/3fb7a8_c360_cover@2x-2-pokojowe-mieszkanie-szczecin-niebuszewo.webp
Szczecin Świerczewo,ul. Antoniego Kaliny,3,62,560000,9032,bez pośredników,,10,https://adresowo.pl/o/mieszkanie-szczecin-swierczewo-ul-antoniego-kaliny-3-pokojowe-d1i1l2,https://s2.adresowa.pl/oi/5a/4f/3fb680_dc79_cover@2x-3-pokojowe-mieszkanie-szczecin-swierczewo-ul-antoniego-kaliny.webp
Szczecin Niebuszewo,ul. Komuny Paryskiej,2,35,420000,12000,bez pośredników,,21,https://adresowo.pl/o/mieszkanie-szczecin-niebuszewo-ul-komuny-paryskiej-2-pokojowe-j1o8v7,https://s2.adresowa.pl/oi/54/60/3fb520_627f_cover@2x-2-pokojowe-mieszkanie-szczecin-niebuszewo-ul-komuny-paryskiej.webp
Szczecin Dąbie,ul. Szybowcowa,3,63,649000,10302,Pośrednik,,9,https://adresowo.pl/o/mieszkanie-szczecin-dabie-ul-szybowcowa-3-pokojowe-f9p5q7,https://s2.adresowa.pl/oi/36/40/3d984c_957f_cover@2x-3-pokojowe-mieszkanie-szczecin-dabie-ul-szybowcowa.webp
Szczecin,ul. Wielkopolska 22,4,113,719000,6363,Pośrednik,,14,https://adresowo.pl/o/mieszkanie-szczecin-ul-wielkopolska-4-pokojowe-w4b3f0,https://s2.adresowa.pl/oi/39/66/3d807e_72ec_cover@2x-4-pokojowe-mieszkanie-szczecin-ul-wielkopolska.webp
Szczecin Śródmieście,ul. Zygmunta Starego,2,59,580000,9831,bez pośredników,,13,https://adresowo.pl/o/mieszkanie-szczecin-srodmiescie-ul-zygmunta-starego-2-pokojowe-d0f0s2,https://s2.adresowa.pl/oi/76/3a/3fb3a2_ce3f_cover@2x-2-pokojowe-mieszkanie-szczecin-srodmiescie-ul-zygmunta-starego.webp
Szczecin Śródmieście,ul. Wawelska,2,58,485000,8362,bez pośredników,,18,https://adresowo.pl/o/mieszkanie-szczecin-srodmiescie-ul-wawelska-2-pokojowe-c7k5i6,https://s2.adresowa.pl/oi/3f/1a/3fae9a_a297_cover@2x-2-pokojowe-mieszkanie-szczecin-srodmiescie-ul-wawelska.webp
Szczecin Pogodno,ul. Hubala,3,69,735000,10652,bez pośredników,,11,https://adresowo.pl/o/mieszkanie-szczecin-pogodno-ul-hubala-3-pokojowe-v1y0x1,https://s2.adresowa.pl/oi/74/4c/3fa2ee_2cb2_cover@2x-3-pokojowe-mieszkanie-szczecin-pogodno-ul-hubala.webp
Szczecin Żydowce,ul. Romana Dmowskiego 115,3,72,699000,9708,Pośrednik,,16,https://adresowo.pl/o/mieszkanie-szczecin-zydowce-ul-romana-dmowskiego-3-pokojowe-e8y2q1,https://s2.adresowa.pl/oi/1c/65/3d6044_bedb_cover@2x-3-pokojowe-mieszkanie-szczecin-zydowce-ul-romana-dmowskiego.webp
Szczecin,Podjuchy,3,59,500000,8475,Pośrednik,,50,https://adresowo.pl/o/mieszkanie-szczecin-podjuchy-3-pokojowe-59-m2-s0k7h2,https://s2.adresowa.pl/oi/11/40/3d58c2_89af_cover@2x-3-pokojowe-mieszkanie-szczecin-podjuchy.webp
Szczecin Centrum,al. Bohaterów Warszawy,3,75,570000,7600,bez pośredników,,17,https://adresowo.pl/o/mieszkanie-szczecin-centrum-al-bohaterow-warszawy-3-pokojowe-r0h7c0,https://s2.adresowa.pl/oi/1e/4d/3fa1f6_2a28_cover@2x-3-pokojowe-mieszkanie-szczecin-centrum-al-bohaterow-warszawy.webp
Szczecin Pomorzany,ul. Inowrocławska,4,74,669000,9041,bez pośredników,,5,https://adresowo.pl/o/mieszkanie-szczecin-pomorzany-ul-inowroclawska-4-pokojowe-d4m7c7,https://s2.adresowa.pl/oi/46/77/3f9dfa_6568_cover@2x-4-pokojowe-mieszkanie-szczecin-pomorzany-ul-inowroclawska.webp
Szczecin Gumieńce,ul. Halna,5,107,1180000,11028,bez pośredników,,11,https://adresowo.pl/o/mieszkanie-szczecin-gumience-ul-halna-5-pokojowe-b1d3v7,https://s2.adresowa.pl/oi/51/1f/3f9cf8_dc36_cover@2x-5-pokojowe-mieszkanie-szczecin-gumience-ul-halna.webp
Szczecin Dąbie,ul. Gryfińska,2,31,285000,9194,Pośrednik,,18,https://adresowo.pl/o/mieszkanie-szczecin-dabie-ul-gryfinska-2-pokojowe-a4g7q8,https://s2.adresowa.pl/oi/51/17/3d4f16_b4d3_cover@2x-2-pokojowe-mieszkanie-szczecin-dabie-ul-gryfinska.webp
Szczecin,ul. Mazurska 7,2,47,379000,8064,Pośrednik,,12,https://adresowo.pl/o/mieszkanie-szczecin-ul-mazurska-2-pokojowe-y6k9l4,https://s2.adresowa.pl/oi/68/71/3d2266_658a_cover@2x-2-pokojowe-mieszkanie-szczecin-ul-mazurska.webp
Szczecin Stare Miasto,ul. Staromłyńska,3,94,1395000,14840,bez pośredników,,21,https://adresowo.pl/o/mieszkanie-szczecin-stare-miasto-ul-staromlynska-3-pokojowe-s5p1y5,https://s2.adresowa.pl/oi/3f/69/3f9868_e9d1_cover@2x-3-pokojowe-mieszkanie-szczecin-stare-miasto-ul-staromlynska.webp
Szczecin Bolinko,ul. Juliana Ursyna Niemcewicza,3,91,695000,7637,bez pośredników,,16,https://adresowo.pl/o/mieszkanie-szczecin-bolinko-ul-juliana-ursyna-niemcewicza-3-pokojowe-r1s5s8,https://s2.adresowa.pl/oi/39/57/3f52ec_b4ff_cover@2x-3-pokojowe-mieszkanie-szczecin-bolinko-ul-juliana-ursyna-niemcewicza.webp
Szczecin Centrum,ul. Szarotki,4,75,730000,9733,bez pośredników,,9,https://adresowo.pl/o/mieszkanie-szczecin-centrum-ul-szarotki-4-pokojowe-c7q5o4,https://s2.adresowa.pl/oi/3a/40/3f96dc_732b_cover@2x-4-pokojowe-mieszkanie-szczecin-centrum-ul-szarotki.webp
Szczecin Centrum,ul. bł. Królowej Jadwigi,5,69,635000,9203,Pośrednik,,5,https://adresowo.pl/o/mieszkanie-szczecin-centrum-ul-bl-krolowej-jadwigi-5-pokojowe-e0m4z7,https://s2.adresowa.pl/oi/67/23/3d2196_3aa1_cover@2x-5-pokojowe-mieszkanie-szczecin-centrum-ul-bl-krolowej-jadwigi.webp
Szczecin,Centrum,4,61,599000,9820,Pośrednik,,10,https://adresowo.pl/o/mieszkanie-szczecin-centrum-4-pokojowe-61-m2-z9q7v2,https://s2.adresowa.pl/oi/1e/16/3d2194_e1ce_cover@2x-4-pokojowe-mieszkanie-szczecin-centrum.webp
Szczecin Warszewo,ul. Słowacka,2,48,490000,10208,bez pośredników,,5,https://adresowo.pl/o/mieszkanie-szczecin-warszewo-ul-slowacka-2-pokojowe-g2i8p7,https://s2.adresowa.pl/oi/5b/28/3f966c_6902_cover@2x-2-pokojowe-mieszkanie-szczecin-warszewo-ul-slowacka.webp
Szczecin Bukowe,ul. Beżowa,3,78,769000,9859,bez pośredników,,9,https://adresowo.pl/o/mieszkanie-szczecin-bukowe-ul-bezowa-3-pokojowe-c9z4z0,https://s2.adresowa.pl/oi/66/49/3f87f4_6019_cover@2x-3-pokojowe-mieszkanie-szczecin-bukowe-ul-bezowa.webp
Szczecin,Pomorzany,3,52,499000,9596,bez pośredników,,7,https://adresowo.pl/o/mieszkanie-szczecin-pomorzany-3-pokojowe-52-m2-b8b0q2,https://s2.adresowa.pl/oi/58/6b/3f868a_e07b_cover@2x-3-pokojowe-mieszkanie-szczecin-pomorzany.webp
Szczecin Śródmieście,ul. Rugiańska,2,38,430000,11316,Pośrednik,,10,https://adresowo.pl/o/mieszkanie-szczecin-srodmiescie-ul-rugianska-2-pokojowe-a1g0f0,https://s2.adresowa.pl/oi/32/1b/3d1fa4_c893_cover@2x-2-pokojowe-mieszkanie-szczecin-srodmiescie-ul-rugianska.webp
Szczecin Warszewo,ul. Złotowska,4,120,880000,7333,Pośrednik,,10,https://adresowo.pl/o/mieszkanie-szczecin-warszewo-ul-zlotowska-4-pokojowe-e9b0e0,https://s2.adresowa.pl/oi/53/1d/3d1e76_c721_cover@2x-4-pokojowe-mieszkanie-szczecin-warszewo-ul-zlotowska.webp
Szczecin Niebuszewo,ul. Księżnej Elżbiety 25,3,59,576000,9763,bez pośredników,,11,https://adresowo.pl/o/mieszkanie-szczecin-niebuszewo-ul-ksieznej-elzbiety-3-pokojowe-h2s1v7,https://s2.adresowa.pl/oi/10/1b/40e5d2_2801_cover@2x-3-pokojowe-mieszkanie-szczecin-niebuszewo-ul-ksieznej-elzbiety.webp
Szczecin Pomorzany,ul. 9 Maja,2,38,350000,9211,bez pośredników,,8,https://adresowo.pl/o/mieszkanie-szczecin-pomorzany-ul-9-maja-2-pokojowe-h4y7d9,https://s2.adresowa.pl/oi/48/4e/3f8622_7c28_cover@2x-2-pokojowe-mieszkanie-szczecin-pomorzany-ul-9-maja.webp
Szczecin Centrum,al. Wyzwolenia,2,34,699000,20559,bez pośredników,,7,https://adresowo.pl/o/mieszkanie-szczecin-centrum-al-wyzwolenia-2-pokojowe-n7n8u0,https://s2.adresowa.pl/oi/4e/3d/3f844a_46b5_cover@2x-2-pokojowe-mieszkanie-szczecin-centrum-al-wyzwolenia.webp
Szczecin Bukowe,ul. Beżowa,2,32,zapytaj,,bez pośredników,,7,https://adresowo.pl/o/mieszkanie-szczecin-bukowe-ul-bezowa-2-pokojowe-b1p1x3,https://s2.adresowa.pl/oi/4b/65/3f7c64_2f79_cover@2x-2-pokojowe-mieszkanie-szczecin-bukowe-ul-bezowa.webp
Szczecin,Prawobrzeże,3,63,579000,9190,Pośrednik,,12,https://adresowo.pl/o/mieszkanie-szczecin-prawobrzeze-3-pokojowe-63-m2-e8d1s0,https://s2.adresowa.pl/oi/24/57/3d1264_8eeb_cover@2x-3-pokojowe-mieszkanie-szczecin-prawobrzeze.webp
Szczecin,ul. Policka,2,49,524000,10694,Pośrednik,,18,https://adresowo.pl/o/mieszkanie-szczecin-ul-policka-2-pokojowe-y2u0t9,https://s2.adresowa.pl/oi/7e/32/3d06ce_c1c5_cover@2x-2-pokojowe-mieszkanie-szczecin-ul-policka.webp
Szczecin,Pogodno,2,54,480000,8889,bez pośredników,,6,https://adresowo.pl/o/mieszkanie-szczecin-pogodno-2-pokojowe-54-m2-x6h6c0,https://s2.adresowa.pl/oi/2a/75/3f745e_f6f0_cover@2x-2-pokojowe-mieszkanie-szczecin-pogodno.webp
Szczecin,ul. Piekary,3,68,675000,9926,bez pośredników,,9,https://adresowo.pl/o/mieszkanie-szczecin-ul-piekary-3-pokojowe-z4e4f7,https://s2.adresowa.pl/oi/77/26/3f6bd0_ca86_cover@2x-3-pokojowe-mieszkanie-szczecin-ul-piekary.webp
Szczecin Śródmieście,ul. Księcia Bogusława X,3,74,1190000,16081,bez pośredników,,9,https://adresowo.pl/o/mieszkanie-szczecin-srodmiescie-ul-ksiecia-boguslawa-x-3-pokojowe-l0i7m5,https://s2.adresowa.pl/oi/57/3d/3f5730_a5e9_cover@2x-3-pokojowe-mieszkanie-szczecin-srodmiescie-ul-ksiecia-boguslawa-x.webp
Szczecin,ul. Wielkopolska 22,1,30,294000,9800,Pośrednik,,12,https://adresowo.pl/o/mieszkanie-szczecin-ul-wielkopolska-1-pokoj-i9n0y3,https://s2.adresowa.pl/oi/4f/68/3d033a_ea89_cover@2x-1-pokojowe-mieszkanie-szczecin-ul-wielkopolska.webp
Szczecin Pomorzany,ul. Ruska,5,108,799000,7398,Pośrednik,,12,https://adresowo.pl/o/mieszkanie-szczecin-pomorzany-ul-ruska-5-pokojowe-l4h5p0,https://s2.adresowa.pl/oi/45/24/3cfd2c_4822_cover@2x-5-pokojowe-mieszkanie-szczecin-pomorzany-ul-ruska.webp
Szczecin Śródmieście,ul. ks. Piotra Wawrzyniaka,2,37,397000,10730,bez pośredników,,17,https://adresowo.pl/o/mieszkanie-szczecin-srodmiescie-ul-ks-piotra-wawrzyniaka-2-pokojowe-b4j9s7,https://s2.adresowa.pl/oi/72/15/3f48a0_96e2_cover@2x-2-pokojowe-mieszkanie-szczecin-srodmiescie-ul-ks-piotra-wawrzyniaka.webp
Szczecin,Centrum,2,30,343000,11433,bez pośredników,,7,https://adresowo.pl/o/mieszkanie-szczecin-centrum-2-pokojowe-30-m2-p9r0u7,https://s2.adresowa.pl/oi/5d/37/3f3bb2_7c03_cover@2x-2-pokojowe-mieszkanie-szczecin-centrum.webp
Szczecin Żelechowa,ul. Maksymiliana Golisza,2,32,425000,13281,bez pośredników,,16,https://adresowo.pl/o/mieszkanie-szczecin-zelechowa-ul-maksymiliana-golisza-2-pokojowe-p2m2z3,https://s2.adresowa.pl/oi/5e/31/3f3844_4a30_cover@2x-2-pokojowe-mieszkanie-szczecin-zelechowa-ul-maksymiliana-golisza.webp
Szczecin Pogodno,pl. Adama Mickiewicza,4,78,598000,7667,Pośrednik,,32,https://adresowo.pl/o/mieszkanie-szczecin-pogodno-pl-adama-mickiewicza-4-pokojowe-j9m1v0,https://s2.adresowa.pl/oi/36/6a/3cf44e_b256_cover@2x-4-pokojowe-mieszkanie-szczecin-pogodno-pl-adama-mickiewicza.webp
Szczecin Warszewo,ul. Duńska,3,68,795000,11691,Pośrednik,,11,https://adresowo.pl/o/mieszkanie-szczecin-warszewo-ul-dunska-3-pokojowe-g5w8d8,https://s2.adresowa.pl/oi/54/16/3cd21e_d978_cover@2x-3-pokojowe-mieszkanie-szczecin-warszewo-ul-dunska.webp
Szczecin Dąbie,ul. Oficerska,1,32,319000,9969,bez pośredników,,12,https://adresowo.pl/o/mieszkanie-szczecin-dabie-ul-oficerska-1-pokoj-q8b4r3,https://s2.adresowa.pl/oi/1d/2f/3f31aa_ee1c_cover@2x-1-pokojowe-mieszkanie-szczecin-dabie-ul-oficerska.webp
Szczecin Golęcino,ul. Strzałowska,3,71,480000,6761,bez pośredników,,9,https://adresowo.pl/o/mieszkanie-szczecin-golecino-ul-strzalowska-3-pokojowe-m2p7o8,https://s2.adresowa.pl/oi/4b/6a/3f2b4e_610a_cover@2x-3-pokojowe-mieszkanie-szczecin-golecino-ul-strzalowska.webp
Szczecin Gumieńce,ul. Polskich Marynarzy,3,61,850000,13934,bez pośredników,,32,https://adresowo.pl/o/mieszkanie-szczecin-gumience-ul-polskich-marynarzy-3-pokojowe-y6h6e4,https://s2.adresowa.pl/oi/78/3e/3f28d2_d684_cover@2x-3-pokojowe-mieszkanie-szczecin-gumience-ul-polskich-marynarzy.webp
Szczecin,ul. Mazurska,2,62,389000,6274,Pośrednik,,9,https://adresowo.pl/o/mieszkanie-szczecin-ul-mazurska-2-pokojowe-z9q6d3,https://s2.adresowa.pl/oi/74/2b/3ca99a_9010_cover@2x-2-pokojowe-mieszkanie-szczecin-ul-mazurska.webp
Szczecin,Pogodno,2,39,348900,8946,Pośrednik,,12,https://adresowo.pl/o/mieszkanie-szczecin-pogodno-2-pokojowe-39-m2-u9v9q5,https://s2.adresowa.pl/oi/5b/26/3ca18a_d4a6_cover@2x-2-pokojowe-mieszkanie-szczecin-pogodno.webp
Szczecin Śródmieście,ul. Stanisława Żółkiewskiego,4,103,800000,7767,bez pośredników,,18,https://adresowo.pl/o/mieszkanie-szczecin-srodmiescie-ul-stanislawa-zolkiewskiego-4-pokojowe-u9q7a8,https://s2.adresowa.pl/oi/4d/23/3f19c6_8322_cover@2x-4-pokojowe-mieszkanie-szczecin-srodmiescie-ul-stanislawa-zolkiewskiego.webp
Szczecin,Warszewo,3,70,925000,13214,bez pośredników,,20,https://adresowo.pl/o/mieszkanie-szczecin-warszewo-3-pokojowe-70-m2-f1w9w6,https://s2.adresowa.pl/oi/1f/69/3f0b6e_bcc0_cover@2x-3-pokojowe-mieszkanie-szczecin-warszewo.webp
Szczecin Centrum,ul. Śląska,2,36,378000,10500,bez pośredników,,20,https://adresowo.pl/o/mieszkanie-szczecin-centrum-ul-slaska-2-pokojowe-y5p8m9,https://s2.adresowa.pl/oi/72/26/3f06a6_5caf_cover@2x-2-pokojowe-mieszkanie-szczecin-centrum-ul-slaska.webp
Szczecin Centrum,ul. marsz. Józefa Piłsudskiego,4,127,650000,5118,Pośrednik,,15,https://adresowo.pl/o/mieszkanie-szczecin-centrum-ul-marsz-jozefa-pilsudskiego-4-pokojowe-r2f3q8,https://s2.adresowa.pl/oi/44/56/3c68c0_d651_cover@2x-4-pokojowe-mieszkanie-szczecin-centrum-ul-marsz-jozefa-pilsudskiego.webp
Szczecin,ul. Szarotki,3,63,749000,11889,Pośrednik,,4,https://adresowo.pl/o/mieszkanie-szczecin-ul-szarotki-3-pokojowe-z1w6j6,https://s2.adresowa.pl/oi/54/39/3c564a_f40e_cover@2x-3-pokojowe-mieszkanie-szczecin-ul-szarotki.webp
Szczecin Majowe,ul. Łubinowa,3,64,610000,9531,bez pośredników,,11,https://adresowo.pl/o/mieszkanie-szczecin-majowe-ul-lubinowa-3-pokojowe-o7m6t2,https://s2.adresowa.pl/oi/71/77/3eff82_b514_cover@2x-3-pokojowe-mieszkanie-szczecin-majowe-ul-lubinowa.webp
Szczecin,Krzekowo,2,42,490000,11667,bez pośredników,,8,https://adresowo.pl/o/mieszkanie-szczecin-krzekowo-2-pokojowe-42-m2-m8m5e1,https://s2.adresowa.pl/oi/60/75/3ef79a_ed9b_cover@2x-2-pokojowe-mieszkanie-szczecin-krzekowo.webp
Szczecin Słoneczne,ul. Lucjana Rydla,3,59,575000,9746,bez pośredników,,20,https://adresowo.pl/o/mieszkanie-szczecin-sloneczne-ul-lucjana-rydla-3-pokojowe-w1n7b4,https://s2.adresowa.pl/oi/46/19/3eeb18_a37c_cover@2x-3-pokojowe-mieszkanie-szczecin-sloneczne-ul-lucjana-rydla.webp
Szczecin,Pogodno,2,46,850000,18478,Pośrednik,,9,https://adresowo.pl/o/mieszkanie-szczecin-pogodno-2-pokojowe-46-m2-v8y5e6,https://s2.adresowa.pl/oi/1e/1d/3c415a_eb4b_cover@2x-2-pokojowe-mieszkanie-szczecin-pogodno.webp
Szczecin Śródmieście,ul. Jana Matejki,3,85,749000,8812,Pośrednik,,16,https://adresowo.pl/o/mieszkanie-szczecin-srodmiescie-ul-jana-matejki-3-pokojowe-r1v3u2,https://s2.adresowa.pl/oi/18/4d/3bc1d6_948c_cover@2x-3-pokojowe-mieszkanie-szczecin-srodmiescie-ul-jana-matejki.webp
Szczecin Centrum,ul. Wielkopolska,3,89,649000,7292,bez pośredników,,20,https://adresowo.pl/o/mieszkanie-szczecin-centrum-ul-wielkopolska-3-pokojowe-l0k9u1,https://s2.adresowa.pl/oi/6a/28/3ee9e0_396a_cover@2x-3-pokojowe-mieszkanie-szczecin-centrum-ul-wielkopolska.webp
Szczecin Niebuszewo,ul. Księcia Warcisława I,3,82,999999,12195,bez pośredników,,20,https://adresowo.pl/o/mieszkanie-szczecin-niebuszewo-ul-ksiecia-warcislawa-i-3-pokojowe-u7p9x7,https://s2.adresowa.pl/oi/66/75/3ee79e_eef6_cover@2x-3-pokojowe-mieszkanie-szczecin-niebuszewo-ul-ksiecia-warcislawa-i.webp
Szczecin Turzyn,al. Bohaterów Warszawy,3,71,665000,9366,bez pośredników,,12,https://adresowo.pl/o/mieszkanie-szczecin-turzyn-al-bohaterow-warszawy-3-pokojowe-j8q9x7,https://s2.adresowa.pl/oi/50/4a/3ed5a2_2da5_cover@2x-3-pokojowe-mieszkanie-szczecin-turzyn-al-bohaterow-warszawy.webp
Szczecin,Centrum,1,27,334000,12370,Pośrednik,,5,https://adresowo.pl/o/mieszkanie-szczecin-centrum-1-pokoj-27-m2-i1i0p6,https://s2.adresowa.pl/oi/41/42/3b8e0e_5d6f_cover@2x-1-pokojowe-mieszkanie-szczecin-centrum.webp
Szczecin,Centrum,2,32,393000,12281,Pośrednik,,4,https://adresowo.pl/o/mieszkanie-szczecin-centrum-2-pokojowe-32-m2-z3j4g0,https://s2.adresowa.pl/oi/34/71/3b8e0c_5c1e_cover@2x-2-pokojowe-mieszkanie-szczecin-centrum.webp
Szczecin Warszewo,ul. Szwedzka,4,148,1199000,8101,bez pośredników,,3,https://adresowo.pl/o/mieszkanie-szczecin-warszewo-ul-szwedzka-4-pokojowe-t7u8y7,https://s2.adresowa.pl/oi/29/4f/3ed47c_43b3_cover@2x-4-pokojowe-mieszkanie-szczecin-warszewo-ul-szwedzka.webp
Szczecin Gumieńce,ul. Antoniego Ledóchowskiego,3,48,537000,11188,bez pośredników,,8,https://adresowo.pl/o/mieszkanie-szczecin-gumience-ul-antoniego-ledochowskiego-3-pokojowe-y2v9h6,https://s2.adresowa.pl/oi/18/5c/3ed112_d097_cover@2x-3-pokojowe-mieszkanie-szczecin-gumience-ul-antoniego-ledochowskiego.webp
Szczecin,Warszewo,3,69,885000,12826,bez pośredników,,8,https://adresowo.pl/o/mieszkanie-szczecin-warszewo-3-pokojowe-69-m2-s0l9x5,https://s2.adresowa.pl/oi/1e/18/3ecf6a_3540_cover@2x-3-pokojowe-mieszkanie-szczecin-warszewo.webp
Szczecin,ul. Jana Kazimierza,3,69,569000,8246,Pośrednik,,13,https://adresowo.pl/o/mieszkanie-szczecin-ul-jana-kazimierza-3-pokojowe-d6j1q5,https://s2.adresowa.pl/oi/6c/25/3b3214_a1ac_cover@2x-3-pokojowe-mieszkanie-szczecin-ul-jana-kazimierza.webp
Szczecin Centrum,ul. Władysława Jagiełły 9A,4,85,639000,7518,Pośrednik,,13,https://adresowo.pl/o/mieszkanie-szczecin-centrum-ul-wladyslawa-jagielly-4-pokojowe-w5o2o8,https://s2.adresowa.pl/oi/76/37/3b074a_fdd7_cover@2x-4-pokojowe-mieszkanie-szczecin-centrum-ul-wladyslawa-jagielly.webp
Szczecin Śródmieście,ul. Rynkowa,1,28,313900,11211,bez pośredników,,10,https://adresowo.pl/o/mieszkanie-szczecin-srodmiescie-ul-rynkowa-1-pokoj-v5n8g6,https://s2.adresowa.pl/oi/1b/1e/3ec9aa_c9f8_cover@2x-1-pokojowe-mieszkanie-szczecin-srodmiescie-ul-rynkowa.webp
Szczecin Warszewo,ul. Pegaza,3,53,684000,12906,bez pośredników,,13,https://adresowo.pl/o/mieszkanie-szczecin-warszewo-ul-pegaza-3-pokojowe-d7b5c1,https://s2.adresowa.pl/oi/53/37/3ec26e_299c_cover@2x-3-pokojowe-mieszkanie-szczecin-warszewo-ul-pegaza.webp
Szczecin Pomorzany,al. Powstańców Wielkopolskich,2,37,420000,11351,bez pośredników,,10,https://adresowo.pl/o/mieszkanie-szczecin-pomorzany-al-powstancow-wielkopolskich-2-pokojowe-e0s8a6,https://s2.adresowa.pl/oi/70/39/3eb864_2b7c_cover@2x-2-pokojowe-mieszkanie-szczecin-pomorzany-al-powstancow-wielkopolskich.webp
Szczecin Centrum,ul. Gabriela Narutowicza 9,2,46,430000,9348,Pośrednik,,11,https://adresowo.pl/o/mieszkanie-szczecin-centrum-ul-gabriela-narutowicza-2-pokojowe-y6h0l7,https://s2.adresowa.pl/oi/65/5b/3b04fe_7ce4_cover@2x-2-pokojowe-mieszkanie-szczecin-centrum-ul-gabriela-narutowicza.webp
Szczecin Warszewo,ul. Złotowska,2,53,599999,11321,Pośrednik,,15,https://adresowo.pl/o/mieszkanie-szczecin-warszewo-ul-zlotowska-2-pokojowe-x6q8m2,https://s2.adresowa.pl/oi/4a/7e/3a9b08_48fa_cover@2x-2-pokojowe-mieszkanie-szczecin-warszewo-ul-zlotowska.webp
Szczecin Centrum,ul. Nieduża,4,101,1250000,12376,bez pośredników,,23,https://adresowo.pl/o/mieszkanie-szczecin-centrum-ul-nieduza-4-pokojowe-i7j4i2,https://s2.adresowa.pl/oi/23/20/3eab94_661c_cover@2x-4-pokojowe-mieszkanie-szczecin-centrum-ul-nieduza.webp
Szczecin Śródmieście,ul. Unisławy,2,37,359000,9703,bez pośredników,,5,https://adresowo.pl/o/mieszkanie-szczecin-srodmiescie-ul-unislawy-2-pokojowe-w7v8d3,https://s2.adresowa.pl/oi/2b/5d/3ea5ae_7f89_cover@2x-2-pokojowe-mieszkanie-szczecin-srodmiescie-ul-unislawy.webp
Szczecin,,2,42,360000,8571,bez pośredników,,7,https://adresowo.pl/o/mieszkanie-szczecin-2-pokojowe-42-m2-y2p9q4,https://s2.adresowa.pl/oi/7b/35/3e9e5e_ffde_cover@2x-2-pokojowe-mieszkanie-szczecin.webp
Szczecin Centrum,al. Wojska Polskiego,4,78,619900,7947,Pośrednik,,11,https://adresowo.pl/o/mieszkanie-szczecin-centrum-al-wojska-polskiego-4-pokojowe-a5s7k2,https://s2.adresowa.pl/oi/43/14/3a761a_8763_cover@2x-4-pokojowe-mieszkanie-szczecin-centrum-al-wojska-polskiego.webp
Szczecin,ul. Stanisława Więckowskiego,4,104,1090000,10481,Pośrednik,,20,https://adresowo.pl/o/mieszkanie-szczecin-ul-stanislawa-wieckowskiego-4-pokojowe-x3t7r4,https://s2.adresowa.pl/oi/1e/37/3a4bd6_970a_cover@2x-4-pokojowe-mieszkanie-szczecin-ul-stanislawa-wieckowskiego.webp
Szczecin Warszewo,ul. Duńska,1,31,395000,12742,bez pośredników,,6,https://adresowo.pl/o/mieszkanie-szczecin-warszewo-ul-dunska-1-pokoj-h6u9u2,https://s2.adresowa.pl/oi/6b/34/3e9814_b90d_cover@2x-1-pokojowe-mieszkanie-szczecin-warszewo-ul-dunska.webp
Szczecin Centrum,ul. Wielkopolska,3,98,800000,8163,bez pośredników,,20,https://adresowo.pl/o/mieszkanie-szczecin-centrum-ul-wielkopolska-3-pokojowe-i3l9z7,https://s2.adresowa.pl/oi/17/7b/3e96e6_c395_cover@2x-3-pokojowe-mieszkanie-szczecin-centrum-ul-wielkopolska.webp
Szczecin Gumieńce,ul. gen. Stanisława Kopańskiego,2,48,605000,12604,bez pośredników,,16,https://adresowo.pl/o/mieszkanie-szczecin-gumience-ul-gen-stanislawa-kopanskiego-2-pokojowe-u8n6q0,https://s2.adresowa.pl/oi/5d/25/3e93fc_a46e_cover@2x-2-pokojowe-mieszkanie-szczecin-gumience-ul-gen-stanislawa-kopanskiego.webp
Szczecin Kępa Parnicka,ul. Leona Heyki,2,47,809000,17213,Pośrednik,,15,https://adresowo.pl/o/mieszkanie-szczecin-kepa-parnicka-ul-leona-heyki-2-pokojowe-r8f7s4,https://s2.adresowa.pl/oi/29/19/39befc_44be_cover@2x-2-pokojowe-mieszkanie-szczecin-kepa-parnicka-ul-leona-heyki.webp
Szczecin,,3,70,680000,9714,Pośrednik,,15,https://adresowo.pl/o/mieszkanie-szczecin-3-pokojowe-70-m2-n3z0b0,https://s2.adresowa.pl/oi/7b/56/39bc52_5533_cover@2x-3-pokojowe-mieszkanie-szczecin.webp
Szczecin Bukowo,ul. Policka,3,76,798000,10500,bez pośredników,,14,https://adresowo.pl/o/mieszkanie-szczecin-bukowo-ul-policka-3-pokojowe-t0w6d2,https://s2.adresowa.pl/oi/7b/7d/3e92f0_43c3_cover@2x-3-pokojowe-mieszkanie-szczecin-bukowo-ul-policka.webp
Szczecin,Warszewo,3,71,899000,12662,bez pośredników,,8,https://adresowo.pl/o/mieszkanie-szczecin-warszewo-3-pokojowe-71-m2-o3m4v8,https://s2.adresowa.pl/oi/32/21/3e8ad6_758a_cover@2x-3-pokojowe-mieszkanie-szczecin-warszewo.webp
Szczecin,Gumieńce,1,37,470000,12703,bez pośredników,,12,https://adresowo.pl/o/mieszkanie-szczecin-gumience-1-pokoj-37-m2-d1a8s4,https://s2.adresowa.pl/oi/3e/2b/3e78ec_36dd_cover@2x-1-pokojowe-mieszkanie-szczecin-gumience.webp
Szczecin Śródmieście,ul. Stanisława Noakowskiego,3,55,469000,8527,Pośrednik,,10,https://adresowo.pl/o/mieszkanie-szczecin-srodmiescie-ul-stanislawa-noakowskiego-3-pokojowe-s7k5v7,https://s2.adresowa.pl/oi/19/41/39b87a_ee66_cover@2x-3-pokojowe-mieszkanie-szczecin-srodmiescie-ul-stanislawa-noakowskiego.webp
Szczecin Centrum,al. Wojska Polskiego,2,53,639000,12057,Pośrednik,,15,https://adresowo.pl/o/mieszkanie-szczecin-centrum-al-wojska-polskiego-2-pokojowe-i0t2v5,https://s2.adresowa.pl/oi/68/1d/397b04_6213_cover@2x-2-pokojowe-mieszkanie-szczecin-centrum-al-wojska-polskiego.webp
Szczecin Centrum,ul. Bolesława Krzywoustego,3,69,550000,7971,bez pośredników,,14,https://adresowo.pl/o/mieszkanie-szczecin-centrum-ul-boleslawa-krzywoustego-3-pokojowe-m9k5h5,https://s2.adresowa.pl/oi/4f/5f/3e7320_bc21_cover@2x-3-pokojowe-mieszkanie-szczecin-centrum-ul-boleslawa-krzywoustego.webp
Szczecin Centrum,ul. Bolesława Krzywoustego,3,76,580000,7632,bez pośredników,,6,https://adresowo.pl/o/mieszkanie-szczecin-centrum-ul-boleslawa-krzywoustego-3-pokojowe-s3h1p8,https://s2.adresowa.pl/oi/4f/5c/3e6c46_d178_cover@2x-3-pokojowe-mieszkanie-szczecin-centrum-ul-boleslawa-krzywoustego.webp
Szczecin Gumieńce,ul. Konstantego Maciejewicza,4,73,670000,9178,bez pośredników,,14,https://adresowo.pl/o/mieszkanie-szczecin-gumience-ul-konstantego-maciejewicza-4-pokojowe-l3j5f6,https://s2.adresowa.pl/oi/25/7c/3e6c0a_7991_cover@2x-4-pokojowe-mieszkanie-szczecin-gumience-ul-konstantego-maciejewicza.webp
Szczecin,ul. Władysława Jagiełły,1,46,299000,6500,Pośrednik,,9,https://adresowo.pl/o/mieszkanie-szczecin-ul-wladyslawa-jagielly-1-pokoj-b8i3g1,https://s2.adresowa.pl/oi/44/2b/391be4_974b_cover@2x-1-pokojowe-mieszkanie-szczecin-ul-wladyslawa-jagielly.webp
Szczecin Śródmieście,ul. Sławomira,3,80,519000,6488,Pośrednik,,9,https://adresowo.pl/o/mieszkanie-szczecin-srodmiescie-ul-slawomira-3-pokojowe-o9u9t7,https://s2.adresowa.pl/oi/2d/41/38f92e_c936_cover@2x-3-pokojowe-mieszkanie-szczecin-srodmiescie-ul-slawomira.webp
Szczecin Skolwin,ul. Karpacka,3,77,419000,5442,bez pośredników,,11,https://adresowo.pl/o/mieszkanie-szczecin-skolwin-ul-karpacka-3-pokojowe-f2z9l1,https://s2.adresowa.pl/oi/25/5f/3e657a_e154_cover@2x-3-pokojowe-mieszkanie-szczecin-skolwin-ul-karpacka.webp
Szczecin Centrum,ul. Kujawska,2,48,424000,8833,bez pośredników,,7,https://adresowo.pl/o/mieszkanie-szczecin-centrum-ul-kujawska-2-pokojowe-e0h1v8,https://s2.adresowa.pl/oi/3a/12/3e5622_56e1_cover@2x-2-pokojowe-mieszkanie-szczecin-centrum-ul-kujawska.webp
Szczecin Pogodno,ul. Tadeusza Zawadzkiego,2,50,540000,10800,bez pośredników,,8,https://adresowo.pl/o/mieszkanie-szczecin-pogodno-ul-tadeusza-zawadzkiego-2-pokojowe-i0t1g6,https://s2.adresowa.pl/oi/56/66/3e526c_7e2c_cover@2x-2-pokojowe-mieszkanie-szczecin-pogodno-ul-tadeusza-zawadzkiego.webp
Szczecin Podjuchy,ul. Ruda,4,91,899000,9879,Pośrednik,,26,https://adresowo.pl/o/mieszkanie-szczecin-podjuchy-ul-ruda-4-pokojowe-d9e3o7,https://s2.adresowa.pl/oi/46/5c/3831b8_4341_cover@2x-4-pokojowe-mieszkanie-szczecin-podjuchy-ul-ruda.webp
Szczecin,ul. Jagiellońska,6,130,1050000,8077,Pośrednik,,14,https://adresowo.pl/o/mieszkanie-szczecin-ul-jagiellonska-6-pokojowe-z6v8d0,https://s2.adresowa.pl/oi/27/5f/37e642_6f32_cover@2x-6-pokojowe-mieszkanie-szczecin-ul-jagiellonska.webp
Szczecin Centrum,ul. Podgórna,4,130,699000,5377,bez pośredników,,13,https://adresowo.pl/o/mieszkanie-szczecin-centrum-ul-podgorna-4-pokojowe-m6q3q0,https://s2.adresowa.pl/oi/73/3a/3e38e2_7655_cover@2x-4-pokojowe-mieszkanie-szczecin-centrum-ul-podgorna.webp
Szczecin Śródmieście,ul. Bolesława Krzywoustego,2,46,465000,10109,bez pośredników,,8,https://adresowo.pl/o/mieszkanie-szczecin-srodmiescie-ul-boleslawa-krzywoustego-2-pokojowe-x0o7q2,https://s2.adresowa.pl/oi/6f/4f/3e21ea_e879_cover@2x-2-pokojowe-mieszkanie-szczecin-srodmiescie-ul-boleslawa-krzywoustego.webp
Szczecin Gumieńce,ul. Antoniego Ledóchowskiego,2,49,560000,11429,bez pośredników,,10,https://adresowo.pl/o/mieszkanie-szczecin-gumience-ul-antoniego-ledochowskiego-2-pokojowe-c3g0t4,https://s2.adresowa.pl/oi/25/6a/3e1940_48b6_cover@2x-2-pokojowe-mieszkanie-szczecin-gumience-ul-antoniego-ledochowskiego.webp
Szczecin Centrum,al. Wyzwolenia,3,63,1750000,27778,Pośrednik,,18,https://adresowo.pl/o/mieszkanie-szczecin-centrum-al-wyzwolenia-3-pokojowe-q4t6c8,https://s2.adresowa.pl/oi/6e/7b/37cdda_4ee8_cover@2x-3-pokojowe-mieszkanie-szczecin-centrum-al-wyzwolenia.webp
Szczecin Centrum,al. Wyzwolenia,1,35,600000,17143,Pośrednik,,9,https://adresowo.pl/o/mieszkanie-szczecin-centrum-al-wyzwolenia-1-pokoj-l4t0f1,https://s2.adresowa.pl/oi/3b/40/37cdb0_cde4_cover@2x-1-pokojowe-mieszkanie-szczecin-centrum-al-wyzwolenia.webp
Szczecin Łekno,ul. Spółdzielcza,3,62,548700,8850,bez pośredników,,8,https://adresowo.pl/o/mieszkanie-szczecin-lekno-ul-spoldzielcza-3-pokojowe-k9n8n2,https://s2.adresowa.pl/oi/24/46/3e169c_78cb_cover@2x-3-pokojowe-mieszkanie-szczecin-lekno-ul-spoldzielcza.webp
Szczecin Łekno,ul. Spółdzielcza,4,72,637200,8850,bez pośredników,,10,https://adresowo.pl/o/mieszkanie-szczecin-lekno-ul-spoldzielcza-4-pokojowe-p4l2w5,https://s2.adresowa.pl/oi/25/7c/3e1670_f49d_cover@2x-4-pokojowe-mieszkanie-szczecin-lekno-ul-spoldzielcza.webp
Szczecin Bukowe,ul. Swojska,3,66,759000,11500,bez pośredników,,12,https://adresowo.pl/o/mieszkanie-szczecin-bukowe-ul-swojska-3-pokojowe-w0i0j2,https://s2.adresowa.pl/oi/29/33/3e11c0_4513_cover@2x-3-pokojowe-mieszkanie-szczecin-bukowe-ul-swojska.webp
Szczecin,Bukowo,1,37,425000,11486,Pośrednik,,19,https://adresowo.pl/o/mieszkanie-szczecin-bukowo-1-pokoj-37-m2-t2o1n0,https://s2.adresowa.pl/oi/21/6f/37cd94_dee9_cover@2x-1-pokojowe-mieszkanie-szczecin-bukowo.webp
Szczecin Turzyn,ul. ks. Piotra Ściegiennego,3,73,445000,6096,Pośrednik,,7,https://adresowo.pl/o/mieszkanie-szczecin-turzyn-ul-ks-piotra-sciegiennego-3-pokojowe-h2m1k4,https://s2.adresowa.pl/oi/11/6f/379aa8_5b6e_cover@2x-3-pokojowe-mieszkanie-szczecin-turzyn-ul-ks-piotra-sciegiennego.webp
Szczecin Niebuszewo,ul. Mikołaja Reja 25,3,70,699000,9986,bez pośredników,,16,https://adresowo.pl/o/mieszkanie-szczecin-niebuszewo-ul-mikolaja-reja-3-pokojowe-b7m3b7,https://s2.adresowa.pl/oi/3c/50/3e0f9e_8c97_cover@2x-3-pokojowe-mieszkanie-szczecin-niebuszewo-ul-mikolaja-reja.webp
Szczecin,Świerczewo,3,60,605000,10083,bez pośredników,,17,https://adresowo.pl/o/mieszkanie-szczecin-swierczewo-3-pokojowe-60-m2-w2h2v3,https://s2.adresowa.pl/oi/47/6f/3e0fdc_b8ec_cover@2x-3-pokojowe-mieszkanie-szczecin-swierczewo.webp
Szczecin Niemierzyn,ul. Fryderyka Chopina,4,107,989000,9243,bez pośredników,,16,https://adresowo.pl/o/mieszkanie-szczecin-niemierzyn-ul-fryderyka-chopina-4-pokojowe-x8d5k1,https://s2.adresowa.pl/oi/1c/29/3e0812_4350_cover@2x-4-pokojowe-mieszkanie-szczecin-niemierzyn-ul-fryderyka-chopina.webp
Szczecin Drzetowo,ul. Kapitańska,2,67,580000,8657,Pośrednik,,10,https://adresowo.pl/o/mieszkanie-szczecin-drzetowo-ul-kapitanska-2-pokojowe-z8d4d7,https://s2.adresowa.pl/oi/48/23/36aefc_d78d_cover@2x-2-pokojowe-mieszkanie-szczecin-drzetowo-ul-kapitanska.webp
Szczecin Centrum,ul. Czesława,3,70,499000,7129,Pośrednik,,12,https://adresowo.pl/o/mieszkanie-szczecin-centrum-ul-czeslawa-3-pokojowe-s7z1k7,https://s2.adresowa.pl/oi/52/1d/3605bc_325b_cover@2x-3-pokojowe-mieszkanie-szczecin-centrum-ul-czeslawa.webp
Szczecin Centrum,ul. Odzieżowa,3,56,560000,10000,bez pośredników,,11,https://adresowo.pl/o/mieszkanie-szczecin-centrum-ul-odziezowa-3-pokojowe-n5v8b8,https://s2.adresowa.pl/oi/56/5e/3decf4_8de1_cover@2x-3-pokojowe-mieszkanie-szczecin-centrum-ul-odziezowa.webp
Szczecin Centrum,ul. Księcia Bogusława X,3,87,649000,7460,bez pośredników,,8,https://adresowo.pl/o/mieszkanie-szczecin-centrum-ul-ksiecia-boguslawa-x-3-pokojowe-f4q7w2,https://s2.adresowa.pl/oi/32/54/3deaf4_c1ee_cover@2x-3-pokojowe-mieszkanie-szczecin-centrum-ul-ksiecia-boguslawa-x.webp
Szczecin Słoneczne,ul. Aleksandra Kostki Napierskiego,3,53,510000,9623,bez pośredników,,8,https://adresowo.pl/o/mieszkanie-szczecin-sloneczne-ul-aleksandra-kostki-napierskiego-3-pokojowe-l8a9h2,https://s2.adresowa.pl/oi/67/74/3de6aa_437d_cover@2x-3-pokojowe-mieszkanie-szczecin-sloneczne-ul-aleksandra-kostki-napierskiego.webp
Szczecin Warszewo,ul. Szwedzka,3,74,799000,10797,Pośrednik,,13,https://adresowo.pl/o/mieszkanie-szczecin-warszewo-ul-szwedzka-3-pokojowe-b9o9y4,https://s2.adresowa.pl/oi/78/2e/356d38_92f2_cover@2x-3-pokojowe-mieszkanie-szczecin-warszewo-ul-szwedzka.webp
Szczecin,Niebuszewo,3,56,739000,13196,Pośrednik,,12,https://adresowo.pl/o/mieszkanie-szczecin-niebuszewo-3-pokojowe-56-m2-x4x5n8,https://s2.adresowa.pl/oi/25/4a/35379a_ab55_cover@2x-3-pokojowe-mieszkanie-szczecin-niebuszewo.webp
Szczecin Łekno,ul. Spółdzielcza,7,93,1190000,12796,bez pośredników,,25,https://adresowo.pl/o/mieszkanie-szczecin-lekno-ul-spoldzielcza-7-pokojowe-h6f1a4,https://s2.adresowa.pl/oi/52/41/3dd8d6_6bb0_cover@2x-7-pokojowe-mieszkanie-szczecin-lekno-ul-spoldzielcza.webp
Szczecin Gumieńce,ul. Kasztanowa,4,100,999000,9990,bez pośredników,,21,https://adresowo.pl/o/mieszkanie-szczecin-gumience-ul-kasztanowa-4-pokojowe-v5b6b1,https://s2.adresowa.pl/oi/67/6a/3db750_953a_cover@2x-4-pokojowe-mieszkanie-szczecin-gumience-ul-kasztanowa.webp
Szczecin Centrum,ul. Jagiellońska,3,64,589000,9203,bez pośredników,,13,https://adresowo.pl/o/mieszkanie-szczecin-centrum-ul-jagiellonska-3-pokojowe-c0s2j7,https://s2.adresowa.pl/oi/18/61/3dadda_b236_cover@2x-3-pokojowe-mieszkanie-szczecin-centrum-ul-jagiellonska.webp
Szczecin,Centrum,3,67,549000,8194,Pośrednik,,8,https://adresowo.pl/o/mieszkanie-szczecin-centrum-3-pokojowe-67-m2-m9p3p5,https://s2.adresowa.pl/oi/40/7d/351334_f058_cover@2x-3-pokojowe-mieszkanie-szczecin-centrum.webp
Szczecin,Majowe,2,49,558500,11398,Pośrednik,,12,https://adresowo.pl/o/mieszkanie-szczecin-majowe-2-pokojowe-49-m2-s8j7l9,https://s2.adresowa.pl/oi/43/4e/2f5a54_7e58_cover@2x-2-pokojowe-mieszkanie-szczecin-majowe.webp
Szczecin Niebuszewo,ul. Jana Matejki,3,55,600000,10909,bez pośredników,,8,https://adresowo.pl/o/mieszkanie-szczecin-niebuszewo-ul-jana-matejki-3-pokojowe-g8d3r9,https://s2.adresowa.pl/oi/15/3f/3daa5a_af8b_cover@2x-3-pokojowe-mieszkanie-szczecin-niebuszewo-ul-jana-matejki.webp
Szczecin,ul. Paproci,4,71,565000,7958,bez pośredników,,20,https://adresowo.pl/o/mieszkanie-szczecin-ul-paproci-4-pokojowe-i1a1h6,https://s2.adresowa.pl/oi/7b/53/3da1c8_88b4_cover@2x-4-pokojowe-mieszkanie-szczecin-ul-paproci.webp
Szczecin Centrum,ul. Śląska,3,61,620000,10164,bez pośredników,,12,https://adresowo.pl/o/mieszkanie-szczecin-centrum-ul-slaska-3-pokojowe-j8b2x9,https://s2.adresowa.pl/oi/7e/1f/3d9220_ca1f_cover@2x-3-pokojowe-mieszkanie-szczecin-centrum-ul-slaska.webp
Szczecin Śródmieście,ul. Zygmunta Krasińskiego,2,45,399000,8867,bez pośredników,,16,https://adresowo.pl/o/mieszkanie-szczecin-srodmiescie-ul-zygmunta-krasinskiego-2-pokojowe-r4r3w4,https://s2.adresowa.pl/oi/53/77/3d91fa_4f44_cover@2x-2-pokojowe-mieszkanie-szczecin-srodmiescie-ul-zygmunta-krasinskiego.webp
Szczecin Śródmieście,park Park im. Stefana Żeromskiego 4,4,97,720000,7423,Pośrednik,,43,https://adresowo.pl/o/mieszkanie-szczecin-srodmiescie-park-park-im-stefana-zeromskiego-4-pokojowe-c5i2g8,https://s2.adresowa.pl/oi/2f/45/24a954_a6df_cover@2x-4-pokojowe-mieszkanie-szczecin-srodmiescie-park-park-im-stefana-zeromskiego.webp
Szczecin Kępa Parnicka,ul. Leona Heyki,4,82,1650000,20122,bez pośredników,,15,https://adresowo.pl/o/mieszkanie-szczecin-kepa-parnicka-ul-leona-heyki-4-pokojowe-s1b5q3,https://s2.adresowa.pl/oi/7e/21/3d8f6c_6259_cover@2x-4-pokojowe-mieszkanie-szczecin-kepa-parnicka-ul-leona-heyki.webp
Szczecin Pomorzany,ul. Boczna,2,52,199000,3827,bez pośredników,,7,https://adresowo.pl/o/mieszkanie-szczecin-pomorzany-ul-boczna-2-pokojowe-s9m8u0,https://s2.adresowa.pl/oi/65/10/3d5d7e_4dfd_cover@2x-2-pokojowe-mieszkanie-szczecin-pomorzany-ul-boczna.webp
Szczecin Centrum,ul. Stanisława Więckowskiego,2,108,1050000,9722,bez pośredników,,22,https://adresowo.pl/o/mieszkanie-szczecin-centrum-ul-stanislawa-wieckowskiego-2-pokojowe-d5q5p9,https://s2.adresowa.pl/oi/61/63/3d575c_fd94_cover@2x-2-pokojowe-mieszkanie-szczecin-centrum-ul-stanislawa-wieckowskiego.webp
Szczecin Centrum,al. Niepodległości,2,62,475000,7661,bez pośredników,,9,https://adresowo.pl/o/mieszkanie-szczecin-centrum-al-niepodleglosci-2-pokojowe-q3e3j4,https://s2.adresowa.pl/oi/3b/33/3d4da6_f257_cover@2x-2-pokojowe-mieszkanie-szczecin-centrum-al-niepodleglosci.webp
Szczecin Warszewo,ul. Złotowska 101,4,68,750000,11029,bez pośredników,,16,https://adresowo.pl/o/mieszkanie-szczecin-warszewo-ul-zlotowska-4-pokojowe-f5m5m0,https://s2.adresowa.pl/oi/1e/7b/3d3a7c_7d20_cover@2x-4-pokojowe-mieszkanie-szczecin-warszewo-ul-zlotowska.webp
Szczecin Gumieńce,ul. Ku Słońcu,4,78,830000,10641,bez pośredników,,1,https://adresowo.pl/o/mieszkanie-szczecin-gumience-ul-ku-sloncu-4-pokojowe-l0z7u3,https://s2.adresowa.pl/oi/15/24/3d28d2_5692_cover@2x-4-pokojowe-mieszkanie-szczecin-gumience-ul-ku-sloncu.webp
Szczecin Pomorzany,ul. Ruska,3,64,599000,9359,bez pośredników,,12,https://adresowo.pl/o/mieszkanie-szczecin-pomorzany-ul-ruska-3-pokojowe-w9t4f9,https://s2.adresowa.pl/oi/26/39/3d20e8_f8fd_cover@2x-3-pokojowe-mieszkanie-szczecin-pomorzany-ul-ruska.webp
Szczecin Śródmieście,ul. Mazurska,3,104,849000,8163,bez pośredników,,17,https://adresowo.pl/o/mieszkanie-szczecin-srodmiescie-ul-mazurska-3-pokojowe-b7f7l8,https://s2.adresowa.pl/oi/6c/2e/3d1a10_488c_cover@2x-3-pokojowe-mieszkanie-szczecin-srodmiescie-ul-mazurska.webp
Szczecin,Bezrzecze,3,82,880000,10732,bez pośredników,,20,https://adresowo.pl/o/mieszkanie-szczecin-bezrzecze-3-pokojowe-82-m2-w4o5w0,https://s2.adresowa.pl/oi/20/26/3d0648_c441_cover@2x-3-pokojowe-mieszkanie-szczecin-bezrzecze.webp
Szczecin,ul. Księżnej Zofii,2,43,500000,11628,bez pośredników,,15,https://adresowo.pl/o/mieszkanie-szczecin-ul-ksieznej-zofii-2-pokojowe-v9e5q9,https://s2.adresowa.pl/oi/69/47/3d06b4_a8dd_cover@2x-2-pokojowe-mieszkanie-szczecin-ul-ksieznej-zofii.webp
Szczecin Centrum,al. Piastów,4,117,799000,6829,bez pośredników,,8,https://adresowo.pl/o/mieszkanie-szczecin-centrum-al-piastow-4-pokojowe-y0t4t5,https://s2.adresowa.pl/oi/18/15/3cf9a8_41d9_cover@2x-4-pokojowe-mieszkanie-szczecin-centrum-al-piastow.webp
Szczecin Śródmieście,ul. Celna,2,35,660000,18857,bez pośredników,,9,https://adresowo.pl/o/mieszkanie-szczecin-srodmiescie-ul-celna-2-pokojowe-m8v6o5,https://s2.adresowa.pl/oi/4a/6c/3ce1b8_3123_cover@2x-2-pokojowe-mieszkanie-szczecin-srodmiescie-ul-celna.webp
Szczecin Niebuszewo,ul. Kazimierza Królewicza,2,42,454422,10820,bez pośredników,,4,https://adresowo.pl/o/mieszkanie-szczecin-niebuszewo-ul-kazimierza-krolewicza-2-pokojowe-i8c6m5,https://s2.adresowa.pl/oi/18/2a/3ce094_d2f5_cover@2x-2-pokojowe-mieszkanie-szczecin-niebuszewo-ul-kazimierza-krolewicza.webp
Szczecin Warszewo,ul. Skorpiona,2,68,650000,9559,bez pośredników,,19,https://adresowo.pl/o/mieszkanie-szczecin-warszewo-ul-skorpiona-2-pokojowe-f0f6d1,https://s2.adresowa.pl/oi/3a/3d/3cdea0_3450_cover@2x-2-pokojowe-mieszkanie-szczecin-warszewo-ul-skorpiona.webp
Szczecin Prawobrzeże,ul. Uczniowska,2,43,580000,13488,bez pośredników,,6,https://adresowo.pl/o/mieszkanie-szczecin-prawobrzeze-ul-uczniowska-2-pokojowe-u9t5y6,https://s2.adresowa.pl/oi/38/3c/3cce2a_9d92_cover@2x-2-pokojowe-mieszkanie-szczecin-prawobrzeze-ul-uczniowska.webp
Szczecin,Pomorzany,4,57,799000,14018,bez pośredników,,8,https://adresowo.pl/o/mieszkanie-szczecin-pomorzany-4-pokojowe-57-m2-l4f6o7,https://s2.adresowa.pl/oi/6f/3c/3cc3fc_b899_cover@2x-4-pokojowe-mieszkanie-szczecin-pomorzany.webp
Szczecin Śródmieście,ul. Podhalańska,2,45,514000,11422,bez pośredników,,15,https://adresowo.pl/o/mieszkanie-szczecin-srodmiescie-ul-podhalanska-2-pokojowe-f1p4x4,https://s2.adresowa.pl/oi/4a/19/3cb5a2_a090_cover@2x-2-pokojowe-mieszkanie-szczecin-srodmiescie-ul-podhalanska.webp
Szczecin,Śródmieście,1,15,278000,18533,bez pośredników,,8,https://adresowo.pl/o/mieszkanie-szczecin-srodmiescie-1-pokoj-15-m2-f0y3r6,https://s2.adresowa.pl/oi/71/19/3cb558_2843_cover@2x-1-pokojowe-mieszkanie-szczecin-srodmiescie.webp
Szczecin Bukowe,ul. Akwarelowa,4,86,850000,9884,bez pośredników,,8,https://adresowo.pl/o/mieszkanie-szczecin-bukowe-ul-akwarelowa-4-pokojowe-w3j7m0,https://s2.adresowa.pl/oi/72/7a/3cb46a_e562_cover@2x-4-pokojowe-mieszkanie-szczecin-bukowe-ul-akwarelowa.webp
Szczecin Drzetowo,ul. Miedziana,3,53,521000,9830,bez pośredników,,9,https://adresowo.pl/o/mieszkanie-szczecin-drzetowo-ul-miedziana-3-pokojowe-q0u2x5,https://s2.adresowa.pl/oi/77/69/3c965e_350a_cover@2x-3-pokojowe-mieszkanie-szczecin-drzetowo-ul-miedziana.webp
Szczecin Słoneczne,ul. Aleksandra Kostki Napierskiego 44,3,53,499000,9415,bez pośredników,,6,https://adresowo.pl/o/mieszkanie-szczecin-sloneczne-ul-aleksandra-kostki-napierskiego-3-pokojowe-k9z7j9,https://s2.adresowa.pl/oi/21/3b/4086b0_b31c_cover@2x-3-pokojowe-mieszkanie-szczecin-sloneczne-ul-aleksandra-kostki-napierskiego.webp
Szczecin Żelechowa,ul. Grzymińska,3,126,995000,7897,bez pośredników,,20,https://adresowo.pl/o/mieszkanie-szczecin-zelechowa-ul-grzyminska-3-pokojowe-q6y8p3,https://s2.adresowa.pl/oi/3e/25/3c8644_3ef8_cover@2x-3-pokojowe-mieszkanie-szczecin-zelechowa-ul-grzyminska.webp
Szczecin,Centrum,2,58,350000,6034,bez pośredników,,8,https://adresowo.pl/o/mieszkanie-szczecin-centrum-2-pokojowe-58-m2-t7q1l5,https://s2.adresowa.pl/oi/7f/35/3c7002_6302_cover@2x-2-pokojowe-mieszkanie-szczecin-centrum.webp
Szczecin Niebuszewo,ul. Juliana Ursyna Niemcewicza,2,55,590000,10727,bez pośredników,,2,https://adresowo.pl/o/mieszkanie-szczecin-niebuszewo-ul-juliana-ursyna-niemcewicza-2-pokojowe-u4m1f8,https://s2.adresowa.pl/oi/5b/20/3c4494_2c31_cover@2x-2-pokojowe-mieszkanie-szczecin-niebuszewo-ul-juliana-ursyna-niemcewicza.webp
Szczecin Prawobrzeże,ul. Lucjana Rydla,2,49,525000,10714,bez pośredników,,10,https://adresowo.pl/o/mieszkanie-szczecin-prawobrzeze-ul-lucjana-rydla-2-pokojowe-l9e4v1,https://s2.adresowa.pl/oi/5e/67/3c3f4e_65c7_cover@2x-2-pokojowe-mieszkanie-szczecin-prawobrzeze-ul-lucjana-rydla.webp
Szczecin,ul. 5 Lipca,3,60,460000,7667,bez pośredników,,7,https://adresowo.pl/o/mieszkanie-szczecin-ul-5-lipca-3-pokojowe-k5l0b8,https://s2.adresowa.pl/oi/7f/5e/3c37d8_cb89_cover@2x-3-pokojowe-mieszkanie-szczecin-ul-5-lipca.webp
Szczecin,Centrum,1,32,432000,13500,bez pośredników,,1,https://adresowo.pl/o/mieszkanie-szczecin-centrum-1-pokoj-32-m2-k1a2i6,https://s2.adresowa.pl/oi/54/7a/3c331c_825a_cover@2x-1-pokojowe-mieszkanie-szczecin-centrum.webp
Szczecin Śródmieście,ul. Leona Heyki,2,30,489000,16300,bez pośredników,,18,https://adresowo.pl/o/mieszkanie-szczecin-srodmiescie-ul-leona-heyki-2-pokojowe-y1l1o1,https://s2.adresowa.pl/oi/20/2c/3c2426_db1d_cover@2x-2-pokojowe-mieszkanie-szczecin-srodmiescie-ul-leona-heyki.webp
Szczecin,Centrum,3,112,570000,5089,bez pośredników,,8,https://adresowo.pl/o/mieszkanie-szczecin-centrum-3-pokojowe-112-m2-k3d0s0,https://s2.adresowa.pl/oi/52/12/3bf1b6_72ea_cover@2x-3-pokojowe-mieszkanie-szczecin-centrum.webp
Szczecin,Dąbie,3,62,849000,13694,bez pośredników,,10,https://adresowo.pl/o/mieszkanie-szczecin-dabie-3-pokojowe-62-m2-u3y7h3,https://s2.adresowa.pl/oi/49/67/3bf0e8_aa11_cover@2x-3-pokojowe-mieszkanie-szczecin-dabie.webp
Szczecin Turzyn,ul. Legionów Dąbrowskiego,3,89,590000,6629,bez pośredników,,11,https://adresowo.pl/o/mieszkanie-szczecin-turzyn-ul-legionow-dabrowskiego-3-pokojowe-x3f4t1,https://s2.adresowa.pl/oi/7a/7d/3be5a6_e326_cover@2x-3-pokojowe-mieszkanie-szczecin-turzyn-ul-legionow-dabrowskiego.webp
Szczecin Śródmieście,ul. Emilii Plater,3,75,519000,6920,bez pośredników,,18,https://adresowo.pl/o/mieszkanie-szczecin-srodmiescie-ul-emilii-plater-3-pokojowe-f7s2t7,https://s2.adresowa.pl/oi/23/3d/3bd858_b19a_cover@2x-3-pokojowe-mieszkanie-szczecin-srodmiescie-ul-emilii-plater.webp
Szczecin Centrum,ul. Odzieżowa,1,26,360000,13846,bez pośredników,,8,https://adresowo.pl/o/mieszkanie-szczecin-centrum-ul-odziezowa-1-pokoj-e0f7a7,https://s2.adresowa.pl/oi/45/3d/3bceb0_67e3_cover@2x-1-pokojowe-mieszkanie-szczecin-centrum-ul-odziezowa.webp
Szczecin Centrum,ul. Edmunda Bałuki,2,58,320000,5517,bez pośredników,,8,https://adresowo.pl/o/mieszkanie-szczecin-centrum-ul-edmunda-baluki-2-pokojowe-x5t0y0,https://s2.adresowa.pl/oi/55/7a/3bbdcc_6942_cover@2x-2-pokojowe-mieszkanie-szczecin-centrum-ul-edmunda-baluki.webp
Szczecin Niebuszewo,ul. Łucznicza,5,130,999000,7685,bez pośredników,,20,https://adresowo.pl/o/mieszkanie-szczecin-niebuszewo-ul-lucznicza-5-pokojowe-u9b3j5,https://s2.adresowa.pl/oi/72/3d/3bb97c_fef5_cover@2x-5-pokojowe-mieszkanie-szczecin-niebuszewo-ul-lucznicza.webp
Szczecin Niebuszewo,ul. Zakopiańska,2,44,340000,7727,bez pośredników,,10,https://adresowo.pl/o/mieszkanie-szczecin-niebuszewo-ul-zakopianska-2-pokojowe-d6a5l0,https://s2.adresowa.pl/oi/46/7c/3bafbe_b514_cover@2x-2-pokojowe-mieszkanie-szczecin-niebuszewo-ul-zakopianska.webp
Szczecin Centrum,al. Wyzwolenia,2,30,749000,24967,bez pośredników,,16,https://adresowo.pl/o/mieszkanie-szczecin-centrum-al-wyzwolenia-2-pokojowe-v9a0u4,https://s2.adresowa.pl/oi/47/69/3ba906_f0bc_cover@2x-2-pokojowe-mieszkanie-szczecin-centrum-al-wyzwolenia.webp
Szczecin Warszewo,ul. Pelikana,3,60,839000,13983,bez pośredników,,14,https://adresowo.pl/o/mieszkanie-szczecin-warszewo-ul-pelikana-3-pokojowe-c8c8y8,https://s2.adresowa.pl/oi/1a/6e/3b73a2_a202_cover@2x-3-pokojowe-mieszkanie-szczecin-warszewo-ul-pelikana.webp
Szczecin Bukowe,os. Kasztanowe,1,17,49000,2882,bez pośredników,,6,https://adresowo.pl/o/mieszkanie-szczecin-bukowe-os-kasztanowe-1-pokoj-w2f0r5,https://s2.adresowa.pl/oi/57/3a/3b6734_b7d2_cover@2x-1-pokojowe-mieszkanie-szczecin-bukowe-os-kasztanowe.webp
Szczecin Żelechowa,ul. Robotnicza,2,43,529000,12302,bez pośredników,,9,https://adresowo.pl/o/mieszkanie-szczecin-zelechowa-ul-robotnicza-2-pokojowe-s1y3v2,https://s2.adresowa.pl/oi/18/5f/3b6476_9da2_cover@2x-2-pokojowe-mieszkanie-szczecin-zelechowa-ul-robotnicza.webp
Szczecin Słoneczne,ul. Aleksandra Kostki Napierskiego,3,57,549000,9632,bez pośredników,,19,https://adresowo.pl/o/mieszkanie-szczecin-sloneczne-ul-aleksandra-kostki-napierskiego-3-pokojowe-o1t7k1,https://s2.adresowa.pl/oi/44/13/3b3ef2_cced_cover@2x-3-pokojowe-mieszkanie-szczecin-sloneczne-ul-aleksandra-kostki-napierskiego.webp
Szczecin,Niebuszewo,2,45,369000,8200,bez pośredników,,8,https://adresowo.pl/o/mieszkanie-szczecin-niebuszewo-2-pokojowe-45-m2-g1s6c1,https://s2.adresowa.pl/oi/5b/5e/3b3512_a591_cover@2x-2-pokojowe-mieszkanie-szczecin-niebuszewo.webp
Szczecin Centrum,ul. Księcia Bogusława X,3,58,529000,9121,bez pośredników,,9,https://adresowo.pl/o/mieszkanie-szczecin-centrum-ul-ksiecia-boguslawa-x-3-pokojowe-y2n1s3,https://s2.adresowa.pl/oi/64/45/3b1212_ff02_cover@2x-3-pokojowe-mieszkanie-szczecin-centrum-ul-ksiecia-boguslawa-x.webp
Szczecin Pomorzany,ul. Budziszyńska,2,48,435000,9062,bez pośredników,,14,https://adresowo.pl/o/mieszkanie-szczecin-pomorzany-ul-budziszynska-2-pokojowe-s2k3n3,https://s2.adresowa.pl/oi/70/5c/3af7f4_feb6_cover@2x-2-pokojowe-mieszkanie-szczecin-pomorzany-ul-budziszynska.webp
Szczecin Świerczewo,ul. Hieronima Derdowskiego,2,42,415000,9881,bez pośredników,,18,https://adresowo.pl/o/mieszkanie-szczecin-swierczewo-ul-hieronima-derdowskiego-2-pokojowe-r2w2h9,https://s2.adresowa.pl/oi/78/18/3adc78_748d_cover@2x-2-pokojowe-mieszkanie-szczecin-swierczewo-ul-hieronima-derdowskiego.webp
Szczecin Łekno,al. Wojska Polskiego,3,100,849000,8490,bez pośredników,,19,https://adresowo.pl/o/mieszkanie-szczecin-lekno-al-wojska-polskiego-3-pokojowe-l6f7k3,https://s2.adresowa.pl/oi/73/78/3aad60_8f20_cover@2x-3-pokojowe-mieszkanie-szczecin-lekno-al-wojska-polskiego.webp
Szczecin Niebuszewo,ul. Cedyńska,3,59,599000,10153,bez pośredników,,18,https://adresowo.pl/o/mieszkanie-szczecin-niebuszewo-ul-cedynska-3-pokojowe-z8l3u9,https://s2.adresowa.pl/oi/25/7e/3aad54_f1f9_cover@2x-3-pokojowe-mieszkanie-szczecin-niebuszewo-ul-cedynska.webp
Szczecin,Gumieńce,3,81,zapytaj,,bez pośredników,,11,https://adresowo.pl/o/mieszkanie-szczecin-gumience-3-pokojowe-81-m2-x1p2u7,https://s2.adresowa.pl/oi/5f/3e/3aa090_d0f9_cover@2x-3-pokojowe-mieszkanie-szczecin-gumience.webp
Szczecin Pomorzany,ul. Boryny,3,52,470000,9038,bez pośredników,,9,https://adresowo.pl/o/mieszkanie-szczecin-pomorzany-ul-boryny-3-pokojowe-r2q4c7,https://s2.adresowa.pl/oi/10/57/3a3eca_72c8_cover@2x-3-pokojowe-mieszkanie-szczecin-pomorzany-ul-boryny.webp
Szczecin Śródmieście,ul. Bolesława Krzywoustego,2,47,400000,8511,bez pośredników,,10,https://adresowo.pl/o/mieszkanie-szczecin-srodmiescie-ul-boleslawa-krzywoustego-2-pokojowe-i4w9k4,https://s2.adresowa.pl/oi/44/1e/3a7d54_d5cc_cover@2x-2-pokojowe-mieszkanie-szczecin-srodmiescie-ul-boleslawa-krzywoustego.webp
Szczecin Centrum,al. Piastów,2,59,650000,11017,bez pośredników,,14,https://adresowo.pl/o/mieszkanie-szczecin-centrum-al-piastow-2-pokojowe-f2j2f2,https://s2.adresowa.pl/oi/40/40/3a31a6_9224_cover@2x-2-pokojowe-mieszkanie-szczecin-centrum-al-piastow.webp
Szczecin Żelechowa,ul. Szczygli Zaułek,3,67,640000,9552,bez pośredników,,14,https://adresowo.pl/o/mieszkanie-szczecin-zelechowa-ul-szczygli-zaulek-3-pokojowe-s7z6k4,https://s2.adresowa.pl/oi/77/20/3a33c2_7e56_cover@2x-3-pokojowe-mieszkanie-szczecin-zelechowa-ul-szczygli-zaulek.webp
Szczecin Śródmieście,al. Wyzwolenia,3,65,539000,8292,bez pośredników,,17,https://adresowo.pl/o/mieszkanie-szczecin-srodmiescie-al-wyzwolenia-3-pokojowe-u2a9z7,https://s2.adresowa.pl/oi/56/5d/3a3756_9392_cover@2x-3-pokojowe-mieszkanie-szczecin-srodmiescie-al-wyzwolenia.webp
Szczecin Turzyn,ul. Bolesława Śmiałego,5,148,1490000,10068,bez pośredników,,14,https://adresowo.pl/o/mieszkanie-szczecin-turzyn-ul-boleslawa-smialego-5-pokojowe-q9i4h5,https://s2.adresowa.pl/oi/41/61/3a3202_4de8_cover@2x-5-pokojowe-mieszkanie-szczecin-turzyn-ul-boleslawa-smialego.webp
Szczecin Centrum,al. Wyzwolenia,1,28,485000,17321,bez pośredników,,11,https://adresowo.pl/o/mieszkanie-szczecin-centrum-al-wyzwolenia-1-pokoj-q8b5h9,https://s2.adresowa.pl/oi/4a/4c/3a21ea_2ec3_cover@2x-1-pokojowe-mieszkanie-szczecin-centrum-al-wyzwolenia.webp
Szczecin,Bezrzecze,3,70,769000,10986,bez pośredników,,10,https://adresowo.pl/o/mieszkanie-szczecin-bezrzecze-3-pokojowe-70-m2-x8l9a6,https://s2.adresowa.pl/oi/21/51/39f228_9e66_cover@2x-3-pokojowe-mieszkanie-szczecin-bezrzecze.webp
Szczecin Prawobrzeże,ul. Mariana Falskiego,3,67,568000,8478,bez pośredników,,20,https://adresowo.pl/o/mieszkanie-szczecin-prawobrzeze-ul-mariana-falskiego-3-pokojowe-h6w0w0,https://s2.adresowa.pl/oi/54/6b/39bf10_5332_cover@2x-3-pokojowe-mieszkanie-szczecin-prawobrzeze-ul-mariana-falskiego.webp
Szczecin Słoneczne,ul. Lucjana Rydla,4,64,559000,8734,bez pośredników,,16,https://adresowo.pl/o/mieszkanie-szczecin-sloneczne-ul-lucjana-rydla-4-pokojowe-e1n5h6,https://s2.adresowa.pl/oi/20/17/399a00_58ee_cover@2x-4-pokojowe-mieszkanie-szczecin-sloneczne-ul-lucjana-rydla.webp
Szczecin Gumieńce,ul. Ostrobramska,5,115,1190000,10348,bez pośredników,,20,https://adresowo.pl/o/mieszkanie-szczecin-gumience-ul-ostrobramska-5-pokojowe-u2l5q7,https://s2.adresowa.pl/oi/31/64/396ae8_d49d_cover@2x-5-pokojowe-mieszkanie-szczecin-gumience-ul-ostrobramska.webp
Szczecin Niebuszewo,ul. Czcibora,4,95,799000,8411,bez pośredników,,17,https://adresowo.pl/o/mieszkanie-szczecin-niebuszewo-ul-czcibora-4-pokojowe-c7l0z7,https://s2.adresowa.pl/oi/7a/75/393072_9592_cover@2x-4-pokojowe-mieszkanie-szczecin-niebuszewo-ul-czcibora.webp
Szczecin Centrum,al. Wyzwolenia,2,37,450000,12162,bez pośredników,,6,https://adresowo.pl/o/mieszkanie-szczecin-centrum-al-wyzwolenia-2-pokojowe-a7m5f5,https://s2.adresowa.pl/oi/1e/21/38fb64_7ead_cover@2x-2-pokojowe-mieszkanie-szczecin-centrum-al-wyzwolenia.webp
Szczecin,Bukowo,3,63,690000,10952,bez pośredników,,8,https://adresowo.pl/o/mieszkanie-szczecin-bukowo-3-pokojowe-63-m2-p0h1m4,https://s2.adresowa.pl/oi/70/6c/3868c6_628d_cover@2x-3-pokojowe-mieszkanie-szczecin-bukowo.webp
Szczecin Centrum,al. Wyzwolenia,3,61,519000,8508,bez pośredników,,17,https://adresowo.pl/o/mieszkanie-szczecin-centrum-al-wyzwolenia-3-pokojowe-z6o3y5,https://s2.adresowa.pl/oi/36/34/382fd0_8a87_cover@2x-3-pokojowe-mieszkanie-szczecin-centrum-al-wyzwolenia.webp
Szczecin Świerczewo,ul. 26 Kwietnia,2,44,476000,10818,bez pośredników,,9,https://adresowo.pl/o/mieszkanie-szczecin-swierczewo-ul-26-kwietnia-2-pokojowe-g7g3u4,https://s2.adresowa.pl/oi/36/40/3819da_7a41_cover@2x-2-pokojowe-mieszkanie-szczecin-swierczewo-ul-26-kwietnia.webp
Szczecin Gumieńce,ul. Harnasiów,4,100,1150000,11500,bez pośredników,,15,https://adresowo.pl/o/mieszkanie-szczecin-gumience-ul-harnasiow-4-pokojowe-l7r0b2,https://s2.adresowa.pl/oi/10/39/37e64c_d92f_cover@2x-4-pokojowe-mieszkanie-szczecin-gumience-ul-harnasiow.webp
Szczecin Śródmieście,ul. Śląska,1,23,420000,18261,bez pośredników,,8,https://adresowo.pl/o/mieszkanie-szczecin-srodmiescie-ul-slaska-1-pokoj-r5m9w5,https://s2.adresowa.pl/oi/50/7c/37cfc6_9d66_cover@2x-1-pokojowe-mieszkanie-szczecin-srodmiescie-ul-slaska.webp
Szczecin Niebuszewo,ul. ks. Hugona Kołłątaja,2,47,465000,9894,bez pośredników,,18,https://adresowo.pl/o/mieszkanie-szczecin-niebuszewo-ul-ks-hugona-kollataja-2-pokojowe-u3i6w2,https://s2.adresowa.pl/oi/32/24/3761ee_587c_cover@2x-2-pokojowe-mieszkanie-szczecin-niebuszewo-ul-ks-hugona-kollataja.webp
Szczecin Centrum,ul. Szarotki,3,90,749000,8322,bez pośredników,,12,https://adresowo.pl/o/mieszkanie-szczecin-centrum-ul-szarotki-3-pokojowe-e4w4p3,https://s2.adresowa.pl/oi/31/3a/376176_be09_cover@2x-3-pokojowe-mieszkanie-szczecin-centrum-ul-szarotki.webp
Szczecin Gumieńce,ul. Polskich Marynarzy,3,101,1550000,15347,bez pośredników,,18,https://adresowo.pl/o/mieszkanie-szczecin-gumience-ul-polskich-marynarzy-3-pokojowe-n7y1g6,https://s2.adresowa.pl/oi/39/5c/374230_f959_cover@2x-3-pokojowe-mieszkanie-szczecin-gumience-ul-polskich-marynarzy.webp
Szczecin Podjuchy,ul. Krzemienna,2,52,550000,10577,bez pośredników,,1,https://adresowo.pl/o/mieszkanie-szczecin-podjuchy-ul-krzemienna-2-pokojowe-z1z3m2,https://s2.adresowa.pl/oi/25/7b/373b38_e252_cover@2x-2-pokojowe-mieszkanie-szczecin-podjuchy-ul-krzemienna.webp
Szczecin Żelechowa,ul. Hoża,2,49,469000,9571,bez pośredników,,12,https://adresowo.pl/o/mieszkanie-szczecin-zelechowa-ul-hoza-2-pokojowe-e5p4a7,https://s2.adresowa.pl/oi/5a/74/372bb6_97a7_cover@2x-2-pokojowe-mieszkanie-szczecin-zelechowa-ul-hoza.webp
Szczecin Żelechowa,ul. Hoża,3,109,499000,4578,bez pośredników,,27,https://adresowo.pl/o/mieszkanie-szczecin-zelechowa-ul-hoza-3-pokojowe-d7i3e6,https://s2.adresowa.pl/oi/1f/42/371dce_ba21_cover@2x-3-pokojowe-mieszkanie-szczecin-zelechowa-ul-hoza.webp
Szczecin Centrum,ul. bł. Królowej Jadwigi,4,78,730000,9359,bez pośredników,,8,https://adresowo.pl/o/mieszkanie-szczecin-centrum-ul-bl-krolowej-jadwigi-4-pokojowe-c8c1q8,https://s2.adresowa.pl/oi/5c/2d/371434_f312_cover@2x-4-pokojowe-mieszkanie-szczecin-centrum-ul-bl-krolowej-jadwigi.webp
Szczecin Warszewo,ul. Maciejkowa,3,66,750000,11364,bez pośredników,,11,https://adresowo.pl/o/mieszkanie-szczecin-warszewo-ul-maciejkowa-3-pokojowe-p2c4s8,https://s2.adresowa.pl/oi/64/1b/366fce_2f68_cover@2x-3-pokojowe-mieszkanie-szczecin-warszewo-ul-maciejkowa.webp
Szczecin,Centrum,5,130,800000,6154,bez pośredników,,7,https://adresowo.pl/o/mieszkanie-szczecin-centrum-5-pokojowe-130-m2-m8v7c7,https://s2.adresowa.pl/oi/40/5e/363d02_ea7a_cover@2x-5-pokojowe-mieszkanie-szczecin-centrum.webp
Szczecin Pogodno,ul. Reduty Ordona,1,27,250000,9259,bez pośredników,,1,https://adresowo.pl/o/mieszkanie-szczecin-pogodno-ul-reduty-ordona-1-pokoj-j9d6g1,https://s2.adresowa.pl/oi/47/79/359218_f58f_cover@2x-1-pokojowe-mieszkanie-szczecin-pogodno-ul-reduty-ordona.webp
Szczecin Centrum,ul. Jagiellońska,5,124,770000,6210,bez pośredników,,8,https://adresowo.pl/o/mieszkanie-szczecin-centrum-ul-jagiellonska-5-pokojowe-s7h0v1,https://s2.adresowa.pl/oi/74/64/358f72_83df_cover@2x-5-pokojowe-mieszkanie-szczecin-centrum-ul-jagiellonska.webp
Szczecin Bukowe,ul. Fioletowa,3,63,609000,9667,bez pośredników,,21,https://adresowo.pl/o/mieszkanie-szczecin-bukowe-ul-fioletowa-3-pokojowe-p8r6u5,https://s2.adresowa.pl/oi/45/57/3545e2_abb0_cover@2x-3-pokojowe-mieszkanie-szczecin-bukowe-ul-fioletowa.webp
Szczecin Centrum,al. Wojska Polskiego,4,110,1090000,9909,bez pośredników,,8,https://adresowo.pl/o/mieszkanie-szczecin-centrum-al-wojska-polskiego-4-pokojowe-p4i3o8,https://s2.adresowa.pl/oi/34/30/351534_4197_cover@2x-4-pokojowe-mieszkanie-szczecin-centrum-al-wojska-polskiego.webp
Szczecin Centrum,ul. Mieczysława Niedziałkowskiego,2,48,599000,12479,bez pośredników,,8,https://adresowo.pl/o/mieszkanie-szczecin-centrum-ul-mieczyslawa-niedzialkowskiego-2-pokojowe-l4p3w8,https://s2.adresowa.pl/oi/7c/1b/350444_d2d2_cover@2x-2-pokojowe-mieszkanie-szczecin-centrum-ul-mieczyslawa-niedzialkowskiego.webp
Szczecin Gumieńce,ul. Hrubieszowska,2,59,760000,12881,bez pośredników,,8,https://adresowo.pl/o/mieszkanie-szczecin-gumience-ul-hrubieszowska-2-pokojowe-v8k9m5,https://s2.adresowa.pl/oi/43/6b/34f644_d2f5_cover@2x-2-pokojowe-mieszkanie-szczecin-gumience-ul-hrubieszowska.webp
Szczecin Śródmieście,ul. Wielkopolska,1,39,485000,12436,bez pośredników,,7,https://adresowo.pl/o/mieszkanie-szczecin-srodmiescie-ul-wielkopolska-1-pokoj-e3a5q3,https://s2.adresowa.pl/oi/2a/6b/34beb2_6c16_cover@2x-1-pokojowe-mieszkanie-szczecin-srodmiescie-ul-wielkopolska.webp
Szczecin Niebuszewo,ul. ks. Hugona Kołłątaja,4,80,500000,6250,bez pośredników,,28,https://adresowo.pl/o/mieszkanie-szczecin-niebuszewo-ul-ks-hugona-kollataja-4-pokojowe-r0m9m3,https://s2.adresowa.pl/oi/78/28/344488_9ae6_cover@2x-4-pokojowe-mieszkanie-szczecin-niebuszewo-ul-ks-hugona-kollataja.webp
Szczecin Centrum,al. Wyzwolenia,1,23,430000,18696,bez pośredników,,8,https://adresowo.pl/o/mieszkanie-szczecin-centrum-al-wyzwolenia-1-pokoj-v4m1i3,https://s2.adresowa.pl/oi/38/5d/338880_ca89_cover@2x-1-pokojowe-mieszkanie-szczecin-centrum-al-wyzwolenia.webp
Szczecin Centrum,ul. Stefana Lewandowskiego,4,80,1180000,14750,bez pośredników,,9,https://adresowo.pl/o/mieszkanie-szczecin-centrum-ul-stefana-lewandowskiego-4-pokojowe-o1p4a7,https://s2.adresowa.pl/oi/2a/7a/334dc4_82c1_cover@2x-4-pokojowe-mieszkanie-szczecin-centrum-ul-stefana-lewandowskiego.webp
Szczecin Centrum,ul. 5 Lipca,3,70,750000,10714,bez pośredników,,8,https://adresowo.pl/o/mieszkanie-szczecin-centrum-ul-5-lipca-3-pokojowe-k3m9c3,https://s2.adresowa.pl/oi/13/3c/332094_a2aa_cover@2x-3-pokojowe-mieszkanie-szczecin-centrum-ul-5-lipca.webp
Szczecin Gumieńce,ul. Hrubieszowska,3,68,579000,8515,bez pośredników,,7,https://adresowo.pl/o/mieszkanie-szczecin-gumience-ul-hrubieszowska-3-pokojowe-h6z5o7,https://s2.adresowa.pl/oi/14/20/332074_9034_cover@2x-3-pokojowe-mieszkanie-szczecin-gumience-ul-hrubieszowska.webp
Szczecin Pogodno,ul. Maksyma Gorkiego,2,55,533000,9691,bez pośredników,,14,https://adresowo.pl/o/mieszkanie-szczecin-pogodno-ul-maksyma-gorkiego-2-pokojowe-r8u0z8,https://s2.adresowa.pl/oi/12/61/330f16_f3a0_cover@2x-2-pokojowe-mieszkanie-szczecin-pogodno-ul-maksyma-gorkiego.webp
Szczecin Śródmieście,ul. marsz. Józefa Piłsudskiego,2,42,305000,7262,bez pośredników,,6,https://adresowo.pl/o/mieszkanie-szczecin-srodmiescie-ul-marsz-jozefa-pilsudskiego-2-pokojowe-y9g4l3,https://s2.adresowa.pl/oi/3e/7c/31d2b2_4ff7_cover@2x-2-pokojowe-mieszkanie-szczecin-srodmiescie-ul-marsz-jozefa-pilsudskiego.webp
Szczecin Śródmieście,ul. Stefana Lewandowskiego,4,81,880000,10864,bez pośredników,,11,https://adresowo.pl/o/mieszkanie-szczecin-srodmiescie-ul-stefana-lewandowskiego-4-pokojowe-g1b0g7,https://s2.adresowa.pl/oi/4f/53/325dfc_8df8_cover@2x-4-pokojowe-mieszkanie-szczecin-srodmiescie-ul-stefana-lewandowskiego.webp
Szczecin Bukowe,ul. Brązowa,5,154,1149000,7461,bez pośredników,,19,https://adresowo.pl/o/mieszkanie-szczecin-bukowe-ul-brazowa-5-pokojowe-i8o3l4,https://s2.adresowa.pl/oi/68/1f/31ca70_acdf_cover@2x-5-pokojowe-mieszkanie-szczecin-bukowe-ul-brazowa.webp
Szczecin Niebuszewo,ul. ks. Jana Długosza,2,52,469000,9019,bez pośredników,,8,https://adresowo.pl/o/mieszkanie-szczecin-niebuszewo-ul-ks-jana-dlugosza-2-pokojowe-n6e5e0,https://s2.adresowa.pl/oi/51/63/31755e_bccc_cover@2x-2-pokojowe-mieszkanie-szczecin-niebuszewo-ul-ks-jana-dlugosza.webp
Szczecin Pogodno,ul. Waleriana Łukasińskiego,2,51,639000,12529,bez pośredników,,14,https://adresowo.pl/o/mieszkanie-szczecin-pogodno-ul-waleriana-lukasinskiego-2-pokojowe-x7a0x8,https://s2.adresowa.pl/oi/12/76/3174b2_514d_cover@2x-2-pokojowe-mieszkanie-szczecin-pogodno-ul-waleriana-lukasinskiego.webp
Szczecin,Centrum,4,93,639000,6871,bez pośredników,,6,https://adresowo.pl/o/mieszkanie-szczecin-centrum-4-pokojowe-93-m2-m9z0v0,https://s2.adresowa.pl/oi/19/4e/30c4c8_84a6_cover@2x-4-pokojowe-mieszkanie-szczecin-centrum.webp
Szczecin Warszewo,ul. Rostocka,2,45,499867,11108,bez pośredników,,1,https://adresowo.pl/o/mieszkanie-szczecin-warszewo-ul-rostocka-2-pokojowe-q3q5z3,https://s2.adresowa.pl/oi/52/1d/2f9d78_4974_cover@2x-2-pokojowe-mieszkanie-szczecin-warszewo-ul-rostocka.webp
Szczecin Bukowo,ul. Grzymińska,2,54,479000,8870,bez pośredników,,8,https://adresowo.pl/o/mieszkanie-szczecin-bukowo-ul-grzyminska-2-pokojowe-n8l6c1,https://s2.adresowa.pl/oi/19/68/2f9740_c0b9_cover@2x-2-pokojowe-mieszkanie-szczecin-bukowo-ul-grzyminska.webp
Szczecin Bezrzecze,ul. Koralowa,1,32,360000,11250,bez pośredników,,8,https://adresowo.pl/o/mieszkanie-szczecin-bezrzecze-ul-koralowa-1-pokoj-j1w1v3,https://s2.adresowa.pl/oi/51/5b/2f01b0_59e3_cover@2x-1-pokojowe-mieszkanie-szczecin-bezrzecze-ul-koralowa.webp
Szczecin Śródmieście,ul. Monte Cassino,3,56,620000,11071,bez pośredników,,14,https://adresowo.pl/o/mieszkanie-szczecin-srodmiescie-ul-monte-cassino-3-pokojowe-n4n6t4,https://s2.adresowa.pl/oi/37/5c/2ca810_3718_cover@2x-3-pokojowe-mieszkanie-szczecin-srodmiescie-ul-monte-cassino.webp
Szczecin,Prawobrzeże,2,53,569000,10736,bez pośredników,,6,https://adresowo.pl/o/mieszkanie-szczecin-prawobrzeze-2-pokojowe-53-m2-j8u5t0,https://s2.adresowa.pl/oi/2a/6c/2ca668_38d2_cover@2x-2-pokojowe-mieszkanie-szczecin-prawobrzeze.webp
Szczecin Centrum,ul. Księcia Bogusława X,3,88,610000,6932,bez pośredników,,3,https://adresowo.pl/o/mieszkanie-szczecin-centrum-ul-ksiecia-boguslawa-x-3-pokojowe-x2p7v2,https://s2.adresowa.pl/oi/23/3e/2bd514_af0b_cover@2x-3-pokojowe-mieszkanie-szczecin-centrum-ul-ksiecia-boguslawa-x.webp
Szczecin Gumieńce,ul. Cukrowa,3,63,670320,10640,bez pośredników,,10,https://adresowo.pl/o/mieszkanie-szczecin-gumience-ul-cukrowa-3-pokojowe-j6f1f6,https://s2.adresowa.pl/oi/5b/15/2a9732_67e6_cover@2x-3-pokojowe-mieszkanie-szczecin-gumience-ul-cukrowa.webp
Szczecin Centrum,ul. Pocztowa,4,193,999000,5176,bez pośredników,,12,https://adresowo.pl/o/mieszkanie-szczecin-centrum-ul-pocztowa-4-pokojowe-m8x6w1,https://s2.adresowa.pl/oi/2e/59/249742_98b1_cover@2x-4-pokojowe-mieszkanie-szczecin-centrum-ul-pocztowa.webp
Szczecin Centrum,ul. Radogoska,2,66,419000,6348,bez pośredników,,20,https://adresowo.pl/o/mieszkanie-szczecin-centrum-ul-radogoska-2-pokojowe-c9h4v7,https://s2.adresowa.pl/oi/14/3a/1e08ba_72dd_cover@2x-2-pokojowe-mieszkanie-szczecin-centrum-ul-radogoska.webp
Szczecin Pomorzany,ul. Milczańska,3,53,510000,9623,bez pośredników,,12,https://adresowo.pl/o/mieszkanie-szczecin-pomorzany-ul-milczanska-3-pokojowe-c7v6i5,https://s2.adresowa.pl/oi/54/3e/1c749c_5d38_cover@2x-3-pokojowe-mieszkanie-szczecin-pomorzany-ul-milczanska.webp
Szczecin Centrum,ul. Bolesława Krzywoustego,4,98,590900,6030,bez pośredników,,11,https://adresowo.pl/o/mieszkanie-szczecin-centrum-ul-boleslawa-krzywoustego-4-pokojowe-p2a8j2,https://s2.adresowa.pl/oi/19/59/16f929_3c12_cover@2x-4-pokojowe-mieszkanie-szczecin-centrum-ul-boleslawa-krzywoustego.webp
Szczecin Niebuszewo,ul. Mikołaja Reja 25,3,70,699000,9986,bez pośredników,,16,https://adresowo.pl/o/mieszkanie-szczecin-niebuszewo-ul-mikolaja-reja-3-pokojowe-b7m3b7,https://s2.adresowa.pl/oi/3c/50/3e0f9e_8c97_cover@2x-3-pokojowe-mieszkanie-szczecin-niebuszewo-ul-mikolaja-reja.webp
Szczecin Kijewo,ul. Zoologiczna,4,100,730000,7300,bez pośredników,,8,https://adresowo.pl/o/mieszkanie-szczecin-kijewo-ul-zoologiczna-4-pokojowe-f1d6v9,https://s2.adresowa.pl/oi/7c/61/4115b8_c3be_cover@2x-4-pokojowe-mieszkanie-szczecin-kijewo-ul-zoologiczna.webp
Szczecin,Podjuchy,2,45,530000,11778,bez pośredników,,3,https://adresowo.pl/o/mieszkanie-szczecin-podjuchy-2-pokojowe-45-m2-w1o3g1,https://s2.adresowa.pl/oi/11/3b/411414_5cea_cover@2x-2-pokojowe-mieszkanie-szczecin-podjuchy.webp
Szczecin Świerczewo,ul. Piękna,2,38,285000,7500,bez pośredników,,8,https://adresowo.pl/o/mieszkanie-szczecin-swierczewo-ul-piekna-2-pokojowe-p7r3f0,https://s2.adresowa.pl/oi/41/25/4111d0_e140_cover@2x-2-pokojowe-mieszkanie-szczecin-swierczewo-ul-piekna.webp
Szczecin,Warszewo,3,61,870000,14262,Pośrednik,,48,https://adresowo.pl/o/mieszkanie-szczecin-warszewo-3-pokojowe-61-m2-v0o1b6,https://s2.adresowa.pl/oi/73/2a/410dc4_35f1_cover@2x-3-pokojowe-mieszkanie-szczecin-warszewo.webp
Szczecin Warszewo,ul. Maciejkowa,3,71,830000,11690,Pośrednik,,9,https://adresowo.pl/o/mieszkanie-szczecin-warszewo-ul-maciejkowa-3-pokojowe-d9d6m3,https://s2.adresowa.pl/oi/67/58/410db2_6c3e_cover@2x-3-pokojowe-mieszkanie-szczecin-warszewo-ul-maciejkowa.webp
Szczecin Świerczewo,ul. Tenisowa,3,65,1049000,16138,bez pośredników,,17,https://adresowo.pl/o/mieszkanie-szczecin-swierczewo-ul-tenisowa-3-pokojowe-z2i5u7,https://s2.adresowa.pl/oi/3b/41/411066_6fa1_cover@2x-3-pokojowe-mieszkanie-szczecin-swierczewo-ul-tenisowa.webp
Szczecin Świerczewo,ul. Hieronima Derdowskiego,2,43,440000,10233,bez pośredników,,5,https://adresowo.pl/o/mieszkanie-szczecin-swierczewo-ul-hieronima-derdowskiego-2-pokojowe-d8v8s5,https://s2.adresowa.pl/oi/5c/49/40ec4e_57f2_cover@2x-2-pokojowe-mieszkanie-szczecin-swierczewo-ul-hieronima-derdowskiego.webp
Szczecin Gumieńce,ul. Polskich Marynarzy,3,62,949000,15306,bez pośredników,,9,https://adresowo.pl/o/mieszkanie-szczecin-gumience-ul-polskich-marynarzy-3-pokojowe-n7c0w4,https://s2.adresowa.pl/oi/74/30/4105f4_e30f_cover@2x-3-pokojowe-mieszkanie-szczecin-gumience-ul-polskich-marynarzy.webp
Szczecin,pl. Adama Mickiewicza,3,65,579000,8908,Pośrednik,,9,https://adresowo.pl/o/mieszkanie-szczecin-pl-adama-mickiewicza-3-pokojowe-g9v8x5,https://s2.adresowa.pl/oi/72/77/410db0_5ce4_cover@2x-3-pokojowe-mieszkanie-szczecin-pl-adama-mickiewicza.webp
Szczecin Niebuszewo,ul. Kazimierza Królewicza,1,26,330000,12692,Pośrednik,,6,https://adresowo.pl/o/mieszkanie-szczecin-niebuszewo-ul-kazimierza-krolewicza-1-pokoj-y5e5c7,https://s2.adresowa.pl/oi/5c/5f/410bf6_8153_cover@2x-1-pokojowe-mieszkanie-szczecin-niebuszewo-ul-kazimierza-krolewicza.webp
Szczecin Śródmieście,ul. Bolesława Śmiałego,3,82,550000,6707,bez pośredników,,6,https://adresowo.pl/o/mieszkanie-szczecin-srodmiescie-ul-boleslawa-smialego-3-pokojowe-m7g1e3,https://s2.adresowa.pl/oi/5c/5e/410600_dc35_cover@2x-3-pokojowe-mieszkanie-szczecin-srodmiescie-ul-boleslawa-smialego.webp
Szczecin,Majowe,3,63,590000,9365,bez pośredników,,8,https://adresowo.pl/o/mieszkanie-szczecin-majowe-3-pokojowe-63-m2-h5w1y1,https://s2.adresowa.pl/oi/67/56/4104f6_bf80_cover@2x-3-pokojowe-mieszkanie-szczecin-majowe.webp
Szczecin,Gumieńce,3,59,739000,12525,bez pośredników,,8,https://adresowo.pl/o/mieszkanie-szczecin-gumience-3-pokojowe-59-m2-x3n9z9,https://s2.adresowa.pl/oi/52/35/41045c_44ba_cover@2x-3-pokojowe-mieszkanie-szczecin-gumience.webp
Szczecin Niebuszewo,ul. Niemierzyńska,2,50,570000,11400,Pośrednik,,10,https://adresowo.pl/o/mieszkanie-szczecin-niebuszewo-ul-niemierzynska-2-pokojowe-x9j5h7,https://s2.adresowa.pl/oi/3f/20/410ba2_fda1_cover@2x-2-pokojowe-mieszkanie-szczecin-niebuszewo-ul-niemierzynska.webp
Szczecin Centrum,ul. Śląska,2,34,353000,10382,Pośrednik,,19,https://adresowo.pl/o/mieszkanie-szczecin-centrum-ul-slaska-2-pokojowe-j4t9y1,https://s2.adresowa.pl/oi/20/1b/4101dc_c62d_cover@2x-2-pokojowe-mieszkanie-szczecin-centrum-ul-slaska.webp
Szczecin Śródmieście,ul. Bohaterów Getta Warszawskiego,2,48,490000,10208,bez pośredników,,22,https://adresowo.pl/o/mieszkanie-szczecin-srodmiescie-ul-bohaterow-getta-warszawskiego-2-pokojowe-a4k2o9,https://s2.adresowa.pl/oi/54/33/41023a_92b8_cover@2x-2-pokojowe-mieszkanie-szczecin-srodmiescie-ul-bohaterow-getta-warszawskiego.webp
Szczecin Warszewo,ul. Tadeusza Wieczorowskiego,2,43,430000,10000,bez pośredników,,6,https://adresowo.pl/o/mieszkanie-szczecin-warszewo-ul-tadeusza-wieczorowskiego-2-pokojowe-x5f8p1,https://s2.adresowa.pl/oi/7d/4b/410138_dbc6_cover@2x-2-pokojowe-mieszkanie-szczecin-warszewo-ul-tadeusza-wieczorowskiego.webp
Szczecin,Centrum,2,37,455000,12297,bez pośredników,,8,https://adresowo.pl/o/mieszkanie-szczecin-centrum-2-pokojowe-37-m2-t5o5s8,https://s2.adresowa.pl/oi/32/23/40ff9e_e13c_cover@2x-2-pokojowe-mieszkanie-szczecin-centrum.webp
Szczecin,Śródmieście,2,35,503424,14384,Pośrednik,,12,https://adresowo.pl/o/mieszkanie-szczecin-srodmiescie-2-pokojowe-35-m2-u7e4y0,https://s2.adresowa.pl/oi/22/32/410086_a441_cover@2x-2-pokojowe-mieszkanie-szczecin-srodmiescie.webp
Szczecin Centrum,ul. Bogurodzicy,2,49,359000,7327,Pośrednik,,7,https://adresowo.pl/o/mieszkanie-szczecin-centrum-ul-bogurodzicy-2-pokojowe-z0h1q9,https://s2.adresowa.pl/oi/3f/71/410082_608f_cover@2x-2-pokojowe-mieszkanie-szczecin-centrum-ul-bogurodzicy.webp
Szczecin Zalom-Kasztanowe,os. Kasztanowe,2,49,420000,8571,bez pośredników,,5,https://adresowo.pl/o/mieszkanie-szczecin-zalom-kasztanowe-os-kasztanowe-2-pokojowe-m9o3w3,https://s2.adresowa.pl/oi/19/39/40ff5c_c8b3_cover@2x-2-pokojowe-mieszkanie-szczecin-zalom-kasztanowe-os-kasztanowe.webp
Szczecin Żelechowa,ul. Gościsława,3,56,699000,12482,bez pośredników,,20,https://adresowo.pl/o/mieszkanie-szczecin-zelechowa-ul-goscislawa-3-pokojowe-y6p3g3,https://s2.adresowa.pl/oi/13/1a/40fd3e_f40e_cover@2x-3-pokojowe-mieszkanie-szczecin-zelechowa-ul-goscislawa.webp
Szczecin Niebuszewo,ul. bł. Wincentego Kadłubka 29A,2,46,399000,8674,bez pośredników,,11,https://adresowo.pl/o/mieszkanie-szczecin-niebuszewo-ul-bl-wincentego-kadlubka-2-pokojowe-c9v5u5,https://s2.adresowa.pl/oi/7e/62/40f8d8_d90a_cover@2x-2-pokojowe-mieszkanie-szczecin-niebuszewo-ul-bl-wincentego-kadlubka.webp
Szczecin Centrum,ul. Jana Matejki,2,47,585000,12447,Pośrednik,,11,https://adresowo.pl/o/mieszkanie-szczecin-centrum-ul-jana-matejki-2-pokojowe-a8y0g4,https://s2.adresowa.pl/oi/41/15/40f442_d49e_cover@2x-2-pokojowe-mieszkanie-szczecin-centrum-ul-jana-matejki.webp
Szczecin Podjuchy,ul. Radosna,2,64,399000,6234,Pośrednik,,9,https://adresowo.pl/o/mieszkanie-szczecin-podjuchy-ul-radosna-2-pokojowe-v9m7o7,https://s2.adresowa.pl/oi/7b/21/40f172_8e7b_cover@2x-2-pokojowe-mieszkanie-szczecin-podjuchy-ul-radosna.webp
Szczecin Centrum,ul. Potulicka,2,40,439000,10975,bez pośredników,,10,https://adresowo.pl/o/mieszkanie-szczecin-centrum-ul-potulicka-2-pokojowe-c3n9q0,https://s2.adresowa.pl/oi/71/56/40f636_350a_cover@2x-2-pokojowe-mieszkanie-szczecin-centrum-ul-potulicka.webp
Szczecin Pogodno,ul. Klemensa Janickiego,2,64,725000,11328,bez pośredników,,7,https://adresowo.pl/o/mieszkanie-szczecin-pogodno-ul-klemensa-janickiego-2-pokojowe-r6g7n9,https://s2.adresowa.pl/oi/28/7b/40f634_a45a_cover@2x-2-pokojowe-mieszkanie-szczecin-pogodno-ul-klemensa-janickiego.webp
Szczecin Niebuszewo,ul. bł. Wincentego Kadłubka,1,26,329000,12654,bez pośredników,,14,https://adresowo.pl/o/mieszkanie-szczecin-niebuszewo-ul-bl-wincentego-kadlubka-1-pokoj-l9m5g4,https://s2.adresowa.pl/oi/53/6b/40f55e_649d_cover@2x-1-pokojowe-mieszkanie-szczecin-niebuszewo-ul-bl-wincentego-kadlubka.webp
Szczecin,ul. Stoisława,2,66,859000,13015,Pośrednik,,15,https://adresowo.pl/o/mieszkanie-szczecin-ul-stoislawa-2-pokojowe-k6h2m0,https://s2.adresowa.pl/oi/26/78/40f142_ed9e_cover@2x-2-pokojowe-mieszkanie-szczecin-ul-stoislawa.webp
Szczecin,ul. Stefana Lewandowskiego,2,48,719000,14979,Pośrednik,,16,https://adresowo.pl/o/mieszkanie-szczecin-ul-stefana-lewandowskiego-2-pokojowe-o5e8o6,https://s2.adresowa.pl/oi/26/25/40e140_faf5_cover@2x-2-pokojowe-mieszkanie-szczecin-ul-stefana-lewandowskiego.webp
Szczecin Śródmieście,ul. Władysława Jagiełły,2,41,378000,9220,bez pośredników,,1,https://adresowo.pl/o/mieszkanie-szczecin-srodmiescie-ul-wladyslawa-jagielly-2-pokojowe-s5x8o1,https://s2.adresowa.pl/oi/50/37/40f09e_a7af_cover@2x-2-pokojowe-mieszkanie-szczecin-srodmiescie-ul-wladyslawa-jagielly.webp
Szczecin Gumieńce,ul. gen. Stanisława Kopańskiego,4,86,999000,11616,bez pośredników,,1,https://adresowo.pl/o/mieszkanie-szczecin-gumience-ul-gen-stanislawa-kopanskiego-4-pokojowe-u0t7v0,https://s2.adresowa.pl/oi/5f/5b/40f006_46e3_cover@2x-4-pokojowe-mieszkanie-szczecin-gumience-ul-gen-stanislawa-kopanskiego.webp
Szczecin Niemierzyn,ul. Fryderyka Chopina,4,63,680000,10794,bez pośredników,,16,https://adresowo.pl/o/mieszkanie-szczecin-niemierzyn-ul-fryderyka-chopina-4-pokojowe-r3q7b6,https://s2.adresowa.pl/oi/23/4c/40eaf0_d15c_cover@2x-4-pokojowe-mieszkanie-szczecin-niemierzyn-ul-fryderyka-chopina.webp
Szczecin Grabowo,ul. Sławomira,3,56,439000,7839,Pośrednik,,12,https://adresowo.pl/o/mieszkanie-szczecin-grabowo-ul-slawomira-3-pokojowe-l2f6n4,https://s2.adresowa.pl/oi/30/6e/40cb90_4efb_cover@2x-3-pokojowe-mieszkanie-szczecin-grabowo-ul-slawomira.webp
Szczecin,ul. Sebastiana Klonowica,3,64,625000,9766,Pośrednik,,12,https://adresowo.pl/o/mieszkanie-szczecin-ul-sebastiana-klonowica-3-pokojowe-c4m3l8,https://s2.adresowa.pl/oi/7d/25/40cb8e_5e6d_cover@2x-3-pokojowe-mieszkanie-szczecin-ul-sebastiana-klonowica.webp
Szczecin Stołczyn,ul. Policka,2,42,629000,14976,bez pośredników,,16,https://adresowo.pl/o/mieszkanie-szczecin-stolczyn-ul-policka-2-pokojowe-d7f3a8,https://s2.adresowa.pl/oi/31/3a/40e9f4_29ed_cover@2x-2-pokojowe-mieszkanie-szczecin-stolczyn-ul-policka.webp
Szczecin Bukowo,ul. Komuny Paryskiej,3,47,550000,11702,bez pośredników,,8,https://adresowo.pl/o/mieszkanie-szczecin-bukowo-ul-komuny-paryskiej-3-pokojowe-s3s2j4,https://s2.adresowa.pl/oi/74/1a/40e7c2_c67d_cover@2x-3-pokojowe-mieszkanie-szczecin-bukowo-ul-komuny-paryskiej.webp
Szczecin Warszewo,ul. Kresowa,4,94,689000,7330,Pośrednik,,20,https://adresowo.pl/o/mieszkanie-szczecin-warszewo-ul-kresowa-4-pokojowe-x9e8t1,https://s2.adresowa.pl/oi/46/74/40cb70_6c31_cover@2x-4-pokojowe-mieszkanie-szczecin-warszewo-ul-kresowa.webp
Szczecin Niebuszewo,ul. Niemierzyńska,3,56,549000,9804,Pośrednik,,18,https://adresowo.pl/o/mieszkanie-szczecin-niebuszewo-ul-niemierzynska-3-pokojowe-v4l3y5,https://s2.adresowa.pl/oi/46/11/40bf00_980e_cover@2x-3-pokojowe-mieszkanie-szczecin-niebuszewo-ul-niemierzynska.webp
